root_id,influence,adjusted,super_class,class,betweenness,rank,hops
720575940602977248,1.8652833266936497,24.623412959355644,central,LHLN,0.0,6759,2
720575940603167916,0.8924815573683144,23.88625057044506,central,unknown,0.0,794,2
720575940603174368,1.4787077375437845,24.39116855605,central,Kenyon_Cell,0.0,2701,2
720575940603231916,1.6686900944025351,24.512038944036686,central,ALPN,3.5625642569384917e-06,355,1
720575940603233248,0.5368296030935356,23.37792545249743,central,unknown,0.0,4573,2
720575940603317216,1.863173397563746,24.622281161664976,central,Kenyon_Cell,0.0,6445,2
720575940603356128,3.059253673043575,25.11817098851823,sensory,olfactory,0.0,2519,0
720575940603430112,2.9571880805328394,25.084238844032885,sensory,olfactory,0.0,2752,0
720575940603446374,0.7154030528396673,23.665090815152194,central,ALPN,0.0,8477,2
720575940603453286,2.7351878421976608,25.00620011439218,central,ALPN,0.0,1573,1
720575940603455846,2.1116819949735666,24.74748478394537,central,ALPN,0.0,895,2
720575940603464672,2.0441549165642696,24.714984460352188,central,ALPN,5.9596799837261e-05,44,1
720575940603520172,1.4249089352730087,24.354107906607023,central,Kenyon_Cell,0.0,4287,2
720575940603556198,1.2321498684188468,24.208760504156867,central,unknown,0.0,967,2
720575940603659488,3.18477864504004,25.158382787406445,sensory,olfactory,0.0,2524,0
720575940603676448,0.0699541532117036,21.340084794372558,central,unknown,0.0,6786,2
720575940603747616,1.4860710765823453,24.396135775960825,central,Kenyon_Cell,0.0,4048,2
720575940603751857,0.3734403235545065,23.01500293653199,central,unknown,0.0,2945,2
720575940603773798,1.2625552684637584,24.23313765821019,central,Kenyon_Cell,0.0,7763,2
720575940603820716,1.9422816211489178,24.663863375394932,sensory,hygrosensory,0.0,1725,2
720575940603829950,0.059456873903619,21.17749596242635,central,unknown,0.0,4473,2
720575940603853792,0.23383115795061127,22.546844028715473,central,unknown,0.0,2853,2
720575940603870688,1.0,24.0,sensory,olfactory,0.0,6006,0
720575940603871404,3.1325996368603723,25.14186321473966,sensory,olfactory,0.0,6654,0
720575940603882720,1.8559449029302428,24.61839394800217,central,Kenyon_Cell,0.0,2089,2
720575940603885856,0.06890912893777335,21.325033385729135,central,unknown,0.0,7221,2
720575940603889086,0.04717388844160784,20.946085249548833,central,unknown,0.0,8252,2
720575940603899936,0.07636488379268959,21.42776767530389,central,unknown,0.0,1466,2
720575940603911340,2.8860053802840993,25.059873324620245,sensory,olfactory,0.0,3976,0
720575940603985952,2.4098047112016436,24.879545711522823,central,ALPN,9.68116904023062e-06,242,1
720575940604093984,2.2433537496321616,24.807971955823263,central,Kenyon_Cell,0.0,5382,2
720575940604103200,1.8383468653082218,24.608866725012017,central,Kenyon_Cell,0.0,2482,2
720575940604126129,1.8509469946674444,24.61569739712918,central,Kenyon_Cell,0.0,5009,2
720575940604131296,2.087749108447153,24.73608650401107,central,Kenyon_Cell,0.0,2956,2
720575940604168224,1.3446976489578162,24.29616919146943,central,Kenyon_Cell,0.0,7502,2
720575940604182374,1.3743693574382845,24.317994976771054,central,Kenyon_Cell,0.0,3368,2
720575940604240416,1.0620070850893975,24.060160594256438,central,unknown,0.0,2028,2
720575940604274534,1.6151909457852738,24.479453182370065,central,unknown,0.0,6120,2
720575940604276652,0.09461304114541635,21.64204004323427,ascending,AN,0.0,7834,2
720575940604284337,0.3637642128579089,22.98875061188912,central,unknown,0.0,4371,2
720575940604319078,1.5544921825197162,24.441148921568495,central,Kenyon_Cell,0.0,1480,2
720575940604341216,0.6744298431170792,23.60611237808629,central,unknown,0.0,4959,2
720575940604352172,1.5351482200668645,24.42862693668166,central,ALPN,2.0646980210286645e-05,165,1
720575940604352689,3.0134923826518705,25.10309966619656,sensory,olfactory,0.0,1275,0
720575940604389344,0.606887939884533,23.50058888199397,central,unknown,0.0,3072,2
720575940604398816,2.1425143716491033,24.761980079354863,central,LHLN,0.0,6832,2
720575940604403628,0.3766874255639065,23.023660454654088,central,ALPN,0.0,7740,2
720575940604407468,1.588674501153225,24.462900021481737,central,ALPN,2.754696525811175e-06,381,1
720575940604412588,1.31471974085759,24.27362351809228,central,ALPN,0.0,3575,2
720575940604414636,0.42180088107857566,23.136778077914258,central,ALPN,0.0,8438,2
720575940604418988,0.6743195902827304,23.605948889106255,central,ALPN,2.6487466594338224e-08,701,1
720575940604431584,2.433548201450881,24.889350357553962,central,ALPN,4.47638185444316e-06,331,1
720575940604456876,0.1639312884879512,22.19169208841406,central,unknown,0.0,8248,2
720575940604483040,1.1706076640877283,24.157522984998373,central,Kenyon_Cell,0.0,2586,2
720575940604486880,0.09452110034953741,21.64106781471546,central,unknown,0.0,1369,2
720575940604493024,2.098135015595209,24.741048862333958,central,Kenyon_Cell,0.0,6461,2
720575940604550590,1.8752464907247075,24.628740112501884,central,Kenyon_Cell,0.0,4112,2
720575940604552894,3.020882698605503,25.1055490729865,sensory,olfactory,0.0,3352,0
720575940604568521,1.8041188040986307,24.59007227540253,central,ALLN,0.0,8028,2
720575940604589856,0.014116348566876945,19.739578319560657,central,unknown,0.0,6004,2
720575940604645478,2.9257593995538107,25.07355407076648,sensory,olfactory,0.0,7323,0
720575940604662700,0.8931872344313028,23.887040948932903,central,ALLN,0.0,4091,1
720575940604663520,1.6482378099707558,24.499706723243445,central,LHLN,0.0,7812,2
720575940604675430,3.0525323083702265,25.11597151117938,sensory,olfactory,0.0,3563,0
720575940604682976,1.1484405355268703,24.138404966035488,central,unknown,0.0,8643,2
720575940604700006,3.2301941247876296,25.172542235982046,sensory,olfactory,0.0,3966,0
720575940604704870,3.0965197910576214,25.130278832803818,sensory,olfactory,0.0,2557,0
720575940604714208,1.0352364120983948,24.0346298181204,central,unknown,0.0,6313,2
720575940604714464,1.6266837868158945,24.486543455823465,central,LHLN,1.4832981292829405e-06,436,2
720575940604762028,1.5858403518259574,24.461114457254432,central,unknown,0.0,5972,2
720575940604783136,0.05513422816751588,21.102015445173702,descending,unknown,1.8541226616036761e-07,591,2
720575940604808736,0.11310994183864613,21.820605003359326,central,unknown,0.0,3718,2
720575940604810016,1.1962392853468478,24.179182706877075,central,unknown,0.0,4314,2
720575940604821950,0.1651543173195541,22.199125014320746,central,unknown,0.0,5464,2
720575940604852326,0.07390126551648879,21.39497467354107,central,unknown,0.0,2870,2
720575940604865312,0.044691395404105785,20.892025707555103,ascending,AN,0.0,8245,2
720575940604874208,1.1585668072099853,24.147183730219403,central,unknown,0.0,4893,2
720575940604876977,3.173351178734869,25.154788183670256,sensory,olfactory,0.0,987,0
720575940604880841,0.3749931115451446,23.01915237760661,central,unknown,0.0,8532,2
720575940604908972,1.410714694719191,24.344096451659357,central,Kenyon_Cell,0.0,4774,2
720575940604919473,2.170501604584929,24.77495829502696,central,ALPN,0.0,8118,1
720575940604921446,0.7721032796834991,23.741363044068073,central,unknown,0.0,5815,2
720575940604924606,2.0236805036704686,24.704917885047227,central,Kenyon_Cell,0.0,1449,2
720575940604931249,1.6777168392070416,24.51743384482261,sensory,hygrosensory,0.0,8387,2
720575940604935340,1.6024935775482667,24.471560902034465,central,Kenyon_Cell,0.0,1464,2
720575940604941234,1.2693830011845801,24.23853095657998,central,unknown,0.0,4974,2
720575940604961126,1.6692408809230876,24.512368960762387,central,Kenyon_Cell,0.0,4873,2
720575940604961894,1.774503478965261,24.573520653635185,central,Kenyon_Cell,0.0,805,2
720575940604963686,1.9534702629118166,24.669607412930688,central,Kenyon_Cell,0.0,3064,2
720575940604974978,1.120215432352432,24.113521017124725,central,ALPN,0.0,3207,2
720575940604978534,1.6640679051713951,24.509265149962648,central,Kenyon_Cell,0.0,971,2
720575940604985888,1.4236792911072491,24.353244570705577,central,Kenyon_Cell,0.0,5298,2
720575940604991264,1.9227603431151759,24.653761832274935,central,Kenyon_Cell,0.0,6534,2
720575940604994336,0.19198740411795773,22.349674487341332,central,unknown,0.0,3672,2
720575940604997152,2.126901295156175,24.75466612947897,central,Kenyon_Cell,0.0,894,2
720575940605007206,0.20929879198645723,22.43600757876877,central,unknown,0.0,6567,2
720575940605007276,0.9459253059673768,23.944408329201227,central,unknown,0.0,6068,2
720575940605028017,0.16157943521010512,22.177241601643743,central,unknown,0.0,7230,2
720575940605029036,0.8255554019656723,23.808301095349158,central,unknown,9.270613308018378e-07,474,2
720575940605029250,1.149633024319805,24.13944278216183,central,Kenyon_Cell,0.0,1676,2
720575940605032550,0.06734225274073527,21.302032587424616,central,unknown,0.0,5843,2
720575940605037996,0.3614724450625884,22.98243053581824,central,unknown,0.0,7516,2
720575940605039788,1.5150306500833404,24.4154356698348,central,unknown,0.0,5496,2
720575940605060798,2.162674679076849,24.771345733013376,central,Kenyon_Cell,0.0,7245,2
720575940605078560,1.1345634112793928,24.126247917267126,central,ALLN,0.0,5913,2
720575940605101758,0.9166812683838487,23.91300455202952,central,ALLN,0.0,4384,2
720575940605102694,1.5691008870449865,24.4505027719036,central,ALPN,7.482709312900548e-06,278,1
720575940605119776,0.017185334285897524,19.93630108332119,ascending,AN,1.5892479956602933e-07,603,2
720575940605154988,0.05577978468830576,21.113656243193724,ascending,AN,2.3931426067984583e-05,132,2
720575940605162924,0.02699445913753611,20.387876348833984,descending,unknown,0.0,8241,2
720575940605171121,1.6849331763207887,24.52172590504807,central,Kenyon_Cell,0.0,6241,2
720575940605180849,1.8062600479538578,24.591258435744162,central,Kenyon_Cell,0.0,3613,2
720575940605236866,2.0388982479458155,24.712409587426976,central,Kenyon_Cell,0.0,1540,2
720575940605250238,1.0,24.0,sensory,olfactory,0.0,2404,0
720575940605252041,1.7297372095542407,24.547969494979643,central,Kenyon_Cell,0.0,1378,2
720575940605264305,1.8996073221250749,24.64164719224693,sensory,hygrosensory,0.0,1671,2
720575940605290441,1.8126026528966463,24.59476374222384,central,Kenyon_Cell,0.0,2938,2
720575940605305777,1.025166559973155,24.02485509692386,central,ALLN,0.0,2884,2
720575940605309361,2.296506509957457,24.8313890595097,central,ALPN,4.173100361937987e-05,68,1
720575940605309542,3.0046118525005747,25.10014839242326,sensory,olfactory,0.0,733,0
720575940605312945,1.659880520944623,24.50674562444354,central,Kenyon_Cell,0.0,6619,2
720575940605328230,3.104813965699761,25.13295379916208,sensory,olfactory,0.0,2136,0
720575940605343921,2.9915683526189554,25.09579778253191,sensory,olfactory,0.0,2298,0
720575940605376800,1.6883230840388335,24.523735778355967,central,unknown,0.0,1881,2
720575940605381065,0.6590504935360448,23.58304487403585,central,unknown,0.0,746,2
720575940605391136,1.6859910932016868,24.522353576767184,central,unknown,0.0,6340,2
720575940605396926,1.3198260229039063,24.27749992708141,central,unknown,0.0,5955,2
720575940605400096,1.336822841719085,24.290295785016536,central,ALPN,1.986559994575367e-07,587,2
720575940605407846,1.3281336181459449,24.283774662066538,central,Kenyon_Cell,0.0,2057,2
720575940605410592,1.6069712157854386,24.47435117482485,central,unknown,0.0,5063,2
720575940605411104,0.6151454702471829,23.51410349784121,central,unknown,0.0,1858,2
720575940605412738,2.1866726819789313,24.782381065189103,central,Kenyon_Cell,0.0,8214,2
720575940605421442,2.795830130825952,25.02812906817185,central,ALPN,0.0,5709,1
720575940605423806,0.6451363557565792,23.561706419744667,central,unknown,7.946239978301468e-08,664,2
720575940605427134,2.054196000106002,24.71988453056921,central,unknown,0.0,2523,2
720575940605431840,2.214834784110081,24.795177811148605,central,Kenyon_Cell,0.0,3537,2
720575940605436262,1.5923857975774713,24.465233393225496,central,Kenyon_Cell,0.0,5704,2
720575940605441312,0.9679472169588149,23.96742227887263,central,Kenyon_Cell,0.0,4704,2
720575940605449929,1.2861588171404694,24.25166011518911,central,Kenyon_Cell,0.0,6983,2
720575940605452064,1.4928928475213055,24.400715746069416,central,Kenyon_Cell,0.0,1376,2
720575940605494560,0.02597491402276404,20.349375947998215,central,unknown,3.6817578566130135e-05,82,2
720575940605513417,2.9582456542114635,25.08459640824113,sensory,olfactory,0.0,1667,0
720575940605520062,1.6459910934895579,24.49834269123754,central,unknown,0.0,6915,2
720575940605528422,1.8918155094635534,24.637536955020835,central,Kenyon_Cell,0.0,2222,2
720575940605551038,1.862527139854286,24.621934242899254,central,Kenyon_Cell,0.0,3766,2
720575940605557438,1.1203070671665971,24.1136028148431,central,Kenyon_Cell,0.0,4455,2
720575940605559986,1.528698625526775,24.42441680191198,central,Kenyon_Cell,0.0,4652,2
720575940605565886,1.561817387627402,24.445850135253618,central,Kenyon_Cell,0.0,1323,2
720575940605604030,0.18914497334780203,22.334758496791636,central,unknown,0.0,5855,2
720575940605608806,1.0,24.0,sensory,olfactory,0.0,7764,0
720575940605619744,1.857183393041388,24.619061035190303,central,Kenyon_Cell,0.0,1947,2
720575940605620670,1.8368204833095043,24.608036078708494,central,Kenyon_Cell,0.0,2798,2
720575940605621024,2.0430657041140377,24.714451475922377,central,Kenyon_Cell,0.0,5280,2
720575940605625958,1.0367363137823538,24.03607761897919,central,unknown,0.0,4851,2
720575940605641830,1.7432981562850187,24.555778811165958,central,unknown,0.0,7928,2
720575940605661361,2.989259004202366,25.0950255320075,sensory,olfactory,0.0,2113,0
720575940605664446,1.8080332019029506,24.592239625685746,central,Kenyon_Cell,0.0,2686,2
720575940605664702,2.1908031593251907,24.784268216013842,central,Kenyon_Cell,0.0,7576,2
720575940605675808,0.3840581604910512,23.043038721748854,central,unknown,0.0,8685,2
720575940605686886,1.0,24.0,sensory,olfactory,0.0,2810,0
720575940605688608,1.6906186130408054,24.525094505176916,central,unknown,0.0,5909,2
720575940605694752,0.06060714932190897,21.196657582743615,ascending,AN,0.0,1977,2
720575940605702065,1.7877187058973496,24.58094034105108,central,unknown,0.0,7714,2
720575940605702590,1.726258002669545,24.545956061600016,central,unknown,0.0,5963,2
720575940605705406,1.5918511450071047,24.464897581170657,central,unknown,0.0,5394,2
720575940605733042,0.41876392424839465,23.12955205554077,central,unknown,0.0,7846,2
720575940605742002,3.056148432285096,25.11715544089867,sensory,olfactory,0.0,1892,0
720575940605758142,1.9520082058276362,24.668858691787207,central,ALLN,1.6157354622546316e-06,422,1
720575940605780140,0.02685349774613357,20.382640803362975,central,unknown,1.791877115106981e-05,178,2
720575940605792434,0.7872025695936025,23.760730330970095,central,Kenyon_Cell,0.0,884,2
720575940605834626,3.065307088221144,25.120147756284844,sensory,olfactory,0.0,1300,0
720575940605842656,1.5391452122043545,24.43122720531421,central,unknown,1.5349486891419e-05,197,2
720575940605877728,1.4166790953691528,24.348315467431487,central,unknown,0.0,6357,2
720575940605882336,1.8867976116402125,24.634881006601546,central,LHLN,0.0,7795,2
720575940605883569,1.9118644594666507,24.64807892271615,central,ALLN,0.0,6291,1
720575940605890505,0.9118072391696117,23.907673328192768,central,unknown,0.0,2758,2
720575940605915872,3.026926968808081,25.10754790315721,sensory,olfactory,0.0,8122,0
720575940605927904,0.6363315621683415,23.547964472679812,central,unknown,0.0,5589,2
720575940605929394,3.048249088720802,25.114567356506598,sensory,olfactory,0.0,3606,0
720575940605934001,1.5415069348949118,24.432760467130517,central,Kenyon_Cell,0.0,5078,2
720575940605947569,1.8570359910477723,24.618981663468578,central,LHLN,0.0,5145,2
720575940605992369,1.5869120078096524,24.46178999439252,central,unknown,0.0,4758,2
720575940605993649,0.8130339592666292,23.793017600008977,central,unknown,0.0,1236,2
720575940605995209,1.6477488329317886,24.499410012670538,central,Kenyon_Cell,0.0,4772,2
720575940606001074,3.133952064268641,25.142294848433522,sensory,olfactory,0.0,1302,0
720575940606009801,1.7815418068809583,24.577479173024415,central,Kenyon_Cell,0.0,791,2
720575940606010057,0.0951883368474483,21.648102143203324,central,unknown,0.0,8102,2
720575940606010242,0.054151007277346175,21.084021295904897,central,unknown,0.0,8641,2
720575940606045314,1.5968680830073412,24.468044262820023,central,ALLN,0.0,3093,2
720575940606046892,0.11351085334271849,21.82414317753254,central,unknown,0.0,7064,2
720575940606056905,1.9912909639075904,24.688783153986623,central,ALLN,0.0,5734,2
720575940606108862,3.0725492720904946,25.122507598811325,sensory,olfactory,0.0,3914,0
720575940606123698,1.4199312622145932,24.350608463550387,central,Kenyon_Cell,0.0,4861,2
720575940606126514,3.0017098537355555,25.099182077552772,sensory,olfactory,0.0,3117,0
720575940606139308,0.5276080781814978,23.36059845292936,central,unknown,0.0,8520,2
720575940606149321,0.024432670017917615,20.288165892903216,central,unknown,0.0,4787,2
720575940606162306,0.7654896986574384,23.73276047901322,central,unknown,0.0,8368,2
720575940606165606,1.0,24.0,sensory,olfactory,0.0,7959,0
720575940606179686,0.05339024486431074,21.06987276985229,descending,unknown,0.0,7748,2
720575940606201278,1.9508203453199964,24.668249974018156,central,Kenyon_Cell,0.0,2007,2
720575940606218528,0.023294108323854455,20.240445187977475,central,unknown,1.3243733297169112e-08,711,2
720575940606227890,1.0,24.0,sensory,olfactory,0.0,3280,0
720575940606246334,1.3939367884435523,24.332131965860807,central,unknown,0.0,5523,2
720575940606267659,2.109275364220913,24.746344459223447,central,ALLN,0.0,7942,1
720575940606319794,0.16513931436820678,22.199034168177082,central,unknown,0.0,1117,2
720575940606335106,2.0516314574653154,24.71863530955313,central,Kenyon_Cell,0.0,5200,2
720575940606337312,1.6158995722638074,24.479891812291413,central,ALPN,1.072742397070698e-06,462,1
720575940606357122,3.326032111420674,25.2017800353906,sensory,olfactory,0.0,3969,0
720575940606385440,1.4393961929909325,24.36422371522975,central,ALLN,0.0,1064,2
720575940606433713,1.3218047090867917,24.27899800667973,central,Kenyon_Cell,0.0,6982,2
720575940606483890,1.0,24.0,sensory,olfactory,0.0,3161,0
720575940606496011,1.4279434941599445,24.35623529321848,central,Kenyon_Cell,0.0,1979,2
720575940606498313,2.1354226355936876,24.758664582871514,central,ALPN,0.0,3634,2
720575940606514878,0.28729116139846417,22.752740922166716,central,unknown,0.0,7057,2
720575940606548914,0.9287482264724095,23.926082407462445,central,unknown,0.0,6081,2
720575940606563249,1.1657792356870362,24.15338973525696,central,LHLN,0.0,8664,2
720575940606590338,2.3771459691999426,24.86590059549552,central,ALPN,8.860057575806136e-06,257,1
720575940606603186,0.25660250316228694,22.639772928265952,ascending,AN,0.0,3029,2
720575940606611977,0.8996870993898753,23.89429175654729,central,unknown,0.0,7688,2
720575940606621362,1.8640666545629605,24.622760474509775,central,Kenyon_Cell,0.0,4203,2
720575940606624725,0.10909358656623656,21.784450827218233,central,unknown,0.0,7910,2
720575940606641538,1.609651793105039,24.476017878030493,central,LHLN,0.0,5891,2
720575940606649865,2.3158764455378553,24.83978821007432,central,ALPN,5.66831785118838e-06,301,1
720575940606659970,0.8754990075094905,23.867038739116047,central,unknown,0.0,8464,2
720575940606662322,1.3764833744297604,24.319531967379934,central,Kenyon_Cell,0.0,1009,2
720575940606663625,1.8027032033446722,24.58928731799475,central,Kenyon_Cell,0.0,4627,2
720575940606664894,0.18489493242819863,22.31203245194071,central,unknown,0.0,6597,2
720575940606680450,0.33362095261461744,22.902250197127913,central,unknown,0.0,4158,2
720575940606680706,1.1267836049991353,24.11936720686021,central,Kenyon_Cell,0.0,4252,2
720575940606682302,1.1981005701491738,24.18073744454139,central,unknown,0.0,2934,2
720575940606698882,3.0894717574791506,25.12800012402353,sensory,olfactory,0.0,7354,0
720575940606705073,1.5488820413319044,24.437533407038547,central,ALLN,0.0,8164,1
720575940606715337,1.971720435479144,24.67890647913215,central,Kenyon_Cell,0.0,5272,2
720575940606722249,1.9133302310852711,24.648845300278047,central,ALLN,2.476578126570624e-06,387,2
720575940606725833,0.8742791469354554,23.865644435765574,central,unknown,0.0,5813,2
720575940606729858,1.766695477233274,24.569110839624887,central,Kenyon_Cell,0.0,4588,2
720575940606730076,2.095500445882645,24.739792401163996,central,Kenyon_Cell,0.0,5213,2
720575940606731977,0.2162252484585938,22.468565402284092,central,unknown,0.0,7644,2
720575940606746214,1.4698184676604995,24.38513890177754,central,unknown,0.0,6919,2
720575940606751922,1.8902393335430316,24.63670345255871,central,ALLN,0.0,4770,1
720575940606756785,1.6601659027169058,24.50691753877037,central,ALLN,0.0,6816,2
720575940606757041,2.099188363958278,24.74155077666837,central,ALPN,0.0,7199,1
720575940606761161,1.7489806728356252,24.55903314556696,central,LHLN,0.0,5148,2
720575940606762686,2.7446451993604963,25.009651813186967,central,ALPN,3.998283082415355e-05,75,1
720575940606767806,2.370150523835941,24.86295346529729,central,ALPN,0.0,5369,2
720575940606769609,1.9900901955852808,24.688179962123996,central,LHLN,2.3176533270045948e-06,394,2
720575940606769854,1.1226362744934266,24.115679735932314,central,unknown,0.0,8674,2
720575940606773705,2.1260234588152023,24.754253314108738,central,Kenyon_Cell,0.0,3754,2
720575940606775654,2.017441883263829,24.701830314434208,central,Kenyon_Cell,0.0,7601,2
720575940606776962,0.5295566881445031,23.364284940091828,central,unknown,0.0,7918,2
720575940606796722,2.0597088703116064,24.722564647722706,central,Kenyon_Cell,0.0,4409,2
720575940606806473,0.2975786186610931,22.787923175498896,central,unknown,1.3243733297169113e-07,617,2
720575940606833794,1.0573930918428927,24.055806531643807,central,unknown,0.0,5516,2
720575940606836169,0.9940488877273229,23.99403110928927,central,unknown,0.0,4706,2
720575940606850434,1.71409192655228,24.53888345149836,central,Kenyon_Cell,0.0,2714,2
720575940606853250,2.0062770143843363,24.696280772919224,central,Kenyon_Cell,0.0,5776,2
720575940606865330,0.2163627580704442,22.469201155538492,central,unknown,0.0,1471,2
720575940606869513,2.9866060706427455,25.094137649265612,sensory,olfactory,0.0,1001,0
720575940606893186,1.7572970873384013,24.563776882753228,central,Kenyon_Cell,0.0,4080,2
720575940606915849,3.2478679255278022,25.177998758149936,sensory,olfactory,0.0,959,0
720575940606922674,1.0,24.0,sensory,olfactory,0.0,1119,0
720575940606929282,0.5229627332142974,23.351754926739567,central,unknown,0.0,2901,2
720575940606947970,1.0291692051194292,24.02875187979575,central,Kenyon_Cell,0.0,6528,2
720575940606949042,1.0,24.0,sensory,olfactory,0.0,3272,0
720575940606954507,2.033198136869414,24.70960999023637,central,Kenyon_Cell,0.0,7285,2
720575940606963586,2.059063953816545,24.722251488183264,central,Kenyon_Cell,0.0,972,2
720575940606967730,1.850134190616849,24.61525817192823,central,Kenyon_Cell,0.0,1686,2
720575940606974219,3.0711402793280307,25.122048919128577,sensory,olfactory,0.0,2330,0
720575940606987906,0.6311044214250257,23.53971605548595,central,unknown,0.0,8535,2
720575940606999682,1.8322074534289845,24.60552149861219,central,unknown,0.0,7521,2
720575940607001986,2.1440471571750024,24.762695237917697,central,ALPN,0.0,4189,2
720575940607011458,1.6849622694429454,24.52174317153163,central,unknown,0.0,6869,2
720575940607012482,1.9436581447789163,24.664571839123393,central,LHLN,0.0,1172,2
720575940607040881,0.7680863725515187,23.736146912101695,central,unknown,0.0,4696,2
720575940607041154,0.7664040380510293,23.73395421651636,central,unknown,0.0,1116,2
720575940607043202,1.7864969086197684,24.58025666806828,central,unknown,0.0,4949,2
720575940607059634,3.1325996368603723,25.14186321473966,sensory,olfactory,0.0,2917,0
720575940607085323,3.0405084384439895,25.11202475092165,sensory,olfactory,0.0,1771,0
720575940607090306,1.0,24.0,sensory,olfactory,0.0,4587,0
720575940607128412,0.32693433756802764,22.882004069207326,central,unknown,0.0,6123,2
720575940607146162,2.043865720145306,24.714842975538318,central,Kenyon_Cell,0.0,3810,2
720575940607154955,1.6232557732097888,24.484433868974776,central,Kenyon_Cell,0.0,4552,2
720575940607155890,0.353540771035364,22.96024353502316,central,MBON,3.100357964867289e-05,101,2
720575940607177739,1.5597546903753536,24.444528559137016,central,Kenyon_Cell,0.0,3234,2
720575940607185074,2.044445891071623,24.71512679486785,central,Kenyon_Cell,0.0,7264,2
720575940607195826,2.0465556732020898,24.716158220685884,central,ALPN,0.0,6649,1
720575940607197874,1.2277633909084176,24.20519413274674,central,unknown,0.0,8033,2
720575940607198898,2.497184195924412,24.915163775467025,central,ALPN,0.0,4206,1
720575940607206066,1.1511895456920198,24.140795795323257,central,unknown,0.0,1820,2
720575940607208882,1.8515045865551962,24.615998598578937,central,LHLN,0.0,8371,2
720575940607221771,3.0124989073206168,25.10276993610156,sensory,olfactory,0.0,3961,0
720575940607227826,0.22945144784707175,22.52793617191538,central,unknown,0.0,8025,2
720575940607229397,1.9192549763792843,24.651937077599563,central,unknown,0.0,5069,2
720575940607233458,0.5311645880829378,23.36731665295745,central,unknown,0.0,4838,2
720575940607239947,3.0397342392562847,25.11177009029939,sensory,olfactory,0.0,2887,0
720575940607280306,1.8796832338031355,24.63110326998747,central,Kenyon_Cell,0.0,8680,2
720575940607280818,1.8366054554343152,24.607919006591608,central,Kenyon_Cell,0.0,7167,2
720575940607330499,1.440870593327376,24.365247509603403,central,Kenyon_Cell,0.0,2689,2
720575940607369737,0.5562716904489786,23.413501547803644,central,unknown,0.0,1436,2
720575940607375881,2.9383407055474535,25.077845036156724,sensory,olfactory,0.0,2751,0
720575940607393033,0.8950720788157694,23.889148971039635,central,unknown,0.0,4085,2
720575940607425604,0.824899550945279,23.80750634350966,central,unknown,0.0,6737,2
720575940607439964,2.4121121350159296,24.88050276825524,central,ALPN,1.0542011704546612e-05,235,1
720575940607451081,0.03935762449292067,20.76493443805031,descending,unknown,2.1084023409093227e-05,162,2
720575940607459849,3.0486327291445114,25.114693204582935,sensory,olfactory,0.0,1770,0
720575940607471829,0.675449913808713,23.60762372882782,central,unknown,0.0,4683,2
720575940607484099,1.7418657151399306,24.55495678885734,central,unknown,0.0,8481,2
720575940607580171,1.0,24.0,sensory,olfactory,0.0,3863,0
720575940607626453,2.7546824027977954,25.013302155668413,sensory,olfactory,0.0,1183,0
720575940607637340,2.989957968787539,25.095259330042097,sensory,olfactory,0.0,2513,0
720575940607641557,3.0001259958106097,25.09865428638973,sensory,olfactory,0.0,6806,0
720575940607667723,0.03353517591563469,20.604839636288165,central,unknown,0.0,5850,2
720575940607672003,0.2201694179112464,22.486642052424425,central,unknown,0.0,3152,2
720575940607685700,1.0444504169382212,24.043490830268496,central,ALLN,0.0,2811,2
720575940607687260,2.3451360227053946,24.852343405634073,central,ALPN,2.4103594600847784e-06,389,1
720575940607690507,0.056074328078155426,21.118922818796044,central,unknown,0.0,8210,2
720575940607697282,1.0,24.0,sensory,olfactory,0.0,3318,0
720575940607698627,1.3977778427477123,24.33488372041695,central,Kenyon_Cell,0.0,3535,2
720575940607749077,0.05763584523219686,21.14638940822221,central,unknown,0.0,5484,2
720575940607765257,0.0331124706626537,20.592154689625584,central,unknown,0.0,2805,2
720575940607793675,1.6740720761951322,24.515259027409883,central,Kenyon_Cell,0.0,3807,2
720575940607811420,3.0518464511703955,25.115746801268763,sensory,olfactory,0.0,3971,0
720575940607814492,1.7118685349770584,24.537585484453885,central,LHLN,0.0,8449,2
720575940607818965,3.0027528631584426,25.0995294889641,sensory,olfactory,0.0,3893,0
720575940607865180,2.990523708764163,25.095448525497854,sensory,olfactory,0.0,2539,0
720575940607869788,3.032975610977084,25.10954418745324,sensory,olfactory,0.0,7766,0
720575940607872604,0.028484175050534143,20.441593392693008,central,unknown,0.0,2190,2
720575940607878601,0.2781038645375451,22.72023937837678,central,unknown,0.0,5629,2
720575940607894985,0.9971359758777211,23.997131866712927,central,unknown,0.0,6062,2
720575940607896265,1.2686905256527476,24.23798528637642,central,LHLN,0.0,6205,2
720575940607900867,2.306720160704841,24.835826671749572,central,Kenyon_Cell,0.0,4294,2
720575940607927817,3.115415384282737,25.136362493038618,sensory,olfactory,0.0,730,0
720575940607930716,1.8414020144513938,24.610527245849177,central,Kenyon_Cell,0.0,902,2
720575940607932885,3.0797953344764406,25.124863144932284,sensory,olfactory,0.0,2373,0
720575940607958229,1.0,24.0,sensory,olfactory,0.0,3151,0
720575940607960843,3.053062919518274,25.116145322619406,sensory,olfactory,0.0,2135,0
720575940607983369,0.43804351876176517,23.17456298436221,central,Kenyon_Cell,0.0,3063,2
720575940607990229,1.9963445027030096,24.691317759540794,central,ALPN,8.091921044570327e-06,266,1
720575940608015627,0.8192337795454536,23.800614209249673,central,Kenyon_Cell,0.0,2696,2
720575940608044501,1.0,24.0,sensory,olfactory,0.0,2981,0
720575940608053852,2.983333352658068,25.09304125009622,sensory,olfactory,0.0,2367,0
720575940608059484,1.7246767115801178,24.54503961934246,central,unknown,0.0,8488,2
720575940608074370,0.4451890789017414,23.190743809349595,central,unknown,0.0,5862,2
720575940608116316,1.6348921142950559,24.49157681703146,central,unknown,0.0,5756,2
720575940608124338,2.0418030259258555,24.71383325374103,central,ALPN,2.6712610060390095e-05,119,2
720575940608130606,1.771092512874041,24.57159659508404,central,ALPN,0.0,8054,2
720575940608148693,1.4701254832640034,24.38534775991208,central,Kenyon_Cell,0.0,1329,2
720575940608152021,2.085192579557449,24.734861215281583,central,Kenyon_Cell,0.0,4077,2
720575940608158300,2.108999069140328,24.746213460121638,central,Kenyon_Cell,0.0,2902,2
720575940608176258,0.130179580498851,21.961159606686877,central,unknown,3.853926389476212e-06,345,2
720575940608176452,2.2088296653097585,24.792462812053287,central,unknown,0.0,5690,2
720575940608177929,0.8834845949138264,23.876118576195292,central,unknown,0.0,3765,2
720575940608177988,1.5391247437797695,24.431213906659526,central,Kenyon_Cell,0.0,1096,2
720575940608184156,1.3178303724214415,24.27598672705521,central,Kenyon_Cell,0.0,3188,2
720575940608188427,0.013021983979618788,19.65888372557673,descending,unknown,7.01917864749963e-07,494,2
720575940608192009,0.198408331938638,22.3825719106453,central,unknown,0.0,3624,2
720575940608193884,0.46034351691128933,23.224217707696734,central,ALIN,0.0,7124,2
720575940608199748,2.435103718779526,24.889989350608737,central,ALPN,1.4554862893588854e-05,203,1
720575940608200713,1.7853795796432195,24.579631042284934,central,LHLN,0.0,7549,2
720575940608211268,1.6587632659256724,24.506072304176037,central,Kenyon_Cell,0.0,2711,2
720575940608214281,1.5328511956175006,24.4271295277403,central,unknown,0.0,8676,2
720575940608215817,0.08867733094909262,21.57724900776108,central,unknown,0.0,6742,2
720575940608227541,3.0340834073245855,25.109909371426713,sensory,olfactory,0.0,2460,0
720575940608235529,1.1492618777741919,24.139119890890463,central,unknown,0.0,5943,2
720575940608241365,1.7213401716163068,24.543103156974723,central,ALLN,0.0,4886,1
720575940608252082,0.8949724741037565,23.889037683628434,central,LHCENT,3.132142924780495e-05,100,2
720575940608273163,3.0311926134832006,25.108956143890044,sensory,olfactory,0.0,2521,0
720575940608277852,1.3951649281489815,24.333012636348727,central,Kenyon_Cell,0.0,3383,2
720575940608281180,1.456598947206714,24.37610423002695,central,Kenyon_Cell,0.0,4970,2
720575940608281412,0.07354475758918064,21.390138888695365,central,unknown,0.0,5317,2
720575940608283147,2.9222278825056645,25.072346298824748,sensory,olfactory,0.0,3513,0
720575940608285570,1.7452512257355723,24.55689851419477,central,unknown,0.0,6621,2
720575940608291849,1.140938929128698,24.13185154545861,central,unknown,0.0,4375,2
720575940608293129,1.2379567783287566,24.213462261155982,central,ALPN,4.980968093065303e-05,58,2
720575940608295032,0.9843640682277984,23.984240537677803,central,ALPN,0.0,5865,2
720575940608313301,1.4227688198933668,24.352604846242368,central,Kenyon_Cell,0.0,4578,2
720575940608313611,3.04529314871915,25.11359716868535,sensory,olfactory,0.0,1794,0
720575940608324994,3.128821771137227,25.140656502737574,sensory,olfactory,0.0,3469,0
720575940608336907,0.491487532136167,23.289681293317248,central,unknown,0.0,7855,2
720575940608341806,2.4167893413072106,24.882439940830356,central,ALPN,0.0,7944,1
720575940608344331,1.8200122320797232,24.598843221989043,central,Kenyon_Cell,0.0,4222,2
720575940608344412,2.0769117548680325,24.7308820571681,central,LHLN,0.0,6481,2
720575940608345778,1.837536038701277,24.608425564811178,central,ALLN,3.310933324292278e-07,554,1
720575940608360203,0.7582187404262007,23.72321664079042,central,unknown,0.0,1552,2
720575940608362418,1.7403941118675252,24.554111588652233,central,ALLN,0.0,5372,2
720575940608364124,1.9412857913937105,24.66335053260311,central,LHLN,0.0,4698,2
720575940608364636,1.436995517747543,24.362554487918427,central,unknown,0.0,869,2
720575940608376132,3.201332763011807,25.163567211539632,sensory,olfactory,0.0,6425,0
720575940608379915,0.33489763095086644,22.906069626892933,central,unknown,0.0,1720,2
720575940608383243,1.9751717991904278,24.680655381501804,central,Kenyon_Cell,0.0,1917,2
720575940608386315,1.7938640820129697,24.5843719982319,central,Kenyon_Cell,0.0,5113,2
720575940608392796,1.8356195161111664,24.60738203548854,central,LHLN,0.0,5746,2
720575940608407049,2.1998574414908485,24.788392558942363,central,Kenyon_Cell,0.0,1113,2
720575940608407305,1.4446644278602463,24.367877064740366,central,Kenyon_Cell,0.0,4594,2
720575940608432760,0.059699012141070124,21.181560194228766,central,unknown,0.0,3851,2
720575940608437769,2.1520230877821307,24.766408370765284,central,Kenyon_Cell,0.0,7250,2
720575940608456715,2.113821718162908,24.748497550004757,central,Kenyon_Cell,0.0,2623,2
720575940608461251,2.3244265428968456,24.843473360400235,central,unknown,0.0,6277,2
720575940608462684,1.1158108136523348,24.109581327771767,central,unknown,0.0,5542,2
720575940608471563,1.9223382492544716,24.653542283229697,central,Kenyon_Cell,0.0,2083,2
720575940608496835,2.1176569289490015,24.750310255281615,central,Kenyon_Cell,0.0,7528,2
720575940608501316,0.7018863507187779,23.646016218374502,central,unknown,0.0,5001,2
720575940608505795,1.1484112862163047,24.13837949699104,central,Kenyon_Cell,0.0,8180,2
720575940608508228,3.0567909492257668,25.117365656280484,sensory,olfactory,0.0,2167,0
720575940608512046,1.4035574350118227,24.33901003868418,central,unknown,0.0,5553,2
720575940608524483,1.7773868833300737,24.57514424259999,central,Kenyon_Cell,0.0,6203,2
720575940608530955,2.0578272293646087,24.721650683141736,central,Kenyon_Cell,0.0,7037,2
720575940608535747,1.5331491983865517,24.427323919607026,central,Kenyon_Cell,0.0,4233,2
720575940608535819,2.160580969101742,24.77037715270762,central,Kenyon_Cell,0.0,7618,2
720575940608537027,1.3919817948603814,24.330728483421808,central,Kenyon_Cell,0.0,5359,2
720575940608544011,2.0266619763385085,24.706390093000632,central,Kenyon_Cell,0.0,3762,2
720575940608545219,0.032883741946631184,20.585223090893162,central,unknown,3.297689590995109e-06,363,2
720575940608564233,1.8526809605604988,24.616633757930373,central,Kenyon_Cell,0.0,1059,2
720575940608571145,1.6406493544987353,24.495092111334518,central,Kenyon_Cell,0.0,4528,2
720575940608573193,0.691078433178075,23.630498045114134,central,unknown,0.0,8046,2
720575940608583689,1.4405458838727048,24.365022127775667,central,unknown,0.0,4263,2
720575940608588555,1.192019692024305,24.17564908866132,central,unknown,0.0,2919,2
720575940608589323,1.5699140067413455,24.45102084508392,central,unknown,0.0,8447,2
720575940608601865,0.9043822241996129,23.89949680642933,central,unknown,0.0,5334,2
720575940608603657,1.779621398744116,24.57640064434594,central,unknown,0.0,8024,2
720575940608605705,0.5404294832670135,23.384608883844773,central,LHCENT,0.0,1132,2
720575940608606475,0.8928152551550851,23.886624399366184,central,unknown,0.0,784,2
720575940608619787,1.7380567207178883,24.552767661936613,central,unknown,0.0,4964,2
720575940608623371,0.553039772797635,23.40767464183032,central,unknown,0.0,8133,2
720575940608626697,1.4540995092905107,24.374386815071123,central,LHLN,0.0,5447,2
720575940608628419,2.4553963276722546,24.898288185150655,central,ALPN,6.621866648584556e-08,668,1
720575940608633045,1.3987109900630943,24.335551091113423,central,Kenyon_Cell,0.0,2846,2
720575940608635913,0.36472427887556963,22.991386388800844,central,unknown,0.0,4887,2
720575940608644654,1.963885651454599,24.674924985963667,central,Kenyon_Cell,0.0,2059,2
720575940608657621,1.2560414165845628,24.22796504249005,central,Kenyon_Cell,0.0,7243,2
720575940608663253,0.1520213070263147,22.11626540984485,central,unknown,0.0,4262,2
720575940608663765,2.1115360917389223,24.74741568818394,central,Kenyon_Cell,0.0,1403,2
720575940608667460,2.972503436422141,25.089404505653498,sensory,olfactory,0.0,1281,0
720575940608682453,1.7763695332713185,24.57457169346196,central,Kenyon_Cell,0.0,4415,2
720575940608708875,1.8836086736792483,24.633189444218054,central,Kenyon_Cell,0.0,2778,2
720575940608716809,0.052243023249219686,21.048151076616627,descending,unknown,4.383675721362976e-06,335,2
720575940608765141,0.03645451226655837,20.688309965131985,central,unknown,0.0,6804,2
720575940608767957,2.0144966130945483,24.700369344384285,central,Kenyon_Cell,0.0,4115,2
720575940608768213,1.4253340685764526,24.354406220333974,central,Kenyon_Cell,0.0,8059,2
720575940608801749,1.8491714652541802,24.61473768215314,central,Kenyon_Cell,0.0,8044,2
720575940608810709,1.599035951122448,24.469400917102785,central,Kenyon_Cell,0.0,1232,2
720575940608819780,0.3802416120043097,23.033051592753694,central,unknown,0.0,5348,2
720575940608824530,0.07544197496828677,21.415608538325507,central,unknown,0.0,1613,2
720575940608845525,2.5093706065617876,24.920031967341707,central,ALPN,2.357384526896102e-06,392,1
720575940608845781,1.8311731927423915,24.604956850373874,central,LHLN,0.0,6922,2
720575940608884693,1.1978835573287472,24.180556297413965,central,unknown,0.0,3861,2
720575940608886741,1.5196917002684063,24.418507485514862,central,unknown,0.0,6375,2
720575940608889902,0.15635431311861908,22.144369390845146,central,unknown,0.0,1086,2
720575940608898005,1.6879961787635107,24.52354213240551,central,ALPN,1.3442389296626647e-05,213,1
720575940608901333,1.4134044207427274,24.346001277006195,central,unknown,0.0,8667,2
720575940608904312,0.1018841162121755,21.716080772866704,central,unknown,0.0,928,2
720575940608928324,3.060435941716618,25.118557370430445,sensory,olfactory,0.0,3051,0
720575940608932803,0.30341946319773233,22.807360936163917,central,unknown,0.0,5947,2
720575940608956373,1.3807540703186305,24.322629777698946,central,unknown,0.0,5295,2
720575940608969173,2.0694270257211063,24.727271769792768,central,unknown,0.0,8338,2
720575940608969667,1.7890413233397875,24.58167990282873,central,unknown,0.0,4561,2
720575940608970197,1.3007461021703044,24.26293802458206,central,ALPN,6.979447447608122e-06,287,1
720575940608970453,1.253056844691276,24.225586041757413,central,unknown,0.0,4763,2
720575940608971221,1.3308198186339244,24.285795157322053,central,unknown,0.0,5388,2
720575940608971989,0.874656227928599,23.866075647809662,central,LHLN,0.0,1229,2
720575940608974549,1.2402662558486026,24.215326079025928,central,unknown,0.0,8660,2
720575940608977621,1.7695273867529862,24.570712497797476,central,LHLN,0.0,7968,2
720575940608978115,0.5010480391734924,23.30894670407974,central,unknown,0.0,5997,2
720575940608978901,1.2863469207583826,24.251806356743,central,unknown,0.0,2720,2
720575940608979395,0.2741203747446615,22.705812054817077,central,unknown,0.0,3061,2
720575940608987349,0.8527890421242549,23.840756925055445,central,unknown,0.0,6735,2
720575940608987605,1.8922313437809164,24.637756737880384,central,unknown,0.0,7590,2
720575940608989909,1.7774879887604167,24.57520112529432,central,LHLN,0.0,5755,2
720575940608990677,1.6065960446587506,24.474117682821735,central,unknown,0.0,5267,2
720575940608997571,2.1608255629901985,24.77049035376237,central,Kenyon_Cell,0.0,5721,2
720575940609010524,0.02721183087086465,20.395896558240462,central,unknown,0.0,7840,2
720575940609027523,0.5363558584297257,23.377042576775445,central,unknown,0.0,5617,2
720575940609040835,1.0,24.0,sensory,olfactory,0.0,3319,0
720575940609060420,0.2611430683456011,22.65731313273956,central,unknown,1.3243733297169113e-07,614,2
720575940609065774,3.0092093418587993,25.101677367131785,sensory,olfactory,0.0,8087,0
720575940609066030,1.0582427831361945,24.056609780774753,central,Kenyon_Cell,0.0,2615,2
720575940609097058,0.9592784295460992,23.958426086970384,central,Kenyon_Cell,0.0,2602,2
720575940609112587,1.9562233371378275,24.671015745635337,central,ALLN,0.0,3174,2
720575940609114436,3.0124989073206168,25.10276993610156,sensory,olfactory,0.0,4736,0
720575940609137500,0.009836616737814954,19.378356545501983,visual_centrifugal,unknown,0.0,1476,2
720575940609143672,1.226975396422344,24.204552113712204,central,Kenyon_Cell,0.0,4753,2
720575940609149394,1.929645466800323,24.657336290084242,central,Kenyon_Cell,0.0,1072,2
720575940609163986,1.444469583714469,24.367742184083884,central,Kenyon_Cell,0.0,3714,2
720575940609168732,0.007402804501369257,19.094103636102197,central,unknown,0.0,2983,2
720575940609171576,1.5213063185312548,24.419569385854548,central,Kenyon_Cell,0.0,4407,2
720575940609203268,1.9876398608305514,24.68694793529969,central,Kenyon_Cell,0.0,2662,2
720575940609218258,1.6467000493262756,24.498773315196438,central,ALPN,0.0,3657,2
720575940609220291,0.9317295283705476,23.929287287974656,central,Kenyon_Cell,0.0,4235,2
720575940609226702,1.9924212695122634,24.68935061748237,central,Kenyon_Cell,0.0,1123,2
720575940609228809,3.0727966947463887,25.122588122400188,sensory,olfactory,0.0,2525,0
720575940609237187,0.7330308025341161,23.689432444578365,central,mAL,0.0,7149,2
720575940609237955,1.3106369135330105,24.270513212595926,central,unknown,0.0,7100,2
720575940609240515,0.6036836435689109,23.495295012812175,central,unknown,0.0,8014,2
720575940609269001,1.4311012164231014,24.358444229326018,central,ALON,0.0,6639,1
720575940609271854,1.701233856250786,24.53135378559291,central,Kenyon_Cell,0.0,3003,2
720575940609282825,2.0124989073206168,24.699377187364156,central,ALLN,6.396723182532682e-05,42,1
720575940609318446,2.233437948548451,24.803542079265362,central,Kenyon_Cell,0.0,7652,2
720575940609347448,1.9782585867218434,24.682216956062305,central,Kenyon_Cell,0.0,1080,2
720575940609378424,1.5470749293259654,24.43636600566424,central,Kenyon_Cell,0.0,6346,2
720575940609381897,0.1438404575936107,22.060949473004264,visual_centrifugal,unknown,0.0,5351,2
720575940609393732,1.0,24.0,sensory,olfactory,0.0,3585,0
720575940609399506,1.4316015374785507,24.35879377386735,central,Kenyon_Cell,0.0,3391,2
720575940609406985,1.6161258990847545,24.480031864913723,central,ALLN,0.0,7512,1
720575940609417995,0.052563205221046266,21.054261075470468,descending,unknown,0.0,2240,2
720575940609447179,2.2593493890722325,24.815076890897032,central,ALPN,2.264678393815918e-06,399,1
720575940609454603,2.4663929054355185,24.902756721099905,central,ALPN,1.3508607963112494e-06,447,1
720575940609460491,2.2100563666718895,24.793018020485807,central,ALPN,1.742875301907455e-05,183,1
720575940609496585,2.1997420160511654,24.788340088056852,central,ALPN,0.0,6275,2
720575940609533394,0.35299028331985416,22.958685251566234,central,unknown,0.0,787,2
720575940609533635,3.1229499646567076,25.138778056608942,sensory,olfactory,0.0,3540,0
720575940609553419,1.5340838587738825,24.427933368187453,central,ALPN,0.0,4356,2
720575940609568068,1.5754277392306386,24.454526815870196,central,unknown,0.0,7867,2
720575940609570258,0.3490549123218682,22.94747397273982,central,unknown,0.0,4832,2
720575940609577518,3.130612401241423,25.141228640762748,sensory,olfactory,0.0,2512,0
720575940609586645,3.0453697730370055,25.113622329926038,sensory,olfactory,0.0,3995,0
720575940609586901,1.0,24.0,sensory,olfactory,0.0,2716,0
720575940609590596,3.081529293654235,25.125425997671986,sensory,olfactory,0.0,1343,0
720575940609594574,0.045310476393438416,20.90578299373209,central,unknown,0.0,4472,2
720575940609607890,0.09364528207740164,21.631758770394423,central,unknown,0.0,7085,2
720575940609619666,1.4822066848070325,24.39353198058232,central,unknown,0.0,5067,2
720575940609633230,0.3955362175753253,23.072487078180387,central,unknown,0.0,3060,2
720575940609651554,1.3245923002947855,24.281104714198747,central,Kenyon_Cell,0.0,2601,2
720575940609653572,0.11515006558205111,21.838480916820227,central,unknown,0.0,3706,2
720575940609719250,0.6363608190855569,23.548010449095877,descending,unknown,0.0,8628,2
720575940609739669,0.9637337959303525,23.963059832192812,central,ALPN,0.0,4678,2
720575940609768290,1.8759539670645657,24.62911731247091,central,Kenyon_Cell,0.0,7279,2
720575940609785208,3.4317579689745155,25.23307265727836,sensory,olfactory,0.0,3792,0
720575940609792206,1.9328244886962183,24.658982398740292,sensory,hygrosensory,0.0,7498,2
720575940609807113,0.7687017942245334,23.736947831472648,central,unknown,0.0,8669,2
720575940609819512,0.2616894485255857,22.659403210771263,central,unknown,0.0,2422,2
720575940609845454,3.0040680795670673,25.099967396616815,sensory,olfactory,0.0,8109,0
720575940609865796,1.8852425536372897,24.63405648829162,central,LHLN,0.0,1404,2
720575940609870449,1.4644741694956929,24.381496249366837,central,unknown,0.0,4977,2
720575940609873358,1.4995792094794156,24.405184541739377,central,Kenyon_Cell,0.0,8265,2
720575940609880900,1.0778150110801166,24.0749358539394,central,unknown,0.0,7538,2
720575940609881749,0.5003555836160076,23.307563733912485,central,ALLN,0.0,2041,2
720575940609884258,3.0758575741210223,25.123583748270054,sensory,olfactory,0.0,2289,0
720575940609890315,1.8759679447980497,24.629124763443407,central,ALLN,0.0,1565,1
720575940609891886,2.196295324616332,24.78677199758173,central,ALPN,5.82724265075441e-07,507,1
720575940609892164,1.886826413075009,24.634896271203747,central,unknown,3.708245323207351e-07,544,2
720575940609894212,1.3857517536099666,24.32624277477609,central,LHCENT,0.0,5142,2
720575940609903077,2.4993723573625823,24.91603964329909,central,ALPN,0.0,6301,1
720575940609904196,1.2833822195737112,24.249498952080376,central,unknown,0.0,4910,2
720575940609905220,2.204948436799814,24.790704123954097,central,unknown,0.0,1224,2
720575940609908270,1.1227877358755503,24.11581464264183,central,unknown,0.0,5495,2
720575940609908548,2.0774382152873008,24.731135507371317,central,LHLN,0.0,5284,2
720575940609921230,1.3936381431862153,24.331917696995717,central,Kenyon_Cell,0.0,2630,2
720575940609924306,3.1821153051350706,25.15754616594513,sensory,olfactory,0.0,5362,0
720575940609929426,3.100672491145784,25.131619020592293,sensory,olfactory,0.0,979,0
720575940609932130,0.18737785823238595,22.325371931399726,central,unknown,0.0,7114,2
720575940609935310,1.9812740101878297,24.683740077276813,central,Kenyon_Cell,0.0,6807,2
720575940609950869,1.7898313589855321,24.58212140255711,central,Kenyon_Cell,0.0,2946,2
720575940609957315,0.018829405394159712,20.02766448560787,central,unknown,1.889880741506032e-05,172,2
720575940609962389,2.061546044165967,24.72345620818872,central,ALPN,0.0,7634,2
720575940609963248,1.8262068172878285,24.60224103823871,central,Kenyon_Cell,0.0,5677,2
720575940609978866,0.19253775473611576,22.352536984014325,central,unknown,0.0,7217,2
720575940609979610,0.7216953272293314,23.673847786403286,central,unknown,0.0,7213,2
720575940610002244,1.139915766260091,24.130954370430924,central,unknown,0.0,2026,2
720575940610012024,1.305289720062376,24.266425023845226,central,Kenyon_Cell,0.0,2824,2
720575940610015586,3.077289354709511,25.12404912984826,sensory,olfactory,0.0,2481,0
720575940610036834,3.082008457359967,25.12558148100836,sensory,olfactory,0.0,4058,0
720575940610048981,1.6453092156918618,24.497928339617573,central,ALPN,4.569087987523343e-06,325,1
720575940610052266,1.6306453848394338,24.488975878073756,central,ALPN,2.264678393815918e-06,400,1
720575940610059726,3.13610497564981,25.142981576306035,sensory,olfactory,0.0,1318,0
720575940610070442,0.889263379537449,23.882638177600487,central,ALPN,0.0,3869,2
720575940610073412,0.6631497956075548,23.58924562174368,central,unknown,0.0,5515,2
720575940610081746,2.969466206484741,25.088382208205196,sensory,olfactory,0.0,1832,0
720575940610088883,0.06605733372065369,21.2827677786863,central,unknown,0.0,5573,2
720575940610100437,2.5096186041649795,24.92013079106616,central,ALPN,1.225045329988143e-05,218,1
720575940610108002,3.063783458203562,25.119650576470832,sensory,olfactory,0.0,2443,0
720575940610113905,0.04897419488043288,20.983538245314318,central,unknown,0.0,3694,2
720575940610124868,3.138468493744364,25.143734940090162,sensory,olfactory,0.0,7427,0
720575940610142869,1.2888681061128124,24.253764396078452,central,Kenyon_Cell,0.0,2782,2
720575940610157688,1.6259455058680392,24.486089496337705,central,ALLN,0.0,8379,1
720575940610161091,1.9183038299802435,24.651441373707318,central,ALLN,0.0,6236,1
720575940610185221,3.1918718795573664,25.16060754079873,sensory,olfactory,0.0,5361,0
720575940610189358,3.0408923915799413,25.11215102220262,sensory,olfactory,0.0,2126,0
720575940610206387,2.0533118217721302,24.719454012412765,central,Kenyon_Cell,0.0,930,2
720575940610209378,0.07615878024832666,21.42506509572575,central,unknown,4.101584202133274e-05,70,2
720575940610214613,0.6909634237575863,23.63033161105112,central,unknown,0.0,1196,2
720575940610218360,1.8534602706800252,24.617054308623068,central,Kenyon_Cell,0.0,1234,2
720575940610229717,0.12597771591323753,21.9283497544967,central,unknown,0.0,8557,2
720575940610254810,0.5488083563078997,23.39999402382218,central,unknown,0.0,1576,2
720575940610258552,0.0319132971422025,20.555267482269265,central,unknown,0.0,6705,2
720575940610287566,3.04640667006246,25.113962755102552,sensory,olfactory,0.0,944,0
720575940610292430,1.5390500683617256,24.431165387376108,central,ALPN,3.235444044498414e-05,97,1
720575940610307374,1.8929619086398577,24.638142749805954,central,Kenyon_Cell,0.0,4215,2
720575940610308757,1.3149357369019954,24.273787795159535,central,Kenyon_Cell,0.0,6931,2
720575940610318542,1.0,24.0,sensory,olfactory,0.0,3313,0
720575940610323674,2.091426194373275,24.737846222907052,central,Kenyon_Cell,0.0,7574,2
720575940610332024,0.07562580391283644,21.41804226756475,central,unknown,0.0,8256,2
720575940610357602,0.0846091465324133,21.530287096826378,central,unknown,0.0,2425,2
720575940610375214,0.05540551265249844,21.10692381618346,central,unknown,4.847206386763895e-06,319,2
720575940610375726,1.5900355136926476,24.463756351638455,central,Kenyon_Cell,0.0,8171,2
720575940610380970,0.07864265023807561,21.457158897180005,central,unknown,0.0,3492,2
720575940610397619,0.41004790051243384,23.108518704410194,central,ALIN,0.0,6682,2
720575940610403448,1.7569302945716962,24.563568135436576,central,unknown,0.0,1022,2
720575940610403813,0.057746163734472014,21.14830163937296,central,unknown,0.0,4760,2
720575940610406776,1.6157560219245841,24.479802972168983,central,Kenyon_Cell,0.0,7650,2
720575940610408643,2.4940194579707744,24.91389564914031,central,ALLN,0.0,6424,1
720575940610409170,0.2250737750268887,22.508672958486823,central,unknown,0.0,2800,2
720575940610412386,1.0,24.0,sensory,olfactory,0.0,3187,0
720575940610423538,1.2723153668960914,24.24083836413814,central,ALPN,0.0,7639,2
720575940610427512,1.5540696671978997,24.44087708182726,central,unknown,0.0,6306,2
720575940610456270,0.049751940812129025,20.99929419516062,central,unknown,0.0,1574,2
720575940610457457,0.6847788020077447,23.621340590354222,central,unknown,0.0,1860,2
720575940610460514,1.9519804871985273,24.668844491628708,sensory,hygrosensory,0.0,7557,2
720575940610464195,3.0926554312165977,25.129030084722075,sensory,olfactory,0.0,7357,0
720575940610469986,0.04333114592706435,20.86111640292504,central,unknown,0.0,6798,2
720575940610471522,1.322444462138803,24.27948188926648,central,unknown,0.0,4117,2
720575940610486830,1.1139664899626023,24.107927060229137,central,unknown,0.0,2365,2
720575940610487928,1.1699628039280385,24.156971956789807,central,unknown,0.0,7136,2
720575940610493486,1.1013049476917354,24.09649579277082,central,unknown,0.0,7098,2
720575940610499779,0.42140765356176474,23.135845384448377,central,unknown,0.0,3884,2
720575940610504750,0.1051272231496275,21.747415986765155,central,unknown,0.0,5302,2
720575940610505006,0.03649380179260679,20.68938715328511,descending,unknown,0.0,5474,2
720575940610505170,2.4700156079456943,24.904224469626275,central,ALPN,3.3374207908866163e-06,362,1
720575940610509102,1.4551124241198885,24.37508316507483,central,unknown,0.0,7486,2
720575940610511043,0.11334326373132739,21.822665667280223,central,ALPN,0.0,7900,2
720575940610514478,2.208448211799677,24.79229010228875,central,LHLN,0.0,1399,2
720575940610519747,3.084558883631757,25.126408659656118,sensory,olfactory,0.0,1747,0
720575940610529656,1.3638368136015775,24.310301914142048,central,Kenyon_Cell,0.0,4516,2
720575940610530606,1.5030466411230277,24.407494142307335,central,unknown,1.761416528523492e-05,181,2
720575940610536494,0.5756787382104138,23.44779447995303,central,unknown,0.0,5612,2
720575940610542894,1.984819527024353,24.685527991630188,central,LHLN,0.0,7476,2
720575940610562713,1.8479050710495017,24.61405260342038,central,Kenyon_Cell,0.0,2061,2
720575940610565070,0.35721988433336144,22.9705962356975,central,unknown,0.0,6768,2
720575940610584184,0.013186451762256022,19.67143464187258,central,unknown,9.005738642074996e-07,476,2
720575940610601881,0.17869817674614055,22.277942940255652,central,unknown,0.0,6775,3
720575940610605530,3.084622103033913,25.126429154889536,sensory,olfactory,0.0,2889,0
720575940610605614,0.012799250177422788,19.64163131033872,descending,unknown,0.0,7077,2
720575940610611758,1.0,24.0,sensory,olfactory,0.0,3104,0
720575940610637786,0.05553369323156021,21.109234642821882,central,unknown,0.0,1021,2
720575940610649208,0.17153022324716685,22.237004200943833,central,unknown,0.0,8558,2
720575940610658766,0.8269604789301004,23.81000162642335,central,ALPN,0.0,1621,2
720575940610668152,0.477581238684506,23.2609789998383,central,unknown,0.0,8639,2
720575940610669042,0.04321929694546961,20.858531805084834,central,unknown,0.0,2017,2
720575940610669614,1.935753545237721,24.66049667973735,central,ALLN,5.443174385136505e-06,306,1
720575940610669786,1.0548608425087775,24.053408855392803,central,Kenyon_Cell,0.0,2638,2
720575940610680274,1.3731827126478255,24.317131193422117,central,ALLN,0.0,7630,2
720575940610682578,3.060435941716618,25.118557370430445,sensory,olfactory,0.0,3115,0
720575940610683342,0.4377776538312073,23.1739558628469,central,unknown,0.0,876,2
720575940610686162,3.0765964470581104,25.123823936311474,sensory,olfactory,0.0,7429,0
720575940610694098,1.3139936038035913,24.27307105232119,central,unknown,4.590277960798814e-05,62,2
720575940610694866,3.0988666452589237,25.131036446340175,sensory,olfactory,0.0,4261,0
720575940610698052,0.5786600208775649,23.452959842845512,central,unknown,0.0,5313,2
720575940610700181,3.1325996368603723,25.14186321473966,sensory,olfactory,0.0,2826,0
720575940610702456,0.7100839837758246,23.65762797106607,central,unknown,0.0,7964,2
720575940610724306,3.0044266506374666,25.10008675132608,sensory,olfactory,0.0,2376,0
720575940610739930,1.8268015401273023,24.6025666454022,central,Kenyon_Cell,0.0,4991,2
720575940610751129,1.6221802920423238,24.48377110367285,central,Kenyon_Cell,0.0,3182,2
720575940610755481,0.29740611376681225,22.787343312219342,central,unknown,0.0,2030,2
720575940610756814,3.136650278480415,25.14315544020153,sensory,olfactory,0.0,1837,0
720575940610762850,2.038815989705423,24.712369242157244,central,LHLN,0.0,8646,2
720575940610766456,0.029421448895367894,20.473968683631366,central,unknown,0.0,6026,2
720575940610768994,0.3364591829841304,22.910721564035498,central,unknown,0.0,7999,2
720575940610769506,0.7423858080471152,23.702113785991287,central,unknown,0.0,5995,2
720575940610773171,1.0451541567745075,24.044164392981504,central,Kenyon_Cell,0.0,2678,2
720575940610773782,0.27755909098614817,22.718278572026367,central,ALPN,0.0,7235,2
720575940610774451,2.1297172229416597,24.755989211725733,central,Kenyon_Cell,0.0,7571,2
720575940610784179,1.2166079367755378,24.19606660661781,central,Kenyon_Cell,0.0,4604,2
720575940610793395,1.50464200041041,24.408554996423,central,Kenyon_Cell,0.0,4243,2
720575940610798946,0.10163823815975259,21.71366454519673,central,unknown,0.0,2986,2
720575940610818673,0.620361872144362,23.522547693539952,central,unknown,0.0,7953,2
720575940610823141,2.0523278784254897,24.718974699352035,central,Kenyon_Cell,0.0,1030,2
720575940610833250,1.9976881179572321,24.691990570923437,central,Kenyon_Cell,0.0,7583,2
720575940610836885,0.9319664831128506,23.929541572731527,central,ALLN,1.3243733297169112e-08,716,2
720575940610846818,2.126814783681319,24.754625453762365,central,Kenyon_Cell,0.0,7280,2
720575940610847842,1.5642845268285834,24.447428548101893,central,Kenyon_Cell,0.0,4066,2
720575940610849742,1.1411068785815133,24.131998737467242,central,Kenyon_Cell,0.0,5832,2
720575940610861554,0.1666397307532369,22.208078902230177,central,unknown,0.0,4137,2
720575940610862506,2.035221322204924,24.71060457082111,central,Kenyon_Cell,0.0,7797,2
720575940610864338,0.06355548572682121,21.244158036356975,central,unknown,0.0,5621,2
720575940610864533,3.0579391321994436,25.11774120286124,sensory,olfactory,0.0,1579,0
720575940610872014,0.06410095922554461,21.252704049349596,descending,unknown,0.0,5762,2
720575940610873237,3.052859039600853,25.11607854157672,sensory,olfactory,0.0,998,0
720575940610885330,1.770748772149009,24.571402492244047,central,Kenyon_Cell,0.0,7082,2
720575940610886610,2.0217427995880675,24.703959911512527,central,Kenyon_Cell,0.0,1894,2
720575940610895826,1.8845514245906947,24.633689821540955,central,unknown,0.0,790,2
720575940610896338,0.43280871194134785,23.162540577602044,central,unknown,0.0,5393,2
720575940610899666,0.3240285608567598,22.87307638371761,central,unknown,9.800362639905145e-07,470,2
720575940610906521,1.758242739576289,24.564314866850836,central,Kenyon_Cell,0.0,3865,2
720575940610907490,1.7571365459576238,24.563685521585175,central,Kenyon_Cell,0.0,1090,2
720575940610908053,0.3009709966995343,22.799258624644203,central,unknown,0.0,7115,2
720575940610915026,1.7343953634835343,24.55065885899136,central,LHLN,0.0,5754,2
720575940610921642,1.1551307064159442,24.14421350329909,central,Kenyon_Cell,0.0,6490,2
720575940610922202,2.995271005365742,25.09703471340561,sensory,olfactory,0.0,942,0
720575940610926762,1.0,24.0,sensory,olfactory,0.0,2851,0
720575940610933458,1.785240556666958,24.579553171791282,central,LHLN,0.0,7208,2
720575940610941906,0.13198148407734603,21.97490636162386,central,unknown,0.0,5510,2
720575940610951577,1.6920516347575454,24.525941777714582,central,Kenyon_Cell,0.0,4915,2
720575940610952089,0.866162206884132,23.856316917911567,central,Kenyon_Cell,0.0,1675,2
720575940610956334,0.10003201449670356,21.697735000737524,central,unknown,0.0,3849,2
720575940610960994,1.8144252239857486,24.59576873656321,central,Kenyon_Cell,0.0,8004,2
720575940610977941,1.0415816592368599,24.040740384057596,central,unknown,0.0,5926,2
720575940610990821,1.3682170879647761,24.31350849664316,central,Kenyon_Cell,0.0,4111,2
720575940610999794,3.060435941716618,25.118557370430445,sensory,olfactory,0.0,3561,0
720575940611002803,0.15765082603242708,22.152627346655382,central,unknown,0.0,3490,2
720575940611012721,0.935596215547358,23.93342871077246,central,unknown,0.0,3776,2
720575940611012962,0.5692343831796102,23.436536991557478,central,unknown,0.0,6103,2
720575940611013785,2.046751352745124,24.71625383019768,central,Kenyon_Cell,0.0,5385,2
720575940611022515,2.4912477879001007,24.912783704596695,central,ALPN,1.7216853286319843e-06,418,1
720575940611035365,1.9291930832027437,24.657101823887334,central,Kenyon_Cell,0.0,932,2
720575940611040866,1.8068704803813227,24.59159633243983,central,unknown,0.0,4021,2
720575940611045781,3.012376542015242,25.102729316073336,sensory,olfactory,0.0,2479,0
720575940611052517,1.827442284450827,24.60291733044723,central,Kenyon_Cell,0.0,8370,2
720575940611053029,1.560585709399204,24.44506120553903,central,Kenyon_Cell,0.0,6518,2
720575940611056846,3.1125825669945386,25.135452788987422,sensory,olfactory,0.0,1334,0
720575940611059609,1.3645067813779734,24.31079303101684,central,Kenyon_Cell,0.0,3024,2
720575940611068053,3.080048652685272,25.124945393187108,sensory,olfactory,0.0,1731,0
720575940611077188,0.5349955421825253,23.374503135510043,central,unknown,6.621866648584556e-08,667,2
720575940611079236,2.3449427274732932,24.852260978347662,central,ALPN,8.050865471349103e-05,33,1
720575940611085518,3.1325996368603723,25.14186321473966,sensory,olfactory,0.0,3696,0
720575940611086286,0.9143128571962905,23.910417528428088,central,unknown,0.0,6692,2
720575940611089331,0.043793369805833975,20.87172715264599,central,unknown,0.0,4390,2
720575940611090244,0.8039864585592463,23.781827147466988,central,LHCENT,0.0,5092,2
720575940611092036,0.9008294330996297,23.895560652269616,central,unknown,0.0,4841,2
720575940611092849,0.27785155269457407,22.7193317089757,central,unknown,0.0,8511,2
720575940611094478,0.16393748213010295,22.19172986964062,central,unknown,0.0,8260,2
720575940611098517,1.2309627711365008,24.207796603963924,central,Kenyon_Cell,0.0,5120,2
720575940611098595,1.994646426969386,24.690466805045528,central,ALLN,0.0,7228,2
720575940611104229,1.2840888201959375,24.250049377482746,central,Kenyon_Cell,0.0,4684,2
720575940611110468,1.3039749837435748,24.265417279074715,central,Kenyon_Cell,0.0,2905,2
720575940611111317,1.7316932070391666,24.54909966225601,central,Kenyon_Cell,0.0,6673,2
720575940611111907,3.0925607917745817,25.128999482900376,sensory,olfactory,0.0,2285,0
720575940611113109,1.8696746311791277,24.625764421705924,central,Kenyon_Cell,0.0,5852,2
720575940611114389,3.081531562780867,25.125426734035518,sensory,olfactory,0.0,8194,0
720575940611116386,2.9858097643236885,25.09387098788577,sensory,olfactory,0.0,1230,0
720575940611117425,3.0124989073206168,25.10276993610156,sensory,olfactory,0.0,1596,0
720575940611124246,0.6473133730875938,23.565075246154453,central,unknown,0.0,8110,2
720575940611128782,0.5045096292931437,23.31583164743442,central,unknown,0.0,5924,2
720575940611137742,1.6892758504361216,24.524299946240337,central,unknown,1.059498663773529e-07,641,2
720575940611153370,1.0,24.0,sensory,olfactory,0.0,4558,0
720575940611157466,3.0118509692503728,25.102554829712982,sensory,olfactory,0.0,1753,0
720575940611160930,0.0076269656919259144,19.12393480595016,central,unknown,0.0,2791,2
720575940611161237,3.0548168210340227,25.1167196304442,sensory,olfactory,0.0,2294,0
720575940611175118,1.7042056798118457,24.5330991252379,central,LHLN,0.0,5162,2
720575940611196110,1.7207040939443847,24.542733564006078,central,Kenyon_Cell,0.0,2833,2
720575940611204323,0.8222439998109314,23.80428190877969,central,Kenyon_Cell,0.0,2691,2
720575940611208817,1.2343488674607754,24.21054359821856,central,Kenyon_Cell,0.0,6512,2
720575940611208818,3.0870233913705385,25.12720732287082,sensory,olfactory,0.0,1742,0
720575940611210865,2.0541932203523148,24.71988317736067,central,Kenyon_Cell,0.0,4055,2
720575940611218418,3.081593175353003,25.125446727975202,sensory,olfactory,0.0,3999,0
720575940611228462,1.6968239201706492,24.52875822139354,central,Kenyon_Cell,0.0,7810,2
720575940611229170,0.8426341707024079,23.828777623624195,central,unknown,0.0,3560,2
720575940611229297,1.9226485709094128,24.653703699468625,central,Kenyon_Cell,0.0,4078,2
720575940611237034,3.052205311414692,25.115864382265343,sensory,olfactory,0.0,992,0
720575940611242609,0.16299032657906457,22.185935573922865,central,unknown,0.0,5434,2
720575940611261098,3.058011851796565,25.11776498316861,sensory,olfactory,0.0,8159,0
720575940611284174,1.92325118034061,24.6540170770786,central,Kenyon_Cell,0.0,6521,2
720575940611285454,1.5303922155233312,24.425524052567543,central,Kenyon_Cell,0.0,4694,2
720575940611286990,1.4243149990199249,24.353690995703996,central,Kenyon_Cell,0.0,5014,2
720575940611292330,0.0541641195369416,21.0842634090805,central,unknown,0.0,4372,2
720575940611323670,1.411564905768769,24.344698951195657,central,ALPN,0.0,7231,2
720575940611327254,1.2643456825035115,24.234554741328292,central,Kenyon_Cell,0.0,3567,2
720575940611331251,0.2631868585953008,22.665108989873353,central,unknown,0.0,5018,2
720575940611344078,0.10845542041795758,21.77858393784357,central,MBON,1.1919359967452201e-07,623,2
720575940611351514,0.15411064185850046,22.12991551909386,central,unknown,0.0,5326,2
720575940611352014,1.175713075955849,24.161874836676994,central,ALPN,0.0,6185,2
720575940611357938,1.0,24.0,sensory,olfactory,0.0,3389,0
720575940611369938,3.1254852462981564,25.139589549949267,sensory,olfactory,0.0,2257,0
720575940611370610,2.098789226340867,24.741360619570088,central,Kenyon_Cell,0.0,7025,2
720575940611372714,2.4477558895889384,24.895171641372706,central,ALPN,3.79896489629296e-05,78,1
720575940611373006,2.158518103996125,24.769421923282426,central,unknown,0.0,3510,2
720575940611373262,0.8355664667601307,23.820354619162764,central,unknown,0.0,6056,2
720575940611376346,0.32293763527648295,22.869703945958875,central,unknown,0.0,8590,2
720575940611377893,1.9923230111572388,24.689301300212236,sensory,hygrosensory,0.0,1162,2
720575940611379569,2.198842361007154,24.787931022330504,central,ALLN,3.720164683174803e-05,80,1
720575940611394019,1.871959455179519,24.6269857192629,central,Kenyon_Cell,0.0,8376,2
720575940611403226,0.8290183527722064,23.812487014354677,central,unknown,0.0,7732,2
720575940611413733,0.5469011036889444,23.39651270945037,central,unknown,0.0,6096,2
720575940611419354,0.15096779647575387,22.109311266715363,central,unknown,0.0,8467,2
720575940611424882,1.1802106816435955,24.165692966306292,central,Kenyon_Cell,0.0,3378,2
720575940611428977,0.11084915874418155,21.80041506791455,central,unknown,0.0,7772,2
720575940611437973,3.0922166659315415,25.128888201339883,sensory,olfactory,0.0,2103,0
720575940611440793,0.1917089330637216,22.34822296916853,central,unknown,0.0,1146,2
720575940611451598,0.625078770318164,23.530122395321897,central,unknown,0.0,5937,2
720575940611454833,1.7942849936314147,24.584606610346118,central,Kenyon_Cell,0.0,4693,2
720575940611469006,1.781999706685407,24.577736164450066,central,unknown,0.0,6762,2
720575940611471090,1.8254849717148147,24.60184568965831,central,Kenyon_Cell,0.0,3806,2
720575940611475370,3.2826104214932075,25.18863896607859,sensory,olfactory,0.0,8063,0
720575940611476686,1.9528538624973897,24.669291821904572,central,unknown,0.0,6476,2
720575940611477683,0.019721161997686965,20.07393699328835,central,unknown,0.0,8581,2
720575940611477710,1.3089223102195717,24.26920413468484,central,unknown,0.0,7266,2
720575940611489010,2.0231357438387265,24.70464865620079,central,Kenyon_Cell,0.0,1965,2
720575940611496597,0.8697125501130739,23.86040747590279,central,unknown,0.0,8567,2
720575940611498389,1.2717718928812687,24.240411119340617,central,unknown,0.0,5982,2
720575940611502309,0.7106889069584659,23.65847951211551,central,unknown,0.0,5666,2
720575940611504869,1.0,24.0,sensory,olfactory,0.0,4682,0
720575940611512293,1.6485225764907327,24.49987947860768,central,unknown,0.0,4979,2
720575940611514261,1.3106900244499675,24.27055373475758,central,unknown,0.0,6206,2
720575940611519667,0.06671583669254205,21.292687077429296,central,unknown,0.0,6349,2
720575940611527544,1.9504206652969343,24.668045075103493,central,LHLN,0.0,5188,2
720575940611532949,1.92261940684761,24.65368853066272,central,Kenyon_Cell,0.0,4568,2
720575940611546794,0.6392333879152399,23.552514348015734,central,unknown,0.0,5311,2
720575940611578794,3.060435941716618,25.118557370430445,sensory,olfactory,0.0,4634,0
720575940611591829,1.056282376765687,24.054755551778698,central,Kenyon_Cell,0.0,3194,2
720575940611592154,1.9039648778206584,24.64393848967627,central,Kenyon_Cell,0.0,6663,2
720575940611610737,0.008457529300194151,19.22730180708827,central,unknown,0.0,5743,2
720575940611611285,1.8543753639436216,24.61754790832508,central,Kenyon_Cell,0.0,6721,2
720575940611611378,1.9719487342824438,24.679022259028343,central,Kenyon_Cell,0.0,1455,2
720575940611615986,1.892330330696273,24.6378090487813,central,Kenyon_Cell,0.0,6675,2
720575940611622826,0.10868769524966934,21.78072330956244,descending,unknown,0.0,5254,2
720575940611623661,1.5005407138276352,24.405825519037432,central,unknown,0.0,2058,2
720575940611637418,2.839019891787005,25.043458884083762,sensory,olfactory,0.0,6655,0
720575940611644529,0.047067643219761215,20.94383050548886,descending,unknown,0.0,5479,2
720575940611648209,1.3656492765607573,24.311629976030407,central,unknown,0.0,5173,2
720575940611652374,1.8226203265648757,24.600275205527783,central,Kenyon_Cell,0.0,4583,2
720575940611655288,2.062142544471983,24.72374551243532,central,Kenyon_Cell,0.0,7207,2
720575940611661541,2.0251514908805452,24.70564450807173,central,Kenyon_Cell,0.0,5701,2
720575940611662706,3.0457088663590484,25.113733670902725,sensory,olfactory,0.0,1833,0
720575940611671506,1.8594980621521786,24.620306592248635,central,ALLN,3.973119989150733e-08,685,1
720575940611672785,0.6695962408441609,23.598919626145353,central,unknown,0.0,5829,2
720575940611673586,1.3503768944761012,24.300383734579956,central,unknown,0.0,8672,2
720575940611682533,0.6341716009841788,23.544564302845092,central,unknown,0.0,2362,2
720575940611685273,2.0529016200094934,24.719254216776314,central,Kenyon_Cell,0.0,1013,2
720575940611686809,2.051328181837788,24.71848747693729,central,Kenyon_Cell,0.0,8175,2
720575940611694565,1.707661358592328,24.535124807905632,central,Kenyon_Cell,0.0,8359,2
720575940611696370,2.9830539595990913,25.092947594406585,sensory,olfactory,0.0,3948,0
720575940611698674,0.2573475033042492,22.642672045512345,central,unknown,0.0,3726,2
720575940611702165,2.1276768797146404,24.755030717710838,central,Kenyon_Cell,0.0,7779,2
720575940611703080,2.3515391657627096,24.855070077915,central,ALPN,2.370628260193271e-06,390,1
720575940611720362,1.9017784188955669,24.64278945833328,sensory,thermosensory,0.0,7349,2
720575940611724437,1.27493110701616,24.2428921434377,central,Kenyon_Cell,0.0,5228,2
720575940611724714,0.4680551533728007,23.240830859079033,central,unknown,0.0,7091,2
720575940611728563,1.872785193957733,24.627426731331262,central,Kenyon_Cell,0.0,6510,2
720575940611733997,1.8051175997183182,24.590625741861047,central,Kenyon_Cell,0.0,8008,2
720575940611736872,1.458058122530648,24.377105497353384,central,unknown,0.0,8454,2
720575940611745429,0.6216182575087915,23.524570891436596,central,unknown,0.0,6161,2
720575940611762329,3.0566366743145337,25.117315185441285,sensory,olfactory,0.0,1752,0
720575940611767189,0.2707568113179249,22.693465763804777,central,unknown,0.0,7491,2
720575940611769059,0.8256817137884525,23.80845408588192,central,Kenyon_Cell,0.0,8145,2
720575940611772514,0.040304389704452194,20.78870510970732,visual_centrifugal,unknown,0.0,4889,2
720575940611773138,0.029871051306411853,20.48913454868985,central,unknown,0.0,6796,2
720575940611773354,3.044809294408802,25.113438270106588,sensory,olfactory,0.0,2168,0
720575940611791834,1.0,24.0,sensory,olfactory,0.0,3147,0
720575940611794138,1.1089142062050679,24.10338134397358,central,unknown,0.0,6611,2
720575940611803490,0.8837546884082296,23.87642424334411,central,Kenyon_Cell,0.0,7383,2
720575940611812835,1.68975523497365,24.524583687069367,central,Kenyon_Cell,0.0,2913,2
720575940611830937,3.126971156292671,25.14006485435023,sensory,olfactory,0.0,2237,0
720575940611835098,1.9110353320945588,24.647645153886046,central,LHLN,0.0,8587,2
720575940611837041,1.3889166179486585,24.328524031695775,central,Kenyon_Cell,0.0,1850,2
720575940611837809,1.3645596747839708,24.310831794020125,central,Kenyon_Cell,0.0,1081,2
720575940611844886,3.058448077598722,25.11790762312961,sensory,olfactory,0.0,2406,0
720575940611845034,3.000028514937216,25.09862179360201,sensory,olfactory,0.0,6864,0
720575940611846520,0.2823141450887201,22.735265161606215,central,unknown,0.0,7967,2
720575940611849187,1.9284601821390013,24.65672185138999,central,ALPN,1.3243733297169112e-08,713,1
720575940611856498,2.1503287261065887,24.76562072631572,central,ALPN,0.0,3717,2
720575940611857066,0.2567825445983118,22.64047431777541,central,unknown,0.0,5859,2
720575940611867629,0.7075023714346182,23.653985702380687,central,unknown,0.0,6090,2
720575940611873242,1.778845800052323,24.575964727047428,central,Kenyon_Cell,0.0,4057,2
720575940611881139,0.02024497944916193,20.10015155539463,descending,unknown,0.0,857,2
720575940611885541,3.0648975860838927,25.12001415482792,sensory,olfactory,0.0,2342,0
720575940611890289,0.10965929908810823,21.78962299929094,central,unknown,0.0,8588,2
720575940611905138,3.034143112156256,25.109929049278712,sensory,olfactory,0.0,7360,0
720575940611906713,0.30271220218902545,22.805027247396016,central,ALLN,0.0,7901,2
720575940611930481,1.1453080247619736,24.135673618086916,central,unknown,1.628979195551801e-06,421,2
720575940611944914,1.8654246265253602,24.62348870896325,central,ALLN,9.336831974504225e-06,246,1
720575940611957427,0.464679887758679,23.233593476117697,central,unknown,1.986559994575367e-07,586,2
720575940611959219,1.0507222742565563,24.049477807932597,central,unknown,0.0,5102,2
720575940611960872,1.329732420897492,24.284977734697666,central,Kenyon_Cell,0.0,1325,2
720575940611966194,2.9881760764133825,25.094663193383585,sensory,olfactory,0.0,8620,0
720575940611982322,1.1496482785469393,24.139456050853326,central,unknown,0.0,2431,2
720575940611983322,1.9631136993286842,24.674531834823622,central,Kenyon_Cell,0.0,7047,2
720575940611984114,2.9608843315197593,25.085487984364462,sensory,olfactory,0.0,3493,0
720575940611985174,2.935753545237721,25.07696416487119,sensory,olfactory,0.0,3486,0
720575940611988197,0.04746366260023249,20.952209141408414,central,unknown,0.0,3479,2
720575940611988946,1.2087986013104293,24.1896269748864,central,unknown,0.0,6879,2
720575940611990738,3.1113990927927198,25.135072494095578,sensory,olfactory,0.0,2188,0
720575940612003441,1.97754117764359,24.681854243524334,central,unknown,7.321135766675085e-05,37,2
720575940612006257,1.6636305597231253,24.509002298351902,central,unknown,0.0,6659,2
720575940612009074,1.2630003094607267,24.233490088388695,central,Kenyon_Cell,0.0,3092,2
720575940612019442,2.9444068185502235,25.079907376968727,sensory,olfactory,0.0,1327,0
720575940612019570,1.0464426798361426,24.0453964881942,central,Kenyon_Cell,0.0,2652,2
720575940612024342,3.0349716928206885,25.110202097555508,sensory,olfactory,0.0,2491,0
720575940612031986,0.6735001521635159,23.604732942797753,central,ALPN,0.0,6019,2
720575940612042774,0.3589913805873937,22.97554309971204,central,unknown,0.0,8537,2
720575940612042981,0.4199963282074132,23.13249068989376,central,ALLN,0.0,2789,2
720575940612044750,0.6104215008167284,23.506394424510493,central,unknown,0.0,5921,2
720575940612046286,0.3268304675899311,22.881686309737404,central,unknown,2.3361945536206317e-05,149,2
720575940612049459,1.3030310450078886,24.26469312365158,central,ALLN,0.0,6328,2
720575940612058861,0.2952888500323685,22.780198750952508,central,unknown,0.0,1701,2
720575940612062426,1.861586576620111,24.621429122311767,central,ALPN,0.0,4672,1
720575940612071130,1.4993170910787847,24.405009731825977,central,LHLN,0.0,4266,2
720575940612072685,1.7752825303807231,24.57395958230633,central,Kenyon_Cell,0.0,8373,2
720575940612087758,0.34804615884137374,22.94457983234516,ascending,AN,0.0,1460,2
720575940612093938,0.16002810444475946,22.167594173606293,central,unknown,0.0,8200,2
720575940612096370,3.258793273052154,25.181356965211442,sensory,olfactory,0.0,5444,0
720575940612099053,1.7673986747065384,24.569508790246637,central,Kenyon_Cell,0.0,6660,2
720575940612099309,2.010243645263947,24.69825593127408,central,Kenyon_Cell,0.0,1982,2
720575940612104627,2.020352084335224,24.70327179540063,central,Kenyon_Cell,0.0,7455,2
720575940612105586,2.969466206484741,25.088382208205196,sensory,olfactory,0.0,1767,0
720575940612110042,1.6524618817231376,24.502266225441733,central,unknown,0.0,1637,2
720575940612120026,1.6841199004576144,24.52124311308223,central,unknown,0.0,5514,2
720575940612120794,1.0589982517343628,24.05732341575328,central,unknown,0.0,5876,2
720575940612127706,1.039759828945635,24.038989752777866,central,unknown,0.0,4819,2
720575940612137690,1.4580149310309152,24.377075874295976,central,unknown,0.0,8482,2
720575940612140781,3.038646380627527,25.111412146725797,sensory,olfactory,0.0,3950,0
720575940612149014,2.789202934138155,25.025755868328226,sensory,olfactory,0.0,3190,0
720575940612159411,0.23609675314464515,22.55648641298023,central,unknown,0.0,8397,2
720575940612160153,3.020050546760843,25.10527356858474,sensory,olfactory,0.0,2166,0
720575940612166063,1.041681455992716,24.040836192172474,central,unknown,0.0,7804,2
720575940612166553,3.004118926525466,25.099984322507552,sensory,olfactory,0.0,4110,0
720575940612167794,1.429082226906574,24.357032438864408,central,ALPN,0.0,3842,1
720575940612169709,1.6197108856528732,24.48224766767103,central,Kenyon_Cell,0.0,7622,2
720575940612185586,0.4938799220282017,23.294537135841395,central,unknown,0.0,6554,2
720575940612190693,1.5002618292643746,24.405639645718505,central,Kenyon_Cell,0.0,1914,2
720575940612197374,2.339569436957816,24.849966911139216,central,ALPN,2.807671458999852e-06,377,1
720575940612202419,1.8707228077607567,24.626324884398016,central,unknown,0.0,6282,2
720575940612203482,0.044352138946681725,20.88440565739699,descending,unknown,0.0,7720,2
720575940612203699,2.286776145548721,24.827143028985738,central,unknown,0.0,4418,2
720575940612204723,3.0124989073206168,25.10276993610156,sensory,olfactory,0.0,3954,0
720575940612219629,0.3179710264821031,22.85420498795562,central,unknown,0.0,8280,2
720575940612240918,1.7927985845481649,24.583777853984056,central,Kenyon_Cell,0.0,1880,2
720575940612251055,0.30209045776680615,22.80297122257203,central,unknown,0.0,3044,2
720575940612260323,0.8476667010151174,23.83473223829305,central,unknown,0.0,5996,2
720575940612266213,1.34585836551436,24.297031999470683,central,Kenyon_Cell,0.0,8286,2
720575940612284569,1.3130161978462769,24.27232693176115,central,ALPN,1.0197674638820215e-06,466,2
720575940612306138,3.3843615930397952,25.219165289770686,sensory,olfactory,0.0,2737,0
720575940612306786,0.0572275446482626,21.139280053290523,ascending,AN,4.635306654009189e-07,525,2
720575940612319155,0.11572992893539223,21.843503998822467,central,ALIN,0.0,2303,2
720575940612321266,2.014414296556219,24.700328481461185,central,LHLN,0.0,5807,2
720575940612327410,1.6790590242083254,24.518233531860066,central,unknown,0.0,6468,2
720575940612331250,0.729620140958043,23.684768764876733,central,unknown,0.0,5992,2
720575940612339370,1.752006448887455,24.56076167337926,central,Kenyon_Cell,0.0,1390,2
720575940612344293,2.1299822174890375,24.75611363108979,central,Kenyon_Cell,0.0,8339,2
720575940612344490,0.1472311096902406,22.084248247987205,central,unknown,0.0,5325,2
720575940612347363,1.4877681695574343,24.39727712424421,central,LHLN,0.0,7815,2
720575940612347571,1.8970621239733427,24.640306438952948,central,ALLN,0.0,6214,2
720575940612355507,1.4909824291159963,24.39943525108271,central,ALPN,2.251434660518749e-07,578,1
720575940612362663,1.1442485181413646,24.13474810550281,central,Kenyon_Cell,0.0,1517,2
720575940612374757,1.9044211899748889,24.64417812512724,central,unknown,0.0,1518,2
720575940612375761,2.420795646804043,24.884096265803496,central,LHLN,0.0,3569,2
720575940612384665,1.8592477692793057,24.620171980804564,central,Kenyon_Cell,0.0,2606,2
720575940612387555,1.0,24.0,sensory,olfactory,0.0,3240,0
720575940612403685,1.161578386269317,24.14977975805347,central,unknown,0.0,6098,2
720575940612429994,1.773401655405762,24.57289954142773,central,Kenyon_Cell,0.0,6508,2
720575940612430821,0.8973553063629621,23.8916966098461,central,unknown,0.0,6253,2
720575940612433614,2.3353080359622234,24.84814380360299,central,ALPN,0.0,4481,2
720575940612434661,0.7327425262626157,23.689039100983482,central,unknown,0.0,2000,2
720575940612439269,0.23353106891068168,22.545559846708787,central,unknown,0.0,4086,2
720575940612439761,1.90621732005061,24.645120817646625,central,unknown,0.0,6770,2
720575940612444645,0.6266157111331192,23.53257817284613,central,unknown,0.0,2429,2
720575940612448997,2.0387445508562183,24.712334202162864,central,unknown,0.0,5821,2
720575940612450730,1.6953443162786097,24.527885856650556,central,Kenyon_Cell,0.0,4929,2
720575940612455917,3.1048241660681293,25.13295708449632,sensory,olfactory,0.0,7350,0
720575940612461461,1.9497813573260847,24.66771724184108,central,ALLN,2.571933006310241e-05,120,1
720575940612465817,0.9519931758145272,23.950802587521483,central,unknown,0.0,7188,2
720575940612468594,1.0922678961949277,24.088256173420998,central,ALPN,0.0,6089,2
720575940612475598,2.006377769298518,24.696330991500005,central,ALLN,6.092117316697791e-07,502,1
720575940612483498,1.195539953455857,24.178597927228875,central,unknown,0.0,5871,2
720575940612498073,0.9255670263015134,23.922651272128714,central,unknown,0.0,6163,2
720575940612498346,0.16603536474095829,22.204445527292663,central,unknown,0.0,8204,2
720575940612499097,1.9089348430920916,24.64654541272691,central,LHLN,0.0,5152,2
720575940612499609,1.4468414284129456,24.369382855198527,central,LHLN,0.0,5534,2
720575940612504434,1.814281787392695,24.595689679977667,central,LHLN,0.0,4948,2
720575940612506595,0.7198509983332975,23.67128896485222,central,unknown,0.0,5409,4
720575940612506994,0.04356823939507115,20.866573151679653,central,unknown,0.0,2984,2
720575940612509337,1.9403273794063187,24.662856711109473,central,unknown,0.0,6367,2
720575940612521166,0.9237020509376783,23.92063428496438,central,unknown,0.0,4926,2
720575940612531370,1.1228501135118154,24.115870197135,central,unknown,0.0,4904,2
720575940612532121,1.6848264291707529,24.52166254910428,central,LHLN,0.0,5985,2
720575940612534681,1.134734824831069,24.1263989891265,central,unknown,0.0,3710,2
720575940612542742,0.5348529577787839,23.374236584863684,central,unknown,1.059498663773529e-07,640,2
720575940612549799,0.22288857940832146,22.4989167237055,central,unknown,0.0,4628,2
720575940612551594,0.8968883265429048,23.891176078718626,central,ALPN,0.0,6612,2
720575940612553642,1.5818109701177903,24.458570374290783,central,unknown,0.0,8446,2
720575940612559587,3.082731353905519,25.1258160072239,sensory,olfactory,0.0,2233,0
720575940612564338,1.0,24.0,sensory,olfactory,0.0,4331,0
720575940612570595,0.7969632603802104,23.77305330135561,central,unknown,0.0,1200,2
720575940612575230,1.4644634234201699,24.381488911501016,central,Kenyon_Cell,0.0,4938,2
720575940612576254,1.9048219512205113,24.6443885402844,central,Kenyon_Cell,0.0,900,2
720575940612586211,1.61946061436479,24.48209313970696,central,LHLN,0.0,6745,2
720575940612587286,1.8329961127297614,24.605951848140514,central,Kenyon_Cell,0.0,3075,2
720575940612590102,1.9280927974312485,24.656531326477815,central,Kenyon_Cell,0.0,2471,2
720575940612590503,2.0342617111333436,24.710132957556475,central,Kenyon_Cell,0.0,7613,2
720575940612590754,2.003959038563862,24.69512474317533,central,Kenyon_Cell,0.0,1918,2
720575940612593361,1.5504715070817372,24.43855908278954,central,LHLN,0.0,7868,2
720575940612593617,1.2876961710606383,24.252854707821594,central,unknown,0.0,3877,2
720575940612598499,0.918937207055903,23.915462513570027,central,ALPN,0.0,6695,2
720575940612599215,0.34805905615858357,22.944616887999775,ascending,AN,0.0,1976,2
720575940612605667,2.243549711967398,24.80805930440878,central,ALPN,7.151615980471321e-07,491,2
720575940612606673,1.0978089113031317,24.09331629452021,central,Kenyon_Cell,0.0,4276,2
720575940612607953,1.8345996847820312,24.60682630227504,central,Kenyon_Cell,0.0,1393,2
720575940612615149,3.0226183572834975,25.10612346147743,sensory,olfactory,0.0,1129,0
720575940612615282,1.6451684917085183,24.49784280554262,central,unknown,0.0,4731,2
720575940612619431,0.756986823273884,23.721590567796397,central,unknown,0.0,1567,2
720575940612626966,2.037811789434839,24.711876579915167,central,Kenyon_Cell,0.0,5204,2
720575940612633494,3.0101407789091263,25.101986848068787,sensory,olfactory,0.0,2488,0
720575940612634009,3.0317659144965865,25.10914525981833,sensory,olfactory,0.0,2117,0
720575940612635050,0.49299271539259587,23.29273911887146,central,ALIN,3.310933324292278e-07,556,2
720575940612637554,1.8686520556409292,24.625217345086156,central,ALLN,0.0,6220,1
720575940612638866,0.05571682937893205,21.112526965563355,central,unknown,0.0,1617,2
720575940612647282,2.0628262612403403,24.724077013984456,central,Kenyon_Cell,0.0,3074,2
720575940612650792,1.4778763214819082,24.39060613937779,central,Kenyon_Cell,0.0,3230,2
720575940612653937,1.8274720796644628,24.602933634639705,central,ALPN,0.0,7689,2
720575940612661782,1.8436747887315623,24.611760747721583,central,Kenyon_Cell,0.0,7560,2
720575940612664273,0.06499096739429452,21.266493018092525,central,unknown,0.0,2871,2
720575940612674257,3.0320330583661814,25.10923337087576,sensory,olfactory,0.0,2575,0
720575940612680818,1.7757202103132235,24.57420609292132,central,Kenyon_Cell,0.0,4027,2
720575940612683729,0.3790849789469572,23.030005119824406,central,unknown,0.0,7949,2
720575940612692672,1.6302346776319774,24.488723978462755,central,Kenyon_Cell,0.0,5015,2
720575940612699761,2.1511879724914045,24.76602023488744,central,ALPN,1.37205076958672e-05,210,1
720575940612700450,3.056695371785946,25.117334388543938,sensory,olfactory,0.0,2885,0
720575940612700847,0.6101363245412925,23.505927136071225,central,unknown,0.0,6616,2
720575940612704802,3.0576927933195277,25.117660642460272,sensory,olfactory,0.0,741,0
720575940612713937,1.897876161187751,24.640735451055765,central,unknown,0.0,3062,2
720575940612714671,1.989265288230422,24.68776536867034,central,Kenyon_Cell,0.0,2611,2
720575940612714723,1.7479012115395218,24.55841576049873,central,ALPN,4.52803241430212e-05,64,1
720575940612717202,1.860236785945469,24.620703783894367,central,Kenyon_Cell,0.0,1317,2
720575940612723409,1.1644269558207743,24.152229082587688,central,Kenyon_Cell,0.0,1127,2
720575940612727665,0.016287589027163377,19.882648129434756,central,unknown,0.0,6852,2
720575940612732273,1.2215550004125877,24.20012463764638,central,ALLN,1.4832981292829405e-06,438,1
720575940612737233,1.1758310411042592,24.161975166624156,central,Kenyon_Cell,0.0,3516,2
720575940612740886,1.36684307562273,24.31250375643603,central,Kenyon_Cell,0.0,1328,2
720575940612743958,1.6212527108559138,24.483199128724785,central,Kenyon_Cell,0.0,6997,2
720575940612747434,1.0,24.0,sensory,olfactory,0.0,3249,0
720575940612755665,3.060435941716618,25.118557370430445,sensory,olfactory,0.0,779,0
720575940612757210,0.6796229769550567,23.613782919771857,central,unknown,0.0,3656,3
720575940612758934,1.0989650992467364,24.09436891808987,central,Kenyon_Cell,0.0,4564,2
720575940612766102,1.0764652693796908,24.07368277476555,central,Kenyon_Cell,0.0,2635,2
720575940612785174,1.7298961506556945,24.548061378185185,central,unknown,0.0,6280,2
720575940612789219,1.8257971724570283,24.602016698487894,central,Kenyon_Cell,0.0,4084,2
720575940612794134,1.0197768335690103,24.019583812739402,central,unknown,0.0,5938,2
720575940612800153,3.0831041637746193,25.125936934831678,sensory,olfactory,0.0,3644,0
720575940612803094,1.5166105799529874,24.416477963360187,central,unknown,0.0,5681,2
720575940612803606,1.9541128190813524,24.669936289457098,central,LHLN,0.0,5717,2
720575940612817583,1.9133782904692465,24.648870418148253,central,Kenyon_Cell,0.0,7992,2
720575940612821727,1.9659106485464006,24.67595557234344,central,ALPN,0.0,1362,2
720575940612829663,1.910054494825645,24.647131772973854,central,ALPN,0.0,4385,2
720575940612840982,0.3104432216162463,22.830245744530956,central,unknown,0.0001573885265035,15,2
720575940612846962,1.3718208109131518,24.316138916483506,central,Kenyon_Cell,0.0,1153,2
720575940612853354,1.3660945392673016,24.31195596758782,central,Kenyon_Cell,0.0,7864,2
720575940612856273,0.5582777042487033,23.41710123746368,central,ALPN,0.0,7742,2
720575940612856342,0.7603619151405167,23.726039245081296,central,ALPN,0.0,4668,2
720575940612870381,2.1988292363197006,24.787925053404827,central,Kenyon_Cell,0.0,2741,2
720575940612879341,1.6783052220733417,24.517784487852712,central,Kenyon_Cell,0.0,4116,2
720575940612879853,1.4638492116908761,24.381069412755604,central,Kenyon_Cell,0.0,2891,2
720575940612881105,3.0346236924264636,25.110087427508322,sensory,olfactory,0.0,1352,0
720575940612882355,0.16919421268201243,22.223291963597998,central,unknown,0.0,5321,2
720575940612887154,1.9609191791892917,24.673413332284973,central,unknown,0.0,1148,2
720575940612898161,1.9916053689971323,24.68894103160327,central,ALIN,0.0,2156,1
720575940612901807,3.079008147302123,25.124607515025943,sensory,olfactory,0.0,854,0
720575940612907121,1.8834179752650664,24.63308819809897,central,ALLN,0.0,4705,1
720575940612910376,0.3302413890220255,22.892068589960832,central,unknown,0.0,8404,2
720575940612914546,1.7632265262577738,24.56714538424724,central,LHLN,0.0,7535,2
720575940612918930,1.5521238046858956,24.439624189639986,central,Kenyon_Cell,0.0,1611,2
720575940612919410,1.298003750662494,24.260827507848212,central,unknown,0.0,7080,2
720575940612920434,1.5925681209644578,24.46534788366514,central,unknown,0.0,6636,2
720575940612930710,2.0253868795245054,24.705760733927505,central,Kenyon_Cell,0.0,3461,2
720575940612935317,0.3422861586114051,22.9278918293105,central,unknown,0.0,6693,2
720575940612945266,0.8677636298574627,23.858164082761107,central,unknown,0.0,6093,2
720575940612951789,1.0,24.0,sensory,olfactory,0.0,956,0
720575940612961686,1.9296343318235096,24.657330519589543,central,Kenyon_Cell,0.0,5370,2
720575940612968103,0.48404246163235193,23.274417354531742,central,unknown,0.0,4248,2
720575940612971816,1.0,24.0,sensory,olfactory,0.0,3163,0
720575940612987541,0.47348132996991865,23.252357203024843,central,unknown,0.0,6699,2
720575940612991381,0.36012600485552576,22.97869870471516,central,ALLN,0.0,2417,2
720575940612992479,1.8079782619697224,24.59220923865087,central,ALPN,0.0,6422,1
720575940612999909,1.6144557206854782,24.478997884816852,central,unknown,0.0,7013,2
720575940613003669,1.392505299121387,24.331104498285228,central,unknown,0.0,6671,2
720575940613003889,1.6541034253735751,24.50325912510216,central,unknown,0.0,5380,2
720575940613011375,3.0927593651539804,25.129063690855478,sensory,olfactory,0.0,2243,0
720575940613016104,1.4326372091492097,24.359516948021053,central,ALPN,0.0,7233,2
720575940613016805,0.4532516566849057,23.20869222577004,central,unknown,0.0,8307,2
720575940613017059,1.2388533902542982,24.21418626655299,central,Kenyon_Cell,0.0,980,2
720575940613022367,0.7655973213104275,23.732901062339653,central,unknown,0.0,5946,2
720575940613041123,0.7646819384809,23.73170470169783,central,Kenyon_Cell,0.0,4316,2
720575940613049315,1.894725664129929,24.639074059785287,central,Kenyon_Cell,0.0,7786,2
720575940613050577,1.3422779347770584,24.294368122007167,central,ALPN,0.0,1973,1
720575940613051699,3.0953787143045464,25.129910261915583,sensory,olfactory,0.0,3732,0
720575940613053393,2.9602146791307704,25.0852617924394,sensory,olfactory,0.0,2480,0
720575940613058802,2.1507080972757198,24.765797135486668,central,ALPN,0.0,5425,1
720575940613073960,0.6314593228590675,23.540278247208935,central,unknown,0.0,8654,2
720575940613084625,3.1121133718599068,25.135302036198812,sensory,olfactory,0.0,3649,0
720575940613103912,1.4195697841796806,24.350353856821275,central,unknown,0.0,1998,2
720575940613118610,3.143243041031344,25.145255082548147,sensory,olfactory,0.0,7432,0
720575940613119459,1.3788442229761735,24.321245628671157,central,Kenyon_Cell,0.0,5427,2
720575940613127343,1.0,24.0,sensory,olfactory,0.0,3460,0
720575940613152938,1.5518292426327032,24.439434391631067,central,Kenyon_Cell,0.0,7051,2
720575940613156015,1.0,24.0,sensory,olfactory,0.0,3089,0
720575940613161267,3.3843615930397952,25.219165289770686,sensory,olfactory,0.0,3415,0
720575940613167007,2.549144376434491,24.935757764211505,central,ALPN,1.667386022113591e-05,190,1
720575940613167845,2.6966806626995807,24.992021632512277,central,ALLN,0.0,1025,1
720575940613180591,0.12777926782417023,21.942549026203583,central,unknown,0.0,2088,2
720575940613183717,0.056024760316278566,21.11803846253914,central,unknown,0.0,3870,2
720575940613191591,0.7264566828826147,23.68042357786328,sensory,thermosensory,0.0,1510,2
720575940613196781,1.0,24.0,sensory,olfactory,0.0,3548,0
720575940613197608,1.9580937447449274,24.67197142076861,central,Kenyon_Cell,0.0,7031,2
720575940613201814,3.0355049810043533,25.11037779650427,sensory,olfactory,0.0,3512,0
720575940613203119,1.158715966067909,24.147312466219905,central,ALPN,0.0,6212,2
720575940613207471,0.4232571731978446,23.140224689785533,central,unknown,0.0,6598,2
720575940613211055,2.4551278884267784,24.89817885293522,central,LHLN,0.0,7930,2
720575940613212141,0.5520537815212351,23.405890192841028,central,unknown,0.0,6109,2
720575940613213151,1.1927425391834316,24.176255310255915,central,Kenyon_Cell,0.0,1946,2
720575940613213165,1.439501774009039,24.364297063447964,central,LHLN,0.0,5928,2
720575940613218344,1.9832586596282813,24.68474127957304,central,Kenyon_Cell,0.0,4122,2
720575940613222835,1.882494004356575,24.632597495750094,central,ALLN,0.0,1209,1
720575940613226989,1.9623997725892675,24.67416809807815,central,LHLN,0.0,4680,2
720575940613233891,1.3496188176820023,24.299822195307428,central,unknown,0.0,6360,2
720575940613234897,0.5775914529511298,23.45111151096471,central,unknown,0.0,7122,2
720575940613237758,1.7636618001090847,24.56739221590917,central,Kenyon_Cell,0.0,800,2
720575940613253091,1.2916984828841713,24.255958005744166,central,LHLN,0.0,6271,2
720575940613254627,1.4849313215042863,24.395368523039924,central,unknown,0.0,5819,2
720575940613257187,2.0072539786977055,24.6967676082442,central,LHLN,0.0,6580,2
720575940613257664,2.148535562637532,24.76478647640569,central,Kenyon_Cell,0.0,2924,2
720575940613258221,1.9418308291945072,24.663631254434378,central,ALON,3.039436791700311e-05,106,1
720575940613258975,1.1938479839650322,24.177181690252763,central,Kenyon_Cell,0.0,1324,2
720575940613271219,2.2979951511331946,24.832037069386562,central,ALPN,2.913621325377205e-07,561,2
720575940613301410,2.1539879200152763,24.767320970554717,central,Kenyon_Cell,0.0,2920,2
720575940613303471,0.049737044636963,20.998994741402797,central,unknown,0.0,7063,2
720575940613337086,3.112177367137113,25.13532259927335,sensory,olfactory,0.0,3972,0
720575940613337640,1.2760495664988598,24.243769029386684,central,Kenyon_Cell,0.0,3533,2
720575940613338690,0.2724134275623728,22.69956558762596,central,unknown,0.0,6839,2
720575940613339688,0.021847424941360705,20.17632778396044,central,unknown,0.0,5658,2
720575940613345442,1.6673544520235593,24.511238209854778,central,ALPN,3.059302391646065e-06,368,1
720575940613347793,1.4960689004049665,24.402840934912152,central,ALPN,0.0,4504,2
720575940613348246,1.3654185420075438,24.311461005818686,central,Kenyon_Cell,0.0,2047,2
720575940613353425,0.3599416646009557,22.978186696562545,central,unknown,0.0,8440,2
720575940613355423,2.2635633502380426,24.81694027523717,central,ALPN,0.0,3745,2
720575940613355670,1.2901649632002339,24.25477008864762,central,unknown,0.0,7731,2
720575940613359266,1.4258697285570967,24.354781963370993,central,Kenyon_Cell,0.0,3414,2
720575940613360554,0.11689609210750805,21.85353015957448,visual_projection,unknown,0.0,1872,2
720575940613364461,0.8004411110929506,23.777407685592994,central,Kenyon_Cell,0.0,926,2
720575940613396130,3.081496534891599,25.125415366931975,sensory,olfactory,0.0,8382,0
720575940613397362,1.6002076102319458,24.470133377223068,central,unknown,0.0,6764,2
720575940613403458,2.018254568674908,24.702233062971786,central,Kenyon_Cell,0.0,5077,2
720575940613414297,0.1475657468860331,22.086518539084686,central,unknown,0.0,7752,2
720575940613418547,0.12646154674600002,21.93218300468218,central,unknown,4.502869321037498e-07,529,2
720575940613419695,2.428878670426517,24.887429698351113,central,ALPN,9.323588241207055e-06,247,1
720575940613434530,1.775590676038157,24.574133142802747,central,Kenyon_Cell,0.0,5209,2
720575940613436327,0.03689596498316662,20.700346916035507,central,unknown,0.0,4184,2
720575940613437359,3.0457352484515936,25.113742332918513,sensory,olfactory,0.0,2416,0
720575940613449122,0.3496017923182189,22.949039491554462,central,unknown,0.0,4335,2
720575940613452525,2.0404106128887323,24.713151068429667,central,Kenyon_Cell,0.0,922,2
720575940613463859,1.598411388058546,24.469010253548024,central,unknown,0.0,4649,2
720575940613466577,3.1004788089634463,25.13155655406857,sensory,olfactory,0.0,4002,0
720575940613481256,1.0,24.0,sensory,olfactory,0.0,4347,0
720575940613489617,2.2389726501051337,24.80601712231429,central,ALLN,0.0,5770,1
720575940613493485,0.5526824911044701,23.407028400514097,central,unknown,0.0,5870,2
720575940613494447,1.8112022065853173,24.59399082732618,central,LHLN,0.0,5109,2
720575940613502435,1.0,24.0,sensory,olfactory,0.0,6017,0
720575940613507946,1.3908700294051082,24.329929471771436,central,Kenyon_Cell,0.0,1743,2
720575940613509010,3.0771450958789144,25.124002250209916,sensory,olfactory,0.0,1070,0
720575940613524903,0.1842613409461866,22.308599802139803,central,unknown,8.899788775697643e-06,256,2
720575940613527761,0.08078805192746095,21.484073803425854,central,unknown,5.165055985895954e-07,517,2
720575940613528616,0.01798393066179705,19.98172333917217,central,unknown,0.0,3660,2
720575940613530349,1.168558374389429,24.155770830436555,central,unknown,0.0,5238,2
720575940613531295,0.23381611957962709,22.54677971369981,central,unknown,0.0,5430,2
720575940613557288,1.421275301663603,24.35155456832598,central,unknown,0.0,5223,2
720575940613563538,1.0,24.0,sensory,olfactory,0.0,3300,0
720575940613579943,2.5548199098567554,24.937981735792498,central,ALPN,1.855447034933393e-05,175,1
720575940613583001,0.46947757360924636,23.243865251984847,central,MBIN,1.430323196094264e-05,205,2
720575940613588246,0.059193130582501224,21.173050218717208,visual_centrifugal,unknown,0.0,5294,2
720575940613590501,2.093854250041211,24.739006506416164,central,ALLN,0.0004394668019999,4,1
720575940613594783,0.15072690321686963,22.107714332395183,central,unknown,0.0,7111,2
720575940613613619,1.3586037832466331,24.30645754243675,central,ALPN,0.0,4172,2
720575940613622312,1.1654172170541286,24.15307914913249,central,Kenyon_Cell,0.0,3500,2
720575940613623961,1.0247402997585877,24.02443921439858,central,unknown,0.0,8034,2
720575940613632997,0.009265428429610013,19.31853482141408,ascending,AN,0.0,7838,2
720575940613637782,3.2298825786494785,25.17244578321447,sensory,olfactory,0.0,7129,0
720575940613637785,1.583019058040278,24.45933382001799,central,unknown,0.0,5165,2
720575940613645541,1.7989286634462263,24.58719130073372,central,unknown,0.0,5786,2
720575940613655483,2.5667297816250167,24.942632630132707,central,ALPN,0.0,6207,1
720575940613664874,3.1965370614450848,25.162068055540374,sensory,olfactory,0.0,8076,0
720575940613666666,3.0814566517010276,25.125402424049117,sensory,olfactory,0.0,2807,0
720575940613668266,0.12188368575436938,21.89531191552461,central,unknown,2.9440819119606937e-05,110,2
720575940613670893,0.06806891851852487,21.312765420567242,central,unknown,0.0,6850,2
720575940613690031,1.6026984004763003,24.471688708998737,central,Kenyon_Cell,0.0,939,2
720575940613692141,1.7376582602524016,24.552538379346174,central,LHLN,0.0,4576,2
720575940613699807,2.9689130483610517,25.088195908845876,sensory,olfactory,0.0,7413,0
720575940613713704,1.7919084179886744,24.583281207213677,central,Kenyon_Cell,0.0,2849,2
720575940613727399,1.2648135811671848,24.234924744653693,central,Kenyon_Cell,0.0,4534,2
720575940613729576,2.0387980234649943,24.7123604300233,central,Kenyon_Cell,0.0,3169,2
720575940613736941,3.043750173095587,25.113090364717948,sensory,olfactory,0.0,2229,0
720575940613740950,3.0619697358978493,25.119058413417164,sensory,olfactory,0.0,2252,0
720575940613743023,1.4312003416858428,24.35851349195315,central,Kenyon_Cell,0.0,6545,2
720575940613746087,0.159610185624332,22.16497922369851,central,unknown,0.0,8551,2
720575940613751186,2.187166730561801,24.78260697589975,central,ALPN,0.0,2745,2
720575940613752999,2.1095674296081297,24.74648291680623,central,Kenyon_Cell,0.0,1532,2
720575940613762466,0.9915618411822652,23.991526038371347,central,ALPN,0.0,6189,2
720575940613772194,1.4914337991402957,24.39973793856373,central,unknown,0.0,6905,2
720575940613776179,1.4131860135545702,24.34584673945032,central,Kenyon_Cell,0.0,3847,2
720575940613776543,1.6151841147349022,24.47944895310861,central,Kenyon_Cell,0.0,4932,2
720575940613782796,1.5963961539971565,24.467748685017124,central,Kenyon_Cell,0.0,5602,2
720575940613783106,1.909000444406346,24.646579777538946,central,Kenyon_Cell,0.0,3379,2
720575940613784386,1.743675618665927,24.555995309715556,central,Kenyon_Cell,0.0,5410,2
720575940613785041,2.9978942487447027,25.097910125123878,sensory,olfactory,0.0,1805,0
720575940613785139,1.6078270174915297,24.474883588783182,central,unknown,0.0,4732,2
720575940613791399,0.6898137894059049,23.628666411761365,central,ALLN,0.0,5563,2
720575940613791528,1.1824083257331668,24.167553312571624,central,unknown,0.0,5407,2
720575940613792296,0.8231361218730034,23.805366305190873,central,unknown,3.26722900441162e-05,95,2
720575940613793602,1.8958264105700537,24.639654844034848,central,Kenyon_Cell,0.0,3729,2
720575940613794114,1.8644131677953966,24.62294634824381,sensory,thermosensory,0.0,7497,2
720575940613795880,0.2945446172657894,22.77767521438568,central,unknown,0.0,5805,2
720575940613796527,2.0631287275047425,24.724223630351222,central,Kenyon_Cell,0.0,8621,2
720575940613798142,0.02796983904270547,20.423371473574683,central,unknown,0.0,2574,2
720575940613798195,3.051263498822811,25.115555766745665,sensory,olfactory,0.0,1762,0
720575940613804259,2.0155127419923984,24.700873625555793,central,ALLN,0.0001465551526664,18,1
720575940613809554,1.7655751313392172,24.568476490756538,central,ALPN,0.0,8390,1
720575940613815830,1.5547236505833373,24.441297813171055,central,unknown,0.0,6303,2
720575940613824914,1.8657871197349902,24.6236830121738,central,ALPN,0.0,3942,1
720575940613849553,1.4853079429587464,24.395622119752474,central,unknown,0.0,7793,2
720575940613858046,0.7345536475542667,23.69150775352106,central,unknown,0.0,7717,2
720575940613860754,2.7160614210128173,24.999182823952093,sensory,olfactory,0.0,3333,0
720575940613863087,1.855305155864818,24.61804918703935,central,LHLN,0.0,7971,2
720575940613863330,1.9610024345983934,24.673455788722052,central,Kenyon_Cell,0.0,7023,2
720575940613863731,0.04386129232426536,20.87327692833106,central,unknown,0.0,6787,2
720575940613864401,0.8610043399526524,23.850344266028305,central,ALPN,1.4832981292829405e-06,439,1
720575940613865110,0.09159691748311108,21.609642340200608,central,unknown,0.0,5314,2
720575940613867682,1.511624209380194,24.41318470809675,central,Kenyon_Cell,0.0,5166,2
720575940613869777,0.30709541760268555,22.819403226838123,central,ALPN,0.0,8383,2
720575940613875858,2.8989799062918373,25.064358918660524,sensory,olfactory,0.0,3789,0
720575940613877423,0.38946807166480385,23.05702661034948,central,unknown,0.0,7517,2
720575940613885506,3.0510340766424067,25.115480574679832,sensory,olfactory,0.0,2309,0
720575940613889711,1.5839919450993913,24.45994820821478,central,unknown,0.0,6874,2
720575940613897890,1.8254588724106775,24.601831392366844,central,Kenyon_Cell,0.0,7616,2
720575940613898449,0.6310898464821794,23.539692960874895,central,unknown,0.0,6386,2
720575940613909555,1.6495088221852616,24.50047756007187,central,Kenyon_Cell,0.0,4423,2
720575940613911186,3.060435941716618,25.118557370430445,sensory,olfactory,0.0,2783,0
720575940613914774,1.9471574471261457,24.666370589646554,sensory,hygrosensory,0.0,1125,2
720575940613920159,1.6939823710612456,24.527082189482233,central,Kenyon_Cell,0.0,4226,2
720575940613929670,1.5390918348713334,24.431192524857696,central,Kenyon_Cell,0.0,2628,2
720575940613939090,1.983297040233199,24.684760631679914,central,Kenyon_Cell,0.0,7675,2
720575940613940074,0.023450951981584874,20.24715581131578,central,unknown,3.692352843250749e-05,81,2
720575940613941533,1.7161701035565788,24.540095124099643,sensory,hygrosensory,0.0,1131,2
720575940613942045,1.731634792297383,24.549065928955667,sensory,hygrosensory,0.0,7351,2
720575940613942301,1.7390198460024102,24.553321647614336,sensory,hygrosensory,0.0,1486,2
720575940613942557,1.706961819637942,24.53471507662481,sensory,hygrosensory,0.0,7337,2
720575940613943914,2.484449831411644,24.910051239226718,central,ALPN,0.0,6957,1
720575940613954769,1.4472250619233682,24.369647972474823,central,Kenyon_Cell,0.0,7482,2
720575940613961522,1.9093081563565122,24.6467409546375,central,ALPN,0.0,1165,2
720575940613970147,2.082059173871579,24.733357391437103,central,ALLN,0.0,748,1
720575940613973058,0.919326644947695,23.915886215420223,central,unknown,0.0,7479,2
720575940613974890,1.0,24.0,sensory,olfactory,0.0,3038,0
720575940613975455,1.9636722564600202,24.674816320477483,central,Kenyon_Cell,0.0,4022,2
720575940613978892,1.5355059409139389,24.42885992993322,central,Kenyon_Cell,0.0,7707,2
720575940613987635,1.9074809043771028,24.645783473314886,central,Kenyon_Cell,0.0,3924,2
720575940613991731,0.1350856275566048,21.998153576583967,central,unknown,0.0,2067,2
720575940613999263,1.0,24.0,sensory,olfactory,0.0,2396,0
720575940614008785,2.060495977572822,24.722946719634102,central,Kenyon_Cell,0.0,3011,2
720575940614009827,1.7829339494582637,24.578260293583654,central,ALPN,0.0,1239,2
720575940614014431,3.062074774084496,25.11909271695186,sensory,olfactory,0.0,2511,0
720575940614036019,1.5943877214415378,24.46648978883407,central,Kenyon_Cell,0.0,4460,2
720575940614037533,3.105007635775996,25.133016174569534,sensory,olfactory,0.0,4165,0
720575940614037811,1.8933619244604796,24.638354044898367,central,Kenyon_Cell,0.0,4195,2
720575940614037910,1.0,24.0,sensory,olfactory,0.0,4186,0
720575940614041139,1.4589124127184838,24.377691235331834,central,unknown,0.0,8146,2
720575940614043699,1.1568801927094479,24.145726892901255,central,LHLN,0.0,1213,2
720575940614053149,3.117986888428261,25.137187565504313,sensory,olfactory,0.0,1512,0
720575940614053405,3.0756158808400778,25.123505167655885,sensory,olfactory,0.0,3096,0
720575940614054685,3.1325996368603723,25.14186321473966,sensory,olfactory,0.0,3325,0
720575940614055622,0.5559113191355568,23.412853504589663,central,unknown,0.0,8544,2
720575940614062503,0.11327804077584783,21.822090055402757,central,unknown,0.0,5662,2
720575940614065676,0.8362856833787602,23.82121500225697,central,ALPN,3.6022954568299985e-06,353,2
720575940614067507,0.6442923170329543,23.56039725257321,central,unknown,0.0,3731,2
720575940614076211,1.487406199075166,24.39703379700405,central,unknown,0.0,4947,2
720575940614079715,0.07443763962054879,21.402206443806502,central,unknown,2.6487466594338225e-07,569,2
720575940614087377,0.4296559610935237,23.15522951898208,central,unknown,0.0,4199,2
720575940614089726,0.018103790887965175,19.988366078683914,descending,unknown,0.0,2916,2
720575940614092753,1.4419722230767669,24.36601177590106,central,unknown,0.0,4811,2
720575940614102930,3.150354201003403,25.147514891279087,sensory,olfactory,0.0,2540,0
720575940614103505,1.664968550434065,24.509806234625824,central,unknown,0.0,7975,2
720575940614104017,0.9764520354634828,23.976170351299228,central,unknown,0.0,7170,2
720575940614105342,3.0596058146419223,25.118286088921973,sensory,olfactory,0.0,2137,0
720575940614110375,3.0773171611751193,25.124058165833105,sensory,olfactory,0.0,1279,0
720575940614110866,1.0,24.0,sensory,olfactory,0.0,3376,0
720575940614113682,1.76354969220632,24.567328648468973,central,ALLN,0.0,6041,1
720575940614114814,1.7818263125839275,24.57763885661255,central,ALPN,0.0,8637,2
720575940614116049,1.4618400075965448,24.379695921410764,central,unknown,0.0,6413,2
720575940614117374,1.0,24.0,sensory,olfactory,0.0,3206,0
720575940614120190,3.0932376213274155,25.12921831627008,sensory,olfactory,0.0,3118,0
720575940614128691,0.04562327463083969,20.912662715895102,central,unknown,0.0,8504,2
720575940614131131,1.3127858847224962,24.272151508696403,central,Kenyon_Cell,0.0,2009,2
720575940614137809,1.633986619135251,24.491022807380567,central,unknown,1.5164074625258634e-05,198,2
720575940614143942,2.188429642630807,24.783184228459795,central,Kenyon_Cell,0.0,7588,2
720575940614147178,1.0,24.0,sensory,olfactory,0.0,3552,0
720575940614150567,0.5513155815115828,23.404552109431197,central,unknown,0.0,5551,2
720575940614155882,3.153158757907328,25.1484047306773,sensory,olfactory,0.0,744,0
720575940614159010,0.9554627334102179,23.954440481750478,central,unknown,0.0,5613,2
720575940614174943,2.9364590860082704,25.07720446297286,sensory,olfactory,0.0,8085,0
720575940614175742,0.11955805098696251,21.876046756753073,central,unknown,0.0,5656,2
720575940614176927,1.407081899874907,24.3415179853045,central,Kenyon_Cell,0.0,3363,2
720575940614180714,1.4378065683695178,24.36311873590434,central,Kenyon_Cell,0.0,6552,2
720575940614184671,3.089886787465544,25.128134451877788,sensory,olfactory,0.0,1784,0
720575940614196667,0.6394513587311181,23.552855277738345,central,unknown,0.0,2008,2
720575940614199914,1.688736746027475,24.523980761869154,central,Kenyon_Cell,0.0,3743,2
720575940614203916,1.4021995043455318,24.338042078307236,central,Kenyon_Cell,0.0,2874,2
720575940614204414,0.6268754888196256,23.532992659505844,central,unknown,0.0,6148,2
720575940614207850,1.6794749540063418,24.51848121719113,central,Kenyon_Cell,0.0,4319,2
720575940614212514,3.0296738927412084,25.10845498757115,sensory,olfactory,0.0,2116,0
720575940614218346,2.0569183494380736,24.721208915881082,central,Kenyon_Cell,0.0,5723,2
720575940614219370,1.8357229983235641,24.60743840844313,central,Kenyon_Cell,0.0,3752,2
720575940614220269,0.116675230218347,21.851638986010972,central,unknown,0.0,4559,2
720575940614229159,1.0824026876023636,24.079183280874283,central,Kenyon_Cell,0.0,1909,2
720575940614229415,0.8641092155188497,23.853943888683766,central,Kenyon_Cell,0.0,8292,2
720575940614236575,3.0583913318509692,25.11788906918567,sensory,olfactory,0.0,2213,0
720575940614238114,1.6897636008607229,24.524588638003202,central,ALPN,0.0,5691,2
720575940614240766,1.2705515654140336,24.23945110966366,central,Kenyon_Cell,0.0,2637,2
720575940614248446,2.116498163030242,24.749762913050397,central,Kenyon_Cell,0.0,7259,2
720575940614255522,2.989850445437106,25.09522336790318,sensory,olfactory,0.0,756,0
720575940614257986,3.1562428311452915,25.14938234271865,sensory,olfactory,0.0,2327,0
720575940614258082,1.0,24.0,sensory,olfactory,0.0,6008,0
720575940614263719,1.3600381576288818,24.307512756434427,central,Kenyon_Cell,0.0,8357,2
720575940614281578,0.5958536672516672,23.482239833191553,central,unknown,0.0,6323,2
720575940614283006,1.7728700604634318,24.57259973645569,central,Kenyon_Cell,0.0,2581,2
720575940614285930,0.07869591440196277,21.45783596152267,central,unknown,0.0,5841,2
720575940614291181,0.024882596086762163,20.30641332776859,ascending,AN,9.27061330801838e-08,648,2
720575940614298986,0.04147701440280711,20.817384125000093,ascending,AN,1.8541226616036761e-07,589,2
720575940614304012,1.6204644798771721,24.482712824122686,central,Kenyon_Cell,0.0,7511,2
720575940614306814,1.134262640050074,24.125982783471695,central,Kenyon_Cell,0.0,885,2
720575940614308002,1.4602598812392822,24.3786144207288,central,Kenyon_Cell,0.0,4234,2
720575940614308146,1.8465261678840914,24.613306126823435,central,Kenyon_Cell,0.0,3449,2
720575940614308758,0.5982371328687478,23.486231939624773,central,ALLN,0.0,7737,2
720575940614309535,1.6200536486746882,24.48245926516181,central,ALPN,2.767940259108344e-06,379,1
720575940614311079,1.723745651231327,24.54449962726872,central,Kenyon_Cell,0.0,4581,2
720575940614313996,1.4300370402956335,24.357700346240996,central,Kenyon_Cell,0.0,2655,2
720575940614314399,0.4690228847656808,23.24289628308327,central,unknown,0.0,6566,2
720575940614325138,3.313400727339601,25.197975072036854,sensory,olfactory,0.0,7880,0
720575940614326162,1.7774454101763024,24.575177170649134,central,ALPN,7.204590913659997e-06,286,1
720575940614326439,1.5830181431208854,24.459333242059277,central,Kenyon_Cell,0.0,7269,2
720575940614327442,3.039113020333366,25.11156570321791,sensory,olfactory,0.0,1898,0
720575940614328994,0.5286052644433149,23.362486682357744,central,unknown,0.0,6883,2
720575940614342038,0.040979870373684626,20.80532570066316,descending,unknown,0.0,1935,2
720575940614344354,0.5778868171810001,23.451622752489435,central,ALPN,1.3243733297169113e-07,619,1
720575940614344755,1.0,24.0,sensory,olfactory,0.0,3195,0
720575940614348962,0.18972382656580408,22.3378141913674,central,unknown,0.0,7058,2
720575940614357731,0.19978571626517583,22.38949009451249,central,unknown,0.0,8144,2
720575940614367715,1.4541501705176814,24.374421654739482,central,unknown,0.0,4821,2
720575940614371986,1.8510543075616972,24.615755372740487,central,Kenyon_Cell,0.0,5032,2
720575940614374034,0.20525223174251125,22.416484342580013,central,unknown,0.0,5944,2
720575940614376615,0.2740162156741721,22.70543200694739,central,unknown,0.0,4835,2
720575940614378143,0.08450762424417198,21.529086479052392,central,unknown,0.0,2719,2
720575940614378463,3.140479695888138,25.144375557643233,sensory,olfactory,0.0,2305,0
720575940614380556,1.8141286241417154,24.595605255541784,central,unknown,0.0,2953,2
720575940614383628,0.3376855752572627,22.914359932831,central,unknown,0.0,2765,2
720575940614386738,1.9619930192451396,24.67396080315781,central,Kenyon_Cell,0.0,5218,2
720575940614388447,0.4165763760182329,23.12431454160755,central,unknown,0.0,5085,2
720575940614390755,1.2995556610856611,24.262022406875968,central,unknown,0.0,7909,2
720575940614396778,0.30152621796055157,22.801101691814228,central,unknown,0.0,6894,2
720575940614416018,1.8181679678559457,24.597829383047376,central,Kenyon_Cell,0.0,4458,2
720575940614423038,1.671964026628338,24.513998999256618,central,unknown,0.0,5405,2
720575940614426799,3.0506960024022183,25.115369762095153,sensory,olfactory,0.0,2364,0
720575940614427055,2.9674181596276283,25.08769226822589,sensory,olfactory,0.0,1379,0
720575940614427567,3.1073423435600582,25.133767808943563,sensory,olfactory,0.0,4089,0
720575940614429078,1.0,24.0,sensory,olfactory,0.0,4515,0
720575940614429165,1.9040740555058226,24.64399583031123,central,ALLN,3.046058658348896e-07,560,1
720575940614430102,3.0124989073206168,25.10276993610156,sensory,olfactory,0.0,1301,0
720575940614434046,0.4380227488580916,23.174515568077748,central,unknown,0.0,8201,2
720575940614437886,0.7679943842702726,23.736027141990718,central,unknown,0.0,5540,2
720575940614443687,1.7880690642698125,24.581136302554448,central,unknown,0.0,7780,2
720575940614463911,2.1126435007959508,24.747940007312963,central,unknown,0.0,6284,2
720575940614467751,0.17613589053932965,22.26350052347313,central,unknown,0.0,5303,2
720575940614468007,1.5115962473948183,24.413166209951626,central,unknown,0.0,5882,2
720575940614470567,1.819131424454735,24.598359147863196,central,unknown,0.0,3246,2
720575940614474407,1.5129416824159563,24.41405588972494,central,unknown,1.4568106626886024e-07,610,2
720575940614476434,0.7084811640915019,23.65536819417981,central,unknown,0.0,8580,2
720575940614476967,1.306534765136482,24.267378414990358,central,LHLN,0.0,7811,2
720575940614483879,0.660375405139423,23.585053190001187,central,unknown,0.0,6380,2
720575940614485159,1.8259828819363082,24.602118407504687,central,unknown,0.0,7562,2
720575940614485671,1.5230950907208494,24.420744508418874,central,unknown,0.0,8448,2
720575940614486439,1.7951294520276426,24.585077137461106,central,LHLN,0.0,6658,2
720575940614489511,0.1925543022147061,22.352622924393003,central,unknown,0.0,8250,2
720575940614492397,0.03904948222071146,20.75707433782286,central,unknown,3.575807990235661e-07,547,2
720575940614495093,1.769921191098532,24.57093502079139,central,Kenyon_Cell,0.0,887,2
720575940614518690,0.07746846384235138,21.442115656400293,central,unknown,0.0,4743,2
720575940614522043,1.8804871257096605,24.63153085269884,central,Kenyon_Cell,0.0,8679,2
720575940614522847,3.111129822740606,25.134985947273236,sensory,olfactory,0.0,6858,0
720575940614523871,2.040613115150371,24.71325030934337,central,Kenyon_Cell,0.0,1924,2
720575940614524127,1.6636233251289598,24.508997949664117,central,Kenyon_Cell,0.0,2048,2
720575940614529430,0.11952792750592348,21.87579476806358,central,unknown,0.0,7153,2
720575940614533226,2.174358470236296,24.77673366481931,central,Kenyon_Cell,0.0,4305,2
720575940614544034,1.6694607328384208,24.51250065981255,central,Kenyon_Cell,0.0,4127,2
720575940614548253,3.120131151992801,25.137875036833037,sensory,olfactory,0.0,1586,0
720575940614548765,3.0524789319237344,25.115954025070216,sensory,olfactory,0.0,845,0
720575940614549650,1.3016412370288548,24.26362595821928,central,Kenyon_Cell,0.0,6877,2
720575940614549906,1.7245074161899676,24.54494145387259,central,Kenyon_Cell,0.0,6450,2
720575940614553767,1.8343082327332652,24.606667425543364,central,LHLN,0.0,6431,2
720575940614559163,3.115212701412922,25.13629743286584,sensory,olfactory,0.0,773,0
720575940614562867,0.04771908026310778,20.957576044447165,visual_projection,unknown,0.0,5339,2
720575940614567611,0.08893520893810053,21.580152836177458,central,unknown,0.0,2717,2
720575940614569414,2.9930068189962684,25.09627850718279,sensory,olfactory,0.0,3381,0
720575940614570793,1.9036620849261963,24.643779444214065,sensory,hygrosensory,0.0,1668,2
720575940614573674,0.24783480059253354,22.605007118578907,central,unknown,0.0,4198,2
720575940614576396,0.8486295016049508,23.835867418212377,central,ALPN,0.0,4620,2
720575940614583618,1.0,24.0,sensory,olfactory,0.0,3276,0
720575940614586690,1.0,24.0,sensory,olfactory,0.0,4739,0
720575940614587615,0.03609227955030132,20.678323700612232,central,unknown,0.0,8585,2
720575940614595218,1.0347559075188146,24.03416556075707,central,MBON,0.0,6256,2
720575940614604962,0.09518159616664013,21.64803132654962,central,unknown,0.0,3631,2
720575940614605458,1.7452143622352767,24.55687739179756,central,Kenyon_Cell,0.0,806,2
720575940614605730,1.8175068034464523,24.597465673717817,central,unknown,0.0,7148,2
720575940614610925,2.072968800505848,24.72898178293317,central,ALPN,0.0,3748,1
720575940614612374,1.045885942951514,24.044864318541972,central,unknown,0.0,7727,2
720575940614614203,1.0603196050140138,24.058570376841878,central,Kenyon_Cell,0.0,5114,2
720575940614618683,1.3566869047635752,24.305045628191277,central,ALLN,0.0,7640,2
720575940614625211,1.5211447615792617,24.419463184014063,central,Kenyon_Cell,0.0,7281,2
720575940614633622,1.608608456456553,24.47536949250283,central,unknown,0.0,8445,2
720575940614634346,3.0725492720904946,25.122507598811325,sensory,olfactory,0.0,1284,0
720575940614634786,1.7104717403131242,24.536769203997157,sensory,hygrosensory,0.0,1242,2
720575940614636450,2.0814225480675628,24.733051577288514,central,LHLN,0.0,5225,2
720575940614638754,1.8857687391528408,24.63433555694356,central,LHLN,0.0,7637,2
720575940614642655,1.583895432994084,24.459887276689244,central,LHLN,0.0,1980,2
720575940614647658,1.0,24.0,sensory,olfactory,0.0,3309,0
720575940614652818,2.044000719706098,24.714909024448097,central,Kenyon_Cell,0.0,7878,2
720575940614653290,2.99523629752949,25.09702312579391,sensory,olfactory,0.0,8303,0
720575940614659690,0.5024891757230553,23.311818819869444,central,unknown,0.0,5639,2
720575940614661749,0.35809709141641133,22.97304887572289,central,unknown,0.0,3874,2
720575940614662517,1.376246354056466,24.319359759864298,central,unknown,0.0,6117,2
720575940614666658,2.141096800203824,24.761318221198202,central,LHLN,0.0,7700,2
720575940614671978,1.1609798101357303,24.149264312500573,central,unknown,0.0,5061,2
720575940614673058,1.429897404896734,24.357602696870575,central,unknown,0.0,5192,2
720575940614673826,0.3899724227332231,23.058320746700964,central,unknown,0.0,5854,2
720575940614676447,2.9979166161831974,25.097917586145915,sensory,olfactory,0.0,2225,0
720575940614677410,0.5679497287733353,23.43427763014141,central,unknown,0.0,8430,2
720575940614682043,0.5475293960100984,23.397660872609837,central,unknown,0.0,5244,2
720575940614684822,0.09400821617066937,21.63562690553913,central,unknown,0.0,5851,2
720575940614691690,3.0641856390524174,25.119781837201117,sensory,olfactory,0.0,8080,0
720575940614694517,0.2789235773299186,22.723182548937064,central,unknown,0.0,6689,2
720575940614701730,1.977950660884185,24.682061288948155,central,unknown,0.0,4702,2
720575940614707874,1.652434799316813,24.502249836181228,central,unknown,0.0,4424,2
720575940614709410,1.6338688206115677,24.490950712071637,central,LHLN,0.0,4840,2
720575940614710509,0.011661935095096745,19.548574848298717,visual_centrifugal,unknown,0.0,5473,2
720575940614711638,2.0134550713317676,24.699852187343886,sensory,hygrosensory,0.0,3129,2
720575940614714178,2.4304611965899023,24.888081032179425,central,ALPN,1.3243733297169112e-08,708,1
720575940614717452,0.257789577839989,22.64438838339771,central,unknown,0.0,6048,2
720575940614719122,1.3711023916952165,24.3156150817413,central,unknown,0.0,6488,2
720575940614719634,1.7910643266770958,24.58281003905955,central,unknown,0.0,7448,2
720575940614724038,3.1325996368603723,25.14186321473966,sensory,olfactory,0.0,4506,0
720575940614726546,1.0,24.0,sensory,olfactory,0.0,4388,0
720575940614727903,1.8020480071823146,24.58892379988695,central,ALPN,1.2992102364522898e-05,214,1
720575940614728351,2.924659046424088,25.073177908564457,sensory,olfactory,0.0,3065,0
720575940614735372,3.084986197296944,25.12654718321345,sensory,olfactory,0.0,757,0
720575940614740374,0.018896452827640693,20.031218944391952,central,unknown,0.0,7722,2
720575940614741485,1.8670515055038308,24.624360451486954,central,LHLN,0.0,6752,2
720575940614742214,3.0124989073206168,25.10276993610156,sensory,olfactory,0.0,1248,0
720575940614755478,2.124471584222071,24.753523105205364,central,Kenyon_Cell,0.0,963,2
720575940614756589,2.612195595797074,24.960191092146953,central,ALLN,3.7466521497691415e-05,79,1
720575940614757974,2.1006275614283774,24.742236138861383,central,ALLN,0.0,8417,1
720575940614770498,0.9636091198072285,23.962930456021834,central,unknown,4.105557322122424e-06,343,2
720575940614774434,1.40348149506777,24.33895593188626,central,ALLN,0.0,8416,1
720575940614774923,1.0421545603066795,24.04129026275998,central,ALPN,0.0,4722,2
720575940614777247,1.3882875047903092,24.328070976650984,central,Kenyon_Cell,0.0,808,2
720575940614778124,3.112523508407782,25.135433814664403,sensory,olfactory,0.0,960,0
720575940614781546,1.7340331067805097,24.55044997089841,central,Kenyon_Cell,0.0,7575,2
720575940614784918,1.834548405084016,24.606798350447114,central,Kenyon_Cell,0.0,6536,2
720575940614785130,1.7997684626742172,24.587658024780676,central,Kenyon_Cell,0.0,5003,2
720575940614791018,1.3670083904169361,24.31262469555541,central,unknown,0.0,1456,2
720575940614792554,1.7248962278788411,24.545166890922378,central,LHLN,0.0,4695,2
720575940614792810,2.0136146435874847,24.699931437154344,central,LHLN,0.0,7048,2
720575940614793026,1.8633230253797186,24.622361466487025,central,Kenyon_Cell,0.0,4320,2
720575940614816598,1.4783320015298167,24.39091442621128,central,Kenyon_Cell,0.0,7771,2
720575940614824095,1.86962851964988,24.62573975853881,central,Kenyon_Cell,0.0,6449,2
720575940614825026,1.3489868441409618,24.299353824873368,central,Kenyon_Cell,0.0,4380,2
720575940614825622,1.9198418429838182,24.652242809200885,central,Kenyon_Cell,0.0,798,2
720575940614831291,3.0407805497618736,25.112114242251067,sensory,olfactory,0.0,2492,0
720575940614832543,2.1131013163043684,24.748156686516285,central,ALLN,0.0,4105,2
720575940614833567,3.0324094797694667,25.109357511355746,sensory,olfactory,0.0,966,0
720575940614842262,1.8555304232275942,24.618170597626403,sensory,hygrosensory,0.0,1286,2
720575940614844994,3.1368856712769646,25.143230483302755,sensory,olfactory,0.0,2459,0
720575940614862230,1.0523288568563138,24.05100566704027,central,Kenyon_Cell,0.0,2646,2
720575940614866235,1.225069819993788,24.202997838285782,central,unknown,0.0,6002,2
720575940614869387,1.7158194518199255,24.539890780973177,central,Kenyon_Cell,0.0,2907,2
720575940614871106,0.22057492982847124,22.488482175995962,central,ALPN,0.0,7884,2
720575940614871402,1.9685537324964026,24.677299127191887,central,Kenyon_Cell,0.0,2086,2
720575940614880671,3.083146395285179,25.125950632462082,sensory,olfactory,0.0,1345,0
720575940614883551,1.6956209912969191,24.52804904028343,central,LHLN,0.0,6999,2
720575940614887830,2.0118233644708217,24.69904145736516,central,Kenyon_Cell,0.0,4514,2
720575940614890902,1.098579110747268,24.094017627315665,central,Kenyon_Cell,0.0,4333,2
720575940614898037,3.03959266971603,25.111723516215648,sensory,olfactory,0.0,3638,0
720575940614899061,1.7103370942578942,24.536690482231744,central,Kenyon_Cell,0.0,2997,2
720575940614908758,1.6342206910002595,24.49116604912945,central,LHLN,0.0,5812,2
720575940614919709,1.9790218782755848,24.6826027217769,sensory,hygrosensory,0.0,2385,2
720575940614921501,1.69157684139683,24.525661136168278,sensory,hygrosensory,0.0,7890,2
720575940614926790,3.153371716403167,25.148472266542473,sensory,olfactory,0.0,719,0
720575940614928234,0.5596585871318557,23.419571652989298,central,unknown,0.0,7397,2
720575940614932898,1.0,24.0,sensory,olfactory,0.0,3505,0
720575940614936543,0.3827363991240797,23.039591220303986,central,unknown,0.0,2732,2
720575940614943126,0.8689685557690773,23.859551661243174,central,unknown,0.0,6052,2
720575940614944977,2.020882698605503,24.70353439547305,central,ALLN,0.0,5789,1
720575940614952415,0.33891980178520986,22.918008227505545,central,unknown,0.0,6571,2
720575940614953565,1.2574355464506481,24.229074366370522,central,LHLN,0.0,5652,2
720575940614953878,1.1503083428602237,24.140030030662565,central,unknown,0.0,3284,2
720575940614956072,1.910054494825645,24.647131772973854,central,ALLN,0.0005251471345659,3,1
720575940614981087,1.6847887667636958,24.521640194974882,central,Kenyon_Cell,0.0,8429,2
720575940614982654,3.060435941716618,25.118557370430445,sensory,olfactory,0.0,1932,0
720575940614984927,1.4606064577304152,24.378851731480157,central,Kenyon_Cell,0.0,3693,2
720575940614993932,3.0646782079455965,25.119942574625387,sensory,olfactory,0.0,2760,0
720575940614996018,2.060435941716618,24.722917582605206,sensory,hygrosensory,0.0,3410,2
720575940614998270,0.9211214318975974,23.91783659646213,central,unknown,0.0,6102,2
720575940615000426,1.6120812173469885,24.477526025784854,central,unknown,0.0,5167,2
720575940615002833,0.9474825218994894,23.94605321126023,central,unknown,0.0,7897,2
720575940615004456,1.3875392357448944,24.327531844252974,central,unknown,0.0,4092,2
720575940615014184,0.5973640930405156,23.484771519604312,central,unknown,0.0,5461,2
720575940615019231,1.7136223591434887,24.538609468679144,central,Kenyon_Cell,0.0,3821,2
720575940615021418,1.698581292475683,24.529793368807116,central,unknown,0.0,6338,2
720575940615021930,1.801624839575097,24.588688946376568,central,unknown,0.0,807,2
720575940615032406,0.5882191302792459,23.469344270035005,central,unknown,0.0,4368,2
720575940615043222,0.017950451075712984,19.979859965202593,descending,unknown,8.423014376999556e-06,260,2
720575940615049578,0.10673614078511616,21.762604535987265,central,unknown,0.0,1606,2
720575940615059240,0.24321074688183789,22.58617305961479,central,unknown,0.0,7190,2
720575940615059752,1.7665098183496295,24.569005745882357,central,unknown,0.0,5043,2
720575940615060290,3.298012115578612,25.19331989774455,sensory,olfactory,0.0,5708,0
720575940615068383,1.6064247986951121,24.474011087830824,central,Kenyon_Cell,0.0,4303,2
720575940615072373,1.3310016565168232,24.28593178397781,central,Kenyon_Cell,0.0,8176,2
720575940615073587,2.322578837964386,24.84267813643194,central,ALLN,0.0,6421,1
720575940615081099,2.2285475213695647,24.80135003755206,central,ALPN,0.0,7289,2
720575940615089970,2.977190549076138,25.09098008706493,sensory,olfactory,0.0,2120,0
720575940615090444,1.7692867573905107,24.5705765034485,central,Kenyon_Cell,0.0,4866,2
720575940615094284,2.0896530389575854,24.736998042127382,central,Kenyon_Cell,0.0,5175,2
720575940615101708,2.1069447201508757,24.745238898194476,central,Kenyon_Cell,0.0,7015,2
720575940615104927,1.048712265833929,24.047562998017465,central,ALPN,1.5892479956602933e-07,597,1
720575940615112646,2.9873964984996895,25.094402271803823,sensory,olfactory,0.0,6810,0
720575940615113867,1.9421836656391398,24.663812940906492,central,Kenyon_Cell,0.0,1899,2
720575940615116207,1.964519212275571,24.675247539696514,central,unknown,0.0,1664,2
720575940615133894,1.7200768400813233,24.542368964293374,central,Kenyon_Cell,0.0,1115,2
720575940615134091,0.3120672140131571,22.835463315155085,central,unknown,0.0,5660,2
720575940615143563,0.17570597105811456,22.261056700027964,central,unknown,0.0,5845,2
720575940615144821,3.0876633725569342,25.12741461474267,sensory,olfactory,0.0,8295,0
720575940615146562,3.0488889182099994,25.114777235138448,sensory,olfactory,0.0,1968,0
720575940615149836,0.04858222764892732,20.97550249880873,visual_projection,unknown,0.0,7755,2
720575940615152011,2.032608472771791,24.70931993015316,central,ALPN,0.0,7298,2
720575940615155507,1.0309018767396476,24.030434027605157,central,unknown,0.0,7917,2
720575940615155910,0.08142052364072772,21.491872095424604,central,unknown,0.0,8212,2
720575940615160386,1.4529281999242136,24.373580968311582,central,ALPN,1.0012262372659848e-05,237,1
720575940615166111,0.6580811650394202,23.581572995859794,central,unknown,9.091822908506597e-05,28,2
720575940615171084,2.969466206484741,25.088382208205196,sensory,olfactory,0.0,2251,0
720575940615183071,0.8946715512335187,23.888701390076406,central,unknown,0.0,5494,2
720575940615184863,0.583263883761851,23.46088443577128,central,unknown,0.0,5502,2
720575940615185595,0.12496765737519754,21.92029968384252,central,unknown,0.0,7155,2
720575940615189465,1.0192046573007039,24.019022575390377,central,ALPN,0.0004058939380916,6,1
720575940615204146,0.20473908336119817,22.41398112541242,central,unknown,0.0,7850,2
720575940615210427,1.166072053880942,24.153640881800275,central,unknown,0.0,8228,2
720575940615215923,0.21878051778814483,22.48031374641365,central,unknown,0.0,4434,2
720575940615217375,1.857229199993034,24.61908569962943,central,unknown,0.0,4961,2
720575940615237170,2.1762914219453506,24.77762224555283,central,Kenyon_Cell,0.0,1502,2
720575940615246643,0.09083208446366743,21.601257297334687,central,unknown,0.0,8234,2
720575940615247923,1.7760060146268948,24.574367031178486,central,unknown,0.0,7104,2
720575940615249314,0.9331558569029682,23.930816957113365,central,unknown,0.0,6078,2
720575940615252786,1.7951224499648584,24.58507323686417,central,Kenyon_Cell,0.0,3662,2
720575940615253215,2.052984725816162,24.719294698075444,central,unknown,0.0,5769,2
720575940615255007,1.4265945337363926,24.35529015918223,central,unknown,0.0,8566,2
720575940615255993,1.1343886563642334,24.126093877066808,central,ALPN,0.0,1219,2
720575940615257395,3.0736479140982764,25.12286510182862,sensory,olfactory,0.0,2344,0
720575940615257823,1.2116811585796594,24.192008782559185,central,LHLN,0.0,1103,2
720575940615257942,1.530914286675043,24.425865129918925,central,Kenyon_Cell,0.0,5836,2
720575940615262786,1.860194024194274,24.62068079636772,central,Kenyon_Cell,0.0,7290,2
720575940615265843,0.8848830665871714,23.87770022914601,central,unknown,0.0,5877,2
720575940615271124,0.22445614773837314,22.505925076106266,central,unknown,0.0,2090,2
720575940615274838,1.839726103090387,24.609616703524495,central,Kenyon_Cell,0.0,4897,2
720575940615281361,0.034477343428951826,20.632547117120968,visual_centrifugal,unknown,0.0,2520,2
720575940615283618,1.3084407101150537,24.268836130624106,central,Kenyon_Cell,0.0,7384,2
720575940615289759,1.361474582712752,24.308568364365975,central,Kenyon_Cell,0.0,776,2
720575940615302879,3.1039902359994733,25.1326884566973,sensory,olfactory,0.0,2108,0
720575940615303391,1.80919066380639,24.59287959820938,central,ALLN,0.0,5733,2
720575940615305484,2.969466206484741,25.088382208205196,sensory,olfactory,0.0,1779,0
720575940615310604,0.033978500559697186,20.617972709145498,visual_centrifugal,unknown,0.0,1978,2
720575940615320076,1.7705900036345885,24.571312826428613,central,Kenyon_Cell,0.0,8360,2
720575940615322674,2.3102129671037805,24.837339713835558,central,ALPN,0.0,8092,1
720575940615332418,1.8778128907574252,24.63010774363791,central,Kenyon_Cell,0.0,3547,2
720575940615336754,0.2177179149069794,22.475444977590453,central,unknown,0.0,3053,2
720575940615345339,1.9250516945252438,24.654952821678005,central,Kenyon_Cell,0.0,3700,2
720575940615346363,2.0557884849952544,24.720659465352888,central,Kenyon_Cell,0.0,4133,2
720575940615356347,1.8240001634433556,24.60103198125924,central,Kenyon_Cell,0.0,1392,2
720575940615366055,2.384081678420688,24.86881400969871,central,ALPN,2.0951586076121536e-05,164,1
720575940615380530,2.909533413671879,25.067992729383366,sensory,olfactory,0.0,1243,0
720575940615385055,0.20366965723678745,22.408744075063893,central,unknown,0.0,3010,2
720575940615386324,1.67128594324276,24.513593356004698,central,Kenyon_Cell,0.0,1485,2
720575940615394463,3.020882698605503,25.1055490729865,sensory,olfactory,0.0,3221,0
720575940615394719,2.4679822915965546,24.90340093081341,central,ALPN,3.4301269239668e-06,359,1
720575940615398075,3.113450287006116,25.135731528286602,sensory,olfactory,0.0,977,0
720575940615405378,1.702791875731411,24.532269183837276,central,Kenyon_Cell,0.0,2841,2
720575940615405718,0.2091159622694455,22.435133662508466,central,DAN,0.0,6063,2
720575940615406751,1.8989423133393362,24.6412970539803,central,ALPN,0.0,7858,2
720575940615409150,0.5696489254819896,23.43726497188265,central,unknown,2.6487466594338224e-08,692,2
720575940615413435,0.07035079449147294,21.34573879792562,central,unknown,0.0,7225,2
720575940615422786,1.6491885553794245,24.50028338232824,central,unknown,0.0,7125,2
720575940615429791,1.27276637449518,24.241192779162592,central,unknown,0.0,6929,2
720575940615431327,1.9116601426941027,24.647972049192894,central,unknown,0.0,5164,2
720575940615436893,0.3030047919013444,22.8059933412581,central,unknown,0.0,1699,2
720575940615437983,1.3638886442623974,24.310339916984802,central,LHLN,0.0,7090,2
720575940615438402,0.881320266263797,23.873665806733122,central,unknown,0.0,6170,2
720575940615438495,0.3872410912724546,23.05129219494358,central,unknown,0.0,5890,2
720575940615443103,1.197919970312145,24.1805866947174,central,unknown,0.0,1142,2
720575940615448642,1.8537809507614724,24.617227310628113,central,unknown,0.0,8670,2
720575940615455318,0.4973925169462053,23.301624207935852,central,unknown,0.0,6152,2
720575940615460255,0.1895891612275356,22.33710414268328,ascending,AN,1.2581546632310658e-07,621,2
720575940615465531,1.3743170477097084,24.31795691515116,central,LHLN,0.0,6347,2
720575940615474875,0.9546083401881214,23.953545862392183,central,unknown,0.0,1656,2
720575940615490502,2.969466206484741,25.088382208205196,sensory,olfactory,0.0,2102,0
720575940615497099,0.9056893836655999,23.900941124640322,central,unknown,0.0,6925,2
720575940615502658,2.1307717672186497,24.756484246122472,central,LHLN,0.0,8332,2
720575940615503170,1.2565769383596812,24.22839130840678,central,unknown,0.0,6478,2
720575940615503938,1.921283231570235,24.65299331256961,central,LHLN,0.0,6122,2
720575940615506242,1.2717710992555549,24.24041049530893,central,unknown,0.0,5396,2
720575940615510338,1.4643320653006635,24.381399210379787,central,unknown,0.0,5818,2
720575940615512130,1.6627703549692225,24.508485099857108,central,LHLN,0.0,5266,2
720575940615513086,1.8283250843169703,24.60340029328061,central,ALLN,9.800362639905145e-07,469,1
720575940615520927,1.281361551734814,24.247923224883298,central,unknown,0.0,8689,2
720575940615526466,1.7724408324556458,24.572357598023917,central,LHLN,0.0,5758,2
720575940615527995,1.6155771016523826,24.479692231328876,central,Kenyon_Cell,0.0,4337,2
720575940615528251,1.8755967448116615,24.628926872686716,central,Kenyon_Cell,0.0,5837,2
720575940615529414,1.951699005074807,24.66870027788126,central,ALPN,1.909746341451786e-05,170,2
720575940615537041,0.023817340879471408,20.26265864477022,ascending,AN,0.0,6084,2
720575940615540934,0.8814475771616492,23.87381025104954,central,unknown,0.0,8032,2
720575940615541671,1.673758601213298,24.515071756897747,central,unknown,0.0,8337,2
720575940615541810,0.025685587722626378,20.338174766615207,central,unknown,0.0,2388,2
720575940615568070,1.0039183889127825,24.003910732022213,central,unknown,0.0,7038,2
720575940615569723,1.950238738943284,24.667951795309012,central,Kenyon_Cell,0.0,4966,2
720575940615578043,0.010650339208688167,19.457836463247126,descending,unknown,0.0,4181,2
720575940615581126,0.2662508379303276,22.676683585192706,central,unknown,0.0,4463,2
720575940615594658,1.6578162610543268,24.505501230942677,central,ALPN,0.0,4773,2
720575940615604363,1.9968338219886603,24.691562837144808,central,Kenyon_Cell,0.0,7621,2
720575940615606489,0.3465578136842909,22.940294376189545,central,unknown,0.0,5324,2
720575940615607207,0.4561334217578518,23.21503007930992,descending,unknown,2.3375189269503484e-05,148,1
720575940615608588,0.41537231005310665,23.121419971723668,central,unknown,0.0,4477,2
720575940615611793,0.6840934585147682,23.620339264562176,central,unknown,0.0,4332,2
720575940615613396,0.023244101561164993,20.2382961245709,central,unknown,0.0,2129,2
720575940615615929,2.1557384337203205,24.768133325520036,central,unknown,0.0,4530,2
720575940615623867,0.09382664226686115,21.63369356939614,central,unknown,1.4568106626886023e-06,442,2
720575940615629173,3.0124989073206168,25.10276993610156,sensory,olfactory,0.0,3908,0
720575940615631321,0.3798838473725275,23.032110262204146,central,unknown,0.0,5740,2
720575940615639199,1.0,24.0,sensory,olfactory,0.0,855,0
720575940615650646,3.060435941716618,25.118557370430445,sensory,olfactory,0.0,3384,0
720575940615657119,2.9410912059464045,25.07878067097349,sensory,olfactory,0.0,1214,0
720575940615659381,3.0749867863034615,25.123300604112163,sensory,olfactory,0.0,1342,0
720575940615668370,0.8857294243246382,23.878656234829098,central,unknown,0.0,7938,2
720575940615669972,2.8933068511446796,25.062400087132083,central,ALLN,1.059498663773529e-07,637,1
720575940615677330,1.2051394987142996,24.18659532681007,central,unknown,0.0,8172,2
720575940615681366,3.0712770180877866,25.12209344191274,sensory,olfactory,0.0,994,0
720575940615692594,1.0,24.0,sensory,olfactory,0.0,3315,0
720575940615696490,3.1705215001958034,25.153896085461497,sensory,olfactory,0.0,7325,0
720575940615708466,1.0,24.0,sensory,olfactory,0.0,4273,0
720575940615708482,1.896405039950318,24.639960009683257,central,ALLN,0.0,6186,2
720575940615711093,3.0124989073206168,25.10276993610156,sensory,olfactory,0.0,3993,0
720575940615711638,0.016005797967453265,19.865195750582245,visual_projection,unknown,0.0,7923,2
720575940615713292,0.4983480047188991,23.303543358648653,central,Kenyon_Cell,0.0,6522,2
720575940615713478,0.07317422990574318,21.385088029532824,central,unknown,0.0,5390,2
720575940615719029,2.9603347070697112,25.08530233865602,sensory,olfactory,0.0,2207,0
720575940615723314,0.13111787378198017,21.968341439504236,central,unknown,7.257565846848673e-05,38,2
720575940615723350,3.0961957998620866,25.130174196577247,sensory,olfactory,0.0,2212,0
720575940615746316,0.1602929499859612,22.169247799541207,central,unknown,0.0,5916,2
720575940615747259,3.115574360758589,25.136413520718776,sensory,olfactory,0.0,725,0
720575940615749051,1.5151271141652822,24.41549933918107,central,unknown,0.0,7817,2
720575940615750075,3.060435941716618,25.118557370430445,sensory,olfactory,0.0,3398,0
720575940615754613,2.0783831090825875,24.731590240016352,central,Kenyon_Cell,0.0,7708,2
720575940615757362,3.060435941716618,25.118557370430445,sensory,olfactory,0.0,3122,0
720575940615758395,3.060435941716618,25.118557370430445,sensory,olfactory,0.0,3112,0
720575940615764422,1.6547117977071992,24.503626853306645,central,Kenyon_Cell,0.0,7494,2
720575940615767739,3.018159968351612,25.104647363696294,sensory,olfactory,0.0,7182,0
720575940615768693,1.3285752884890358,24.284107156414006,central,Kenyon_Cell,0.0,2408,2
720575940615770369,0.17300138075141755,22.24554429670586,central,unknown,0.0,6402,2
720575940615770811,0.5925586758233338,23.47669462004937,central,unknown,0.0,6962,2
720575940615778610,0.8350891039437222,23.819783151485318,central,unknown,0.0,5875,2
720575940615785228,1.7636823346893644,24.56740385899218,central,Kenyon_Cell,0.0,911,2
720575940615792946,1.7849700830427104,24.579401654890987,central,LHLN,0.0,6343,2
720575940615794619,3.1122099792606557,25.135333078095353,sensory,olfactory,0.0,3256,0
720575940615798540,1.2748729072030303,24.24284649301687,central,Kenyon_Cell,0.0,1812,2
720575940615800076,1.3336807958311891,24.287942635375707,central,Kenyon_Cell,0.0,8611,2
720575940615802598,2.0574023422548997,24.72144418816797,central,LHLN,0.0,1920,2
720575940615802674,0.10007927667969274,21.698207359729267,central,unknown,0.0,924,2
720575940615808029,1.833927516973324,24.60645985122847,central,ALPN,4.767743986980881e-07,524,1
720575940615809366,3.0497264982187113,25.115051913883306,sensory,olfactory,0.0,2405,0
720575940615825211,3.0671916344298333,25.120762365876544,sensory,olfactory,0.0,3095,0
720575940615828923,1.1209511257934,24.114177544382567,central,unknown,0.0,7187,2
720575940615831947,3.0866772854052558,25.127095200180147,sensory,olfactory,0.0,5481,0
720575940615833174,3.0308230909077842,25.10883422979615,sensory,olfactory,0.0,6971,0
720575940615838662,1.6395296213748762,24.494409384461633,central,Kenyon_Cell,0.0,1365,2
720575940615846237,1.4541846762130473,24.374445383572088,central,Kenyon_Cell,0.0,6620,2
720575940615847005,2.086535453786982,24.735505012895036,central,Kenyon_Cell,0.0,4293,2
720575940615856345,1.937867367737537,24.661588073426678,sensory,thermosensory,3.6022954568299985e-06,352,2
720575940615856779,2.863861162358785,25.052170771093326,sensory,olfactory,0.0,8091,0
720575940615858644,1.3586213361672996,24.30647046217648,central,Kenyon_Cell,0.0,6472,2
720575940615859385,1.8005274674598377,24.58807965945271,central,Kenyon_Cell,0.0,7050,2
720575940615859423,1.649295452674189,24.500348198343442,central,LHLN,0.0,6133,2
720575940615868102,1.4624439589861074,24.380108980747718,central,Kenyon_Cell,0.0,7657,2
720575940615876294,2.013874978671845,24.700060716238408,central,Kenyon_Cell,0.0,6296,2
720575940615885195,2.7160614210128173,24.999182823952093,sensory,olfactory,0.0,3170,0
720575940615885766,1.1045010353799198,24.09939368129717,central,unknown,0.0,5518,2
720575940615886534,0.5270554363334081,23.359550456310412,central,LHCENT,0.0,6172,2
720575940615892310,0.056497919890818434,21.12644854240082,central,unknown,0.0,4511,2
720575940615903121,1.7722459703348048,24.57224765199377,central,Kenyon_Cell,0.0,3824,2
720575940615903547,1.0,24.0,sensory,olfactory,0.0,4520,0
720575940615905931,0.8018828801119388,23.779207283447118,central,unknown,0.0,5880,2
720575940615917580,2.1924515691189503,24.785020355678814,central,LHLN,0.0,1786,2
720575940615924037,1.4522237057080194,24.37309597182748,central,LHLN,0.0,5513,2
720575940615930299,0.01700092897278955,19.92551270903928,central,unknown,0.0,5577,2
720575940615941062,0.8905453284902547,23.884078724743237,central,unknown,0.0,7456,2
720575940615945414,2.1090928687885695,24.746257935040457,central,LHLN,0.0,4994,2
720575940615952221,1.408307243027568,24.342388446308526,central,unknown,0.0,5649,2
720575940615953202,0.11490580413977507,21.836357419303233,central,DAN,0.0,8156,2
720575940615955851,1.1910704068582896,24.17485240437593,central,unknown,0.0,3929,2
720575940615955910,1.7427762077316364,24.555479363418847,central,unknown,0.0,5354,2
720575940615956085,2.82412389935644,25.03819819237836,sensory,olfactory,0.0,8073,0
720575940615957433,1.158181203607167,24.146850846708052,central,Kenyon_Cell,0.0,1007,2
720575940615959252,1.7205173575853165,24.54262503489112,central,Kenyon_Cell,0.0,1058,2
720575940615961461,0.1317298838752117,21.97299821272282,central,unknown,0.0,1028,2
720575940615962043,1.9575826411425823,24.67171036568904,central,Kenyon_Cell,0.0,7798,2
720575940615975474,0.9953506492285394,23.99533980737915,central,unknown,0.0,5458,2
720575940615978802,1.8047984079256545,24.590448900187823,central,Kenyon_Cell,0.0,5013,2
720575940615978902,0.3068464791038102,22.818592275463562,central,unknown,0.0,2819,2
720575940615980338,1.9966349208752865,24.69146322393817,central,Kenyon_Cell,0.0,4031,2
720575940615980850,1.958018215261469,24.671932847058645,central,Kenyon_Cell,0.0,4601,2
720575940615983510,2.4397812654187514,24.891908389966545,central,unknown,0.0,3168,2
720575940615992091,0.12814256651221162,21.94538816599813,central,unknown,0.0,1575,2
720575940615994907,3.2416607648129445,25.176085780211487,sensory,olfactory,0.0,864,0
720575940616008309,0.9811661526467393,23.980986536931475,central,Kenyon_Cell,0.0,4726,2
720575940616009729,1.8073155676577588,24.59184263258751,central,Kenyon_Cell,0.0,801,2
720575940616012322,2.205400934390461,24.79090932202534,central,unknown,0.0,3394,2
720575940616017593,0.4904999261663942,23.28766984949604,central,unknown,0.0,1682,2
720575940616018326,0.6494330593674289,23.56834448694773,central,unknown,0.0,5588,2
720575940616020795,2.4066871935752583,24.878251193386646,central,ALPN,6.621866648584556e-08,671,1
720575940616025906,2.0014805601129493,24.69388718674429,central,unknown,0.0,5864,2
720575940616026262,2.1796671284503994,24.779172171770803,central,unknown,0.0,6873,2
720575940616039197,1.9638477485633123,24.67490568582925,sensory,thermosensory,0.0,8157,2
720575940616045106,1.0,24.0,sensory,olfactory,0.0,3393,0
720575940616053810,1.489653919882982,24.39854382444394,central,unknown,0.0,5530,2
720575940616054834,0.1489549080576516,22.095888350675917,central,unknown,0.0,8111,2
720575940616055858,0.3621574339397291,22.984323738687863,central,unknown,0.0,6169,2
720575940616056114,1.2515408796459548,24.22437549587556,central,unknown,0.0,5817,2
720575940616068539,1.862766312121349,24.622062647423878,central,Kenyon_Cell,0.0,7615,2
720575940616076219,1.0,24.0,sensory,olfactory,0.0,3474,0
720575940616077874,0.1268767349443761,21.935460745158853,central,unknown,2.6487466594338224e-08,699,2
720575940616079035,2.298619548639883,24.832308746501706,central,ALPN,2.423603193381948e-05,130,1
720575940616092603,1.7523036833868075,24.56093131275982,central,Kenyon_Cell,0.0,4907,2
720575940616093746,2.962381235563069,25.085993416396242,sensory,olfactory,0.0,6143,0
720575940616094523,1.2028646561207397,24.184705925360554,central,unknown,0.0,8099,2
720575940616095517,2.051349324435393,24.718497783668724,central,Kenyon_Cell,0.0,5112,2
720575940616101789,0.044879527071816604,20.89622644456129,central,unknown,0.0,5476,2
720575940616101994,0.025751077574956833,20.34072119482316,central,unknown,0.0,1078,2
720575940616105302,1.7011187621277286,24.531286129981623,central,Kenyon_Cell,0.0,5423,2
720575940616117433,0.7045325302513784,23.649779226239296,central,unknown,0.0,1223,2
720575940616121403,0.29407916952121194,22.776093736191847,central,unknown,0.0,1089,2
720575940616121501,1.5788243250018588,24.456680471960386,central,Kenyon_Cell,0.0,1045,2
720575940616127931,0.3434134642846998,22.931179877462448,central,unknown,0.0,8227,2
720575940616128669,2.0049796607826322,24.695633916459016,central,Kenyon_Cell,0.0,7271,2
720575940616138811,1.0,24.0,sensory,olfactory,0.0,3000,0
720575940616139606,1.6434725519240732,24.496811412993367,central,Kenyon_Cell,0.0,3802,2
720575940616140171,3.0761237015304776,25.123670265896717,sensory,olfactory,0.0,2728,0
720575940616140475,1.6678537872787371,24.51153764258766,central,LHLN,0.0,7468,2
720575940616144470,0.10107552107434153,21.708112691855096,central,unknown,0.0,880,2
720575940616151638,3.0402593751544726,25.11194283255302,sensory,olfactory,0.0,1813,0
720575940616156347,1.4033714106932262,24.338877492168685,central,unknown,0.0,4289,2
720575940616165377,0.20441567752566947,22.412400276629533,central,unknown,0.0,3864,2
720575940616169578,2.214967125378342,24.795237561571312,central,ALLN,2.296463353729124e-05,154,1
720575940616179286,2.896583024433034,25.063531774852716,sensory,olfactory,0.0,2238,0
720575940616185531,0.009908776658750118,19.385665616608613,descending,unknown,0.0,2380,2
720575940616189509,1.9410111258209175,24.66320903617504,central,Kenyon_Cell,0.0,945,2
720575940616194397,3.037604504564147,25.111069212869616,sensory,olfactory,0.0,7386,0
720575940616196898,2.340007673074854,24.85015420845605,central,unknown,0.0,1495,2
720575940616197819,1.86898804975243,24.625397134527052,central,ALLN,0.0,6276,1
720575940616198587,0.6699647339198632,23.599469796077052,central,ALLN,0.0,4509,2
720575940616199071,0.06390731889773686,21.249678612583317,central,unknown,0.0,6711,2
720575940616203067,3.063137486687652,25.1194397131272,sensory,olfactory,0.0,4011,0
720575940616203637,1.8806626476412036,24.63162418688772,central,unknown,0.0,5134,2
720575940616205405,3.1644771794368953,25.151987853779474,sensory,olfactory,0.0,4489,0
720575940616210333,0.5621609464197301,23.42403291144196,central,unknown,0.0,1549,2
720575940616211013,0.00803292627556624,19.1757936004712,central,unknown,0.0,5570,2
720575940616220765,1.0,24.0,sensory,olfactory,0.0,3251,0
720575940616222438,0.581183657293058,23.457311533414757,central,Kenyon_Cell,0.0,1687,2
720575940616229405,0.3459029205154661,22.93840288016173,central,LHCENT,0.0,7776,2
720575940616239873,1.983558153814136,24.68489227932952,sensory,hygrosensory,0.0,3436,2
720575940616254016,3.016367059108455,25.104053146688813,sensory,olfactory,0.0,2165,0
720575940616256059,3.0095458158306987,25.10178917562488,sensory,olfactory,0.0,2434,0
720575940616260825,1.7360449604687411,24.55160951479031,central,Kenyon_Cell,0.0,7473,2
720575940616264148,1.5169766880060305,24.416719333080245,central,Kenyon_Cell,0.0,4710,2
720575940616273631,1.8624357314089606,24.62188516405015,central,ALPN,0.0,8653,1
720575940616275174,3.0829625214959697,25.12589099232541,sensory,olfactory,0.0,2265,0
720575940616295069,0.5606765231080386,23.42138885258788,central,Kenyon_Cell,0.0,1143,2
720575940616295110,1.0,24.0,sensory,olfactory,0.0,1130,0
720575940616295541,0.14859265460795373,22.093453421446906,central,unknown,0.0,5457,2
720575940616296763,0.0956832884032703,21.65328837939287,central,unknown,0.0,1049,2
720575940616303105,1.306270868575289,24.267176412546174,central,unknown,0.0,4537,2
720575940616306210,1.5139357925992352,24.414712745000532,central,Kenyon_Cell,0.0,4952,2
720575940616309563,1.6469460066171526,24.498922667790588,central,Kenyon_Cell,0.0,6339,2
720575940616310751,1.7653822742430716,24.568367252907315,central,unknown,0.0,5196,2
720575940616311513,2.882370209060756,25.058612944935096,sensory,olfactory,0.0,1163,0
720575940616315281,1.0476240704687987,24.0465248101618,central,unknown,0.0,941,2
720575940616322397,1.0,24.0,sensory,olfactory,0.0,6010,0
720575940616331679,0.9048570497015954,23.90002169611057,central,unknown,0.0,4182,2
720575940616343611,2.0912087540969653,24.737742250038664,central,Kenyon_Cell,0.0,8324,2
720575940616345686,0.9809647643941473,23.980781261889376,central,ALPN,0.0,5711,2
720575940616349755,2.033566886549066,24.70979133815224,central,Kenyon_Cell,0.0,7673,2
720575940616356281,3.0072414233180362,25.101023187886327,sensory,olfactory,0.0,5644,0
720575940616358715,1.957817037753305,24.671830096306717,central,Kenyon_Cell,0.0,1846,2
720575940616363963,1.0,24.0,sensory,olfactory,0.0,4242,0
720575940616368245,1.8811244572354053,24.631869713592792,central,Kenyon_Cell,0.0,6526,2
720575940616370065,0.1799820687906817,22.285101949116342,central,unknown,0.0,7690,2
720575940616376287,0.022753341450945062,20.216956732594074,descending,unknown,0.0,822,2
720575940616376891,0.49460171064692454,23.295997534746437,central,unknown,0.0,5437,2
720575940616377942,2.937952209722052,25.077712811357323,sensory,olfactory,0.0,1176,0
720575940616378769,0.7869546845605503,23.760415387803587,central,unknown,0.0,4363,2
720575940616398898,3.0581441071357722,25.117808231032175,sensory,olfactory,0.0,8074,0
720575940616413894,0.919855452798286,23.916461262193252,central,unknown,1.4872712492720912e-05,202,2
720575940616417169,1.0,24.0,sensory,olfactory,0.0,3257,0
720575940616426869,2.1689329208955845,24.77423530508508,central,Kenyon_Cell,0.0,7307,2
720575940616428917,1.6586829331766073,24.506023873700148,central,Kenyon_Cell,0.0,3816,2
720575940616438085,1.641262744788166,24.495465911898346,central,Kenyon_Cell,0.0,1534,2
720575940616439697,3.0224619796978858,25.106071724336836,sensory,olfactory,0.0,2377,0
720575940616440098,1.5517496270169264,24.439383085948734,central,Kenyon_Cell,0.0,4533,2
720575940616459637,0.5445343072477653,23.392175668288978,central,unknown,0.0,3725,2
720575940616462987,0.8516281706872145,23.83939473320732,central,unknown,0.0,3680,2
720575940616463477,0.7346433936773783,23.69162992382321,central,MBON,0.0,6032,2
720575940616467061,1.9554503910224013,24.670620545943745,central,unknown,0.0,5036,2
720575940616469365,1.5018947936642013,24.406727506723758,central,unknown,0.0,6171,2
720575940616475717,2.1719412011220895,24.775621330398668,central,Kenyon_Cell,0.0,4577,2
720575940616475732,3.1325996368603723,25.14186321473966,sensory,olfactory,0.0,3220,0
720575940616480852,3.0129162843309505,25.102908474940037,sensory,olfactory,0.0,1650,0
720575940616482363,3.057973186972671,25.117752339310375,sensory,olfactory,0.0,2157,0
720575940616483414,0.1445271942453086,22.065712406333066,central,unknown,0.0,6395,2
720575940616486230,1.7953208805667955,24.585183769510905,central,ALLN,1.3243733297169113e-07,612,2
720575940616502017,1.4398762473928637,24.364557170584405,central,Kenyon_Cell,0.0,1531,2
720575940616502133,0.6311024275955682,23.539712896210656,central,unknown,0.0,6377,2
720575940616503157,1.6429304871445722,24.49648152966623,central,unknown,0.0,5093,2
720575940616504977,0.05776132581812001,21.148564169253817,central,unknown,0.0,1387,2
720575940616525429,1.3697226675699958,24.314608286917164,central,unknown,0.0,6489,2
720575940616526292,3.0195810094731246,25.10511808317663,sensory,olfactory,0.0,2268,0
720575940616532310,3.2571827698853406,25.18086264074217,sensory,olfactory,0.0,7311,0
720575940616534201,2.82412389935644,25.03819819237836,sensory,olfactory,0.0,8079,0
720575940616536209,3.060435941716618,25.118557370430445,sensory,olfactory,0.0,3417,0
720575940616538944,0.06955677980896437,21.33438811571419,central,unknown,0.0,5742,2
720575940616546333,3.082916730923309,25.12587613943232,sensory,olfactory,0.0,745,0
720575940616546521,1.0,24.0,sensory,olfactory,0.0,3356,0
720575940616546933,2.0814783599495033,24.733078391225803,central,unknown,0.0,5264,2
720575940616551029,0.1190248282366572,21.87157683301114,central,unknown,0.0,6697,2
720575940616551563,3.1177802081455575,25.137121276857037,sensory,olfactory,0.0,1783,0
720575940616559477,1.2717118500956883,24.240363906311828,central,unknown,0.0,5932,2
720575940616561803,1.620851057167455,24.482951355230007,central,unknown,0.0,7972,2
720575940616564829,0.09203280585964574,21.61438981993636,central,unknown,0.0,5432,2
720575940616564853,0.8790141220859531,23.87104568465584,central,unknown,0.0,4921,2
720575940616565109,2.0492673700593795,24.717482348815864,central,LHLN,0.0,5674,2
720575940616565365,1.5864789225179141,24.461517046429957,central,unknown,0.0,7443,2
720575940616566133,1.5471017088141847,24.436383315269577,central,ALPN,1.4965418625801096e-06,433,1
720575940616566745,3.0631327818663885,25.119438177177575,sensory,olfactory,0.0,2279,0
720575940616569227,2.0382524967967655,24.71209282153095,central,Kenyon_Cell,0.0,6290,2
720575940616572043,0.3231073161800212,22.870229237293657,central,unknown,0.0,8414,2
720575940616572299,0.8883760165082518,23.88163981639756,central,unknown,0.0,3059,2
720575940616575705,0.10263689712261288,21.72344221018447,central,unknown,0.0,4624,2
720575940616577141,1.107492688655702,24.102098621250082,central,unknown,0.0,4759,2
720575940616578646,1.5603036963917711,24.444880479488514,central,Kenyon_Cell,0.0,4546,2
720575940616578777,2.969466206484741,25.088382208205196,sensory,olfactory,0.0,2339,0
720575940616579257,0.8741249022438619,23.865467995208753,central,ALLN,0.0,6188,2
720575940616597977,0.03349651138529263,20.603686016673713,central,unknown,0.0,5291,2
720575940616599069,1.0,24.0,sensory,olfactory,0.0,2721,0
720575940616601345,3.1325996368603723,25.14186321473966,sensory,olfactory,0.0,3370,0
720575940616612313,0.11227448587731956,21.813191360843522,central,unknown,0.0,8281,2
720575940616616075,0.8108283992560545,23.790301161198453,central,Kenyon_Cell,0.0,4284,2
720575940616622731,0.12714543869719147,21.937576338842536,central,unknown,0.0,6712,2
720575940616627851,2.0399668817475822,24.712933573286886,central,Kenyon_Cell,0.0,3757,2
720575940616640980,1.1681631380040338,24.155432547601336,central,unknown,0.0,8456,2
720575940616642790,1.5294487371796792,24.42490736798286,central,ALLN,0.0,7306,2
720575940616646873,1.534703467369432,24.428337181510514,central,Kenyon_Cell,0.0,4459,2
720575940616649433,1.9623522003582219,24.674143855918963,central,Kenyon_Cell,0.0,7587,2
720575940616650201,2.1838412116091064,24.781085349932315,central,Kenyon_Cell,0.0,7569,2
720575940616651193,0.19843539626978965,22.3827083085736,central,unknown,0.0,5642,2
720575940616653030,3.040816544816747,25.112126079620204,sensory,olfactory,0.0,7239,0
720575940616654166,2.2215524614749946,24.79820625845372,central,Kenyon_Cell,0.0,2024,2
720575940616670242,3.198842361007154,25.162788982168692,sensory,olfactory,0.0,1593,0
720575940616673366,0.29095199262807714,22.765403000793007,central,unknown,0.0,5299,2
720575940616673497,1.9598541324548262,24.67287004825603,central,Kenyon_Cell,0.0,4593,2
720575940616691156,0.2527679282182759,22.62471650901719,central,unknown,0.0,4560,2
720575940616698769,1.0,24.0,sensory,olfactory,0.0,3426,0
720575940616701657,1.6642143930335567,24.509353176066885,central,Kenyon_Cell,0.0,1061,2
720575940616704581,3.2861569030904203,25.189718767437522,sensory,olfactory,0.0,3165,0
720575940616711254,1.7532871397685932,24.561492391594857,central,Kenyon_Cell,0.0,8323,2
720575940616713473,3.071545145880509,25.122180739830775,sensory,olfactory,0.0,1835,0
720575940616723549,1.9649817366718993,24.675482950963477,central,Kenyon_Cell,0.0,882,2
720575940616744059,0.4801812674117041,23.266408394072645,central,unknown,0.0,4439,2
720575940616746123,0.8818886326594951,23.874310502226358,central,Kenyon_Cell,0.0,2636,2
720575940616748827,0.9288251894456357,23.926165271453296,central,Kenyon_Cell,0.0,6937,2
720575940616756993,1.0,24.0,sensory,olfactory,0.0,4270,0
720575940616758322,1.7622283014241635,24.566579088600818,central,ALLN,3.097709218207855e-05,102,1
720575940616760459,2.1135331621652544,24.748361031540483,central,LHLN,0.0,6274,2
720575940616762585,0.19310625568384962,22.35548530601174,central,unknown,0.0,6615,2
720575940616766294,1.2159166522109517,24.195498238605147,central,unknown,0.0,7969,2
720575940616773206,1.2774113404425609,24.244835639859634,central,unknown,0.0,6963,2
720575940616778038,0.1101080025347871,21.793706446344792,central,unknown,0.0,3553,2
720575940616783361,3.024104562111682,25.106615035137384,sensory,olfactory,0.0,6958,0
720575940616786065,2.0262216439783955,24.706172799634675,central,Kenyon_Cell,0.0,861,2
720575940616786833,2.085695046703976,24.73510215543341,central,Kenyon_Cell,0.0,5680,2
720575940616788409,1.8804774911252822,24.631525729234326,central,Kenyon_Cell,0.0,6453,2
720575940616790713,2.0925587174448284,24.738387583893328,central,Kenyon_Cell,0.0,7568,2
720575940616793669,2.999119645895459,25.09831879423465,sensory,olfactory,0.0,8089,0
720575940616798779,0.27434381595002605,22.706626843536256,central,unknown,1.1919359967452201e-07,624,2
720575940616798784,2.0563265152626435,24.72092114590921,central,Kenyon_Cell,0.0,3506,2
720575940616799035,1.6302850878054096,24.48875490001948,central,unknown,0.0,4898,2
720575940616799547,1.7761577949662173,24.574452489140196,central,unknown,0.0,1198,2
720575940616800780,2.021904360436916,24.704039819992442,central,ALPN,0.0,4357,2
720575940616804753,1.8192800648418745,24.598440854062538,central,Kenyon_Cell,0.0,8363,2
720575940616805179,1.4787412890011207,24.39119124550773,central,unknown,0.0,6474,2
720575940616812859,1.1083020891301525,24.102829194783848,central,unknown,0.0,3777,2
720575940616815005,3.0114100230244256,25.10240841526164,sensory,olfactory,0.0,5467,0
720575940616824588,2.359378258189175,24.858398134408652,central,ALPN,5.972923717023269e-06,298,1
720575940616826001,1.989553875771659,24.687910430574313,central,Kenyon_Cell,0.0,2937,2
720575940616831349,2.789202934138155,25.025755868328226,sensory,olfactory,0.0,3402,0
720575940616844347,1.0,24.0,sensory,olfactory,0.0,3233,0
720575940616844859,1.0,24.0,sensory,olfactory,0.0,3274,0
720575940616852763,1.6972564356273447,24.529013085989362,central,Kenyon_Cell,0.0,3750,2
720575940616855225,0.6478661895078088,23.56592889837342,central,ALLN,1.7216853286319845e-07,594,2
720575940616857757,3.131142112000008,25.141397830007943,sensory,olfactory,0.0,2483,0
720575940616858086,3.3843615930397952,25.219165289770686,sensory,olfactory,0.0,2877,0
720575940616866049,3.0646273742038597,25.119925987512524,sensory,olfactory,0.0,2263,0
720575940616886228,3.1002007589779677,25.131466870354835,sensory,olfactory,0.0,3907,0
720575940616887611,1.6732866899616399,24.51478977012211,central,Kenyon_Cell,0.0,2075,2
720575940616891958,1.6689972844576109,24.512223017630806,central,unknown,0.0,1663,2
720575940616892061,2.123326983641678,24.75298419047586,central,ALLN,0.0,7260,2
720575940616900130,0.13672791772985704,22.010237670157263,central,unknown,0.0,6046,2
720575940616902374,1.9691689628157973,24.677611607461323,central,Kenyon_Cell,0.0,5375,2
720575940616902630,1.9669030446270186,24.676460247204293,central,Kenyon_Cell,0.0,5787,2
720575940616903209,3.084533530689495,25.126400440313446,sensory,olfactory,0.0,3909,0
720575940616903465,3.1620763850643647,25.151228895694857,sensory,olfactory,0.0,1160,0
720575940616905787,0.5395505721802027,23.382981240303742,central,unknown,0.0,5620,2
720575940616908177,1.8943784435887183,24.63889078662503,central,ALLN,0.0,6391,2
720575940616910310,1.2147844936777894,24.194566689601725,central,Kenyon_Cell,0.0,4205,2
720575940616913705,3.159859645650255,25.15052761067894,sensory,olfactory,0.0,8119,0
720575940616913822,1.7110769639211014,24.53712297573423,central,Kenyon_Cell,0.0,5583,2
720575940616915686,2.0313201373855816,24.708685895674233,central,Kenyon_Cell,0.0,2419,2
720575940616921129,3.292796608237217,25.19173723660277,sensory,olfactory,0.0,862,0
720575940616923905,3.1376955469268313,25.143488628229466,sensory,olfactory,0.0,2552,0
720575940616923945,3.0908206554613566,25.12843663994009,sensory,olfactory,0.0,3042,0
720575940616924701,3.017009441523694,25.10426608961309,sensory,olfactory,0.0,7340,0
720575940616924902,1.6873068049163256,24.523133651235018,central,Kenyon_Cell,0.0,3018,2
720575940616925597,0.1072978401109882,21.767853241010986,central,unknown,0.0,6718,2
720575940616929241,3.008287624853028,25.101371021480734,sensory,olfactory,0.0,3364,0
720575940616929766,1.826620507871351,24.602467542559044,central,Kenyon_Cell,0.0,4045,2
720575940616930629,1.0149205255773541,24.014810309504362,central,Kenyon_Cell,0.0,4043,2
720575940616934361,3.160328965683044,25.15067612524473,sensory,olfactory,0.0,3218,0
720575940616938470,3.1469807223612896,25.146443492344183,sensory,olfactory,0.0,3471,0
720575940616940405,3.0124989073206168,25.10276993610156,sensory,olfactory,0.0,3913,0
720575940616944251,3.0845331651339425,25.12640032180101,sensory,olfactory,0.0,2216,0
720575940616949406,1.035883415280513,24.035254603991902,central,LHLN,0.0,1662,2
720575940616953467,1.4589104122873475,24.377689864151158,central,ALLN,0.0,4586,2
720575940616955229,1.5015451632107033,24.4064946867173,central,Kenyon_Cell,0.0,4339,2
720575940616959778,1.4921873972829713,24.400243095290467,central,ALLN,0.0,8439,2
720575940616964766,1.7020448546756688,24.53183038390243,central,Kenyon_Cell,0.0,8006,2
720575940616980737,0.023348943306135593,20.24279644955353,central,unknown,3.472506870517741e-05,89,2
720575940616987097,1.0424056370394468,24.041531154564687,central,unknown,0.0,5820,2
720575940616999069,0.8783154438930075,23.870250525633555,sensory,thermosensory,0.0,8377,2
720575940617007453,3.082030908633107,25.125588765605944,sensory,olfactory,0.0,4004,0
720575940617009638,3.237129546538509,25.174686994698916,sensory,olfactory,0.0,4502,0
720575940617009970,0.4761095897123055,23.257892779238347,central,unknown,5.429930651839336e-07,515,2
720575940617010240,1.4605495051325423,24.378812738288005,central,Kenyon_Cell,0.0,4070,2
720575940617011579,1.1942620935295614,24.177528499700603,central,unknown,0.0,5438,2
720575940617015750,2.126146216913434,24.754311053149102,central,Kenyon_Cell,0.0,1206,2
720575940617021234,1.2177311875856411,24.196989445082323,central,ALLN,0.0,8038,2
720575940617022277,3.0124989073206168,25.10276993610156,sensory,olfactory,0.0,1273,0
720575940617030178,1.951226240919653,24.66845801643495,central,ALPN,0.0,2667,2
720575940617032148,0.19199931378036764,22.349736518978673,central,unknown,0.0,8510,2
720575940617034013,2.9890265250465027,25.094947757483403,sensory,olfactory,0.0,2472,0
720575940617034753,2.06067861040173,24.723035351078913,central,Kenyon_Cell,0.0,3070,2
720575940617035521,1.9439713623601644,24.66473297463353,central,Kenyon_Cell,0.0,5374,2
720575940617036352,1.316039438351477,24.27462680080627,central,Kenyon_Cell,0.0,4300,2
720575940617038337,1.9025435856379231,24.64319172015642,central,Kenyon_Cell,0.0,1955,2
720575940617038593,3.0875992846937574,25.127393858422902,sensory,olfactory,0.0,1280,0
720575940617038849,2.1545027611081045,24.76755995962694,central,Kenyon_Cell,0.0,1967,2
720575940617041728,1.8805204642869553,24.631548581233815,sensory,thermosensory,0.0,1189,2
720575940617044737,0.052564937407385805,21.05429402927896,central,unknown,0.0,8135,2
720575940617046785,3.0274822299974704,25.107731326897735,sensory,olfactory,0.0,1760,0
720575940617048925,1.149806695756372,24.13959383759971,central,unknown,0.0,5216,2
720575940617052450,0.06951259642037072,21.33375270062457,central,unknown,0.0,1054,2
720575940617056064,3.0064209226677208,25.100750309028754,sensory,olfactory,0.0,1583,0
720575940617058521,3.0839154895785774,25.126200052465233,sensory,olfactory,0.0,2217,0
720575940617062706,0.6089067566721564,23.503909868092677,central,unknown,0.0,6736,2
720575940617067305,3.087893802825299,25.127489241294388,sensory,olfactory,0.0,1588,0
720575940617077056,0.48141475004297485,23.268973885787293,central,unknown,0.0,4741,2
720575940617077405,1.4333859662321435,24.3600394539843,central,Kenyon_Cell,0.0,7997,2
720575940617078489,0.2588988585683703,22.648682198991477,central,unknown,0.0,7079,2
720575940617079257,1.9355055293308745,24.66036854782863,central,Kenyon_Cell,0.0,4975,2
720575940617087325,1.0,24.0,sensory,olfactory,0.0,2896,0
720575940617092569,0.5894623061657103,23.471455496908007,central,LHCENT,0.0,4735,2
720575940617093938,1.6433236167412442,24.496720786635485,central,unknown,0.0,6945,2
720575940617094429,3.0181594227729276,25.104647182930947,sensory,olfactory,0.0,1799,0
720575940617098385,0.14293323934490385,22.054622384537826,central,unknown,4.953156253141248e-05,59,2
720575940617102646,0.13877865622768906,22.02512498369047,central,unknown,0.0,8243,2
720575940617104396,0.02262124707713813,20.21113432180145,central,unknown,0.0,1569,2
720575940617118016,1.0503503104660252,24.04912373754291,central,Kenyon_Cell,0.0,4201,2
720575940617120697,1.3070155468823936,24.267746329661158,central,unknown,0.0,6469,2
720575940617123814,0.05654356231247624,21.127256076471472,central,unknown,0.0,7176,2
720575940617128705,1.4260848359971152,24.3549328125066,central,ALPN,0.0,1564,1
720575940617137881,1.6530206948112554,24.502604338307556,central,Kenyon_Cell,0.0,1450,2
720575940617141789,2.96209174115652,25.08589568807242,sensory,olfactory,0.0,2231,0
720575940617145483,1.0,24.0,sensory,olfactory,0.0,1902,0
720575940617157049,2.493234909437797,24.913581027714713,central,unknown,0.0,2747,2
720575940617158868,2.0328011078168067,24.70941469799455,central,unknown,0.0,5163,2
720575940617160251,1.6601085978292722,24.506883020607713,central,unknown,0.0,6880,2
720575940617165661,1.3694119988720228,24.314381449804618,central,Kenyon_Cell,0.0,3573,2
720575940617166882,3.0652953567357692,25.120143929096415,sensory,olfactory,0.0,1274,0
720575940617166993,0.10881614003434452,21.78190439034144,central,unknown,3.973119989150734e-07,539,2
720575940617172381,1.0,24.0,sensory,olfactory,0.0,3279,0
720575940617172573,1.5899547470602742,24.463705554858738,central,Kenyon_Cell,0.0,3609,2
720575940617175965,2.8374572097932798,25.042908302444747,central,ALLN,5.045862386221431e-06,312,1
720575940617176413,1.785704776674443,24.57981317017645,central,Kenyon_Cell,0.0,5047,2
720575940617179451,2.2743776943760055,24.821706474050146,central,ALPN,3.506940577090381e-05,88,1
720575940617180445,3.060435941716618,25.118557370430445,sensory,olfactory,0.0,3742,0
720575940617182779,0.7928765678194062,23.767912278355315,central,unknown,4.237994655094116e-07,535,2
720575940617186875,1.504452800247261,24.408429244211167,central,unknown,0.0,8541,2
720575940617187195,0.3585191269709647,22.974226732412472,central,unknown,0.0,8125,2
720575940617201113,1.6725361442206828,24.514341123681014,central,Kenyon_Cell,0.0,1691,2
720575940617205179,1.9684161956735446,24.677229257812428,central,ALLN,6.102712303335527e-05,43,1
720575940617207185,2.4461821863591338,24.894528517875994,central,ALPN,5.4087406785638654e-05,52,1
720575940617208098,3.0170397622671934,25.10427613949584,sensory,olfactory,0.0,6364,0
720575940617208354,1.0,24.0,sensory,olfactory,0.0,5296,0
720575940617209940,3.214802947343764,25.16776606416071,sensory,olfactory,0.0,7542,0
720575940617213652,1.8661915597952885,24.623899755138652,central,unknown,0.0,6135,2
720575940617228315,1.7937464076504837,24.584306397820225,central,Kenyon_Cell,0.0,4876,2
720575940617229632,1.6608066573912976,24.507303422526256,central,ALPN,1.1389610635565435e-06,456,1
720575940617234077,3.0524331770760806,25.11593903555134,sensory,olfactory,0.0,732,0
720575940617244116,1.0,24.0,sensory,olfactory,0.0,1680,0
720575940617249949,1.8806705366989032,24.631628381707646,central,ALLN,0.0,7380,2
720575940617257985,0.03723702256319638,20.709548217577186,central,unknown,0.0,5236,2
720575940617272025,1.2219107607031172,24.200415830834928,central,unknown,0.0,1890,2
720575940617273233,0.06780556541633057,21.308888998381946,central,unknown,0.0,4572,2
720575940617279517,1.710579196420768,24.536832024522,central,unknown,0.0,6321,2
720575940617280985,0.16298297824077382,22.185890488400933,central,unknown,0.0,6199,2
720575940617290043,0.05489706509148281,21.097704608932823,descending,unknown,0.0,6848,2
720575940617290713,1.3483288597204175,24.298865943953345,central,unknown,0.0,1670,2
720575940617291993,1.6180387518318167,24.481214768801788,central,unknown,0.0,6160,2
720575940617295901,2.8639789894367973,25.052211912980987,central,ALLN,3.443370657263969e-06,357,1
720575940617296601,1.5171130185127215,24.416809198918088,central,unknown,0.0,6317,2
720575940617299131,1.8138071066196508,24.595428010107042,central,ALLN,2.516309326462131e-07,572,1
720575940617306717,0.44030810856271746,23.17971944960527,central,unknown,0.0,5505,2
720575940617307165,0.2970291108210276,22.786074871249703,central,unknown,0.0,8516,2
720575940617308673,3.1701207140584877,25.153769667308794,sensory,olfactory,0.0,2322,0
720575940617313846,1.9323789808476364,24.658751876412524,central,Kenyon_Cell,0.0,2258,2
720575940617317305,1.784768825864856,24.57928889752514,central,Kenyon_Cell,0.0,3764,2
720575940617324433,1.8578978333013543,24.619445651420875,central,Kenyon_Cell,0.0,4069,2
720575940617327590,1.3608204538098376,24.30808779271101,central,ALLN,0.0,1368,2
720575940617328477,2.2108806671190497,24.79339092806192,central,Kenyon_Cell,0.0,3536,2
720575940617328596,0.3386261986284554,22.917141561109602,central,unknown,0.0,7768,3
720575940617333275,1.0,24.0,sensory,olfactory,0.0,3340,0
720575940617334228,1.5990749780166191,24.46942532331948,central,Kenyon_Cell,0.0,4946,2
720575940617334430,2.0006147444328266,24.693454505547198,central,Kenyon_Cell,0.0,5278,2
720575940617340646,3.023769371676807,25.106504189428996,sensory,olfactory,0.0,6747,0
720575940617341597,1.7505952064838817,24.5599558480992,central,Kenyon_Cell,0.0,2395,2
720575940617343316,1.0976167126157994,24.093141204382125,central,ALPN,1.1283660769188084e-05,229,1
720575940617351057,1.8692378260064029,24.625530768107602,central,Kenyon_Cell,0.0,8345,2
720575940617351990,3.1250453207688786,25.139448785729243,sensory,olfactory,0.0,3904,0
720575940617362150,3.1556519269449903,25.149195107593645,sensory,olfactory,0.0,2379,0
720575940617363156,1.838747039834212,24.609084383052792,central,Kenyon_Cell,0.0,7701,2
720575940617366969,1.8003493177426186,24.587980711486427,central,Kenyon_Cell,0.0,2663,2
720575940617368532,1.6704942649071415,24.513119549649332,central,Kenyon_Cell,0.0,1360,2
720575940617371732,0.040695930251017094,20.79837281463419,central,unknown,0.0,5745,2
720575940617376980,1.4075237868337995,24.34183198094844,central,Kenyon_Cell,0.0,3695,2
720575940617380241,1.9116508601634004,24.647967193437925,central,Kenyon_Cell,0.0,1002,2
720575940617381681,1.1431405135974775,24.133779311287945,central,ALPN,0.0,4399,2
720575940617390036,1.7771454603332195,24.575008403072374,central,Kenyon_Cell,0.0,1304,2
720575940617390149,3.1325996368603723,25.14186321473966,sensory,olfactory,0.0,3612,0
720575940617390429,1.4075683513630466,24.34186364209988,central,unknown,0.0,5981,2
720575940617394781,1.2856418489054664,24.25125808695357,central,unknown,0.0,5961,2
720575940617395412,1.6475767210549628,24.499305554477157,central,Kenyon_Cell,0.0,8000,2
720575940617398745,0.08441184543716296,21.527952461553358,central,unknown,0.0,3838,2
720575940617400550,2.1852030905954325,24.78170877186912,central,LHLN,0.0,5525,2
720575940617413957,0.1737579446777075,22.249907929181205,central,unknown,0.0,6251,2
720575940617422641,0.37652265812715213,23.02322294739562,central,ALPN,0.0,1205,2
720575940617433142,3.203065283744294,25.164108252481217,sensory,olfactory,0.0,2442,0
720575940617436305,1.7392532792268074,24.553455871245628,central,Kenyon_Cell,0.0,1348,2
720575940617441752,0.7622020079859405,23.728456343914846,central,ALLN,0.0,7739,2
720575940617452500,1.531344701568744,24.426146239320964,central,unknown,5.032618652924262e-07,520,2
720575940617452689,1.4284128938248664,24.356563963458033,central,Kenyon_Cell,0.0,5550,2
720575940617453457,1.7777479423796065,24.575347362351263,central,Kenyon_Cell,0.0,7026,2
720575940617454114,3.0493740392603628,25.11493633652675,sensory,olfactory,0.0,1808,0
720575940617456614,1.7700599644580148,24.57101342423675,central,Kenyon_Cell,0.0,6511,2
720575940617462228,1.5429431204303017,24.43369170972704,central,unknown,0.0,6281,2
720575940617470137,2.004946024757755,24.695617140075854,central,ALPN,0.0,6650,2
720575940617470164,1.9927708412468288,24.689526052806812,central,unknown,0.0,6487,2
720575940617470932,1.5349927204507807,24.428525638650573,central,unknown,0.0,5757,2
720575940617473051,1.739762739764631,24.553748747471943,central,Kenyon_Cell,0.0,8053,2
720575940617473748,1.9153911133400974,24.64992183851025,central,Kenyon_Cell,0.0,5590,2
720575940617475028,1.1113186719718435,24.105547302986647,central,unknown,0.0,5532,2
720575940617475284,1.9537788303412715,24.669765359057354,central,LHLN,0.0,5408,2
720575940617476052,1.7795636070444334,24.576368169664466,central,unknown,0.0,5183,2
720575940617476386,1.6738686813405457,24.515137522957104,central,unknown,0.0,4476,2
720575940617479169,3.0254475820120503,25.107059041533375,sensory,olfactory,0.0,2537,0
720575940617479202,1.6894443779215633,24.52439970441751,central,unknown,0.0,5688,2
720575940617480121,2.0453558774899303,24.715571797576942,central,unknown,0.0,858,2
720575940617480934,1.1879883224625767,24.172261391315185,central,Kenyon_Cell,0.0,6551,2
720575940617482169,1.8626420942809179,24.621995960592837,central,unknown,0.0,2942,2
720575940617483318,3.0124989073206168,25.10276993610156,sensory,olfactory,0.0,3886,0
720575940617485083,1.9150126061086223,24.649724205435287,central,Kenyon_Cell,0.0,3783,2
720575940617486081,3.2861569030904203,25.189718767437522,sensory,olfactory,0.0,3371,0
720575940617493460,1.2154070007399984,24.195079000732147,central,unknown,4.1346935353761967e-05,69,2
720575940617494417,1.476237474512837,24.389496603828132,central,unknown,0.0,7451,2
720575940617496209,2.280693825064888,24.82447970591267,central,unknown,0.0,2708,2
720575940617496886,3.063040462542645,25.11940803786546,sensory,olfactory,0.0,1351,0
720575940617496925,0.5234598139521123,23.35270498420259,central,ALIN,2.3838719934904402e-07,575,2
720575940617498166,3.060435941716618,25.118557370430445,sensory,olfactory,0.0,3179,0
720575940617498324,1.429403379085455,24.357257139789652,central,unknown,0.0,6909,2
720575940617501652,1.9791347728977882,24.682659765816425,central,unknown,0.0,1415,2
720575940617502977,1.8430313525722373,24.611411690247948,central,LHLN,0.0,6399,2
720575940617504581,0.26002705407519855,22.653030400755515,central,ALPN,0.0,8425,2
720575940617509521,1.6803585448755634,24.519007190213237,central,unknown,0.0,3629,2
720575940617509777,2.130339407908844,24.756281313463116,central,unknown,0.0,7602,2
720575940617511169,1.0,24.0,sensory,olfactory,0.0,4145,0
720575940617534235,1.8247815478735334,24.601460280074537,central,Kenyon_Cell,0.0,6499,2
720575940617534438,1.7618409818976353,24.566359274802082,central,Kenyon_Cell,0.0,8358,2
720575940617534676,3.1897182936655373,25.15993260370151,sensory,olfactory,0.0,8380,0
720575940617537570,1.9843767026159074,24.685304861109717,central,ALLN,0.0,4912,1
720575940617540509,1.7745406618564743,24.573541607384836,central,unknown,0.0,5967,2
720575940617540838,1.9160483666098895,24.6502649227634,central,Kenyon_Cell,0.0,3692,2
720575940617541081,2.952008205827636,25.082485686486272,sensory,olfactory,0.0,3645,0
720575940617542996,2.97561493552383,25.090450718654296,sensory,olfactory,0.0,7363,0
720575940617552418,1.0,24.0,sensory,olfactory,0.0,3395,0
720575940617552541,1.566141097052758,24.44861469379894,central,ALPN,1.6938734887079293e-05,187,1
720575940617561669,0.988490037106935,23.988423284778488,central,ALON,7.946239978301468e-08,658,1
720575940617567390,1.5953838275984953,24.467114351549,central,Kenyon_Cell,0.0,6543,2
720575940617570008,1.4087193615497815,24.342681037457282,central,unknown,0.0,7127,2
720575940617571997,1.7730194575012685,24.57268400136985,central,unknown,0.0,5153,2
720575940617575760,0.08697892089144928,21.55791052171179,central,unknown,0.0,825,2
720575940617577617,0.09142061512844955,21.607715722497048,central,unknown,0.0,1106,2
720575940617577797,3.0946474772884387,25.12967399893482,sensory,olfactory,0.0,2095,0
720575940617586757,1.9782550547401276,24.6822151706613,central,ALLN,0.0,4712,1
720575940617598621,2.97795819339587,25.091237895679686,sensory,olfactory,0.0,3980,0
720575940617607451,0.578813916199404,23.45322575867794,central,unknown,0.0,6249,2
720575940617612518,0.9961691441968455,23.996161787674893,central,unknown,0.0,8031,2
720575940617616345,1.0,24.0,sensory,olfactory,0.0,3476,0
720575940617617494,0.10549500963481799,21.75090837077557,central,unknown,0.0,927,2
720575940617623632,2.10007260436096,24.741971917636945,central,Kenyon_Cell,0.0,4416,2
720575940617626781,1.0,24.0,sensory,olfactory,0.0,3299,0
720575940617629270,1.7678482991231104,24.569763156870707,central,ALLN,0.0,6287,2
720575940617638946,0.06706157278444494,21.297855915172583,central,unknown,9.005738642074996e-07,477,2
720575940617642832,1.632729804614783,24.490253340785095,central,ALPN,3.377151990778124e-06,360,1
720575940617645652,3.072396783008967,25.122457968080575,sensory,olfactory,0.0,3975,0
720575940617648507,1.902480970993555,24.643158808597796,central,Kenyon_Cell,0.0,1104,2
720575940617650407,3.0897303486411207,25.128083821289838,sensory,olfactory,0.0,2770,0
720575940617665876,1.3861650726517982,24.326540993713238,central,unknown,0.0,3673,2
720575940617665950,1.9629562586053568,24.6744516321145,sensory,hygrosensory,0.0,1727,2
720575940617668747,2.1416830202738697,24.761591978009562,central,ALPN,3.668514123315844e-05,83,1
720575940617674141,3.1325996368603723,25.14186321473966,sensory,olfactory,0.0,4562,0
720575940617681822,3.150057641626293,25.1474207515991,sensory,olfactory,0.0,2366,0
720575940617684054,0.6479645429878618,23.56608069826175,central,unknown,0.0,878,2
720575940617688093,0.08798394501981996,21.569399075894736,central,unknown,4.529356787631836e-06,328,2
720575940617692962,1.801526194112593,24.58863419126827,central,Kenyon_Cell,0.0,5007,2
720575940617695572,3.0229902184160937,25.10624648007131,sensory,olfactory,0.0,1308,0
720575940617696769,1.8524623272385257,24.61651574180779,central,Kenyon_Cell,0.0,7620,2
720575940617704219,1.8387658992650586,24.60909463967522,central,unknown,0.0,1501,2
720575940617712438,2.99637111846455,25.097401929300162,sensory,olfactory,0.0,2822,0
720575940617713206,1.328228241707167,24.283845905041897,central,Kenyon_Cell,0.0,3019,2
720575940617720221,3.1469504219833966,25.14643386390142,sensory,olfactory,0.0,3605,0
720575940617730141,1.0,24.0,sensory,olfactory,0.0,3268,0
720575940617739333,3.039481601064522,25.111686974911308,sensory,olfactory,0.0,2280,0
720575940617739860,1.140528988905658,24.131492180135773,central,unknown,0.0,7135,2
720575940617745821,0.03501222190936394,20.64794191896245,central,unknown,9.27061330801838e-08,649,2
720575940617754653,2.9042430491358733,25.066172788066368,sensory,olfactory,0.0,7320,0
720575940617763099,0.3355019077469504,22.907872363693464,central,unknown,0.0,8302,2
720575940617765405,0.40950743140751,23.10719977166161,central,unknown,0.0,4884,2
720575940617769217,1.8169539716986334,24.5971614570616,central,Kenyon_Cell,0.0,6239,2
720575940617781383,2.194332650223112,24.785877968511084,central,ALPN,1.238289063285312e-05,217,1
720575940617786525,0.39598625751646366,23.07362422842892,central,unknown,0.0,8529,2
720575940617792596,1.783040499565915,24.57832005290566,central,Kenyon_Cell,0.0,6517,2
720575940617795073,1.779858183641315,24.576533689018383,central,Kenyon_Cell,0.0,6435,2
720575940617807517,1.6291972892547002,24.488087432940198,central,Kenyon_Cell,0.0,1310,2
720575940617812696,0.039136785640177446,20.759307554937276,central,unknown,0.0,4138,2
720575940617819170,1.0671137326574738,24.06495755769587,central,unknown,0.0,4799,2
720575940617819728,0.9551156231208571,23.954077125500792,central,unknown,0.0,1556,2
720575940617820929,1.4264920021985135,24.355218285065103,central,Kenyon_Cell,0.0,2043,2
720575940617821248,1.7733100191407114,24.572847867497916,central,LHLN,0.0,5182,2
720575940617825344,1.675911113151068,24.51635696554075,central,Kenyon_Cell,0.0,6457,2
720575940617825563,3.0436285515674375,25.1130504061303,sensory,olfactory,0.0,2244,0
720575940617825949,0.4203738991354335,23.133389272306943,central,unknown,0.0,5486,2
720575940617828893,1.2010626369172503,24.183206695707277,central,unknown,0.0,5506,2
720575940617839389,0.18904482523864072,22.334228878531828,central,unknown,0.0,4752,2
720575940617841437,0.3693364885599363,23.003952842652808,central,unknown,0.0,3928,2
720575940617853524,1.4796903534397676,24.391832845237523,central,Kenyon_Cell,0.0,6443,2
720575940617853986,1.1349804505482548,24.12661542659847,central,unknown,0.0001489919995931,17,2
720575940617854036,1.9824473134886624,24.68433209837986,central,Kenyon_Cell,0.0,2918,2
720575940617857053,1.3854092397718767,24.325995575973383,central,Kenyon_Cell,0.0,2619,2
720575940617865117,1.9481549305553614,24.666882735197053,central,Kenyon_Cell,0.0,6824,2
720575940617871680,1.9394870238737516,24.66242351742629,central,Kenyon_Cell,0.0,4209,2
720575940617873728,2.1018853557280064,24.742834730400293,central,Kenyon_Cell,0.0,1411,2
720575940617874150,3.1281033521132873,25.140426863094156,sensory,olfactory,0.0,3897,0
720575940617876048,1.0803323501363467,24.077268725404195,central,Kenyon_Cell,0.0,2001,2
720575940617877720,1.5281607740128482,24.424064903804037,central,Kenyon_Cell,0.0,7012,2
720575940617878273,0.7474798601029593,23.70895208291366,central,unknown,0.0,8661,2
720575940617885643,2.4502411166841376,24.896186434687316,central,ALPN,0.0,5798,2
720575940617895744,3.0124989073206168,25.10276993610156,sensory,olfactory,0.0,1347,0
720575940617899584,3.112688270194091,25.135486748377247,sensory,olfactory,0.0,1629,0
720575940617903168,2.5455109384612444,24.934331391526918,central,ALPN,2.013047461169705e-06,407,1
720575940617904208,0.17608391802846243,22.26320540939959,descending,unknown,0.0,5234,2
720575940617908820,1.7852498299329491,24.57955836618476,central,Kenyon_Cell,0.0,1316,2
720575940617910017,1.4580876503408957,24.377125748611412,central,unknown,0.0,5637,2
720575940617910848,2.908744920188127,25.067721689242852,central,ALLN,5.959679983726101e-07,505,1
720575940617911041,1.560040225567428,24.44471160654915,central,unknown,0.0,5900,2
720575940617911104,1.0723365160133802,24.069839927579444,central,Kenyon_Cell,0.0,4766,2
720575940617916061,1.4142767904874045,24.346618298308943,central,unknown,0.0,1851,2
720575940617917396,0.015249520586797623,19.81679278664583,descending,unknown,0.0,8149,2
720575940617917760,1.4830135966822067,24.394076231476685,central,ALPN,1.4568106626886024e-07,605,1
720575940617918603,1.1070217778416076,24.101673326379974,central,ALLN,0.0,4718,2
720575940617922870,1.8948597160776672,24.639144807339093,central,Kenyon_Cell,0.0,7561,2
720575940617932189,1.6114341604159483,24.477124565351815,central,unknown,0.0,5881,2
720575940617939613,1.5407675673577188,24.432280712617523,central,unknown,0.0,4747,2
720575940617940048,1.35036129280771,24.30037218094735,central,Kenyon_Cell,0.0,4129,2
720575940617942326,1.9278257364705493,24.65639280645527,central,Kenyon_Cell,0.0,3771,2
720575940617947412,1.1188210246873582,24.112275474345857,central,unknown,0.0,7866,2
720575940617959729,2.190886923247203,24.784306449627103,central,Kenyon_Cell,0.0,7663,2
720575940617963480,1.4023152293752434,24.338124605974777,central,Kenyon_Cell,0.0,6866,2
720575940617969961,1.9508620096401386,24.6682713311233,sensory,hygrosensory,0.0,3639,2
720575940617972253,2.08617234476726,24.735330972900783,central,Kenyon_Cell,0.0,5692,2
720575940617973021,0.8724129753990322,23.863507628456915,central,Kenyon_Cell,0.0,2995,2
720575940617977684,0.619250687042306,23.520754898861576,central,unknown,0.0,5945,2
720575940617984297,3.24770499837157,25.177948592550017,sensory,olfactory,0.0,863,0
720575940617986089,1.958530928622651,24.672194665994283,sensory,hygrosensory,0.0,1724,2
720575940617986345,1.9495506429119114,24.667598906488035,sensory,hygrosensory,0.0,7892,2
720575940617987113,1.6919168226526697,24.52586210078695,sensory,hygrosensory,0.0,7891,2
720575940617989417,3.092720689456297,25.129051185537428,sensory,olfactory,0.0,1561,0
720575940618011604,0.044658321522232584,20.89128538325366,central,unknown,0.0,929,2
720575940618019933,0.19300844334030132,22.35497865684305,central,unknown,5.5491242515138576e-06,305,2
720575940618021147,1.9971238056439586,24.69170804832772,central,Kenyon_Cell,0.0,7664,2
720575940618021755,0.8396794418608748,23.825264923188698,central,ALLN,0.0,7735,2
720575940618022469,1.6712897746348925,24.513595648483587,central,unknown,0.0,4751,2
720575940618027803,1.2384260579793545,24.21384126528195,central,unknown,0.0,5312,2
720575940618036509,1.5461603544484015,24.43577466693937,central,Kenyon_Cell,0.0,4326,2
720575940618036765,1.4264586566803568,24.355194908903265,central,Kenyon_Cell,0.0,4307,2
720575940618038813,2.329290654776775,24.845563781216374,central,LHLN,0.0,5208,2
720575940618043973,2.3296952163100992,24.845737450570837,central,unknown,0.0,4113,2
720575940618051867,1.9411783613066491,24.663295191416246,central,unknown,0.0,6998,2
720575940618075733,1.9052146863508173,24.644594698476066,central,Kenyon_Cell,0.0,3768,2
720575940618076214,1.5133072423999652,24.414297482531655,central,ALLN,0.0,3021,2
720575940618080566,1.0,24.0,sensory,olfactory,0.0,3176,0
720575940618086173,1.808312488834972,24.59239408378044,central,unknown,0.0,8177,2
720575940618087197,2.3565630320581468,24.85720421519203,central,ALPN,0.0,4204,2
720575940618098459,0.17440278197478856,22.253612184055818,central,unknown,0.0,5337,2
720575940618110021,1.4501781748623406,24.371686428098858,central,Kenyon_Cell,0.0,4230,2
720575940618112310,1.9109692373764786,24.647610567471048,central,ALLN,0.0,6300,2
720575940618116693,1.4040408463765004,24.339354398041184,central,unknown,0.0,5398,2
720575940618125893,1.9744701766242077,24.680300097363194,central,Kenyon_Cell,0.0,5343,2
720575940618131505,1.7969387988198744,24.586084549803466,central,Kenyon_Cell,0.0,1170,2
720575940618133072,1.963983140832123,24.674974625797734,central,Kenyon_Cell,0.0,4585,2
720575940618135198,0.08040820430611226,21.47936093560505,central,unknown,0.0,4569,2
720575940618142813,1.9191933126277219,24.651904948079025,central,ALPN,0.0,2054,2
720575940618145147,2.7160614210128173,24.999182823952093,sensory,olfactory,0.0,3528,0
720575940618146619,2.0328078966965064,24.709418037656427,central,ALPN,0.0,2032,2
720575940618149686,0.2159651760891307,22.467361893894815,central,ALIN,0.0,6394,2
720575940618159696,0.6777368377198097,23.611003788654475,central,unknown,0.0,6975,2
720575940618162773,1.3969059254009801,24.33425973756425,central,unknown,0.0,5603,2
720575940618180766,1.1491153982637201,24.138992427473383,central,unknown,0.0,4350,2
720575940618181445,1.655120138083792,24.503873597181613,central,Kenyon_Cell,0.0,789,2
720575940618182981,1.569195544787846,24.450563096187775,central,Kenyon_Cell,0.0,8012,2
720575940618184839,1.748085353209607,24.558521105108525,central,Kenyon_Cell,0.0,8055,2
720575940618185296,2.1511747171570312,24.766014073001365,central,Kenyon_Cell,0.0,7649,2
720575940618198233,0.16060904946754528,22.171217868810697,central,unknown,0.0,8141,2
720575940618203707,0.06816941623151843,21.314240742933833,descending,unknown,0.0,4155,2
720575940618210614,0.2329460890491435,22.54305177034018,central,ALPN,0.0,2003,2
720575940618211742,2.0764503085245103,24.730659853402386,central,Kenyon_Cell,0.0,4453,2
720575940618214383,1.8611714380593152,24.62120609488915,central,ALPN,0.0,3085,2
720575940618217280,0.43163316832218,23.159820801129733,central,unknown,0.0,6145,2
720575940618218048,0.0540007042029127,21.081241808291786,central,unknown,0.0,2985,2
720575940618224709,1.6340474021559623,24.4910600059044,central,Kenyon_Cell,0.0,8560,2
720575940618225566,1.7670267714406305,24.569298344009788,central,Kenyon_Cell,0.0,4679,2
720575940618229051,0.03970546006564827,20.773733432393946,visual_centrifugal,unknown,0.0,6792,2
720575940618236283,1.0,24.0,sensory,olfactory,0.0,2793,0
720575940618238109,1.706044770572687,24.534177691733756,central,unknown,0.0,2531,2
720575940618250630,0.22597700496313133,22.51267796716273,central,unknown,0.0,5246,2
720575940618252249,1.05268660183414,24.051345564763864,central,unknown,0.0,7905,2
720575940618256833,1.5463627409968617,24.435905554594857,central,ALPN,0.0,5556,2
720575940618259766,1.637975895654253,24.493461269604808,central,ALLN,0.0,6312,2
720575940618263197,0.03550601127666768,20.66194673490135,visual_projection,unknown,0.0,4451,2
720575940618263365,0.10620036587596741,21.757572274979534,central,unknown,1.821013328360753e-05,176,2
720575940618277184,1.9562233371378275,24.671015745635337,central,ALPN,9.946043706174004e-06,239,1
720575940618277681,1.2332805793114576,24.209677756536006,central,Kenyon_Cell,0.0,3758,2
720575940618292785,1.4500367610677833,24.371588908571656,central,Kenyon_Cell,0.0,1702,2
720575940618293883,3.182815308368009,25.15776612222691,sensory,olfactory,0.0,7347,0
720575940618294853,1.925760530806038,24.655320970654024,central,Kenyon_Cell,0.0,7496,2
720575940618295454,2.1289797792867398,24.75564288811459,central,ALPN,3.534752417014436e-05,86,1
720575940618299712,1.199654465181408,24.182033569647476,central,Kenyon_Cell,0.0,2895,2
720575940618304670,1.5136329494032583,24.41451268797604,central,ALLN,0.0,1389,2
720575940618306112,1.1816847322792876,24.16694115944675,central,Kenyon_Cell,0.0,2614,2
720575940618306718,2.035338494053667,24.710662141206544,central,Kenyon_Cell,0.0,7055,2
720575940618308825,2.468173750596467,24.903478504941283,central,ALPN,0.0001929611941397,13,1
720575940618308987,0.1148063042806403,21.835491118732126,central,CX,0.0,6565,2
720575940618319444,0.02111003106862609,20.141993054626234,visual_projection,unknown,0.0,8101,2
720575940618319577,1.0822812588338278,24.07907109011418,central,unknown,0.0,3270,2
720575940618326292,1.5074356499556085,24.410409962111494,central,Kenyon_Cell,0.0,1432,2
720575940618326511,0.5692833308490195,23.436622976463706,central,unknown,0.0,7836,2
720575940618331038,0.27616396622737865,22.71323949087301,central,unknown,0.0,7926,2
720575940618336239,0.07617957063296228,21.425338045835087,central,unknown,0.0,4340,2
720575940618337985,1.59654338095426,24.46784090533987,central,Kenyon_Cell,0.0,883,2
720575940618343734,3.1793799409772614,25.156686190665557,sensory,olfactory,0.0,2529,0
720575940618344606,0.2615993428535197,22.659058828569922,ascending,AN,0.0,1995,2
720575940618353186,1.9453622103582662,24.665448186137702,central,Kenyon_Cell,0.0,1533,2
720575940618358597,1.156636645130688,24.14551634973539,central,LHLN,0.0,6583,2
720575940618371777,1.5227892481789103,24.42054368494107,central,Kenyon_Cell,0.0,4322,2
720575940618373701,1.7160820837115542,24.540043834252486,central,LHLN,0.0,5752,2
720575940618385620,2.2861569030904203,24.826872199539736,central,ALLN,0.0,6482,1
720575940618394453,1.2372452358740351,24.21288732426579,central,Kenyon_Cell,0.0,891,2
720575940618404510,1.6194490609297596,24.48208600555616,central,ALPN,0.0,4398,2
720575940618405848,0.3591686062432501,22.9760366545263,central,unknown,0.0,7076,2
720575940618418085,2.158963694585664,24.769628335543974,central,Kenyon_Cell,0.0,3243,2
720575940618428830,0.7026452236970258,23.647096824985155,central,ALLN,0.0,6856,2
720575940618436672,1.9388472088846962,24.662093574230855,central,Kenyon_Cell,1.3243733297169113e-07,620,2
720575940618439569,0.11912660348155321,21.87243154339736,central,unknown,0.0,7065,2
720575940618440000,0.009443968211701617,19.337620974257238,descending,unknown,0.0,8151,2
720575940618442681,0.17571680722018326,22.261118370259616,central,unknown,0.0,1873,2
720575940618447965,0.7086259238240896,23.655572497346913,central,unknown,0.0,6614,2
720575940618458513,1.802851097079158,24.58936935460951,central,ALLN,0.0,5799,1
720575940618461121,1.8564281540863254,24.618654294228904,central,ALPN,1.6951978620376463e-06,419,1
720575940618464379,1.5357921836940678,24.42904632849783,central,Kenyon_Cell,0.0,7654,2
720575940618464802,0.07492109916803107,21.40868026970918,central,unknown,0.0,1354,2
720575940618469725,1.3097283349151339,24.269819737779905,central,Kenyon_Cell,0.0,6932,2
720575940618471261,1.1574052721380743,24.146180665303675,central,unknown,0.0,5392,2
720575940618473808,2.0464128639865677,24.716088437977184,central,Kenyon_Cell,0.0,1944,2
720575940618482781,1.0951139103677257,24.090858385591037,central,unknown,0.0,4703,2
720575940618483067,0.3290413029866432,22.88842800489646,central,unknown,0.0,7165,2
720575940618492224,1.5757528717061506,24.454733171847085,central,Kenyon_Cell,0.0,1110,2
720575940618493073,1.1231890733379783,24.11617202608858,central,unknown,0.0,3581,2
720575940618499238,2.3954925480260028,24.873588866514243,central,ALPN,4.277725854985623e-06,337,1
720575940618509878,0.964510297327219,23.963865229643844,central,unknown,0.0,6113,2
720575940618512331,3.177573829480828,25.156117958895987,sensory,olfactory,0.0,850,0
720575940618512624,2.0108620694671866,24.69856352040602,sensory,thermosensory,0.0,8070,2
720575940618517440,1.8810486627392462,24.631829420659024,central,Kenyon_Cell,0.0,4603,2
720575940618522673,0.588856030663747,23.470426444679056,central,unknown,0.0,832,2
720575940618531544,1.9907559461490845,24.68851443903986,sensory,hygrosensory,0.0,2107,2
720575940618533403,1.0,24.0,sensory,olfactory,0.0,3443,0
720575940618534977,0.26469049157959,22.670805908108143,central,unknown,0.0,5623,2
720575940618539422,3.1439834687343975,25.145490616517005,sensory,olfactory,0.0,2273,0
720575940618541361,0.12020343938805093,21.881430356586897,central,unknown,0.0,4237,2
720575940618551481,0.4647849739159228,23.233819597969152,central,unknown,0.0,6106,2
720575940618552443,1.340067175888429,24.292719743966313,central,ALLN,0.0,6192,2
720575940618556587,0.2880490795247007,22.755375601651142,central,unknown,0.0,3189,2
720575940618561403,1.9577431487937207,24.67179235511206,central,ALLN,0.0,5713,2
720575940618562950,0.1698242105173025,22.227008567283026,central,unknown,0.0,1624,2
720575940618572422,1.0396685966698107,24.038902005323077,central,Kenyon_Cell,0.0,2692,2
720575940618574400,2.1058128962572606,24.744701566582307,central,LHLN,0.0,5161,2
720575940618574749,0.03338476409359952,20.600344352063384,descending,unknown,3.5625642569384917e-06,356,2
720575940618574983,1.8949817055557006,24.63920918442747,sensory,hygrosensory,0.0,3643,2
720575940618582592,0.8351731877873138,23.819883834885857,central,unknown,0.0,6024,2
720575940618591764,0.2050817670444154,22.415653484262613,central,unknown,2.09250986095272e-06,405,2
720575940618593600,1.0647362911348497,24.062727154542102,central,unknown,0.0,5919,2
720575940618594022,0.12352925973420088,21.908722769949268,descending,unknown,2.3693038868635542e-05,135,2
720575940618595894,0.2302553411397867,22.531433593016853,central,unknown,0.0,5290,2
720575940618599478,1.3112820792867275,24.27100534509011,central,unknown,0.0,5888,2
720575940618601024,0.08691978709727786,21.557230426993037,central,unknown,0.0,7192,2
720575940618604352,0.6145772366056989,23.513179332289475,central,unknown,0.0,4837,2
720575940618606160,2.2341695514468665,24.803869593669866,central,Kenyon_Cell,0.0,4295,2
720575940618606983,3.2821788029174437,25.188507471049082,sensory,olfactory,0.0,4482,0
720575940618609275,0.7721433838945274,23.741414984230204,central,unknown,0.0,4825,2
720575940618609462,2.064965345118212,24.725113444247096,central,ALPN,0.0,2069,2
720575940618610311,3.0775677866030966,25.124139605349924,sensory,olfactory,0.0,3597,0
720575940618615360,2.1037353015509055,24.7437144797134,central,ALPN,0.0,6953,1
720575940618626171,0.6717042895475803,23.602062919376557,central,unknown,0.0,4834,2
720575940618627207,1.9883582712724386,24.687309308935106,central,Kenyon_Cell,0.0,2904,2
720575940618630193,1.2284223728171015,24.205730722392545,central,Kenyon_Cell,0.0,7437,2
720575940618640542,2.987630359898923,25.094480551418254,sensory,olfactory,0.0,1135,0
720575940618645963,2.989850445437106,25.09522336790318,sensory,olfactory,0.0,843,0
720575940618647104,2.2576318473309436,24.814316408736858,central,unknown,0.0,3591,2
720575940618648443,0.6763577056048521,23.60896680741321,central,unknown,0.0,4369,2
720575940618648955,0.4223994953340345,23.13819625865076,central,unknown,0.0,6791,2
720575940618649920,0.04980829995404461,21.000426356905145,central,unknown,0.0,4788,2
720575940618652736,1.592300950401725,24.465180108753596,central,unknown,0.0,8570,2
720575940618654016,1.881108307429481,24.631861128368573,central,LHLN,0.0,5695,2
720575940618657950,1.7217042073347788,24.54331461850688,central,Kenyon_Cell,0.0,3740,2
720575940618659998,1.1485988605079727,24.138542817377196,central,Kenyon_Cell,0.0,4582,2
720575940618660043,1.4673801178338426,24.383478577958208,central,ALPN,0.0,7832,1
720575940618663838,0.0421872778509756,20.834363423882095,descending,unknown,0.0,8148,2
720575940618671495,1.6016058785076785,24.471006799968986,central,Kenyon_Cell,0.0,2651,2
720575940618681168,1.9399821262995454,24.662678759785138,central,ALLN,0.0,3155,2
720575940618682782,0.07884372465855151,21.459712445445607,central,unknown,0.0,5465,2
720575940618691742,1.4687324474900871,24.384399748193875,central,Kenyon_Cell,0.0,4373,2
720575940618696896,1.41901285182888,24.349961455098754,central,Kenyon_Cell,0.0,7035,2
720575940618696920,3.0929734431327778,25.129132907546698,sensory,olfactory,0.0,3959,0
720575940618699037,1.8229872991276086,24.600476528655037,central,unknown,0.0,5651,2
720575940618700573,1.0956125341845881,24.091313598816505,central,Kenyon_Cell,0.0,3611,2
720575940618701703,3.0017836319992948,25.099206655996614,sensory,olfactory,0.0,3094,0
720575940618707183,1.9666666886605138,24.676340073426875,central,Kenyon_Cell,0.0,7681,2
720575940618714351,1.7671686884225242,24.569378654781268,central,Kenyon_Cell,0.0,4998,2
720575940618715550,0.5063067494542014,23.31938743084345,central,unknown,0.0,6158,2
720575940618722475,1.9987236561302022,24.692508804906662,central,Kenyon_Cell,0.0,3815,2
720575940618727640,0.043252252679562744,20.859294038115966,central,unknown,0.0,8190,2
720575940618728395,2.809567520052409,25.03303056404603,sensory,olfactory,0.0,7365,0
720575940618729350,0.22877784978574753,22.524996165460102,central,unknown,0.0,1152,2
720575940618731934,1.9378496081831347,24.66157890890073,central,Kenyon_Cell,0.0,793,2
720575940618738853,1.0,24.0,sensory,olfactory,0.0,3149,0
720575940618746747,1.5770217607357377,24.455538106703543,central,Kenyon_Cell,0.0,1985,2
720575940618746827,0.06647798403704169,21.2891155467527,central,unknown,0.0,7061,2
720575940618753445,1.694227808843915,24.527227067025283,central,LHLN,0.0,5448,2
720575940618755494,1.2920391849535797,24.256221733811937,central,unknown,0.0,6702,2
720575940618757666,2.1074233561302496,24.745466043034586,central,ALLN,0.00055783929021,2,1
720575940618759128,3.0124989073206168,25.10276993610156,sensory,olfactory,0.0,3910,0
720575940618761250,0.7898153322685695,23.764043882531528,central,unknown,0.0,5705,2
720575940618777684,0.025330762724542415,20.324264296087872,central,unknown,0.0,1463,2
720575940618779294,0.6155736010465157,23.514799238772813,central,unknown,0.0,6147,2
720575940618784891,2.9502247963760637,25.081881369609867,sensory,olfactory,0.0,7424,0
720575940618802123,3.3843615930397952,25.219165289770686,sensory,olfactory,0.0,3217,0
720575940618806101,1.0,24.0,sensory,olfactory,0.0,3317,0
720575940618819668,0.04289401071235851,20.850976926770855,visual_projection,unknown,1.566733649055106e-05,195,2
720575940618821067,3.091961704080462,25.1288057451635,sensory,olfactory,0.0,2092,0
720575940618830459,1.490816150509572,24.399323722015836,central,Kenyon_Cell,0.0,6527,2
720575940618839942,1.784720734318269,24.579261951629498,central,Kenyon_Cell,0.0,1964,2
720575940618840280,2.3841283658687,24.868833592497108,central,ALPN,0.0,4304,2
720575940618843489,0.6414497789654927,23.555975615127437,central,unknown,0.0,4850,2
720575940618844353,1.3958945128826883,24.333535437647473,central,Kenyon_Cell,0.0,8061,2
720575940618846001,1.6043485142707423,24.472717764066484,central,Kenyon_Cell,0.0,8181,2
720575940618849841,1.6026934070573264,24.471685593361542,central,Kenyon_Cell,0.0,5593,2
720575940618855344,1.9716173855745571,24.67885421381313,central,ALPN,0.0,1598,2
720575940618865112,2.093044025809795,24.738619478029925,central,ALPN,1.3972138628513412e-05,208,1
720575940618868273,1.5491684317174133,24.437718291299678,central,Kenyon_Cell,0.0,2834,2
720575940618869814,1.7550858314344522,24.562517762522187,central,unknown,0.0,1782,2
720575940618873723,1.12386913220782,24.116777314272863,central,Kenyon_Cell,0.0,2594,2
720575940618875819,1.0755091235091454,24.07279415272932,central,Kenyon_Cell,0.0,6191,2
720575940618876075,1.5026239405238346,24.407212873558485,central,Kenyon_Cell,0.0,2925,2
720575940618878191,1.0550715933414683,24.05360862561275,central,unknown,0.0,5258,2
720575940618884289,0.07285888640199674,21.38076922840238,central,unknown,0.0,3699,2
720575940618886336,1.6258018085977752,24.4860011147653,central,Kenyon_Cell,0.0,4608,2
720575940618886454,1.813130297335993,24.595054797549928,central,LHLN,0.0,5034,2
720575940618886710,0.15519820066998227,22.136947735078525,central,unknown,4.983616839724737e-05,57,2
720575940618888016,0.43543728881470944,23.16859550881244,central,unknown,0.0,4157,2
720575940618888246,0.47155659146154466,23.24828384019772,central,unknown,0.0,7936,2
720575940618893366,1.3503952123827745,24.30039729952061,central,unknown,0.0,4950,2
720575940618894528,1.2102735327932561,24.190846394220618,central,Kenyon_Cell,0.0,7434,2
720575940618895414,0.3079810195315817,22.822282877195082,central,unknown,0.0,2821,2
720575940618897693,2.0465684775512574,24.716164477202277,central,ALPN,0.0,3943,2
720575940618901533,1.3497236140446691,24.29989984115294,central,ALPN,0.0,4386,2
720575940618902326,0.14384264308041741,22.0609646667143,central,unknown,7.270809580145842e-06,283,2
720575940618903345,3.048273111219207,25.114575237228628,sensory,olfactory,0.0,2178,0
720575940618912427,3.039253244436903,25.111611841965544,sensory,olfactory,0.0,7996,0
720575940618924965,1.7830048555946703,24.578300062149683,central,Kenyon_Cell,0.0,2838,2
720575940618926319,1.5603630330551765,24.44491850768477,central,Kenyon_Cell,0.0,1444,2
720575940618930737,0.01850280101990793,20.010166848122847,central,unknown,0.0,5619,2
720575940618931846,0.06512250281794381,21.268514875910068,central,unknown,0.0,7978,2
720575940618932603,1.175330023853092,24.161548979523477,central,unknown,7.946239978301468e-08,663,2
720575940618937649,1.0,24.0,sensory,olfactory,0.0,3342,0
720575940618938964,3.743373252548955,25.319987144107916,sensory,olfactory,0.0,3785,0
720575940618946901,2.909378449035879,25.067939466972906,sensory,olfactory,0.0,7388,0
720575940618950814,0.4754975229388069,23.25660639360763,central,unknown,0.0,8305,2
720575940618953126,0.6534230031946419,23.574469424944144,central,unknown,0.0,6841,2
720575940618953217,1.948649098176013,24.667136362333373,central,unknown,0.0,4177,2
720575940618953630,2.116365460100794,24.74970021179597,central,unknown,0.0,1408,2
720575940618955678,1.989667165726161,24.68796737134405,central,LHLN,0.0,8318,2
720575940618959576,0.27147781512588903,22.696125144809724,central,unknown,0.0,4324,2
720575940618960555,3.1035691436234565,25.132552785864075,sensory,olfactory,0.0,3641,0
720575940618970209,0.936386375155072,23.93427290628856,central,unknown,0.0,3014,2
720575940618978206,0.6262067896675778,23.53192537250162,central,unknown,0.0,8013,2
720575940618989982,2.1043598679087845,24.74401132013041,central,LHLN,0.0,2797,2
720575940618990507,1.030257406997722,24.029808680725843,central,unknown,0.0,2827,2
720575940618992449,1.359463906239819,24.307090435447638,central,Kenyon_Cell,0.0,7533,2
720575940618996382,0.7636065150811535,23.730297344893238,central,unknown,0.0,4780,2
720575940618997297,1.8803834556726788,24.631475721827005,central,Kenyon_Cell,0.0,4544,2
720575940619003051,1.890810588157709,24.637005619750813,central,Kenyon_Cell,0.0,1452,2
720575940619007664,0.5440649555235956,23.391313364281793,central,ALLN,0.0,4867,2
720575940619010251,2.0856735777054793,24.735091861930037,central,Kenyon_Cell,0.0,6388,2
720575940619024774,1.9362191618323379,24.660737185873156,sensory,thermosensory,0.0,8160,2
720575940619026241,1.0938658022059997,24.089718029387814,central,Kenyon_Cell,0.0,2612,2
720575940619028289,1.576206169814057,24.45502080128964,central,Kenyon_Cell,0.0,4095,2
720575940619029589,1.0,24.0,sensory,olfactory,0.0,3551,0
720575940619031837,0.0032809729611228563,18.28038473391528,central,unknown,0.0,7915,2
720575940619048533,1.1605163015789148,24.148864993664212,central,unknown,0.0,8346,2
720575940619051009,1.0,24.0,sensory,olfactory,0.0,4166,0
720575940619059102,1.9240122957752932,24.654412742958694,central,ALLN,0.0,5844,1
720575940619061662,1.6881393897947479,24.523626969657105,central,ALLN,4.714769053792204e-06,322,1
720575940619062686,1.0,24.0,sensory,olfactory,0.0,3526,0
720575940619071005,2.2738497219464984,24.82147430780886,central,ALPN,5.672290971177531e-05,49,1
720575940619075073,1.937147121515956,24.661216334827056,sensory,hygrosensory,0.0,1488,2
720575940619075437,2.201038371823234,24.788929236205732,central,ALPN,0.0,3663,2
720575940619078091,1.6419678259522459,24.495895416412104,central,ALLN,0.0,4968,2
720575940619084909,0.3596505863594165,22.97737768769113,central,unknown,0.0,7986,2
720575940619087645,0.13095296215653238,21.967082912231454,central,unknown,0.0,1571,2
720575940619093524,3.1129866638828974,25.13558260744223,sensory,olfactory,0.0,995,0
720575940619097816,2.989850445437106,25.09522336790318,sensory,olfactory,0.0,723,0
720575940619108299,1.0976167126157994,24.093141204382125,central,unknown,0.0,1560,2
720575940619111883,3.0385231901712606,25.111371604675803,sensory,olfactory,0.0,1697,0
720575940619112102,0.8715573898434978,23.86252643560957,central,Kenyon_Cell,0.0,6434,2
720575940619115845,1.4180353922612459,24.349272387080013,central,Kenyon_Cell,0.0,1320,2
720575940619117039,1.0,24.0,sensory,olfactory,0.0,4179,0
720575940619119782,1.7465420399370264,24.557637855938133,central,Kenyon_Cell,0.0,1962,2
720575940619134789,0.356346269641842,22.96814764666861,central,unknown,1.1614754101617311e-05,225,2
720575940619136020,0.4439841466059986,23.188033576970273,central,unknown,0.0,2974,2
720575940619146837,1.6445322709880037,24.49745601004094,central,Kenyon_Cell,0.0,5122,2
720575940619150040,3.2581620231587944,25.181163239808505,sensory,olfactory,0.0,2436,0
720575940619153749,2.0273489396907207,24.706728998530497,central,Kenyon_Cell,0.0,7577,2
720575940619154891,1.8348797600972155,24.606978953527044,central,Kenyon_Cell,0.0,4545,2
720575940619155541,2.0746745992062627,24.729804321725542,central,Kenyon_Cell,0.0,4412,2
720575940619160861,0.15742718830230415,22.151207775898275,central,unknown,0.0,4429,2
720575940619163783,3.060435941716618,25.118557370430445,sensory,olfactory,0.0,3204,0
720575940619168728,1.9913563751494554,24.68881600210814,central,LHLN,0.0,4954,2
720575940619169985,2.9454665141658136,25.080267213443015,sensory,olfactory,0.0,2369,0
720575940619188139,1.0,24.0,sensory,olfactory,0.0,2755,0
720575940619204335,0.06198058795678548,21.219065959566507,central,unknown,0.0,8209,2
720575940619205229,1.7054495916934722,24.533828766118145,central,Kenyon_Cell,0.0,3440,2
720575940619210375,3.151086528580838,25.14774732307117,sensory,olfactory,0.0,7505,0
720575940619219627,3.1895222966351677,25.159871155311954,sensory,olfactory,0.0,7314,0
720575940619238465,0.6625525880395298,23.588344653900833,central,unknown,0.0,6794,2
720575940619243691,2.998470222904518,25.09810223291329,sensory,olfactory,0.0,7426,0
720575940619245016,0.12673067210279448,21.934308863520755,central,DAN,0.0,5615,2
720575940619245121,1.9456819979702866,24.665612557239967,central,Kenyon_Cell,0.0,3625,2
720575940619245648,1.904183562816936,24.64405334076463,central,Kenyon_Cell,0.0,5365,2
720575940619253809,2.004529471887583,24.69540935585469,central,LHLN,0.0,6368,2
720575940619254448,1.3894883636620365,24.328935595686794,central,Kenyon_Cell,0.0,2657,2
720575940619258417,0.9087723526510451,23.904339346703164,central,unknown,0.0,6064,2
720575940619259886,1.9155518558219329,24.650005756482,central,Kenyon_Cell,0.0,7049,2
720575940619260737,1.9659943565340279,24.675998151188825,central,Kenyon_Cell,0.0,2914,2
720575940619269029,1.5603629472629188,24.444918452702524,central,unknown,0.0,5274,2
720575940619271384,0.8262944567248542,23.80919591615216,central,Kenyon_Cell,0.0,8043,2
720575940619274456,1.4064813502647566,24.341091089183188,central,Kenyon_Cell,0.0,7242,2
720575940619277733,3.102456021025486,25.132194062661902,sensory,olfactory,0.0,2507,0
720575940619280110,3.1661567135532973,25.152518459145128,sensory,olfactory,0.0,768,0
720575940619280705,2.3679900414108905,24.86204151152765,central,ALPN,4.1452885220139324e-06,341,1
720575940619280981,1.2022109121929734,24.184162288434976,central,unknown,0.0,1983,2
720575940619297073,1.8805924650756904,24.63158686819307,central,Kenyon_Cell,0.0,5732,2
720575940619297963,2.9962768626656744,25.097370472154946,sensory,olfactory,0.0,3991,0
720575940619298731,3.045104293333042,25.113535151259406,sensory,olfactory,0.0,1735,0
720575940619298865,2.071512525772111,24.728279029232997,central,Kenyon_Cell,0.0,2031,2
720575940619305808,1.913615309716843,24.648994285221292,central,Kenyon_Cell,0.0,8009,2
720575940619314964,3.044662771291567,25.113390146684498,sensory,olfactory,0.0,997,0
720575940619318619,2.266671357154588,24.818312392844717,sensory,olfactory,0.0,3642,0
720575940619319512,1.9046837438805024,24.64431598108584,central,Kenyon_Cell,0.0,4457,2
720575940619320768,2.990982556902679,25.09560194776945,sensory,olfactory,0.0,2440,0
720575940619331163,3.0335671437269345,25.109739202233698,sensory,olfactory,0.0,1000,0
720575940619337536,2.493234909437797,24.913581027714713,central,ALPN,9.813606373202312e-06,241,1
720575940619353766,1.855625580645906,24.61822187944707,central,Kenyon_Cell,0.0,4406,2
720575940619354417,1.2904524226341627,24.254992872107653,central,Kenyon_Cell,0.0,1492,2
720575940619357275,1.5915525989742507,24.464710017130567,central,Kenyon_Cell,0.0,1044,2
720575940619358001,1.8531157990813862,24.61686843810907,central,Kenyon_Cell,0.0,7284,2
720575940619358257,1.6568982903438092,24.504947354752282,central,Kenyon_Cell,0.0,4447,2
720575940619360532,2.9708353574060236,25.088843178386863,sensory,olfactory,0.0,1267,0
720575940619367083,2.8830873029774056,25.058861700187858,sensory,olfactory,0.0,2886,0
720575940619373551,3.111375020641621,25.135064757304665,sensory,olfactory,0.0,1915,0
720575940619375701,1.7843684182543211,24.57906452531145,central,Kenyon_Cell,0.0,1684,2
720575940619376767,1.635685120491845,24.492061750518978,central,ALPN,0.0,8616,2
720575940619385583,3.1889038070580153,25.159677223589917,sensory,olfactory,0.0,2329,0
720575940619385765,1.7398525005629084,24.553800339841843,central,ALPN,1.986559994575367e-07,588,1
720575940619388062,1.0,24.0,sensory,olfactory,0.0,3579,0
720575940619397797,0.11314017588630039,21.820872265521558,central,unknown,0.0,2310,2
720575940619401199,3.0124989073206168,25.10276993610156,sensory,olfactory,0.0,4007,0
720575940619403028,2.8578560374800337,25.05007170646852,sensory,olfactory,0.0,7343,0
720575940619403841,0.19884515748659692,22.3847711397806,central,unknown,0.0,6095,2
720575940619411147,1.2114273914391085,24.191799326700117,central,ALPN,1.5892479956602933e-07,598,2
720575940619417620,0.2451249330537934,22.594012732423856,central,ALLN,0.0,1069,2
720575940619418304,1.0,24.0,sensory,olfactory,0.0,3455,0
720575940619419757,3.142793505223594,25.145112055760055,sensory,olfactory,0.0,3896,0
720575940619420838,0.8448559146332532,23.83141081860874,central,unknown,0.0,1679,2
720575940619421505,1.7774061596227158,24.575155087840436,central,Kenyon_Cell,0.0,6530,2
720575940619423398,1.7421822689558297,24.555138504963555,central,Kenyon_Cell,0.0,4035,2
720575940619429803,3.060200521315946,25.118480443659116,sensory,olfactory,0.0,2295,0
720575940619430571,3.0965177892884954,25.13027818634589,sensory,olfactory,0.0,3121,0
720575940619434689,2.7487076497625518,25.011130855678577,sensory,olfactory,0.0,2162,0
720575940619434712,0.4917524942854062,23.29022025053732,central,unknown,2.6487466594338225e-07,567,2
720575940619434887,1.2695501995613916,24.23866266416252,central,Kenyon_Cell,0.0,8282,2
720575940619439792,2.0393042990660413,24.712608719822626,central,Kenyon_Cell,0.0,1658,2
720575940619440816,0.10897425234420141,21.783356358317697,central,unknown,0.0,1138,2
720575940619440878,2.789202934138155,25.025755868328226,sensory,olfactory,0.0,1356,0
720575940619441112,1.594874115975334,24.466794808968736,central,unknown,0.0,4864,2
720575940619441345,0.1737351383734732,22.249776667263315,central,unknown,0.0,2333,2
720575940619445382,3.060435941716618,25.118557370430445,sensory,olfactory,0.0,4376,0
720575940619445451,1.3600281008675785,24.307505361937128,central,unknown,0.0,6023,2
720575940619445464,2.455373670481186,24.89827895759934,sensory,olfactory,0.0,4665,0
720575940619445696,0.30000187479510476,22.796033444971552,central,unknown,0.0,3252,2
720575940619451233,3.118045662705419,25.137206415398595,sensory,olfactory,0.0,2170,0
720575940619455448,1.2950653065154478,24.25856112362162,central,unknown,2.330897060301764e-05,151,2
720575940619456728,2.267216301873756,24.81855278023972,central,ALPN,2.728209059216837e-06,382,1
720575940619463088,1.248861819256517,24.22223259192188,central,Kenyon_Cell,0.0,3181,2
720575940619465904,2.0797457129857184,24.732245632867425,central,Kenyon_Cell,0.0,7698,2
720575940619466416,1.9781714655314149,24.682172915758652,central,Kenyon_Cell,0.0,1097,2
720575940619472225,1.532308994196326,24.426775744320672,central,Kenyon_Cell,0.0,4860,2
720575940619474548,1.3442165923402447,24.295811384131948,central,unknown,0.0,4963,2
720575940619477809,2.0754316401381487,24.730169151393323,central,Kenyon_Cell,0.0,4344,2
720575940619491828,0.07621069606416066,21.425746542155828,central,unknown,0.0,4524,2
720575940619495664,1.5398856891979287,24.431708185876968,central,Kenyon_Cell,0.0,8003,2
720575940619498887,1.0,24.0,sensory,olfactory,0.0,3278,0
720575940619506481,1.5244011617150692,24.421601652097486,central,unknown,0.0,2423,2
720575940619511345,1.3692579212858023,24.31426892979244,central,unknown,0.0,7106,2
720575940619517233,1.036562417419023,24.03590987049112,central,unknown,2.8844851121234326e-05,111,2
720575940619519727,3.0248004398858974,25.106845119021017,sensory,olfactory,0.0,2466,0
720575940619522974,0.08945594759617696,21.58599101949641,central,unknown,0.0,8206,2
720575940619531373,2.4717905052713585,24.904942788945696,central,ALPN,1.4700543959857714e-06,441,1
720575940619531654,0.49639768531057826,23.299622111385347,central,unknown,0.0,6401,2
720575940619537201,1.0476640001039899,24.046562923904492,central,unknown,2.7096678326008003e-05,117,2
720575940619539182,1.0,24.0,sensory,olfactory,0.0,1357,0
720575940619540545,0.8147645276565285,23.795143869391577,central,unknown,0.0,8458,2
720575940619545905,1.908192211961238,24.646156307973772,central,LHLN,0.0,6464,2
720575940619547953,0.6857202420376635,23.62271445512573,central,unknown,0.0,6146,2
720575940619548209,0.9863953077946852,23.98630191595754,central,unknown,0.0,6100,2
720575940619549611,0.04304973278694659,20.854600744832773,central,unknown,0.0,3836,2
720575940619552561,1.0914311278947595,24.087489796432326,central,unknown,0.0,3919,2
720575940619553329,0.21792324404108424,22.47638763025351,central,unknown,0.0,919,2
720575940619559815,0.037469046661622436,20.715759890788885,central,unknown,0.0,1023,2
720575940619559956,1.0,24.0,sensory,olfactory,0.0,3306,0
720575940619560606,0.07072759339275751,21.351080506218366,central,unknown,0.0,8398,2
720575940619565648,3.0390481155967626,25.111544346516382,sensory,olfactory,0.0,1311,0
720575940619571009,0.34476727608094576,22.935114348345635,central,unknown,0.0,8530,3
720575940619576912,3.0309362282421555,25.1088715580134,sensory,olfactory,0.0,3963,0
720575940619589217,0.06788887321058745,21.3101168719126,central,unknown,0.0,3671,2
720575940619591872,1.0,24.0,sensory,olfactory,0.0,3312,0
720575940619593552,1.5741446261041756,24.45371203021131,central,unknown,0.0,3738,2
720575940619597958,0.954704178110748,23.953646252372124,central,unknown,0.0,7990,2
720575940619603024,2.980259255600991,25.092010295256983,sensory,olfactory,0.0,1868,0
720575940619608625,0.057877693256667646,21.150576768093863,central,unknown,0.0,1933,2
720575940619620432,1.892031515689071,24.6376511278319,central,unknown,0.0,7215,2
720575940619620852,1.6739111711858572,24.515162906851618,central,ALPN,0.0,5042,1
720575940619623407,0.12779833231695417,21.942698213713044,central,unknown,1.3243733297169113e-07,613,2
720575940619632148,3.333151492427157,25.203918250566055,sensory,olfactory,0.0,4498,0
720575940619637780,2.369731877763723,24.862776817001897,central,ALPN,9.24412584142404e-06,250,1
720575940619637845,2.1546350102373077,24.767621340411804,central,Kenyon_Cell,0.0,4028,2
720575940619638950,3.048741015139186,25.114728723479832,sensory,olfactory,0.0,2293,0
720575940619640149,1.2792056060548493,24.2462392649974,central,Kenyon_Cell,0.0,8322,2
720575940619644336,0.2669646975209397,22.67936115165371,ascending,AN,9.932799972876835e-08,644,2
720575940619649195,1.0,24.0,sensory,olfactory,0.0,3419,0
720575940619651019,1.6488626349041486,24.500085738048313,central,Kenyon_Cell,0.0,3015,2
720575940619651920,0.3186182530855962,22.8562384083957,central,unknown,1.7216853286319845e-07,595,2
720575940619654053,0.025699322894914473,20.338709366070578,descending,unknown,0.0,7178,2
720575940619658433,1.6879536145549787,24.523516916267155,central,Kenyon_Cell,0.0,1372,2
720575940619659969,1.7397975102260566,24.553768733021222,central,Kenyon_Cell,0.0,8496,2
720575940619662539,0.2588730476606364,22.64858249907557,central,unknown,0.0,7983,2
720575940619670352,0.055306985899072465,21.105143948856366,central,unknown,2.118997327547058e-07,580,2
720575940619672656,1.7177358074063958,24.541007032578744,central,Kenyon_Cell,0.0,4101,2
720575940619674795,2.9890265250465027,25.094947757483403,sensory,olfactory,0.0,2158,0
720575940619674840,3.137956891860086,25.14357191675953,sensory,olfactory,0.0,2172,0
720575940619675056,3.0029612362787557,25.0995988805858,sensory,olfactory,0.0,999,0
720575940619675456,0.901282333228133,23.896063284954778,central,unknown,0.0,6691,2
720575940619676224,0.5521691752725344,23.406099197283492,central,DAN,0.0,5490,2
720575940619681600,3.047197951121475,25.114222463801312,sensory,olfactory,0.0,1746,0
720575940619682625,1.0921909567642774,24.088185730866698,central,Kenyon_Cell,0.0,7465,2
720575940619684299,1.620989745620872,24.483036916774783,central,Kenyon_Cell,0.0,3517,2
720575940619686593,0.38889087903184294,23.05554350865651,central,unknown,0.0,8552,2
720575940619689350,3.3843615930397952,25.219165289770686,sensory,olfactory,0.0,3158,0
720575940619690118,1.0,24.0,sensory,olfactory,0.0,3131,0
720575940619695809,1.9936565378272162,24.689970408873403,central,Kenyon_Cell,0.0,6286,2
720575940619696660,0.8097351378771662,23.788951924936267,central,Kenyon_Cell,0.0,6451,2
720575940619696731,0.3120489320468339,22.835404730013703,central,unknown,0.0,5915,2
720575940619702337,3.056929722093536,25.117411053469937,sensory,olfactory,0.0,762,0
720575940619704656,1.8567578736205888,24.61883188809717,central,Kenyon_Cell,0.0,4525,2
720575940619705983,1.8514160851726924,24.615950797726384,central,Kenyon_Cell,0.0,3711,2
720575940619709899,0.2463814328852609,22.59912559628793,central,unknown,0.0,6442,2
720575940619723088,1.685641942624925,24.522146466103422,central,Kenyon_Cell,0.0,1394,2
720575940619723979,1.9302126231433596,24.6576301642806,central,Kenyon_Cell,0.0,4408,2
720575940619725551,1.6796531036957176,24.518587286198613,central,unknown,0.0,7973,2
720575940619725844,3.1655349057761373,25.152322047880478,sensory,olfactory,0.0,2202,0
720575940619738612,0.1149430257320013,21.836681298198524,central,unknown,0.0,4557,2
720575940619742144,1.7162889119900206,24.540164350524755,central,Kenyon_Cell,0.0,8351,2
720575940619743680,1.6817527273842863,24.519836539675964,central,Kenyon_Cell,0.0,1046,2
720575940619746907,1.0587250738554443,24.057065423713308,central,unknown,0.0,2987,2
720575940619749579,1.7411269342376965,24.55453256693804,central,unknown,0.0,5095,2
720575940619754699,0.3796616552268453,23.031525196131714,central,unknown,4.635306654009189e-07,528,2
720575940619756148,1.584023519382167,24.459968141376805,central,Kenyon_Cell,0.0,796,2
720575940619757515,0.6468682712555958,23.564387395493778,central,unknown,0.0,8518,2
720575940619759041,0.3518508215357953,22.955452004331192,central,unknown,0.0,6726,2
720575940619760833,0.18241418359344802,22.298524556563862,central,unknown,0.0,3442,2
720575940619761072,2.976459962642423,25.090734662367613,sensory,olfactory,0.0,7317,0
720575940619761473,2.794783029511789,25.027754475512197,sensory,olfactory,0.0,2502,0
720575940619766219,0.7760659494929005,23.74648222404986,central,ALPN,0.0,8525,1
720575940619767243,0.6064015298831842,23.499787078237276,central,unknown,0.0,8466,2
720575940619770228,2.1710234730470868,24.775198702927565,central,Kenyon_Cell,0.0,4060,2
720575940619772525,0.8168755634213158,23.797731495123813,central,ALPN,5.615342917999704e-06,303,2
720575940619777520,1.8405280190917512,24.61005249735146,central,Kenyon_Cell,0.0,7709,2
720575940619783548,1.0671044735916793,24.064948880920678,central,unknown,0.0,4274,2
720575940619789248,3.0611748734839974,25.11879878785905,sensory,olfactory,0.0,7405,0
720575940619791019,2.9069959037321675,25.067120212470883,sensory,olfactory,0.0,1824,0
720575940619793134,3.1589954688551765,25.150254087458418,sensory,olfactory,0.0,3468,0
720575940619795883,1.1055725490634016,24.100363344728272,central,Kenyon_Cell,0.0,4612,2
720575940619798381,3.018159968351612,25.104647363696294,sensory,olfactory,0.0,6725,0
720575940619804582,3.061225041148739,25.118815176094202,sensory,olfactory,0.0,771,0
720575940619807397,1.0434439249905518,24.04252670866002,central,ALPN,1.5097855958772789e-06,428,1
720575940619812487,3.0592309690953114,25.118163567089695,sensory,olfactory,0.0,2277,0
720575940619819802,0.09045833939391541,21.597134127546813,central,unknown,0.0,2794,2
720575940619821392,0.0956394061682211,21.652829654557145,central,unknown,0.0,5640,2
720575940619821771,1.5043645568544717,24.408370587681148,central,unknown,0.0,4130,2
720575940619828359,1.8188815006455576,24.59822175208439,central,Kenyon_Cell,0.0,3033,2
720575940619834965,1.6430074020867131,24.496528344271223,central,Kenyon_Cell,0.0,938,2
720575940619835733,1.6659518532728876,24.510396643730942,central,Kenyon_Cell,0.0,4526,2
720575940619838912,2.0758934800844973,24.730391653815985,central,ALPN,1.4965418625801096e-06,431,1
720575940619842580,1.5483190646126626,24.43716986801981,central,Kenyon_Cell,0.0,2903,2
720575940619843520,1.0,24.0,sensory,olfactory,0.0,2756,0
720575940619844534,3.053483250881793,25.116282988446358,sensory,olfactory,0.0,1834,0
720575940619855696,2.0410285477140926,24.71345387085095,central,Kenyon_Cell,0.0,3056,2
720575940619863125,0.6650461746503428,23.592101194827606,central,LHCENT,3.973119989150733e-08,684,2
720575940619864047,0.012481944136903726,19.61652785202729,central,unknown,8.449501843593894e-06,259,2
720575940619864912,1.1117269785901476,24.105914642832133,central,Kenyon_Cell,0.0,1818,2
720575940619870622,0.16583451938676935,22.203235141003844,visual_projection,unknown,0.0,5335,2
720575940619873472,1.0,24.0,sensory,olfactory,0.0,3079,0
720575940619875060,0.5239140017500653,23.353572273072356,central,unknown,0.0,4849,2
720575940619883124,0.2361555513955405,22.556735425004668,central,unknown,0.0,3211,2
720575940619891041,3.0396716980023313,25.11174951550817,sensory,olfactory,0.0,2177,0
720575940619895125,1.2366467363680118,24.212403471676904,central,ALPN,1.907097594792352e-05,171,2
720575940619895329,2.0400198671080494,24.712959546587157,central,Kenyon_Cell,0.0,5468,2
720575940619896581,1.4765870513919377,24.389733378399505,central,Kenyon_Cell,0.0,6788,2
720575940619896656,1.2596590955358553,24.230841125257143,central,unknown,0.0,5950,2
720575940619898759,1.9561406533105528,24.6709734776728,central,Kenyon_Cell,0.0,1073,2
720575940619898971,1.4375502718282895,24.362940464784508,central,unknown,0.0,5076,2
720575940619899527,1.2232039727176085,24.201473623434513,central,Kenyon_Cell,0.0,1010,2
720575940619902117,1.4945952497806454,24.401855434254383,central,unknown,0.0,1457,2
720575940619902598,2.501925789756557,24.91706075123576,central,ALPN,1.3641045296084185e-06,446,1
720575940619903215,1.0,24.0,sensory,olfactory,0.0,4154,0
720575940619903664,3.060435941716618,25.118557370430445,sensory,olfactory,0.0,4354,0
720575940619904877,1.8677137990046795,24.624715115544152,central,unknown,0.0,6833,2
720575940619909461,1.2759924884274447,24.243724298092925,central,unknown,0.0,5391,2
720575940619911509,0.2661244965133579,22.67620895231185,central,unknown,0.0,6267,2
720575940619914837,2.075593380224521,24.730247079175335,central,LHLN,0.0,5065,2
720575940619916368,1.5629032205422702,24.446545130483422,central,LHLN,0.0,4288,2
720575940619917653,0.3886207160680921,23.05484856603102,central,unknown,0.0,6507,2
720575940619921488,0.2002662133881185,22.391892269422208,central,unknown,0.0,8237,2
720575940619925328,1.3588450988553897,24.30663514696207,central,unknown,0.0,2727,2
720575940619927893,2.443153336038865,24.893289555774157,central,LHLN,0.0,4905,2
720575940619928429,2.4205507052096524,24.883995078416024,central,ALPN,1.7574434085343413e-05,182,1
720575940619930021,1.4530819572166767,24.373686788514743,central,unknown,0.0,6622,2
720575940619930534,1.8980695099742224,24.64083732226436,sensory,thermosensory,0.0,7433,2
720575940619931119,1.7778975607814211,24.57543152057332,central,ALLN,0.0,4881,1
720575940619933269,0.4100096567255155,23.10842543342791,central,unknown,0.0,1505,2
720575940619936639,1.3608629687088414,24.308119034330556,central,Kenyon_Cell,0.0,1528,2
720575940619937445,0.9396006621651304,23.937699678533246,central,ALLN,0.0,8426,2
720575940619937872,0.6713977632750052,23.60160647412394,central,unknown,0.0,6091,2
720575940619940523,0.37357263211592745,23.01535717018162,central,unknown,0.0,2959,2
720575940619940693,0.07978412570956468,21.47156927973993,central,unknown,0.0,5635,2
720575940619946661,0.7645767059902989,23.73156707620047,central,unknown,0.0,4765,2
720575940619953172,1.5883217957341398,24.462677984445758,central,unknown,0.0,6119,2
720575940619954091,1.9264624841672093,24.655685411324367,central,Kenyon_Cell,0.0,1175,2
720575940619954112,2.002453108737483,24.6943729833254,central,ALLN,0.0,3406,2
720575940619960926,1.188685259863383,24.172847872711678,central,Kenyon_Cell,0.0,8029,2
720575940619964788,1.8758458759232606,24.629059691517842,central,ALPN,0.0,1506,2
720575940619964916,2.1685033068020565,24.774037209218132,central,Kenyon_Cell,0.0,1195,2
720575940619966885,0.687708632930569,23.6256099706029,central,unknown,0.0,4891,2
720575940619968647,1.1488828544459249,24.138790039313765,central,Kenyon_Cell,0.0,1055,2
720575940619973211,1.0,24.0,sensory,olfactory,0.0,2795,0
720575940619974193,3.1156388109624653,25.13643420696465,sensory,olfactory,0.0,1298,0
720575940619978266,1.7941187980426745,24.584513981088925,central,Kenyon_Cell,0.0,4556,2
720575940619979387,0.5056293284239397,23.31804856933576,central,unknown,0.0,5340,2
720575940619992997,1.5164406382050934,24.416365903433828,central,unknown,0.0,6116,2
720575940619996582,3.060435941716618,25.118557370430445,sensory,olfactory,0.0,2011,0
720575940619997342,1.5096773791970515,24.41189597183821,central,unknown,0.0,5886,2
720575940619998740,0.05174672523702921,21.03860587071717,central,unknown,0.0,3628,2
720575940620007457,1.811666858652107,24.59424733787678,central,Kenyon_Cell,0.0,5118,2
720575940620010409,0.08059086960096812,21.481630083728728,central,unknown,0.0,3872,2
720575940620015201,3.072290050927177,25.122423228447886,sensory,olfactory,0.0,758,0
720575940620020534,0.14485829883338852,22.068000736193987,central,unknown,0.0,6403,2
720575940620020845,3.3843615930397952,25.219165289770686,sensory,olfactory,0.0,3137,0
720575940620023024,3.1922729265597853,25.160733179240566,sensory,olfactory,0.0,7368,0
720575940620024560,2.746421345224352,25.010298735205257,sensory,olfactory,0.0,2428,0
720575940620028080,3.2707090554280307,25.185006797925855,sensory,olfactory,0.0,7200,0
720575940620028788,3.1848446722090444,25.15840351929771,sensory,olfactory,0.0,1640,0
720575940620029575,1.1796587568436947,24.165225207538825,central,Kenyon_Cell,0.0,4681,2
720575940620030384,3.2087619349461516,25.16588517269646,sensory,olfactory,0.0,1211,0
720575940620032123,0.20913559313039695,22.435227533580612,central,CX,0.0,6563,2
720575940620036417,3.335183384193345,25.20452766561994,sensory,olfactory,0.0,1126,0
720575940620039956,0.800556232160542,23.777551497284218,central,Kenyon_Cell,0.0,2653,2
720575940620041125,1.6455264786524626,24.498060380826004,central,Kenyon_Cell,0.0,4625,2
720575940620044190,1.8878124103613785,24.635418703868122,central,LHLN,0.0,5044,2
720575940620044935,0.7029717504448486,23.64756142773214,central,unknown,0.0,6071,2
720575940620045061,2.0490575661833947,24.71737996363195,central,Kenyon_Cell,0.0,7033,2
720575940620055905,3.0843316513523273,25.126334989268145,sensory,olfactory,0.0,3119,0
720575940620056496,3.062540877962182,25.11924492368778,sensory,olfactory,0.0,3891,0
720575940620057626,0.08930836938565478,21.584339926632467,visual_projection,unknown,0.0,4370,2
720575940620057758,0.6827883784459364,23.618429691356766,central,LHCENT,3.5625642569384917e-06,354,2
720575940620058350,2.059754884757136,24.722586987739884,central,Kenyon_Cell,0.0,6529,2
720575940620067823,0.7117646318427183,23.659992004523847,central,unknown,0.0,7302,2
720575940620068518,2.4428968170739087,24.893184555228867,central,ALPN,6.078873583400623e-06,296,1
720575940620071872,3.086579103006142,25.127063391231047,sensory,olfactory,0.0,772,0
720575940620078215,1.2762562162764044,24.24393096122055,central,unknown,0.0,8668,2
720575940620082096,1.0,24.0,sensory,olfactory,0.0,3146,0
720575940620091038,0.16952284224574074,22.22523240127046,central,unknown,0.0,7593,2
720575940620096065,0.11996399631197137,21.879436388048113,central,unknown,0.0,5537,2
720575940620096097,1.0,24.0,sensory,olfactory,0.0,1221,0
720575940620096238,0.009005037844513494,19.29002890224811,central,unknown,0.0,2347,2
720575940620096341,1.0,24.0,sensory,olfactory,0.0,3938,0
720575940620101614,1.0,24.0,sensory,olfactory,0.0,2865,0
720575940620103590,2.6825481844311048,24.98676715787066,central,ALPN,0.0,5440,1
720575940620107399,1.6147254718592465,24.47916495576042,central,unknown,0.0,5450,2
720575940620107968,1.7653040765505932,24.568322956878315,central,LHLN,0.0,8195,2
720575940620110830,2.9952858269862666,25.097039661733763,sensory,olfactory,0.0,2215,0
720575940620112007,1.4540434671818736,24.37434827356261,central,LHLN,0.0,6755,2
720575940620113054,1.600062296596994,24.470042563860893,central,unknown,0.0,6943,2
720575940620116833,0.13683623432395442,22.01102956192338,central,unknown,4.370431988065807e-07,534,2
720575940620121223,1.267509896622133,24.237054264438623,central,unknown,0.0,1215,2
720575940620123015,1.7238185999128193,24.54454194623724,central,unknown,0.0,6771,2
720575940620123558,3.0341389010537037,25.109927661372698,sensory,olfactory,0.0,8161,0
720575940620124295,1.7750944465218683,24.573853630819908,central,unknown,2.993083725160219e-06,369,2
720575940620128282,1.5548460200912608,24.4413765182788,central,unknown,0.0,1032,2
720575940620128391,1.5694847515155255,24.450747381748073,central,LHLN,0.0,6834,2
720575940620129415,0.8296224859756869,23.813215482165287,central,unknown,2.3838719934904402e-07,573,2
720575940620129927,0.5014649529894954,23.30977844160992,central,unknown,0.0,7844,2
720575940620133568,3.0700949429726667,25.121708487170633,sensory,olfactory,0.0,2432,0
720575940620134932,1.0,24.0,sensory,olfactory,0.0,2872,0
720575940620140190,0.04498624860586654,20.898601577550803,central,unknown,0.0,8239,2
720575940620141691,1.552179382782288,24.439659996771596,central,unknown,0.0,7216,2
720575940620143525,1.2457774922113767,24.219759826738898,central,Kenyon_Cell,0.0,2578,2
720575940620144304,0.8276885078034157,23.810881606317736,central,unknown,0.0,823,2
720575940620146523,3.066228779375583,25.12044839585747,sensory,olfactory,0.0,3902,0
720575940620148059,3.1132479432412943,25.135666535972085,sensory,olfactory,0.0,984,0
720575940620153765,0.03471254404070468,20.639345842377516,descending,unknown,0.0,7692,2
720575940620154206,1.650939709170227,24.501344646506347,central,Kenyon_Cell,0.0,7249,2
720575940620157307,0.13580349298257607,22.003453657332845,central,unknown,0.0,5435,2
720575940620157787,0.5853047405186037,23.46437735657936,central,unknown,0.0,7769,2
720575940620158447,1.4448034478945744,24.36797329009425,central,unknown,0.0,8411,2
720575940620159070,0.532998649861349,23.370763612087345,central,unknown,0.0,5500,2
720575940620159659,1.9975860811915547,24.69193949219361,central,unknown,0.0,2398,2
720575940620172272,1.7722080837029575,24.57222627401495,central,Kenyon_Cell,0.0,4856,2
720575940620173737,0.03280138527428648,20.58271546948828,central,unknown,8.171383444353341e-06,265,2
720575940620175040,0.04672036750987021,20.93642492572843,central,unknown,0.0,8242,2
720575940620177275,0.7519499857251686,23.714914534411733,central,unknown,0.0,4220,2
720575940620177517,1.7960802382285914,24.585606644955888,central,Kenyon_Cell,0.0,2046,2
720575940620177601,2.9946922724919784,25.096841479207427,sensory,olfactory,0.0,2468,0
720575940620178141,1.7662681990929905,24.568868958767048,central,LHLN,0.0,4642,2
720575940620179309,2.015189920036482,24.700713444076943,central,Kenyon_Cell,0.0,1950,2
720575940620181925,1.9659121218636997,24.67595632177564,central,unknown,0.0,1545,2
720575940620182399,1.539866585674571,24.43169577999386,central,Kenyon_Cell,0.0,4657,2
720575940620189790,2.4919320885733707,24.913058348777533,central,ALPN,3.973119989150733e-08,682,1
720575940620191009,1.1157292208604728,24.109508200881248,central,unknown,0.0,8444,2
720575940620192677,0.19132339652905483,22.34620989280354,ascending,AN,0.0,8240,2
720575940620193472,3.4210081494488733,25.229935288175874,sensory,olfactory,0.0,1654,0
720575940620193752,1.2264659684527481,24.204136837452324,central,unknown,0.0,6744,2
720575940620195610,0.5392623824152348,23.382446968314152,central,unknown,0.0,3922,2
720575940620196336,1.7611639337103269,24.56597491644218,central,Kenyon_Cell,0.0,6458,2
720575940620196628,1.0740113210827218,24.07140053707648,central,ALPN,0.0,1817,2
720575940620197104,3.2739815838501616,25.186006853963715,sensory,olfactory,0.0,4666,0
720575940620197652,2.05859941274226,24.722025854839835,central,LHLN,0.0,4756,2
720575940620199962,1.7198449009645997,24.542234112901664,central,ALPN,4.569087987523343e-06,326,1
720575940620202111,3.045986232344691,25.113824734549652,sensory,olfactory,0.0,2374,0
720575940620205147,1.6029780335076522,24.471863170169613,central,LHLN,0.0,4871,2
720575940620205505,0.16521997007872283,22.1995224590526,central,unknown,0.0,7982,2
720575940620210854,1.1672619815019174,24.154660819542652,central,Kenyon_Cell,0.0,3005,2
720575940620212133,1.0282194572279684,24.02782862404315,central,unknown,0.0,8678,2
720575940620217782,3.0340707347116025,25.109905194666307,sensory,olfactory,0.0,2264,0
720575940620219329,0.062185048734646725,21.222359317827475,central,unknown,0.0,8267,2
720575940620221716,1.5866244703894963,24.46160878492925,central,unknown,0.0,6765,2
720575940620223398,1.0371250515074795,24.036452511666024,central,Kenyon_Cell,0.0,7935,2
720575940620224677,2.9292005867189825,25.074729548504834,sensory,olfactory,0.0,7270,0
720575940620225264,1.6268647221944226,24.486654679232743,central,Kenyon_Cell,0.0,2420,2
720575940620226470,1.9614728547438232,24.673695647542306,central,Kenyon_Cell,0.0,1121,2
720575940620226753,2.0985455858478925,24.741244526618654,central,LHLN,0.0,7212,2
720575940620227589,0.0866664339921126,21.554311378655285,central,unknown,0.0,4083,2
720575940620227860,1.4696180304397992,24.38500252378731,central,unknown,0.0,8572,2
720575940620230497,1.6691027903340738,24.512286230760512,central,Kenyon_Cell,0.0,3921,2
720575940620231956,1.5850541574780066,24.460618575501346,central,unknown,0.0,7204,2
720575940620232875,0.3122039531105761,22.8359013911285,central,unknown,0.0,6246,2
720575940620233307,0.5892526240057522,23.47109971595232,central,ALPN,0.0,6329,2
720575940620234177,1.7135634796604702,24.538575108428027,central,ALLN,0.0,7537,2
720575940620235796,1.0024646948274938,24.002461662448766,central,unknown,6.489429315612865e-07,497,2
720575940620236052,1.7554201683833732,24.562708240447563,central,LHLN,0.0,5899,2
720575940620239013,1.1360916857304015,24.12759402631186,central,unknown,0.0,7550,2
720575940620243621,1.0550379764480602,24.053576762913398,central,unknown,0.0,1558,2
720575940620244719,1.5613234971668093,24.445533857197052,central,unknown,0.0,1482,2
720575940620245268,0.6201872019440264,23.522266092102107,central,unknown,0.0,6167,2
720575940620249941,2.8641414980067887,25.052268653606603,central,ALLN,4.277725854985623e-06,336,1
720575940620250294,2.9918101274829065,25.095878598032684,sensory,olfactory,0.0,2316,0
720575940620252075,0.4915981058078955,23.28990624558575,central,unknown,3.973119989150733e-08,687,2
720575940620253311,3.1221106669935033,25.138509268932484,sensory,olfactory,0.0,3199,0
720575940620255092,1.0,24.0,sensory,olfactory,0.0,6016,0
720575940620258480,0.03677174728917342,20.69697453462475,central,unknown,0.0,5253,2
720575940620260980,1.0832700551193364,24.079984295308492,central,unknown,0.0,3675,2
720575940620263233,1.9895764462779897,24.68792177501619,central,Kenyon_Cell,0.0,7655,2
720575940620263814,0.3548725977484543,22.96400356649877,central,ALIN,0.0,7729,2
720575940620266406,1.6152153432312057,24.47946828724775,central,ALPN,2.118997327547058e-07,583,1
720575940620269039,1.0,24.0,sensory,olfactory,0.0,2724,0
720575940620273279,1.5655498537444517,24.448237106530836,central,Kenyon_Cell,0.0,7449,2
720575940620273344,1.8654105024102112,24.623481137406394,central,Kenyon_Cell,0.0,4590,2
720575940620277686,1.7605174782261797,24.565607787553567,central,unknown,0.0,4219,2
720575940620283227,1.8604227691790138,24.62080375715499,central,Kenyon_Cell,0.0,1228,2
720575940620286558,1.965788882065274,24.675893631454915,central,Kenyon_Cell,0.0,7246,2
720575940620301677,0.44729703203798804,23.19546759615182,central,unknown,0.0,4826,2
720575940620303732,3.0445585025737665,25.11335589970508,sensory,olfactory,0.0,1755,0
720575940620305499,2.0606092024288847,24.7230016684166,central,Kenyon_Cell,0.0,4025,2
720575940620305502,1.3321370143908131,24.28678443048486,central,Kenyon_Cell,0.0,4858,2
720575940620310625,1.865998529104481,24.623796314163577,central,Kenyon_Cell,0.0,4956,2
720575940620311430,1.25326503492946,24.225752173841528,central,Kenyon_Cell,0.0,7283,2
720575940620311718,2.167581493796466,24.773612027026424,central,ALLN,0.0,6043,1
720575940620319085,0.854079395097016,23.842268878982807,central,ALLN,0.0,2506,2
720575940620319329,3.1607694355168703,25.150815490211567,sensory,olfactory,0.0,1349,0
720575940620324079,0.14774011082485325,22.087699443252554,central,unknown,0.0,6257,2
720575940620326336,1.4192016904801985,24.350094523722554,central,Kenyon_Cell,0.0,951,2
720575940620329152,1.2410498944563382,24.215957710455637,central,Kenyon_Cell,0.0,958,2
720575940620342768,1.8504439931618413,24.615425606599427,central,Kenyon_Cell,0.0,6549,2
720575940620343345,0.13629185534735236,22.007043302596355,central,unknown,0.0,6976,2
720575940620344837,1.7718708284943125,24.572035953642285,central,Kenyon_Cell,0.0,5052,2
720575940620345108,0.08995726734040335,21.591579471262584,central,unknown,0.0,8257,2
720575940620348342,1.0,24.0,sensory,olfactory,0.0,3334,0
720575940620349376,2.0605077807267183,24.72295244792487,central,Kenyon_Cell,0.0,7480,2
720575940620354241,1.7413600392645705,24.554666439672665,central,Kenyon_Cell,0.0,8153,2
720575940620355009,1.0918556970238011,24.087878723008117,central,Kenyon_Cell,0.0,8395,2
720575940620355934,1.7316900460337459,24.54909783687014,central,Kenyon_Cell,0.0,7401,2
720575940620356468,3.0457768601890365,25.11375599512149,sensory,olfactory,0.0,1641,0
720575940620358336,0.6715102206454965,23.60177395748408,central,unknown,0.0,1134,2
720575940620363885,1.2732163258800755,24.24154623905807,central,Kenyon_Cell,0.0,2855,2
720575940620370158,0.7812232151020028,23.753105636811306,central,unknown,0.0,5524,2
720575940620373697,1.599705862430365,24.469819776364808,central,Kenyon_Cell,0.0,3499,2
720575940620378246,2.0350305542976814,24.710510833178738,central,Kenyon_Cell,0.0,2952,2
720575940620381575,0.07038070799943925,21.34616391252878,central,unknown,0.0,5305,2
720575940620382317,1.19209967866372,24.17571618818698,central,Kenyon_Cell,0.0,7477,2
720575940620382400,1.1251707841867469,24.117934832300687,central,unknown,0.0,5969,2
720575940620382704,2.9441455358008355,25.079818634359732,sensory,olfactory,0.0,1761,0
720575940620383768,0.2390715990484147,22.569007805693392,central,unknown,0.0,8253,2
720575940620385997,0.12252409132560999,21.90055239554937,central,unknown,0.0,4539,2
720575940620386742,3.0682938187724056,25.12112164775011,sensory,olfactory,0.0,5645,0
720575940620390592,1.9471770179634915,24.666380640574392,central,unknown,3.443370657263969e-07,551,2
720575940620390848,1.7821883661933882,24.577842028396805,central,unknown,0.0,5648,2
720575940620392374,3.193177016468432,25.161016351114984,sensory,olfactory,0.0,2461,0
720575940620400116,1.9728507875499732,24.67947959698849,central,ALLN,0.0,2723,2
720575940620406900,1.0,24.0,sensory,olfactory,0.0,3178,0
720575940620407628,2.073815161580634,24.72938998412922,central,Kenyon_Cell,0.0,1384,2
720575940620408560,1.0,24.0,sensory,olfactory,0.0,3210,0
720575940620411841,1.8157394127469726,24.596492774699296,central,Kenyon_Cell,0.0,906,2
720575940620418032,3.0723997923296804,25.12245894755017,sensory,olfactory,0.0,2159,0
720575940620418774,1.0100273446785115,24.009977404425797,central,Kenyon_Cell,0.0,2645,2
720575940620420544,1.221825956082032,24.20034642514115,central,unknown,7.01917864749963e-07,492,2
720575940620421153,3.142325694236416,25.14496319271603,sensory,olfactory,0.0,8067,0
720575940620421255,2.5523153495717894,24.937000927429875,sensory,olfactory,0.0,7669,0
720575940620422494,1.5751475731736848,24.454348965141417,central,Kenyon_Cell,0.0,2021,2
720575940620423104,1.9514063075783163,24.668550296021383,central,LHLN,0.0,5791,2
720575940620429317,1.3010140834942006,24.263144024601832,central,Kenyon_Cell,0.0,4030,2
720575940620437339,2.2070513121667608,24.791657376740062,central,ALPN,3.443370657263969e-06,358,1
720575940620440559,1.9812440970807281,24.683724979247586,central,Kenyon_Cell,0.0,1029,2
720575940620445062,0.17824822223729508,22.275421806839223,central,ALPN,0.0,821,2
720575940620448532,1.0,24.0,sensory,olfactory,0.0,3238,0
720575940620451056,0.07193911540647027,21.368064862941605,central,unknown,0.0,6351,2
720575940620454790,1.5656388124624858,24.448293927583503,central,LHLN,0.0,5968,2
720575940620454848,2.132685099994923,24.757381796145523,central,LHLN,0.0,5154,2
720575940620454849,2.041940275399697,24.713900471224484,central,Kenyon_Cell,0.0,1903,2
720575940620459702,2.0158048767666337,24.70101855820679,sensory,hygrosensory,0.0,1188,2
720575940620459910,2.3251886676365694,24.843801183117616,central,unknown,0.0,1498,2
720575940620462686,1.434376780903196,24.360730455854288,central,unknown,0.0,6324,2
720575940620463536,1.3410038856960007,24.293418501906082,central,Kenyon_Cell,0.0,4311,2
720575940620465904,2.395430649423715,24.8735630265666,central,ALPN,0.0,5466,1
720575940620467438,2.469200552360688,24.90389443523784,central,ALPN,0.0,7994,1
720575940620468718,0.03945207983315408,20.76733148765907,descending,unknown,0.0,1618,2
720575940620469742,1.723322751993124,24.544254259790705,central,Kenyon_Cell,0.0,1158,2
720575940620472046,2.032741880622271,24.709385561815346,central,Kenyon_Cell,0.0,962,2
720575940620472235,0.7146474386603979,23.664034049318985,central,unknown,0.0,4290,2
720575940620472454,1.630461592062002,24.48886316004339,central,unknown,0.0,6114,2
720575940620474278,0.011640594524096038,19.54674323797009,central,unknown,0.0,1605,2
720575940620475630,1.3516137902351106,24.301299278702597,central,Kenyon_Cell,0.0,8591,2
720575940620476075,1.0290102246350232,24.028597393279732,central,LHLN,0.0,6318,2
720575940620477556,3.3843615930397952,25.219165289770686,sensory,olfactory,0.0,3138,0
720575940620480751,0.08499945700553965,21.534889589317654,central,unknown,0.0,5840,2
720575940620482182,1.533962380441327,24.427854178812098,central,unknown,0.0,5653,2
720575940620483444,0.05806558801515958,21.153817920507667,central,unknown,0.0,7914,2
720575940620488539,0.19802334309182024,22.380629639166532,central,unknown,0.0,5315,2
720575940620490416,0.34447795057511527,22.934274805287128,central,unknown,0.0,8131,3
720575940620495484,1.9818245590880919,24.68401791487998,central,Kenyon_Cell,0.0,1529,2
720575940620497286,1.7742002652755495,24.57334976662274,central,unknown,0.0,4999,2
720575940620499115,1.542946066550816,24.433693619141366,central,LHCENT,0.0,1397,2
720575940620500673,1.6894083697238507,24.524378390557214,central,unknown,0.0,5097,2
720575940620505435,2.0472531551882076,24.716498970350614,central,LHLN,0.0,5797,2
720575940620508912,0.08581421635876887,21.54442940561355,central,unknown,0.0,8191,2
720575940620510640,0.060797902986826406,21.19980001904693,central,unknown,0.0,6353,2
720575940620511732,3.153801740529042,25.148608626872335,sensory,olfactory,0.0,1595,0
720575940620514651,1.6463681843793299,24.498571761554352,central,unknown,0.0,6410,2
720575940620519088,3.038646380627527,25.111412146725797,sensory,olfactory,0.0,7168,0
720575940620519339,1.5401276795471142,24.431865321785622,central,unknown,0.0,4931,2
720575940620522155,1.0404333668915577,24.03963732529258,central,unknown,0.0,1140,2
720575940620522305,3.0633682652509098,25.119515050871982,sensory,olfactory,0.0,993,0
720575940620523947,1.3002160553308035,24.26253044706671,central,unknown,0.0,5978,2
720575940620528475,0.9890178620584106,23.988957113203885,central,unknown,0.0,6270,2
720575940620533339,0.46598677877554673,23.23640198301473,central,unknown,0.0,6101,2
720575940620537839,1.9451655987744587,24.665347114204216,central,Kenyon_Cell,0.0,7536,2
720575940620538806,1.0,24.0,sensory,olfactory,0.0,3216,0
720575940620541099,0.13756248133706242,22.016322944635746,descending,unknown,1.7826065017989624e-05,180,2
720575940620541349,1.8037468658942828,24.589866093554487,central,ALLN,7.429734379711871e-06,279,1
720575940620543067,1.0,24.0,sensory,olfactory,0.0,3304,0
720575940620550705,0.8991682234919103,23.893714860889528,central,ALON,0.0,5353,2
720575940620551021,0.5172439473920574,23.34075933606139,central,unknown,0.0,5460,2
720575940620551105,1.838458533865856,24.608927467175686,central,unknown,0.0,7925,2
720575940620551259,2.0368012233258135,24.711380549432477,central,ALPN,0.0,8442,1
720575940620552539,1.9429397689515189,24.664202170919207,central,LHLN,0.0,5147,2
720575940620554843,1.7570241584130808,24.563621558918673,central,unknown,0.0,4943,2
720575940620555013,0.4843864396903392,23.275127738271802,central,unknown,0.0,6561,2
720575940620555252,3.096943860691128,25.13041577383004,sensory,olfactory,0.0,1336,0
720575940620561761,1.6481250963241119,24.499638336570076,central,LHLN,0.0,7871,2
720575940620561840,0.007847046273093378,19.15238191106099,descending,unknown,0.0,8584,2
720575940620565313,1.8766661080574358,24.62949685582311,central,ALLN,0.0,5703,1
720575940620565673,1.5400235532423483,24.431797710621794,central,ALPN,0.0,4190,2
720575940620566808,0.7741276702589531,23.743981529660033,central,ALPN,0.0,937,2
720575940620567661,1.774650866185305,24.573603708473488,central,Kenyon_Cell,0.0,7488,2
720575940620569953,1.22094642553592,24.19962631663596,central,unknown,0.0,6053,2
720575940620572933,3.0527802960221306,25.116052747855733,sensory,olfactory,0.0,2382,0
720575940620573037,0.9882424342935099,23.988172767504853,central,unknown,0.0,7924,2
720575940620573516,1.5159707195962406,24.416055972783155,central,LHLN,0.0,5115,2
720575940620574305,3.086424361512709,25.12701325631881,sensory,olfactory,0.0,7416,0
720575940620574817,3.047436669078569,25.114300800886994,sensory,olfactory,0.0,2566,0
720575940620576609,1.5239722280623393,24.421320234042206,central,unknown,0.0,5528,2
720575940620577217,3.1099055064515007,25.134592341951894,sensory,olfactory,0.0,3960,0
720575940620577652,1.4150215008992246,24.34714472596154,central,Kenyon_Cell,0.0,2626,2
720575940620587503,1.5720734441706483,24.452395413125995,central,LHLN,0.0,5140,2
720575940620590831,1.2790108423285345,24.246086999752748,central,LHLN,0.0,6918,2
720575940620594415,1.6769734597238926,24.51699065667165,central,Kenyon_Cell,0.0,5194,2
720575940620595053,1.5168879004483617,24.416660802084476,central,ALPN,5.138568519301616e-06,311,1
720575940620602236,1.9217745027064068,24.653248979370794,sensory,hygrosensory,0.0,7361,2
720575940620603489,3.063832553463106,25.119666600731964,sensory,olfactory,0.0,1730,0
720575940620605940,0.12448285583072005,21.916412723269612,central,unknown,0.0,1414,2
720575940620611822,1.9479353873237901,24.666770035945294,central,Kenyon_Cell,0.0,2780,2
720575940620612590,1.877668747224335,24.63003097929871,central,Kenyon_Cell,0.0,4152,2
720575940620614571,1.0,24.0,sensory,olfactory,0.0,6015,0
720575940620617153,0.1089461445780466,21.78309839470614,central,unknown,0.0,8402,2
720575940620621665,3.00988878612609,25.101903129947317,sensory,olfactory,0.0,2124,0
720575940620622691,1.777829934535903,24.575393482649652,central,ALPN,0.0,7861,2
720575940620623201,1.5345102667350965,24.428211285661394,central,Kenyon_Cell,0.0,4909,2
720575940620623725,1.6699070337418727,24.51276795646108,central,Kenyon_Cell,0.0,4038,2
720575940620624177,0.07267267763852142,21.378210211513917,central,unknown,0.0,7174,2
720575940620624589,1.0109891115966165,24.01092917004623,central,ALPN,0.0,7236,2
720575940620625880,0.11669917976221804,21.851844231684286,descending,unknown,0.0,8225,2
720575940620628463,1.7567508555707991,24.563465998109148,central,unknown,0.0,5187,2
720575940620633070,0.5690712610401745,23.436250386388856,central,unknown,0.0,6967,2
720575940620634537,1.9665181861977885,24.67626456084991,sensory,hygrosensory,0.0,2140,2
720575940620638335,1.5116865215638289,24.413225929254075,central,ALPN,0.0,1068,1
720575940620639982,2.145195556460354,24.763230716737368,central,LHLN,0.0,6630,2
720575940620642940,0.10473237567498489,21.743653014351477,descending,unknown,5.727914651025641e-05,48,2
720575940620644446,1.6644384083379158,24.509487774247027,sensory,hygrosensory,0.0,7423,2
720575940620649084,1.8341266309709796,24.606568417781645,central,Kenyon_Cell,0.0,7947,2
720575940620652214,1.8878076431144628,24.63541617858918,central,Kenyon_Cell,0.0,7287,2
720575940620653377,1.666850203144111,24.51093573958949,central,Kenyon_Cell,0.0,7716,2
720575940620654145,3.0124989073206168,25.10276993610156,sensory,olfactory,0.0,1268,0
720575940620659489,1.8662979997492517,24.623956789432945,central,Kenyon_Cell,0.0,3809,2
720575940620660207,1.5462728269068546,24.43584740736861,central,unknown,0.0,5748,2
720575940620661168,0.4809608622017197,23.26803062024911,central,LHCENT,0.0,6409,2
720575940620671512,3.0225383000517883,25.106096975073108,sensory,olfactory,0.0,3965,0
720575940620673776,1.0,24.0,sensory,olfactory,0.0,3323,0
720575940620675711,3.0512564686918218,25.115553462736493,sensory,olfactory,0.0,1836,0
720575940620675800,1.8539009415941765,24.617292036155398,central,LHLN,0.0,7603,2
720575940620679233,3.107130097397871,25.133699501886355,sensory,olfactory,0.0,3197,0
720575940620685739,1.0,24.0,sensory,olfactory,0.0,1516,0
720575940620686324,3.1615195329565373,25.15105277688003,sensory,olfactory,0.0,1830,0
720575940620686761,2.1296275096203408,24.755947086315857,central,Kenyon_Cell,0.0,5111,2
720575940620687425,1.0,24.0,sensory,olfactory,0.0,3859,0
720575940620687832,1.080602818879959,24.077519051049226,central,unknown,0.0,3808,2
720575940620689524,0.5170218791776934,23.340329914123483,central,ALLN,0.0,7741,2
720575940620705012,3.042966099807855,25.112832730467584,sensory,olfactory,0.0,2387,0
720575940620714921,3.2593859947926402,25.18153883248381,sensory,olfactory,0.0,7933,0
720575940620717551,0.42162256130109327,23.136355230335734,central,unknown,0.0,6506,2
720575940620719064,1.7214392354191521,24.54316070571146,central,unknown,0.0,6295,2
720575940620719743,2.9599503144352415,25.08517248253132,sensory,olfactory,0.0,2261,0
720575940620719832,1.8123648952658251,24.594632564425414,central,unknown,0.0,815,2
720575940620720622,1.450960552308665,24.37222578697747,central,unknown,0.0,8187,2
720575940620721903,1.3275848813853754,24.283361412869777,central,unknown,0.0,4268,2
720575940620723638,0.10521180529427185,21.748220232651704,central,unknown,0.0,7592,2
720575940620725720,2.244611037661267,24.808532249016988,central,ALPN,0.0,2078,2
720575940620733166,1.476659166047676,24.38978221595008,central,unknown,0.0,3588,2
720575940620737121,1.6619020160503382,24.507962739250274,central,Kenyon_Cell,0.0,5199,2
720575940620740632,0.8826299225496699,23.87515072000882,central,unknown,0.0,2754,2
720575940620741485,1.7660887420250613,24.568767351216582,central,Kenyon_Cell,0.0,3868,2
720575940620744152,0.034088353140201706,20.62120049682509,central,unknown,0.0,4563,2
720575940620749807,0.0901533229091163,21.593756529767322,descending,unknown,0.0,6720,2
720575940620750716,3.1325996368603723,25.14186321473966,sensory,olfactory,0.0,1091,0
720575940620759105,1.8890209988446307,24.636058704839073,central,Kenyon_Cell,0.0,6516,2
720575940620774326,2.839019891787005,25.043458884083762,sensory,olfactory,0.0,1245,0
720575940620775233,1.3524947013420408,24.30195081405396,central,Kenyon_Cell,0.0,4906,2
720575940620779841,1.9643883138592337,24.67518090620335,central,Kenyon_Cell,0.0,6440,2
720575940620781446,1.0,24.0,sensory,olfactory,0.0,6727,0
720575940620783898,3.0725492720904946,25.122507598811325,sensory,olfactory,0.0,1431,0
720575940620802230,3.077795298960795,25.124213528644017,sensory,olfactory,0.0,1809,0
720575940620805545,2.992092179251175,25.09597286821091,sensory,olfactory,0.0,851,0
720575940620809381,3.1325996368603723,25.14186321473966,sensory,olfactory,0.0,3294,0
720575940620811340,1.1672350152505637,24.154637717134385,central,Kenyon_Cell,0.0,4908,2
720575940620813478,0.9984956497352231,23.998494517064266,central,Kenyon_Cell,0.0,7869,2
720575940620813989,0.2060996858086671,22.4206046844525,visual_projection,unknown,7.946239978301468e-08,655,2
720575940620814463,1.0,24.0,sensory,olfactory,0.0,7642,0
720575940620814913,0.46606146878237986,23.236562253702836,central,unknown,0.0,2363,2
720575940620815213,2.1104407249144046,24.74689680004378,central,unknown,0.0,6924,2
720575940620817261,1.924104712794035,24.65446077529168,central,LHLN,0.0,5979,2
720575940620822049,3.0558449343367218,25.117056128634925,sensory,olfactory,0.0,4430,0
720575940620822593,0.9630442245342533,23.96234405547311,central,Kenyon_Cell,0.0,2859,2
720575940620828165,0.68769040606985,23.62558346649725,central,unknown,0.0,5547,2
720575940620828912,1.9054373224993404,24.644711547848964,central,Kenyon_Cell,0.0,1313,2
720575940620831265,2.9889828750140506,25.09493315394917,sensory,olfactory,0.0,1823,0
720575940620833985,1.0,24.0,sensory,olfactory,0.0,3222,0
720575940620840368,2.275988330020311,24.82241438884334,central,ALPN,0.0,1094,2
720575940620840948,0.057216215518103616,21.139082067307196,central,unknown,1.059498663773529e-07,636,2
720575940620846027,0.028419900478565633,20.43933434187089,central,unknown,0.0,6029,2
720575940620847086,1.895517919104445,24.639492109427035,sensory,hygrosensory,0.0,6392,2
720575940620847342,3.0482689230094233,25.114573863266223,sensory,olfactory,0.0,7237,0
720575940620850017,2.0590865472449913,24.722262460792663,central,Kenyon_Cell,0.0,8361,2
720575940620861549,0.9419678977654266,23.94021591620825,central,unknown,0.0,6928,2
720575940620862273,1.6892845077649499,24.524305071102948,central,Kenyon_Cell,0.0,2968,2
720575940620866036,0.011836385406502056,19.563423017251274,central,unknown,0.0,4126,2
720575940620866669,0.06230797583380967,21.224334161631624,central,unknown,0.0,7154,2
720575940620869964,0.527484033184691,23.360363317065787,central,unknown,0.0,3326,2
720575940620875861,2.8537535558554756,25.048635164890168,central,ALPN,0.0,3258,2
720575940620881005,0.635241032986989,23.54624922739555,central,unknown,0.0,1862,2
720575940620882714,3.120970316049699,25.138143952205187,sensory,olfactory,0.0,2121,0
720575940620883917,1.8429905243072944,24.611389537224277,central,Kenyon_Cell,0.0,1911,2
720575940620886704,3.061791096881526,25.11900007050625,sensory,olfactory,0.0,1802,0
720575940620887536,0.22784317841332577,22.520902299343106,ascending,AN,1.7216853286319845e-07,593,2
720575940620889153,1.3345867493005272,24.288621692845638,central,Kenyon_Cell,0.0,6992,2
720575940620892781,1.3439662100124794,24.295625100425145,central,unknown,0.0,4846,2
720575940620896937,0.5148006278120199,23.336024416265158,central,ALPN,0.0,7939,2
720575940620897389,1.1252829804839226,24.118034542233882,central,unknown,0.0,4296,2
720575940620900869,0.6726517137539577,23.603472403710917,central,unknown,0.0,5259,2
720575940620904614,0.32608376478871015,22.879399016583925,central,unknown,0.0,1940,2
720575940620909933,1.1263623910689458,24.11899331725356,central,unknown,0.0,8677,2
720575940620912086,3.1296687463793638,25.1409271671238,sensory,olfactory,0.0,8433,0
720575940620913773,2.0475443758718184,24.716641209707696,central,LHLN,0.0,5816,2
720575940620916939,0.630681309379764,23.539045399524653,central,unknown,0.0,5622,2
720575940620917119,0.24390297826144058,22.5890152371592,central,unknown,0.0,7826,2
720575940620917707,0.5571194713962428,23.41502442878234,central,ALLN,0.0,8418,2
720575940620919905,0.4236211394474838,23.141084237766897,central,unknown,0.0,6261,2
720575940620920831,0.9760236435253232,23.975731532061022,central,ALPN,0.0,4171,2
720575940620923980,1.1210564049532539,24.114271459464018,central,Kenyon_Cell,0.0,2704,2
720575940620925643,1.0924955499777114,24.088464574732367,central,unknown,0.0,7704,2
720575940620931312,0.5312466717682497,23.367471176330042,central,ALPN,1.8859076215168816e-05,174,2
720575940620932684,1.129721223638891,24.121970897543285,central,Kenyon_Cell,0.0,4615,2
720575940620932717,3.048902868967381,25.114781810813664,sensory,olfactory,0.0,3978,0
720575940620936925,1.4593586061894408,24.377997028365822,central,Kenyon_Cell,0.0,4119,2
720575940620946957,1.249458684791845,24.222710405353517,central,unknown,0.0,7137,2
720575940620948340,1.4150131804863277,24.347138845883144,central,Kenyon_Cell,0.0,3926,2
720575940620952523,0.6140908035317236,23.51238752671873,central,unknown,0.0,4392,2
720575940620952779,0.35951250750514585,22.976993688964985,central,unknown,0.0,4378,2
720575940620956144,1.4481475040286695,24.370285156198506,central,ALPN,0.0,2799,1
720575940620979888,1.0,24.0,sensory,olfactory,0.0,1659,0
720575940620981072,0.3632436040128445,22.98731841564041,central,unknown,1.3243733297169112e-08,707,2
720575940620981158,1.5813942830300836,24.458306915516047,central,unknown,0.0,6304,2
720575940620981274,3.212414773511735,25.167022920223268,sensory,olfactory,0.0,1180,0
720575940620986022,0.28190341906546534,22.733809247710937,central,unknown,0.0,1748,2
720575940620993008,1.6807479880944483,24.519238925337852,central,unknown,0.0,7101,2
720575940620993193,3.0365826662905793,25.110732760187318,sensory,olfactory,0.0,2375,0
720575940620993718,3.020882698605503,25.1055490729865,sensory,olfactory,0.0,3570,0
720575940620997396,0.09358178483362124,21.631080479084705,visual_projection,unknown,0.0,8112,2
720575940620997409,3.2120713392591527,25.166916006067993,sensory,olfactory,0.0,3845,0
720575940621000831,0.04947697298720459,20.993752090179374,central,unknown,0.0,5472,2
720575940621002593,1.4823584851464218,24.393634390433895,central,LHLN,0.0,7102,2
720575940621006945,1.7592820925893662,24.564905823897575,central,unknown,0.0,5936,2
720575940621009023,1.8408627725017714,24.610234359821323,sensory,hygrosensory,0.0,5914,2
720575940621009505,1.2019211559795036,24.183921239934598,central,unknown,0.0,4865,2
720575940621009840,0.3657925694402817,22.994311143592483,central,unknown,0.0,5567,2
720575940621010804,1.5970636062008012,24.46816669699378,central,Kenyon_Cell,0.0,6739,2
720575940621011376,0.2884348914636401,22.75671410199445,central,unknown,0.0,6247,2
720575940621012289,0.9608888172446304,23.960103428440288,central,unknown,0.0,6601,2
720575940621014292,1.2142764783238928,24.194148408325827,central,ALIN,0.0,2219,1
720575940621017840,1.9833241635883572,24.684774307477912,central,Kenyon_Cell,0.0,4132,2
720575940621018977,0.4932686231798623,23.29329862127447,central,unknown,0.0,5288,2
720575940621019120,3.142153815986156,25.14490849343663,sensory,olfactory,0.0,3790,0
720575940621019457,1.8582498281408593,24.61963509213886,central,Kenyon_Cell,0.0,5123,2
720575940621021892,2.279472612820065,24.82394410604339,central,ALPN,0.0,2960,2
720575940621023297,1.9224073459293063,24.653578226661132,central,Kenyon_Cell,0.0,1689,2
720575940621023809,0.8018399149529154,23.77915370166956,central,Kenyon_Cell,0.0,2992,2
720575940621030320,1.1258754675473917,24.118560926396373,central,unknown,0.0,6263,2
720575940621033808,0.09765286352010813,21.673663702233267,central,unknown,0.0,6604,2
720575940621037296,0.9512109999525362,23.94998063061745,central,unknown,0.0,6076,2
720575940621039952,1.8396245206654545,24.609561485941096,central,unknown,9.203070268202816e-05,27,2
720575940621041185,0.0659310371778014,21.280854025519428,central,unknown,0.0,8208,2
720575940621044701,1.8038087533766034,24.58990040348002,central,Kenyon_Cell,0.0,1877,2
720575940621044863,3.0680792188454933,25.121051704177354,sensory,olfactory,0.0,1904,0
720575940621048758,0.36977224767241645,23.005131990298096,central,unknown,0.0,4626,2
720575940621051312,1.95202365352598,24.668866605502515,central,Kenyon_Cell,0.0,797,2
720575940621052031,0.2548017005643575,22.632730318808033,central,unknown,0.0,6842,2
720575940621057702,0.013085067438550453,19.663716410869036,central,unknown,0.0,7078,2
720575940621061285,1.8909656495614313,24.63708762428734,central,ALLN,0.0,8036,1
720575940621072297,3.059342616451775,25.118200061659845,sensory,olfactory,0.0,2437,0
720575940621073117,1.1090397036118707,24.103494509000484,central,Kenyon_Cell,0.0,2622,2
720575940621086996,2.6977365077181363,24.992413090940012,central,ALLN,1.1257173302593745e-06,457,1
720575940621088438,0.5448516436756392,23.39275826518511,central,unknown,0.0,6724,2
720575940621089780,2.13644173037919,24.759141702329217,central,ALLN,0.0,837,2
720575940621097855,1.8882276151888762,24.635638619349084,central,Kenyon_Cell,0.0,5727,2
720575940621098879,1.0,24.0,sensory,olfactory,0.0,3141,0
720575940621100117,3.1334507932692763,25.142134887118818,sensory,olfactory,0.0,2270,0
720575940621102913,0.6837521546762271,23.619840226012307,central,unknown,0.0,8238,2
720575940621103743,1.4014842263037188,24.33753183669224,central,ALPN,7.813802645329776e-07,488,1
720575940621123113,2.527119272692856,24.927080026616643,central,ALPN,1.103202983654187e-05,231,1
720575940621124033,3.100414564546879,25.131535833048968,sensory,olfactory,0.0,2477,0
720575940621124289,1.0,24.0,sensory,olfactory,0.0,3576,0
720575940621129607,0.748619490079097,23.710475551520766,central,LHCENT,1.9865599945753667e-06,408,2
720575940621136961,0.807158569297793,23.785764862300216,central,unknown,0.0,8649,2
720575940621137833,3.3740746298011604,25.216121102966635,sensory,olfactory,0.0,1704,0
720575940621142081,1.8085177928955405,24.592507610844084,central,LHLN,0.0,8461,2
720575940621146294,1.005386530818342,24.00537207534787,central,Kenyon_Cell,0.0,3796,2
720575940621148781,1.0,24.0,sensory,olfactory,0.0,4367,0
720575940621149812,1.3258629736728582,24.282063548318988,central,Kenyon_Cell,0.0,2929,2
720575940621163636,1.6321647923454483,24.48990722714608,central,Kenyon_Cell,0.0,4443,2
720575940621164927,0.6811131770894712,23.615973205854484,central,ALLN,1.059498663773529e-07,643,2
720575940621166719,2.9556191050215475,25.083708139919295,sensory,olfactory,0.0,2592,0
720575940621167030,1.9418631861089586,24.66364791739203,central,Kenyon_Cell,0.0,4355,2
720575940621167681,1.5861387340112338,24.4613025935429,central,unknown,1.417079462797095e-06,444,2
720575940621174704,1.6701887510349702,24.512936644613706,central,Kenyon_Cell,0.0,6817,2
720575940621175472,1.6767061978996096,24.516831272441706,central,Kenyon_Cell,0.0,2399,2
720575940621182889,3.0296004490128374,25.108430745814058,sensory,olfactory,0.0,2496,0
720575940621183768,1.2978009044570131,24.260671220120248,central,Kenyon_Cell,0.0,4720,2
720575940621185050,1.6236331056938071,24.484666296076405,central,ALPN,0.0,4738,1
720575940621192436,3.112918629093894,25.13556075205388,sensory,olfactory,0.0,3531,0
720575940621196224,0.8119946398361368,23.79173845997073,central,ALPN,0.0,6952,1
720575940621196826,1.0,24.0,sensory,olfactory,0.0,3154,0
720575940621201647,0.08558753332956225,21.54178435488588,central,unknown,0.0,3779,2
720575940621202608,1.49908213504868,24.404853010847305,central,Kenyon_Cell,0.0,5282,2
720575940621203632,1.1595427751512877,24.14802576806472,central,ALPN,0.0,4401,1
720575940621204095,0.37990148733008944,23.032156696260607,central,unknown,0.0,2351,2
720575940621221614,1.2386708442213332,24.21403890489997,central,unknown,0.0,7181,2
720575940621222900,0.3236877524789364,22.87202404520997,central,unknown,0.0,6366,2
720575940621226405,0.6114560479160355,23.508087797709134,central,DAN,0.0,6156,2
720575940621226661,1.2039165270561243,24.18558001479561,central,unknown,0.0,3621,2
720575940621226917,0.9203121100365195,23.91695758356836,central,unknown,0.0,8362,2
720575940621231966,0.5108444074607636,23.328309778478026,central,unknown,0.0,5503,2
720575940621236596,1.4342387447551475,24.36063421699138,central,unknown,0.0,6674,2
720575940621239679,1.5155823270287614,24.415799739384873,central,ALPN,9.800362639905145e-07,468,1
720575940621241008,1.3099665022447695,24.2700015660806,central,unknown,0.0,5108,2
720575940621241072,0.08727158447731649,21.561269638064893,ascending,AN,0.0,7222,2
720575940621246068,0.013274692886656532,19.678104153163115,descending,unknown,0.0,6706,2
720575940621251818,0.7492891219054941,23.711369640606907,central,ALLN,0.0,1203,2
720575940621256212,2.508502380918511,24.91968591408205,central,ALPN,2.1097267142390398e-05,161,1
720575940621260020,1.2198648700405315,24.198740090348714,central,unknown,0.0,4436,2
720575940621263457,3.160328965683044,25.15067612524473,sensory,olfactory,0.0,3322,0
720575940621273460,1.8670159269783073,24.624341395309653,central,unknown,0.0,7381,2
720575940621280801,1.9106335144658169,24.6474348700303,central,Kenyon_Cell,0.0,7036,2
720575940621282774,2.8882486813647175,25.060650325829243,sensory,olfactory,0.0,2980,0
720575940621285452,3.105729900389462,25.13324876034941,sensory,olfactory,0.0,3974,0
720575940621286405,2.950773442746781,25.082067319969475,sensory,olfactory,0.0,1745,0
720575940621290605,0.637328866851796,23.549530517858816,central,unknown,0.0,2735,2
720575940621291852,2.9714666233138205,25.089055643492884,sensory,olfactory,0.0,1244,0
720575940621292126,1.9290624156165086,24.65703408986281,central,LHLN,0.0,4940,2
720575940621292726,0.19927849658820107,22.38694804772515,central,unknown,0.0,1150,2
720575940621298270,1.988445522437774,24.687353188980428,central,ALLN,0.0,5719,2
720575940621302644,0.11957727519701936,21.87620753776695,central,unknown,0.0,3681,2
720575940621304325,1.0,24.0,sensory,olfactory,0.0,5419,0
720575940621307230,3.0522128591207767,25.115866855132,sensory,olfactory,0.0,2022,0
720575940621307574,1.5190735197472949,24.418100622539356,central,ALPN,0.0,8630,2
720575940621308656,0.1307693354328311,21.965679693969022,central,unknown,0.0,8284,2
720575940621309534,3.1288970193407217,25.14068055246113,sensory,olfactory,0.0,1194,0
720575940621315293,3.063556999462626,25.119576659004487,sensory,olfactory,0.0,838,0
720575940621316033,2.4010915114104674,24.875923430386383,central,ALPN,0.0,6225,1
720575940621321412,1.9702110240259672,24.678140655807997,central,Kenyon_Cell,0.0,5426,2
720575940621325338,3.0448193205236893,25.113441562955963,sensory,olfactory,0.0,3905,0
720575940621326006,0.12000280921806593,21.879759873676445,central,unknown,0.0,8193,2
720575940621326874,3.0493006623254404,25.11491227328727,sensory,olfactory,0.0,2334,0
720575940621327798,0.8074484673742006,23.786123956585,central,unknown,0.0,5585,2
720575940621328508,0.18695950948469545,22.32313678760732,central,unknown,0.0,5352,2
720575940621331621,1.8460983419152586,24.613074407638553,central,Kenyon_Cell,0.0,1941,2
720575940621332150,1.9616372099024453,24.67377943573892,central,LHLN,0.0,5729,2
720575940621332574,1.6701945672305625,24.5129401269659,central,Kenyon_Cell,0.0,8492,2
720575940621333696,1.951172060665139,24.668430248764746,central,ALPN,1.7481727952263227e-06,415,1
720575940621335841,3.198842361007154,25.162788982168692,sensory,olfactory,0.0,1594,0
720575940621336873,1.1668504465113543,24.154308193002567,central,unknown,0.0,5933,2
720575940621343142,1.0,24.0,sensory,olfactory,0.0,4512,0
720575940621343348,1.33602066826084,24.28969554524991,central,ALPN,0.0,7319,1
720575940621343838,1.8751765316660651,24.62870280521242,central,ALLN,0.0,4610,2
720575940621346932,0.4453565081160348,23.191119824275066,central,unknown,0.0,4888,2
720575940621349590,1.0,24.0,sensory,olfactory,0.0,2773,0
720575940621351412,0.012159680573633813,19.590370328595217,motor,brain_motor_neuron,0.0,4405,2
720575940621358984,2.0767715488107426,24.73081454790122,central,Kenyon_Cell,0.0,7027,2
720575940621359988,2.128864319077994,24.75558865399699,central,unknown,0.0,6917,2
720575940621363421,0.5004325385428,23.30771752256213,central,unknown,0.0,4570,2
720575940621368685,1.0,24.0,sensory,olfactory,0.0,6009,0
720575940621370484,0.7397362213700728,23.698538386061955,central,unknown,0.0,6061,2
720575940621371252,1.9037305154128903,24.643815390329365,central,unknown,0.0,6738,2
720575940621372630,0.7554655117526846,23.719578852122417,central,unknown,0.0,6325,2
720575940621373680,3.069075154986466,25.121376263766066,sensory,olfactory,0.0,2189,0
720575940621376756,2.278193683589933,24.82338288493569,central,unknown,0.0,4658,2
720575940621378580,2.9971136847821516,25.09764972047534,sensory,olfactory,0.0,1350,0
720575940621383077,0.24824777708670465,22.606672069569537,central,unknown,0.0,6079,2
720575940621385893,1.0248492606222979,24.024545538968063,central,unknown,0.0,859,2
720575940621388453,0.05750377037231493,21.14409523836387,descending,unknown,0.0,7509,2
720575940621388969,0.09272892928788688,21.621925219207604,central,unknown,0.0,3669,2
720575940621396044,2.9861015055883433,25.093968692373227,sensory,olfactory,0.0,2234,0
720575940621396390,1.0,24.0,sensory,olfactory,0.0,3350,0
720575940621398254,1.8522256055466098,24.616387946054658,central,ALLN,3.448668150582837e-05,90,1
720575940621398366,3.103754576344125,25.132612532295575,sensory,olfactory,0.0,1795,0
720575940621399222,1.8925726836876842,24.63793711176776,central,unknown,0.0,4301,2
720575940621401222,0.12753011201188957,21.940597230374248,descending,unknown,1.3243733297169113e-07,615,2
720575940621413158,1.3016314805021616,24.26361846263372,central,Kenyon_Cell,0.0,3043,2
720575940621413670,0.9400916842467982,23.93822212795831,central,Kenyon_Cell,0.0,2994,2
720575940621413926,1.374532443469749,24.318113632178537,central,Kenyon_Cell,0.0,2977,2
720575940621414676,2.081603479052334,24.73313850011038,central,ALPN,0.0,4548,2
720575940621414900,1.2203203529491335,24.199113408660455,central,unknown,0.0,5885,2
720575940621423604,1.1020094237590028,24.097135262199608,central,unknown,0.0,3775,2
720575940621423999,2.8091232059709856,25.03287240831046,sensory,olfactory,0.0,3596,0
720575940621424397,3.072844712982091,25.122603749161502,sensory,olfactory,0.0,2099,0
720575940621424549,0.33145035419831964,22.895722758337428,central,unknown,0.0,6074,2
720575940621429068,2.943264280295641,25.079519264844343,sensory,olfactory,0.0,3607,0
720575940621433599,0.8569164401031553,23.84558513206515,central,unknown,0.0,1961,2
720575940621433641,1.7782287437269402,24.57561778108159,central,unknown,0.0,5557,2
720575940621436325,1.4432990881680887,24.36693152662238,central,unknown,0.0,8235,2
720575940621437004,3.020882698605503,25.1055490729865,sensory,olfactory,0.0,7547,0
720575940621438284,1.0,24.0,sensory,olfactory,0.0,2025,0
720575940621440859,0.05172342760122458,21.0381555449844,central,unknown,1.4568106626886024e-07,606,2
720575940621441494,1.2792276032903778,24.246256460862,central,ALLN,0.0,6144,1
720575940621444777,2.154756123864094,24.76767754957131,central,Kenyon_Cell,0.0,7288,2
720575940621449221,0.5548058753353705,23.41086299940854,central,unknown,0.0,4725,2
720575940621449933,3.1122099792606557,25.135333078095353,sensory,olfactory,0.0,3456,0
720575940621456127,1.469775180189209,24.38510945044754,central,unknown,0.0,5736,2
720575940621456349,3.0124989073206168,25.10276993610156,sensory,olfactory,0.0,3982,0
720575940621457577,2.133114959163383,24.757583333565915,central,Kenyon_Cell,0.0,5221,2
720575940621460645,1.4479898332546617,24.37017627270591,central,Kenyon_Cell,0.0,3746,2
720575940621462797,1.4871271426306722,24.39684616660072,central,Kenyon_Cell,0.0,1174,2
720575940621466637,0.30877815841166023,22.824867806134773,central,unknown,0.0,1210,2
720575940621467212,0.30179837811747523,22.802003893306274,central,unknown,0.0,2016,2
720575940621470028,1.5640510791489668,24.447279300892223,central,ALLN,0.0,7499,2
720575940621470847,1.1683926933762578,24.155629037982504,central,unknown,0.0,7745,2
720575940621471732,1.7337222978697966,24.55027071436196,central,Kenyon_Cell,0.0,5150,2
720575940621475610,0.060759659929197116,21.199170801777782,central,unknown,0.0,5306,2
720575940621479295,2.951028041427214,25.08215359826307,sensory,olfactory,0.0,1645,0
720575940621482665,3.1060724702850546,25.133359056806217,sensory,olfactory,0.0,7430,0
720575940621487088,1.7495938453370548,24.559383672619923,central,Kenyon_Cell,0.0,5414,2
720575940621491276,0.9631126700592123,23.962415124995204,central,unknown,0.0,8462,2
720575940621491696,1.888391041664791,24.635725165802864,central,Kenyon_Cell,0.0,5060,2
720575940621493068,0.12802732848348236,21.944488465926,ascending,AN,5.959679983726101e-07,506,2
720575940621500865,1.7446672221949695,24.556563833854945,central,ALLN,7.323784513334519e-06,281,1
720575940621505883,1.8922594379226465,24.63777158486686,central,unknown,0.0,5559,2
720575940621514509,1.0,24.0,sensory,olfactory,0.0,2710,0
720575940621521663,1.5656288250370762,24.44828754842556,central,Kenyon_Cell,0.0,4686,2
720575940621528191,0.6208289180378963,23.52330027069291,central,unknown,0.0,4419,2
720575940621529053,1.0,24.0,sensory,olfactory,0.0,3255,0
720575940621529435,2.214503072565911,24.795028031856294,central,ALPN,1.807769595063584e-05,177,1
720575940621530117,0.014627056542936952,19.775117722570428,descending,unknown,0.0,2818,2
720575940621531312,1.0,24.0,sensory,olfactory,0.0,3266,0
720575940621533985,2.3919015310949545,24.87208866931084,central,ALPN,2.569284259650808e-06,385,1
720575940621538431,1.153045924826273,24.142407071219,central,Kenyon_Cell,0.0,3709,2
720575940621540446,1.0,24.0,sensory,olfactory,0.0,4611,0
720575940621542747,1.8432263904785928,24.61151750916791,central,ALLN,0.0,6390,2
720575940621545606,0.0312419956664058,20.534007925716146,central,unknown,3.524157430376701e-05,87,2
720575940621545968,2.1519341524722155,24.76636704353782,central,Kenyon_Cell,0.0,2073,2
720575940621551854,1.9222278825056645,24.653484868819305,central,ALLN,2.999705591808804e-05,109,2
720575940621554693,1.0,24.0,sensory,olfactory,0.0,3228,0
720575940621554815,0.9714156561999929,23.970999167950126,central,Kenyon_Cell,0.0,2620,2
720575940621556928,1.0,24.0,sensory,olfactory,0.0,3150,0
720575940621558762,0.06590546692041863,21.280466116906737,central,unknown,0.0,8263,2
720575940621560052,1.8416127538990428,24.610641684406247,central,Kenyon_Cell,0.0,2052,2
720575940621564550,0.31888937487383545,22.857088976428756,central,unknown,0.0,8524,2
720575940621577152,1.5593207830203317,24.444250330949515,central,Kenyon_Cell,0.0,3082,2
720575940621581061,1.0,24.0,sensory,olfactory,0.0,3435,0
720575940621581802,1.9856201287515938,24.685931272781648,central,Kenyon_Cell,0.0,1925,2
720575940621585279,1.8893828753010347,24.636250254747218,central,ALLN,0.0,6244,1
720575940621585507,3.0752632943278204,25.12339052176459,sensory,olfactory,0.0,1822,0
720575940621589887,0.6601123189770801,23.58465472182762,central,unknown,3.012949325105973e-05,108,2
720575940621589999,0.1893544315075762,22.335865278881485,central,unknown,0.0,2064,2
720575940621590720,2.9923926268900285,25.09607327706776,sensory,olfactory,0.0,1774,0
720575940621597678,1.815169937766981,24.596179092957517,central,Kenyon_Cell,0.0,4032,2
720575940621607093,0.34837101234746004,22.94551276031732,central,ALLN,0.0,1647,2
720575940621611614,3.0259343683182496,25.10721992587723,sensory,olfactory,0.0,2390,0
720575940621612159,1.4469875964860042,24.369483875730097,central,Kenyon_Cell,0.0,5790,2
720575940621612765,1.614818807072033,24.47922275661698,central,ALLN,0.0,6861,2
720575940621613918,2.969466206484741,25.088382208205196,sensory,olfactory,0.0,986,0
720575940621616133,1.0460813939295444,24.045051177079536,central,unknown,0.0,4669,2
720575940621616776,1.965880583030625,24.67594027879706,central,Kenyon_Cell,0.0,4065,2
720575940621618721,1.8123865299526334,24.594644501622906,central,LHLN,0.0,1845,2
720575940621618859,0.08162640787105338,21.49439755650312,central,ALIN,0.0,3049,2
720575940621620229,1.5124740372520793,24.41374674532236,central,ALPN,0.0,1187,2
720575940621625349,3.068986527862884,25.1213473858798,sensory,olfactory,0.0,1288,0
720575940621629189,3.113669179905286,25.135801831385947,sensory,olfactory,0.0,1582,0
720575940621638149,0.6087755230802042,23.503694321566886,central,unknown,0.0,4796,2
720575940621638534,0.021990159464798712,20.182839777254408,visual_centrifugal,unknown,0.0,1652,2
720575940621640363,0.02054410275860591,20.114818650392085,central,unknown,0.0,4786,2
720575940621645808,1.4321386061634436,24.35916885586799,central,unknown,0.0,8553,2
720575940621648008,1.9950747418545802,24.69068151422881,central,Kenyon_Cell,0.0,7445,2
720575940621648861,1.0,24.0,sensory,olfactory,0.0,3584,0
720575940621649396,1.0450335240331527,24.04404896531671,central,unknown,0.0,1235,2
720575940621650303,1.9829332892459983,24.684577207643486,central,Kenyon_Cell,0.0,1008,2
720575940621650721,0.0725567759240837,21.376614092597258,central,unknown,0.0,4272,2
720575940621654298,3.065598402427866,25.12024278766557,sensory,olfactory,0.0,1825,0
720575940621655723,1.6988445858617394,24.529948364616303,central,unknown,0.0,6923,2
720575940621656816,0.04001097229869252,20.781398444983697,central,unknown,0.0,7916,2
720575940621658502,1.772420030420053,24.572345861577045,central,Kenyon_Cell,0.0,1319,2
720575940621659563,1.0887995122979928,24.085075724428854,sensory,thermosensory,0.0,1193,2
720575940621661197,1.2840523996910695,24.250021014163323,central,Kenyon_Cell,0.0,8321,2
720575940621667568,1.4721099045288075,24.386696680922235,central,unknown,0.0,8638,2
720575940621673852,0.0717653106638143,21.365645941936098,visual_projection,unknown,6.621866648584556e-08,672,2
720575940621674108,2.9222278825056645,25.072346298824748,sensory,olfactory,0.0,2927,0
720575940621680133,1.4800629081692227,24.392084592392436,central,Kenyon_Cell,0.0,8216,2
720575940621684358,0.3151091053729295,22.845163666135818,central,unknown,0.0,3286,2
720575940621688926,2.054029969699609,24.719803702295543,central,Kenyon_Cell,0.0,2958,2
720575940621689584,1.7275995046124963,24.546732875355406,central,unknown,0.0,1410,2
720575940621692440,1.0567112962303957,24.05516153450934,central,Kenyon_Cell,0.0,2744,2
720575940621696747,1.4850398692354547,24.395441619864265,central,ALPN,3.8274389228818735e-06,348,1
720575940621701104,1.3510564175794875,24.30088681797253,central,unknown,0.0,1014,2
720575940621706480,2.072929307777862,24.72896273146256,central,LHLN,0.0,8475,2
720575940621709132,1.534850424529729,24.428432932988144,central,Kenyon_Cell,0.0,1692,2
720575940621712990,0.05184251983603675,21.040455379828792,central,unknown,0.0,6057,2
720575940621716067,1.2015049917185798,24.183574930758024,central,Kenyon_Cell,0.0,2830,2
720575940621725168,1.686526254379846,24.52267094277453,central,unknown,0.0,4402,2
720575940621728214,2.0165498309957526,24.701388046652912,central,Kenyon_Cell,0.0,3477,2
720575940621728844,1.8850796929116895,24.63397009741304,central,Kenyon_Cell,0.0,3571,2
720575940621729050,0.3943054425634358,23.069370564908986,central,unknown,0.0,8632,2
720575940621730175,2.0461746988620617,24.715972049447377,central,Kenyon_Cell,0.0,5483,2
720575940621732129,1.3743003486935674,24.317944764303128,central,LHLN,0.0,7713,2
720575940621736662,1.7803413123351886,24.576805094425513,central,Kenyon_Cell,0.0,7030,2
720575940621739508,1.0893605760599245,24.08559089663988,central,unknown,0.0,8550,2
720575940621740493,3.2450598176962506,25.177133783790854,sensory,olfactory,0.0,2447,0
720575940621740833,0.7040608418511304,23.64910949652564,central,unknown,0.0,5509,2
720575940621742972,0.4884229108459472,23.28342637215816,central,unknown,0.0,8521,2
720575940621743860,0.41588298533011964,23.12264865644687,central,unknown,0.0,1987,2
720575940621746300,1.4970462277443783,24.403493985217473,central,unknown,0.0,7553,2
720575940621746676,0.6008074427645118,23.49051920948112,central,unknown,7.575415445980732e-06,277,2
720575940621747444,0.5129499238246961,23.332422947047228,central,unknown,0.0,8104,2
720575940621749375,1.7387930716614397,24.553191235572825,central,LHLN,0.0,6840,2
720575940621750465,1.4910050100529317,24.39945039597342,central,unknown,0.0,7297,2
720575940621753377,0.6671120929114603,23.595202808153292,central,ALPN,0.0,6194,2
720575940621755124,0.7812861333493999,23.753186171686178,central,LHCENT,0.0,8304,2
720575940621761057,1.687761920216972,24.523403343700842,central,LHLN,0.0,6629,2
720575940621761263,0.8517882624928961,23.839582698760587,central,unknown,0.0,1842,2
720575940621762081,0.9781860902669982,23.977944649299054,central,ALPN,2.118997327547058e-07,584,2
720575940621763475,1.4685421643362953,24.3842701837648,central,Kenyon_Cell,0.0,5779,2
720575940621763767,1.9609636715034868,24.673436021547193,central,Kenyon_Cell,0.0,6292,2
720575940621764385,2.0715322913798166,24.728288570818272,central,Kenyon_Cell,0.0,7028,2
720575940621764596,0.6052056623346374,23.497813059026164,central,unknown,0.0,6763,2
720575940621765708,1.5439043179546312,24.434314479445714,central,ALPN,0.0,7860,1
720575940621766680,2.993780136444985,25.096536848579863,sensory,olfactory,0.0,2184,0
720575940621767629,3.0540451872956336,25.116467002789022,sensory,olfactory,0.0,1260,0
720575940621776161,1.4501254816601867,24.371650091764185,central,ALPN,0.0,7940,1
720575940621778646,0.8161711035361755,23.796868739707094,central,ALLN,0.0,4508,2
720575940621784926,1.6318873774640874,24.48973724525388,central,Kenyon_Cell,0.0,1060,2
720575940621786250,0.4150494341307788,23.12064235254195,central,unknown,0.0,7831,2
720575940621787892,0.3037197886833501,22.80835024960126,central,unknown,0.0,8221,2
720575940621788284,1.158195830771253,24.146863476054545,central,unknown,0.0,1521,2
720575940621792438,1.7106113238288547,24.536850805942034,central,ALPN,0.0,3557,2
720575940621802751,1.1833981528222437,24.16839009035189,central,Kenyon_Cell,0.0,4100,2
720575940621804159,0.046053586803036166,20.922050370002708,descending,unknown,0.0,6799,2
720575940621804329,3.060435941716618,25.118557370430445,sensory,olfactory,0.0,4346,0
720575940621807300,1.9743540261626507,24.68024126949159,central,Kenyon_Cell,0.0,8316,2
720575940621808227,3.0149510741006793,25.103583602551854,sensory,olfactory,0.0,2271,0
720575940621809276,0.041060147914764804,20.80728273500754,central,unknown,0.0,2282,2
720575940621809755,1.7217917644789114,24.54336547214218,central,unknown,0.0,5902,2
720575940621811482,0.3278824282102541,22.884899814564747,central,unknown,0.0,5454,2
720575940621812006,1.567232089008096,24.44931106281383,central,Kenyon_Cell,0.0,4699,2
720575940621814054,0.7051005382156538,23.650585121060754,central,ALLN,0.0,1634,2
720575940621817046,1.5395239790004558,24.431473264097722,central,ALPN,0.0,6215,2
720575940621820540,1.5855737270269494,24.460946314720527,central,ALPN,0.0,5002,2
720575940621820763,1.31019310940524,24.27017453810874,central,unknown,0.0,3076,2
720575940621821004,3.0596139573061096,25.118288750262632,sensory,olfactory,0.0,2180,0
720575940621823100,0.029095727610945317,20.46283606692328,central,unknown,0.0,2378,2
720575940621825916,0.03881454956478831,20.751039886139573,central,unknown,0.0,1665,2
720575940621828732,1.659825600083681,24.50671253665869,central,unknown,0.0,7948,2
720575940621831804,1.0544955173949644,24.053062469998274,sensory,thermosensory,0.0,7313,2
720575940621832001,1.8171268860371927,24.597256619687563,central,ALLN,0.0,917,2
720575940621833054,0.41043313069273213,23.10945773942491,central,unknown,0.0,5667,2
720575940621844137,3.0266398185750623,25.1074530333909,sensory,olfactory,0.0,2183,0
720575940621845018,1.90789798537686,24.64600210481308,central,Kenyon_Cell,0.0,4554,2
720575940621849769,1.1541387092271786,24.1433543594997,central,unknown,0.0,7452,2
720575940621860009,3.0705704741430195,25.121863366532722,sensory,olfactory,0.0,2274,0
720575940621862605,3.020426000166529,25.105397881096593,sensory,olfactory,0.0,7159,0
720575940621870204,0.1740581486789438,22.251634152214105,central,unknown,0.0,4264,2
720575940621870886,0.3332645616663608,22.901181375045105,central,unknown,0.0,4240,2
720575940621871228,0.4666013812124891,23.23772004076474,central,unknown,0.0,8107,2
720575940621871484,0.3770710364819425,23.02467831639753,central,Kenyon_Cell,0.0,4315,2
720575940621872645,2.023988832531981,24.70507023388627,central,Kenyon_Cell,0.0,4131,2
720575940621873677,3.1500711871052816,25.147425051663227,sensory,olfactory,0.0,2097,0
720575940621875068,1.4313883415972022,24.35864484153385,central,unknown,0.0,7438,2
720575940621878021,1.2836580424657207,24.249713847730554,central,Kenyon_Cell,0.0,1315,2
720575940621880541,1.9857878116899146,24.686015717865573,central,Kenyon_Cell,0.0,4589,2
720575940621880831,0.20841820555240448,22.431791385778286,central,unknown,0.0,6373,2
720575940621885957,1.7103033043539924,24.536670725753446,central,unknown,0.0,6578,2
720575940621892122,1.9732953622932454,24.679704917961548,central,Kenyon_Cell,0.0,893,2
720575940621896653,3.3843615930397952,25.219165289770686,sensory,olfactory,0.0,1907,0
720575940621897496,3.179295644410746,25.15665967679002,sensory,olfactory,0.0,2317,0
720575940621904166,2.9943700805639746,25.096733885761466,sensory,olfactory,0.0,8078,0
720575940621910399,0.2014674730546264,22.397872665327817,central,unknown,0.0,8682,2
720575940621912346,1.9868342440769304,24.686542539897236,central,Kenyon_Cell,0.0,2063,2
720575940621913897,1.0449914085709797,24.0440086639198,central,Kenyon_Cell,0.0,2597,2
720575940621914381,3.0316737210790174,25.109114850208236,sensory,olfactory,0.0,1263,0
720575940621919428,1.3872626115704803,24.327332461240744,central,Kenyon_Cell,0.0,1921,2
720575940621921285,0.8645495289182645,23.854453316481884,central,unknown,0.0,5908,2
720575940621921501,3.0731378164689733,25.12269912967575,sensory,olfactory,0.0,3097,0
720575940621922654,1.825102441059704,24.60163611754662,central,Kenyon_Cell,0.0,6470,2
720575940621922910,2.044047091267769,24.714931710856778,central,Kenyon_Cell,0.0,2254,2
720575940621926536,2.962351679764362,25.085983439305586,sensory,olfactory,0.0,5804,0
720575940621926669,1.5109310235053692,24.41272603268236,central,ALPN,0.0,6327,1
720575940621926765,2.1128967674061734,24.748059881503927,central,ALPN,0.0,4809,2
720575940621929471,3.049803901781347,25.115077294054423,sensory,olfactory,0.0,1931,0
720575940621935850,2.2250856775295746,24.799795421631703,central,Kenyon_Cell,0.0,7612,2
720575940621939071,0.2974431093559029,22.787467698661153,central,ALIN,0.0,8354,2
720575940621943139,1.0,24.0,sensory,olfactory,0.0,3403,0
720575940621943187,0.4335562697591363,23.164266312180676,central,unknown,0.0,7291,2
720575940621944583,2.103936522078581,24.743810124305593,central,Kenyon_Cell,0.0,2593,2
720575940621946945,0.214117041490753,22.458767509385908,visual_projection,unknown,0.0,1719,2
720575940621952425,1.86027331751932,24.620723421832626,central,Kenyon_Cell,0.0,1026,2
720575940621953118,1.3995349850779193,24.336140027930245,central,unknown,0.0,1042,2
720575940621966369,1.7796287465099438,24.57640477317394,central,Kenyon_Cell,0.0,4631,2
720575940621966827,1.8684469261474181,24.62510756501626,central,Kenyon_Cell,0.0,1442,2
720575940621973018,1.6839567727018938,24.52114624607374,central,Kenyon_Cell,0.0,4278,2
720575940621987255,1.907086275016529,24.645576566820168,central,Kenyon_Cell,0.0,1154,2
720575940621988684,1.0720059238305428,24.069531588594668,central,unknown,0.0,6356,2
720575940621995614,1.64250903671088,24.49622497316416,central,unknown,0.0,7801,2
720575940622007472,0.04952690420649051,20.99476076226242,visual_centrifugal,unknown,0.0,3622,2
720575940622009676,0.15515408557195365,22.136663444610683,central,unknown,0.0,3564,2
720575940622009889,0.8190088505844444,23.800339611386956,central,unknown,0.0,5089,2
720575940622013564,1.383332073168916,24.32449513461185,central,Kenyon_Cell,0.0,8010,2
720575940622014090,0.9958025947562059,23.995793760922698,central,ALLN,0.0,7232,2
720575940622015612,1.7072564816170297,24.53488768537669,central,Kenyon_Cell,0.0,8369,2
720575940622021953,0.01687813717125207,19.918263846942562,central,unknown,0.0,1062,2
720575940622026334,1.47052258255566,24.385617835953266,central,unknown,0.0,8229,2
720575940622027527,1.3335955416979621,24.28787870939094,central,unknown,0.0,5598,2
720575940622038182,1.8425437986712063,24.611147116126478,central,ALLN,0.0,8123,2
720575940622039501,3.1195700269469024,25.137695180448468,sensory,olfactory,0.0,2743,0
720575940622039551,3.0630478908781194,25.119410463013462,sensory,olfactory,0.0,2206,0
720575940622042373,0.0594884115689305,21.17802625105318,central,unknown,0.0,783,2
720575940622046633,2.969466206484741,25.088382208205196,sensory,olfactory,0.0,2515,0
720575940622047514,0.6457641012595706,23.562678989781435,central,unknown,0.0,8536,2
720575940622048862,0.08341066164241841,21.516020859651125,central,unknown,5.82724265075441e-07,508,2
720575940622050186,1.5490160972363625,24.437619953399047,central,Kenyon_Cell,0.0,8288,2
720575940622052641,1.0505994702918966,24.0493609253418,central,unknown,0.0,5872,2
720575940622054340,1.7727009257812003,24.57250433028105,central,Kenyon_Cell,0.0,1077,2
720575940622054497,1.9820118895359289,24.68411243464658,central,ALLN,0.0,5724,1
720575940622055201,1.1072037581132763,24.101837700125216,central,unknown,9.27061330801838e-08,652,2
720575940622055777,0.11899613328474005,21.871335720195923,central,unknown,0.0,7177,2
720575940622058364,0.11141286664707632,21.80548754136641,central,unknown,0.0,5429,2
720575940622060040,1.1343886563642334,24.126093877066808,central,unknown,0.0,2501,3
720575940622060426,1.4263353964780614,24.355108495232965,central,Kenyon_Cell,0.0,1655,2
720575940622063871,3.0678089444149848,25.120963607907186,sensory,olfactory,0.0,3956,0
720575940622067113,1.4857853013126552,24.39594345491012,central,Kenyon_Cell,0.0,4549,2
720575940622070004,1.0,24.0,sensory,olfactory,0.0,2790,0
720575940622070554,1.4333288577998111,24.359999611561285,central,ALPN,1.0330111971791908e-06,465,2
720575940622074109,0.41315234070739404,23.116061109663697,central,unknown,0.0,7525,2
720575940622075274,1.1595357532252923,24.148019712274966,central,Kenyon_Cell,0.0,8049,2
720575940622075928,1.0,24.0,sensory,olfactory,0.0,3620,0
720575940622081306,0.6507348055640918,23.570346915505986,central,unknown,0.0,5245,2
720575940622081818,1.1565098943308922,24.14540675806209,central,unknown,0.0,6155,2
720575940622082518,1.9394659908566398,24.662412672738544,sensory,thermosensory,0.0,1332,2
720575940622084681,3.12691042485294,25.140045432351606,sensory,olfactory,0.0,4497,0
720575940622085146,1.650543094058751,24.50110438166959,central,unknown,0.0,3565,2
720575940622089761,0.23980499034807334,22.572070773853763,central,unknown,1.3243733297169112e-08,704,2
720575940622090316,1.603210158035164,24.472007967988112,central,LHLN,0.0,5760,2
720575940622091546,2.0375767080648357,24.711761213554187,central,LHLN,0.0,6617,2
720575940622096589,1.970992317253344,24.678537130270215,central,Kenyon_Cell,0.0,6299,2
720575940622099294,3.0586149419675537,25.117962180150958,sensory,olfactory,0.0,2538,0
720575940622102554,1.4448162455233076,24.367982147750332,central,unknown,0.0,4902,2
720575940622104097,0.8468953663623983,23.83382187363797,central,unknown,0.0,4687,2
720575940622105377,1.619068599513064,24.481851045331553,central,unknown,0.0,6382,2
720575940622109466,0.47868139039437185,23.26327994136167,central,unknown,0.0,8578,2
720575940622112726,1.9052293376243772,24.644602388537105,sensory,hygrosensory,0.0,8420,2
720575940622116428,1.0103298125197862,24.01027682459758,central,Kenyon_Cell,0.0,1484,2
720575940622118241,0.6710162854582007,23.601038128124532,central,unknown,0.0,6254,2
720575940622124713,1.4509762880370545,24.372236631960842,central,unknown,0.0,8451,2
720575940622128639,0.19235499120726587,22.351587298448607,central,unknown,0.0,7070,2
720575940622130646,1.7262982815017671,24.54597939435923,central,LHLN,0.0,7495,2
720575940622132553,0.14578459091609275,22.074374848560662,central,unknown,0.0,3780,2
720575940622134285,1.0,24.0,sensory,olfactory,0.0,3086,0
720575940622135501,1.4339270144942005,24.360416844434603,central,Kenyon_Cell,0.0,2641,2
720575940622140257,2.0430717552016513,24.714454437686474,central,unknown,0.0,3805,2
720575940622147148,1.6037821532590437,24.472364685544267,central,Kenyon_Cell,0.0,2784,2
720575940622149196,2.0397473278647724,24.71282594129516,central,Kenyon_Cell,0.0,7470,2
720575940622150569,0.6511839351659249,23.5710368658164,central,unknown,0.0,4768,2
720575940622161366,0.09998402166342554,21.69725511087349,descending,unknown,2.266002767145635e-05,155,2
720575940622163197,1.5419562784561986,24.433051920949406,central,Kenyon_Cell,0.0,1690,2
720575940622165974,0.722895270800976,23.67550907902039,central,unknown,0.0,7638,2
720575940622167766,1.8160787964439609,24.59667966935009,central,LHLN,0.0,5270,2
720575940622168712,0.045619690438266164,20.912584152192736,central,unknown,0.0,1011,2
720575940622169471,2.1385343576244704,24.760120714781845,central,Kenyon_Cell,0.0,7586,2
720575940622176648,0.8294736260246018,23.813036035115285,central,unknown,0.0,6913,2
720575940622182569,0.4604824723300692,23.224519513730574,central,LHCENT,1.1720703967994664e-05,224,2
720575940622186376,0.06359890902132857,21.244841037464116,central,unknown,0.0,4134,2
720575940622189448,0.2509808730277737,22.617621454169445,central,unknown,0.0,7898,2
720575940622190550,1.3806121503207451,24.32252698800235,central,unknown,0.0,8489,2
720575940622192822,2.7336007030435994,25.005619679004894,central,ALPN,0.0,785,1
720575940622196518,2.96274058439137,25.08611471308504,sensory,olfactory,0.0,1256,0
720575940622198664,1.0,24.0,sensory,olfactory,0.0,2944,0
720575940622201046,0.7862866541802619,23.759566146935086,central,unknown,0.0,5993,2
720575940622203350,0.2203465939383532,22.487446454679485,central,unknown,0.0,6600,3
720575940622204612,2.988756727549099,25.09485749074532,sensory,olfactory,0.0,2123,0
720575940622209404,2.0884709191867916,24.73643218059997,central,LHLN,0.0,5718,2
720575940622211845,3.1601227722568135,25.150610878824107,sensory,olfactory,0.0,4488,0
720575940622212615,1.5142707792157641,24.41493398923203,central,unknown,0.0,3173,2
720575940622219478,1.0,24.0,sensory,olfactory,0.0,3265,0
720575940622224836,0.9898354944516816,23.98978348311867,central,ALLN,0.0,2004,1
720575940622227213,0.04145564718394809,20.816868834186486,visual_projection,unknown,0.0,6381,2
720575940622229005,0.8068821622077276,23.785422359056806,central,unknown,0.0,6587,2
720575940622230310,3.0780083961604836,25.124282763210395,sensory,olfactory,0.0,4001,0
720575940622232458,1.482314867370499,24.393604965420927,central,Kenyon_Cell,0.0,3036,2
720575940622236365,0.3322880641606017,22.89824697686663,central,unknown,0.0,6248,2
720575940622236374,0.06560836724450819,21.27594795829313,central,unknown,0.0,7171,2
720575940622242253,3.174752184210921,25.15522957708139,sensory,olfactory,0.0,7367,0
720575940622245708,1.60298453074334,24.47186722338955,central,Kenyon_Cell,0.0,6540,2
720575940622245953,1.7636975078948591,24.56741246209486,central,unknown,0.0,5784,2
720575940622248709,1.0,24.0,sensory,olfactory,0.0,3337,0
720575940622262593,3.099495133101748,25.131239237938164,sensory,olfactory,0.0,1776,0
720575940622263832,1.6038044029704384,24.472378558723374,central,Kenyon_Cell,0.0,4308,2
720575940622268454,1.0,24.0,sensory,olfactory,0.0,2761,0
720575940622269734,3.190674081250015,25.160232205210466,sensory,olfactory,0.0,3467,0
720575940622270391,1.8427102768039205,24.611237464378956,central,Kenyon_Cell,0.0,5281,2
720575940622272076,2.1302843699805933,24.756255477843204,central,Kenyon_Cell,0.0,7611,2
720575940622276791,3.0900259390597866,25.12817948539215,sensory,olfactory,0.0,735,0
720575940622278157,1.933613067391227,24.659390308447616,central,Kenyon_Cell,0.0,1451,2
720575940622281399,3.095923807259991,25.130086345366507,sensory,olfactory,0.0,3892,0
720575940622287142,2.4211772458968497,24.88425388712937,central,ALPN,2.013047461169705e-06,406,1
720575940622288008,3.1317152655536393,25.141580862614525,sensory,olfactory,0.0,8648,0
720575940622289919,1.0,24.0,sensory,olfactory,0.0,1930,0
720575940622295832,1.979626535568495,24.682908208516007,central,Kenyon_Cell,0.0,4348,2
720575940622307051,1.4051420435265138,24.340138396270973,central,Kenyon_Cell,0.0,7532,2
720575940622311704,1.1969695785921466,24.17979301154289,central,ALPN,0.0,6942,1
720575940622321251,1.6709613817169737,24.51339913846467,central,Kenyon_Cell,0.0,6965,2
720575940622324991,0.03206714382916738,20.560076670238168,central,unknown,6.899985047825107e-06,289,2
720575940622331882,0.49934583006213284,23.305543622940455,central,ALPN,0.0,8419,2
720575940622332771,2.969466206484741,25.088382208205196,sensory,olfactory,0.0,2572,0
720575940622334448,0.5544467145843,23.41021542685945,central,ALPN,1.059498663773529e-07,638,1
720575940622338742,1.8755226557525246,24.628887370313564,central,ALLN,0.0,6233,2
720575940622339549,1.9897237964904444,24.687995833369936,central,Kenyon_Cell,0.0,4410,2
720575940622342852,1.0,24.0,sensory,olfactory,0.0,3100,0
720575940622343094,0.29153502033060347,22.767404857947792,central,unknown,0.0,2029,2
720575940622352055,1.6725109190926795,24.514326041604424,central,LHLN,0.0,5128,2
720575940622353622,1.4087332751232238,24.342690914161693,central,Kenyon_Cell,0.0,8592,2
720575940622354312,0.5726279790639417,23.442480975680464,central,unknown,0.0,6149,2
720575940622356835,0.3239670652952764,22.872886581320227,central,unknown,0.0,1547,2
720575940622358604,0.6147845212689306,23.513516555509362,central,unknown,0.0,6944,2
720575940622360358,3.064877822854721,25.120007706556052,sensory,olfactory,0.0,2152,0
720575940622363332,3.0050019502727903,25.10027821699621,sensory,olfactory,0.0,3989,0
720575940622363588,0.34942944154083544,22.94854637830708,central,unknown,0.0,4168,2
720575940622364184,1.815440831712112,24.59632832071165,central,ALPN,7.548927979386393e-07,489,1
720575940622368792,2.3099390526361394,24.837221140045436,central,ALPN,9.53548797396176e-06,243,1
720575940622375389,3.235309135111007,25.174124482927066,sensory,olfactory,0.0,3784,0
720575940622383338,3.0124989073206168,25.10276993610156,sensory,olfactory,0.0,3953,0
720575940622387677,1.706876848968176,24.534665296492804,central,Kenyon_Cell,0.0,920,2
720575940622389735,1.5889620911561795,24.463081030225425,central,ALPN,0.0,1201,2
720575940622392790,2.121286969343887,24.75202296550819,central,Kenyon_Cell,0.0,5381,2
720575940622403030,1.6276145036234668,24.487115448154764,central,Kenyon_Cell,0.0,6986,2
720575940622403881,3.0314748990641127,25.10904926645714,sensory,olfactory,0.0,1733,0
720575940622411760,0.027552207077883088,20.40832736512791,visual_projection,unknown,0.0,5332,2
720575940622413948,0.09810846884404402,21.67831841254854,central,unknown,0.0,5765,2
720575940622428087,1.0965817516488578,24.09219784300388,central,Kenyon_Cell,0.0,2939,2
720575940622428167,1.6160874200624233,24.48000805520902,central,unknown,0.0,6348,2
720575940622436277,1.711224761768065,24.53720934909281,central,ALPN,0.0,970,2
720575940622438621,0.9555256873320847,23.954506367991552,central,unknown,0.0,8470,2
720575940622439704,1.1631490254438812,24.1511310041442,central,Kenyon_Cell,0.0,3223,2
720575940622440840,3.0465160743101687,25.113998667012915,sensory,olfactory,0.0,2753,0
720575940622441107,2.919493330562068,25.07141008429359,sensory,olfactory,0.0,3102,0
720575940622448166,1.9647635915287862,24.675371928428877,central,ALPN,0.0,6213,2
720575940622448589,1.368945005401666,24.314040374134677,central,ALPN,4.9266687865469095e-06,316,1
720575940622451273,1.8946391227623787,24.639028383862048,central,Kenyon_Cell,0.0,5358,2
720575940622457028,1.9621561258354057,24.674043932816918,sensory,hygrosensory,0.0,1241,2
720575940622457443,1.7420069231606359,24.55503785268225,central,ALLN,0.0,6035,1
720575940622462173,0.07326265575486744,21.386295728801667,central,CX,0.0,6584,2
720575940622467293,1.4142757933799461,24.346617593278772,central,Kenyon_Cell,0.0,3421,2
720575940622473924,0.10391884456619674,21.735854974825294,central,unknown,0.0,3837,2
720575940622474165,1.8169658334691472,24.597167985422793,central,Kenyon_Cell,0.0,8500,2
720575940622477508,3.1243313089784626,25.139220279164245,sensory,olfactory,0.0,2141,0
720575940622479732,0.05372748806312704,21.076169473560704,central,unknown,0.0,3522,2
720575940622484182,1.8743422038944342,24.628257773279397,central,unknown,0.0,4816,2
720575940622489972,0.7962170049482435,23.772116488990076,central,unknown,0.0,7121,2
720575940622491632,0.30584233452269505,22.81531444352721,central,ALLN,0.0,7941,2
720575940622492637,3.1325996368603723,25.14186321473966,sensory,olfactory,0.0,4394,0
720575940622493949,0.34543270399374276,22.937042566653897,central,unknown,0.0,5346,2
720575940622494215,1.0,24.0,sensory,olfactory,0.0,2875,0
720575940622495114,1.0,24.0,sensory,olfactory,0.0,2989,0
720575940622495401,0.18246482432269226,22.298802132025703,central,unknown,6.886741314527938e-07,495,2
720575940622509203,3.0322524568327855,25.10930572844077,sensory,olfactory,0.0,2105,0
720575940622512522,2.994379875389722,25.096737156836674,sensory,olfactory,0.0,2131,0
720575940622516941,0.052409633279068876,21.05133513665174,central,unknown,0.0,8152,2
720575940622517530,3.1287589193400493,25.140636414527677,sensory,olfactory,0.0,8609,0
720575940622519372,2.8361651009213653,25.042452823097168,sensory,olfactory,0.0,1874,0
720575940622526355,3.032197794302421,25.10928770124025,sensory,olfactory,0.0,2441,0
720575940622528951,1.5576111746230747,24.443153349307355,central,Kenyon_Cell,0.0,4064,2
720575940622538790,1.0,24.0,sensory,olfactory,0.0,3205,0
720575940622540713,1.0,24.0,sensory,olfactory,0.0,3139,0
720575940622540749,1.205976310289743,24.187289454902896,central,unknown,0.0,7631,2
720575940622540969,3.154605283110538,25.14886337980214,sensory,olfactory,0.0,2400,0
720575940622542007,2.1102812554494146,24.74682123502632,central,Kenyon_Cell,0.0,7619,2
720575940622542517,1.5228120531402167,24.420558660611913,central,Kenyon_Cell,0.0,4551,2
720575940622547661,2.9888564712608305,25.094890863166192,sensory,olfactory,0.0,2130,0
720575940622548182,1.541613916312486,24.432829865264928,central,unknown,0.0,5127,2
720575940622550251,1.0,24.0,sensory,olfactory,0.0,8577,0
720575940622557022,2.1187454798459306,24.750824158738297,central,Kenyon_Cell,0.0,1112,2
720575940622558941,1.677280728099065,24.517173867817153,central,Kenyon_Cell,0.0,4053,2
720575940622564621,3.118522918437968,25.137359466143494,sensory,olfactory,0.0,7338,0
720575940622565069,0.8488093026722233,23.83607926805049,central,unknown,0.0,6828,2
720575940622565590,0.056714148539579054,21.130268433949215,descending,unknown,0.0,6715,2
720575940622567659,2.0308312901270145,24.708445211756043,central,ALPN,0.0,4396,2
720575940622574532,2.34984278196158,24.854348424625133,central,ALPN,8.025702378084481e-06,268,1
720575940622581651,2.0191573403751546,24.702680266148292,sensory,hygrosensory,0.0,2186,2
720575940622586367,0.4104324208780451,23.10945600999508,central,unknown,0.0,856,2
720575940622590669,2.0520731261593443,24.718850563203453,central,unknown,0.0,8166,2
720575940622594601,1.6581578659188543,24.50570726684806,central,Kenyon_Cell,0.0,1423,2
720575940622599408,0.33139381732586537,22.895552169607768,central,unknown,0.0,7625,2
720575940622600319,0.7728629950001366,23.74234651586331,central,unknown,0.0,6609,2
720575940622604749,3.0866525527304147,25.127087187429982,sensory,olfactory,0.0,1759,0
720575940622606315,1.700563128951914,24.530959448534887,central,Kenyon_Cell,0.0,7679,2
720575940622607069,1.4645823143535404,24.381570092161258,central,unknown,0.0,8077,2
720575940622609690,0.9434437651676674,23.941781481684163,central,unknown,1.1919359967452201e-07,622,2
720575940622612957,1.879625837228407,24.631072734283354,central,unknown,0.0,5531,2
720575940622618867,0.038656936400176624,20.746970946965227,central,unknown,0.0,5569,2
720575940622619332,0.9683727606880542,23.9678618175243,central,unknown,0.0,5958,2
720575940622624234,3.0568575417149755,25.117387441140803,sensory,olfactory,0.0,1796,0
720575940622625097,1.9542245985591622,24.669993489982996,sensory,hygrosensory,0.0,1240,2
720575940622625279,0.5054071269261554,23.31760901742804,central,ALLN,0.0,1712,2
720575940622627466,0.2201470104380773,22.48654027346845,central,unknown,0.0,4249,2
720575940622633693,1.1506522510129518,24.1403289563862,central,unknown,0.0,7299,2
720575940622633716,0.056589919416461944,21.12807558818227,descending,unknown,1.7044684753456646e-05,185,2
720575940622634973,1.0550678266497393,24.053605055524734,central,unknown,0.0,7653,2
720575940622642893,1.3042069487237828,24.265595153921506,central,unknown,0.0,4719,2
720575940622646980,1.5376963962643857,24.43028544994854,central,Kenyon_Cell,0.0,3260,2
720575940622647501,1.3876342355728966,24.32760030831767,central,Kenyon_Cell,0.0,6387,2
720575940622649284,1.3101568803782426,24.270146886056807,central,ALPN,0.0,8136,2
720575940622650879,1.906842964378382,24.645448976283895,central,ALLN,0.0,8018,1
720575940622651389,3.0637019101512193,25.119623959335925,sensory,olfactory,0.0,1040,0
720575940622653795,0.1896375499933957,22.337359339718144,central,unknown,0.0,4535,2
720575940622655782,3.1325996368603723,25.14186321473966,sensory,olfactory,0.0,4193,0
720575940622655949,1.7586044690551932,24.564520579216897,central,unknown,0.0,2072,2
720575940622656536,0.5058829392198032,23.318550018125443,central,unknown,2.913621325377205e-07,563,2
720575940622657684,0.026599403793246677,20.373133522766604,central,unknown,0.0,8262,2
720575940622658317,0.3339240691286042,22.903158350211065,central,unknown,0.0,5906,3
720575940622659847,0.6601506819302803,23.584712835935466,central,unknown,0.0,5873,2
720575940622663629,1.0,24.0,sensory,olfactory,0.0,3365,0
720575940622665707,0.6455457611063811,23.562340821288135,central,unknown,0.0,914,2
720575940622666933,1.524361887174347,24.4215758878514,central,Kenyon_Cell,0.0,7791,2
720575940622668031,0.15946319336855935,22.164057854033416,central,unknown,0.0,4428,2
720575940622673860,0.03962779327662099,20.771775443516194,descending,unknown,0.0,5304,2
720575940622674712,1.965553108175469,24.67577368570068,central,unknown,0.0,8314,2
720575940622675421,0.5722895633117744,23.44188981387274,descending,unknown,0.0,1758,2
720575940622675494,2.1740019343267543,24.77656967845334,central,ALPN,0.0,6184,2
720575940622681889,0.029813336552141315,20.48720054972192,visual_centrifugal,unknown,0.0,8666,2
720575940622682409,1.0,24.0,sensory,olfactory,0.0,7322,0
720575940622694182,1.4675308251043169,24.383581277681326,central,Kenyon_Cell,0.0,4282,2
720575940622696447,0.7714901134150512,23.740568577982067,central,unknown,0.0,2940,2
720575940622697196,1.8078175434743984,24.592120340657686,central,Kenyon_Cell,0.0,4953,2
720575940622697496,0.09631650484033699,21.65988441496335,central,unknown,0.0,5349,2
720575940622698825,1.1874855238956514,24.171838066448693,central,Kenyon_Cell,0.0,2631,2
720575940622700749,1.6322377058600053,24.489951899036026,sensory,hygrosensory,0.0,7885,2
720575940622705335,3.010816086135594,25.102211166975046,sensory,olfactory,0.0,2301,0
720575940622722659,0.08190506438373864,21.497805546152392,central,unknown,0.0,5307,2
720575940622726271,2.3670700136518845,24.86165290916152,central,ALPN,0.0002462142457276,11,1
720575940622726663,1.0317709836748281,24.031276727388814,central,ALLN,4.47638185444316e-06,330,2
720575940622731667,0.04938213999604699,20.991833541299364,central,unknown,0.0,8583,2
720575940622732493,0.7471356973316012,23.708491546054226,central,Kenyon_Cell,0.0,5260,2
720575940622733133,1.4422435421811552,24.366199916544666,central,LHLN,0.0,6020,2
720575940622734835,1.8569331931105189,24.618926306015574,central,ALPN,0.0,7387,1
720575940622735615,1.6359206226262506,24.492205717826355,central,Kenyon_Cell,0.0,1541,2
720575940622736934,3.024422621638231,25.1067202043851,sensory,olfactory,0.0,2534,0
720575940622737812,1.2008067778912628,24.182993645800916,central,Kenyon_Cell,0.0,2848,2
720575940622745834,3.1562521392903973,25.149385291836282,sensory,olfactory,0.0,6426,0
720575940622746150,0.13384953926691914,21.988961048818563,central,unknown,0.0,5342,2
720575940622748868,1.9667423737120666,24.676378556610477,central,Kenyon_Cell,0.0,1887,2
720575940622761864,3.06111289754321,25.118778541851967,sensory,olfactory,0.0,3366,0
720575940622762995,1.3680676952674777,24.31339930282067,central,ALPN,1.4832981292829405e-06,437,1
720575940622771082,1.5613231184122556,24.445533614611453,central,Kenyon_Cell,0.0,6242,2
720575940622771338,2.150370739796289,24.765640264388555,central,Kenyon_Cell,0.0,7580,2
720575940622773784,1.859614509749741,24.620369213422556,central,Kenyon_Cell,0.0,4054,2
720575940622775443,1.4896329185266235,24.398529726199968,central,unknown,0.0,5229,2
720575940622779263,1.0554765000147115,24.05399232374262,central,unknown,0.0,7719,2
720575940622779519,0.42496268842823154,23.14424609415477,central,unknown,0.0,8652,2
720575940622780799,1.0314710137893368,24.030985952106054,central,unknown,0.0,7377,2
720575940622781389,1.030968819206183,24.03049896132451,central,Kenyon_Cell,0.0,1908,2
720575940622785062,2.271472299604879,24.82042821138394,central,ALPN,7.588659179277901e-06,275,1
720575940622789611,0.6515742112971469,23.57163601945663,central,unknown,0.0,2850,2
720575940622790271,0.41076751560977265,23.11027212002002,central,unknown,0.0,7196,2
720575940622792423,1.6814966794005728,24.51968427741216,central,ALLN,0.0,4461,1
720575940622793310,1.9369257675407128,24.66110206027321,central,ALPN,0.0,6222,1
720575940622800589,2.0885520507635422,24.736471027203088,central,Kenyon_Cell,0.0,7474,2
720575940622804263,0.6147330734698132,23.5134328677291,central,unknown,0.0,4793,2
720575940622811400,2.4054380418672197,24.87773202496314,central,ALLN,0.0,6330,2
720575940622811430,1.4485985211880996,24.370596551922638,central,ALPN,4.833962653466726e-06,320,1
720575940622812799,1.461225075712275,24.37927517683217,central,ALLN,0.0,7142,2
720575940622812808,1.6010572825691634,24.470664212618214,central,Kenyon_Cell,0.0,6297,2
720575940622813418,2.009177502693573,24.697725435684724,central,Kenyon_Cell,0.0,7238,2
720575940622820243,1.3151501416054736,24.273950835237965,central,unknown,0.0,6871,2
720575940622822378,1.8440938811738548,24.611988035537934,central,Kenyon_Cell,0.0,7711,2
720575940622830856,1.9061390234605038,24.64507974247785,central,Kenyon_Cell,0.0,4228,2
720575940622831541,3.0254601133149217,25.10706318349141,sensory,olfactory,0.0,2452,0
720575940622833577,3.112982070630931,25.135581131928248,sensory,olfactory,0.0,2508,0
720575940622836237,1.927834610423149,24.656397409533238,central,Kenyon_Cell,0.0,5406,2
720575940622839956,1.7162954356997224,24.5401681515732,central,Kenyon_Cell,0.0,7672,2
720575940622840211,2.260638699293633,24.81564738366434,central,ALPN,0.0,5099,2
720575940622842441,2.4840392497932933,24.909885964990394,central,unknown,0.0,3235,2
720575940622843747,0.15938137434711544,22.16354463203421,central,unknown,6.621866648584556e-08,669,2
720575940622848775,0.6298563291931181,23.537736465496526,central,unknown,0.0,8651,2
720575940622864920,0.5801777986388121,23.45557932695893,central,Kenyon_Cell,0.0,2644,2
720575940622871540,0.14062504911977558,22.03834184327267,central,unknown,0.0,5344,2
720575940622878477,2.0779677470188838,24.731390371391463,central,Kenyon_Cell,0.0,6802,2
720575940622880588,3.1038957437432027,25.132658014045294,sensory,olfactory,0.0,1088,0
720575940622881805,2.0498457692581966,24.71776455581186,central,Kenyon_Cell,0.0,5420,2
720575940622882829,1.903315293523389,24.643597256946165,central,Kenyon_Cell,0.0,6535,2
720575940622888231,0.31389607313342716,22.841306674858966,central,unknown,0.0,7116,2
720575940622889997,1.6295770316947742,24.488320491387572,central,Kenyon_Cell,0.0,5377,2
720575940622890509,1.4784376049059227,24.390985857800622,central,Kenyon_Cell,0.0,8016,2
720575940622891923,3.1063808560204995,25.133458336662176,sensory,olfactory,0.0,1829,0
720575940622894349,1.674161823018306,24.515312635864905,central,Kenyon_Cell,0.0,2617,2
720575940622894616,1.7780091547900168,24.575494286004226,central,unknown,7.946239978301468e-08,660,2
720575940622906867,1.8642017277847556,24.622832933468196,central,Kenyon_Cell,0.0,7667,2
720575940622915030,1.0,24.0,sensory,olfactory,0.0,3648,0
720575940622915060,0.2731016405291265,22.70208875654329,central,unknown,0.0,8655,2
720575940622915864,1.513601782878258,24.41449209722061,central,LHLN,0.0,6577,2
720575940622917381,0.013755424660827192,19.713677988115013,central,unknown,2.7811839924055134e-07,564,2
720575940622917927,0.24885430503831646,22.60911232590482,central,unknown,0.0,4144,2
720575940622919411,0.031675507314746554,20.547788463347686,central,unknown,0.0,7161,2
720575940622920074,1.9845242166643542,24.685379196071217,central,ALLN,0.0,5675,1
720575940622920328,1.236365346818579,24.212175903398883,central,Kenyon_Cell,0.0,7802,2
720575940622926104,1.8946026600409414,24.639009138470207,central,LHLN,0.0,5116,2
720575940622926472,1.8682438366992469,24.624998864852795,central,Kenyon_Cell,0.0,2950,2
720575940622928397,1.9747754951022216,24.680454718525816,central,Kenyon_Cell,0.0,8165,2
720575940622929944,1.902861825633752,24.64335897697254,central,LHLN,0.0,7463,2
720575940622930200,0.5974848918159713,23.484973718840195,central,unknown,0.0,6805,2
720575940622930456,1.727584681458152,24.54672429511566,central,unknown,0.0,5964,2
720575940622930712,1.1244311293666298,24.117277244980624,central,unknown,0.0,8502,2
720575940622930957,2.0827255222738623,24.733677383204544,central,Kenyon_Cell,0.0,2053,2
720575940622934817,0.012081603232066866,19.583928622604624,central,unknown,0.0,7507,2
720575940622944461,1.595034001977357,24.466895053863727,central,Kenyon_Cell,0.0,8030,2
720575940622949069,1.9198172183364264,24.652229982724887,central,Kenyon_Cell,0.0,2084,2
720575940622949837,1.2008676918030374,24.18304437200262,central,LHLN,0.0,5232,2
720575940622957064,0.40187902461544456,23.0883958305548,central,unknown,0.0,7113,2
720575940622961604,3.0263216391720347,25.107347901578798,sensory,olfactory,0.0,2145,0
720575940622961802,1.8370560449922564,24.60816431474542,central,ALLN,0.0,6814,1
720575940622964735,0.4961930424998832,23.29920977061314,central,unknown,0.0,8415,2
720575940622966054,1.0,24.0,sensory,olfactory,0.0,3153,0
720575940622971283,0.22561168223880276,22.511060022274492,central,unknown,0.0,6602,2
720575940622972167,3.0848164622518106,25.12649216199007,sensory,olfactory,0.0,2564,0
720575940622972365,2.058636553711035,24.72204389654018,central,Kenyon_Cell,0.0,5424,2
720575940622972686,1.2511402149476272,24.22405530749629,central,Kenyon_Cell,0.0,4283,2
720575940622972820,1.988914973860234,24.687589250773204,sensory,thermosensory,0.0,1186,2
720575940622977577,1.872107162620438,24.627064621406518,central,LHLN,0.0,6766,2
720575940622977799,3.219467159908443,25.16921586757397,sensory,olfactory,0.0,1768,0
720575940622979475,1.1456060447319119,24.1359337936872,central,Kenyon_Cell,0.0,5160,2
720575940622987007,3.0379769651972026,25.111191821918766,sensory,olfactory,0.0,2457,0
720575940622995080,1.9277146981314481,24.65633520709092,central,Kenyon_Cell,0.0,8493,2
720575940622996360,1.807159477750091,24.591756263249884,central,Kenyon_Cell,0.0,5387,2
720575940622998627,0.008030247371204068,19.17546005438051,central,unknown,0.0,7724,2
720575940622999688,0.3597185023852721,22.977566508776494,central,unknown,0.0,8565,2
720575940623000858,2.1325996368603723,24.757341722321694,central,ALLN,0.0001034600445174,23,1
720575940623002373,0.9275205417002358,23.924759662639904,central,unknown,0.0,5402,2
720575940623003016,2.0283016440946886,24.70719881435995,central,Kenyon_Cell,0.0,4061,2
720575940623004429,1.6273746055327982,24.486968044840616,central,Kenyon_Cell,0.0,5024,2
720575940623004685,2.0614615768492452,24.723415234547872,central,Kenyon_Cell,0.0,8498,2
720575940623008440,1.8588272001508128,24.61994575129938,central,Kenyon_Cell,0.0,7981,2
720575940623009549,1.8115836190637604,24.594201390411172,central,Kenyon_Cell,0.0,5428,2
720575940623010253,1.8075381938291366,24.59196580557671,central,Kenyon_Cell,0.0,1065,2
720575940623011622,0.10180737340250952,21.715327252791393,central,unknown,0.0,6354,2
720575940623011720,2.0360885466526284,24.711030588239954,central,Kenyon_Cell,0.0,1071,2
720575940623014328,1.3354064052209322,24.28923566891128,central,Kenyon_Cell,0.0,4510,2
720575940623030015,1.0639796190883362,24.06201623574383,central,Kenyon_Cell,0.0,1473,2
720575940623030861,1.860650798380655,24.620926318129822,sensory,hygrosensory,0.0,7370,2
720575940623032102,2.9972688840798227,25.09770150205448,sensory,olfactory,0.0,1814,0
720575940623032781,2.0444789226549465,24.71514295147861,central,Kenyon_Cell,0.0,7206,2
720575940623036415,1.4339782681235917,24.360452587337065,central,Kenyon_Cell,0.0,3253,2
720575940623037283,1.0,24.0,sensory,olfactory,0.0,3236,0
720575940623037965,1.7765344715973304,24.574664540510966,central,unknown,0.0,4592,2
720575940623041549,1.799442304733664,24.58747678619115,central,unknown,3.1784959913205866e-07,557,2
720575940623041732,0.5661728683587864,23.431144173718106,central,unknown,0.0,4729,2
720575940623041772,1.8849104179108946,24.63388029611599,central,Kenyon_Cell,0.0,8622,2
720575940623043069,0.18673650859810964,22.32194329930525,central,unknown,0.0,2239,2
720575940623044109,0.19938478559396447,22.38748127470156,central,unknown,0.0,1713,2
720575940623045117,3.0559893313845365,25.11710338025909,sensory,olfactory,0.0,2296,0
720575940623047950,2.3482576690373906,24.853673635739337,central,ALPN,0.0,4648,2
720575940623050334,0.23214232499386414,22.539595374389638,central,unknown,3.8406826561790427e-07,543,2
720575940623056653,2.013287213120669,24.699768815625838,central,LHLN,0.0,8606,2
720575940623059347,2.8830873029774056,25.058861700187858,sensory,olfactory,0.0,2890,0
720575940623062749,3.103720615316712,25.132601590317922,sensory,olfactory,0.0,847,0
720575940623064968,1.8342622808178368,24.606642373869825,central,LHLN,0.0,4692,2
720575940623065013,2.060435941716618,24.722917582605206,sensory,hygrosensory,0.0,3130,2
720575940623067114,1.9866442957369297,24.686446931810647,central,Kenyon_Cell,0.0,5728,2
720575940623067686,0.1288890354930718,21.951196565227654,central,unknown,0.0,5520,2
720575940623068308,2.1372324925101216,24.759511764294032,central,Kenyon_Cell,0.0,1536,2
720575940623071270,1.0,24.0,sensory,olfactory,0.0,3269,0
720575940623071485,2.969466206484741,25.088382208205196,sensory,olfactory,0.0,952,0
720575940623084170,0.025821132754273012,20.343437976669748,central,unknown,0.0,2518,2
720575940623085495,3.1082522063438103,25.134060576685393,sensory,olfactory,0.0,3030,0
720575940623085850,0.06538284010823234,21.272504561386228,central,unknown,0.0,3527,2
720575940623087821,0.6120445787349276,23.50904984194755,central,unknown,0.0,1661,2
720575940623087859,3.1418968424497713,25.144826707483432,sensory,olfactory,0.0,2355,0
720575940623090412,3.13611208917883,25.142983844572246,sensory,olfactory,0.0,2439,0
720575940623099085,0.6914557586978116,23.63104389133092,central,unknown,0.0,5511,2
720575940623100877,1.4871275777797328,24.396846459211208,central,unknown,0.0,3848,2
720575940623102396,1.499295914941878,24.404995607871427,central,Kenyon_Cell,0.0,5094,2
720575940623103487,1.6985182989787533,24.529756282171743,central,Kenyon_Cell,0.0,7503,2
720575940623104973,1.9087538828106465,24.646450611765086,central,unknown,0.0,8355,2
720575940623107464,1.084534379094228,24.08115075119196,central,unknown,0.0,7787,2
720575940623113752,0.006427957110845297,18.952901496631494,central,unknown,0.0,6196,2
720575940623116585,1.5295167866455568,24.42495185979904,central,Kenyon_Cell,0.0,2845,2
720575940623117448,1.6600205534773644,24.50682998390467,central,LHLN,0.0,6626,2
720575940623118519,1.6697179341878348,24.512654710479236,central,ALLN,0.0,811,1
720575940623119454,1.4051419334090334,24.340138317903463,central,unknown,0.0,1527,2
720575940623119496,1.0874111155153594,24.08379974778095,central,unknown,0.0,1952,2
720575940623119812,1.2208759605797375,24.199568601581333,central,unknown,0.0,7822,2
720575940623119871,1.717771409516447,24.541027758548914,central,Kenyon_Cell,0.0,8347,2
720575940623121032,1.253754737286327,24.22614283878045,central,unknown,0.0,7096,2
720575940623122685,1.0,24.0,sensory,olfactory,0.0,3423,0
720575940623122957,3.0089649639599325,25.101596153831345,sensory,olfactory,0.0,2569,0
720575940623126200,1.7616772073502813,24.566266313994912,central,LHLN,0.0,1038,2
720575940623129587,3.0991287996596477,25.131121039626247,sensory,olfactory,0.0,2573,0
720575940623130248,0.9881300232690675,23.988059012605937,central,unknown,0.0,3509,2
720575940623131433,1.3138431618638537,24.272956553626393,central,Kenyon_Cell,0.0,4646,2
720575940623132040,0.12059167846973386,21.884655001850113,central,unknown,0.0,7158,2
720575940623136717,1.932329954361446,24.658726505039404,central,ALLN,1.2713983965282346e-06,450,1
720575940623137741,1.7792110393558203,24.576170029728786,central,ALPN,0.0,4395,2
720575940623137930,1.0,24.0,sensory,olfactory,0.0,6012,0
720575940623137997,1.9011727834257695,24.642470950183846,central,ALLN,0.0,6389,2
720575940623139976,1.4969446565450402,24.403426135178307,central,unknown,0.0,8647,2
720575940623141658,0.15854779611840436,22.158300821674796,central,unknown,0.0,7952,2
720575940623146701,1.883127267704576,24.63293383512584,central,ALLN,4.237994655094116e-07,537,1
720575940623147959,2.935753545237721,25.07696416487119,sensory,olfactory,0.0,4391,0
720575940623150369,0.1728579275843137,22.244714750286995,central,unknown,0.0,3705,2
720575940623151339,2.9939337240110544,25.096588149483573,sensory,olfactory,0.0,2278,0
720575940623163844,1.79251233521589,24.58361817503889,central,Kenyon_Cell,0.0,7706,2
720575940623164941,0.0068541394212088755,19.017097485846246,central,unknown,0.0,2709,2
720575940623174953,1.7321208219127415,24.549346566317354,central,Kenyon_Cell,0.0,2045,2
720575940623180457,0.5623422060850567,23.424355293227183,central,unknown,0.0,6829,2
720575940623183763,2.4461821863591338,24.894528517875994,central,ALLN,0.0,3032,2
720575940623191334,1.731422795499999,24.548943495647947,central,Kenyon_Cell,0.0,8173,2
720575940623192675,1.0,24.0,sensory,olfactory,0.0,3164,0
720575940623196819,1.7379939690203157,24.552731556768315,central,unknown,0.0,4923,2
720575940623199684,0.5651686843814483,23.429368964032545,central,unknown,0.0,7848,2
720575940623203767,1.5743886928413229,24.45386706540574,central,Kenyon_Cell,0.0,8021,2
720575940623203805,0.25837407311635513,22.646653151655276,central,unknown,0.0001795717797763,14,2
720575940623205303,1.9221363809013137,24.65343726583577,central,Kenyon_Cell,0.0,4911,2
720575940623205705,3.017729260663151,25.1045046481252,sensory,olfactory,0.0,8297,0
720575940623209703,1.8502045564529068,24.61529620403333,sensory,hygrosensory,0.0,6179,2
720575940623209727,1.0604492801740808,24.058692667546097,central,unknown,0.0,6485,2
720575940623212170,0.9370124090306602,23.93494124653109,central,unknown,0.0,4597,2
720575940623218687,1.9487982383547306,24.667212894568916,central,Kenyon_Cell,0.0,5202,2
720575940623223245,0.03247808394995251,20.572810242882607,central,unknown,0.0,1934,2
720575940623224555,0.0911720659372987,21.60499327663323,central,unknown,0.0,3192,2
720575940623225284,1.8673770304880002,24.62453478872857,central,Kenyon_Cell,0.0,7607,2
720575940623229927,2.0491629755603533,24.71743140516659,central,Kenyon_Cell,0.0,7257,2
720575940623230698,1.8184883346997025,24.598005570631756,central,unknown,0.0,5650,2
720575940623233065,1.0687145312655704,24.066456553598194,central,unknown,7.946239978301468e-08,661,2
720575940623233238,0.0185241844479671,20.011321866829675,central,unknown,0.0,4142,2
720575940623235848,3.0674986641348543,25.120862462112974,sensory,olfactory,0.0,853,0
720575940623236521,0.18657222930577205,22.3210631736277,central,unknown,0.0,7896,2
720575940623237161,0.6194584546835629,23.521090357180572,central,ALPN,0.0,6025,2
720575940623242476,2.780003988453842,25.022452362397143,sensory,olfactory,0.0,3690,0
720575940623242900,0.254067986325201,22.629846614918772,central,unknown,0.0,1831,2
720575940623248883,2.0875500706945105,24.735991163416656,central,ALLN,0.0,2936,2
720575940623249043,1.2535041534249967,24.225942952073023,central,unknown,9.138175975046688e-07,475,2
720575940623252884,0.3776405610760457,23.02618756762423,central,unknown,0.0,8279,2
720575940623253994,1.6681713396122209,24.511728020251113,central,Kenyon_Cell,0.0,6337,2
720575940623262645,0.36834183672631987,23.00125613216993,central,unknown,0.0,8505,2
720575940623262652,0.06011555578957814,21.188513360841206,central,unknown,3.443370657263969e-07,550,2
720575940623264906,0.6450960330648643,23.561643915203504,central,ALPN,0.0,4183,2
720575940623265258,2.987316035596984,25.094375337318773,sensory,olfactory,0.0,2517,0
720575940623267559,3.221337909627038,25.169796773144316,sensory,olfactory,0.0,2148,0
720575940623268902,1.237083176291865,24.212756331482776,central,unknown,0.0,4291,2
720575940623271206,1.2345695842596882,24.21072239456507,central,unknown,0.0,8599,2
720575940623273254,1.4108766408982574,24.344211242328864,central,unknown,0.0,4791,2
720575940623274935,3.2005744132564127,25.16333029783937,sensory,olfactory,0.0,7328,0
720575940623280311,0.33974236776963906,22.9204323095426,central,ALLN,0.0,7902,2
720575940623282175,2.365690684860872,24.861070023645883,central,LHLN,0.0,1972,2
720575940623284009,1.4491954676616985,24.37100855255784,central,unknown,0.0,4900,2
720575940623287228,1.4591655625158035,24.377864739809855,central,ALPN,0.0,8378,2
720575940623288467,1.5956716010093295,24.46729471407673,central,unknown,0.0,5591,2
720575940623289087,2.017067515724364,24.70164473175066,central,LHLN,0.0,5778,2
720575940623289578,1.2387301668474262,24.214086795916273,central,ALLN,0.0,6193,2
720575940623291647,2.0977734349661263,24.74087651318276,central,LHLN,0.0,6634,2
720575940623298253,1.0,24.0,sensory,olfactory,0.0,3328,0
720575940623302669,3.2582665232803487,25.181195312629015,sensory,olfactory,0.0,6045,0
720575940623303108,1.5906203083542823,24.464124071191243,central,ALPN,2.277922127113087e-06,398,1
720575940623307447,0.7362147297997987,23.69376654964065,central,ALPN,0.0,4878,2
720575940623309862,1.2663918877019524,24.236171823769734,central,unknown,0.0,6069,2
720575940623311804,1.0337211126499972,24.03316502273315,central,unknown,0.0,777,2
720575940623315347,1.9435255105923583,24.664503597332747,central,Kenyon_Cell,0.0,1923,2
720575940623317261,1.0,24.0,sensory,olfactory,0.0,2767,0
720575940623318566,0.20552525062537502,22.417813621495167,central,unknown,0.0,2796,2
720575940623319334,1.108584577423801,24.103084046147643,central,unknown,0.0,4802,2
720575940623321226,1.9663147462703436,24.67616110365703,central,Kenyon_Cell,0.0,1942,2
720575940623321638,1.3471917491340841,24.29802224003207,central,unknown,0.0,5582,2
720575940623322697,3.0124989073206168,25.10276993610156,sensory,olfactory,0.0,3887,0
720575940623322921,0.18365297747649903,22.30529270592913,central,unknown,9.740765840067882e-05,25,2
720575940623331210,0.9170785555413435,23.913437855408215,central,Kenyon_Cell,0.0,3361,2
720575940623331475,1.9922089783462553,24.689244062468223,central,Kenyon_Cell,0.0,1542,2
720575940623334837,1.0,24.0,sensory,olfactory,0.0,6007,0
720575940623339495,2.972503436422141,25.089404505653498,sensory,olfactory,0.0,1015,0
720575940623344821,2.0252454188629985,24.70569088771529,central,Kenyon_Cell,0.0,7565,2
720575940623351443,1.2329830958208907,24.209436514291706,central,Kenyon_Cell,0.0,2598,2
720575940623353013,1.2423193660086127,24.2169800889501,central,Kenyon_Cell,0.0,2660,2
720575940623353488,3.002222857111535,25.099352966668935,sensory,olfactory,0.0,7318,0
720575940623356651,0.4749829096331157,23.255523544685463,central,unknown,0.0,6559,2
720575940623358954,3.0310253182668214,25.108900951147614,sensory,olfactory,0.0,761,0
720575940623360440,0.14112579578823292,22.041896382360953,central,unknown,0.0,8098,2
720575940623362380,1.1106528536729043,24.104947998890097,central,ALLN,0.0,6237,2
720575940623366102,0.6960879504476923,23.637720738954588,central,ALIN,0.0,1591,2
720575940623367607,2.945656518745671,25.080331718828102,sensory,olfactory,0.0,7334,0
720575940623368644,1.7901070723636128,24.582275435026613,central,Kenyon_Cell,0.0,5256,2
720575940623368940,1.845056247135192,24.61250976327993,central,Kenyon_Cell,0.0,8139,2
720575940623369668,1.4681700982219932,24.38401679420326,central,Kenyon_Cell,0.0,8394,2
720575940623377555,0.6863968715033147,23.62370071134806,central,Kenyon_Cell,0.0,4374,2
720575940623379091,2.0660357379828533,24.725631668700235,central,Kenyon_Cell,0.0,7695,2
720575940623380556,0.11241232156105622,21.81441827489868,central,unknown,0.0,3839,2
720575940623386762,2.06974555075302,24.72742567738017,central,Kenyon_Cell,0.0,3763,2
720575940623387786,0.3652646927338931,22.99286699735266,central,unknown,7.4164906464147025e-06,280,2
720575940623390186,1.8015676977495323,24.588657229045353,central,Kenyon_Cell,0.0,5726,2
720575940623393038,1.8582184049159183,24.619618181877303,central,Kenyon_Cell,0.0,5676,2
720575940623396093,1.9604567867458027,24.6731775005516,central,Kenyon_Cell,0.0,2035,2
720575940623398397,1.9494991018597456,24.667572468737536,central,Kenyon_Cell,0.0,6632,2
720575940623400445,1.6133147125774234,24.47829089020297,central,Kenyon_Cell,0.0,5124,2
720575940623403900,1.8117886566381285,24.59431456540893,central,unknown,0.0,6920,2
720575940623404484,1.517246200220079,24.416896981344518,central,unknown,0.0,7044,2
720575940623407850,2.0414627874990257,24.71366660359227,central,Kenyon_Cell,0.0,4441,2
720575940623409959,1.9627842761251706,24.674364014260608,central,Kenyon_Cell,0.0,1416,2
720575940623413384,1.0,24.0,sensory,olfactory,0.0,2665,0
720575940623423049,0.5914576791044692,23.47483485344797,central,unknown,0.0,6555,2
720575940623428234,1.1016114114586433,24.09677402736435,central,unknown,0.0,4842,2
720575940623437838,1.8413917435914433,24.610521668094556,central,ALLN,0.0,1033,2
720575940623438571,2.05576603600198,24.720648545398813,central,Kenyon_Cell,0.0,1358,2
720575940623439996,1.0571131046165088,24.055541706477072,central,unknown,0.0,5600,2
720575940623441629,0.17380197991763494,22.250161325715425,central,unknown,0.0,4267,2
720575940623444676,2.096050844401198,24.74005502398958,central,LHLN,0.0,5098,2
720575940623444715,2.3623622993278954,24.859662092688293,central,ALPN,1.4223769561159629e-05,207,1
720575940623447188,3.088191209079601,25.127585550284294,sensory,olfactory,0.0,2808,0
720575940623449015,0.5903728522647151,23.472999011310467,central,unknown,0.0,4156,2
720575940623450308,1.7448409357033894,24.556663397174876,central,unknown,0.0,8593,2
720575940623450564,2.035244554192828,24.710615985724765,central,LHLN,5.032618652924262e-07,521,2
720575940623455239,0.00588968162449317,18.865446663653888,central,unknown,5.2974933188676455e-08,680,2
720575940623457609,3.060435941716618,25.118557370430445,sensory,olfactory,0.0,3109,0
720575940623458262,0.396170768061912,23.074090071797915,central,unknown,0.0,5397,2
720575940623461134,1.6764432431469598,24.51667443198004,central,Kenyon_Cell,0.0,6438,2
720575940623462328,1.7766053225649483,24.57470442127656,central,Kenyon_Cell,0.0,5792,2
720575940623463036,0.15704048892779002,22.148748384377747,central,unknown,0.0,4894,2
720575940623463562,0.9702999559688931,23.969849977670258,central,unknown,0.0,8542,2
720575940623464683,3.058648569382254,25.11797317441813,sensory,olfactory,0.0,1838,0
720575940623465098,1.7737348958082808,24.573087434055314,central,unknown,0.0,890,2
720575940623465909,1.894610951271765,24.63901351469793,central,ALPN,0.0,7140,2
720575940623468228,0.42965359875904763,23.1552240207668,central,unknown,7.946239978301468e-08,657,2
720575940623472201,1.6468395486606575,24.498858026085934,central,Kenyon_Cell,0.0,7799,2
720575940623472264,3.1696983965652654,25.153636440323453,sensory,olfactory,0.0,3679,0
720575940623476661,1.8815076248043308,24.63207338355674,sensory,hygrosensory,0.0,6235,2
720575940623479178,0.7290293153733536,23.68395866535017,central,unknown,0.0,2804,2
720575940623481608,1.0,24.0,sensory,olfactory,0.0,3434,0
720575940623482355,3.125013185461386,25.139438502527106,sensory,olfactory,0.0,1849,0
720575940623486858,0.2258207570559344,22.51198629523975,central,unknown,0.0,3882,2
720575940623489002,0.046122122022546445,20.92353742625675,central,unknown,0.0,5300,2
720575940623491069,2.1715912320858206,24.775460185504546,central,Kenyon_Cell,0.0,2922,2
720575940623496521,3.0493584751089884,25.114931232465757,sensory,olfactory,0.0,2478,0
720575940623503945,3.037203820615531,25.110937296296203,sensory,olfactory,0.0,954,0
720575940623509256,3.1325996368603723,25.14186321473966,sensory,olfactory,0.0,2951,0
720575940623510762,1.9219780633133385,24.65335489701436,central,Kenyon_Cell,0.0,8364,2
720575940623514638,2.0493608488809314,24.717527963502814,central,LHLN,0.0,5133,2
720575940623526985,1.8125742079496696,24.59474804922564,central,ALLN,0.0,6859,1
720575940623528595,0.8509715986542205,23.838623474949962,central,unknown,0.0,6070,2
720575940623528925,2.4840392497932933,24.909885964990394,central,ALPN,3.891008842708285e-05,76,1
720575940623530474,1.9061188054627163,24.64506913564133,central,Kenyon_Cell,0.0,3360,2
720575940623538951,0.9062820896510632,23.90159533582999,central,unknown,0.0,1434,2
720575940623539719,1.5431880916758254,24.433850465936157,central,unknown,0.0,6641,2
720575940623542972,1.9097334469613083,24.646963675754854,central,Kenyon_Cell,0.0,4939,2
720575940623543303,1.293699491566667,24.257505936934503,central,Kenyon_Cell,0.0,7819,2
720575940623543881,1.704107420573479,24.533041466662823,central,ALPN,1.523029329174448e-06,426,1
720575940623546638,1.3319100932918366,24.286614072311487,central,Kenyon_Cell,0.0,4251,2
720575940623547133,1.5362028076161287,24.429313662217886,central,ALPN,9.27061330801838e-08,651,1
720575940623554796,0.014861500023899459,19.791018698947823,central,unknown,0.0,4236,2
720575940623557373,0.22063058721453302,22.4887344728699,central,unknown,0.0,6599,2
720575940623567082,1.6596931124454466,24.5066327132567,central,unknown,0.0,6334,2
720575940623567945,3.016272495074285,25.1040217958901,sensory,olfactory,0.0,1875,0
720575940623568093,0.3156056082018705,22.846738079799604,central,unknown,0.0,6164,2
720575940623572164,2.839019891787005,25.043458884083762,sensory,olfactory,0.0,1177,0
720575940623576141,1.8909656495614313,24.63708762428734,central,ALPN,0.0,3090,2
720575940623576909,2.053818446951868,24.71970071760552,central,Kenyon_Cell,0.0,5184,2
720575940623581930,1.5374971203364318,24.430155847744867,central,unknown,7.231078380254335e-06,285,2
720575940623586999,1.803556797184505,24.589760713621047,central,Kenyon_Cell,0.0,1383,2
720575940623592682,1.6063389932471925,24.473957672482857,central,unknown,2.820915192297021e-06,376,2
720575940623594132,1.309852919928993,24.2699148560464,central,unknown,0.0,1888,2
720575940623594248,3.1325996368603723,25.14186321473966,sensory,olfactory,0.0,3296,0
720575940623594378,0.278976367561554,22.723371795171182,central,unknown,0.0,3939,2
720575940623598058,0.22657957001084056,22.515340906724802,central,unknown,1.2184234633395585e-06,453,2
720575940623603495,1.0,24.0,sensory,olfactory,0.0,3841,0
720575940623605943,0.665968083124147,23.59348646717288,central,ALPN,3.575807990235661e-07,548,2
720575940623607527,3.0307820918836565,25.10882070234826,sensory,olfactory,0.0,2532,0
720575940623610919,3.1016723389416203,25.13194143020733,sensory,olfactory,0.0,2813,0
720575940623613149,0.03506254200092708,20.649378102187463,central,unknown,0.0,753,2
720575940623617973,0.2621466328507386,22.661148735592818,central,ALPN,1.3243733297169112e-08,714,2
720575940623619805,0.037495806623311714,20.716473824363174,visual_projection,unknown,0.0,4245,2
720575940623623687,1.0,24.0,sensory,olfactory,0.0,3359,0
720575940623628509,0.18125142384129733,22.292129870397915,central,unknown,0.0,7393,2
720575940623629292,0.1860925897170967,22.318489065050585,sensory,gustatory,0.0,3385,2
720575940623636701,2.4791543449092357,24.907917512070643,central,ALLN,0.0002364006393544,12,1
720575940623636957,0.6799736544866367,23.614298775035465,central,LHCENT,1.0065237305848524e-06,467,2
720575940623638967,3.2108682715944714,25.1665413901595,sensory,olfactory,0.0,2272,0
720575940623646537,3.1215016247951413,25.13831417603695,sensory,olfactory,0.0,1276,0
720575940623650055,0.06707084829521355,21.297994218957882,central,unknown,0.0,8589,2
720575940623650823,1.7892029341381548,24.58177023249146,central,ALLN,2.330897060301764e-06,393,1
720575940623688119,0.024393904048416758,20.286577988022007,central,unknown,0.0,6785,2
720575940623697552,0.3185986063752789,22.856176744269803,central,unknown,0.0,7131,2
720575940623706867,3.060435941716618,25.118557370430445,sensory,olfactory,0.0,3046,0
720575940623707575,1.4091569466884273,24.34299161542047,central,ALPN,1.0277137038603232e-05,236,1
720575940623707656,1.7394897539932468,24.553591825390296,central,Kenyon_Cell,0.0,7608,2
720575940623707831,2.30028238059343,24.83303188957003,central,LHLN,3.046058658348896e-07,559,2
720575940623708135,3.060435941716618,25.118557370430445,sensory,olfactory,0.0,3008,0
720575940623721703,3.0504810260381645,25.115299291638998,sensory,olfactory,0.0,985,0
720575940623728647,1.0183995450841288,24.01823232156431,central,unknown,0.0,3282,2
720575940623729907,2.9718749948534726,25.089193065019874,sensory,olfactory,0.0,8619,0
720575940623735310,1.5948402418568333,24.46677356937503,central,Kenyon_Cell,0.0,1440,2
720575940623735482,0.3760669696895734,23.022011959424425,central,unknown,0.0,4125,2
720575940623739076,1.4547885902614421,24.374860591277177,central,ALPN,1.4965418625801096e-06,430,1
720575940623742956,0.6889977348838677,23.62748270448456,central,unknown,0.0,5057,2
720575940623747086,1.0,24.0,sensory,olfactory,0.0,3619,0
720575940623748789,0.08362540146915773,21.51859204028173,central,unknown,0.0,8097,2
720575940623750852,1.0,24.0,sensory,olfactory,0.0,3219,0
720575940623756215,1.18748552389565,24.171838066448693,central,Kenyon_Cell,0.0,2608,2
720575940623764007,0.04695146142164978,20.941359053379383,central,unknown,0.0,6085,2
720575940623764967,0.02477180763604555,20.301950938685096,central,unknown,0.0,5477,2
720575940623771580,3.1238104961312247,25.13905356948809,sensory,olfactory,0.0,1587,0
720575940623781127,0.04244184970118043,20.84037961772484,descending,unknown,1.3243733297169112e-08,709,2
720575940623781611,0.02520873534171687,20.31943529601361,descending,unknown,0.0,6835,2
720575940623781965,2.0793889721720973,24.732074087177512,central,Kenyon_Cell,0.0,5788,2
720575940623784428,0.9970931763596088,23.997088943342693,central,unknown,0.0,6703,2
720575940623787445,3.111153418382509,25.13499353151233,sensory,olfactory,0.0,1763,0
720575940623788040,1.919493330562068,24.652061260882252,central,ALLN,3.973119989150733e-08,681,1
720575940623791799,1.0870017620076544,24.083423229119962,central,unknown,0.0,4794,2
720575940623792648,1.9046845944847568,24.6443164276713,central,ALLN,0.0,6208,2
720575940623793741,1.9442380715235204,24.664870163315523,sensory,thermosensory,0.0,7558,2
720575940623797321,1.0,24.0,sensory,olfactory,0.0,1876,0
720575940623799335,3.011521503677654,25.1024454339967,sensory,olfactory,0.0,2464,0
720575940623801276,3.1039532321759795,25.13267653525385,sensory,olfactory,0.0,2106,0
720575940623820787,0.07151989726536691,21.36222041543588,central,unknown,0.0,5744,2
720575940623824106,1.1292767737914262,24.121577404628542,central,ALON,0.0,835,1
720575940623825405,0.9009128604306313,23.895653259665647,central,unknown,0.0,4833,2
720575940623828999,0.6127004098688683,23.510120809704475,central,unknown,0.0,5501,2
720575940623831054,2.927647593925956,25.074199231589823,sensory,olfactory,0.0,1843,0
720575940623847728,0.17398719174022306,22.25122640683462,central,unknown,0.0,7117,2
720575940623851015,1.0,24.0,sensory,olfactory,0.0,3162,0
720575940623854311,3.3250192456242993,25.20147546224875,sensory,olfactory,0.0,3297,0
720575940623862015,0.29175223998901034,22.768149669923726,central,unknown,0.0001191406247413,20,2
720575940623865597,3.1325996368603723,25.14186321473966,sensory,olfactory,0.0,3833,0
720575940623867911,1.5162041338507009,24.416209931091107,central,unknown,1.5760042623631243e-06,425,2
720575940623870389,1.0,24.0,sensory,olfactory,0.0,2881,0
720575940623871723,1.9932313420127312,24.689757111771048,central,LHLN,0.0,7684,2
720575940623871928,1.5828430543899157,24.45922263156802,central,unknown,0.0,4218,2
720575940623872263,1.84955535724227,24.61494526276555,central,ALPN,0.0,4056,2
720575940623875819,1.8775558332367415,24.62997084228948,central,ALPN,2.712316579260234e-05,116,1
720575940623878327,1.2392354547410085,24.21449462070301,central,Kenyon_Cell,0.0,2632,2
720575940623878891,0.10640841834831838,21.759529414610622,central,unknown,0.0,7723,2
720575940623880427,1.8252490325303188,24.601716433906155,central,unknown,0.0,3712,2
720575940623881801,1.5472447643750937,24.436475777805526,central,Kenyon_Cell,0.0,3615,2
720575940623889421,0.11056600722127474,21.797857414051705,central,LHCENT,0.0,1418,2
720575940623897613,2.3303588055712106,24.846022249529167,central,ALPN,0.0,6289,2
720575940623901447,1.7520242985198056,24.56077186143618,central,LHLN,0.0,5772,2
720575940623901695,1.675182835223237,24.515922314677173,central,ALLN,1.3243733297169112e-08,703,1
720575940623902471,2.278193683589933,24.82338288493569,central,ALPN,1.1561779168428637e-05,226,1
720575940623902727,2.014723604354546,24.700482016935297,central,unknown,0.0,8412,2
720575940623904181,1.6287581704538436,24.487817865839634,central,Kenyon_Cell,0.0,7469,2
720575940623913364,1.928918482984441,24.656959474339345,central,ALPN,6.092117316697791e-07,503,2
720575940623914954,1.7887381838605783,24.581510446058502,central,Kenyon_Cell,0.0,3867,2
720575940623916071,0.6055618513182299,23.498401427957194,central,ALPN,0.0,6210,2
720575940623919287,0.26785513371705627,22.682691009549274,central,unknown,0.0,5292,2
720575940623922869,2.6214769905225412,24.96373789577375,central,ALPN,0.0,5368,2
720575940623925577,1.0311609655928784,24.03068531854477,central,unknown,0.0,5952,2
720575940623927444,1.3883024822817247,24.328081765057977,central,Kenyon_Cell,0.0,7274,2
720575940623927956,2.82412389935644,25.03819819237836,sensory,olfactory,0.0,8064,0
720575940623928163,1.4776918562517691,24.390481313815133,central,unknown,0.0,6486,2
720575940623930211,2.3099390526361394,24.837221140045436,central,ALLN,0.0,3927,2
720575940623938599,0.49184907480636963,23.29041663192651,central,unknown,0.0,8452,3
720575940623942119,3.123324185629347,25.138897878750615,sensory,olfactory,0.0,1848,0
720575940623943404,0.15831849713681312,22.15685352970025,central,unknown,0.0,3855,2
720575940623943914,2.9956335515762142,25.097155745616178,sensory,olfactory,0.0,7332,0
720575940623945404,2.3705979191866455,24.863142209904776,central,ALPN,7.919752511707129e-06,270,1
720575940623953845,1.5133020123676713,24.414294026497622,central,unknown,0.0,7970,2
720575940623955637,1.7160614210128176,24.540031793556224,central,ALLN,0.0,6187,1
720575940623956682,0.14604896509487564,22.076186663861947,central,unknown,0.0,3143,2
720575940623962516,1.7575722201607065,24.56393343641073,central,Kenyon_Cell,0.0,7762,2
720575940623964820,1.4730492236158117,24.387334554176604,central,Kenyon_Cell,0.0,4452,2
720575940623965513,1.2207278812871114,24.19944730484165,central,Kenyon_Cell,0.0,3713,2
720575940623969684,2.0943300273671595,24.739233706222326,central,Kenyon_Cell,0.0,5198,2
720575940623969717,1.7382523571446866,24.552880216040762,central,LHLN,0.0,5747,2
720575940623971819,1.3612102367409977,24.308374183996147,central,Kenyon_Cell,0.0,8182,2
720575940623971848,3.0256101868782714,25.10711278581164,sensory,olfactory,0.0,1790,0
720575940623972533,1.1770679203932422,24.163026532979583,central,unknown,0.0,5630,2
720575940623972756,1.7747807186006275,24.573676876479283,central,Kenyon_Cell,0.0,4945,2
720575940623973356,1.0,24.0,sensory,olfactory,0.0,3478,0
720575940623976521,1.8122837146498503,24.594587770777963,central,Kenyon_Cell,0.0,5831,2
720575940623981576,2.879358065967884,25.057567375542195,sensory,olfactory,0.0,2486,0
720575940623983859,0.25411750057972765,22.63004148177727,central,unknown,7.678716565698651e-05,36,2
720575940623984567,1.8497779603185194,24.615065610437632,central,unknown,0.0,7089,2
720575940623986364,0.11265334999420473,21.816560125529445,central,ALPN,0.0,3374,2
720575940623986469,1.0741618977510672,24.0715407275111,central,Kenyon_Cell,0.0,8291,2
720575940623986634,0.03626159446069454,20.68300389836991,central,unknown,0.0,4081,2
720575940623991956,0.040956417730719445,20.804753240178357,central,unknown,0.0,6385,2
720575940623994701,1.7779108146761478,24.575438975359027,central,Kenyon_Cell,0.0,1087,2
720575940623998563,0.5211558585733237,23.34829387076588,central,unknown,0.0,4651,2
720575940624001321,2.4443094490001225,24.893762649088078,central,ALPN,3.774463989693197e-06,349,1
720575940624006477,1.9660849530887585,24.67604423192505,central,Kenyon_Cell,0.0,7005,2
720575940624012692,0.17390975180559956,22.250781217893817,central,ALLN,0.0,3437,2
720575940624013309,1.826742623431995,24.6025343935981,central,Kenyon_Cell,0.0,7039,2
720575940624014483,0.7712188554069181,23.740216913453747,central,ALIN,1.3243733297169112e-08,715,2
720575940624017812,1.1507929402822208,24.140451218058974,central,unknown,0.0,7007,2
720575940624019893,1.6142618747545012,24.47887780870274,central,LHLN,0.0,6477,2
720575940624021483,1.5430452769877303,24.433757916429276,central,Kenyon_Cell,0.0,4591,2
720575940624023539,0.19429355700318032,22.361614916806058,central,unknown,0.0,5562,2
720575940624030478,3.1678764280288823,25.1530614668874,sensory,olfactory,0.0,1622,0
720575940624030734,3.1823774281592465,25.157628536382276,sensory,olfactory,0.0,2173,0
720575940624036339,1.8312178111005264,24.604981216072726,central,Kenyon_Cell,0.0,1443,2
720575940624037052,3.1460800228430608,25.14615724068991,sensory,olfactory,0.0,2503,0
720575940624039560,1.2546918118424473,24.226889974173897,central,ALPN,0.0,3930,1
720575940624041447,1.916099831554452,24.650291782342887,central,Kenyon_Cell,0.0,2223,2
720575940624041545,1.9394857514629062,24.66242286137072,central,Kenyon_Cell,0.0,4033,2
720575940624042677,1.782454098714844,24.577991121903132,central,unknown,0.0,8443,2
720575940624043107,1.6581663172111925,24.505712363631044,central,unknown,0.0,1036,2
720575940624043784,1.5643754331276725,24.44748666007333,central,LHLN,0.0,6890,2
720575940624044873,1.8457096332887877,24.612863828631998,central,Kenyon_Cell,0.0,4213,2
720575940624045155,3.067771309121766,25.120951340023247,sensory,olfactory,0.0,7346,0
720575940624046153,1.5025023252812921,24.407131935034208,central,Kenyon_Cell,0.0,7277,2
720575940624049661,1.7399686331958515,24.553867086165017,central,Kenyon_Cell,0.0,5833,2
720575940624054280,0.9347891922277132,23.932565762027917,central,unknown,0.0,8105,2
720575940624054792,0.06422280377800145,21.254603067679827,central,unknown,0.0,3686,2
720575940624057853,2.1404690721227393,24.761024997595296,central,ALPN,4.27905022831534e-05,66,1
720575940624061116,1.0,24.0,sensory,olfactory,0.0,1136,0
720575940624062612,3.0178767694388844,25.104553527649482,sensory,olfactory,0.0,2262,0
720575940624066279,1.0,24.0,sensory,olfactory,0.0,2911,0
720575940624069012,1.172960808573084,24.159531157837026,central,ALLN,0.0,6865,2
720575940624079821,2.872880313684916,25.05531512012658,central,ALLN,0.0,6039,1
720575940624084429,1.7005472019501437,24.530950082768875,central,ALLN,0.0,1290,1
720575940624085739,1.6162244828906742,24.480092863131304,central,Kenyon_Cell,0.0,4224,2
720575940624086251,1.3605996797559796,24.30792554355909,central,Kenyon_Cell,0.0,8217,2
720575940624091061,1.0,24.0,sensory,olfactory,0.0,6813,0
720575940624095246,3.152685419873388,25.14825460389919,sensory,olfactory,0.0,3862,0
720575940624095496,0.7311248150983092,23.686828911880777,central,unknown,0.0,4782,2
720575940624096708,3.0920295352174434,25.128827682819736,sensory,olfactory,0.0,2109,0
720575940624100075,0.6039971920373906,23.495814269997155,central,unknown,0.0,7854,2
720575940624100681,1.619571608978728,24.48216167537214,central,unknown,0.0,5974,2
720575940624104265,1.4280893096467586,24.356337403731178,central,unknown,0.0,4980,2
720575940624106442,1.6717204914088641,24.513853330478003,central,ALPN,9.667925306933452e-07,472,1
720575940624107081,1.6556009350349428,24.504164045663327,central,unknown,0.0,8011,2
720575940624108361,1.7077294262321652,24.53516466726237,central,unknown,1.4568106626886024e-07,609,2
720575940624113866,0.31787035017110615,22.853888316799775,central,unknown,0.0,8522,2
720575940624120649,0.07858894503767638,21.456475762185494,central,unknown,0.0,8142,2
720575940624121358,3.0550472204329253,25.11679504927429,sensory,olfactory,0.0,1264,0
720575940624126768,0.12510133183538275,21.921368784600187,central,unknown,0.0,3933,2
720575940624130253,0.08733087152133404,21.561948747026527,central,unknown,0.0,8515,2
720575940624133925,0.7604138905638456,23.726107598908538,central,unknown,0.0,3529,2
720575940624140424,0.05429330616943562,21.086645665394418,visual_projection,unknown,0.0,5478,2
720575940624144107,1.9248209865222148,24.654832969401102,central,Kenyon_Cell,0.0,7292,2
720575940624147600,1.0,24.0,sensory,olfactory,0.0,3301,0
720575940624149256,1.3856344881467026,24.32615814892238,central,Kenyon_Cell,0.0,2682,2
720575940624152051,0.03175933343547718,20.55043136962861,central,unknown,0.0,8642,2
720575940624154648,0.14397851002379497,22.061908773511202,central,unknown,0.0,6825,2
720575940624155672,0.3624519549606899,22.985136648489174,central,unknown,0.0,6572,2
720575940624157675,1.6980029064394946,24.52945279957173,central,Kenyon_Cell,0.0,1913,2
720575940624158352,1.802450406905869,24.589147076292704,central,Kenyon_Cell,0.0,1612,2
720575940624166141,2.1150251048109396,24.749066682314762,central,LHLN,0.0,6342,2
720575940624166680,1.5579373798963787,24.443362754019745,central,unknown,0.0,6878,2
720575940624167165,1.6251111453889628,24.48557621060516,central,unknown,0.0,5084,2
720575940624174323,1.1670247612478266,24.154457570943784,central,unknown,0.0,3058,2
720575940624175565,2.2695967285969116,24.81960216311074,central,ALPN,0.0,819,1
720575940624176381,0.24909267611737698,22.610069741478327,central,unknown,0.0,7835,2
720575940624180479,1.834594409074823,24.606823426598762,central,ALLN,0.0,1563,1
720575940624180668,1.0,24.0,sensory,olfactory,0.0,3348,0
720575940624184905,1.6975799904069904,24.52920370181883,central,unknown,0.0,4580,2
720575940624186185,0.7365840443872465,23.694268063631103,central,unknown,0.0,6412,2
720575940624187133,1.9217818979643448,24.653252827503703,central,LHLN,0.0,6310,2
720575940624191181,0.5243934853466711,23.354487049768974,central,unknown,0.0,5436,2
720575940624195559,1.2651535363787105,24.235193487445812,central,Kenyon_Cell,0.0,4616,2
720575940624200974,2.565679287330716,24.942223272930327,central,ALPN,0.0,7932,1
720575940624201033,0.1282961227423576,21.946585771936185,central,ALIN,0.0,6087,2
720575940624205353,1.213926912479945,24.19386048693696,central,unknown,0.0,4801,2
720575940624206121,0.14841181709731957,22.092235678616685,central,unknown,0.0,5241,2
720575940624206472,0.5299990131978818,23.36511986567151,central,ALIN,1.1985578633938046e-05,222,2
720575940624210407,3.2171552747666032,25.16849751403849,sensory,olfactory,0.0,3463,0
720575940624211640,1.0,24.0,sensory,olfactory,0.0,3144,0
720575940624221773,0.1553087554927998,22.137659827515073,central,unknown,0.0,6979,2
720575940624223888,3.112130939341205,25.135307681054773,sensory,olfactory,0.0,1614,0
720575940624224526,2.0341192725931787,24.710062935333486,central,Kenyon_Cell,0.0,810,2
720575940624227509,2.9640238225187274,25.086547744688563,sensory,olfactory,0.0,3986,0
720575940624227917,0.8956848121199383,23.889833299918873,central,unknown,0.0,4584,2
720575940624235448,2.0937587548792864,24.738960898017382,central,Kenyon_Cell,0.0,7041,2
720575940624243388,1.7443759278706796,24.556396857229874,central,Kenyon_Cell,0.0,4120,2
720575940624243982,1.548385348712995,24.437212677465915,central,Kenyon_Cell,0.0,3413,2
720575940624245436,0.0686267995171376,21.320927842975706,central,unknown,0.0,934,2
720575940624247787,0.6900658541382301,23.62903175483503,central,unknown,0.0,7955,2
720575940624250160,1.946655731378147,24.666112890713514,central,Kenyon_Cell,0.0,6624,2
720575940624264340,2.8121953761299316,25.03396545095515,sensory,olfactory,0.0,1504,0
720575940624264462,1.7915607737577668,24.583087180580044,central,Kenyon_Cell,0.0,3759,2
720575940624265998,1.9691996331468573,24.67762718260637,central,Kenyon_Cell,0.0,4227,2
720575940624274249,0.018549331993655663,20.012678498299206,central,unknown,0.0,6352,2
720575940624274685,0.029707604590782664,20.48364778087982,central,unknown,0.0,778,2
720575940624275262,1.0895540862543336,24.08576851735928,central,unknown,0.0,3023,2
720575940624276784,2.0744239385478074,24.729683495162142,central,Kenyon_Cell,0.0,6996,2
720575940624288520,2.0036226157290034,24.69495684998454,central,Kenyon_Cell,0.0,5091,2
720575940624290539,2.086260379414525,24.73537317113529,central,Kenyon_Cell,0.0,1359,2
720575940624290855,1.9034049773627846,24.643644375637862,central,Kenyon_Cell,0.0,7678,2
720575940624291728,1.1070415421419788,24.101691179799243,central,Kenyon_Cell,0.0,3825,2
720575940624292843,1.7537052500479682,24.561730835386506,central,unknown,0.0,6174,2
720575940624294800,1.4105396344905314,24.343972350668484,central,unknown,0.0,1643,2
720575940624296376,1.3794729580350027,24.32170151175382,central,Kenyon_Cell,0.0,2880,2
720575940624300984,1.8405075251765934,24.61004136248742,central,Kenyon_Cell,0.0,1445,2
720575940624302008,1.9747473353716423,24.68044045871176,central,Kenyon_Cell,0.0,3012,2
720575940624302520,2.1380241380779865,24.759882102566245,central,Kenyon_Cell,0.0,5180,2
720575940624304432,3.0415740536852596,25.112375162233416,sensory,olfactory,0.0,2304,0
720575940624305642,0.7750392231287383,23.745158359579236,central,unknown,0.0,4421,2
720575940624308203,1.5364874060409384,24.42949890603085,central,unknown,0.0,1099,2
720575940624309739,1.4897657885828455,24.39861891873133,central,LHLN,0.0,5942,2
720575940624310857,0.02532456036221943,20.32401941116854,central,unknown,0.0,1604,2
720575940624311787,1.6647660590671054,24.509684608495846,central,LHLN,0.0,6870,2
720575940624323342,1.2733696632170965,24.24166666486569,central,ALLN,0.0,3883,2
720575940624328200,1.5528317596714547,24.44008020582647,central,LHLN,0.0,4957,2
720575940624330248,1.83112045686207,24.60492805100093,central,unknown,0.0,3756,2
720575940624330281,1.8969127934752337,24.640227719139855,central,ALLN,9.151419708343856e-06,251,1
720575940624331272,1.9010878944757423,24.642426298353143,central,unknown,0.0,1916,2
720575940624335367,0.6526427197813028,23.57327456393149,central,unknown,0.0,6588,2
720575940624335851,1.6367482062455418,24.492711472413944,central,unknown,0.0,5006,2
720575940624336647,0.02538256114926302,20.32630709031932,central,unknown,0.0,5470,2
720575940624338068,0.092808147718708,21.622779155648914,central,unknown,0.0,5541,2
720575940624344072,0.6154000950692804,23.51451733838951,central,unknown,0.0,4901,2
720575940624344328,1.3428925217847651,24.294825885883526,central,unknown,0.0,5931,2
720575940624345136,0.47612422787356706,23.257923524126824,central,unknown,0.0,4757,2
720575940624348168,1.0065913242230695,24.006569696430738,central,unknown,0.0,2414,2
720575940624349192,1.583816759933478,24.459837604840395,central,unknown,0.0,7105,2
720575940624349448,1.548914914727507,24.43755463076371,central,unknown,0.0,7520,2
720575940624351273,1.1554755667253664,24.14451200531217,central,LHCENT,0.0,5935,2
720575940624357896,2.3611852338385173,24.85916371069659,central,LHLN,0.0,4425,2
720575940624358152,0.02845832792682223,20.440685560260796,central,unknown,0.0,6200,2
720575940624359432,1.167389019333827,24.15476964765614,central,unknown,7.880021311815621e-06,272,2
720575940624359828,0.7603419264840591,23.72601295639061,central,unknown,0.0,4187,2
720575940624361230,1.8278125951787383,24.60311994872769,central,ALLN,0.0,1479,2
720575940624365500,3.1348895036829925,25.142593927429594,sensory,olfactory,0.0,1509,0
720575940624366323,2.9679500000090715,25.087871478805102,sensory,olfactory,0.0,7431,0
720575940624366835,3.007062086411435,25.1009635510867,sensory,olfactory,0.0,4258,0
720575940624369968,3.135172459757186,25.142684183658652,sensory,olfactory,0.0,1737,0
720575940624382727,1.0,24.0,sensory,olfactory,0.0,3275,0
720575940624384007,1.0,24.0,sensory,olfactory,0.0,3261,0
720575940624390477,1.0,24.0,sensory,olfactory,0.0,4523,0
720575940624402204,0.052556335703666184,21.054130376319208,central,unknown,0.0,2897,2
720575940624405228,1.9863366628491097,24.68629206930733,central,Kenyon_Cell,0.0,2998,2
720575940624405235,1.6939748566694912,24.527077753539718,central,unknown,0.0,4848,2
720575940624406408,1.4528416774378579,24.373521416117132,central,unknown,0.0,2055,2
720575940624409444,0.5979955216470203,23.48582798605587,central,unknown,0.0,6162,2
720575940624413642,0.18661186353884746,22.321275584788754,central,unknown,0.0,1997,2
720575940624421148,1.1871854322004107,24.171585322635014,central,Kenyon_Cell,0.0,1426,2
720575940624422643,1.8167361285218215,24.59704155515964,central,ALLN,0.0,888,2
720575940624425715,0.19888768538915663,22.384984991382165,central,unknown,2.6487466594338224e-08,691,2
720575940624428019,1.6036097812728303,24.472257201339097,central,Kenyon_Cell,0.0,1377,2
720575940624431288,0.040808739643957564,20.801140986448686,ascending,AN,0.0,1674,2
720575940624435128,1.7984926079220789,24.586948874010027,central,ALLN,0.0,6209,1
720575940624440260,0.08238996342949291,21.50370834747456,central,unknown,0.0,3721,2
720575940624442000,3.179149702296133,25.156613771822162,sensory,olfactory,0.0,1777,0
720575940624449318,0.355779753371637,22.96655659011006,central,unknown,0.0,5991,2
720575940624450035,0.19950151854489623,22.388066569072677,central,unknown,0.0,5384,2
720575940624450342,1.8241238993564401,24.601099816623936,central,ALLN,0.0,6333,1
720575940624456947,0.3299689847972537,22.89124338559861,central,unknown,0.0,7219,2
720575940624462228,1.7226849044726942,24.543884064717854,central,Kenyon_Cell,0.0,5277,2
720575940624462850,0.1650194434097038,22.19830802682268,central,unknown,0.0,8269,2
720575940624467812,2.0357561377928297,24.71086731636379,central,Kenyon_Cell,0.0,4299,2
720575940624470247,0.18456142219814892,22.31022704073874,central,unknown,0.0,2433,2
720575940624473444,2.069818520682752,24.727460932266183,central,Kenyon_Cell,0.0,1093,2
720575940624473575,0.36051002485898076,22.979764485564218,central,unknown,0.0,1856,2
720575940624473918,0.14117841677888315,22.042269178719753,central,unknown,0.0,8273,2
720575940624482452,1.810340486119816,24.59351494146489,central,Kenyon_Cell,0.0,5853,2
720575940624483376,1.2949986093903645,24.25850962132109,central,unknown,0.0,8506,2
720575940624484866,0.022147468423076733,20.189967918565248,central,unknown,0.0,2323,2
720575940624487975,1.9098641470668332,24.64703211233874,central,ALPN,0.0,5138,2
720575940624491402,3.05982025553485,25.118356174217737,sensory,olfactory,0.0,2197,0
720575940624500519,3.154253085008205,25.148751727873332,sensory,olfactory,0.0,1297,0
720575940624508341,3.3843615930397952,25.219165289770686,sensory,olfactory,0.0,3134,0
720575940624514535,1.963791624137822,24.674877106614016,central,Kenyon_Cell,0.0,1114,2
720575940624514599,1.8444335424986054,24.612172207315282,central,unknown,0.0,4877,2
720575940624515571,2.4828264171014776,24.90939759554485,central,ALPN,3.668514123315844e-06,351,1
720575940624520999,1.9969519340626964,24.69162198507175,central,LHLN,0.0,2033,2
720575940624521022,2.15971837081285,24.769977829312417,central,Kenyon_Cell,0.0,3844,2
720575940624527091,1.4637582107130132,24.38100724528247,central,Kenyon_Cell,0.0,1197,2
720575940624527340,1.9726168742149395,24.679361023802567,central,Kenyon_Cell,0.0,7003,2
720575940624528314,2.035798389536623,24.71088807096428,central,Kenyon_Cell,0.0,1454,2
720575940624532979,1.3746343475134664,24.31818776667201,central,Kenyon_Cell,0.0,4275,2
720575940624537284,0.043175524943352875,20.857518503479362,descending,unknown,0.0,6756,2
720575940624538599,0.016910184080293128,19.920160769752787,central,unknown,5.165055985895954e-07,516,2
720575940624540967,1.1925314828136209,24.17607834411415,central,unknown,0.0,8484,2
720575940624544748,0.491575875919598,23.289861024925493,central,unknown,0.0,5668,2
720575940624547622,0.929948996922135,23.927374463642078,central,MBIN,7.416490646414702e-07,490,2
720575940624549646,1.5363383348447859,24.429401880550827,central,Kenyon_Cell,0.0,6801,2
720575940624549820,1.2998257610376398,24.262230225513626,central,ALLN,0.0,6812,2
720575940624555815,1.3499739311622778,24.30008528201373,central,unknown,0.0,3747,2
720575940624555838,3.0874874753951738,25.127357645393698,sensory,olfactory,0.0,2174,0
720575940624563075,1.415951625216253,24.347801831705087,central,Kenyon_Cell,0.0,3819,2
720575940624565788,1.578588514751003,24.456531102674035,central,Kenyon_Cell,0.0,8375,2
720575940624570917,1.9531694650564173,24.669453419792372,central,Kenyon_Cell,0.0,1401,2
720575940624574356,0.37537028464043315,23.02015768551201,central,unknown,0.0,2018,2
720575940624577613,1.853753100083703,24.617212286799667,central,Kenyon_Cell,0.0,2906,2
720575940624589548,1.648860357803377,24.500084357034336,central,Kenyon_Cell,0.0,4714,2
720575940624592217,0.032298647089543074,20.56727006459658,central,unknown,0.0,827,2
720575940624595132,3.0532251765538914,25.116198466864518,sensory,olfactory,0.0,1773,0
720575940624597228,1.7643697277444061,24.567793531849368,central,Kenyon_Cell,0.0,1477,2
720575940624597788,1.3962740655097117,24.3338073070699,central,Kenyon_Cell,0.0,2690,2
720575940624598460,3.060435941716618,25.118557370430445,sensory,olfactory,0.0,3562,0
720575940624599444,1.8436006066132786,24.611720510901524,central,Kenyon_Cell,0.0,5376,2
720575940624599700,0.8023139951132786,23.779744767366175,central,unknown,0.0,7651,2
720575940624601236,1.0228982724621474,24.022640041616505,central,Kenyon_Cell,0.0,2648,2
720575940624602701,1.5002433696260673,24.405627341365015,central,unknown,0.0,6418,2
720575940624609101,1.8975099095639467,24.640542452705603,central,Kenyon_Cell,0.0,4924,2
720575940624611992,1.5378070451409673,24.430357404917043,central,unknown,0.0,7524,2
720575940624620952,1.6092673004471463,24.475778982520204,central,ALPN,0.0,1601,2
720575940624631788,0.7835674553827408,23.75610187404447,central,unknown,0.0,5320,2
720575940624632980,0.2528998697713235,22.625238359752263,central,unknown,0.0,7774,2
720575940624637884,1.9760341746628147,24.681091894045966,central,Kenyon_Cell,0.0,905,2
720575940624641680,3.0450319179907517,25.113511383205694,sensory,olfactory,0.0,3487,0
720575940624642452,1.7872830773008281,24.58069663286569,central,unknown,0.0,7392,2
720575940624649964,1.6412940081342238,24.49548496006623,central,unknown,0.0,8278,2
720575940624651507,2.080955357453167,24.732827094732166,central,Kenyon_Cell,0.0,4121,2
720575940624651704,0.6793658475576279,23.613404506946292,central,unknown,0.0,3719,2
720575940624654228,1.922910023897446,24.653839676067076,central,unknown,0.0,8293,2
720575940624660313,0.7958360973084919,23.7716379777564,central,Kenyon_Cell,0.0,2643,2
720575940624660825,0.10493561336214093,21.745591677012797,central,unknown,0.0,1996,2
720575940624661552,2.416237712284966,24.882211666078934,central,ALPN,1.1535291701834297e-05,227,1
720575940624662798,1.0173752359201427,24.017226012556076,central,unknown,0.0,5262,2
720575940624663427,1.4360247633916314,24.36187871517904,central,Kenyon_Cell,0.0,3013,2
720575940624663532,1.3554950517934137,24.30416673948398,central,unknown,0.0,8100,2
720575940624663788,1.2534100315063792,24.22586786221217,central,unknown,0.0,8300,2
720575940624664556,0.5474399480195937,23.397497492710315,central,unknown,0.0,8688,2
720575940624665068,1.6751836635593518,24.5159228091521,central,LHLN,0.0,5925,2
720575940624666604,1.9205791592759065,24.652626786010046,central,LHLN,0.0,6645,2
720575940624668908,1.6498706286955813,24.500696877987348,central,unknown,0.0,4983,2
720575940624671490,1.0,24.0,sensory,olfactory,0.0,3324,0
720575940624673936,1.9516439370428276,24.66867206205047,sensory,hygrosensory,0.0,7333,2
720575940624677303,0.15220909755458353,22.117499938342277,visual_projection,unknown,1.0992298636650365e-06,460,2
720575940624677709,1.3381865105556092,24.291315347025538,central,LHCENT,0.0,5141,2
720575940624680172,1.5891894714804615,24.463224119892605,central,LHLN,2.291165860410256e-06,395,2
720575940624681520,0.32999611143529994,22.891325591879568,central,unknown,0.0,8514,2
720575940624682426,1.8549680329961438,24.617867463024734,central,Kenyon_Cell,0.0,2010,2
720575940624689336,3.0990828574496208,25.13110621528253,sensory,olfactory,0.0,1255,0
720575940624693432,1.2288477057182454,24.20607690567057,central,unknown,0.0,7808,2
720575940624694078,1.0,24.0,sensory,olfactory,0.0,3429,0
720575940624694601,0.13490881924052164,21.99684385822898,central,unknown,3.8406826561790427e-07,542,2
720575940624694798,0.8896636527087411,23.883088194010146,central,unknown,0.0,5954,2
720575940624695335,1.3167966870475893,24.27520203502589,central,Kenyon_Cell,0.0,1535,2
720575940624695566,0.7272077131258189,23.681456870433543,central,unknown,0.0,7540,2
720575940624695629,2.308339403311331,24.83652839299519,central,ALPN,0.0,7184,2
720575940624699918,1.3818880673687057,24.323450728844442,central,Kenyon_Cell,0.0,6514,2
720575940624699981,1.7256703896850656,24.545615606687072,central,Kenyon_Cell,0.0,6428,2
720575940624701513,0.42845111414707837,23.15242136654291,central,unknown,0.0,6778,2
720575940624702541,1.0,24.0,sensory,olfactory,0.0,3148,0
720575940624704514,0.22463829483735698,22.506736251180833,central,unknown,0.0,4239,2
720575940624709925,1.6463473183659163,24.49855908750863,central,Kenyon_Cell,0.0,1966,2
720575940624710122,0.6577913023467101,23.581132432348387,central,unknown,0.0,4781,2
720575940624711655,1.7641672371555104,24.56767875873454,central,Kenyon_Cell,0.0,775,2
720575940624712206,0.27687789628848997,22.71582132239818,central,unknown,1.4832981292829405e-06,435,2
720575940624713660,1.6361000247330497,24.492315376123972,central,Kenyon_Cell,0.0,6811,2
720575940624716581,1.8768765040041324,24.62960896108934,central,Kenyon_Cell,0.0,3931,2
720575940624716746,3.0327640528455766,25.109474432355487,sensory,olfactory,0.0,2144,0
720575940624733671,1.6157943478146986,24.479826691985004,central,unknown,0.0,7071,2
720575940624736400,1.0,24.0,sensory,olfactory,0.0,3244,0
720575940624737464,2.0005132890408195,24.693403792152782,central,Kenyon_Cell,0.0,6902,2
720575940624738232,1.790104711507046,24.582274116190348,central,Kenyon_Cell,0.0,4656,2
720575940624739728,3.1006207750024397,25.131602341444534,sensory,olfactory,0.0,2275,0
720575940624740878,2.08982479511754,24.73708023237548,central,Kenyon_Cell,0.0,3813,2
720575940624745203,0.3983528665034137,23.079582932760143,central,unknown,0.0,8138,2
720575940624746510,0.17988243916206875,22.28454824276878,central,unknown,0.0,5431,2
720575940624749258,1.6886719094646834,24.523942367603368,central,Kenyon_Cell,0.0,1128,2
720575940624758771,1.8326397835196284,24.60575743209847,central,LHLN,0.0,1696,2
720575940624761331,1.3763876088110674,24.319462392293186,central,unknown,0.0,780,2
720575940624763123,0.4628824533500811,23.229717862417612,central,unknown,0.0,8636,2
720575940624763850,2.1113367538170373,24.747321279505616,central,Kenyon_Cell,0.0,2801,2
720575940624770574,1.5974515409961212,24.468409572534732,central,Kenyon_Cell,0.0,2949,2
720575940624770791,0.7206526712164759,23.672402010216683,central,ALPN,0.0,6177,2
720575940624773182,1.9546863113610238,24.67022972601633,central,Kenyon_Cell,0.0,7247,2
720575940624773646,1.5907806374398572,24.46422486269061,central,Kenyon_Cell,0.0,6444,2
720575940624775975,0.7056283110015041,23.65133334820698,central,unknown,0.0,7843,2
720575940624776206,1.436697489291933,24.362347069480933,central,Kenyon_Cell,0.0,4600,2
720575940624781555,1.7106603426451188,24.536879461261485,central,LHLN,0.0,6837,2
720575940624784115,2.077835449800399,24.731326702727543,central,LHLN,0.0,5389,2
720575940624785139,1.6607223685261574,24.507252669475776,central,LHLN,0.0,4269,2
720575940624786675,1.438381620539186,24.36351860694167,central,unknown,0.0,4042,2
720575940624789125,1.889916682908512,24.636532744982674,central,ALPN,0.0,5536,1
720575940624789991,1.424688539009778,24.35395322071496,central,unknown,0.0,8627,2
720575940624791527,0.4727162401144914,23.250740014297325,central,unknown,0.0,1721,2
720575940624793272,1.9201109568116546,24.652382974375982,central,Kenyon_Cell,0.0,6901,2
720575940624794611,1.805034488439088,24.590579698770775,central,LHLN,0.0,6480,2
720575940624795879,1.3947094098669872,24.332686085235057,central,unknown,0.0,7094,2
720575940624803511,0.393925873692524,23.06840747477942,central,unknown,0.0,5330,2
720575940624811499,1.7155535475574877,24.53973579679453,central,unknown,0.0,6676,2
720575940624817845,0.012106156108123461,19.58595881350776,central,unknown,0.0,7837,2
720575940624828464,3.0149510741006793,25.103583602551854,sensory,olfactory,0.0,1828,0
720575940624829479,1.8949161288539063,24.639174578374927,central,Kenyon_Cell,0.0,1102,2
720575940624832743,1.9026909520650195,24.64326917473942,central,ALLN,0.0,6278,1
720575940624834697,1.754678036370433,24.56228538502831,central,ALPN,1.0992298636650365e-06,459,1
720575940624839257,1.9970450329131664,24.69166860446143,central,Kenyon_Cell,0.0,3534,2
720575940624846517,0.17875579969689476,22.27826534792238,central,unknown,0.0,7179,2
720575940624849040,2.979467343653807,25.091744540800413,sensory,olfactory,0.0,2081,0
720575940624851726,1.7208945329896637,24.542844232951595,central,Kenyon_Cell,0.0,3772,2
720575940624853031,1.3331901082043294,24.28757464783521,central,unknown,8.608426643159923e-07,479,2
720575940624853276,3.0081041321580777,25.101310023892008,sensory,olfactory,0.0,2302,0
720575940624853600,3.137451109323402,25.143410721650724,sensory,olfactory,0.0,2315,0
720575940624859032,1.6799604232445744,24.51877023554517,central,Kenyon_Cell,0.0,8041,2
720575940624859834,3.0923706514681997,25.128937997883707,sensory,olfactory,0.0,996,0
720575940624860362,0.14339094283096132,22.057819487014086,central,unknown,0.0,5575,2
720575940624861989,0.19011751074253477,22.339887079592195,central,unknown,1.5707067690442566e-05,194,2
720575940624863015,1.2766828204840135,24.244265167565032,central,ALPN,5.2974933188676455e-08,677,1
720575940624875018,0.04431912672436924,20.88366105939023,central,unknown,0.0,8255,2
720575940624878992,2.941485848581766,25.078914844357808,sensory,olfactory,0.0,7403,0
720575940624879911,1.2966429195769624,24.259778554843614,central,ALPN,1.7852552484583962e-05,179,2
720575940624884920,1.94646563816769,24.66601523477497,central,Kenyon_Cell,0.0,1478,2
720575940624886812,1.4140235541646298,24.346439225160697,central,unknown,0.0,6519,2
720575940624889232,0.040592870815102676,20.795837176519697,central,unknown,0.0,7195,2
720575940624891941,0.1246145266435695,21.917469906800044,central,unknown,0.0,4599,2
720575940624894052,1.3240675727984481,24.280708493069316,central,Kenyon_Cell,0.0,3602,2
720575940624894308,1.4104541465383016,24.343911742273786,central,Kenyon_Cell,0.0,4153,2
720575940624901927,1.0874966381376419,24.083878392608238,central,unknown,0.0,7134,2
720575940624911548,0.5866024743163726,23.46659209561637,central,LHCENT,1.6316279422112345e-05,191,2
720575940624914108,2.093764919675382,24.738963842380958,central,LHLN,0.0,3664,2
720575940624915128,0.06747947696741033,21.304068227738064,central,unknown,0.0,814,2
720575940624915435,0.2904789432073425,22.76377581002638,central,unknown,0.0,6803,2
720575940624917031,3.1325996368603723,25.14186321473966,sensory,olfactory,0.0,4361,0
720575940624917432,2.2441325944622283,24.808319074356074,central,LHLN,0.0,5211,2
720575940624918972,1.0280027693620446,24.027617860961296,central,unknown,0.0,4895,2
720575940624922256,1.3922494396406437,24.330920741002835,central,Kenyon_Cell,0.0,6539,2
720575940624923655,0.0298996172027483,20.49009039874888,central,unknown,0.0,1673,2
720575940624928574,0.7352477123641175,23.692452187075645,central,LHCENT,0.0,1083,2
720575940624934787,1.410625032548643,24.34403289166358,central,unknown,0.0,1092,2
720575940624934800,1.888099098056688,24.635570554723326,central,Kenyon_Cell,0.0,2220,2
720575940624935182,1.6404929413677396,24.49499677067751,central,Kenyon_Cell,0.0,4044,2
720575940624940558,2.0780550341081816,24.731432376497743,central,Kenyon_Cell,0.0,4338,2
720575940624941244,2.616715753154869,24.961920002117722,central,ALPN,0.0,6245,1
720575940624941838,2.0564702669983737,24.72099105052322,central,Kenyon_Cell,0.0,8129,2
720575940624942855,0.5207590108970841,23.347532104700228,central,unknown,0.0,8473,2
720575940624943292,1.630671891502089,24.488992133261714,central,unknown,0.0,5037,2
720575940624943800,0.7175089541172044,23.66803014817963,central,unknown,0.0,2401,2
720575940624945666,1.5281539676409392,24.42406044983088,central,Kenyon_Cell,0.0,7475,2
720575940624951020,3.0182298035125736,25.104670501751855,sensory,olfactory,0.0,2910,0
720575940624951847,0.23367425453386423,22.546172791897895,central,unknown,0.0,7758,2
720575940624953276,1.606159871054274,24.47384615668119,central,unknown,0.0,6667,2
720575940624956348,1.8339812908456967,24.60648917249854,central,unknown,0.0,5684,2
720575940624958757,3.0384410895201466,25.11134458439155,sensory,olfactory,0.0,2389,0
720575940624960522,2.3482576690373906,24.853673635739337,central,ALPN,0.0,3549,2
720575940624963917,3.13770153354748,25.143490536194992,sensory,olfactory,0.0,2856,0
720575940624964362,2.913232968585911,25.06926345026378,sensory,olfactory,0.0,2195,0
720575940624967561,0.0612136875286231,21.20661553795815,ascending,AN,0.0,4487,2
720575940624974266,3.066003916142152,25.12037505772935,sensory,olfactory,0.0,5643,0
720575940624975760,2.203561399549518,24.790074869467865,central,Kenyon_Cell,0.0,5190,2
720575940624975909,2.89637171664127,25.063458821480456,sensory,olfactory,0.0,7556,0
720575940624977466,1.875470109358973,24.62885935298757,central,ALLN,0.0,7629,2
720575940624980261,1.0,24.0,sensory,olfactory,0.0,4475,0
720575940624983054,0.33289127079381636,22.90006064354828,central,unknown,0.0,7169,2
720575940624986407,0.02310701155921306,20.23238082319135,central,unknown,2.3441407935989328e-05,142,2
720575940624990782,3.2861569030904203,25.189718767437522,sensory,olfactory,0.0,3392,0
720575940624994941,1.736369552085954,24.551796469208906,central,Kenyon_Cell,0.0,2599,2
720575940625002526,1.4309746411410633,24.358355779341867,central,Kenyon_Cell,0.0,4159,2
720575940625007879,0.3457488301040353,22.937957307909965,central,unknown,0.0,8613,2
720575940625007949,0.5676983813930152,23.433834980024397,central,ALPN,0.0,8311,2
720575940625012301,0.8135125495670477,23.793606074192322,central,unknown,0.0,5545,2
720575940625013175,1.9084047988426889,24.6462677092462,central,ALLN,0.0,5363,1
720575940625014928,1.3433547040795792,24.295169995908044,central,ALPN,2.728209059216837e-06,383,1
720575940625019481,1.6847583755621964,24.521622156229487,central,Kenyon_Cell,0.0,2786,2
720575940625022270,1.4205809017974715,24.351065873733265,central,ALPN,0.0,6230,2
720575940625025207,1.6768369542762844,24.516909253473,central,unknown,0.0,5922,2
720575940625028380,3.0340987396318906,25.10991442477117,sensory,olfactory,0.0,2497,0
720575940625032171,0.11487648597150171,21.836102237161754,central,unknown,0.0,5849,2
720575940625035790,1.1992464902826587,24.18169343480218,central,unknown,0.0,7960,2
720575940625040053,2.1233798581299808,24.75300909188313,central,ALPN,0.0,7991,1
720575940625044743,3.049748719873249,25.11505920029853,sensory,olfactory,0.0,2555,0
720575940625049527,0.5989864600646695,23.48748371464523,central,unknown,0.0,6607,2
720575940625050826,1.0,24.0,sensory,olfactory,0.0,3078,0
720575940625056509,1.7717008340138387,24.571940008366276,central,ALPN,0.0,6322,2
720575940625066388,1.691671971187172,24.52571737193197,central,LHLN,0.0,5338,2
720575940625079054,1.2429152651593232,24.217459640582494,central,unknown,0.0,8656,2
720575940625097274,2.3596596012839193,24.858517371890297,central,ALPN,0.0,7296,2
720575940625098423,2.1633329441095106,24.77165006212931,central,unknown,0.0,7668,2
720575940625107127,1.8531545592896983,24.616889354126826,central,unknown,0.0,5975,2
720575940625107352,0.3194351487452839,22.858798996909712,central,unknown,0.0,8114,2
720575940625110967,0.2971793978417476,22.78658071060317,central,unknown,1.059498663773529e-06,463,2
720575940625119625,0.22239982322812232,22.496721488556396,central,ALLN,0.0,2729,2
720575940625127354,3.113404112585463,25.135716697549384,sensory,olfactory,0.0,2528,0
720575940625133145,0.11174867820954551,21.808497126339088,central,unknown,0.0,6054,2
720575940625136228,1.0,24.0,sensory,olfactory,0.0,3263,0
720575940625146882,1.7605233798794782,24.565611139774422,central,Kenyon_Cell,0.0,4397,2
720575940625148174,1.749332589466507,24.559234337744837,sensory,hygrosensory,0.0,7418,2
720575940625154283,3.13377006351441,25.14223677286777,sensory,olfactory,0.0,2352,0
720575940625156901,1.9830089416506302,24.68461535868061,central,Kenyon_Cell,0.0,4103,2
720575940625159043,1.3344392378208785,24.288511157031817,central,unknown,0.0,7551,2
720575940625162515,3.1025314305504748,25.132218368762626,sensory,olfactory,0.0,3113,0
720575940625163139,0.8061016050438156,23.784454516427896,central,Kenyon_Cell,0.0,2699,2
720575940625164377,0.7918631459226887,23.766633302349256,central,unknown,0.0,7515,2
720575940625164558,0.013533115457171806,19.69738439960409,central,unknown,0.0,2971,2
720575940625175845,1.8886377681282422,24.63585581159681,central,Kenyon_Cell,0.0,6991,2
720575940625176250,1.0,24.0,sensory,olfactory,0.0,3665,0
720575940625176506,0.22350079475079815,22.501659690997148,central,unknown,4.502869321037498e-07,531,2
720575940625177836,0.889864642356869,23.88331408493814,central,ALLN,0.0,4663,2
720575940625179184,0.08899382111357838,21.580811662649797,central,unknown,0.0,7253,2
720575940625182341,0.07756316478816262,21.443337354945637,descending,unknown,0.0,1461,2
720575940625183309,1.756659584201705,24.563414042113298,central,Kenyon_Cell,0.0,5008,2
720575940625185149,0.08097041008720045,21.486328501383813,central,unknown,0.0,2749,2
720575940625187586,1.2460253953560223,24.219958801663196,central,Kenyon_Cell,0.0,3412,2
720575940625207019,2.104838669842005,24.74423882279202,central,ALPN,0.0,973,2
720575940625210969,1.1368685380037096,24.12827758627516,central,unknown,0.0,5605,2
720575940625212965,0.6693514946847312,23.59855404628639,central,unknown,0.0,6159,2
720575940625215416,3.1575021426864107,25.149781253844466,sensory,olfactory,0.0,3031,0
720575940625233997,1.2817390673022573,24.248217802136622,central,unknown,0.0,3432,2
720575940625235033,1.2410452464629986,24.21595396523793,central,Kenyon_Cell,0.0,1137,2
720575940625237891,1.2294606969844948,24.206575615497442,central,ALPN,0.0,6728,2
720575940625242129,1.3945230638383002,24.332552467094064,central,LHLN,0.0,6757,2
720575940625249618,1.4363495971342521,24.362104893039742,central,ALPN,0.0,2961,2
720575940625251401,2.2739815838501616,24.821532296724822,central,ALLN,0.0,4997,1
720575940625253193,0.02742011402523509,20.403521553612936,central,unknown,2.913621325377205e-07,562,2
720575940625261598,0.12656182897710905,21.932975676395404,central,unknown,0.0,4194,2
720575940625271845,1.0,24.0,sensory,olfactory,0.0,1954,0
720575940625273116,3.0763298147866767,25.123737267867796,sensory,olfactory,0.0,1427,0
720575940625283770,3.1325996368603723,25.14186321473966,sensory,olfactory,0.0,3457,0
720575940625286473,1.7978549349781412,24.586594251469787,central,LHLN,0.0,2087,2
720575940625288423,1.0,24.0,sensory,olfactory,0.0,3532,0
720575940625293514,0.9108513215032155,23.906624401339798,sensory,thermosensory,0.0,8407,2
720575940625298690,1.0,24.0,sensory,olfactory,0.0,3229,0
720575940625305884,3.0663568206606393,25.120490153541233,sensory,olfactory,0.0,1430,0
720575940625306603,0.10622095432895722,21.75776612042814,descending,unknown,0.0,1993,2
720575940625309882,1.7727022154474648,24.57250505779564,central,Kenyon_Cell,0.0,5413,2
720575940625310014,0.06056325097954275,21.195933010666977,central,unknown,0.0,5485,2
720575940625317139,1.0560266598571963,24.054513431042285,central,Kenyon_Cell,0.0,4318,2
720575940625318531,1.5260522931706246,24.422684200407907,central,Kenyon_Cell,0.0,5178,2
720575940625328074,0.7829418389146962,23.755303134447352,central,unknown,0.0,860,2
720575940625329726,1.9113122984253192,24.64779007337429,central,Kenyon_Cell,0.0,2071,2
720575940625330494,1.9002531841918184,24.641987132132556,central,Kenyon_Cell,0.0,5197,2
720575940625334424,3.092721245902327,25.129051365458615,sensory,olfactory,0.0,5846,0
720575940625334970,0.23919953237108066,22.56954278812203,central,unknown,0.0,4750,2
720575940625336464,0.07588544209355123,21.421469583248722,central,unknown,0.0,7112,2
720575940625337546,2.988809520820473,25.094875154546667,sensory,olfactory,0.0,1885,0
720575940625341880,3.033838504477355,25.109828650926048,sensory,olfactory,0.0,2096,0
720575940625342648,3.1157767107972596,25.136478466518305,sensory,olfactory,0.0,2127,0
720575940625343690,0.3919533112946245,23.063387449874657,central,unknown,0.0,3287,2
720575940625345584,0.018070766886418073,19.98654026447896,descending,unknown,0.0,1085,2
720575940625352852,0.19219986400026223,22.350780509958916,central,unknown,3.2579583911036014e-06,364,2
720575940625354904,1.5009633058930396,24.40610710591216,central,Kenyon_Cell,0.0,1882,2
720575940625355281,0.25111876381470655,22.61817071085191,central,unknown,0.0,4653,2
720575940625360784,3.1101269016744872,25.134663529755606,sensory,olfactory,0.0,3464,0
720575940625368578,3.142137115151087,25.144903178331,sensory,olfactory,0.0,6955,0
720575940625368976,1.6300025397159186,24.488581572925384,central,ALPN,0.0,6741,2
720575940625376329,0.3768982639501086,23.024220015151688,central,unknown,0.0,5539,2
720575940625383155,3.0124989073206168,25.10276993610156,sensory,olfactory,0.0,1253,0
720575940625383299,3.0803833799309492,25.125054063242793,sensory,olfactory,0.0,2462,0
720575940625384521,1.4573043114984792,24.376588367105583,central,unknown,0.0,3586,2
720575940625388730,0.05214279257830882,21.04623068732006,central,unknown,0.0,8258,2
720575940625393466,1.1668379605236883,24.15429749235579,central,unknown,0.0,6758,2
720575940625393701,1.217156180571158,24.19651713820465,central,unknown,0.0,7272,2
720575940625402501,1.3209888493234652,24.278380584417103,central,ALPN,0.0,1562,1
720575940625405072,1.3227790891018747,24.279734893943306,central,Kenyon_Cell,0.0,5028,2
720575940625405744,1.7832907558982223,24.57846039675753,central,Kenyon_Cell,0.0,7803,2
720575940625408333,0.027571659739710826,20.40903314517413,central,unknown,0.0,1919,2
720575940625413395,1.5329296030279833,24.42718067778373,central,ALPN,0.0,1428,1
720575940625415178,0.5882386737142815,23.469377494235605,central,unknown,0.0,5489,2
720575940625419495,0.5632651434636945,23.425995185834214,central,unknown,5.655074117891211e-06,302,2
720575940625430302,1.5000049361690109,24.40546839888209,central,Kenyon_Cell,0.0,3382,2
720575940625431866,2.5422210657736457,24.933038134278544,central,ALPN,2.4500906599762857e-06,388,1
720575940625431870,1.3406135936156132,24.2931274148393,central,ALPN,5.82724265075441e-07,509,2
720575940625433488,1.9772274819478002,24.681695601781442,central,LHLN,0.0,5170,2
720575940625435792,0.8520747992375513,23.839919036525977,central,unknown,0.0,4868,2
720575940625440100,0.30713349735296114,22.81952721888538,central,unknown,0.0,5449,2
720575940625442192,3.0619355202765597,25.119047238972147,sensory,olfactory,0.0,2193,0
720575940625446181,2.110526177987307,24.746937289853285,central,Kenyon_Cell,0.0,2734,2
720575940625451920,1.4843828129456458,24.394999071685135,central,Kenyon_Cell,0.0,1468,2
720575940625452176,1.526547272942667,24.423008500903705,central,LHLN,0.0,8573,2
720575940625454162,0.016238142435919905,19.879607667184636,ascending,AN,2.324275193653179e-05,152,2
720575940625454640,1.7442604031685094,24.556330628084012,central,Kenyon_Cell,0.0,6981,2
720575940625457456,0.6587305799543264,23.582559340293653,central,unknown,0.0,7922,2
720575940625457712,1.645319734073907,24.497934732548654,central,LHLN,0.0,5973,2
720575940625461534,1.49507272523892,24.402174851304252,central,Kenyon_Cell,0.0,3247,2
720575940625461762,0.46007429000880734,23.223632697480426,central,unknown,0.0,4265,2
720575940625465802,0.05714380195762682,21.137815653192312,central,unknown,0.0,5255,2
720575940625476964,0.8588043430489178,23.84778584412302,central,Kenyon_Cell,0.0,7821,2
720575940625477150,1.3850752827366382,24.325754493928606,central,Kenyon_Cell,0.0,3048,2
720575940625484602,1.9730624822516536,24.679586895191676,central,Kenyon_Cell,0.0,3519,2
720575940625485657,3.0679300132620426,25.121003071400633,sensory,olfactory,0.0,3984,0
720575940625490788,2.0049689456226525,24.69562857217108,central,Kenyon_Cell,0.0,3396,2
720575940625492057,3.03818825022191,25.11126136743549,sensory,olfactory,0.0,2340,0
720575940625493400,2.225784812144478,24.800109577984838,central,ALPN,5.376955718650659e-06,307,1
720575940625494792,0.5972337793275128,23.484553347922386,central,unknown,0.0,6136,2
720575940625497488,1.924473111826817,24.654652222132924,central,Kenyon_Cell,0.0,898,2
720575940625502595,3.1099402353364387,25.134603509072875,sensory,olfactory,0.0,2133,0
720575940625503979,0.06730379163067944,21.301461295318987,central,unknown,0.0,7839,2
720575940625504868,1.761569552309323,24.566205202725488,central,Kenyon_Cell,0.0,4467,2
720575940625507888,0.996888072969926,23.99688322085611,central,Kenyon_Cell,0.0,7530,2
720575940625508733,1.9652159417967634,24.67560213332747,central,Kenyon_Cell,0.0,8333,2
720575940625508752,0.17924389591318474,22.28099214643483,central,unknown,0.0,2893,2
720575940625513616,2.1120218108279385,24.747645692887254,central,Kenyon_Cell,0.0,4018,2
720575940625516436,0.6972537398882439,23.63939411128052,central,Kenyon_Cell,0.0,6495,2
720575940625520412,1.0,24.0,sensory,olfactory,0.0,3209,0
720575940625521899,0.8896186624441417,23.883037622761023,central,ALPN,0.0,3630,2
720575940625529477,2.1512204185267696,24.76603531761898,central,Kenyon_Cell,0.0,7454,2
720575940625532689,2.0118849985116687,24.699072092806542,central,Kenyon_Cell,0.0,6800,2
720575940625534187,1.5267534298283438,24.42314353960841,central,unknown,0.0,7873,2
720575940625539786,3.0055710306990413,25.100467576789278,sensory,olfactory,0.0,4351,0
720575940625541168,2.137212722758969,24.75950251408721,central,Kenyon_Cell,0.0,4123,2
720575940625543626,0.21938205216798856,22.483059461356007,central,unknown,0.0,6826,2
720575940625559908,0.2595772321027964,22.65129899823733,central,unknown,0.0,6406,2
720575940625561374,0.7924738172884769,23.767404188101732,central,Kenyon_Cell,0.0,2695,2
720575940625564676,1.3386892354843576,24.291690952755765,central,ALPN,3.7347327898016894e-06,350,1
720575940625572240,2.0783653035282064,24.731581672957386,central,Kenyon_Cell,0.0,5195,2
720575940625576080,1.5261945082212147,24.422777387531983,central,Kenyon_Cell,0.0,2661,2
720575940625581208,2.9744931448550638,25.090073653005433,sensory,olfactory,0.0,2307,0
720575940625583132,0.07059553116918887,21.34921156562682,central,unknown,0.0,8266,2
720575940625583204,3.0261158790363716,25.107279909093087,sensory,olfactory,0.0,1807,0
720575940625584265,1.053304797007259,24.051932647114928,central,unknown,0.0,4711,2
720575940625584484,1.880459412311668,24.631516115239688,central,ALLN,0.0,6139,1
720575940625585508,1.8990267414248765,24.641341513576645,central,ALLN,0.0,6229,2
720575940625586122,1.5814577428598129,24.45834704374792,central,ALPN,0.0,6748,2
720575940625589593,1.0,24.0,sensory,olfactory,0.0,3344,0
720575940625590053,1.1937242113419306,24.177078009515103,central,unknown,0.0,5892,2
720575940625606916,1.5480329667839468,24.43698507131283,central,LHLN,0.0,6772,2
720575940625608329,1.5608900010421176,24.445256172069033,central,Kenyon_Cell,0.0,4522,2
720575940625612425,0.2310815232126551,22.535015283620538,central,unknown,0.0,3480,2
720575940625613514,2.9637221195282315,25.086445951192786,sensory,olfactory,0.0,4259,0
720575940625614224,1.9264818040324148,24.655695439948587,central,Kenyon_Cell,0.0,2785,2
720575940625625136,1.0528821261393886,24.05153128589774,central,Kenyon_Cell,0.0,4632,2
720575940625630212,1.2274588316893764,24.204946041785522,central,ALLN,0.0,7859,2
720575940625631280,0.30430574166706964,22.810277646185337,central,unknown,0.0,6503,2
720575940625642517,1.692671376883405,24.526307977330124,central,ALLN,0.0,6181,2
720575940625645968,2.153065526409039,24.766892652851297,central,Kenyon_Cell,0.0,3401,2
720575940625651914,1.8751739007110604,24.628701402167533,central,unknown,0.0,3600,2
720575940625655088,2.161476633509213,24.77079161475447,central,Kenyon_Cell,0.0,4026,2
720575940625656980,0.11250357544927855,21.815229723928674,central,unknown,5.694805317782718e-07,510,2
720575940625657530,3.0512371644063108,25.115547136048853,sensory,olfactory,0.0,1291,0
720575940625657928,1.7477230380999789,24.55831381965671,sensory,hygrosensory,0.0,7371,2
720575940625665149,1.2418956258919027,24.216638942855898,central,Kenyon_Cell,0.0,1905,2
720575940625667365,1.7711335342221446,24.57161975642245,central,Kenyon_Cell,0.0,3733,2
720575940625669660,2.223080589387288,24.798893886860846,central,Kenyon_Cell,0.0,7045,2
720575940625670602,1.0,24.0,sensory,olfactory,0.0,4180,0
720575940625671426,2.9850497276015524,25.0936164058688,sensory,olfactory,0.0,4325,0
720575940625672138,1.6237129684004867,24.484715482522738,central,LHLN,0.0,7610,2
720575940625679408,1.771680255646821,24.571928393263924,central,LHLN,0.0,5907,2
720575940625681456,0.8140019985154617,23.79420754219609,central,LHCENT,0.0,8306,2
720575940625681681,1.3382740250016683,24.291380742681426,central,unknown,0.0,5607,2
720575940625683740,1.840174542324956,24.609860427081188,central,Kenyon_Cell,0.0,8367,2
720575940625684057,1.110664574631838,24.104958552049933,central,ALLN,0.0,3227,2
720575940625686458,1.8198999955786983,24.598781552094803,central,LHLN,0.0,5487,2
720575940625692560,1.7878778568030065,24.581029361667905,central,Kenyon_Cell,0.0,7487,2
720575940625694857,2.964254259816497,25.086625486418853,sensory,olfactory,0.0,5802,0
720575940625698096,2.060501465797781,24.72294938317614,central,LHLN,0.0,4728,2
720575940625708554,3.137141328567121,25.14331198033498,sensory,olfactory,0.0,7661,0
720575940625709401,0.6743004619372365,23.60592052182006,central,unknown,0.0,4795,2
720575940625709720,3.2204141160036133,25.169509958741624,sensory,olfactory,0.0,1283,0
720575940625715733,1.9888118577731067,24.68753740403183,central,Kenyon_Cell,0.0,2609,2
720575940625718696,2.076554682804142,24.730710117863843,central,Kenyon_Cell,0.0,2616,2
720575940625720890,3.16976264627871,25.153656710094975,sensory,olfactory,0.0,3787,0
720575940625724072,1.7111205086469647,24.537148424134692,central,Kenyon_Cell,0.0,1421,2
720575940625728899,3.261013653157123,25.18203808359913,sensory,olfactory,0.0,8213,0
720575940625732042,1.5898118785154658,24.463615693833244,central,unknown,0.0,6429,2
720575940625732196,1.4162945519419223,24.348043990547147,central,ALLN,0.0,1220,1
720575940625733351,0.19512146089323743,22.365866962050212,descending,unknown,0.0,2489,2
720575940625740169,1.1363214737219343,24.127796267696848,central,Kenyon_Cell,0.0,2694,2
720575940625743204,0.48164438550600375,23.269450773361285,central,unknown,0.0,7591,2
720575940625747217,0.15735096016132535,22.150723446583545,central,unknown,0.0,7595,2
720575940625749258,1.3400018476194921,24.292670992782387,central,unknown,0.0,4543,2
720575940625749904,0.8912512123359441,23.884871053010176,central,unknown,0.0,5903,2
720575940625753621,1.8782335632145424,24.630331741111867,central,Kenyon_Cell,0.0,8052,2
720575940625754643,3.0201860906351494,25.105318448903994,sensory,olfactory,0.0,7335,0
720575940625757053,3.2235263592963004,25.170475902963677,sensory,olfactory,0.0,4495,0
720575940625760318,0.757587823620297,23.722384190453678,central,unknown,0.0,6124,2
720575940625763601,1.756389343659127,24.56326019253781,central,Kenyon_Cell,0.0,7436,2
720575940625765306,1.4995133306488824,24.40514060923002,central,Kenyon_Cell,0.0,1366,2
720575940625765520,0.6458395107346585,23.562795758540016,central,unknown,0.0,8546,2
720575940625767568,1.9151498481372762,24.649795869251303,central,unknown,0.0,4820,2
720575940625772688,1.8040026191439869,24.59000787349303,central,LHLN,0.0,5497,2
720575940625772828,2.4264780880443557,24.8864408595501,central,ALLN,0.0,7278,2
720575940625773605,2.0685031496813733,24.72682522960677,central,Kenyon_Cell,0.0,2079,2
720575940625775336,0.25343660571971677,22.627358436718527,central,unknown,0.0,1700,2
720575940625776272,0.902468129670521,23.8973780972169,central,unknown,0.0,8301,2
720575940625777040,0.8647247431291969,23.854655961272666,central,unknown,0.0,4715,2
720575940625779075,0.19172685759458113,22.348316463470884,central,unknown,0.0,5625,2
720575940625781009,1.710181177704659,24.536599316776133,central,Kenyon_Cell,0.0,3408,2
720575940625781029,1.6645046950275595,24.50952759871239,central,Kenyon_Cell,0.0,6452,2
720575940625781541,1.515542304464816,24.415773331652556,central,Kenyon_Cell,0.0,4927,2
720575940625784153,1.9399821262995454,24.662678759785138,central,ALPN,9.509000507367424e-06,244,1
720575940625790352,0.3479574024820533,22.944324786639264,central,unknown,0.0,6716,2
720575940625793854,1.4278336469736637,24.356158363415553,central,unknown,0.0,8095,2
720575940625795453,2.9359704963839204,25.07703806178622,sensory,olfactory,0.0,7378,0
720575940625800741,1.8835705065194492,24.63316918122658,central,Kenyon_Cell,0.0,8048,2
720575940625802841,0.08365389121981286,21.518932665238623,visual_projection,unknown,0.0,7751,2
720575940625805084,1.1898209081756468,24.173802798466188,central,ALPN,0.0,4170,2
720575940625809539,0.07100744198806434,21.35502940929959,ascending,AN,0.0,7223,2
720575940625813081,3.031677050857788,25.10911594853782,sensory,olfactory,0.0,1819,0
720575940625814274,3.281552990743651,25.18831678313088,sensory,olfactory,0.0,4490,0
720575940625818426,3.0796605086084075,25.12481936643253,sensory,olfactory,0.0,3111,0
720575940625819138,1.4794536583828384,24.39167286988216,central,ALPN,0.0,1698,2
720575940625821758,3.085242072317577,25.126630121804894,sensory,olfactory,0.0,765,0
720575940625823656,2.291471106770619,24.8291940160159,central,ALPN,0.0,5080,2
720575940625825538,1.0,24.0,sensory,olfactory,0.0,6003,0
720575940625826352,1.7229646427150271,24.544046436566248,central,LHLN,0.0,5357,2
720575940625828752,1.3748546624712488,24.318348025510982,central,unknown,0.0,6365,2
720575940625834900,1.223130875924451,24.201413863182786,central,Kenyon_Cell,0.0,4389,2
720575940625843262,1.0722891987527496,24.06979580122181,central,unknown,0.0,5336,2
720575940625851676,0.12686456066937027,21.935364786990235,central,unknown,0.0,1981,2
720575940625852446,3.0725492720904946,25.122507598811325,sensory,olfactory,0.0,3968,0
720575940625853989,1.9722605577080223,24.679180376107407,central,Kenyon_Cell,0.0,792,2
720575940625855833,3.0124989073206168,25.10276993610156,sensory,olfactory,0.0,1341,0
720575940625860026,1.7848131295069094,24.57931372039942,central,Kenyon_Cell,0.0,6542,2
720575940625868184,1.6241573032099736,24.484989098631203,sensory,hygrosensory,0.0,7362,2
720575940625870640,0.0305662761943019,20.51214203708026,descending,unknown,0.0,6773,2
720575940625871408,0.04347527992358257,20.864437219962785,central,unknown,4.615441054063436e-05,60,2
720575940625871741,1.5622065905554097,24.446099302950625,central,Kenyon_Cell,0.0,2825,2
720575940625874469,1.3869327665072824,24.32709466611834,central,LHLN,0.0,8625,2
720575940625879537,1.3802513604504847,24.322265627836654,central,ALPN,0.0,6857,2
720575940625884541,3.060435941716618,25.118557370430445,sensory,olfactory,0.0,3110,0
720575940625888089,1.0,24.0,sensory,olfactory,0.0,3237,0
720575940625889625,3.0547906146575112,25.11671105170104,sensory,olfactory,0.0,1287,0
720575940625894552,1.279487560531911,24.246459654438294,central,unknown,0.0,1896,2
720575940625898121,1.2331373899184095,24.209561645321283,central,unknown,0.0,5962,2
720575940625898780,1.3227542510933583,24.279716116626734,central,Kenyon_Cell,0.0,4647,2
720575940625901002,1.807821337179563,24.592122439155514,central,Kenyon_Cell,0.0,1331,2
720575940625902282,1.7693733277432802,24.570625431772047,central,Kenyon_Cell,0.0,6544,2
720575940625906088,0.33610231778536476,22.909660351843456,central,unknown,0.0,5737,2
720575940625909991,0.15473502231092529,22.13395884153934,central,unknown,0.0,8597,3
720575940625910354,1.9371656172719927,24.661225882717112,central,Kenyon_Cell,0.0,5214,2
720575940625913743,0.12762692187481942,21.94135605615381,central,unknown,0.0,1063,2
720575940625924618,0.7198509983332975,23.67128896485222,central,ALPN,0.0,5416,3
720575940625925458,1.9545752228984576,24.67017289253941,central,Kenyon_Cell,0.0,5379,2
720575940625926693,0.5840440800045967,23.462221180457586,central,DAN,0.0,5930,2
720575940625929790,1.8319191492423936,24.60536413276846,central,Kenyon_Cell,0.0,4068,2
720575940625937797,0.7686344649860342,23.73686023939494,central,Kenyon_Cell,0.0,2587,2
720575940625944266,1.7810393142759118,24.577197078334475,central,Kenyon_Cell,0.0,4874,2
720575940625946430,2.9188891605677645,25.071203119437353,sensory,olfactory,0.0,2208,0
720575940625951946,0.17951220981599852,22.2824879478919,central,unknown,0.0,6717,2
720575940625952186,0.16294583458108794,22.185662563416177,central,unknown,0.0,5319,2
720575940625953317,1.7521262060438743,24.560830025332944,central,LHLN,0.0,5749,2
720575940625953466,1.0,24.0,sensory,olfactory,0.0,3241,0
720575940625954853,1.8894044354472983,24.636261665892906,central,unknown,0.0,8365,2
720575940625956483,1.5547611053242685,24.44132190381235,central,ALLN,0.0,4984,2
720575940625957800,2.0065669768114156,24.6964252900887,central,Kenyon_Cell,0.0,7934,2
720575940625958414,1.820559146573986,24.599143677297562,central,ALLN,0.0,8090,1
720575940625977802,1.7715821689729785,24.57187302808793,central,ALLN,1.0859861303678672e-06,461,1
720575940625977870,0.19117839828287234,22.34545173556039,central,unknown,0.0,782,2
720575940625987390,0.5396305793657354,23.38312951417892,central,unknown,0.0,4890,2
720575940625990277,1.7546797422854632,24.56228635723755,central,ALLN,1.3243733297169112e-08,712,1
720575940625993656,0.7968786374794647,23.77294711403435,central,unknown,0.0,1118,2
720575940625994728,1.7528269241915033,24.56122986985635,central,Kenyon_Cell,0.0,1474,2
720575940625998629,0.4740650400878149,23.253589248674906,central,unknown,0.0,7395,2
720575940626002494,1.0434845866758011,24.042565676631398,central,Kenyon_Cell,0.0,1371,2
720575940626002575,0.08846591519689122,21.57486205982849,central,unknown,0.0,5469,2
720575940626003130,0.8769002077722803,23.86863791874268,central,LHCENT,0.0,6613,2
720575940626009852,0.06368561161562794,21.246203380776176,descending,unknown,0.0,6867,2
720575940626010042,0.14602282188328627,22.07600764477948,central,unknown,0.0,3774,2
720575940626012433,1.0,24.0,sensory,olfactory,0.0,3203,0
720575940626015294,1.6939688839458116,24.52707422767026,central,Kenyon_Cell,0.0,7009,2
720575940626022074,0.6312914382946845,23.540012344276168,central,DAN,2.6487466594338224e-08,693,2
720575940626022586,1.7756997745596235,24.57419458442405,central,unknown,0.0,6574,2
720575940626023001,1.5990025002466357,24.46937999748201,central,ALPN,0.0,5029,1
720575940626027964,0.5800178679183157,23.455303630839527,central,unknown,0.0,3702,2
720575940626030776,2.642174741248859,24.971602343674107,central,ALLN,3.973119989150733e-08,686,1
720575940626031132,2.9222278825056645,25.072346298824748,sensory,olfactory,0.0,4360,0
720575940626031493,1.7853956027403068,24.579640016861195,central,Kenyon_Cell,0.0,5696,2
720575940626033838,1.6563210826743702,24.504598927672582,central,Kenyon_Cell,0.0,5834,2
720575940626034819,1.7032085747594732,24.532513869083914,central,ALPN,8.475989310188232e-07,482,1
720575940626043218,0.5008058860917439,23.308463294112766,central,ALPN,0.0,6130,2
720575940626047536,3.0124989073206168,25.10276993610156,sensory,olfactory,0.0,3888,0
720575940626048637,3.2042143483680627,25.16446692720811,sensory,olfactory,0.0,3497,0
720575940626051367,1.5514026096264033,24.439159431183832,central,ALLN,0.0,7326,2
720575940626052540,0.13198654979338678,21.974944742907887,central,unknown,0.0,7750,2
720575940626053834,0.4138200310609363,23.117675892748167,central,unknown,0.0,1616,2
720575940626057853,0.17744234696186723,22.270890471323852,central,unknown,0.0,2320,2
720575940626064138,3.060435941716618,25.118557370430445,sensory,olfactory,0.0,4349,0
720575940626065162,0.8471830304354971,23.834161484929165,central,unknown,0.0,8391,2
720575940626069962,0.6717330406891597,23.60210572173278,central,unknown,0.0,8299,2
720575940626074378,0.9364354759539419,23.934325341386806,central,ALLN,0.0,7736,2
720575940626075422,0.1712994330831698,22.235657816845496,central,unknown,0.0,2781,2
720575940626080868,1.4315007289520896,24.35872335477846,central,Kenyon_Cell,0.0,1043,2
720575940626081636,1.9028388866257684,24.64334692189532,central,Kenyon_Cell,0.0,4148,2
720575940626082148,1.6031024410107126,24.471940777393833,central,Kenyon_Cell,0.0,1027,2
720575940626083850,0.4922761514861048,23.291284563557845,central,unknown,0.0,6684,2
720575940626086244,1.7257704892629473,24.54567361120253,central,Kenyon_Cell,0.0,1374,2
720575940626087780,1.9110809784361458,24.64766903926152,central,Kenyon_Cell,0.0,7696,2
720575940626091602,1.581516459051668,24.458384170950428,central,ALPN,0.0,1626,1
720575940626102628,1.7487806821997385,24.5589187920615,central,Kenyon_Cell,0.0,4221,2
720575940626107800,3.2274297489226185,25.171686077095146,sensory,olfactory,0.0,2300,0
720575940626111761,3.0496778363968424,25.11503595762948,sensory,olfactory,0.0,2281,0
720575940626115134,1.8779246563557104,24.63016726089486,central,ALLN,2.3375189269503484e-05,143,1
720575940626117662,0.4337534169592382,23.164720929963725,central,unknown,0.0,7518,2
720575940626122535,2.961276701073131,25.08562049327524,sensory,olfactory,0.0,6783,0
720575940626124743,1.2381849040867052,24.213646520207245,central,Kenyon_Cell,0.0,1019,2
720575940626125626,1.7449463882249938,24.556723832102193,sensory,hygrosensory,0.0,7345,2
720575940626132030,0.5618885704889912,23.423548278101574,central,unknown,0.0,5403,2
720575940626133532,0.8614633251366778,23.850877205141405,central,unknown,0.0,6914,2
720575940626138378,3.1325996368603723,25.14186321473966,sensory,olfactory,0.0,3568,0
720575940626139560,1.4442734346329078,24.367606381708516,central,Kenyon_Cell,0.0,2712,2
720575940626143806,2.1986973182012672,24.787865056896866,central,ALPN,4.006229322393656e-05,74,1
720575940626144680,1.7482895434618446,24.55863790622883,central,Kenyon_Cell,0.0,5686,2
720575940626147971,3.0267042029187188,25.10747430571358,sensory,olfactory,0.0,2449,0
720575940626158364,1.0711593314719228,24.068741549281967,central,DAN,0.0,831,2
720575940626158692,1.703428081384011,24.53264273907916,central,Kenyon_Cell,0.0,7471,2
720575940626160740,1.7116583889214445,24.53746271862756,central,unknown,0.0,8413,2
720575940626161154,2.000148807283628,24.693221581433946,central,Kenyon_Cell,0.0,1544,2
720575940626163518,1.921016470333534,24.65285445758284,central,LHLN,0.0,1694,2
720575940626164286,1.0531335441780652,24.051770047691793,central,unknown,0.0,7522,2
720575940626170826,2.969466206484741,25.088382208205196,sensory,olfactory,0.0,2276,0
720575940626174564,1.3614755603035507,24.308569082403945,central,unknown,0.0,4823,2
720575940626179334,3.2160445883058437,25.168152215743568,sensory,olfactory,0.0,3786,0
720575940626179940,0.10665589969258958,21.76185248266673,central,unknown,0.0,3857,2
720575940626180452,1.0269734556721755,24.02661608413934,central,unknown,0.0,6105,2
720575940626182673,1.8146578957064923,24.595896962736813,central,unknown,0.0,7514,2
720575940626183443,2.969466206484741,25.088382208205196,sensory,olfactory,0.0,2394,0
720575940626191635,0.48512268827016164,23.276646545470456,central,unknown,0.0,8512,2
720575940626197532,3.060435941716618,25.118557370430445,sensory,olfactory,0.0,3087,0
720575940626199059,3.038687823562364,25.111425785250006,sensory,olfactory,0.0,2354,0
720575940626199324,1.8051182166679385,24.590626083639062,central,Kenyon_Cell,0.0,4015,2
720575940626201512,1.361339375642569,24.308469050147405,central,Kenyon_Cell,0.0,3473,2
720575940626202237,3.0343568336530238,25.10999948562996,sensory,olfactory,0.0,2458,0
720575940626210916,0.051499186918683444,21.033810740576193,central,unknown,0.0,8244,2
720575940626213642,3.073666337418319,25.12287109576981,sensory,olfactory,0.0,1578,0
720575940626216317,1.634214630293989,24.491162340500903,central,Kenyon_Cell,0.0,1453,2
720575940626216573,1.9502917249741212,24.66797896393714,central,Kenyon_Cell,0.0,7435,2
720575940626217341,1.7466728784907926,24.557712766046375,central,Kenyon_Cell,0.0,3245,2
720575940626218392,0.18909337846361465,22.334485680012165,central,unknown,0.0,4527,2
720575940626220574,2.0395416248366285,24.712725088901177,central,Kenyon_Cell,0.0,6949,2
720575940626223633,1.4758039898183686,24.38920291913378,central,Kenyon_Cell,0.0,5835,2
720575940626224280,0.26817665059797247,22.683890628410996,central,unknown,2.6487466594338224e-08,700,2
720575940626225941,1.92626666597186,24.65558375964428,central,Kenyon_Cell,0.0,982,2
720575940626226690,1.4413130068352926,24.3655545084437,central,Kenyon_Cell,0.0,4542,2
720575940626240522,3.024009474314757,25.106583591352972,sensory,olfactory,0.0,2533,0
720575940626243614,0.017825684010333395,19.972885060233217,central,unknown,0.0,8261,2
720575940626247823,1.8542945063945449,24.617504303716462,central,ALPN,3.2447146578064323e-06,365,1
720575940626248250,0.06174330250966718,21.21523022926168,central,unknown,0.0,8226,2
720575940626252273,1.2898782983824713,24.254547871583892,central,Kenyon_Cell,0.0,5287,2
720575940626253331,3.0789924058149656,25.124602402494038,sensory,olfactory,0.0,6951,0
720575940626256992,1.9053776833544809,24.64468024790668,sensory,hygrosensory,0.0,7422,2
720575940626265084,1.7735732682624825,24.572996307184777,central,Kenyon_Cell,0.0,7712,2
720575940626279742,0.013478823313819015,19.693364531432202,central,unknown,0.0,2972,2
720575940626282298,3.0134245220476914,25.10307714701959,sensory,olfactory,0.0,2297,0
720575940626282633,3.1524369785598765,25.148175797716554,sensory,olfactory,0.0,1277,0
720575940626283838,1.7167156914591541,24.540412983731304,central,unknown,0.0,6666,2
720575940626286878,1.6166582503915017,24.48036121032433,central,Kenyon_Cell,0.0,8319,2
720575940626299678,3.101630900644669,25.13192807013275,sensory,olfactory,0.0,1800,0
720575940626307922,1.0,24.0,sensory,olfactory,0.0,3099,0
720575940626310686,1.9684161956735446,24.677229257812428,central,ALLN,0.0,3351,2
720575940626312835,1.2894513079171297,24.254216785189815,central,unknown,0.0,4685,2
720575940626316802,1.6351096051000638,24.491709838860803,central,Kenyon_Cell,0.0,2633,2
720575940626323185,0.06008123127163141,21.187942222132445,central,unknown,0.0,8270,2
720575940626342174,1.9063500569304597,24.645190448877646,central,ALLN,0.0,6223,2
720575940626347778,1.861659304523291,24.62146818924718,central,unknown,0.0,4689,2
720575940626349957,3.067500192874323,25.12086296047964,sensory,olfactory,0.0,3126,0
720575940626354954,2.9558314788205973,25.083779991589584,sensory,olfactory,0.0,3885,0
720575940626356306,3.0124989073206168,25.10276993610156,sensory,olfactory,0.0,3962,0
720575940626357586,2.969466206484741,25.088382208205196,sensory,olfactory,0.0,2413,0
720575940626363791,1.2959374641400587,24.259234343787522,central,Kenyon_Cell,0.0,2654,2
720575940626364956,1.9288062680319302,24.656901297585023,central,Kenyon_Cell,0.0,7024,2
720575940626368168,1.4202043879905148,24.350800796460078,central,unknown,0.0,8673,2
720575940626371842,1.597818554173144,24.468639295323545,central,Kenyon_Cell,0.0,7666,2
720575940626376841,0.09345082696795867,21.629680104189628,central,unknown,0.0,7092,2
720575940626378242,1.7859012092672615,24.579923166964335,central,ALLN,8.078677311273158e-07,485,1
720575940626382473,0.28011505891754074,22.72744516448618,central,unknown,0.0,5373,2
720575940626394626,1.0633597328253466,24.06143345492893,central,unknown,0.0,8005,2
720575940626394767,0.40750446109692173,23.102296601115967,central,unknown,0.0,1109,2
720575940626403400,0.7765523302197814,23.747108753763115,central,Kenyon_Cell,0.0,2647,2
720575940626404776,2.035251490014366,24.710619393575534,central,Kenyon_Cell,0.0,7606,2
720575940626410392,1.6889370987602907,24.524099395427193,central,unknown,0.0,5878,2
720575940626410515,1.395229016539936,24.333058571361658,central,unknown,0.0,3843,2
720575940626411097,3.0124989073206168,25.10276993610156,sensory,olfactory,0.0,3955,0
720575940626416205,0.31691972843660976,22.850893240231443,central,unknown,0.0,5998,2
720575940626422513,0.36142055849148297,22.982286983256685,central,unknown,0.0,4440,2
720575940626422659,1.5257066348772748,24.422457669870617,central,Kenyon_Cell,0.0,4623,2
720575940626423171,2.091863759526666,24.738055419572742,central,Kenyon_Cell,0.0,5698,2
720575940626425682,0.29601027791185236,22.782638897414284,central,unknown,0.0,1381,2
720575940626433881,0.024044108998191885,20.272134739464818,central,unknown,0.0,7160,2
720575940626435330,1.8763396242315562,24.62932287056969,central,unknown,0.0,5451,2
720575940626439426,1.7881302094696,24.58117049818792,central,LHLN,0.0,4448,2
720575940626446594,1.88827798008646,24.635665292100555,central,LHLN,0.0,1037,2
720575940626449154,2.0319995458628424,24.709020306223515,central,ALPN,0.0,8134,2
720575940626451088,0.24111475467102658,22.57751770164079,central,unknown,0.0,6895,2
720575940626451864,3.19217692819368,25.160703106683556,sensory,olfactory,0.0,2014,0
720575940626452120,0.06037230029480421,21.19277511637682,central,unknown,0.0,1609,2
720575940626457290,1.0,24.0,sensory,olfactory,0.0,4352,0
720575940626468629,1.2398707724869809,24.2150071584498,central,Kenyon_Cell,0.0,6938,2
720575940626480124,1.0,24.0,sensory,olfactory,0.0,6014,0
720575940626482521,0.9688168198230567,23.968320274607954,central,unknown,0.0,8309,2
720575940626486409,2.072681789687402,24.728843319349394,central,Kenyon_Cell,0.0,7715,2
720575940626492059,1.5271053329694677,24.4233740041911,central,LHLN,0.0,8485,2
720575940626494663,2.0143273745750125,24.700285330528057,central,Kenyon_Cell,0.0,2787,2
720575940626497286,0.031659204651384214,20.54727365359435,visual_projection,unknown,0.0,6896,2
720575940626498566,0.12631988969859143,21.93106221777449,central,unknown,4.7677439869808805e-06,321,2
720575940626500745,0.07175347699993918,21.365481034412916,central,unknown,0.0,3646,2
720575940626507834,1.241839726694568,24.21659393065499,central,ALPN,0.0,8531,2
720575940626508346,1.6946953700668008,24.527503002005904,central,unknown,0.0,6898,2
720575940626509830,2.0025698591147054,24.694431285301793,central,Kenyon_Cell,0.0,5215,2
720575940626510169,0.17166860812415538,22.237810642410636,central,unknown,9.27061330801838e-08,653,2
720575940626513027,1.9547877313788478,24.670281610242565,central,Kenyon_Cell,0.0,8056,2
720575940626513171,1.8185591655782076,24.598044520289967,central,Kenyon_Cell,0.0,8060,2
720575940626516026,3.0342884684097085,25.109976954985996,sensory,olfactory,0.0,7554,0
720575940626518302,2.2708581018726948,24.82015777850846,central,ALLN,0.0,1425,2
720575940626522184,1.1292883454925868,24.12158765157787,central,Kenyon_Cell,0.0,4163,2
720575940626524056,0.07209493809097596,21.370228556061576,central,unknown,0.0,5631,2
720575940626524691,1.7273012973008073,24.54656024677385,central,Kenyon_Cell,0.0,7300,2
720575940626527577,0.2387365441823829,22.567605339344933,central,unknown,0.0,2731,2
720575940626529448,2.974126226279169,25.08995029040532,sensory,olfactory,0.0,1303,0
720575940626530564,3.1946790246276686,25.161486621007498,sensory,olfactory,0.0,4499,0
720575940626533634,0.22798630357349026,22.521530276121812,ascending,AN,3.708245323207351e-07,545,2
720575940626534226,3.102263701695924,25.13213207135908,sensory,olfactory,0.0,8086,0
720575940626535973,0.4213644196687693,23.135742785194303,central,unknown,8.754107709428783e-05,29,2
720575940626540042,1.9563642412387054,24.67108777167852,central,Kenyon_Cell,0.0,7301,2
720575940626550504,0.956298321648648,23.955314637324918,central,Kenyon_Cell,0.0,975,2
720575940626553993,3.1584969410695827,25.150096262880474,sensory,olfactory,0.0,7316,0
720575940626565907,2.984791292439919,25.093529825619537,sensory,olfactory,0.0,1789,0
720575940626567178,0.35473281307272686,22.96360958788642,central,unknown,0.0,6560,2
720575940626569554,0.10545502147070594,21.750529246256065,ascending,AN,4.900181319952571e-07,522,2
720575940626571592,3.0889526687704487,25.127832091310296,sensory,olfactory,0.0,2179,0
720575940626572802,0.22151354310285462,22.492728451310462,central,unknown,0.0,8681,2
720575940626575997,0.16771584804261672,22.214515887723145,central,unknown,0.0,2194,2
720575940626579075,0.40309854193418315,23.09142577400267,central,unknown,0.0,6556,2
720575940626580361,1.5386620185304956,24.4309132196474,sensory,hygrosensory,0.0,7893,2
720575940626581525,2.9873964984996895,25.094402271803823,sensory,olfactory,0.0,7504,0
720575940626582088,3.0124989073206168,25.10276993610156,sensory,olfactory,0.0,2353,0
720575940626582842,1.9757163033817324,24.680931017855258,central,Kenyon_Cell,0.0,2015,2
720575940626584904,3.037438469141254,25.111014551388653,sensory,olfactory,0.0,1734,0
720575940626585481,1.0,24.0,sensory,olfactory,0.0,3826,0
720575940626587779,1.710668898680389,24.53688446284693,central,LHLN,0.0,6173,2
720575940626589053,3.063531194119461,25.119568235641754,sensory,olfactory,0.0,2325,0
720575940626593618,2.1258212535082257,24.754158199954386,sensory,olfactory,0.0,4466,0
720575940626594435,1.0,24.0,sensory,olfactory,0.0,3447,0
720575940626599420,0.13520785721586692,21.999057998440062,central,unknown,0.0,5626,2
720575940626600067,1.3718552686997771,24.31616403445343,central,unknown,0.0,5808,2
720575940626601093,3.0744683831342385,25.12313200277882,sensory,olfactory,0.0,1797,0
720575940626601994,2.0562459310029877,24.720881956686057,central,ALPN,0.0,8576,1
720575940626606223,3.3843615930397952,25.219165289770686,sensory,olfactory,0.0,3135,0
720575940626607626,3.0662632620330124,25.120459641744848,sensory,olfactory,0.0,1769,0
720575940626607930,1.1333498461401181,24.125177712971496,central,unknown,0.0,6378,2
720575940626608712,1.1621856897124925,24.150302447480748,central,unknown,0.0,5983,2
720575940626614405,3.1536642079133577,25.148565017404817,sensory,olfactory,0.0,7623,0
720575940626618696,3.073897122524854,25.122946177583326,sensory,olfactory,0.0,2568,0
720575940626619411,1.0,24.0,sensory,olfactory,0.0,4630,0
720575940626624275,1.9782659801350269,24.682220693389375,central,ALLN,4.239319028423833e-05,67,1
720575940626631441,3.043619263419618,25.113047354456338,sensory,olfactory,0.0,2543,0
720575940626632837,1.7632000387470623,24.56713036195188,central,Kenyon_Cell,0.0,2228,2
720575940626633960,1.9639246312847467,24.674944834086332,central,Kenyon_Cell,0.0,3799,2
720575940626640158,1.6302335407271686,24.488723281075305,central,Kenyon_Cell,0.0,1373,2
720575940626643944,2.0200940350568772,24.70314406233796,central,Kenyon_Cell,0.0,957,2
720575940626649348,0.5069603682772904,23.320677552475363,central,unknown,0.0,7120,2
720575940626650776,1.2610209742421004,24.231921689867534,central,ALPN,0.0,7879,1
720575940626651624,1.6857601683670775,24.522216600568733,central,Kenyon_Cell,0.0,4432,2
720575940626653214,0.9219281410187153,23.918712003379547,central,unknown,0.0,1199,2
720575940626653309,0.458836303368811,23.2209382299274,central,unknown,0.0,7851,2
720575940626657802,1.6793626279602627,24.518414333310396,central,ALPN,0.0,5584,2
720575940626658570,1.1367401671080437,24.128164663681652,central,unknown,0.0,4674,2
720575940626661501,0.10925019713610355,21.785885359441394,central,unknown,0.0,5488,2
720575940626663953,0.04307258123011891,20.855131349333337,central,unknown,0.0,8507,2
720575940626664553,0.1803688577080585,22.287248684631507,central,unknown,0.0,5860,2
720575940626668165,2.0703321346158785,24.727709045911567,central,Kenyon_Cell,0.0,7303,2
720575940626672058,0.011129189167020024,19.501816032530254,descending,unknown,0.0,3667,2
720575940626672314,0.023562730203041348,20.251910956068716,central,unknown,0.0,813,2
720575940626674584,2.079661582482244,24.732205179746337,central,Kenyon_Cell,0.0,1417,2
720575940626674707,3.0452932311231855,25.113597195744823,sensory,olfactory,0.0,1792,0
720575940626675837,1.350818967126978,24.300711050833552,central,ALPN,1.7481727952263227e-06,416,2
720575940626681146,1.797896153635815,24.586617177782905,central,ALLN,0.0,7500,2
720575940626682682,0.3145516416298232,22.843392985999216,central,ALPN,0.0,6231,2
720575940626685962,0.24039565837783944,22.574530863523485,central,unknown,0.0,5633,2
720575940626688529,3.1765694463992142,25.155801824038345,sensory,olfactory,0.0,2873,0
720575940626689176,1.9584361719223766,24.672146283305402,central,Kenyon_Cell,0.0,1503,2
720575940626690334,1.6655296544926532,24.51014318365229,central,unknown,2.6487466594338224e-08,694,2
720575940626692485,1.0,24.0,sensory,olfactory,0.0,2748,0
720575940626694163,0.45157817873063627,23.20499323222034,central,unknown,0.0,6596,2
720575940626694288,0.11913345740146057,21.872489076496983,central,unknown,4.648550387306359e-06,323,2
720575940626698377,1.9130422525505484,24.648694777276692,central,Kenyon_Cell,0.0,5176,2
720575940626698568,3.0007496526487945,25.098862141668512,sensory,olfactory,0.0,2313,0
720575940626698633,1.7441322861341737,24.556257174751316,central,Kenyon_Cell,0.0,7572,2
720575940626700889,1.4267604337173228,24.355406443334047,central,Kenyon_Cell,0.0,2002,2
720575940626705937,0.1565444435205367,22.145584674838986,central,unknown,0.0,7074,2
720575940626707770,1.5881343635097782,24.462559971027545,central,unknown,0.0,7746,2
720575940626712921,2.127867342729169,24.755120230593185,central,Kenyon_Cell,0.0,7262,2
720575940626719570,1.1057597424067989,24.100532648405125,central,unknown,0.0,4531,2
720575940626724946,2.134306697394799,24.758141862044376,central,Kenyon_Cell,0.0,1539,2
720575940626726730,3.0010316571722058,25.098956115277034,sensory,olfactory,0.0,2561,0
720575940626729515,1.741926995394574,24.554991969053027,central,Kenyon_Cell,0.0,1557,2
720575940626730058,3.066344915068317,25.12048627088304,sensory,olfactory,0.0,3538,0
720575940626737685,3.0922750320758934,25.12890707634116,sensory,olfactory,0.0,969,0
720575940626738438,1.4459405402428012,24.36876000272708,central,unknown,0.0,8320,2
720575940626741552,0.5489422331306121,23.40023793500686,central,ALLN,0.0,8615,2
720575940626744744,1.0,24.0,sensory,olfactory,0.0,8232,0
720575940626745193,0.7929173143922598,23.76796366784965,central,unknown,0.0,6680,2
720575940626756117,3.3843615930397952,25.219165289770686,sensory,olfactory,0.0,2802,0
720575940626768656,1.625579055650975,24.485864094246054,central,ALPN,0.0,4400,2
720575940626769064,3.0124989073206168,25.10276993610156,sensory,olfactory,0.0,3911,0
720575940626769304,3.1996691907202104,25.16304742656188,sensory,olfactory,0.0,1147,0
720575940626773306,1.3993340806071248,24.335996466751478,central,unknown,0.0,8633,2
720575940626778008,0.4075068890638779,23.102302559234108,central,unknown,0.0,6176,2
720575940626778264,1.7895497717600266,24.58196406405875,central,unknown,0.0,6889,2
720575940626779644,3.1181932075554197,25.137253733935648,sensory,olfactory,0.0,1718,0
720575940626779722,1.628612830408287,24.487728628202525,central,Kenyon_Cell,0.0,2085,2
720575940626782845,2.0453252714910786,24.7155568338104,central,Kenyon_Cell,0.0,4469,2
720575940626784533,0.1840930861614229,22.307686253752255,central,unknown,0.0,3781,2
720575940626792025,0.9672976979614076,23.966751026343516,central,LHLN,0.0,1217,2
720575940626793305,1.6572995269153326,24.505189486692263,central,LHLN,0.0,5806,2
720575940626793502,1.7452863896598814,24.556918662337083,central,Kenyon_Cell,0.0,6439,2
720575940626800792,1.0,24.0,sensory,olfactory,0.0,3310,0
720575940626803279,1.6200483608639207,24.482456001183856,central,Kenyon_Cell,0.0,1171,2
720575940626805147,0.10163678702008788,21.713650267597565,central,unknown,0.0,7157,2
720575940626805777,0.18490121681650112,22.312066440333048,central,unknown,0.0,7083,2
720575940626811023,3.1842291148352806,25.15821022357018,sensory,olfactory,0.0,7597,0
720575940626812072,1.0,24.0,sensory,olfactory,0.0,1893,0
720575940626815120,0.21137292331472812,22.44586870353892,central,unknown,0.0,7227,2
720575940626815826,1.733572594794707,24.550184362851738,central,ALLN,0.0,7139,2
720575940626818085,0.035407237330790674,20.659160964634307,central,unknown,3.155981644715399e-05,99,2
720575940626818250,0.19443742463355168,22.362355108062925,central,unknown,0.0,5400,3
720575940626820395,0.7731477647470741,23.74271490883647,central,Kenyon_Cell,0.0,4285,2
720575940626821513,1.93777174905351,24.661538729986194,central,unknown,0.0,7095,2
720575940626822916,3.083890366440206,25.126191905925296,sensory,olfactory,0.0,7441,0
720575940626826005,1.0,24.0,sensory,olfactory,0.0,3578,0
720575940626826392,0.1631931117066304,22.18717895497714,central,unknown,0.0,4785,2
720575940626828574,1.6755929698035112,24.51616711445262,central,Kenyon_Cell,0.0,2963,2
720575940626831961,1.2968981095676877,24.25997534370385,central,unknown,0.0,1754,2
720575940626833304,1.4948724912201017,24.402040913051458,central,unknown,0.0,5725,2
720575940626833994,0.21525287965571294,22.464058242427683,central,unknown,0.0,5580,2
720575940626834762,1.4253925203910383,24.35444722869642,central,Kenyon_Cell,0.0,2621,2
720575940626849423,1.0,24.0,sensory,olfactory,0.0,4598,0
720575940626851471,3.092627155152558,25.129020941707623,sensory,olfactory,0.0,8081,0
720575940626853245,0.15736367385284944,22.150804241628684,central,unknown,0.0,1124,2
720575940626854025,1.123938257965912,24.116838819327448,central,unknown,0.0,6371,2
720575940626855171,1.0484821244571347,24.04734352253271,central,Kenyon_Cell,0.0,4645,2
720575940626856721,2.9784516695482433,25.091403591514883,sensory,olfactory,0.0,2576,0
720575940626860487,3.060435941716618,25.118557370430445,sensory,olfactory,0.0,3504,0
720575940626864414,1.895232668601993,24.639341611262413,central,Kenyon_Cell,0.0,1157,2
720575940626865289,3.0188334265523458,25.104870474161874,sensory,olfactory,0.0,946,0
720575940626867081,2.9414714809429667,25.07890995986248,sensory,olfactory,0.0,7369,0
720575940626867742,1.4299643732432814,24.357649530145576,central,Kenyon_Cell,0.0,7581,2
720575940626868361,3.3149724595798435,25.198449315784263,sensory,olfactory,0.0,4484,0
720575940626868818,3.1835461357539376,25.15799571251818,sensory,olfactory,0.0,3470,0
720575940626872593,1.0,24.0,sensory,olfactory,0.0,3264,0
720575940626874097,1.373196785631014,24.317141441811458,central,Kenyon_Cell,0.0,2582,2
720575940626876945,1.6247998092568623,24.485384613889188,central,ALLN,0.0,2499,2
720575940626879484,3.0928129636876043,25.129081021033116,sensory,olfactory,0.0,2118,0
720575940626879505,0.07044965417421645,21.347143050538815,central,unknown,0.0,7229,2
720575940626879996,2.9838104400966996,25.093201154886927,sensory,olfactory,0.0,2147,0
720575940626881991,1.5490348109866703,24.43763203438213,central,unknown,0.0,6398,2
720575940626883465,0.7587968246678853,23.723978774394013,central,unknown,0.0,8035,2
720575940626883721,1.2811223022669724,24.247736492414205,central,unknown,0.0,7446,2
720575940626886025,0.32257328119213163,22.868575059943936,central,unknown,0.0,1854,2
720575940626886933,3.085245992707364,25.12663139249523,sensory,olfactory,0.0,1726,0
720575940626888336,1.280630422124426,24.247352473969404,central,unknown,0.0,6969,2
720575940626889491,0.03282415581290139,20.58340942306646,descending,unknown,0.0,5763,2
720575940626892687,0.38448443757940265,23.044148034708567,central,unknown,0.0,2899,2
720575940626893834,3.0652786556838403,25.120138480650024,sensory,olfactory,0.0,943,0
720575940626895442,1.8273599112319183,24.60287225374293,central,Kenyon_Cell,0.0,1107,2
720575940626901278,1.033370714853597,24.032825997833438,central,Kenyon_Cell,0.0,2584,2
720575940626904561,1.6572258462665301,24.50514502744666,central,Kenyon_Cell,0.0,4633,2
720575940626907923,2.789202934138155,25.025755868328226,sensory,olfactory,0.0,8128,0
720575940626916126,1.3959680874782343,24.333588144106276,central,Kenyon_Cell,0.0,7276,2
720575940626917393,1.9347867946775288,24.6599971367819,central,ALPN,0.0,3751,2
720575940626919409,1.5757314144665573,24.454719554619366,central,Kenyon_Cell,0.0,3007,2
720575940626928650,0.07442984663711905,21.40210174688936,central,unknown,0.0,8254,2
720575940626930186,1.5831253156283729,24.459400941144253,central,Kenyon_Cell,0.0,4379,2
720575940626930206,1.923310835461986,24.65404809445003,central,LHLN,0.0,4934,2
720575940626936107,1.9300466285947504,24.6575441625186,central,LHLN,0.0,7548,2
720575940626937617,1.6347793261176173,24.491507826504716,central,ALPN,0.0,3020,1
720575940626941205,1.9369990310858516,24.661139884210925,central,Kenyon_Cell,0.0,8610,2
720575940626946033,1.4921654693744253,24.400228400038582,central,Kenyon_Cell,0.0,7492,2
720575940626949253,0.19103566299236632,22.344704848872517,central,unknown,0.0,8116,2
720575940626949909,2.0859740926279176,24.735235936859997,central,Kenyon_Cell,0.0,4024,2
720575940626949918,1.157028848805827,24.145855382045742,central,unknown,0.0,8634,2
720575940626951434,0.7002509030865608,23.643683424820313,central,unknown,0.0,7998,2
720575940626952537,0.01593456083688873,19.860735108851834,central,unknown,1.059498663773529e-07,633,2
720575940626958878,1.6034046577651395,24.472129279552732,central,unknown,0.0,4967,2
720575940626961694,1.6574013806744288,24.5052509424688,central,LHLN,0.0,5959,2
720575940626965002,1.8085942241508706,24.59254987177213,central,Kenyon_Cell,0.0,7493,2
720575940626965258,1.5154023409060762,24.415680975258613,central,unknown,0.0,6315,2
720575940626967070,2.08720500630533,24.735825853412308,central,unknown,0.0,7656,2
720575940626976522,3.1467839458408924,25.14638096171877,sensory,olfactory,0.0,1826,0
720575940626976555,0.575581319119017,23.44762524088144,central,unknown,0.0,7166,2
720575940626980358,2.9972632356085303,25.09769961751331,sensory,olfactory,0.0,2498,0
720575940626982799,1.4921929147832056,24.400246792875667,central,LHCENT,0.0,1396,2
720575940626984274,2.964236633478417,25.086619540103545,sensory,olfactory,0.0,2146,0
720575940626985738,1.0,24.0,sensory,olfactory,0.0,2820,0
720575940626986885,2.267777311403849,24.81880019383312,central,ALPN,1.0674449037518304e-05,234,1
720575940626988574,0.5340318005970521,23.3727001098848,central,LHCENT,0.0,4734,2
720575940626991147,0.4578458515737756,23.218777279863907,central,ALPN,0.0,7743,2
720575940626991771,1.4768514084992674,24.38991239489951,central,Kenyon_Cell,0.0,3083,2
720575940626993001,1.144566888332021,24.13502630198105,central,Kenyon_Cell,0.0,3185,2
720575940626996252,2.969466206484741,25.088382208205196,sensory,olfactory,0.0,2150,0
720575940626996632,1.0,24.0,sensory,olfactory,0.0,3159,0
720575940626997912,3.112921809459972,25.13556177372031,sensory,olfactory,0.0,2553,0
720575940626999114,1.8267860205723265,24.602558149886644,central,Kenyon_Cell,0.0,7202,2
720575940626999882,1.491345689457421,24.39967885965211,central,Kenyon_Cell,0.0,6989,2
720575940627000582,3.1872728165142274,25.159165634694048,sensory,olfactory,0.0,7402,0
720575940627014949,2.894201617733851,25.062709293278772,central,ALLN,0.0,1204,1
720575940627017259,0.37716539417647765,23.02492852360363,central,unknown,0.0,4359,2
720575940627022664,2.1436264403947805,24.7624989931374,central,Kenyon_Cell,0.0,7014,2
720575940627031226,1.326258291052306,24.28236166242684,central,ALLN,0.0,7379,1
720575940627035388,2.5009473666361357,24.91666960674646,central,ALPN,5.999411183617607e-06,297,1
720575940627042064,2.3228733835179898,24.84280494671432,central,ALPN,3.2116053245635096e-05,98,1
720575940627043048,3.1833251547570196,25.15792629663495,sensory,olfactory,0.0,8093,0
720575940627044885,0.04063013767900321,20.796754819616314,descending,unknown,6.621866648584556e-08,670,2
720575940627045202,0.18485030357962579,22.311791048701703,central,unknown,0.0,7218,2
720575940627045636,1.7281261274556243,24.5470376581439,central,Kenyon_Cell,0.0,1167,2
720575940627046693,1.1797158517290298,24.16527360586026,central,unknown,0.0,5923,2
720575940627048018,1.0,24.0,sensory,olfactory,0.0,2931,0
720575940627054725,2.0442499451624356,24.715030947234677,central,Kenyon_Cell,0.0,7481,2
720575940627059460,1.9753450502900456,24.68074309210086,central,Kenyon_Cell,0.0,8372,2
720575940627060476,3.0432679294502596,25.112931914837166,sensory,olfactory,0.0,8437,0
720575940627066757,2.8537535558554756,25.048635164890168,central,ALLN,3.8406826561790427e-07,541,1
720575940627067847,0.31241157339023784,22.836566185000887,central,unknown,0.0,2227,2
720575940627069321,1.4671197069845776,24.383301095684914,central,unknown,0.0,5960,2
720575940627069416,0.26139087973668335,22.658261631533065,visual_projection,unknown,0.0,7757,2
720575940627073448,1.6726824666533355,24.514428605217958,central,Kenyon_Cell,0.0,7205,2
720575940627075977,0.9713857589803907,23.970968390517733,central,unknown,0.0,5887,2
720575940627077714,2.1283252153180294,24.755335386549774,central,unknown,0.0,4971,2
720575940627079080,2.132365979239203,24.75723215162761,central,Kenyon_Cell,0.0,2066,2
720575940627079557,1.9299979248896886,24.657518927729527,central,Kenyon_Cell,0.0,1076,2
720575940627080079,1.759869266104543,24.565239525668698,central,ALPN,0.0,6326,2
720575940627081994,1.5017005735910702,24.40659818166518,central,Kenyon_Cell,0.0,1458,2
720575940627082298,1.8784146835371378,24.630428167665986,central,Kenyon_Cell,0.0,4041,2
720575940627086596,2.0140268942151485,24.70013614783936,central,Kenyon_Cell,0.0,7699,2
720575940627087364,0.40298862966760096,23.0911530683422,central,unknown,0.0,7066,2
720575940627096957,0.07366677818512245,21.391796647691553,central,unknown,2.683180366006462e-05,118,2
720575940627097733,0.8430611431105316,23.829284206769746,central,Kenyon_Cell,0.0,2703,2
720575940627101706,1.882891091283429,24.632808410128433,central,Kenyon_Cell,0.0,1490,2
720575940627102280,0.07067445535493937,21.350328918235164,central,unknown,0.0,4139,2
720575940627103802,1.6066331094382178,24.474140752934506,central,Kenyon_Cell,0.0,6125,2
720575940627111752,0.0513067372311385,21.030066794613237,central,unknown,0.0,5471,2
720575940627114492,2.2932220790981726,24.82995785007925,central,ALPN,0.0,4188,2
720575940627120536,1.889864642356869,24.636505208706275,sensory,olfactory,0.0,4664,0
720575940627121436,1.5846026627742915,24.46033368995545,central,unknown,0.0,6908,2
720575940627129290,1.9120206606741899,24.648160620362766,central,ALPN,2.2487859138593157e-05,158,2
720575940627129672,1.0,24.0,sensory,olfactory,0.0,3343,0
720575940627132232,1.4199013661452826,24.35058740873961,central,ALLN,0.0,7648,2
720575940627133702,0.650235554070633,23.569579409137727,central,unknown,0.0,1710,2
720575940627135306,1.9589223722297087,24.672394511954554,sensory,thermosensory,0.0,1161,2
720575940627140348,1.0,24.0,sensory,olfactory,0.0,909,0
720575940627144010,1.0,24.0,sensory,olfactory,0.0,4639,0
720575940627146186,0.13380625211898345,21.988637594966967,central,unknown,0.0,5433,2
720575940627147578,1.3293831375362852,24.284715028278526,central,Kenyon_Cell,0.0,3040,2
720575940627148746,0.542536103407762,23.388499354278512,central,unknown,0.0,7987,2
720575940627150090,1.8717169883422442,24.626856185185225,central,Kenyon_Cell,0.0,981,2
720575940627150991,2.015108868853523,24.700673223146826,sensory,hygrosensory,0.0,2187,2
720575940627153513,0.5561970264797009,23.413367316668413,central,unknown,0.0,4426,2
720575940627153668,2.0672248250313627,24.72620704354689,central,Kenyon_Cell,0.0,8317,2
720575940627154063,3.045667173771645,25.113719981848845,sensory,olfactory,0.0,7358,0
720575940627157135,3.060435941716618,25.118557370430445,sensory,olfactory,0.0,3177,0
720575940627158866,2.065566175317866,24.725404365742754,central,Kenyon_Cell,0.0,7703,2
720575940627159704,1.0,24.0,sensory,olfactory,0.0,3101,0
720575940627160322,2.2874685360516573,24.827445763341426,central,ALPN,4.5955754541176815e-06,324,1
720575940627163560,3.058889989983732,25.118052101783853,sensory,olfactory,0.0,3987,0
720575940627166225,1.6667130304487803,24.510853441648337,central,LHLN,0.0,5533,2
720575940627167516,0.031077419937802,20.52872622948726,descending,unknown,0.0,5764,2
720575940627168273,1.0448787649337647,24.04390086426913,central,unknown,0.0,7255,2
720575940627172100,1.6069817386563527,24.474357723066884,central,ALPN,0.0,6722,2
720575940627172936,1.3476481787550614,24.29836098343617,central,Kenyon_Cell,0.0,1628,2
720575940627173192,1.4640157014194406,24.381183140494887,central,Kenyon_Cell,0.0,916,2
720575940627174419,1.9077096267081655,24.645903374184567,central,LHLN,0.0,5101,2
720575940627186600,0.9068038488338966,23.902170884055437,central,unknown,0.0,6710,2
720575940627192337,1.5602902366670923,24.444871853102022,central,unknown,4.370431988065807e-07,533,2
720575940627193363,1.7645296848073881,24.567884187345253,central,unknown,0.0,4973,2
720575940627195748,1.58605765590762,24.461251475583186,central,LHLN,0.0,5884,2
720575940627196435,1.8160876591475774,24.596684549469835,central,unknown,0.0,6473,2
720575940627196691,1.631338068068959,24.489400578719813,central,unknown,0.0,5828,2
720575940627197459,1.8590083980369272,24.620043226231484,central,LHLN,0.0,5901,2
720575940627197971,0.5901028095218189,23.472541496164077,central,unknown,0.0,6080,2
720575940627200010,1.7405367118350354,24.554193520741556,central,Kenyon_Cell,0.0,802,2
720575940627202058,1.9477571069312758,24.666678509012456,central,Kenyon_Cell,0.0,6049,2
720575940627203461,0.17092778735559294,22.233485892162264,central,unknown,0.0,6153,2
720575940627210373,1.0035001267943633,24.00349401560638,central,Kenyon_Cell,0.0,8283,2
720575940627211307,1.422562139401062,24.352459569298755,central,Kenyon_Cell,0.0,4382,2
720575940627211407,0.7288673655721443,23.683736496243135,central,unknown,0.0,7396,2
720575940627214235,2.6524628844827958,24.975488598753174,central,ALLN,0.0,6142,1
720575940627214891,3.1873404917772454,25.15918686743704,sensory,olfactory,0.0,7406,0
720575940627216283,0.45567049562823986,23.214014672026487,central,unknown,0.0,6993,2
720575940627218882,0.008696853220950089,19.255205982508265,central,unknown,0.0,4143,2
720575940627221011,1.1752762516482145,24.161503227748334,central,unknown,0.0,6608,2
720575940627223614,1.045996615586634,24.044970130060666,central,unknown,1.7018197286862308e-05,186,2
720575940627228090,1.0182062745783365,24.018042524889363,central,unknown,0.0,4602,2
720575940627230986,1.1092872516560965,24.103717693454573,central,Kenyon_Cell,0.0,2589,2
720575940627237651,1.6233334798146088,24.484481738661255,central,unknown,0.0,5977,2
720575940627239848,3.012354468596547,25.10272198847028,sensory,olfactory,0.0,4006,0
720575940627239946,1.6074381323331766,24.474641689504505,central,ALPN,0.0,2056,2
720575940627240783,0.21411427345661035,22.458754581633798,central,unknown,0.0,3683,2
720575940627243322,1.7114864509098238,24.53736226245652,central,Kenyon_Cell,0.0,4197,2
720575940627244986,2.3748679138576323,24.864941820722184,central,ALPN,0.0,7501,1
720575940627245585,0.4187558652056982,23.12953281052042,central,ALPN,0.0,8039,2
720575940627249171,1.728139848699021,24.54704559806721,central,unknown,2.251434660518749e-07,577,2
720575940627249480,1.521971359156536,24.420006441362656,central,unknown,0.0,5773,2
720575940627249764,0.25687074132760335,22.64081772735761,central,unknown,0.0,867,2
720575940627252267,1.6146652684635403,24.479127671083184,central,Kenyon_Cell,0.0,6541,2
720575940627253865,3.1188499423827927,25.13746432565804,sensory,olfactory,0.0,849,0
720575940627257361,1.825535869383309,24.601873570993813,central,unknown,0.0,5158,2
720575940627261882,1.7136508034450562,24.538626067473707,central,LHLN,0.0,7211,2
720575940627264082,1.5345417073864414,24.428231774497434,central,Kenyon_Cell,0.0,1910,2
720575940627264262,1.8499904093628385,24.6151804549486,sensory,hygrosensory,0.0,7327,2
720575940627264488,1.5500876360053948,24.438311468691186,central,Kenyon_Cell,0.0,4281,2
720575940627265274,1.5890357552765837,24.463127389048797,central,ALPN,0.0,4870,1
720575940627269642,1.6328957108741025,24.49035494843035,central,unknown,0.0,7510,2
720575940627271230,1.8927745789368382,24.638043783750717,sensory,hygrosensory,0.0,6216,2
720575940627271762,0.2736971216541658,22.704266820583058,central,unknown,0.0,1625,2
720575940627273226,0.9358147453036016,23.93366225622219,central,unknown,0.0,5452,2
720575940627275602,0.35000496664705866,22.950192065820808,central,unknown,0.0,4677,2
720575940627281594,0.2913214503412597,22.766672018871112,central,unknown,3.0685730049540835e-05,105,2
720575940627284123,0.8992934571860767,23.893854128459935,central,Kenyon_Cell,0.0,3418,2
720575940627284234,1.4796388580287083,24.39179804315409,central,unknown,0.0,3720,2
720575940627284580,0.6056409287874812,23.498532004720495,central,unknown,0.0,7827,2
720575940627286545,1.2200739162758345,24.19891144402118,central,unknown,0.0,4164,2
720575940627286794,1.412063461273239,24.345052082305592,central,unknown,0.0,6308,2
720575940627290122,1.1280935584535874,24.120529091527857,central,unknown,0.0,7813,2
720575940627290129,0.14116219255160525,22.04215425209029,central,unknown,0.0,8396,2
720575940627291402,1.3749066302184973,24.31838582351723,central,unknown,0.0,7108,2
720575940627295802,0.9566852899687692,23.955719207780252,central,Kenyon_Cell,0.0,2697,2
720575940627311108,1.0,24.0,sensory,olfactory,0.0,2876,0
720575940627316303,3.0989137886787828,25.13105165934114,sensory,olfactory,0.0,2547,0
720575940627318696,2.9997894515620334,25.098542103392525,sensory,olfactory,0.0,1840,0
720575940627321146,1.9153235310050145,24.649886554057417,central,unknown,0.0,4670,2
720575940627321674,0.34760071333645265,22.94329916658321,central,unknown,0.0,7989,2
720575940627322088,2.9451615354563123,25.080163666348476,sensory,olfactory,0.0,2199,0
720575940627326229,0.9218739776199866,23.918653251523047,central,unknown,0.0,5810,2
720575940627327314,1.0,24.0,sensory,olfactory,0.0,3357,0
720575940627332885,3.160328965683044,25.15067612524473,sensory,olfactory,0.0,3273,0
720575940627334782,3.044893858696606,25.11346604298342,sensory,olfactory,0.0,7143,0
720575940627342138,1.1465706810606064,24.136775470836078,central,unknown,0.0,4343,2
720575940627343108,2.1037817462488895,24.743736556723405,central,Kenyon_Cell,0.0,3798,2
720575940627343377,2.0101163189504776,24.698192590521188,central,Kenyon_Cell,0.0,5227,2
720575940627349860,1.0813686595764178,24.078227516203484,central,unknown,5.032618652924262e-07,518,1
720575940627353426,1.2585748395025431,24.229980001050034,central,ALPN,0.0,4088,1
720575940627363349,3.0450066673767933,25.113503090774174,sensory,olfactory,0.0,2412,0
720575940627364629,1.6576058850808373,24.5053743234392,central,unknown,0.0,3045,2
720575940627367189,1.6500116757835763,24.500782364119924,central,Kenyon_Cell,0.0,5610,2
720575940627368250,1.65304313015184,24.502617910544377,central,unknown,0.0,6134,2
720575940627369960,0.7064227136646509,23.652458523902588,central,ALLN,0.0,4807,2
720575940627370027,3.0586080941717766,25.117959941293314,sensory,olfactory,0.0,2383,0
720575940627370110,0.07647031421677573,21.42914733708577,central,unknown,0.0,8268,2
720575940627372346,1.9221602686156647,24.653449693448167,central,unknown,0.0,6900,2
720575940627383569,0.17201576309641534,22.239830839541476,central,unknown,0.0,5293,2
720575940627383890,1.5979350803193098,24.468712220936432,central,unknown,0.0,1524,2
720575940627384049,0.4989264147395786,23.304703340443538,central,unknown,0.0,7081,2
720575940627390440,1.9399821262995454,24.662678759785138,central,ALLN,0.0,3156,2
720575940627397386,2.969466206484741,25.088382208205196,sensory,olfactory,0.0,2338,0
720575940627405052,2.427857466957887,24.887009167585266,central,ALLN,0.0,4480,2
720575940627420668,0.03387614309916397,20.614955744273157,central,unknown,0.0,5741,2
720575940627429909,0.9614979146428462,23.960737117186152,central,Kenyon_Cell,0.0,6447,2
720575940627431080,3.074337697440504,25.123089495114066,sensory,olfactory,0.0,2132,0
720575940627431311,3.020018434020361,25.1052629353484,sensory,olfactory,0.0,1182,0
720575940627431848,1.988486438946878,24.687373765902286,central,LHLN,0.0,5086,2
720575940627439592,0.030681534329370132,20.515905707002087,central,unknown,0.0,7172,2
720575940627441169,1.9811948209550767,24.683700107633573,central,Kenyon_Cell,0.0,7662,2
720575940627444721,0.554480500053128,23.41027636046878,central,unknown,0.0,8675,2
720575940627446415,1.6207283394251792,24.48287564044575,central,unknown,0.0,1233,2
720575940627448860,0.021145678065941826,20.143680258864524,central,unknown,0.0,3685,2
720575940627449243,1.969577251414905,24.67781892653108,central,Kenyon_Cell,0.0,6430,2
720575940627450385,1.7036425435522013,24.53276863149061,central,Kenyon_Cell,0.0,2639,2
720575940627451388,1.0,24.0,sensory,olfactory,0.0,3375,0
720575940627452668,1.0,24.0,sensory,olfactory,0.0,3214,0
720575940627454730,0.019429425316832494,20.059033406863907,central,unknown,0.0,918,2
720575940627454888,3.0676430053257207,25.12090951601936,sensory,olfactory,0.0,2324,0
720575940627455400,1.0,24.0,sensory,olfactory,0.0,3160,0
720575940627465871,3.0255301121615994,25.107086319819206,sensory,olfactory,0.0,7132,0
720575940627469315,0.4785528689968078,23.263011414828952,central,unknown,0.0,7875,2
720575940627478427,1.1818098192330546,24.167047008604563,central,unknown,0.0,1550,2
720575940627479829,1.6906521935846333,24.52511436785326,central,Kenyon_Cell,0.0,1375,2
720575940627480363,1.1517917041919477,24.1413187335918,central,Kenyon_Cell,0.0,3369,2
720575940627480586,1.6456000050229482,24.49810506240896,central,ALPN,1.922990074748955e-05,167,1
720575940627480853,1.7742141927704138,24.57335761660477,central,Kenyon_Cell,0.0,5087,2
720575940627483179,1.41772715993993,24.349054997706357,central,Kenyon_Cell,0.0,2062,2
720575940627486485,0.22019453727663688,22.486756136990714,central,unknown,0.0,6591,2
720575940627491861,2.0063384319041973,24.69631138513247,central,Kenyon_Cell,0.0,7248,2
720575940627492117,1.6329860034361277,24.490410242877577,central,Kenyon_Cell,0.0,4660,2
720575940627493653,1.6868233823610255,24.52284710475828,central,Kenyon_Cell,0.0,899,2
720575940627494249,1.0,24.0,sensory,olfactory,0.0,3277,0
720575940627498152,1.4837359537682628,24.394563200186408,central,unknown,0.0,7883,2
720575940627510409,3.3843615930397952,25.219165289770686,sensory,olfactory,0.0,2809,0
720575940627517186,0.10864243391548742,21.780306788070366,central,unknown,0.0,6891,2
720575940627526735,3.1370349575768977,25.14327807277951,sensory,olfactory,0.0,770,0
720575940627528964,3.041663953810054,25.112404718901985,sensory,olfactory,0.0,766,0
720575940627534339,1.3897666071404344,24.329135824512324,central,Kenyon_Cell,0.0,1190,2
720575940627537753,0.051010985462372496,21.024285731769666,central,unknown,0.0,1459,2
720575940627543624,2.1216707519627933,24.752203868852114,central,Kenyon_Cell,0.0,4613,2
720575940627546897,2.2120473981711397,24.793918511175157,central,Kenyon_Cell,0.0,4454,2
720575940627547153,1.6590662046255926,24.50625491675661,central,Kenyon_Cell,0.0,4655,2
720575940627549205,0.5713061100885726,23.440169881752478,central,DAN,0.0,3292,2
720575940627559759,1.7650107544103844,24.568156783517058,central,Kenyon_Cell,0.0,795,2
720575940627572484,0.1559561574728576,22.141819646927086,central,unknown,0.0,3290,2
720575940627572742,1.876539569079699,24.62942942601048,central,Kenyon_Cell,0.0,7670,2
720575940627573766,1.5356055385134773,24.428924790880302,central,Kenyon_Cell,0.0,8495,2
720575940627575569,2.2246277368789387,24.799589592352554,central,ALPN,0.0,6579,2
720575940627576488,1.0207195445808468,24.02050781445683,central,Kenyon_Cell,0.0,4310,2
720575940627578385,1.2538351272599428,24.22620695610265,central,unknown,0.0,8343,2
720575940627585286,2.0915828014978675,24.7379211006445,central,Kenyon_Cell,0.0,3077,2
720575940627585874,0.008192201679815225,19.195427408130037,central,unknown,0.0,2386,2
720575940627586091,3.0977758242985076,25.130684377949255,sensory,olfactory,0.0,3637,0
720575940627588593,1.5817535764171369,24.45853409009312,central,Kenyon_Cell,0.0,5172,2
720575940627590266,0.03268456309055374,20.57914761071629,central,unknown,0.0,3114,2
720575940627592977,1.3311093168765658,24.28601266742773,central,unknown,0.0,786,2
720575940627594568,0.6650257221973004,23.592070440921606,central,DAN,4.502869321037498e-07,530,2
720575940627595024,3.0090660801899656,25.10162975825422,sensory,olfactory,0.0,2341,0
720575940627598760,2.0341559935691134,24.710080987689107,central,Kenyon_Cell,0.0,6643,2
720575940627598891,2.969271119645091,25.088316508434687,sensory,olfactory,0.0,1707,0
720575940627603733,0.6966415365970137,23.63851570478769,central,unknown,0.0,4192,2
720575940627604327,2.6850041329047225,24.987682267216524,central,ALLN,1.9203413280895213e-05,169,1
720575940627605779,1.8830873029774053,24.63291261236945,central,ALLN,0.0,6344,1
720575940627606375,3.0820846058824203,25.125606188137755,sensory,olfactory,0.0,2245,0
720575940627619057,0.5535510161573213,23.408598639031744,central,unknown,0.0,5657,2
720575940627627029,1.9413894920996966,24.66340394974384,central,unknown,0.0,5560,2
720575940627628548,1.8329988264631856,24.60595332862997,central,Kenyon_Cell,0.0,5174,2
720575940627629315,3.060435941716618,25.118557370430445,sensory,olfactory,0.0,8618,0
720575940627631125,1.3017056514540912,24.263675444075762,central,unknown,0.0,5456,2
720575940627631893,2.117394768991232,24.750186450437283,central,LHLN,0.0,7792,2
720575940627632428,0.04273436609223916,20.84724814406939,central,unknown,0.0,826,2
720575940627635441,0.04539776997558712,20.907707705378304,central,unknown,0.0,7075,2
720575940627636476,1.0,24.0,sensory,olfactory,0.0,4146,0
720575940627638037,0.7113755962032315,23.65944527604058,central,unknown,0.0,6585,2
720575940627643398,3.0409346974301417,25.112164934419983,sensory,olfactory,0.0,1644,0
720575940627645514,0.019513846065917117,20.063368989280438,descending,unknown,0.0,7912,2
720575940627650120,1.180596220888795,24.166019582810346,central,unknown,0.0,7282,2
720575940627654677,1.0878631494713595,24.084215358786683,central,unknown,4.635306654009189e-07,527,2
720575940627654933,1.0293538343514743,24.028931260088317,central,unknown,0.0,8635,2
720575940627656281,1.7073396470005864,24.534936397072272,central,unknown,0.0,7293,2
720575940627660968,1.9204289362440976,24.652548565382467,central,Kenyon_Cell,0.0,6656,2
720575940627675535,2.9805220938464365,25.09209848444904,sensory,olfactory,0.0,2331,0
720575940627677017,1.9217568879613522,24.65323981345369,central,ALPN,0.0,6892,2
720575940627677258,1.046668262740218,24.045612036161927,sensory,thermosensory,0.0,7375,2
720575940627679306,1.639372637464035,24.494313630518047,central,unknown,0.0,3603,2
720575940627680021,1.4125856108621122,24.345421791661682,central,unknown,0.0,6471,2
720575940627683588,0.08222900558467568,21.501752826831055,central,unknown,0.0,7919,2
720575940627684713,0.12423465648713021,21.91441688933202,central,unknown,0.0,5233,2
720575940627687940,2.0164214290185907,24.70132437053477,central,Kenyon_Cell,0.0,2627,2
720575940627690246,2.003136249311955,24.69471407699229,central,ALLN,0.0,5712,1
720575940627692565,0.7765839846738809,23.747149515741057,central,unknown,5.032618652924262e-07,519,2
720575940627693845,1.7318026106232831,24.54916283749277,central,unknown,0.0,6362,2
720575940627700484,1.5070823106749922,24.41017553704795,central,Kenyon_Cell,0.0,8289,2
720575940627704488,1.2702904476287342,24.239245573243153,central,unknown,0.0,7119,2
720575940627707753,3.1646247272651635,25.152034478981744,sensory,olfactory,0.0,2453,0
720575940627708688,1.197919970312145,24.1805866947174,central,ALPN,5.178299719193123e-06,310,1
720575940627709583,1.2859779042983295,24.25151944394024,central,unknown,0.0,5874,2
720575940627711631,1.4756235989281459,24.38908067938029,central,unknown,0.0,6776,2
720575940627712399,1.4659651441101844,24.382513826995023,central,unknown,0.0,6298,2
720575940627713813,1.0695666953656637,24.06725360885416,central,unknown,0.0,6157,2
720575940627716168,0.030544148839973476,20.511417860958655,central,unknown,0.0,6797,2
720575940627719184,2.0786589100695343,24.73172293099522,central,ALPN,0.0,4987,2
720575940627720335,0.42983202669867415,23.155639217803035,central,ALIN,0.0,7963,2
720575940627720360,1.3230582583439094,24.279945919192716,central,unknown,0.0,3283,2
720575940627722826,1.4740654073653785,24.388024166843284,central,unknown,0.0,7686,2
720575940627724431,1.8511351353008711,24.61579903757203,central,unknown,0.0,5059,2
720575940627726223,1.8936598416574308,24.638511380776514,central,LHLN,0.0,1448,2
720575940627728009,1.3427799886448235,24.294742083305536,central,LHLN,0.0,6094,2
720575940627728149,0.04692834131815051,20.940866506456786,central,unknown,3.310933324292278e-07,553,2
720575940627731206,0.14088458133499454,22.040185704090717,central,unknown,0.0,7244,2
720575940627737073,3.150863428647799,25.147676519610446,sensory,olfactory,0.0,2100,0
720575940627737365,1.82528922868755,24.601738455950223,central,ALLN,0.0,5230,2
720575940627739225,1.3969304336379527,24.334277282068523,central,unknown,0.0,4667,2
720575940627752585,0.16631128482050977,22.206105963125605,central,unknown,0.0,8249,2
720575940627768409,2.846770371145353,25.046185148613546,central,ALLN,0.0,5443,1
720575940627771279,0.04406040927300369,20.877806351341285,descending,unknown,0.0,7508,2
720575940627772009,2.5392457118167955,24.931867073076294,central,ALPN,4.463138121145991e-06,332,1
720575940627777265,1.0,24.0,sensory,olfactory,0.0,3610,0
720575940627779983,0.02605204463445754,20.35234097498389,central,unknown,0.0,6086,2
720575940627784442,0.23403920681986778,22.5477333728528,central,unknown,0.0,6685,2
720575940627787343,1.0,24.0,sensory,olfactory,0.0,3329,0
720575940627796298,0.038796845417821336,20.75058366067737,central,unknown,3.26722900441162e-05,96,2
720575940627802618,2.001985110079307,24.694139243342548,central,Kenyon_Cell,0.0,6467,2
720575940627806809,0.11735198101868147,21.857422524456442,central,unknown,0.0,8197,2
720575940627808232,1.9814381007336481,24.683822894570284,central,Kenyon_Cell,0.0,2978,2
720575940627811995,2.9804791226937413,25.092084067021116,sensory,olfactory,0.0,2209,0
720575940627813892,1.8104941069467717,24.593599795286902,central,unknown,0.0,3390,2
720575940627817260,3.0971379201831843,25.130478433478068,sensory,olfactory,0.0,742,0
720575940627818499,0.1801151110185674,22.285840873170173,central,unknown,0.0,3875,2
720575940627822340,1.3051865898425448,24.266346011276145,central,unknown,0.0,6416,2
720575940627822647,2.0754961339385694,24.730200225795933,central,ALPN,0.0,3879,2
720575940627825923,0.02727069778379638,20.398057505512657,descending,unknown,0.0,8614,2
720575940627826760,0.009238926636935808,19.315670435090013,descending,unknown,1.5892479956602933e-07,599,2
720575940627833860,2.0499295136258575,24.717805408962043,central,unknown,0.0,896,2
720575940627844734,2.4713357357171377,24.90475878816023,central,ALPN,1.8143914617121684e-06,414,1
720575940627849515,0.02112786366081728,20.14283744298247,central,unknown,0.0,7226,2
720575940627857384,1.7329876620334996,24.54984689128141,central,Kenyon_Cell,0.0,3498,2
720575940627870952,1.0,24.0,sensory,olfactory,0.0,2736,0
720575940627888144,0.11606598399514735,21.846403577947537,central,unknown,1.9468287946838595e-06,409,2
720575940627890231,3.0891017037764086,25.12788033789312,sensory,olfactory,0.0,6132,0
720575940627902440,1.8017625580046226,24.588765384691072,central,Kenyon_Cell,0.0,2868,2
720575940627910160,1.6326165435698279,24.490183969249628,central,Kenyon_Cell,0.0,3520,2
720575940627911415,0.17311028377194174,22.246173590863094,central,unknown,0.0,728,2
720575940627912464,1.4824125987663015,24.393670894850835,central,Kenyon_Cell,0.0,4321,2
720575940627912492,1.0603774191166473,24.058624900521583,central,Kenyon_Cell,0.0,2702,2
720575940627915280,2.032418634901052,24.709226529609523,central,Kenyon_Cell,0.0,1497,2
720575940627920071,1.6346835210322752,24.4914492204952,central,Kenyon_Cell,0.0,2650,2
720575940627927573,1.8498363362568773,24.61509716828863,central,ALLN,7.297297046740181e-06,282,1
720575940627931466,1.771874503294594,24.572038027606375,central,Kenyon_Cell,0.0,4207,2
720575940627932412,1.9388689660692604,24.662104795879674,central,Kenyon_Cell,0.0,1024,2
720575940627935996,1.8798177867762382,24.631174850217093,central,Kenyon_Cell,0.0,2772,2
720575940627941242,1.3141037032122518,24.273154838723183,central,Kenyon_Cell,0.0,3618,2
720575940627942391,0.48329441374044974,23.272870741226576,central,unknown,0.0,8233,2
720575940627944464,1.9375123127941183,24.661404837215684,sensory,thermosensory,0.0,7543,2
720575940627946106,1.548646676084221,24.437381437342957,central,unknown,0.0,4815,2
720575940627947792,1.9615875752875118,24.673754132771258,central,Kenyon_Cell,0.0,2266,2
720575940627948111,3.0557592231157717,25.11702807995286,sensory,olfactory,0.0,2312,0
720575940627948367,2.9222278825056645,25.072346298824748,sensory,olfactory,0.0,3515,0
720575940627950312,3.020882698605503,25.1055490729865,sensory,olfactory,0.0,3338,0
720575940627951336,1.3835558471392795,24.32465688599268,central,unknown,0.0,6910,2
720575940627958889,1.6161766379718794,24.480063259801142,central,ALPN,0.0,1553,2
720575940627960442,0.2818972300259387,22.73378729300217,central,unknown,0.0,8601,3
720575940627964715,3.3843615930397952,25.219165289770686,sensory,olfactory,0.0,4345,0
720575940627969359,0.13316412185705884,21.983827087413978,central,unknown,0.0,5289,2
720575940627972860,1.933274757882864,24.659215330778487,central,LHLN,0.0,8554,2
720575940627982332,0.8420617374933691,23.828098055010912,central,unknown,1.5892479956602934e-06,424,2
720575940627983080,1.599071251918122,24.469422993158048,central,unknown,0.0,1839,2
720575940627985402,1.9291177062768794,24.657062751386448,central,Kenyon_Cell,0.0,5025,2
720575940627987974,1.5121549291060534,24.413535738848008,central,unknown,0.0,4805,2
720575940627993576,1.2958580752760602,24.25917308211559,central,unknown,0.0,7107,2
720575940627994008,1.6845016866860163,24.521469785161692,central,unknown,0.0,5079,2
720575940627996156,1.4409267595133775,24.36528648957259,central,unknown,0.0,8460,2
720575940627996315,3.1028623573484126,25.132325026554078,sensory,olfactory,0.0,2259,0
720575940627996422,2.1746936073583374,24.776887784437438,central,LHLN,0.0,5056,2
720575940628002822,0.9240774283761134,23.921040586092627,central,Kenyon_Cell,0.0,2605,2
720575940628003304,1.4268637976329421,24.355478887291124,central,unknown,0.0,8665,2
720575940628006296,0.29149901535345074,22.767281348941474,central,unknown,7.813802645329776e-07,487,2
720575940628007676,1.8985104759844202,24.641069618706847,central,LHLN,0.0,4972,2
720575940628009771,3.038646380627527,25.111412146725797,sensory,olfactory,0.0,3990,0
720575940628013898,1.5326952115657184,24.4270277618355,central,unknown,0.0,1863,2
720575940628023685,2.6039052821444355,24.957012349700303,central,ALLN,9.477215547454216e-05,26,1
720575940628024107,0.17612022941556704,22.263411604513966,central,ALPN,0.0,1740,2
720575940628029180,0.020006061425845382,20.088280019947295,central,unknown,0.0,2198,2
720575940628029592,1.3614794105538026,24.308571910398015,central,unknown,0.0,1871,2
720575940628034044,0.12913368711993786,21.953092923018982,central,unknown,0.0,8441,2
720575940628035543,2.281109566955783,24.824661976763174,central,ALPN,3.893657589367719e-06,344,1
720575940628044560,2.9959478685375878,25.097260665148976,sensory,olfactory,0.0,988,0
720575940628055558,1.6814260924040603,24.51964229785966,central,Kenyon_Cell,0.0,4713,2
720575940628056380,0.8098188829893134,23.7890553424341,central,unknown,0.0,6265,2
720575940628058493,1.229527783063439,24.206630179461044,central,unknown,0.0,8691,2
720575940628059722,1.6327215449792352,24.490248281983316,central,ALPN,1.62500607556265e-05,192,1
720575940628059978,1.7934337626476518,24.584132085413945,central,ALLN,0.0,6218,1
720575940628060934,1.8869208938861124,24.634946343878696,central,Kenyon_Cell,0.0,4128,2
720575940628061968,3.028590263021179,25.108097251525404,sensory,olfactory,0.0,2191,0
720575940628071409,1.1926389261309438,24.176168436894937,central,Kenyon_Cell,0.0,2640,2
720575940628071696,0.23532578512313107,22.553215594780994,central,unknown,0.0,7152,2
720575940628071939,0.1859613865192955,22.317783773820707,central,unknown,0.0,2241,2
720575940628072721,1.9772328477498664,24.681698315578835,central,Kenyon_Cell,0.0,1053,2
720575940628076038,1.85189103294926,24.616207296992595,central,Kenyon_Cell,0.0,3050,2
720575940628077568,2.4300551530174803,24.887913953809903,central,ALPN,1.417079462797095e-06,443,1
720575940628080369,1.5194414642490623,24.41834280959817,central,unknown,0.0,5309,2
720575940628082053,0.006374782600781476,18.944594709642672,visual_centrifugal,unknown,0.0,4474,2
720575940628086607,1.0,24.0,sensory,olfactory,0.0,6018,0
720575940628103806,1.3916074580863749,24.330459523642006,central,Kenyon_Cell,0.0,2680,2
720575940628123535,1.6455428644079457,24.49807033853505,central,unknown,0.0,5970,2
720575940628125339,0.019625673713458438,20.069083313445297,central,unknown,0.0,4135,2
720575940628130325,0.015096035070377127,19.80667685223835,central,unknown,0.0,1937,2
720575940628132943,2.9945686153056688,25.09680018623701,sensory,olfactory,0.0,2319,0
720575940628134915,2.0579281083191816,24.72169970401218,central,Kenyon_Cell,0.0,2776,2
720575940628136347,0.06744936691801845,21.303621917682708,central,unknown,6.356991982641174e-06,292,2
720575940628137577,1.0502844651607357,24.04906104667815,central,unknown,0.0,3559,2
720575940628142352,0.9745958519657134,23.97426759527796,central,ALLN,0.0,2882,2
720575940628147718,2.0966516505766037,24.740341620131442,central,Kenyon_Cell,0.0,3084,2
720575940628151772,2.1041419398398915,24.7439077545011,central,LHLN,0.0,5137,2
720575940628155395,1.8679124975141332,24.62482149583697,central,Kenyon_Cell,0.0,6959,2
720575940628155868,0.34908596788893925,22.94756293921628,central,unknown,0.0,7068,2
720575940628158875,1.5176281624731671,24.417148696710267,central,unknown,0.0,1305,2
720575940628164222,2.657906610462204,24.977538824407507,central,ALPN,0.0,2973,1
720575940628168847,1.0611281909748318,24.059332673233524,central,ALIN,0.0,2163,1
720575940628173623,0.13581959260758092,22.003572201196587,central,unknown,0.0,2982,2
720575940628174279,2.0771588909348124,24.73100104217733,central,unknown,0.0,5068,2
720575940628174674,2.2022268771179028,24.789469065289985,central,unknown,0.0,3175,2
720575940628181520,2.5452333308525197,24.9342223278638,central,ALPN,1.3641045296084185e-06,445,1
720575940628184040,3.0937767539513326,25.129392595039317,sensory,olfactory,0.0,3539,0
720575940628185538,2.376453872225599,24.865609406921674,central,ALPN,0.0,5578,2
720575940628186667,2.003338503439442,24.69481504062748,central,Kenyon_Cell,0.0,6946,2
720575940628190407,1.6791806989397455,24.51830599525846,central,unknown,0.0,3698,2
720575940628200506,2.163229941301145,24.77160244797872,central,ALPN,1.1919359967452201e-07,627,1
720575940628202089,3.0906533296977776,25.12838250211988,sensory,olfactory,0.0,2504,0
720575940628205417,2.8849979446607668,25.0595241875372,sensory,olfactory,0.0,2269,0
720575940628207047,1.7129796059463285,24.538234313810708,central,unknown,0.0,4175,2
720575940628209863,1.7523752961098347,24.560972179682842,central,LHLN,0.0,7929,2
720575940628210255,1.0,24.0,sensory,olfactory,0.0,3321,0
720575940628210887,1.0604420289170846,24.058685829612475,central,unknown,0.0001184254631432,21,2
720575940628211399,1.7453475603361952,24.55695371079945,central,unknown,0.0,6964,2
720575940628217643,1.6227315872772623,24.484110894250065,central,Kenyon_Cell,0.0,1307,2
720575940628217899,1.8660528561837948,24.623825427953133,central,Kenyon_Cell,0.0,5957,2
720575940628218155,1.2513430650975699,24.224217426581763,central,Kenyon_Cell,0.0,5139,2
720575940628219692,2.1440098130528393,24.762677820181683,central,Kenyon_Cell,0.0,6782,2
720575940628225323,3.054871580514841,25.116737555902006,sensory,olfactory,0.0,1511,0
720575940628226604,1.6427525189773509,24.49637320018523,central,Kenyon_Cell,0.0,2044,2
720575940628231211,1.7168063669213822,24.540465801485617,central,LHLN,0.0,8571,2
720575940628236169,0.05352247904843226,21.072346455803068,central,unknown,5.562367984811027e-07,513,2
720575940628236200,1.6044508267750839,24.472781534027458,central,LHLN,0.0,4882,2
720575940628237705,0.7141247825818603,23.663302433608546,central,unknown,0.0,5614,2
720575940628238023,0.17850583580163057,22.276866015269693,central,unknown,7.946239978301467e-06,269,2
720575940628238473,2.050720163986498,24.7181910309647,central,unknown,0.0,1020,2
720575940628239110,1.5809373954349832,24.45801795936297,central,Kenyon_Cell,0.0,7600,2
720575940628244841,1.0,24.0,sensory,olfactory,0.0,3358,0
720575940628246121,3.103327692484485,25.13247498494504,sensory,olfactory,0.0,1581,0
720575940628251907,2.0688770795242437,24.72700598642542,central,ALLN,0.0,8617,2
720575940628251947,1.0,24.0,sensory,olfactory,0.0,8277,0
720575940628254263,1.5879149409814206,24.46242179777665,central,Kenyon_Cell,0.0,1633,2
720575940628257914,0.7015353419481785,23.645515999830423,central,Kenyon_Cell,0.0,4609,2
720575940628259407,1.7552363194215457,24.562603502793717,central,ALPN,2.6487466594338224e-08,688,1
720575940628260106,0.6100586626909428,23.505799841907148,central,unknown,0.0,8130,2
720575940628264721,3.174761358425566,25.15523246681919,sensory,olfactory,0.0,8069,0
720575940628265039,2.0026986997909755,24.694495620900977,central,Kenyon_Cell,0.0,7275,2
720575940628269391,1.747999365669943,24.558471914344228,central,Kenyon_Cell,0.0,3817,2
720575940628270235,1.7480749801872941,24.558515171157374,central,Kenyon_Cell,0.0,4916,2
720575940628277147,3.1548337180233585,25.14893579033274,sensory,olfactory,0.0,961,0
720575940628281860,2.9222278825056645,25.072346298824748,sensory,olfactory,0.0,3514,0
720575940628283560,1.980796974559911,24.683499276124053,central,ALPN,4.9134250532497404e-06,317,1
720575940628285450,3.1879391787695797,25.159374682568306,sensory,olfactory,0.0,7513,0
720575940628288923,3.010274743079803,25.102031351366012,sensory,olfactory,0.0,7331,0
720575940628290895,3.060435941716618,25.118557370430445,sensory,olfactory,0.0,4637,0
720575940628301642,1.753802334531979,24.561786193490057,central,unknown,0.0,6397,2
720575940628303183,2.9878185283607466,25.09454353194588,sensory,olfactory,0.0,2418,0
720575940628304113,1.6936618430074266,24.52689295588241,central,Kenyon_Cell,0.0,2844,2
720575940628311370,0.49224637839959595,23.291224081272038,central,unknown,0.0,5586,2
720575940628314217,1.0,24.0,sensory,olfactory,0.0,3267,0
720575940628316047,2.6586451752276603,24.977816660418508,central,ALPN,5.761023984268564e-06,299,1
720575940628318193,1.8469315479358883,24.613525639315316,central,Kenyon_Cell,0.0,6844,2
720575940628319546,0.22181717461099235,22.494098225808283,central,unknown,0.0,6846,2
720575940628322780,0.07646466753170048,21.429073492828383,central,unknown,0.0,5739,2
720575940628326417,2.2236701697799783,24.799159060435024,central,ALLN,0.0,4383,1
720575940628330885,1.2455878278490868,24.219607569371316,central,ALLN,0.0,7887,2
720575940628334342,1.0535611825636326,24.052176028098934,central,unknown,8.608426643159923e-07,478,2
720575940628336401,1.8065609904196465,24.59142503268505,central,LHLN,0.0,4903,2
720575940628338028,0.29093664073696657,22.76535023505663,central,ALPN,0.0,7886,2
720575940628342171,0.22444762272320068,22.50588709462456,central,unknown,0.0,5185,2
720575940628343634,1.926784996457386,24.655852808976633,central,ALLN,2.8434295389022083e-05,113,1
720575940628346194,0.20461583424387086,22.41337896276211,central,ALPN,0.0,7889,2
720575940628347398,1.523916792996824,24.42128385800283,central,unknown,0.0,8455,2
720575940628347654,0.6632861260597277,23.589451180791688,central,unknown,0.0,7849,2
720575940628347910,0.3155786074260765,22.846652523871104,central,unknown,0.0,5526,2
720575940628348265,0.03628877513182643,20.683753189450197,central,unknown,2.6487466594338224e-08,697,2
720575940628349169,1.1699409496309732,24.156953277135113,central,unknown,0.0,6420,2
720575940628352850,0.3851814645212708,23.045959280680414,descending,unknown,6.556972355428427e-05,40,2
720575940628355843,1.9515997892632964,24.668649440978037,central,Kenyon_Cell,0.0,4039,2
720575940628356666,0.14818466880436565,22.09070397916534,visual_projection,unknown,0.0,7756,2
720575940628358406,3.0124989073206168,25.10276993610156,sensory,olfactory,0.0,1299,0
720575940628358675,0.7249362334275873,23.678328418111384,central,unknown,0.0,6606,2
720575940628360970,2.349926430828834,24.85438402163574,central,unknown,0.0,7785,2
720575940628363642,1.4426074329141927,24.366452193517105,central,Kenyon_Cell,0.0,799,2
720575940628367836,1.0436651904054144,24.042738739180187,central,Kenyon_Cell,0.0,2588,2
720575940628371441,1.6281252337667993,24.48742918953996,central,unknown,0.0,5587,2
720575940628372327,3.1315424004467385,25.141525662871466,sensory,olfactory,0.0,2857,0
720575940628372635,3.0576057443395896,25.117632173210765,sensory,olfactory,0.0,2343,0
720575940628374121,1.9513147873867152,24.66850339531319,central,Kenyon_Cell,0.0,3716,2
720575940628376586,0.24509434574843325,22.59388794212399,central,unknown,0.0,5856,2
720575940628380827,2.9607372061561885,25.085438293460488,sensory,olfactory,0.0,2236,0
720575940628382203,0.11548528648992909,21.84138785316737,central,CX,0.0,7984,2
720575940628385546,1.5282988457783653,24.424155251318997,central,Kenyon_Cell,0.0,7570,2
720575940628390811,2.9599931682490546,25.085186960309336,sensory,olfactory,0.0,1741,0
720575940628391323,3.027289227394197,25.10766757466375,sensory,olfactory,0.0,7352,0
720575940628392279,1.5232042951983824,24.420816204902867,central,unknown,0.0,8174,2
720575940628393559,1.317798849643361,24.275962806560003,central,unknown,0.0,8657,2
720575940628394716,1.7036675562553394,24.532783313279122,central,Kenyon_Cell,0.0,1155,2
720575940628397138,0.022460570410195838,20.204006066719643,descending,unknown,0.0,3704,2
720575940628398295,1.6598954262001375,24.506754604119127,central,Kenyon_Cell,0.0,2847,2
720575940628401681,1.5089651652946607,24.41142409489014,central,unknown,0.0,7635,2
720575940628404188,1.0889565251434048,24.085219921338872,central,Kenyon_Cell,0.0,4342,2
720575940628404227,0.047459229551144226,20.952115738247365,central,unknown,0.0,5571,2
720575940628406828,1.1648996341650382,24.15263493237516,central,Kenyon_Cell,0.0,3320,2
720575940628407098,0.6979649148036734,23.64041355719264,central,unknown,0.0,8290,2
720575940628407375,3.0270272912125824,25.10758104592645,sensory,olfactory,0.0,2224,0
720575940628408143,3.063699357286403,25.11962312607409,sensory,olfactory,0.0,2487,0
720575940628419804,0.024944975427312416,20.308917137255712,central,unknown,0.0,1353,2
720575940628419825,1.578904227733239,24.456731079686836,central,LHLN,0.0,6647,2
720575940628420008,2.933082698089948,25.076053985332546,central,ALPN,0.0,3722,1
720575940628420106,1.992259675739243,24.68926950997322,central,unknown,0.0,3633,2
720575940628420264,2.5165862600347566,24.92290332442736,central,ALLN,0.0,5800,1
720575940628425990,0.5490395371644317,23.40041517662727,central,unknown,5.365036358683207e-05,53,2
720575940628429056,3.10325367472758,25.13245113356776,sensory,olfactory,0.0,2336,0
720575940628429626,0.09185730024871087,21.612481009637232,central,unknown,0.0,5738,2
720575940628431671,3.035628289744679,25.11041841782976,sensory,olfactory,0.0,2311,0
720575940628432834,1.7292951062295274,24.547713872431626,central,Kenyon_Cell,0.0,7203,2
720575940628436282,0.10564745820172528,21.752352406122508,descending,unknown,0.0,1906,2
720575940628437291,0.017516281811126636,19.955375558610797,descending,unknown,5.2974933188676455e-08,676,2
720575940628443127,0.03757221870592452,20.71850963411489,central,unknown,0.0,2817,2
720575940628443962,0.10848986336683127,21.77890146444348,visual_centrifugal,unknown,0.0,4571,2
720575940628444410,0.19951742771207945,22.388146310485165,central,unknown,0.0,2725,2
720575940628446010,0.02719398089670103,20.395240379268984,central,unknown,5.66831785118838e-06,300,2
720575940628447491,1.9501356330301671,24.667898925556877,central,Kenyon_Cell,0.0,6331,2
720575940628452711,3.034719578634994,25.110119024405797,sensory,olfactory,0.0,2345,0
720575940628453946,0.25526214890635,22.63453577303713,central,unknown,0.0,726,2
720575940628455942,0.22869436123086329,22.524631165996524,central,unknown,0.0001223323644659,19,2
720575940628467611,2.224120548668575,24.799361578457404,central,ALPN,5.26968147894359e-05,54,1
720575940628471392,1.3655752967779358,24.311575802687386,central,Kenyon_Cell,0.0,8287,2
720575940628476716,1.048378545829034,24.04724472853113,central,Kenyon_Cell,0.0,4280,2
720575940628478251,3.112383847229981,25.135388942935442,sensory,olfactory,0.0,2094,0
720575940628478449,0.026115553127269417,20.35477576312484,central,unknown,0.0,2912,2
720575940628478736,0.29622993799643554,22.783380691330855,central,unknown,1.1919359967452201e-07,628,2
720575940628478823,0.030404858069881403,20.5068471215929,central,unknown,0.0,3946,2
720575940628484396,1.8323009653149123,24.6055725351362,central,Kenyon_Cell,0.0,7294,2
720575940628498161,0.05461314942509159,21.092519406734745,descending,unknown,0.0,4136,2
720575940628499322,3.048203139567097,25.114552282443196,sensory,olfactory,0.0,839,0
720575940628504919,1.0409771438029896,24.040159833390824,central,ALPN,0.0,4162,2
720575940628510480,0.5131848442932121,23.33288082154855,central,unknown,0.0,5672,2
720575940628514647,1.2880983506448644,24.25316698396327,central,ALPN,0.0,6700,2
720575940628514832,0.03573432554647061,20.668356447759646,central,unknown,8.03894611138165e-06,267,2
720575940628515331,1.387446034472892,24.327464671808468,central,unknown,0.0,6175,2
720575940628524292,2.5717073850415546,24.944570030479174,central,ALPN,1.178692263448051e-05,223,1
720575940628533036,1.6112785995076577,24.477028025002117,central,unknown,0.0,6198,2
720575940628536055,1.6269639503886382,24.48671567088549,central,Kenyon_Cell,0.0,6977,2
720575940628538112,1.6730262040290502,24.51463408478044,central,Kenyon_Cell,0.0,5027,2
720575940628538703,0.246963889675119,22.601486851310923,central,unknown,0.0,5327,2
720575940628553731,3.0780176456497905,25.124285768229946,sensory,olfactory,0.0,4501,0
720575940628554999,1.04495127630205,24.043970258781492,central,Kenyon_Cell,0.0,6523,2
720575940628561111,1.9619178249266187,24.673922476946274,central,Kenyon_Cell,0.0,2921,2
720575940628561628,0.5112316119870526,23.329067460954562,central,unknown,0.0,4640,2
720575940628564350,3.206927907220968,25.165313440639498,sensory,olfactory,0.0,3794,0
720575940628565114,3.0965177892884954,25.13027818634589,sensory,olfactory,0.0,3554,0
720575940628565776,4.059342616451775,25.401021043373543,sensory,olfactory,0.0,3191,0
720575940628569815,1.6724261539068435,24.514275358925495,central,Kenyon_Cell,0.0,4885,2
720575940628573519,1.8381299248008172,24.608748709574932,central,ALLN,2.3534114069069517e-05,139,1
720575940628581123,2.1304861785227116,24.756350206503186,central,Kenyon_Cell,0.0,1764,2
720575940628582915,1.8504828526863817,24.615446606487378,central,Kenyon_Cell,0.0,7209,2
720575940628584783,0.21061440452916247,22.4422737159531,central,unknown,0.0,1703,2
720575940628586283,0.5422146576790038,23.387906691429684,central,unknown,6.549026115450126e-05,41,2
720575940628588587,1.8484147327586697,24.61432837052899,central,unknown,0.0,1035,2
720575940628590595,0.764540421109248,23.731519617597836,central,Kenyon_Cell,0.0,3006,2
720575940628597291,2.9854878949777146,25.093763182392006,sensory,olfactory,0.0,7411,0
720575940628599296,3.174577834667856,25.15517465804502,sensory,olfactory,0.0,8082,0
720575940628599595,3.1231578702816334,25.138844627865954,sensory,olfactory,0.0,1252,0
720575940628599746,2.9944929243046667,25.0967749098225,sensory,olfactory,0.0,2235,0
720575940628600592,0.20421254366704603,22.411406053201873,central,unknown,0.0,7394,2
720575940628601344,3.1477933048968363,25.14670166921806,sensory,olfactory,0.0,8385,0
720575940628602471,0.7398764379236309,23.698727917495194,central,unknown,0.0,5671,2
720575940628608272,0.8273882579107628,23.810518783393547,central,Kenyon_Cell,0.0,7816,2
720575940628609579,0.899226689769667,23.893779881400146,central,unknown,1.2581546632310656e-06,451,2
720575940628620879,1.383873388212517,24.32488637050529,central,unknown,0.0,7008,2
720575940628621316,3.134405617350476,25.142439560367865,sensory,olfactory,0.0,738,0
720575940628624956,3.014981529245474,25.103593703873642,sensory,olfactory,0.0,2214,0
720575940628627867,0.017980375725191414,19.98152564668346,descending,unknown,0.0,8150,2
720575940628630059,0.8948538635478804,23.888905145008845,central,unknown,0.0,8342,2
720575940628632143,0.3830903180154476,23.040515499670697,central,unknown,0.0,1608,2
720575940628632702,3.1311350387846693,25.14139557101647,sensory,olfactory,0.0,2435,0
720575940628634191,1.4387340388165921,24.363763587207252,central,LHLN,0.0,7818,2
720575940628635751,0.014811268008290412,19.787632964018105,ascending,AN,0.0,6818,2
720575940628641127,0.014331845455281347,19.75472873720967,central,unknown,1.3243733297169112e-08,705,2
720575940628641847,1.338022095099644,24.291192475097077,central,Kenyon_Cell,0.0,7567,2
720575940628641871,3.1106039435346955,25.13481690140052,sensory,olfactory,0.0,3983,0
720575940628644855,1.736484310633685,24.55186255811003,central,Kenyon_Cell,0.0,5378,2
720575940628651575,1.7827655670620113,24.57816584793808,central,Kenyon_Cell,0.0,4063,2
720575940628660224,3.1268948238832213,25.140040443078963,sensory,olfactory,0.0,2192,0
720575940628669292,1.1287158556420804,24.121080575583512,central,unknown,0.0,3770,2
720575940628673786,3.0457793394106334,25.113756809107777,sensory,olfactory,0.0,2306,0
720575940628674686,2.9413217443190605,25.07885905322061,sensory,olfactory,0.0,724,0
720575940628674938,0.5134061579359201,23.333311983804318,central,unknown,0.0,8147,2
720575940628675433,0.04620652994439711,20.925365849905702,central,ALIN,0.0,1364,2
720575940628677114,3.199951892128348,25.16313577598278,sensory,olfactory,0.0,5364,0
720575940628678991,0.18140309021158388,22.292966293898804,central,unknown,0.0,6893,2
720575940628684588,1.940211953557991,24.662797221518744,central,Kenyon_Cell,0.0,8334,2
720575940628685884,1.544836587682374,24.434918136265456,central,Kenyon_Cell,0.0,1546,2
720575940628687259,1.9137948623289152,24.64908810982024,central,Kenyon_Cell,0.0,1159,2
720575940628690423,3.103647209123531,25.13257793900701,sensory,olfactory,0.0,7344,0
720575940628691260,0.18705126739059583,22.323627457467204,central,unknown,0.0,2768,2
720575940628694007,2.061829052196111,24.723593478276438,central,Kenyon_Cell,0.0,8215,2
720575940628694019,0.012286781278435348,19.600768712689703,central,unknown,0.0,2426,2
720575940628694991,0.9245486944415445,23.921550441568346,central,Kenyon_Cell,0.0,2685,2
720575940628695043,0.2172676111124262,22.473374545686507,central,unknown,0.0001003874983925,24,2
720575940628695056,0.25579811792507884,22.63663325253225,central,unknown,0.0,5624,2
720575940628697538,0.43091544763765016,23.158156614701525,central,unknown,0.0,6610,2
720575940628697872,2.01842363086751,24.70231682599888,central,Kenyon_Cell,0.0,1226,2
720575940628702658,3.037832567990934,25.11114429007778,sensory,olfactory,0.0,2500,0
720575940628703993,3.232293152546875,25.17319183968507,sensory,olfactory,0.0,7310,0
720575940628706325,0.03623370864967125,20.682234584739863,central,unknown,9.124932241749516e-06,253,2
720575940628707600,3.030735456119704,25.108805314860362,sensory,olfactory,0.0,8065,0
720575940628708460,1.8136088002146602,24.595318672545385,central,Kenyon_Cell,0.0,6500,2
720575940628709019,0.07418841640201063,21.398852745823817,central,unknown,1.165448530150882e-06,455,2
720575940628714358,1.6275687126051228,24.48708731393601,central,Kenyon_Cell,0.0,3925,2
720575940628716926,0.3460773035967113,22.93890689192062,central,unknown,0.0,5329,2
720575940628723578,0.0777497641687651,21.445740238873444,central,unknown,0.0,739,2
720575940628724284,1.8569507517358803,24.61893576168281,central,Kenyon_Cell,0.0,903,2
720575940628728796,0.2805210832543001,22.728893606272944,central,unknown,0.0,3483,2
720575940628732471,2.139376972761238,24.760514652422245,central,Kenyon_Cell,0.0,7019,2
720575940628739560,2.3492333911563925,24.854089058406686,central,ALPN,3.559915510279057e-05,85,1
720575940628749111,3.057413960487474,25.1175694477049,sensory,olfactory,0.0,1827,0
720575940628750248,1.9200901330226123,24.652372129220453,central,ALPN,3.34006953754605e-05,92,2
720575940628753999,0.369421310548174,23.004182476745914,central,unknown,0.0,4855,2
720575940628755023,2.10922821072537,24.74632210366788,central,Kenyon_Cell,0.0,7617,2
720575940628766467,1.7622983505198453,24.566618838106272,central,Kenyon_Cell,0.0,6987,2
720575940628766480,1.370601424413553,24.315249639431816,central,unknown,0.0,5226,2
720575940628766679,2.05501817785086,24.720284693578595,central,Kenyon_Cell,0.0,7563,2
720575940628769662,2.9983296033039926,25.098055334699367,sensory,olfactory,0.0,1756,0
720575940628773675,1.8191098684381204,24.59834729817271,central,Kenyon_Cell,0.0,5033,2
720575940628773711,0.4046512234995355,23.0952702405545,central,unknown,0.0,8203,2
720575940628777466,1.575414817923229,24.4545186140593,central,Kenyon_Cell,0.0,2232,2
720575940628781828,0.031700359560290936,20.5485727444327,central,unknown,0.0,3850,2
720575940628783003,1.89680489686092,24.640170837408977,central,unknown,0.0,3915,2
720575940628787528,1.9054473465794595,24.644716808611744,central,LHLN,0.0,6479,2
720575940628787984,0.506636139401075,23.32003779319281,central,unknown,0.0,4377,2
720575940628788496,1.3535679629301534,24.302744041541676,central,Kenyon_Cell,0.0,7459,2
720575940628789525,0.4249009080802498,23.14410070529862,central,unknown,7.844263231913265e-05,34,2
720575940628790142,3.0124989073206168,25.10276993610156,sensory,olfactory,0.0,3985,0
720575940628792323,1.989892374408449,24.688080554062015,central,LHLN,6.621866648584556e-08,673,2
720575940628794371,1.9455240746504354,24.6655313878971,central,LHLN,0.0,4989,2
720575940628800060,1.3917048557240987,24.33052951049708,central,unknown,0.0,8480,2
720575940628800277,3.1360551260851866,25.142965680804704,sensory,olfactory,0.0,842,0
720575940628802069,0.009370974849522535,19.329861851293238,central,unknown,0.0,5663,2
720575940628808186,1.749792607271066,24.559497270781723,central,Kenyon_Cell,0.0,5360,2
720575940628810512,0.7671537584589873,23.73493196964623,central,unknown,0.0,1772,2
720575940628815120,1.117350729349852,24.110960463057722,central,unknown,0.0,4798,2
720575940628817914,1.5941619527200637,24.466348176662443,central,Kenyon_Cell,0.0,7665,2
720575940628820823,0.6953547796332344,23.6366669106274,central,unknown,0.0,8471,2
720575940628822248,2.4064725941599825,24.87816202143937,central,ALLN,0.0,5801,1
720575940628823299,2.2359964336473976,24.804686960321725,central,LHLN,0.0,3736,2
720575940628823674,2.969466206484741,25.088382208205196,sensory,olfactory,0.0,2409,0
720575940628829148,1.4586202839818978,24.37749097794456,central,Kenyon_Cell,0.0,6531,2
720575940628829352,1.6155353216134714,24.47966637024239,central,LHLN,0.0,8184,2
720575940628831938,1.48155126260088,24.393089689255923,central,unknown,0.0,5257,2
720575940628834832,1.682102199036712,24.520044320131024,central,ALPN,0.0,1367,2
720575940628837124,1.7797474986428468,24.576471499546635,central,unknown,0.0,6638,2
720575940628837436,3.014093064729362,25.103298977209143,sensory,olfactory,0.0,2128,0
720575940628839419,2.0757679813451237,24.730331196699925,central,LHLN,0.0,6363,2
720575940628839979,0.9126854707983407,23.90863604149029,central,unknown,0.0,8186,2
720575940628843931,1.7345570484805894,24.550752077333943,central,Kenyon_Cell,0.0,6548,2
720575940628847867,1.3742136911324478,24.317881706549088,central,unknown,0.0,6625,2
720575940628861188,0.6050924672962326,23.49762600587626,central,ALLN,0.0,7899,2
720575940628862507,1.3144722597512244,24.273435261694846,central,unknown,0.0,6332,2
720575940628864087,1.7749287882460956,24.573760302824603,central,unknown,0.0,4822,2
720575940628864762,1.55293595022692,24.44014730070621,central,unknown,0.0,7258,2
720575940628868352,3.0780083961604836,25.124282763210395,sensory,olfactory,0.0,3997,0
720575940628868907,1.3602861925478895,24.30769511330645,central,unknown,0.0,6099,2
720575940628868943,1.8107263047139563,24.593728038111752,central,Kenyon_Cell,0.0,2610,2
720575940628876860,1.5311684359448043,24.42603112757044,central,Kenyon_Cell,0.0,1632,2
720575940628879055,0.12201007209086433,21.896348320465226,central,unknown,0.0,8272,2
720575940628882450,1.0688344686865698,24.066568773174097,central,ALPN,0.0,2361,2
720575940628887887,1.6595883353766272,24.506569580876693,central,Kenyon_Cell,0.0,5081,2
720575940628888375,2.081368659576418,24.733025686731693,sensory,olfactory,0.0,3430,0
720575940628888796,1.8609535443635121,24.62108901462071,central,Kenyon_Cell,0.0,4231,2
720575940628889347,1.5891325379469234,24.463188293734415,central,unknown,0.0,7676,2
720575940628894970,3.0046457676276654,25.100159680049533,sensory,olfactory,0.0,1339,0
720575940628895750,0.23281545372829165,22.542490816666337,central,unknown,8.396526910405218e-06,261,2
720575940628896168,0.7936439550384127,23.76887966234789,central,unknown,2.516309326462131e-07,571,2
720575940628901246,1.4872845373679406,24.396951999117768,central,Kenyon_Cell,0.0,6532,2
720575940628906622,1.4282379063972797,24.35644145115951,central,Kenyon_Cell,0.0,7946,2
720575940628908548,4.967457741849543e-05,14.089982723512318,optic,optic_lobe_intrinsic,0.0,2196,2
720575940628909623,1.0,24.0,sensory,olfactory,0.0,1635,0
720575940628914436,2.042076129949402,24.71396700109913,central,ALLN,0.0,5783,1
720575940628914692,2.2708581018726948,24.82015777850846,central,ALLN,0.0,5678,1
720575940628917251,1.0762371795150123,24.07347086450768,central,unknown,0.0,8568,2
720575940628920987,2.0311031681176903,24.70857907801798,central,Kenyon_Cell,0.0,6678,2
720575940628924887,1.2560064989568882,24.227937242361353,central,Kenyon_Cell,0.0,2852,2
720575940628928771,1.8317290435544997,24.60526035332346,central,LHLN,0.0,5507,2
720575940628933275,1.4831672484559584,24.39417983390817,central,ALLN,0.0,8424,2
720575940628934403,1.1607980669803823,24.14910775733868,central,unknown,0.0,1034,2
720575940628934915,0.4756470520032095,23.256920812823328,central,unknown,0.0,8519,2
720575940628945516,1.985320994306682,24.685780611043683,sensory,hygrosensory,0.0,7315,2
720575940628952579,0.8992587889027109,23.893815577137953,central,unknown,0.0,5491,2
720575940628953088,3.1229499646567076,25.138778056608942,sensory,olfactory,0.0,2759,0
720575940628953210,3.1674625574544346,25.152930812292283,sensory,olfactory,0.0,7312,0
720575940628954112,1.510455103840592,24.41241099868892,central,ALPN,0.0,5706,2
720575940628954344,1.793932656025056,24.584410224484447,central,unknown,0.0,5796,2
720575940628954954,0.030959741631096747,20.524932424455756,central,unknown,5.2974933188676455e-08,678,2
720575940628955006,0.46795850754907603,23.24062435392189,central,unknown,0.0,6595,2
720575940628961644,3.1752250597121314,25.155378514781138,sensory,olfactory,0.0,7417,0
720575940628966479,1.9280356038930766,24.656501662767365,central,LHLN,0.0,8465,2
720575940628970087,1.7356456311737145,24.551379465892666,central,unknown,0.0,5126,2
720575940628976887,3.19091854358214,25.16030882004523,sensory,olfactory,0.0,2451,0
720575940628981036,3.0363952210204155,25.110671029262654,sensory,olfactory,0.0,2248,0
720575940628983119,1.7271870287131887,24.546494090181685,central,unknown,0.0,7857,2
720575940628983887,1.2767333168107657,24.244304719540928,central,unknown,0.0,5811,2
720575940628983963,1.6193173732467427,24.482004685902048,central,Kenyon_Cell,0.0,5604,2
720575940628993900,3.0626853095565307,25.119292083283185,sensory,olfactory,0.0,2122,0
720575940628994524,3.3439741319500107,25.20715995953165,sensory,olfactory,0.0,4493,0
720575940629000318,3.027866202941687,25.107858147987876,sensory,olfactory,0.0,2201,0
720575940629005467,0.07160430539365314,21.363399924372928,central,unknown,0.0,8659,2
720575940629007230,1.9273090617326183,24.65612476148768,sensory,thermosensory,0.0,1491,2
720575940629009513,2.238402974412122,24.8057626537399,central,ALPN,1.8673663949008447e-06,413,1
720575940629009769,2.5062494536603084,24.918787394081818,sensory,olfactory,0.0,1261,0
720575940629009786,3.060003002102609,25.118415897043093,sensory,olfactory,0.0,1642,0
720575940629011655,1.8783649276476597,24.63040167908021,central,ALPN,8.343551977216541e-07,483,2
720575940629023131,0.44025264987333407,23.17959348739556,central,unknown,7.946239978301468e-08,666,2
720575940629029370,1.6028447559182761,24.47178002297265,central,Kenyon_Cell,0.0,6491,2
720575940629036997,1.5541841146601258,24.440950722829772,central,Kenyon_Cell,0.0,1439,2
720575940629043817,3.1426117107737848,25.145054209227137,sensory,olfactory,0.0,4468,0
720575940629044862,1.9626113097856595,24.67427588742812,central,LHLN,0.0,6767,2
720575940629044891,2.2084443271622325,24.7922883432976,central,LHLN,0.0,6662,2
720575940629047162,0.12291531512710513,21.903740344367236,central,unknown,0.0,8143,2
720575940629048567,0.589746989246522,23.471938334157425,central,unknown,0.0,6761,2
720575940629049335,3.096187247896271,25.130171434485256,sensory,olfactory,0.0,2169,0
720575940629050234,0.4886381328964918,23.283866922020227,central,unknown,0.0,5665,2
720575940629055340,1.4219286053616134,24.352014122920636,central,unknown,0.0,2828,2
720575940629056411,0.4826754796484821,23.271589264068947,central,unknown,0.0,4859,2
720575940629058203,1.4615810481914442,24.379518759516646,central,LHLN,0.0,5104,2
720575940629060986,0.48368248442778833,23.273673388547124,central,unknown,0.0,2548,2
720575940629064764,1.113298458342605,24.107327192987896,central,ALLN,0.0,1816,2
720575940629067351,1.4741110400215856,24.38805512337321,central,Kenyon_Cell,0.0,7017,2
720575940629068741,2.0255534506450794,24.705842972176946,central,ALLN,0.0,7527,1
720575940629072999,1.883723794342956,24.63325055943139,central,Kenyon_Cell,0.0,6446,2
720575940629075191,3.5336953501279997,25.26234416478489,sensory,olfactory,0.0,3688,0
720575940629088450,2.085081483175393,24.734807935146797,central,Kenyon_Cell,0.0,1314,2
720575940629089068,1.0297042123284879,24.029271588503015,central,ALPN,0.0,7627,2
720575940629091431,1.089141826649326,24.085390071145206,central,ALON,0.0,7224,1
720575940629097922,1.7829225662674968,24.57825390903581,central,ALPN,9.919556239579664e-06,240,1
720575940629098618,3.14823759781683,25.1468428035065,sensory,olfactory,0.0,731,0
720575940629099770,3.0170154579926534,25.10426808379411,sensory,olfactory,0.0,2550,0
720575940629103468,0.2053597777188886,22.417008175182854,central,unknown,0.0,7805,2
720575940629108094,1.8547042028241314,24.617725223950398,central,Kenyon_Cell,0.0,1156,2
720575940629111814,1.6194490609297596,24.48208600555616,central,ALLN,0.0,8037,1
720575940629119737,1.9452286523943716,24.66537952923254,central,Kenyon_Cell,0.0,4071,2
720575940629127936,1.6527719664113742,24.502453857968444,central,Kenyon_Cell,0.0,5247,2
720575940629130039,0.6296269233474292,23.53737217982974,central,unknown,0.0,8690,2
720575940629131772,0.7374259996039799,23.695410464677465,central,LHCENT,0.0,6361,2
720575940629137148,0.03106931768285333,20.52846548353969,visual_projection,unknown,0.0,6743,2
720575940629139834,0.14828034071999585,22.091349397112673,central,unknown,0.0,6405,2
720575940629141095,2.034375051633638,24.710188671795386,central,Kenyon_Cell,0.0,1493,2
720575940629141607,1.355917352871062,24.304478238450592,central,Kenyon_Cell,0.0,3854,2
720575940629144987,0.8545335788572327,23.84280051929906,central,unknown,1.5892479956602933e-07,604,2
720575940629151031,2.9511523237172175,25.082195712289522,sensory,olfactory,0.0,8120,0
720575940629153274,3.0741867251514625,25.123040386652036,sensory,olfactory,0.0,1778,0
720575940629154810,2.9880198081825635,25.094610896493098,sensory,olfactory,0.0,2536,0
720575940629155227,0.03611748612486384,20.679021849272615,descending,unknown,0.0,5237,2
720575940629162348,1.703101905260187,24.53245123856333,central,Kenyon_Cell,0.0,3521,2
720575940629162870,3.160328965683044,25.15067612524473,sensory,olfactory,0.0,3335,0
720575940629163931,1.719714095352338,24.542158053376323,central,unknown,0.0,6463,2
720575940629164283,1.4956405317137034,24.402554564391277,central,Kenyon_Cell,0.0,1322,2
720575940629172736,1.9073794953012329,24.6457303080269,central,Kenyon_Cell,0.0,5020,2
720575940629178108,3.048856466497292,25.114766591298583,sensory,olfactory,0.0,990,0
720575940629182402,1.0,24.0,sensory,olfactory,0.0,2757,0
720575940629184630,0.1174468290744602,21.858230433669444,central,unknown,0.0,872,2
720575940629199810,3.4791543449092357,25.24678925991962,sensory,olfactory,0.0,4485,0
720575940629200631,1.5375481201315848,24.430189017855334,central,Kenyon_Cell,0.0,5250,2
720575940629226044,3.681458698775102,25.303309059177558,sensory,olfactory,0.0,6821,0
720575940629229271,0.5941664556696369,23.479404229523926,central,unknown,6.356991982641173e-07,500,2
720575940629232492,3.064626405453459,25.119925671405397,sensory,olfactory,0.0,3127,0
720575940629233145,1.480420742650379,24.392326332949118,central,Kenyon_Cell,0.0,889,2
720575940629235159,3.0159493217109326,25.103914646858293,sensory,olfactory,0.0,8432,0
720575940629236183,1.0,24.0,sensory,olfactory,0.0,1075,0
720575940629239852,3.038594397032455,25.11139503909522,sensory,olfactory,0.0,7385,0
720575940629240263,0.039596854791033795,20.770994411655163,descending,unknown,1.9203413280895213e-05,168,2
720575940629244154,0.5133298332455115,23.333163309381284,central,unknown,0.0,913,2
720575940629244227,1.0891761293871187,24.08542156584753,central,unknown,0.0,3917,2
720575940629244359,1.3408168927199442,24.293279049651954,central,unknown,2.7811839924055134e-07,566,2
720575940629248044,3.0950806747839765,25.12981397196291,sensory,olfactory,0.0,1806,0
720575940629248374,0.13621363504716785,22.006469220201026,central,unknown,0.0,3684,2
720575940629249591,3.099252909736414,25.13116108558747,sensory,olfactory,0.0,1508,0
720575940629253948,3.001115110251244,25.09898392302059,sensory,olfactory,0.0,2381,0
720575940629254759,1.847337491107282,24.61374540845976,central,Kenyon_Cell,0.0,7053,2
720575940629256779,0.0626729379152189,21.230174463287916,central,unknown,0.0,7175,2
720575940629260406,0.8779697357417754,23.869856844516494,central,Kenyon_Cell,0.0,2583,2
720575940629263872,3.1325996368603723,25.14186321473966,sensory,olfactory,0.0,3295,0
720575940629263975,1.83173764025055,24.60526504652626,central,Kenyon_Cell,0.0,7006,2
720575940629265602,1.0,24.0,sensory,olfactory,0.0,6011,0
720575940629266767,1.0,24.0,sensory,olfactory,0.0,4779,0
720575940629268986,1.9268666456001446,24.65589518392401,central,unknown,0.0,6661,2
720575940629270060,1.38915788496191,24.32869772539161,central,Kenyon_Cell,0.0,1706,2
720575940629270487,2.990231220743578,25.095350715765047,sensory,olfactory,0.0,7321,0
720575940629271596,1.8651506759853875,24.623341841245406,central,Kenyon_Cell,0.0,4141,2
720575940629274935,1.0,24.0,sensory,olfactory,0.0,4196,0
720575940629275898,1.8583711824987894,24.619700395734586,sensory,hygrosensory,0.0,1218,2
720575940629279544,2.3565474241691238,24.857197592012213,central,ALPN,1.3243733297169112e-08,717,1
720575940629287132,0.04415777098987386,20.880013645939975,central,unknown,0.0,1017,2
720575940629294636,1.9597043676710397,24.672793629045113,central,Kenyon_Cell,0.0,1178,2
720575940629295916,1.9631109458775338,24.674530432228813,central,Kenyon_Cell,0.0,6665,2
720575940629296254,2.5801644828415222,24.947853149940737,sensory,olfactory,0.0,3617,0
720575940629298885,1.836642714025877,24.607939293046453,central,Kenyon_Cell,0.0,7671,2
720575940629299500,2.0154126569074973,24.700823966941446,central,Kenyon_Cell,0.0,5074,2
720575940629300043,1.8215828749194465,24.599705834603004,central,Kenyon_Cell,0.0,7951,2
720575940629301248,1.435689854785741,24.36164546873784,central,ALPN,7.01917864749963e-07,493,1
720575940629304364,1.856071522419474,24.61846216940788,central,Kenyon_Cell,0.0,7789,2
720575940629312300,0.08038622461011401,21.479087546828048,descending,unknown,4.900181319952571e-07,523,2
720575940629317991,2.114229591168444,24.74869048664481,central,ALPN,0.0,947,2
720575940629326695,1.693867788210246,24.52701454608264,central,unknown,0.0,1523,2
720575940629326841,3.037269316626615,25.110958860639187,sensory,olfactory,0.0,2490,0
720575940629327660,0.8808223060447099,23.87310063086124,central,unknown,0.0,8603,2
720575940629336770,2.9930068189962684,25.09627850718279,sensory,olfactory,0.0,1133,0
720575940629337470,3.060435941716618,25.118557370430445,sensory,olfactory,0.0,3723,0
720575940629338750,3.0042199516572032,25.100017950814408,sensory,olfactory,0.0,1798,0
720575940629342458,2.050075554161319,24.71787664815961,central,Kenyon_Cell,0.0,5310,2
720575940629343799,3.296119661995393,25.192745916605254,sensory,olfactory,0.0,2445,0
720575940629346103,1.6259455058680392,24.486089496337705,central,ALPN,0.0,2707,2
720575940629347319,1.2944911344866414,24.258117671585495,central,unknown,0.0,8594,2
720575940629347791,1.260936464509384,24.231854670708962,central,Kenyon_Cell,0.0,2656,2
720575940629349164,3.087970102336694,25.127513950229876,sensory,olfactory,0.0,1513,0
720575940629350782,3.118042592927357,25.13720543087819,sensory,olfactory,0.0,767,0
720575940629354087,1.767991320724735,24.56984405511106,central,unknown,0.0,8155,2
720575940629355520,0.14553526311698584,22.07266313645775,central,unknown,0.0,8645,2
720575940629364583,1.7588256671568108,24.564646351780013,central,unknown,0.0,7097,2
720575940629373148,3.006183529733993,25.100671343936092,sensory,olfactory,0.0,2448,0
720575940629377132,0.14619448648259958,22.077182555465097,central,unknown,5.045862386221431e-06,313,2
720575940629380034,2.993725768082786,25.096518687975742,sensory,olfactory,0.0,1775,0
720575940629384953,3.1416827136780263,25.144758552454945,sensory,olfactory,0.0,3488,0
720575940629388026,2.1651263660102082,24.772478727423277,central,Kenyon_Cell,0.0,2955,2
720575940629388135,0.102840709152136,21.725425999075714,sensory,gustatory,0.0,2766,2
720575940629396858,1.9139083868737943,24.649147427137976,central,unknown,0.0,6881,2
720575940629397079,1.3334399477911822,24.28776203009847,central,Kenyon_Cell,0.0,2947,2
720575940629397763,1.0,24.0,sensory,olfactory,0.0,6379,0
720575940629398316,1.9977609330664368,24.692027019947453,central,LHLN,0.0,5156,2
720575940629409580,1.0684409040185583,24.066200486824584,central,ALLN,0.0,4169,2
720575940629421159,0.06103221667771735,21.2036465880308,descending,unknown,0.0,6789,2
720575940629423887,0.10637872871845167,21.759250359879463,central,unknown,0.0,3184,3
720575940629423994,2.984843493926728,25.093547314624704,sensory,olfactory,0.0,1295,0
720575940629424195,3.0874973273955257,25.127360836332837,sensory,olfactory,0.0,3196,0
720575940629428215,0.10901099258291576,21.783693447546597,descending,unknown,2.434198180019683e-05,128,2
720575940629431814,0.9706811340161636,23.970242746104876,central,unknown,0.0,7830,2
720575940629432124,0.038768808083451074,20.749860728958865,central,unknown,0.0,6780,2
720575940629439238,1.676027589343062,24.516426463346278,central,unknown,0.0,4790,2
720575940629443628,1.0,24.0,sensory,olfactory,0.0,2812,0
720575940629445626,1.2165438901028154,24.196013961590047,central,Kenyon_Cell,0.0,3482,2
720575940629450106,0.37044723934545964,23.00695575168772,central,unknown,2.118997327547058e-07,582,2
720575940629452670,1.0,24.0,sensory,olfactory,0.0,3208,0
720575940629453116,3.0741835192863576,25.123039343817926,sensory,olfactory,0.0,2138,0
720575940629454974,3.0711959549840806,25.12206704762364,sensory,olfactory,0.0,764,0
720575940629455068,1.0,24.0,sensory,olfactory,0.0,3314,0
720575940629457452,0.7302844988423561,23.68567890367904,central,unknown,0.0,8463,2
720575940629461442,0.3382931021639191,22.916157406894964,descending,unknown,5.749104624301112e-05,47,2
720575940629468716,0.07933103026649332,21.465874075345557,central,unknown,0.0,4147,2
720575940629470726,0.7419934488444094,23.701585135095605,central,unknown,0.0,4541,2
720575940629471610,1.590146545681809,24.463826179080492,central,Kenyon_Cell,0.0,7029,2
720575940629477882,1.6634575501101625,24.508898297731896,central,Kenyon_Cell,0.0,8374,2
720575940629483095,1.2515237458278121,24.224361805603266,central,Kenyon_Cell,0.0,3800,2
720575940629486530,1.0360056814437204,24.03537262784129,central,unknown,0.0,5021,2
720575940629488578,0.42893936864964105,23.15356029813858,central,unknown,0.0,1462,2
720575940629489103,1.4454440007947635,24.368416541353557,central,Kenyon_Cell,0.0,3590,2
720575940629489260,0.12143417348625694,21.89161705497545,central,unknown,0.0,7118,2
720575940629494010,1.911597310171693,24.647939180612532,central,unknown,0.0,6573,2
720575940629494543,1.9896188200867435,24.687943072693695,central,Kenyon_Cell,0.0,1994,2
720575940629495046,1.5724544274003125,24.45263772818701,central,unknown,0.0,6751,2
720575940629496002,1.4605236917071502,24.378795064355412,central,unknown,0.0,6272,2
720575940629497431,2.984843493926728,25.093547314624704,sensory,olfactory,0.0,6970,0
720575940629498306,1.6392033152555814,24.49421034042439,central,Kenyon_Cell,0.0,734,2
720575940629499130,0.501234002815867,23.30931778454755,central,unknown,0.0,4892,2
720575940629499330,1.8474051539062384,24.613782034988567,central,Kenyon_Cell,0.0,2006,2
720575940629502251,0.058392853531133194,21.159438232321857,descending,unknown,1.5614361557362385e-05,196,2
720575940629502506,1.7570463646762635,24.563634197403324,central,Kenyon_Cell,0.0,4529,2
720575940629507450,1.9122705663978516,24.648291314239973,central,Kenyon_Cell,0.0,1683,2
720575940629508358,0.41195697330544906,23.11316363118917,central,unknown,0.0,8113,2
720575940629508652,0.6929725967460167,23.63323517649088,central,ALLN,0.0,7624,2
720575940629508726,0.3083641094888328,22.823525979439413,central,unknown,0.0,6683,2
720575940629511383,1.0,24.0,sensory,olfactory,0.0,3459,0
720575940629515306,1.9707825694453076,24.67843070724289,central,Kenyon_Cell,0.0,2966,2
720575940629518786,1.395687728288034,24.33338728897968,central,unknown,0.0,4555,2
720575940629518892,3.043239400263003,25.112922540269548,sensory,olfactory,0.0,3970,0
720575940629521260,3.0148275780801987,25.10354264051075,sensory,olfactory,0.0,2559,0
720575940629521914,1.0901268338020285,24.086294050757868,central,unknown,0.0,4724,2
720575940629522426,0.4010387272521993,23.08630272034998,central,unknown,0.0,1395,2
720575940629524342,2.990982556902679,25.09560194776945,sensory,olfactory,0.0,2284,0
720575940629528827,2.9930068189962684,25.09627850718279,sensory,olfactory,0.0,6400,0
720575940629529088,1.9978834222302828,24.692088331292005,central,Kenyon_Cell,0.0,6448,2
720575940629532098,1.5310329133987863,24.425942614418855,central,Kenyon_Cell,0.0,2005,2
720575940629532759,1.4003286090852354,24.33670692985377,central,Kenyon_Cell,0.0,6985,2
720575940629535610,0.2984591559471728,22.79087781349056,central,unknown,0.0,4621,2
720575940629535738,2.150626296418584,24.76575910037958,central,Kenyon_Cell,0.0,4629,2
720575940629539269,3.172254727770031,25.15444260564606,sensory,olfactory,0.0,755,0
720575940629539628,0.03108054582948054,20.528826808444197,central,unknown,0.0,5661,2
720575940629539834,1.1340360255710547,24.125782973382126,central,unknown,0.0,4037,2
720575940629541187,1.1646931369499738,24.152457650561647,central,Kenyon_Cell,0.0,2675,2
720575940629543644,1.0,24.0,sensory,olfactory,0.0,3448,0
720575940629548282,2.0185915072051475,24.702399994543953,central,LHLN,0.0,2941,2
720575940629548794,1.6707062178355123,24.513246421969477,central,unknown,0.0,6868,2
720575940629557292,3.0716872137995654,25.122226991676957,sensory,olfactory,0.0,4013,0
720575940629557957,1.486830617380438,24.396646752032563,central,Kenyon_Cell,0.0,3311,2
720575940629559034,1.4934160014251663,24.40106611432379,central,unknown,0.0,6921,2
720575940629561338,1.3899316617306938,24.329254581711478,central,unknown,2.3375189269503484e-05,146,2
720575940629564922,1.803156912917291,24.58953896922934,central,unknown,0.0,7145,2
720575940629567473,3.182123972865545,25.157548889830924,sensory,olfactory,0.0,2542,0
720575940629577319,2.969466206484741,25.088382208205196,sensory,olfactory,0.0,2465,0
720575940629578366,1.784975858566602,24.579404890527595,central,Kenyon_Cell,0.0,6990,2
720575940629584887,0.010148822629263879,19.409602422660615,central,unknown,0.0,2392,2
720575940629587031,1.0,24.0,sensory,olfactory,0.0,3305,0
720575940629587671,1.1218102138127202,24.11494364289351,central,ALPN,0.0,1599,2
720575940629588854,3.1253944817051713,25.13956050936716,sensory,olfactory,0.0,749,0
720575940629589292,0.8440262899888445,23.830428364404575,central,ALLN,0.0,6855,2
720575940629591746,3.0354869018711637,25.11037184059672,sensory,olfactory,0.0,1804,0
720575940629593585,0.2049885124182147,22.41519866160182,central,unknown,0.0,781,2
720575940629594106,0.15858752340206345,22.158551360050193,central,unknown,0.0,6195,2
720575940629594998,0.5263402197312335,23.35819253023969,central,unknown,0.0,7733,2
720575940629601810,1.906633104139515,24.645338913844636,central,Kenyon_Cell,0.0,6509,2
720575940629611996,3.1148363321506403,25.136176609013344,sensory,olfactory,0.0,2332,0
720575940629617879,1.2278319748684334,24.205249992080073,central,ALLN,0.0,8428,2
720575940629620239,2.1215300387918976,24.752137544783146,central,Kenyon_Cell,0.0,7018,2
720575940629620731,3.0124989073206168,25.10276993610156,sensory,olfactory,0.0,4000,0
720575940629621975,1.5683113515954341,24.4499994682851,central,Kenyon_Cell,0.0,3066,2
720575940629625210,2.1280221065564717,24.755192959844834,central,Kenyon_Cell,0.0,3804,2
720575940629631870,1.8672572546908341,24.624470645474876,central,Kenyon_Cell,0.0,7052,2
720575940629632894,1.5692503764845152,24.450598038129137,central,Kenyon_Cell,0.0,3827,2
720575940629633406,1.6891267873303897,24.524211701515352,central,Kenyon_Cell,0.0,6455,2
720575940629644375,3.0965177892884954,25.13027818634589,sensory,olfactory,0.0,3587,0
720575940629646974,2.3363275656659317,24.848580280163596,central,LHLN,0.0,5366,2
720575940629661306,1.8138359236145543,24.59544389755499,central,unknown,0.0,7146,2
720575940629662208,0.2015707778994347,22.398385295813018,central,unknown,3.081816738251252e-05,104,2
720575940629669623,1.964618279365251,24.675297966585322,central,unknown,0.0,5117,2
720575940629669879,1.925936675218272,24.655412433924855,central,Kenyon_Cell,0.0,5205,2
720575940629671802,1.010652273700401,24.010595937949002,central,unknown,0.0,4880,2
720575940629675902,1.899098996509834,24.641379561334908,central,LHLN,0.0,5144,2
720575940629676495,0.4350829251484107,23.167781366463558,central,unknown,0.0,6520,2
720575940629676926,1.6200661275124382,24.482466967863324,central,unknown,0.0,7144,2
720575940629677509,3.020676599998213,25.105480846028133,sensory,olfactory,0.0,2161,0
720575940629677655,3.0930512881538763,25.129158075574466,sensory,olfactory,0.0,2495,0
720575940629681278,0.43359927040290414,23.164365488491754,central,unknown,0.0,7980,2
720575940629688375,0.24219674283217366,22.581995103789506,central,unknown,0.0,6790,2
720575940629693302,1.5252052476463902,24.422128989623722,sensory,hygrosensory,0.0,7744,2
720575940629694027,1.9921069203940815,24.689192832618588,central,Kenyon_Cell,0.0,6980,2
720575940629696299,0.044873886048423864,20.896100744084748,central,unknown,0.0,7594,2
720575940629701737,0.08462397242397954,21.53046230947619,central,unknown,4.237994655094116e-07,536,2
720575940629706362,1.1958734365701298,24.178876827663093,central,unknown,0.0,4450,2
720575940629706618,1.7030519411078586,24.532421900985177,central,unknown,0.0,6462,2
720575940629707068,3.0362026098202266,25.110607593084065,sensory,olfactory,0.0,2286,0
720575940629709182,2.044552837844505,24.715179104384188,central,unknown,0.0,8608,2
720575940629709250,0.10656870719376631,21.76103463612494,central,unknown,0.0,873,2
720575940629710444,3.0341686577385705,25.109937468616177,sensory,olfactory,0.0,2571,0
720575940629721399,3.110371620794118,25.134742211269273,sensory,olfactory,0.0,3466,0
720575940629723434,2.068972613914149,24.72705216228825,central,Kenyon_Cell,0.0,1407,2
720575940629723690,1.8851757675512744,24.634021061938185,central,Kenyon_Cell,0.0,7659,2
720575940629724247,3.1170917908043156,25.136900448797004,sensory,olfactory,0.0,3541,0
720575940629724354,1.7728075388258737,24.57256447005833,central,Kenyon_Cell,0.0,1101,2
720575940629724411,3.060435941716618,25.118557370430445,sensory,olfactory,0.0,3124,0
720575940629726590,2.3007823256335374,24.83324920667987,central,LHLN,0.0,8294,2
720575940629728732,3.094946896214577,25.129770748061922,sensory,olfactory,0.0,1678,0
720575940629728988,3.0447592511617074,25.11342183437827,sensory,olfactory,0.0,1651,0
720575940629733626,1.7303626763571318,24.548331026051187,central,ALPN,2.940108791971543e-06,372,1
720575940629735163,1.5152589706163102,24.415586362053684,central,Kenyon_Cell,0.0,2909,2
720575940629746626,1.8710637957965792,24.62650714387612,central,Kenyon_Cell,0.0,3769,2
720575940629749559,0.3327486518993667,22.899632126893042,central,unknown,0.0,6779,2
720575940629752219,0.6440727000156489,23.56005632897388,central,ALPN,0.0,8517,2
720575940629761591,0.730357034186476,23.685778223522462,central,unknown,0.0,1984,2
720575940629765647,1.0857915168299983,24.08230922962944,central,Kenyon_Cell,0.0,7457,2
720575940629766266,0.04005763646340534,20.782564049599976,central,unknown,0.0,6709,2
720575940629783692,0.9507243072855027,23.949468843832904,central,unknown,0.0,3650,2
720575940629787244,2.0094796896686904,24.69787582769938,central,Kenyon_Cell,0.0,7677,2
720575940629788983,1.056745972104735,24.055194348869833,central,Kenyon_Cell,0.0,7490,2
720575940629789292,1.6962176864754213,24.528400882007844,central,Kenyon_Cell,0.0,8002,2
720575940629792732,1.9094131208703276,24.646795928282458,central,ALLN,0.0,6273,2
720575940629798082,1.290064605016001,24.254692298527303,central,unknown,0.0,6383,2
720575940629804544,1.6075602633639414,24.474717665300318,central,Kenyon_Cell,0.0,5136,2
720575940629805950,0.03186659386542858,20.55380296784682,descending,unknown,0.0,5939,2
720575940629806807,1.1198395207791532,24.11318539002211,central,unknown,0.0,8403,2
720575940629814060,1.627578173901587,24.487093127066288,central,Kenyon_Cell,0.0,2688,2
720575940629821756,3.025042054990981,25.106924993862524,sensory,olfactory,0.0,2470,0
720575940629823563,0.6814964188913295,23.616535717395713,central,Kenyon_Cell,0.0,5761,2
720575940629824825,0.04822086767448001,20.968036587687802,central,unknown,0.0,8274,2
720575940629824828,1.8885177395372599,24.63579225657993,central,Kenyon_Cell,0.0,8251,2
720575940629829391,1.0,24.0,sensory,olfactory,0.0,3834,0
720575940629830508,3.020150396911009,25.105306630448442,sensory,olfactory,0.0,2372,0
720575940629832252,1.0,24.0,sensory,olfactory,0.0,4364,0
720575940629836343,0.17468919264227956,22.255253073864694,central,unknown,0.0,6269,2
720575940629837527,0.365160991607804,22.99258305025439,central,unknown,0.0,8528,2
720575940629837563,0.06855489313639937,21.319879505024293,central,unknown,0.0,4435,2
720575940629839863,1.3877470637507738,24.32768161475147,central,Kenyon_Cell,0.0,4312,2
720575940629842681,3.174908910906271,25.155278942454764,sensory,olfactory,0.0,4494,0
720575940629845303,0.07243736394603562,21.374966963890504,central,unknown,0.0,8640,2
720575940629849196,1.6578408906323465,24.5055160874715,central,Kenyon_Cell,0.0,1688,2
720575940629853292,1.821826619009812,24.59983963460058,central,Kenyon_Cell,0.0,7604,2
720575940629854764,1.6257349706650923,24.48596000316963,central,Kenyon_Cell,0.0,3918,2
720575940629854953,2.964486641721299,25.0867038780736,sensory,olfactory,0.0,2476,0
720575940629856044,1.7293871717076952,24.54776710974618,central,Kenyon_Cell,0.0,4016,2
720575940629871146,1.2700899769018825,24.23908774591514,central,Kenyon_Cell,0.0,4124,2
720575940629874806,1.679701941697185,24.51861636201871,central,ALPN,0.0,7842,2
720575940629883351,1.5005311036847435,24.40581911456365,central,unknown,0.0,5231,2
720575940629884715,1.476042345531643,24.38936441515133,central,unknown,0.0,6642,2
720575940629888599,2.7160614210128173,24.999182823952093,sensory,olfactory,0.0,3271,0
720575940629892311,0.7951719441653573,23.770803094255626,central,unknown,0.0,5949,2
720575940629893162,1.4278539186237524,24.35617256080208,central,Kenyon_Cell,0.0,833,2
720575940629894391,1.832597532195835,24.605734376934425,central,Kenyon_Cell,0.0,3687,2
720575940629894716,0.10736247444017945,21.768455442039897,central,ALPN,0.0,6713,2
720575940629895484,1.2511801326685779,24.224087212061182,central,Kenyon_Cell,0.0,4521,2
720575940629899511,2.0378983628107648,24.711919062512163,central,Kenyon_Cell,0.0,2839,2
720575940629900631,0.4947847865457203,23.29636761438954,central,unknown,0.0,8523,2
720575940629901819,1.3653485762168172,24.311409763228077,central,unknown,0.0,5224,2
720575940629906060,3.241904037559942,25.176160823109807,sensory,olfactory,0.0,7407,0
720575940629908350,1.0,24.0,sensory,olfactory,0.0,3555,0
720575940629908540,0.42623698586371306,23.147240217451454,central,unknown,0.0,6562,2
720575940629910636,0.19557381750070704,22.368182612300537,central,unknown,0.0,7073,2
720575940629911084,1.8914880031424204,24.63736382256088,central,Kenyon_Cell,0.0,949,2
720575940629912428,1.084004140130721,24.080661722318943,central,ALLN,0.0,4173,2
720575940629913538,2.1896121973076412,24.78372444929314,central,unknown,0.0,5768,2
720575940629917228,1.4422325252719954,24.36619227778539,central,Kenyon_Cell,0.0,1309,2
720575940629917771,1.7324200976680755,24.54951933134627,central,unknown,0.0,7210,2
720575940629918459,3.4791543449092357,25.24678925991962,sensory,olfactory,0.0,4483,0
720575940629918762,3.137123534787447,25.14330630834629,sensory,olfactory,0.0,2570,0
720575940629920056,0.06254127293900387,21.22807142683792,central,unknown,0.0,7721,2
720575940629921398,1.7427582673269877,24.55546906921302,central,Kenyon_Cell,0.0,5169,2
720575940629925111,2.044127660544501,24.714971126626228,central,LHLN,0.0,4872,2
720575940629926159,1.123663205443667,24.116594067285686,central,ALPN,0.0,5417,1
720575940629928439,0.5278746514734689,23.361103574027318,central,unknown,0.0,5279,2
720575940629929580,0.4345312461572129,23.166512576042678,central,unknown,0.0,8468,2
720575940629947439,2.2119612001444175,24.793879542884376,central,ALPN,0.0,1649,1
720575940629951183,0.42124075157138186,23.135449247716735,central,unknown,0.0,1627,2
720575940629952300,0.4013520830419865,23.087083775670397,central,unknown,0.0,8117,2
720575940629952374,2.168739409909663,24.774146081662337,central,Kenyon_Cell,0.0,4595,2
720575940629955372,0.1831411238836985,22.302501745424816,central,unknown,5.2974933188676455e-08,675,2
720575940629955446,2.1473561608906895,24.764237392838236,central,Kenyon_Cell,0.0,7734,2
720575940629961219,0.017345356599173946,19.94556956041959,central,unknown,0.0,4427,2
720575940629962044,0.2861316645278709,22.748696791384106,central,unknown,0.0,8199,2
720575940629963068,0.3737017613300379,23.015702770717454,central,unknown,0.0,5328,2
720575940629963116,1.0,24.0,sensory,olfactory,0.0,4200,0
720575940629963855,1.8449186497783474,24.61243518425934,central,ALPN,0.0,7011,2
720575940629965788,3.104914771695232,25.132986266279325,sensory,olfactory,0.0,7408,0
720575940629971191,1.5409853616219362,24.43242205702092,central,Kenyon_Cell,0.0,1472,2
720575940629977559,3.0339490927815094,25.109865101873744,sensory,olfactory,0.0,3952,0
720575940629980972,1.773367655194203,24.57288036893097,central,LHLN,0.0,5331,2
720575940629981440,0.33087608454020045,22.89398865935409,central,MBON,1.6899003687187788e-05,189,2
720575940629985132,0.19045141248490677,22.341641830480512,central,unknown,0.0,3088,2
720575940629986816,0.1478566706910456,22.088488084263027,central,unknown,1.3243733297169113e-07,611,2
720575940629995319,0.18015600688876954,22.28606790147383,central,unknown,0.0,5673,2
720575940629999148,1.4139628285867363,24.34639627900065,central,unknown,0.0,6121,2
720575940630001884,0.7895987823527988,23.76376966702956,central,unknown,0.0,5322,2
720575940630003195,0.18292925649731395,22.30134422260191,central,unknown,0.0,5463,2
720575940630003472,1.8365892145784644,24.607910163686554,central,ALPN,0.0,4831,1
720575940630005147,0.1768472323216446,22.26753098668342,central,unknown,0.0,5857,2
720575940630008571,0.5686879595912725,23.43557660329582,central,LHCENT,0.0,7775,2
720575940630011708,1.9288199263551964,24.656908378791226,central,Kenyon_Cell,0.0,3451,2
720575940630013228,1.8178890542638566,24.597675967635606,central,unknown,0.0,1330,2
720575940630020345,0.13066256937727722,21.96486291484203,central,unknown,0.0,6408,2
720575940630023680,1.6068871424508522,24.474298855571647,central,Kenyon_Cell,0.0,1716,2
720575940630024566,2.30136268316551,24.833501418435013,central,ALPN,3.023544311743708e-05,107,1
720575940630036332,1.852783004657702,24.616688835566094,central,Kenyon_Cell,0.0,2065,2
720575940630037036,0.8557894327580349,23.84426907713051,central,unknown,0.0,1216,2
720575940630043756,0.29729201836869207,22.78695960360028,central,unknown,0.0,5632,2
720575940630044409,2.9585940574806004,25.084714174916083,sensory,olfactory,0.0,3894,0
720575940630044985,2.135100486352727,24.758513711780374,central,Kenyon_Cell,0.0,2954,2
720575940630049337,2.147985113262223,24.764530246111534,central,Kenyon_Cell,0.0,2068,2
720575940630050391,1.484238284140293,24.394901700683086,central,unknown,0.0,5459,2
720575940630053632,1.8391218043305666,24.609288177431292,central,LHLN,0.0,8137,2
720575940630057728,1.5700898240518948,24.451132830495535,central,ALPN,0.0,4863,2
720575940630062587,1.0,24.0,sensory,olfactory,0.0,4309,0
720575940630063575,0.08866104595693736,21.577065347659016,central,unknown,0.0,2878,2
720575940630063671,1.5272556285467744,24.423472417953796,central,Kenyon_Cell,0.0,4955,2
720575940630066007,1.6084394523785714,24.47526442469972,central,ALPN,1.2184234633395585e-06,454,1
720575940630067255,1.3003775125210837,24.26265461655823,central,Kenyon_Cell,0.0,4313,2
720575940630067968,1.7643610360191422,24.56778860558786,central,Kenyon_Cell,0.0,2070,2
720575940630069504,1.7828077788885321,24.578189525379226,central,LHLN,0.0,5053,2
720575940630077558,2.6741991266255,24.983649943605563,central,ALLN,2.118997327547058e-07,581,1
720575940630078348,1.9639850315275509,24.674975588481413,central,Kenyon_Cell,0.0,1939,2
720575940630080763,1.8251361277398581,24.601654574795106,central,ALLN,0.0,834,2
720575940630084352,0.5346598038455075,23.37387538499341,central,unknown,0.0,6415,2
720575940630086698,0.06790250773059538,21.310317687604424,central,unknown,6.092117316697792e-06,295,2
720575940630089031,0.30637716890157163,22.817061642079178,central,CX,0.0,3778,2
720575940630093051,1.7039108875904554,24.53292613102465,central,ALPN,0.0,6582,1
720575940630093174,1.0,24.0,sensory,olfactory,0.0,4617,0
720575940630094444,1.8744920274218932,24.62833770400895,central,Kenyon_Cell,0.0,4366,2
720575940630097103,2.232105914706011,24.802945496218488,central,ALPN,7.800558912032607e-06,273,1
720575940630098284,0.03478345956326874,20.641386694901417,central,unknown,1.5892479956602933e-07,600,2
720575940630101497,2.994734550132026,25.096855596631784,sensory,olfactory,0.0,2253,0
720575940630105851,3.0015160204457754,25.099117501175368,sensory,olfactory,0.0,3998,0
720575940630105931,3.0925660603471203,25.12900118652672,sensory,olfactory,0.0,4008,0
720575940630106309,0.011629231600991824,19.545766614943663,descending,unknown,0.0,1728,2
720575940630107131,3.094503355886131,25.129627426664662,sensory,olfactory,0.0,2411,0
720575940630109756,1.8473207094179545,24.613736324161067,central,Kenyon_Cell,0.0,8168,2
720575940630110263,1.666020073949366,24.510437592861354,central,LHLN,0.0,5894,2
720575940630125884,0.17212967164667842,22.2404928187103,central,unknown,0.0,5655,2
720575940630131663,2.3633852140342086,24.860095003976674,central,ALPN,4.237994655094116e-06,338,1
720575940630132754,3.0326387284488314,25.109433108011075,sensory,olfactory,0.0,2554,0
720575940630134839,1.4542077052596754,24.374461219844232,central,ALPN,0.0,8051,2
720575940630135084,0.021431581241969602,20.157110314154092,descending,unknown,0.0,8582,2
720575940630138679,1.4850702698376381,24.395462090891105,central,unknown,0.0,2726,2
720575940630139599,1.2389478976409078,24.214262549818415,central,Kenyon_Cell,0.0,2649,2
720575940630142007,0.0796781547859216,21.47024017621885,central,unknown,0.0,8202,2
720575940630146135,1.2972428193537318,24.260241103967086,central,Kenyon_Cell,0.0,7865,2
720575940630146871,0.10756506435272473,21.770340635288587,central,unknown,1.2978858631225727e-05,215,2
720575940630147127,1.0074377615170877,24.007410237761395,central,unknown,0.0,5824,2
720575940630149829,1.015945760741081,24.015819962633895,central,unknown,0.0,7088,2
720575940630151484,1.2082009845156887,24.189132463583693,central,unknown,1.3243733297169113e-07,618,2
720575940630155083,0.539187089337502,23.38230733622229,central,ALPN,0.0,915,2
720575940630158140,1.323063301574577,24.279949730983333,central,unknown,0.0,4762,2
720575940630159676,0.3317928181092211,22.8967554532995,central,unknown,0.0,8631,2
720575940630160384,0.10859726610272985,21.779890954192815,ascending,AN,2.3322214336314808e-05,150,2
720575940630164028,1.7825019800686275,24.578017984143635,central,LHLN,0.0,8450,2
720575940630166646,0.31263470823749795,22.8372801636719,central,Kenyon_Cell,0.0,7760,2
720575940630168636,1.4480738869926213,24.370234319590303,central,unknown,0.0,5129,2
720575940630168892,0.7922782406136049,23.767157365042074,central,unknown,0.0,5242,2
720575940630169660,1.0103649059003783,24.01031155857325,central,unknown,0.0,6027,2
720575940630174208,3.1361622669226983,25.142999844428445,sensory,olfactory,0.0,2221,0
720575940630181463,0.47796169329151056,23.261775310740465,central,unknown,0.0,4465,2
720575940630183286,1.9809041986713023,24.68355340646187,central,ALLN,0.0,5730,2
720575940630189624,1.3099550724061269,24.269992840751758,central,Kenyon_Cell,0.0,3627,2
720575940630189911,2.002090593973902,24.694191931604415,central,Kenyon_Cell,0.0,3840,2
720575940630190411,0.40837699697716334,23.104435480984474,central,unknown,0.0,4104,2
720575940630192682,1.4528753190814063,24.373544571602398,central,Kenyon_Cell,0.0,1419,2
720575940630193628,2.1712486403138724,24.77530241235024,central,Kenyon_Cell,0.0,6465,2
720575940630196588,3.0426704351278526,25.11273556242985,sensory,olfactory,0.0,989,0
720575940630209658,1.0,24.0,sensory,olfactory,0.0,3303,0
720575940630210682,2.969466206484741,25.088382208205196,sensory,olfactory,0.0,2291,0
720575940630217086,2.6995059328686417,24.99306876843954,central,ALPN,0.0,6240,1
720575940630219567,1.8303003946842866,24.604480103482878,central,Kenyon_Cell,0.0,1749,2
720575940630225403,1.8696885558457048,24.6257718693198,central,ALLN,0.0,4965,1
720575940630233047,0.7399708206602404,23.69885547489842,central,unknown,0.0,8540,3
720575940630233559,1.5066786407550425,24.409907652548238,central,unknown,0.0,6927,2
720575940630242668,1.9942736682979738,24.69027990800894,central,LHLN,0.0,8586,2
720575940630247418,0.5822722281280438,23.45918280531475,central,unknown,3.3506645241837854e-06,361,2
720575940630250860,1.42029202997059,24.350862505377965,central,unknown,2.6487466594338224e-08,695,2
720575940630251791,2.1510933064403486,24.765976227513242,central,ALLN,0.0,6038,1
720575940630258391,1.6805581804396548,24.519125988493972,central,LHLN,0.0,5751,2
720575940630258572,1.6690341351482647,24.51224509692607,central,unknown,0.0,5131,2
720575940630260439,0.9515977523924904,23.95038713751921,central,unknown,0.0,2402,2
720575940630269404,1.857964521578382,24.619481545256903,central,Kenyon_Cell,0.0,4046,2
720575940630271862,1.9083009061329559,24.64621326820841,sensory,hygrosensory,0.0,7309,2
720575940630272108,2.1746816124979294,24.776882268766887,central,Kenyon_Cell,0.0,5186,2
720575940630273910,0.5696242277885069,23.43722161495211,central,unknown,0.0,925,2
720575940630274678,1.0681376359485792,24.065916604845672,central,unknown,0.0,7921,2
720575940630275269,0.4485741277514239,23.19831866812699,central,ALPN,0.0,1631,2
720575940630276567,0.8195680974252687,23.80102221205849,central,unknown,0.0,8687,2
720575940630276972,1.0,24.0,sensory,olfactory,0.0,3336,0
720575940630278540,0.1540372368475661,22.129439091914605,central,unknown,0.0,1004,2
720575940630281319,1.9703357910286032,24.67820398052334,central,LHLN,0.0,5492,2
720575940630281580,0.6793267602357642,23.613346970279572,central,unknown,0.0,6000,2
720575940630281687,1.185007718630478,24.1697492881781,central,LHLN,0.0,6204,2
720575940630282199,1.7919070375133117,24.58328043681945,central,unknown,0.0,6907,2
720575940630282297,1.8013044555498996,24.588511099963387,sensory,hygrosensory,0.0,6131,2
720575940630284306,2.93824351341695,25.077811958393557,sensory,olfactory,0.0,7506,0
720575940630285007,3.1306090243816507,25.141227562104273,sensory,olfactory,0.0,2410,0
720575940630285563,1.0910838407243781,24.08717155149169,central,unknown,0.0,5794,2
720575940630288440,1.8784042858518377,24.630422632299293,central,Kenyon_Cell,0.0,3860,2
720575940630290629,2.1361407114697233,24.759000795084447,central,Kenyon_Cell,0.0,4574,2
720575940630292439,1.4641990002856529,24.381308335458456,central,unknown,0.0,8663,2
720575940630292695,1.39946741417987,24.33609174580081,central,unknown,0.0,4149,2
720575940630301523,2.3482576690373906,24.853673635739337,central,ALPN,0.0,3491,2
720575940630313324,0.7991425835280329,23.775784103339024,central,unknown,4.596899827447399e-05,61,2
720575940630315623,2.1160460010651856,24.74954925339358,central,unknown,0.0,7958,2
720575940630317942,1.6199055122430366,24.482367821767376,central,unknown,0.0,6097,2
720575940630323303,2.611044495279991,24.959750331042486,central,ALLN,5.959679983726101e-07,504,1
720575940630331643,3.1325996368603723,25.14186321473966,sensory,olfactory,0.0,3422,0
720575940630336057,1.7397672456788205,24.553751337427602,central,Kenyon_Cell,0.0,3595,2
720575940630336634,0.05271904799381831,21.05722155326869,central,unknown,0.0,5301,2
720575940630339403,0.8675503818640699,23.857918308229205,central,unknown,0.0,8223,2
720575940630339525,3.060435941716618,25.118557370430445,sensory,olfactory,0.0,3200,0
720575940630340474,1.8498788328102125,24.61512014116703,central,ALLN,0.0,6227,1
720575940630352379,1.332807297484029,24.287287467718595,central,unknown,0.0,8220,2
720575940630356473,0.03777307532365389,20.723841276817172,central,unknown,0.0,4246,2
720575940630358748,0.1150894072463028,21.837954001635733,central,LHCENT,0.0,3652,2
720575940630359290,0.5299573802592095,23.36504130972534,central,unknown,1.4568106626886024e-07,608,2
720575940630360377,1.67334258550308,24.51482317420535,central,Kenyon_Cell,0.0,908,2
720575940630366684,2.0632594685066232,24.724286998602444,central,unknown,0.0,2050,2
720575940630367196,1.750080725045016,24.559661915468684,central,unknown,0.0,6335,2
720575940630368965,1.0,24.0,sensory,olfactory,0.0,3212,0
720575940630374987,1.2716939476646245,24.24034982878548,central,unknown,0.0,3582,2
720575940630384246,1.0,24.0,sensory,olfactory,0.0,1615,0
720575940630384635,0.46628227560007324,23.23703591338716,central,unknown,0.0,1041,2
720575940630385915,0.2654224822662476,22.67356755020329,central,unknown,0.0,7988,2
720575940630392684,1.9945350411624787,24.690410961104696,central,Kenyon_Cell,0.0,1957,2
720575940630399340,1.9560595747516558,24.670932028588304,central,Kenyon_Cell,0.0,2923,2
720575940630399995,1.4792609719383707,24.391542619777763,central,Kenyon_Cell,0.0,892,2
720575940630407308,0.9317076511855557,23.929263807510456,central,unknown,0.0,5825,2
720575940630407388,2.1765694463992142,24.77774998887505,central,ALLN,8.628292243105676e-05,30,1
720575940630411259,1.3099257207765855,24.269970433908195,central,Kenyon_Cell,0.0,2672,2
720575940630411339,3.0104011517535425,25.10207334288855,sensory,olfactory,0.0,2505,0
720575940630411535,1.1640628220504206,24.151916318686567,central,Kenyon_Cell,0.0,3052,2
720575940630414700,1.5066952367219815,24.40991866742234,central,Kenyon_Cell,0.0,8313,2
720575940630419983,2.0374829865334108,24.711715215930365,central,Kenyon_Cell,0.0,4422,2
720575940630420985,1.2882368522964527,24.2532745023107,central,Kenyon_Cell,0.0,1382,2
720575940630424121,3.03538764368486,25.110339140798505,sensory,olfactory,0.0,2247,0
720575940630428227,2.9930068189962684,25.09627850718279,sensory,olfactory,0.0,3444,0
720575940630428921,0.9848991030794171,23.98478392352138,central,Kenyon_Cell,0.0,4688,2
720575940630430495,1.3005731890769576,24.262805081967763,central,Kenyon_Cell,0.0,2705,2
720575940630435468,1.3719389943631928,24.31622506356525,central,unknown,0.0,7882,2
720575940630440808,1.6343350849515128,24.491236045763525,central,Kenyon_Cell,0.0,1960,2
720575940630442745,1.0,24.0,sensory,olfactory,0.0,3239,0
720575940630450852,1.1734631984303276,24.159959375297657,central,Kenyon_Cell,0.0,1141,2
720575940630452495,2.1486420096229675,24.76483601915028,central,Kenyon_Cell,0.0,5283,2
720575940630461994,1.0,24.0,sensory,olfactory,0.0,3380,0
720575940630464843,0.22728159503224613,22.51843447645648,central,unknown,0.0,4328,2
720575940630465420,1.9359733562446888,24.66061022648938,central,Kenyon_Cell,0.0,3518,2
720575940630482796,0.985736893063884,23.985634197277243,central,unknown,0.0,7809,2
720575940630484687,0.9657354510274477,23.96513465750379,central,unknown,0.0,6968,2
720575940630488827,1.1133975832909893,24.107416226198172,central,Kenyon_Cell,0.0,2908,2
720575940630493292,2.0874340228949695,24.735935571444582,central,Kenyon_Cell,0.0,7598,2
720575940630493818,2.3755511695222182,24.865229481939984,central,ALPN,9.297100774612716e-06,248,1
720575940630496975,3.103940140412899,25.132672317474228,sensory,olfactory,0.0,721,0
720575940630497142,1.9552146150848202,24.670499964949208,central,Kenyon_Cell,0.0,3453,2
720575940630508793,1.0,24.0,sensory,olfactory,0.0,3231,0
720575940630510454,0.7498548812794532,23.712124417198904,central,unknown,0.0,3730,2
720575940630511055,3.052872876931835,25.11608307414748,sensory,olfactory,0.0,7410,0
720575940630512471,1.6674200707626645,24.511277564083176,central,Kenyon_Cell,0.0,7770,2
720575940630514191,3.043838579575561,25.113119409544584,sensory,olfactory,0.0,2514,0
720575940630519035,1.853592201572331,24.617125486947817,central,Kenyon_Cell,0.0,3797,2
720575940630520059,0.07402738684808614,21.396679838296386,central,unknown,0.0,6374,2
720575940630521145,1.6567763376794278,24.50487374905581,central,Kenyon_Cell,0.0,8349,2
720575940630523151,1.7741250727970892,24.573307384669956,central,unknown,0.0,6904,2
720575940630532439,2.7160614210128173,24.999182823952093,sensory,olfactory,0.0,3172,0
720575940630538752,1.0,24.0,sensory,olfactory,0.0,3341,0
720575940630539535,0.1036300112599278,21.733071692869082,central,unknown,2.103104847590455e-05,163,2
720575940630541399,1.4434539815798026,24.36703883986194,central,unknown,0.0,1949,2
720575940630544348,0.06459607752743335,21.260398410573345,central,unknown,0.0,3682,2
720575940630546540,2.203373852415081,24.789989754927337,central,ALPN,4.052582388933748e-05,73,1
720575940630547019,2.969466206484741,25.088382208205196,sensory,olfactory,0.0,2356,0
720575940630547909,1.419239303369343,24.350121026221093,central,ALPN,6.224554649669482e-07,501,1
720575940630549370,1.767602081983465,24.569623872132695,central,ALPN,4.088340468836105e-05,71,1
720575940630557967,1.3169911565891739,24.275349707924,central,unknown,0.0,4075,2
720575940630558316,1.6646198109006016,24.50959675555701,central,LHLN,0.0,5017,2
720575940630560505,1.7585742234694035,24.564503380440016,central,Kenyon_Cell,0.0,4614,2
720575940630561484,1.4122646661530953,24.345194562124593,central,Kenyon_Cell,0.0,2603,2
720575940630566487,0.5921027225453165,23.475924858662427,central,unknown,0.0,6594,2
720575940630569815,3.1325996368603723,25.14186321473966,sensory,olfactory,0.0,3308,0
720575940630571052,1.9808081820352517,24.683504934171687,central,ALLN,0.0,5689,2
720575940630572319,0.519591709310853,23.34528804978026,central,unknown,0.0,7730,2
720575940630575375,1.8341699268325882,24.606592023213175,central,ALLN,0.0,3157,2
720575940630578247,0.719960513746169,23.671441089504874,central,Kenyon_Cell,0.0,8555,3
720575940630579052,1.1048837339485968,24.099740111287833,central,unknown,0.0,4845,2
720575940630580183,0.3672879756709847,22.99839093622889,central,unknown,0.0,1852,2
720575940630584079,1.2910225443416565,24.255434574408902,central,ALPN,0.0,4618,2
720575940630592031,2.50969188530294,24.920159990749312,central,ALLN,0.0,6141,1
720575940630593644,1.6833401420233944,24.520779999377353,central,unknown,0.0,3073,2
720575940630598395,1.6391676383491636,24.494188575403335,central,Kenyon_Cell,0.0,7823,2
720575940630599161,0.9866473383725296,23.986557389988683,central,unknown,0.0,6266,2
720575940630600775,0.07193077044230851,21.367948855840858,central,unknown,0.0,5839,2
720575940630603884,1.2329714520636017,24.209427070681077,central,unknown,0.0,8662,2
720575940630604537,1.490220365673981,24.39892400544726,central,unknown,0.0,4701,2
720575940630606444,0.3058320320131037,22.8152807572714,central,unknown,0.0,8108,2
720575940630607212,1.792979855549318,24.583878959506517,central,LHLN,0.0,6631,2
720575940630607738,0.021106960544125936,20.141847590708114,descending,unknown,7.946239978301468e-08,659,2
720575940630608236,1.231881441207231,24.208542627694317,central,unknown,6.356991982641173e-07,499,2
720575940630608492,1.7765290227878412,24.574661473405918,central,LHLN,0.0,4643,2
720575940630610042,0.3142992356433308,22.842590232885023,descending,unknown,0.0,5917,2
720575940630612280,3.074146689046394,25.123027363251264,sensory,olfactory,0.0,7400,0
720575940630616168,1.8936295598628945,24.63849538950079,central,LHLN,0.0,8315,2
720575940630617386,0.3860720879837711,23.048268829480524,central,unknown,0.0,5634,2
720575940630618711,1.7348507941427338,24.55092141208856,central,unknown,0.0,5519,2
720575940630620747,1.8424879734361832,24.611116817752688,central,Kenyon_Cell,0.0,1258,2
720575940630620812,2.1350928223687546,24.758510122254833,central,Kenyon_Cell,0.0,3055,2
720575940630621391,0.6415008301201627,23.556055199102587,central,unknown,0.0,1901,2
720575940630622250,0.5516267394754047,23.405116341968395,central,unknown,0.0,6268,2
720575940630624530,0.21505813404971247,22.463153103525382,central,unknown,0.0,7894,2
720575940630630248,1.0,24.0,sensory,olfactory,0.0,3186,0
720575940630634799,1.291276618517616,24.25563135577369,central,Kenyon_Cell,0.0,4917,2
720575940630642447,3.0105967234703943,25.102138306112575,sensory,olfactory,0.0,2203,0
720575940630644281,1.9519375806716743,24.668822510364702,sensory,hygrosensory,0.0,6941,2
720575940630644727,0.014716612633718956,19.781221687845004,central,unknown,2.277922127113087e-06,396,2
720575940630648438,1.0,24.0,sensory,olfactory,0.0,3676,0
720575940630651223,1.4153366833707173,24.347367441570153,central,Kenyon_Cell,0.0,4208,2
720575940630662737,3.1351043776910896,25.142662467849966,sensory,olfactory,0.0,3992,0
720575940630664273,3.136392479650018,25.143073247606807,sensory,olfactory,0.0,751,0
720575940630665157,1.232518772766865,24.209059858272557,central,unknown,0.0,3484,2
720575940630666234,0.04347474380449011,20.86442488830215,central,unknown,0.0,5627,2
720575940630667770,1.49519695634632,24.402257941540718,central,unknown,0.0,6926,2
720575940630671890,1.809758326902441,24.59319331531463,central,Kenyon_Cell,0.0,5135,2
720575940630679895,1.8801750591895912,24.631364889096986,central,Kenyon_Cell,0.0,1548,2
720575940630682449,2.092785044076679,24.73849573588512,central,Kenyon_Cell,0.0,4411,2
720575940630682927,1.5369123432255969,24.429775431847233,central,Kenyon_Cell,0.0,1003,2
720575940630688709,1.0,24.0,sensory,olfactory,0.0,2829,0
720575940630689388,0.3432653523308449,22.930748491048398,ascending,AN,2.5030655931649625e-05,122,2
720575940630696443,2.0152348885378375,24.700735758598857,central,Kenyon_Cell,0.0,4151,2
720575940630696645,2.8015612708888953,25.03017685852789,sensory,olfactory,0.0,2308,0
720575940630696901,3.122331313305597,25.138579938597726,sensory,olfactory,0.0,8312,0
720575940630697979,1.646897345857425,24.498893121297616,central,unknown,0.0,6137,2
720575940630704211,0.5067517208705511,23.320265902240706,central,ALLN,0.0,8422,2
720575940630704953,3.060435941716618,25.118557370430445,sensory,olfactory,0.0,3108,0
720575940630713029,0.011369680037355915,19.5231948874306,central,unknown,0.0,2346,2
720575940630716286,0.033878294760322586,20.615019257785402,central,unknown,0.0,4255,2
720575940630716995,1.0,24.0,sensory,olfactory,0.0,4365,0
720575940630719173,1.3727538837909177,24.316818856377665,central,unknown,0.0,1526,2
720575940630720763,0.10618559182803924,21.75743315045255,central,unknown,1.9335850613866904e-06,410,2
720575940630722757,1.411563611139934,24.344698034036675,central,Kenyon_Cell,0.0,2700,2
720575940630726085,1.956508254417611,24.671161381630863,central,Kenyon_Cell,0.0,2862,2
720575940630726095,2.94193255843914,25.07906669820444,sensory,olfactory,0.0,4005,0
720575940630731148,2.120131096351026,24.751477924673463,central,Kenyon_Cell,0.0,7609,2
720575940630733137,1.9388621562311394,24.662101283599988,central,Kenyon_Cell,0.0,2600,2
720575940630734587,3.049954464078749,25.115126660697623,sensory,olfactory,0.0,2349,0
720575940630736123,1.6120667232113928,24.477517034798172,central,unknown,1.7230097019617013e-05,184,2
720575940630737403,1.0,24.0,sensory,olfactory,0.0,3242,0
720575940630738171,2.896887543093487,25.063636899633167,sensory,olfactory,0.0,7355,0
720575940630738263,0.10309257741622661,21.727872115426063,central,unknown,0.0,8556,2
720575940630738463,0.06738872238943881,21.30272240133714,central,unknown,0.0,2739,2
720575940630753662,0.047901795894994055,20.961397717320505,central,unknown,0.0,1938,2
720575940630754221,0.1378380392956729,22.01832408864183,central,unknown,0.0,2837,2
720575940630754252,1.3540318082685243,24.30308666628839,central,Kenyon_Cell,0.0,964,2
720575940630758782,0.4095016302321324,23.10718560533391,central,unknown,0.0,7191,2
720575940630759507,1.4566685623370692,24.376152021814104,central,Kenyon_Cell,0.0,7870,2
720575940630763390,3.150215758921748,25.147470945387667,sensory,olfactory,0.0,2565,0
720575940630765253,0.31260384878416336,22.837181451098875,central,unknown,0.0,7847,2
720575940630769962,2.0106649340871674,24.698465480343128,central,Kenyon_Cell,0.0,5685,2
720575940630770042,2.420795646804043,24.884096265803496,central,ALPN,0.0001091548498352,22,1
720575940630778428,1.0831374757049532,24.079861899671787,central,ALPN,1.2118015966909738e-05,221,1
720575940630789071,1.8280158872118957,24.603231164029147,central,Kenyon_Cell,0.0,2039,2
720575940630793413,1.7499578092214154,24.55959167862846,central,Kenyon_Cell,0.0,3755,2
720575940630797624,0.10160599554889492,21.713347265729166,central,unknown,0.0,4784,2
720575940630799042,0.7313297971753514,23.68710923795266,central,ALIN,0.0,8605,2
720575940630807619,3.0143024888842525,25.103368456443913,sensory,olfactory,0.0,8561,0
720575940630811449,3.060435941716618,25.118557370430445,sensory,olfactory,0.0,3947,0
720575940630818242,1.1945386518394194,24.177760045434695,central,unknown,0.0,6903,2
720575940630819599,0.05983765023023767,21.183879786370277,central,CX,0.0,1050,2
720575940630824239,2.818001053747048,25.036027787410788,sensory,olfactory,0.0,3400,0
720575940630830458,1.9668363789889856,24.676426352921595,central,LHLN,0.0,8348,2
720575940630833706,2.0062465962621694,24.696265611327608,central,Kenyon_Cell,0.0,3753,2
720575940630836305,0.10936164393248836,21.78690494562204,central,unknown,0.0,1079,2
720575940630840147,0.3483755360761517,22.945525745609324,central,unknown,0.0,7773,2
720575940630846019,3.0965177892884954,25.13027818634589,sensory,olfactory,0.0,4462,0
720575940630848740,1.5668187586980382,24.449047295355967,central,Kenyon_Cell,0.0,7004,2
720575940630852138,1.0,24.0,sensory,olfactory,0.0,2803,0
720575940630852439,0.18508966015488038,22.313085078177398,central,unknown,0.0,8400,2
720575940630862287,1.49697029459473,24.403443261950517,central,Kenyon_Cell,0.0,4414,2
720575940630864170,2.350652248476216,24.854692842188555,central,ALLN,0.0,2082,2
720575940630868525,0.7739549011685658,23.743758325685913,central,Kenyon_Cell,0.0,2604,2
720575940630877903,1.4678317232079374,24.383786293654463,central,Kenyon_Cell,0.0,7478,2
720575940630891791,0.36611465450369995,22.99519126903372,central,unknown,0.0,1855,2
720575940630895055,2.3594711713944596,24.858437514010262,central,ALPN,0.0,6316,1
720575940630902083,1.798508163254287,24.586957523066946,central,Kenyon_Cell,0.0,4049,2
720575940630902991,2.242833642007774,24.807740085158347,central,LHLN,0.0,4449,2
720575940630907434,0.008964911986927284,19.285563010617654,central,unknown,2.3375189269503484e-05,145,2
720575940630912908,3.1325996368603723,25.14186321473966,sensory,olfactory,0.0,4254,0
720575940630912975,0.4107349268037943,23.11019278049694,central,unknown,0.0,1853,2
720575940630913221,0.20022108378254727,22.391666895953033,central,DAN,0.0,6055,2
720575940630914245,0.314574512215259,22.843465691879604,central,unknown,0.0,8115,2
720575940630914304,0.7374558552320435,23.695450950127835,central,unknown,8.290577044027865e-06,263,2
720575940630914511,0.5739036305807641,23.444706212267885,central,unknown,2.6487466594338224e-08,689,2
720575940630914858,2.557386644548925,24.938985895104345,central,ALPN,1.3627801562787016e-05,211,1
720575940630915748,1.0,24.0,sensory,olfactory,0.0,3057,0
720575940630916650,0.688132680076212,23.626226389306222,central,ALLN,0.0,5911,2
720575940630917573,1.632523429615575,24.490126934050497,central,Kenyon_Cell,0.0,803,2
720575940630917623,0.9968885129709604,23.99688366223057,central,unknown,0.0,5316,2
720575940630918930,0.8498051838672829,23.837251848782678,central,unknown,0.0,5035,2
720575940630921027,0.33689906483963344,22.912028095646267,central,unknown,1.3243733297169112e-08,702,2
720575940630926863,1.6629918006332685,24.50861826973157,central,LHLN,0.0,6723,2
720575940630927823,1.0379589685667565,24.037256254643275,central,unknown,0.0,6320,2
720575940630928715,2.7073521951169264,24.995971107494995,central,ALPN,0.0,5441,1
720575940630932943,1.8247177873081277,24.60142533798547,central,LHLN,0.0,8623,2
720575940630933199,1.987934850900681,24.687096336520675,central,LHLN,0.0,5159,2
720575940630933827,0.5045082668104617,23.315828946822887,central,unknown,0.0,6570,2
720575940630945335,1.987532856792316,24.686894099129105,central,ALLN,0.0,5687,2
720575940630946245,1.2784136345282757,24.245619961279846,central,unknown,0.0,7966,2
720575940630947176,3.1500204283013176,25.147408937991536,sensory,olfactory,0.0,3981,0
720575940630949573,1.5945995452063728,24.46662263587762,central,unknown,0.0,7519,2
720575940630950144,0.12993101982601246,21.959248413923593,central,unknown,0.0,6819,2
720575940630950351,0.9699679415542946,23.969507742025105,central,unknown,0.0,6066,2
720575940630952901,2.0624475513587472,24.723893409259116,central,unknown,0.0,3475,2
720575940630953423,1.7258917321725875,24.54574386309968,central,unknown,0.0,1566,2
720575940630955205,1.3245251173967292,24.281053993232117,central,unknown,0.0,5893,2
720575940630957509,0.9667207786671689,23.966154424689165,central,unknown,0.0,1859,2
720575940630958277,1.3121596941757725,24.271674401236627,central,unknown,0.0,4806,2
720575940630958673,2.9222278825056645,25.072346298824748,sensory,olfactory,0.0,3511,0
720575940630960780,1.0,24.0,sensory,olfactory,0.0,3103,0
720575940630961464,2.0023367734849264,24.69431488526982,central,Kenyon_Cell,0.0,7564,2
720575940630963141,1.9230213591419572,24.653897573743063,central,LHLN,0.0,1164,2
720575940630966840,1.5963653285576336,24.467729375438445,central,Kenyon_Cell,0.0,1685,2
720575940630968680,0.1195782572958931,21.876215750822805,central,unknown,0.0,8513,2
720575940630971434,3.2190537253783083,25.169087442260746,sensory,olfactory,0.0,8508,0
720575940630972747,1.7131304669754477,24.53832237929956,central,Kenyon_Cell,0.0,7390,2
720575940630973125,1.2702772697656757,24.239235199291716,central,unknown,0.0,5050,2
720575940630973779,0.048787987189501246,20.979728839424034,central,unknown,0.0,3067,2
720575940630979781,0.5341118682975536,23.372850029231763,central,unknown,0.0,3623,2
720575940630982442,0.06660255243280834,21.29098762264677,central,unknown,0.0,4745,2
720575940630983954,1.377630759170708,24.320365182527652,central,ALPN,4.635306654009189e-07,526,2
720575940630987091,1.3727713506972483,24.316831580286454,central,Kenyon_Cell,0.0,6538,2
720575940630989354,1.38077865840768,24.32264758526559,central,ALPN,1.4965418625801096e-06,432,1
720575940630990756,3.0725258044950627,25.122499960956574,sensory,olfactory,0.0,1346,0
720575940630991308,3.1325996368603723,25.14186321473966,sensory,olfactory,0.0,3167,0
720575940630991500,1.0855359463616174,24.082073824814742,central,unknown,0.0,5628,2
720575940630995537,1.2993543952185502,24.26186752204875,central,unknown,0.0,3025,2
720575940630996072,2.883127267704576,25.058875561873606,sensory,olfactory,0.0,4260,0
720575940630999327,2.050306745219757,24.717989413771107,central,Kenyon_Cell,0.0,3594,2
720575940631002386,2.084085871485993,24.734330328169847,central,Kenyon_Cell,0.0,2965,2
720575940631003151,2.12026990276371,24.75154339320475,central,Kenyon_Cell,0.0,6033,2
720575940631003723,3.117323491365976,25.136974778321516,sensory,olfactory,0.0,5341,0
720575940631011328,0.02343733715444607,20.246575076647385,central,unknown,0.0,5848,2
720575940631012664,1.0,24.0,sensory,olfactory,0.0,4327,0
720575940631014703,3.0302894220775363,25.108658133797114,sensory,olfactory,0.0,1259,0
720575940631019468,0.9275171281022969,23.924755982285596,central,Kenyon_Cell,0.0,2585,2
720575940631024682,1.9005097323701547,24.642122130386518,central,Kenyon_Cell,0.0,1922,2
720575940631027148,1.7424892447212137,24.555314691307075,central,Kenyon_Cell,0.0,7685,2
720575940631034955,2.0769755360865627,24.730912766339564,central,Kenyon_Cell,0.0,3614,2
720575940631036687,0.7743162718375882,23.7442251310904,central,Kenyon_Cell,0.0,6496,2
720575940631038125,0.04651410246685123,20.93200026648845,central,unknown,0.0,7268,2
720575940631041071,2.9106183120041718,25.068365536965022,sensory,olfactory,0.0,7336,0
720575940631046829,1.2821722355722645,24.248555698594775,central,unknown,0.0,8658,2
720575940631048267,1.7859718191738037,24.57996270359175,central,Kenyon_Cell,0.0,3741,2
720575940631054634,2.4787123842220113,24.907739225435467,central,ALPN,9.376563174395732e-06,245,1
720575940631056184,0.24454477035416317,22.59164312300321,central,unknown,0.0,6593,2
720575940631056971,1.3942980572579775,24.332391103872087,central,Kenyon_Cell,0.0,4317,2
720575940631057209,2.033681696040499,24.709847793758104,central,Kenyon_Cell,0.0,3433,2
720575940631058280,0.10773008404280841,21.771873598048124,central,unknown,0.0,4358,2
720575940631061559,1.1611899651166384,24.149445311309293,central,unknown,0.0,5889,2
720575940631061815,2.0346900362376967,24.710343490948134,central,unknown,0.0,8330,2
720575940631062603,1.8218350276084367,24.599844250066802,central,Kenyon_Cell,0.0,8058,2
720575940631067715,2.9586225509293933,25.084723805609254,sensory,olfactory,0.0,2384,0
720575940631077369,1.0,24.0,sensory,olfactory,0.0,4178,0
720575940631078504,0.026349602530413088,20.36369791165667,central,unknown,0.0,7162,2
720575940631083769,1.0,24.0,sensory,olfactory,0.0,3438,0
720575940631084684,3.1093849678552434,25.134424947102072,sensory,olfactory,0.0,953,0
720575940631090759,2.9875036853990147,25.094438150863233,sensory,olfactory,0.0,7419,0
720575940631095289,0.07080720237464197,21.352205444998944,ascending,AN,1.059498663773529e-07,632,2
720575940631100175,2.0558437717433096,24.720686358199625,central,Kenyon_Cell,0.0,7054,2
720575940631101548,0.9139723488381444,23.91004503910207,central,unknown,0.0,6059,2
720575940631105580,1.9103191216075162,24.647270307477996,central,ALLN,9.045469841966505e-06,254,1
720575940631108179,2.0905533623591106,24.73742879761121,central,Kenyon_Cell,0.0,1406,2
720575940631119468,0.0795737220360476,21.46892863418961,central,unknown,0.0,6795,2
720575940631120696,1.6063066239789952,24.47393752132269,central,unknown,0.0,6885,2
720575940631134738,0.05817241314682673,21.15565596246768,central,unknown,0.0,5308,2
720575940631135488,0.8740171206130807,23.86534468528369,central,unknown,0.0,5558,2
720575940631135789,1.7944908540564286,24.58472133493967,central,unknown,0.0,6961,2
720575940631141699,1.8922907201896435,24.637788116431086,central,Kenyon_Cell,0.0,1948,2
720575940631143213,1.3450265550742522,24.29641375640853,central,unknown,0.0,5601,2
720575940631143383,0.8697561917763407,23.86045765405457,central,Kenyon_Cell,0.0,4393,2
720575940631154380,1.0653035292153008,24.063259762513503,central,Kenyon_Cell,0.0,6547,2
720575940631154396,0.32875500193995694,22.887557519420575,central,unknown,1.1919359967452201e-07,631,2
720575940631160972,0.8384379338966348,23.82378527914391,central,unknown,0.0,6128,2
720575940631161570,2.423091267889566,24.885044108433934,central,ALPN,2.145484794141396e-06,402,1
720575940631164476,1.4141486270523063,24.346527673020123,central,ALLN,0.0,5564,1
720575940631167811,1.6170137566557983,24.48058108807628,central,Kenyon_Cell,0.0,8094,2
720575940631174431,3.1797271683740727,25.156795397002607,sensory,olfactory,0.0,4491,0
720575940631181842,1.5752666231331713,24.454424542479586,central,LHLN,0.0,6760,2
720575940631182354,0.41925775955165934,23.130730629723214,central,unknown,0.0,6072,2
720575940631186432,1.4719219660844378,24.386569006730593,central,unknown,0.0,7705,2
720575940631189817,0.05554673072827167,21.109469382595222,central,unknown,3.973119989150733e-08,683,2
720575940631193052,2.326429515608126,24.844334695522164,central,ALPN,4.237994655094116e-06,339,1
720575940631193106,1.8549815093177262,24.61787472798693,central,unknown,0.0,4976,2
720575940631196264,0.4820185407062728,23.270227300524244,central,unknown,0.0,8629,2
720575940631201079,2.0165941124040963,24.70141000540716,central,Kenyon_Cell,0.0,8275,2
720575940631201311,3.060435941716618,25.118557370430445,sensory,olfactory,0.0,6948,0
720575940631203276,0.9688942823564913,23.96840022722152,central,unknown,0.0,1681,2
720575940631203384,2.0784285499422954,24.731612103340186,central,Kenyon_Cell,0.0,7788,2
720575940631203896,3.182243656394531,25.157586500332382,sensory,olfactory,0.0,1810,0
720575940631207388,0.06625160948091587,21.28570447964066,visual_centrifugal,unknown,0.0,6854,2
720575940631208466,1.3113653363286395,24.27106883592875,central,unknown,0.0,5493,2
720575940631217782,3.095722856462903,25.130021435074276,sensory,olfactory,0.0,737,0
720575940631223314,0.42956624430772716,23.15502068642268,central,unknown,0.0,1869,2
720575940631227343,2.0097987006048657,24.69803456810294,central,unknown,0.0,1744,2
720575940631228719,3.0633649367256726,25.119513964314063,sensory,olfactory,0.0,1592,0
720575940631229800,3.060435941716618,25.118557370430445,sensory,olfactory,0.0,3198,0
720575940631229999,0.6580548126076355,23.581532950709086,central,unknown,0.0,8548,2
720575940631230994,2.199226954934092,24.78810591449354,central,LHLN,0.0,1990,2
720575940631232786,1.8956314260233174,24.639551989378244,central,LHLN,0.0,6311,2
720575940631234643,3.2154639435808208,25.16797165321342,sensory,olfactory,0.0,7559,0
720575940631237433,0.9325071008142128,23.93012148732101,central,Kenyon_Cell,0.0,3940,2
720575940631239076,1.0,24.0,sensory,olfactory,0.0,4513,0
720575940631240296,3.105249507805075,25.133094068938032,sensory,olfactory,0.0,2185,0
720575940631243279,0.16299597775396327,22.185970245164107,central,unknown,0.0,6575,2
720575940631247431,3.1325996368603723,25.14186321473966,sensory,olfactory,0.0,3445,0
720575940631248711,1.2993027966457749,24.261827810329216,central,unknown,0.0,6108,2
720575940631253778,1.6586868045027408,24.506026207673408,central,unknown,0.0,3674,2
720575940631253967,2.932321020430773,25.075794266581713,sensory,olfactory,0.0,8381,0
720575940631255058,0.3757762766283844,23.02123867835261,central,unknown,0.0,7754,2
720575940631260476,1.5485865240474164,24.437342594909776,central,unknown,0.0,8410,2
720575940631260716,0.22856539666309433,22.52406709024325,central,unknown,0.0,4824,2
720575940631261714,1.7669308455119914,24.56924405590616,central,LHLN,0.0,7782,2
720575940631264083,0.18987417448545635,22.33860633425065,central,unknown,0.0,5858,2
720575940631267858,1.0715540827714496,24.069110008546158,central,unknown,0.0,4776,2
720575940631268114,2.238281946802086,24.80570858354636,central,LHLN,0.0,1780,2
720575940631268882,1.559164153528474,24.444149878649647,central,unknown,3.1784959913205866e-07,558,2
720575940631269650,0.8932296345744424,23.887088418416518,central,unknown,0.0,7126,2
720575940631271251,1.7576829294953076,24.56399642434755,central,unknown,0.0,4812,2
720575940631272719,1.5572103155447536,24.442895961150892,central,unknown,0.0,5155,2
720575940631274770,1.1416666795968615,24.132489194371797,central,ALPN,8.330308243919372e-06,262,2
720575940631275181,0.8396168194816569,23.82519034149553,central,ALLN,1.8859076215168816e-05,173,2
720575940631275601,0.2421111676386353,22.58164171210385,central,unknown,0.0,5395,2
720575940631275821,1.342940184073891,24.294861377512643,central,Kenyon_Cell,0.0,2894,2
720575940631281483,1.379263206225213,24.321549448056746,central,unknown,0.0,8683,2
720575940631287912,1.9824308837184883,24.68432381072543,central,ALLN,0.0,5750,2
720575940631295018,2.089218705043634,24.736790170748634,central,Kenyon_Cell,0.0,5179,2
720575940631295116,3.062088362304443,25.11909715452795,sensory,olfactory,0.0,3906,0
720575940631296204,3.0810575332545596,25.12527289300544,sensory,olfactory,0.0,2510,0
720575940631301715,0.96433831091031,23.963686898989348,central,ALPN,0.0,1623,1
720575940631302186,2.056064841219215,24.720793884653606,central,Kenyon_Cell,0.0,8327,2
720575940631305004,0.36033362337846986,22.979275054924262,central,unknown,0.0,6034,2
720575940631305164,0.8608679416802298,23.850185835842556,central,Kenyon_Cell,0.0,4478,2
720575940631306284,0.0023251143047844916,17.936013922196874,optic,unknown,0.0,2493,2
720575940631307053,1.5684087964019984,24.450061599939822,central,Kenyon_Cell,0.0,3812,2
720575940631313455,3.080099438573722,25.124961881715535,sensory,olfactory,0.0,2134,0
720575940631314908,0.030076054062827706,20.495974030072517,central,unknown,0.0,6847,2
720575940631318609,3.1229499646567076,25.138778056608942,sensory,olfactory,0.0,3543,0
720575940631319371,0.6410092861455197,23.555288664800088,central,unknown,0.0,8188,2
720575940631321704,1.1541280576751312,24.143345130452,central,ALON,0.0003033477111716,10,1
720575940631328104,2.3005328283964577,24.83314076062522,central,ALPN,7.257565846848673e-06,284,1
720575940631328738,0.010475909459100373,19.44132300492842,central,unknown,0.0,5572,2
720575940631335417,1.7056522323357735,24.53394757854474,central,Kenyon_Cell,0.0,1191,2
720575940631336930,1.7648089882949114,24.568042462599617,central,Kenyon_Cell,0.0,3880,2
720575940631342476,1.777372486279148,24.575136142444997,central,Kenyon_Cell,0.0,3820,2
720575940631347011,0.6515045024926653,23.5715290285223,central,ALPN,1.059498663773529e-07,642,2
720575940631347242,0.13247276874108935,21.978621826387055,central,unknown,0.0,6258,2
720575940631350743,1.0,24.0,sensory,olfactory,0.0,3523,0
720575940631351619,0.8742693189128341,23.865633194415608,central,Kenyon_Cell,0.0,2618,2
720575940631353671,0.800303016021919,23.77723514699793,central,unknown,0.0,7046,2
720575940631353764,3.0591572329686834,25.11813946396835,sensory,olfactory,0.0,2242,0
720575940631365084,0.20227233440542075,22.40185970055261,central,unknown,0.0,8431,2
720575940631379783,1.9660027429279912,24.676002416906094,central,Kenyon_Cell,0.0,1543,2
720575940631381212,0.352621107652598,22.95763885207307,central,unknown,0.0,8401,2
720575940631387719,1.9084199690120585,24.646275658350646,central,Kenyon_Cell,0.0,1953,2
720575940631388231,1.105017665561426,24.099861321775343,central,Kenyon_Cell,0.0,1695,2
720575940631388589,0.03488725745801384,20.644366367739014,central,unknown,0.0,1355,2
720575940631388743,1.7004919097712816,24.53091756789501,central,Kenyon_Cell,0.0,4990,2
720575940631390940,1.4593709707310254,24.378005500916128,central,unknown,0.0,3876,2
720575940631393823,2.9973108952608962,25.097715518443493,sensory,olfactory,0.0,2562,0
720575940631396675,1.2362632833453737,24.212093348766928,central,unknown,0.0,5863,2
720575940631399978,0.6152991217845382,23.51435324746691,central,Kenyon_Cell,0.0,1709,2
720575940631403335,2.0929991246795487,24.738598025250468,central,Kenyon_Cell,0.0,7295,2
720575940631406547,1.5066160243987292,24.409866092486393,central,Kenyon_Cell,0.0,1321,2
720575940631406673,1.0,24.0,sensory,olfactory,0.0,2858,0
720575940631407427,0.13997076836825958,22.03367832445639,central,unknown,0.0,7399,2
720575940631413585,3.4238585729853956,25.230768152807684,sensory,olfactory,0.0,4492,0
720575940631422776,0.4909531116310792,23.288593348592666,central,unknown,0.0,5347,2
720575940631423116,1.9465851840897213,24.66607664980782,central,ALLN,0.0,4764,2
720575940631425361,3.0697692890724255,25.12160240863592,sensory,olfactory,0.0,3123,0
720575940631429165,3.173296422403519,25.154770928471986,sensory,olfactory,0.0,6065,0
720575940631432403,1.339766970140568,24.292495695959786,central,Kenyon_Cell,0.0,1883,2
720575940631434722,1.5878859065669493,24.462403512993774,central,Kenyon_Cell,0.0,3653,2
720575940631435345,2.092932053970065,24.738565979473016,central,Kenyon_Cell,0.0,3858,2
720575940631447879,0.1516258106549104,22.11366043471402,ascending,AN,0.0,788,2
720575940631448680,1.127570329705229,24.120065167128047,central,ALLN,0.0,4778,2
720575940631448913,1.7139160003055323,24.538780810984886,central,Kenyon_Cell,0.0,1100,2
720575940631450451,3.078275123825861,25.1243694153812,sensory,olfactory,0.0,2153,0
720575940631450764,3.0269602982406267,25.10755891407667,sensory,olfactory,0.0,2255,0
720575940631451449,1.866966733660447,24.624315046329308,central,unknown,0.0,7214,2
720575940631453763,1.7214485592955873,24.543166122022996,central,Kenyon_Cell,0.0,8027,2
720575940631458371,1.9684554243911014,24.677249186690656,central,Kenyon_Cell,0.0,7646,2
720575940631459385,1.2650254906614578,24.23509227269698,central,unknown,0.0,5606,2
720575940631460394,1.8421647821618858,24.610941392117457,central,LHLN,0.0,5814,2
720575940631461674,1.5477673676104726,24.436813484553067,central,unknown,0.0,5355,2
720575940631462200,2.5584571713739805,24.93940440938242,central,ALPN,6.171579716480806e-06,294,1
720575940631467050,0.8473323532942789,23.83433772748276,central,unknown,0.0,6051,2
720575940631467591,2.9619842062031245,25.085859383692,sensory,olfactory,0.0,1844,0
720575940631468335,1.0,24.0,sensory,olfactory,0.0,4471,0
720575940631469964,1.7288946018990576,24.547482245848897,central,ALPN,0.0,6221,2
720575940631474316,3.091007859776496,25.128497205940825,sensory,olfactory,0.0,2290,0
720575940631483949,1.9114706593769766,24.647872924508395,central,Kenyon_Cell,0.0,7466,2
720575940631490616,1.42455924754898,24.353862465911885,central,unknown,0.0,1018,2
720575940631494687,3.3843615930397952,25.219165289770686,sensory,olfactory,0.0,6031,0
720575940631497078,2.007523134065568,24.696901690590845,central,ALLN,0.0,5782,1
720575940631498040,2.7160614210128173,24.999182823952093,sensory,olfactory,0.0,1971,0
720575940631498819,1.0028580974243042,24.00285402082955,central,Kenyon_Cell,0.0,829,2
720575940631499587,1.7812409854193074,24.577310304204786,central,Kenyon_Cell,0.0,5026,2
720575940631502136,2.1764756151567073,24.777706878251937,central,LHLN,0.0,5212,2
720575940631502392,1.7619090922042915,24.566397932655352,central,unknown,0.0,3823,2
720575940631502509,1.7696762929238945,24.57079664450644,central,Kenyon_Cell,0.0,4051,2
720575940631503928,1.7124757371667716,24.537940122976078,central,LHLN,0.0,7820,2
720575940631508598,0.039772857428181235,20.775429426491794,descending,unknown,0.0,1929,2
720575940631510865,3.117763863900866,25.137116034573605,sensory,olfactory,0.0,7329,0
720575940631511436,0.05281919073652787,21.059119306613248,central,unknown,0.0,5568,2
720575940631512376,2.9886937890532894,25.094836432103133,sensory,olfactory,0.0,991,0
720575940631518776,0.02572533055360369,20.339720852163826,central,unknown,0.0,6897,2
720575940631524236,0.24835690418175616,22.607111562393204,central,unknown,0.0,8219,2
720575940631526215,1.5303191448912516,24.425476305084366,central,ALLN,2.6487466594338225e-07,568,1
720575940631527085,2.125810235323661,24.754153016916018,central,unknown,0.0,3795,2
720575940631538028,1.9078259596117784,24.645964352729266,central,ALON,4.085691722176671e-05,72,1
720575940631547729,0.029867147864455587,20.48900386373396,central,unknown,4.410163187957314e-06,334,2
720575940631549202,0.04490846590430903,20.896871048200044,descending,unknown,0.0,1429,2
720575940631549743,1.598872002749201,24.469298382335836,central,Kenyon_Cell,0.0,2579,2
720575940631555128,1.5314534581992123,24.426217257145087,central,Kenyon_Cell,0.0,2832,2
720575940631566700,1.914706569037329,24.649564383235305,central,ALLN,0.0,8088,1
720575940631567129,0.9016017242380354,23.896417596161783,central,unknown,0.0,3654,2
720575940631571247,1.5209576725080343,24.419340184164113,central,Kenyon_Cell,0.0,3041,2
720575940631575855,1.8014507672843487,24.588592322097824,central,Kenyon_Cell,0.0,1012,2
720575940631576109,1.7169017992704547,24.540521387076748,central,Kenyon_Cell,0.0,3773,2
720575940631584057,1.887871302216349,24.63544989920092,central,Kenyon_Cell,0.0,4596,2
720575940631585388,1.497381868129466,24.403718161838682,central,unknown,0.0,5121,2
720575940631586858,1.9851510942198447,24.68569502923721,central,ALLN,9.98577490606551e-06,238,1
720575940631586924,0.9990663514239677,23.99906591530266,central,unknown,0.0,5579,2
720575940631587129,1.9445747287740982,24.66504330471816,central,Kenyon_Cell,0.0,5735,2
720575940631588931,1.0263891416172661,24.026046955168695,central,unknown,0.0,4727,2
720575940631589689,1.459886837780102,24.37835892434652,central,Kenyon_Cell,0.0,8023,2
720575940631591199,2.028378322029439,24.707236617654956,central,ALLN,0.0,7185,2
720575940631595562,3.159169510277728,25.150309179854126,sensory,olfactory,0.0,2370,0
720575940631603256,0.3666640642414737,22.996690793587774,central,unknown,0.0,6603,2
720575940631603281,1.904760026986352,24.644356030557862,central,ALLN,0.0,6294,2
720575940631615800,1.0,24.0,sensory,olfactory,0.0,3202,0
720575940631617017,0.01968044399983415,20.071870173354657,central,unknown,1.4554862893588854e-05,204,2
720575940631618920,1.1569700268962386,24.145804541995457,central,ALLN,0.0,6860,2
720575940631619409,2.042127205062175,24.713992012152005,central,ALPN,0.0,1181,2
720575940631619921,1.9158956557991011,24.65018521867066,central,ALLN,0.0,4792,1
720575940631620177,3.2861569030904203,25.189718767437522,sensory,olfactory,0.0,3339,0
720575940631620712,3.037479085242172,25.11102792312598,sensory,olfactory,0.0,3496,0
720575940631623020,1.1095050266447535,24.103913993929822,central,unknown,0.0,5554,2
720575940631624785,0.023129444133483064,20.233351164697595,central,unknown,0.0,3831,2
720575940631629643,0.7338677322741787,23.690573532132845,central,unknown,0.0,8534,2
720575940631629866,1.0,24.0,sensory,olfactory,0.0,879,0
720575940631630021,2.043531308741459,24.71467934504085,central,ALPN,0.0,8163,2
720575940631630893,3.1231547528474857,25.138843629698126,sensory,olfactory,0.0,7348,0
720575940631631564,0.015705621501881838,19.846263426729557,central,unknown,0.0,5576,2
720575940631631929,0.0771351583525122,21.437803907406504,central,unknown,0.0,1120,2
720575940631632012,0.027463612877484517,20.40510668143906,descending,unknown,0.0,6707,2
720575940631632844,3.151524533426719,25.14788631462317,sensory,olfactory,0.0,8072,0
720575940631633401,2.298112047781101,24.832087937063434,central,ALPN,0.0,6180,1
720575940631638034,3.0746684330069827,25.12319706878037,sensory,olfactory,0.0,1751,0
720575940631639058,3.0913632396353696,25.128612171494833,sensory,olfactory,0.0,2814,0
720575940631639570,3.060435941716618,25.118557370430445,sensory,olfactory,0.0,2738,0
720575940631642937,0.02930199129860275,20.469900197141193,central,unknown,0.0,4185,2
720575940631650274,2.0706876352729315,24.727880743067185,central,Kenyon_Cell,0.0,3416,2
720575940631650361,1.5628085023215859,24.44648452462523,central,Kenyon_Cell,0.0,8497,2
720575940631651554,0.11748822627116397,21.858582847633986,central,unknown,0.0,3782,2
720575940631655737,1.7599645559881711,24.56529367020419,central,Kenyon_Cell,0.0,7781,2
720575940631659461,0.038669395908513184,20.747293204806056,visual_centrifugal,unknown,0.0,6028,2
720575940631661281,1.3307479975348,24.285741188305217,central,Kenyon_Cell,0.0,8045,2
720575940631662147,1.6513952455963512,24.50162053398309,central,Kenyon_Cell,0.0,4697,2
720575940631666243,1.6173019515356413,24.4807592988056,central,Kenyon_Cell,0.0,6492,2
720575940631680763,3.041261127958218,25.112272274116947,sensory,olfactory,0.0,3951,0
720575940631683927,2.7542704942191687,25.01315261415405,central,ALPN,1.5124343425367128e-05,200,1
720575940631687332,1.9282802321879116,24.656628534271444,central,Kenyon_Cell,0.0,1447,2
720575940631687844,1.7229076518701643,24.54401335881989,central,Kenyon_Cell,0.0,6501,2
720575940631688417,0.5920823432736336,23.475890439596906,central,unknown,0.0,4622,2
720575940631688955,0.22546613343855806,22.510414684373856,central,unknown,0.0,2040,2
720575940631692283,0.9932625345298361,23.993239735345842,central,unknown,0.0,7824,2
720575940631700731,0.11813497681655688,21.864072563087944,central,unknown,0.0,7628,2
720575940631704716,1.9194056942666338,24.652015603887953,central,ALLN,0.0,5861,1
720575940631706107,0.020396782352199987,20.10762188159436,central,unknown,0.0,2391,2
720575940631708973,0.1389178337101026,22.026127354977902,central,unknown,2.387845113479591e-05,133,2
720575940631710604,0.25014573343674856,22.614288402787228,central,unknown,0.0,4941,2
720575940631710860,2.2097357851571373,24.792872954154944,central,LHLN,0.0,5217,2
720575940631711021,1.0,24.0,sensory,olfactory,0.0,3530,0
720575940631713384,1.9879327878975308,24.687095298758187,central,Kenyon_Cell,0.0,3450,2
720575940631718969,1.6180251229182545,24.4812063456593,central,Kenyon_Cell,0.0,7458,2
720575940631719417,0.28248378302053206,22.73586586471956,central,unknown,0.0,6694,2
720575940631725561,1.9436469815224675,24.664566095681042,central,ALPN,0.0,8408,2
720575940631727308,3.0017836319992948,25.099206655996614,sensory,olfactory,0.0,1884,0
720575940631728431,0.24871297406375417,22.608544237992696,central,unknown,0.0,5462,2
720575940631732328,1.6189583268601306,24.481782934314886,central,Kenyon_Cell,0.0,7566,2
720575940631737005,3.0643328589202388,25.119829881395777,sensory,olfactory,0.0,1249,0
720575940631737261,2.9894527294923767,25.09509033703531,sensory,olfactory,0.0,1272,0
720575940631740447,0.6371505775260846,23.549250734096653,central,unknown,0.0,7484,2
720575940631741613,2.013765374788535,24.700006290384202,central,Kenyon_Cell,0.0,4034,2
720575940631741983,3.0003957493586872,25.098744196420796,sensory,olfactory,0.0,8075,0
720575940631742156,1.5658361333096686,24.448419951805867,central,ALPN,4.886937586655402e-06,318,1
720575940631752356,1.9949370573290535,24.690612499633108,central,ALPN,0.0,4517,2
720575940631754527,1.7573996029898389,24.5638352181719,central,Kenyon_Cell,0.0,8047,2
720575940631758111,1.414753714067054,24.346955462283244,central,LHLN,0.0,4673,2
720575940631758393,0.6102189954769724,23.50606262273556,central,DAN,0.0,5297,2
720575940631761183,1.975412352262461,24.68077716251601,central,Kenyon_Cell,0.0,6933,2
720575940631763257,1.827640848081399,24.603025981125516,central,Kenyon_Cell,0.0,7579,2
720575940631763523,1.674551947922343,24.51554563571648,central,unknown,0.0,5030,2
720575940631763779,1.2717989766079123,24.240432415170797,central,LHLN,0.0,4029,2
720575940631764281,1.9151932681683066,24.64981854086568,central,Kenyon_Cell,0.0,4641,2
720575940631765571,1.2054955468681594,24.186890724619953,central,unknown,0.0,5064,2
720575940631767353,1.9636576026932338,24.674808858019624,central,Kenyon_Cell,0.0,1052,2
720575940631769145,2.128605298777981,24.755466975947076,central,Kenyon_Cell,0.0,1999,2
720575940631771971,1.5176961058378942,24.41719346514931,central,unknown,0.0,6419,2
720575940631782447,1.2717466219435505,24.240391248490397,central,Kenyon_Cell,0.0,1166,2
720575940631782712,1.2359052917943303,24.211803731337803,central,Kenyon_Cell,0.0,4607,2
720575940631783372,0.05777715216328837,21.14883812725541,central,unknown,0.0,4783,2
720575940631792184,1.7377445790636459,24.552588053479074,central,Kenyon_Cell,0.0,6670,2
720575940631792440,1.7234765139595902,24.54434347993653,central,Kenyon_Cell,0.0,6436,2
720575940631796803,1.5200412737415407,24.418737488266856,central,unknown,0.0,5555,2
720575940631797315,1.1871802241098983,24.171580935702867,central,LHLN,0.0,2526,2
720575940631798888,1.1092653764998262,24.103697973249613,central,Kenyon_Cell,0.0,1693,2
720575940631801401,2.0230854772561564,24.704623810014766,central,Kenyon_Cell,0.0,2975,2
720575940631801671,1.556435129882646,24.44239803311656,central,ALPN,1.8541226616036761e-07,592,2
720575940631827527,1.5622425141715597,24.446122298118702,central,Kenyon_Cell,0.0,4059,2
720575940631840568,1.9951159289630778,24.69070215840945,central,Kenyon_Cell,0.0,6640,2
720575940631842119,3.2724766770492213,25.18554709182441,sensory,olfactory,0.0,2115,0
720575940631842360,0.2055420272483948,22.41789524620203,central,unknown,4.5134643076752336e-05,65,2
720575940631852627,0.07928038070073389,21.465235413005033,central,unknown,0.0,8247,2
720575940631858373,1.3376581086867727,24.290920404903783,central,ALLN,0.0,6217,2
720575940631865228,0.05330892243742591,21.06834843850673,central,unknown,2.2593809004970503e-05,157,2
720575940631866951,0.17233315397318322,22.241674266083074,central,unknown,0.0,8271,2
720575940631868999,1.8898312880210586,24.636487559489815,central,Kenyon_Cell,0.0,1409,2
720575940631875298,1.936152065101255,24.660702531793184,sensory,thermosensory,0.0,8007,2
720575940631875896,0.4059791966734774,23.098546639586296,central,unknown,0.0,4748,2
720575940631876805,0.8300693770151246,23.813754005080536,central,unknown,0.0,3288,2
720575940631877688,1.8423158014722203,24.61102336801989,central,LHLN,0.0,6118,2
720575940631877944,1.9620595818475821,24.673994728596234,central,unknown,0.0,4797,2
720575940631879193,0.9725961046932099,23.972213613934503,central,Kenyon_Cell,0.0,4202,2
720575940631880505,2.120832001439737,24.751808465203496,central,LHLN,0.0,6581,2
720575940631885485,2.9474826743641285,25.080951475333784,sensory,olfactory,0.0,7412,0
720575940631898472,1.8171409654733457,24.597264367843025,central,unknown,0.0,7806,2
720575940631898961,1.3754489897135689,24.318780215790117,central,unknown,0.0,865,2
720575940631899223,1.9242607758870782,24.654541881461864,central,ALLN,0.0,5697,1
720575940631900697,0.2215015460239397,22.49267429027075,central,unknown,0.0,763,2
720575940631903299,1.0,24.0,sensory,olfactory,0.0,3489,0
720575940631905080,0.3221577846118517,22.86728616086698,central,unknown,0.0,5323,2
720575940631907159,2.1229499646567076,24.752806614217622,central,ALLN,0.0,6037,1
720575940631908712,1.9929771784668875,24.689629590320585,central,LHLN,0.0,5119,2
720575940631911761,2.9838364514624613,25.093209872348343,sensory,olfactory,0.0,1251,0
720575940631912223,0.04679718488743121,20.938067770154294,central,unknown,0.0,868,2
720575940631915863,2.034813471947689,24.71040415471696,central,LHLN,0.0,5766,2
720575940631919756,2.0107148664994754,24.698490313815608,central,Kenyon_Cell,0.0,2060,2
720575940631923816,3.0258112923223695,25.107179251333786,sensory,olfactory,0.0,8158,0
720575940631925096,3.158247608561878,25.15001731952417,sensory,olfactory,0.0,7364,0
720575940631925132,3.1000582707053574,25.131420908316166,sensory,olfactory,0.0,747,0
720575940631926599,1.5848051798710507,24.460461484866734,central,Kenyon_Cell,0.0,8499,2
720575940631930060,1.0,24.0,sensory,olfactory,0.0,4323,0
720575940631930415,1.0,24.0,sensory,olfactory,0.0,2932,0
720575940631930828,1.6231319440762393,24.48435758163981,central,ALPN,1.1296904502485251e-05,228,1
720575940631931183,2.9322411133411093,25.075767015752803,sensory,olfactory,0.0,2119,0
720575940631934023,2.9960715597278327,25.097301950459126,sensory,olfactory,0.0,1266,0
720575940631934348,1.8550546912463015,24.617914178776424,central,Kenyon_Cell,0.0,1951,2
720575940631937042,0.3680552086503944,23.0004776714409,central,unknown,0.0,6557,2
720575940631941587,3.0311410873635065,25.108939145116224,sensory,olfactory,0.0,1271,0
720575940631942341,1.2192429496899382,24.19823013309382,central,unknown,0.0,5543,2
720575940631943213,3.0190630020936755,25.10494651903749,sensory,olfactory,0.0,2485,0
720575940631953619,3.1325996368603723,25.14186321473966,sensory,olfactory,0.0,6372,0
720575940631956397,2.99637111846455,25.097401929300162,sensory,olfactory,0.0,1886,0
720575940631957319,1.6097912878376763,24.476104535709613,central,Kenyon_Cell,0.0,965,2
720575940631960290,3.167394695606273,25.152909387390203,sensory,olfactory,0.0,6956,0
720575940631962705,1.7926458147242952,24.583692637309664,central,unknown,0.0,4814,2
720575940631964130,2.331107713523249,24.846343568133694,central,LHLN,0.0,1398,2
720575940631964371,2.9925392770306836,25.09612228352031,sensory,olfactory,0.0,2530,0
720575940631964503,1.7424874580035024,24.5553136659242,central,unknown,0.0,1005,2
720575940631964620,1.7896025126022908,24.58199353519497,central,Kenyon_Cell,0.0,7660,2
720575940631966545,0.7290150629042839,23.683939115233198,central,unknown,0.0,5809,2
720575940631967506,0.039132658951512814,20.759202106669694,central,unknown,2.348113913588084e-05,140,2
720575940631975884,1.8817128103459266,24.632182431403038,central,ALLN,0.0,6618,1
720575940631978287,1.7793974966747692,24.576274821990836,central,unknown,0.0,4486,2
720575940631978956,2.304207741289529,24.834736904259227,central,ALLN,0.0,3405,2
720575940631986499,1.0,24.0,sensory,olfactory,0.0,4737,0
720575940631991082,0.05746408301254236,21.143404830390153,central,unknown,0.0,3932,2
720575940631992391,0.1415425182753729,22.044844875476794,central,unknown,0.0,6843,2
720575940631997068,1.0,24.0,sensory,olfactory,0.0,3054,0
720575940631998511,3.0487008668029634,25.114715554568345,sensory,olfactory,0.0,2335,0
720575940632000993,2.185292223538061,24.78174956035474,central,ALLN,0.0,2740,2
720575940632001607,1.5685603626395856,24.450158232217678,central,Kenyon_Cell,0.0,3481,2
720575940632006481,1.9913611746651498,24.688818412279403,central,Kenyon_Cell,0.0,4986,2
720575940632007983,2.1861057239488897,24.782121752696867,central,ALLN,0.0,6423,1
720575940632008877,1.3127775896264533,24.272145189979586,central,unknown,0.0,5412,2
720575940632009784,0.4045572360626754,23.095037945807274,central,unknown,0.0,4191,2
720575940632013387,0.10662037481787257,21.761519347861867,central,unknown,0.0,6197,2
720575940632014284,3.116291453305795,25.136643658071463,sensory,olfactory,0.0,2541,0
720575940632014383,1.8851518458972683,24.63400837250827,central,unknown,0.0,7881,2
720575940632030412,1.6678720049897096,24.511548565374547,central,Kenyon_Cell,0.0,3803,2
720575940632032652,2.38375317902135,24.868676211553563,central,ALPN,0.0,7783,2
720575940632034700,2.204308100356615,24.790413672971123,central,Kenyon_Cell,0.0,2779,2
720575940632036492,1.6775882639657842,24.51735720485255,central,unknown,0.0,5075,2
720575940632041043,1.0,24.0,sensory,olfactory,0.0,3226,0
720575940632043832,1.0,24.0,sensory,olfactory,0.0,3316,0
720575940632052194,0.3788828030106528,23.029471651394978,visual_projection,unknown,0.0,5249,2
720575940632059193,0.26565114011787316,22.674428665710135,central,unknown,0.0,6564,2
720575940632063396,1.0,24.0,sensory,olfactory,0.0,2988,0
720575940632065164,1.7068552841920686,24.534652662357924,central,unknown,0.0,5189,2
720575940632080268,0.9494681077444107,23.948146662232595,central,unknown,0.0,5883,2
720575940632081036,1.2303254575186189,24.207278733992656,central,unknown,0.0,5222,2
720575940632086865,1.4455876381456179,24.36851590889353,central,Kenyon_Cell,0.0,7389,2
720575940632091300,0.5171280910288403,23.340535323115567,central,unknown,0.0,6558,2
720575940632091951,3.184052522288046,25.158154763539567,sensory,olfactory,0.0,7330,0
720575940632094415,1.4001451883682723,24.336575937221458,central,ALLN,0.0,7632,2
720575940632098375,0.7804106307776233,23.752064951890368,central,Kenyon_Cell,0.0,4253,2
720575940632099212,2.000668894450657,24.69348157187027,central,LHLN,0.0,6483,2
720575940632102564,0.03139819807096828,20.53899522601052,central,unknown,0.0,3724,2
720575940632105809,1.8144335725627525,24.595773337776688,central,Kenyon_Cell,0.0,7261,2
720575940632107335,0.5426934104530821,23.388789259859614,central,DAN,0.0,3289,2
720575940632108205,3.2011004640991336,25.163494645718316,sensory,olfactory,0.0,2450,0
720575940632113871,2.100676390620693,24.742259383641038,central,LHLN,0.0,4217,2
720575940632114658,1.6705189189032175,24.513134308044297,central,Kenyon_Cell,0.0,8340,2
720575940632115247,1.787396519693932,24.580760102829956,central,Kenyon_Cell,0.0,1470,2
720575940632118343,0.44698684315798926,23.194773881547224,central,MBON,0.0,8559,2
720575940632123439,1.9244752042104696,24.654653309382468,central,Kenyon_Cell,0.0,4951,2
720575940632123695,1.7021858696480705,24.53191323079731,central,Kenyon_Cell,0.0,4519,2
720575940632128908,0.33020062899016883,22.89194515737842,central,ALPN,0.0,4690,2
720575940632135249,1.8216435639240165,24.599739150679067,central,Kenyon_Cell,0.0,4079,2
720575940632137636,1.335639387427448,24.28941011908937,central,unknown,0.0,5599,2
720575940632144813,1.2251975887924889,24.20310212796319,central,Kenyon_Cell,0.0,897,2
720575940632149039,1.732391294028707,24.549502704963988,central,Kenyon_Cell,0.0,3760,2
720575940632151889,0.5981643514770993,23.48611027245419,central,unknown,0.0,6701,2
720575940632160593,1.8891412602919337,24.636122366185038,central,LHLN,0.0,4942,2
720575940632166881,2.160006376395122,24.770111173726495,central,unknown,0.0,4438,2
720575940632167085,2.3027251341878436,24.834093262516255,central,ALPN,2.7957520990324e-05,115,1
720575940632171857,0.5204340748789397,23.346907943758072,central,unknown,0.0,5455,2
720575940632172770,1.6585919769851498,24.505969035802206,central,Kenyon_Cell,0.0,3626,2
720575940632189255,1.7018416240805208,24.531710972989842,central,LHLN,0.0,6466,2
720575940632192799,3.049021450763476,25.114820703325247,sensory,olfactory,0.0,2181,0
720575940632193055,3.1147406245953535,25.13614588219001,sensory,olfactory,0.0,2558,0
720575940632193420,0.3062124315222483,22.81652380277149,central,unknown,0.0,4749,2
720575940632195887,2.020673499562734,24.703430871467592,central,Kenyon_Cell,0.0,4413,2
720575940632196935,1.8328865776240617,24.60589208894199,central,unknown,0.0,1912,2
720575940632197930,1.9820504269606152,24.684131878046614,central,ALLN,0.0,5771,2
720575940632197935,1.8168316825267323,24.597094150300233,central,Kenyon_Cell,0.0,901,2
720575940632198442,2.4592753577966495,24.899866736548645,central,ALLN,0.0,6653,1
720575940632200749,0.0877742617590777,21.56701303243121,central,unknown,0.0,5383,2
720575940632203823,1.7356583163489057,24.551386774486428,central,Kenyon_Cell,0.0,4097,2
720575940632224031,3.1100982185795165,25.13465430722928,sensory,olfactory,0.0,2267,0
720575940632239661,2.993134191944473,25.096321063129263,sensory,olfactory,0.0,2368,0
720575940632243019,2.3117460203913383,24.838003092003962,central,ALPN,0.0,7943,1
720575940632261423,1.2404881922658515,24.215505005576283,central,unknown,5.2974933188676455e-08,679,2
720575940632264223,0.35583229995918125,22.966704273352338,central,unknown,0.0,4247,2
720575940632265503,1.9322135668564702,24.6586662715322,central,LHLN,0.0,7790,2
720575940632271405,2.0537619382467325,24.719673203254082,central,LHLN,0.0,1212,2
720575940632271697,1.6541151442273965,24.50326620979356,central,LHLN,0.0,5966,2
720575940632272721,1.643555729380964,24.496862022510406,central,LHLN,0.0,5522,2
720575940632273378,1.7953386589295834,24.58519367207203,central,Kenyon_Cell,0.0,7682,2
720575940632275025,1.4917449616504377,24.399946549938527,central,unknown,0.0,4730,2
720575940632281937,0.17728888648332286,22.270025250144272,central,unknown,0.0,7777,2
720575940632284717,3.0457570029929024,25.11374947551688,sensory,olfactory,0.0,1705,0
720575940632287057,1.871310681169772,24.62663908437276,central,LHLN,0.0,7697,2
720575940632303073,0.40815811372703886,23.103899353994958,central,unknown,0.0,912,2
720575940632303807,0.08024993243150759,21.47739064105265,central,unknown,0.0,8264,2
720575940632308684,3.0124989073206168,25.10276993610156,sensory,olfactory,0.0,1292,0
720575940632315106,3.117741552343687,25.137108878278905,sensory,olfactory,0.0,8596,0
720575940632333395,1.0,24.0,sensory,olfactory,0.0,3550,0
720575940632335129,2.121253170227248,24.752007032074197,central,Kenyon_Cell,0.0,5371,2
720575940632335953,1.0,24.0,sensory,olfactory,0.0,3225,0
720575940632336685,1.9643961160621515,24.675184878018584,central,Kenyon_Cell,0.0,1006,2
720575940632338145,1.4746590007466922,24.388426777129748,central,Kenyon_Cell,0.0,3592,2
720575940632340269,0.03469402494037096,20.6388122012238,central,unknown,0.0,7913,2
720575940632342497,1.0570443401207423,24.05547665503451,central,Kenyon_Cell,0.0,4769,2
720575940632342611,0.7871773066938454,23.76069823846162,central,unknown,0.0,6460,2
720575940632347423,1.5015488871885334,24.40649716681134,central,Kenyon_Cell,0.0,8185,2
720575940632350668,1.4697903843941877,24.385119794972706,central,unknown,0.0,6358,2
720575940632351457,1.6057704508287431,24.473603673072635,central,Kenyon_Cell,0.0,1361,2
720575940632351513,3.046382786311481,25.1139549150972,sensory,olfactory,0.0,2427,0
720575940632353228,0.6707320413666531,23.60061443600565,central,unknown,0.0,7833,2
720575940632356066,3.2427172992504696,25.176411650923043,sensory,olfactory,0.0,1254,0
720575940632357284,1.4993557541307598,24.405035518601643,central,Kenyon_Cell,0.0,8001,2
720575940632362015,1.8196650398085568,24.598652440089285,central,Kenyon_Cell,0.0,3485,2
720575940632364717,1.8595163186707546,24.620316410182475,central,Kenyon_Cell,0.0,8019,2
720575940632364881,3.151123198445492,25.14775896021631,sensory,olfactory,0.0,3895,0
720575940632370719,1.9686004647320086,24.677322866285287,central,Kenyon_Cell,0.0,3002,2
720575940632371040,1.0186843202691838,24.018511912593183,central,Kenyon_Cell,0.0,3022,2
720575940632371737,1.1226738883472702,24.115713240304647,central,Kenyon_Cell,0.0,6285,2
720575940632375891,1.3499798371843332,24.30008965691979,central,unknown,0.0,6664,2
720575940632377375,1.6535472133512,24.5029228066161,central,Kenyon_Cell,0.0,7483,2
720575940632378788,1.8495045671004218,24.61491780165765,central,unknown,0.0,6307,2
720575940632388138,1.4596209195736638,24.378176757879245,central,Kenyon_Cell,0.0,4362,2
720575940632389028,1.4540942031983848,24.374383166007373,central,unknown,0.0,6302,2
720575940632389688,1.0,24.0,sensory,olfactory,0.0,2860,0
720575940632390731,1.987912463154134,24.687085074646273,central,unknown,0.0,5716,2
720575940632399691,0.6865144310718506,23.62387196723124,central,unknown,0.0,7874,2
720575940632403986,2.3843615930397952,24.868931412634424,central,ALLN,0.0004345798644133,5,1
720575940632404706,3.038745976031431,25.11144492242895,sensory,olfactory,0.0,2249,0
720575940632407635,1.8956050930429291,24.639538097878592,central,Kenyon_Cell,0.0,6911,2
720575940632410828,0.10513505117573782,21.747490446400285,central,unknown,2.455388153295153e-05,127,2
720575940632413604,1.5887591292532337,24.46295328969116,central,unknown,0.0,8236,2
720575940632416298,1.989850445437106,24.68805948286559,central,ALLN,7.946239978301468e-08,665,1
720575940632417554,0.576556479996082,23.449318026433094,central,LHCENT,0.0,6414,2
720575940632429732,1.1791996646992433,24.164835958106934,central,unknown,0.0,1237,2
720575940632432184,3.0092654656486877,25.10169601763434,sensory,olfactory,0.0,1750,0
720575940632433572,1.8874274629291306,24.63521477116636,central,unknown,0.0,6668,2
720575940632434340,1.8711511324834733,24.626553820343712,central,Kenyon_Cell,0.0,983,2
720575940632435108,1.7505435411404637,24.559926334648207,central,unknown,0.0,7974,2
720575940632437412,1.611747307309785,24.47731887454474,central,LHLN,0.0,6623,2
720575940632437971,1.0,24.0,sensory,olfactory,0.0,3298,0
720575940632447827,1.9554023093850943,24.67059595711824,central,Kenyon_Cell,0.0,8494,2
720575940632458195,3.1028851741541206,25.132332379997187,sensory,olfactory,0.0,2835,0
720575940632461074,0.24157610300320864,22.579429270775908,central,unknown,0.0,2979,2
720575940632462500,1.2276001758672033,24.205061187024434,central,unknown,0.0,7093,2
720575940632463464,1.7530827911770135,24.561375833105117,central,ALPN,0.0,6815,1
720575940632465945,1.3496591093835155,24.299852048996158,central,Kenyon_Cell,0.0,2629,2
720575940632495052,1.5738308094824869,24.453512653418734,central,Kenyon_Cell,0.0,936,2
720575940632501805,1.8006049408554077,24.588122686693477,central,LHLN,0.0,7034,2
720575940632504351,0.06273797613342565,21.231211665265604,central,unknown,0.0,7749,2
720575940632505359,1.8543273127937285,24.61752199567902,central,ALLN,3.2950408443356754e-05,93,1
720575940632510163,1.0,24.0,sensory,olfactory,0.0,6005,0
720575940632530207,1.8832377556389515,24.6329925059842,central,Kenyon_Cell,0.0,3454,2
720575940632531231,1.9981772710375314,24.692235400533608,central,Kenyon_Cell,0.0,4017,2
720575940632532255,1.81420413844182,24.5956468803348,central,Kenyon_Cell,0.0,4098,2
720575940632532511,2.0321110571334495,24.70907518232386,central,Kenyon_Cell,0.0,2774,2
720575940632536780,1.9231615271021587,24.653970460532076,central,Kenyon_Cell,0.0,3866,2
720575940632539788,0.018628666018694385,20.01694629913286,descending,unknown,0.0,6853,2
720575940632542253,0.513425576280824,23.33334980566794,central,unknown,0.0,4844,2
720575940632544543,1.2389119419111376,24.214233528217434,central,unknown,0.0,8604,2
720575940632558675,0.9307738749001226,23.928261084690828,central,Kenyon_Cell,0.0,2634,2
720575940632562387,0.09600029937306834,21.656596030950297,central,unknown,0.0,3373,2
720575940632566099,0.2732822463470942,22.702749851531205,central,unknown,0.0,8205,2
720575940632571583,2.1113932009030174,24.74734801438404,central,ALPN,0.0,6822,1
720575940632575180,1.682877154574283,24.520504920610154,central,unknown,0.0,7961,2
720575940632582829,0.12405095341723292,21.912937116875696,central,unknown,0.0,6845,2
720575940632613549,0.6388433140034367,23.55190394032529,central,unknown,0.0,1139,2
720575940632615372,0.3443683634915028,22.933956629571302,central,unknown,0.0,7759,2
720575940632617164,1.8290436604769544,24.60379324035233,central,Kenyon_Cell,0.0,4099,2
720575940632624813,3.0159845395164933,25.10392632397756,sensory,olfactory,0.0,1785,0
720575940632625837,3.1665547830607523,25.152644177649183,sensory,olfactory,0.0,7308,0
720575940632627885,0.21191054990701177,22.44840897224962,central,unknown,0.0,8259,2
720575940632634532,0.034603736814286384,20.636206397662818,descending,unknown,0.0,3666,2
720575940632635053,2.038622089451425,24.71227413329213,central,unknown,0.0,940,2
720575940632635475,1.314085209220846,24.273140765159965,central,Kenyon_Cell,0.0,4212,2
720575940632637139,3.0251959930718235,25.106975880482075,sensory,olfactory,0.0,2544,0
720575940632638803,0.5770009984412843,23.450088717925304,central,unknown,0.0,5552,2
720575940632646114,0.463920940224991,23.231958871280387,descending,unknown,0.0,3098,2
720575940632651091,1.4499024624230061,24.37149628687546,central,unknown,0.0,7814,2
720575940632652002,0.07563007476597175,21.418098739460902,central,unknown,0.0,2840,2
720575940632652077,1.1672430059371839,24.15464456293593,central,Kenyon_Cell,0.0,7472,2
720575940632659404,0.01749457882662772,19.954135772619622,central,unknown,0.0,8501,2
720575940632671827,1.2744491444789523,24.242514041706766,central,unknown,0.0,5527,2
720575940632676409,2.0440935671560787,24.71495444778889,central,Kenyon_Cell,0.0,7555,2
720575940632676435,0.5682362121457528,23.434781919744317,central,unknown,0.0,7541,2
720575940632677145,3.1325996368603723,25.14186321473966,sensory,olfactory,0.0,1736,0
720575940632679341,0.06293276043869057,21.234311582820947,central,unknown,0.0,4090,2
720575940632679379,1.0,24.0,sensory,olfactory,0.0,4087,0
720575940632681773,0.7574297401044712,23.72217550176229,central,unknown,0.0,4644,2
720575940632689199,0.07569351882782188,21.418937261254637,visual_centrifugal,unknown,0.0,6978,2
720575940632692051,1.3123598858484793,24.271826956145812,central,LHLN,0.0,5609,2
720575940632692307,1.4443267059164295,24.367643265514467,central,unknown,0.0,5062,2
720575940632696877,1.6439750277446208,24.49711710658226,central,Kenyon_Cell,0.0,4297,2
720575940632697005,1.4097324884510358,24.343399961887297,central,unknown,0.0,6370,2
720575940632698797,2.1279841835199167,24.755175138895346,central,ALPN,5.859027610667615e-05,46,1
720575940632704941,1.5536157180542407,24.44058493568593,central,Kenyon_Cell,0.0,3183,2
720575940632707944,0.025754167786144772,20.340841190802987,visual_projection,unknown,0.0,7778,2
720575940632713759,0.043540141525274884,20.865928027284642,central,unknown,0.0,6793,2
720575940632714465,1.7596201383196792,24.565097955255123,sensory,hygrosensory,0.0,3830,2
720575940632715859,0.8128246447635507,23.79276011820371,central,unknown,0.0,4723,2
720575940632720026,1.960220753396646,24.673057096184227,central,ALPN,4.237994655094116e-06,340,1
720575940632725459,1.2169220314819267,24.196324745791955,central,Kenyon_Cell,0.0,2624,2
720575940632728476,1.3230465945097711,24.2799371033409,central,Kenyon_Cell,0.0,1475,2
720575940632729313,3.113682814579281,25.135806210349593,sensory,olfactory,0.0,4503,0
720575940632731105,3.16720876278339,25.152850683534737,sensory,olfactory,0.0,3465,0
720575940632733651,3.0124989073206168,25.10276993610156,sensory,olfactory,0.0,3988,0
720575940632734253,1.8811964472628016,24.6319079825386,central,Kenyon_Cell,0.0,4995,2
720575940632735033,0.7575857462606199,23.722381448378815,central,unknown,0.0,5453,2
720575940632736045,1.6307875608104745,24.48906306427289,central,Kenyon_Cell,0.0,4446,2
720575940632737837,1.2865890201308008,24.251994545939073,central,Kenyon_Cell,0.0,1424,2
720575940632738093,2.028523280834477,24.70730808047032,central,Kenyon_Cell,0.0,2831,2
720575940632741728,1.0049641925674484,24.00495191159018,central,unknown,0.0,6688,2
720575940632745261,1.868720157109263,24.625253788589486,central,Kenyon_Cell,0.0,8331,2
720575940632753619,0.9028673283365314,23.897820340425216,central,unknown,0.0,5989,2
720575940632754003,0.08437649521181907,21.52753359108251,ascending,AN,1.1919359967452201e-07,630,2
720575940632758041,1.5494505945591672,24.43790041297397,central,Kenyon_Cell,0.0,3608,2
720575940632765388,1.0,24.0,sensory,olfactory,0.0,3307,0
720575940632792089,3.028351625225931,25.1080184534125,sensory,olfactory,0.0,852,0
720575940632793645,0.7543484404518468,23.71809910489523,central,unknown,0.0,5082,2
720575940632795532,2.060435941716618,24.722917582605206,central,ALLN,0.0001567130961054,16,1
720575940632799789,1.6080252974152125,24.475006902856414,central,unknown,0.0,6830,2
720575940632803212,1.9122542882425402,24.648282801728783,central,ALLN,0.0,886,2
720575940632805037,1.5983799805072256,24.468990604126027,central,Kenyon_Cell,0.0,4935,2
720575940632813741,1.7036788550341764,24.532789945289768,central,Kenyon_Cell,0.0,8353,2
720575940632815315,0.27372849342088706,22.704381436216277,ascending,AN,2.251434660518749e-07,579,2
720575940632816301,1.8739554425180103,24.628051406862276,central,LHLN,0.0,5051,2
720575940632817709,1.4981322854694106,24.404219189253116,central,unknown,0.0,6916,2
720575940632818221,1.4580739459156657,24.377116349663666,central,unknown,0.0,4899,2
720575940632821059,0.6327148050381287,23.5422644966727,central,ALIN,0.0,8388,1
720575940632825389,1.531987180751033,24.426565703627407,central,LHLN,2.3838719934904402e-07,574,2
720575940632826925,1.6679720621969882,24.511608554513902,central,LHLN,0.0,6679,2
720575940632829485,1.743251857324857,24.555752252556452,central,unknown,0.0,6314,2
720575940632829741,2.091747014254942,24.737999608801584,central,LHLN,0.0,5269,2
720575940632830509,1.8502775222481107,24.61533563986556,central,LHLN,0.0,2892,2
720575940632832301,1.3031796201582992,24.264807139876403,central,unknown,0.0,5897,2
720575940632835298,1.6053761668376114,24.473358100982626,central,Kenyon_Cell,0.0,4150,2
720575940632835688,2.160328965683044,24.770260509027104,central,ALLN,0.0,6050,1
720575940632841539,1.846351217867661,24.613211376850295,central,Kenyon_Cell,0.0,5041,2
720575940632849069,1.3948785345216925,24.33280733945488,central,Kenyon_Cell,0.0,8183,2
720575940632854156,3.0862186647458443,25.126946608444936,sensory,olfactory,0.0,2475,0
720575940632854498,0.587347990157436,23.46786219339961,central,unknown,0.0,7130,2
720575940632868563,1.9617341722094184,24.67382886379329,central,ALPN,4.105557322122425e-07,538,1
720575940632876223,0.3083128375009655,22.82335969468291,central,unknown,0.0,8539,2
720575940632889313,2.7553818732748923,25.013556043988334,sensory,olfactory,0.0,3829,0
720575940632890681,1.956094123995013,24.67094969110671,central,ALPN,0.0,5066,2
720575940632898204,1.4144686406784202,24.346753941615123,central,unknown,0.0,6887,2
720575940632904043,1.8476364409211876,24.613907222762137,central,Kenyon_Cell,0.0,4810,2
720575940632906055,0.15020949189789592,22.1042756534104,central,unknown,0.0,3142,2
720575940632913461,1.930232464146789,24.657640443408,sensory,thermosensory,0.0,6224,2
720575940632915937,1.8973114936590858,24.640437880772456,central,Kenyon_Cell,0.0,3009,2
720575940632916961,1.5080138704182642,24.41079346743356,central,unknown,0.0,6831,2
720575940632920545,3.1325996368603723,25.14186321473966,sensory,olfactory,0.0,3397,0
720575940632925409,2.282633295207605,24.82532973055845,central,Kenyon_Cell,0.0,5793,2
720575940632928173,1.893984205238026,24.638682655361652,central,Kenyon_Cell,0.0,6505,2
720575940632950241,1.4107342625633472,24.344110322436006,central,Kenyon_Cell,0.0,1970,2
720575940632964704,2.1096832521755284,24.746537818766868,central,Kenyon_Cell,0.0,4020,2
720575940632985261,0.0249881818984079,20.310647710053132,central,unknown,9.40305064099007e-07,473,2
720575940632991815,0.013847783854521543,19.720369930344305,descending,unknown,0.0,4093,2
720575940632994970,2.4295628456186424,24.887711342246334,central,ALPN,0.0,5785,2
720575940633024924,2.858919552009446,25.050443774437614,sensory,olfactory,0.0,1841,0
720575940633026989,1.7415389016271785,24.554769148574533,central,unknown,0.0,6882,2
720575940633032599,1.1652086915251514,24.152900205331374,central,Kenyon_Cell,0.0,7796,2
720575940633034336,0.9811482129059244,23.98096825266354,central,Kenyon_Cell,0.0,2698,2
720575940633036369,1.824278995224417,24.601184837863396,central,ALPN,0.0,6974,2
720575940633036371,1.0,24.0,sensory,olfactory,0.0,6972,0
720575940633040813,1.3292092859837077,24.284584243618728,central,unknown,0.0,5980,2
720575940633058897,2.0747782440518296,24.72985427763515,central,Kenyon_Cell,0.0,4650,2
720575940633059381,1.9257513868488132,24.655316222411038,sensory,thermosensory,0.0,6219,2
720575940633062335,0.3023667066982245,22.803885262364727,central,unknown,0.0,7072,2
720575940633067807,0.1456753854063402,22.073625479702265,central,unknown,0.0,6355,2
720575940633074145,0.40180596709071226,23.088214024186165,central,ALPN,0.0,8384,2
720575940633080033,3.039684744513684,25.111753807578054,sensory,olfactory,0.0,2114,0
720575940633093786,0.1002634614052877,21.700046056546995,central,unknown,0.0,7753,2
720575940633102361,2.052413956521009,24.71901664016049,central,Kenyon_Cell,0.0,7001,2
720575940633107607,0.7880291649259052,23.761779821518132,central,unknown,0.0,5999,2
720575940633128673,1.4237889562976878,24.35332159715923,central,unknown,0.0,5987,2
720575940633142170,1.9819201056231877,24.684066125117116,central,Kenyon_Cell,0.0,1958,2
720575940633146007,1.4924654662739327,24.40042942784201,central,Kenyon_Cell,0.0,8057,2
720575940633146961,1.3704660193906522,24.315150842137854,central,unknown,0.0,6657,2
720575940633151057,0.35694191404025133,22.96981778378988,central,LHCENT,0.0,1989,2
720575940633155226,2.111492060874903,24.74739483543921,central,Kenyon_Cell,0.0,2746,2
720575940633156203,1.3197897374738667,24.277472434117787,central,ALLN,0.0,7234,2
720575940633156377,0.14130817213078545,22.04318784435644,central,unknown,0.0,6077,2
720575940633165025,1.3766864402180785,24.319679481556218,central,ALPN,3.072546124943234e-06,367,1
720575940633170643,0.04231400541736626,20.83736284960673,descending,unknown,9.297100774612716e-06,249,2
720575940633175196,3.0005846586668374,25.098807155902534,sensory,olfactory,0.0,1638,0
720575940633177570,0.7902485915431402,23.764592289819234,central,unknown,0.0,4843,2
720575940633186530,0.023832699961444947,20.263303306652325,central,unknown,0.0,1500,2
720575940633186771,1.9105674489698403,24.64740029163643,central,Kenyon_Cell,0.0,5422,2
720575940633188459,1.7348553364910182,24.550924030378475,central,Kenyon_Cell,0.0,3081,2
720575940633190847,2.3482576690373906,24.853673635739337,central,ALPN,2.434198180019683e-05,129,1
720575940633203225,3.1494132926055944,25.147216179173995,sensory,olfactory,0.0,1238,0
720575940633210475,1.5373515247627685,24.430061146775436,central,Kenyon_Cell,0.0,8050,2
720575940633211031,2.969466206484741,25.088382208205196,sensory,olfactory,0.0,1793,0
720575940633212441,1.9333869421853822,24.659273357216406,central,ALLN,0.0,5710,1
720575940633212556,0.11828137877146495,21.865311072777832,central,unknown,0.0,1481,2
720575940633213591,3.068299495456248,25.121123497859298,sensory,olfactory,0.0,720,0
720575940633221447,1.6362919720274403,24.49243268926665,central,unknown,0.0,8526,2
720575940633221657,3.2739815838501616,25.186006853963715,sensory,olfactory,0.0,3472,0
720575940633224555,1.3717415406240965,24.316081130088357,central,Kenyon_Cell,0.0,2677,2
720575940633231827,1.9676931316271729,24.67686185742063,central,Kenyon_Cell,0.0,5251,2
720575940633250530,3.060435941716618,25.118557370430445,sensory,olfactory,0.0,3494,0
720575940633254370,1.1387686453241934,24.129947542958924,central,unknown,0.0,5561,2
720575940633259360,2.973620682006591,25.089780295184745,sensory,olfactory,0.0,2314,0
720575940633271191,1.4385785893539467,24.363655535366604,central,Kenyon_Cell,0.0,2077,2
720575940633277364,0.9387495518425922,23.936793446698054,central,ALLN,0.0,7183,2
720575940633280107,2.0010916843883866,24.693692873836476,sensory,hygrosensory,0.0,3377,2
720575940633286068,1.6853034996478193,24.52194566607029,central,ALLN,0.0,812,2
720575940633289111,2.135678354958708,24.758784326874707,central,Kenyon_Cell,0.0,2777,2
720575940633293025,0.025124016371551868,20.316068937239777,descending,unknown,0.0,6083,2
720575940633294796,2.1122099792606557,24.74773478290039,central,ALLN,2.493794979856944e-05,125,1
720575940633302809,0.09660264857650949,21.662850879836757,central,unknown,0.0,3835,2
720575940633304913,0.9157011778925886,23.91193480746095,central,unknown,0.0,5654,2
720575940633311328,3.1324799698731596,25.14182501347336,sensory,olfactory,0.0,759,0
720575940633313376,1.0,24.0,sensory,olfactory,0.0,3411,0
720575940633317713,0.4189435367059534,23.1299808745944,central,unknown,0.0,5048,2
720575940633320785,0.5542372488349834,23.40983756308813,central,unknown,0.0,1889,2
720575940633323415,1.311976453570019,24.271534743386777,central,Kenyon_Cell,0.0,7529,2
720575940633323674,1.6932590399378475,24.526655097907334,central,Kenyon_Cell,0.0,7599,2
720575940633324627,0.0022881781790963225,17.92000066698244,visual_projection,unknown,0.0,8192,2
720575940633331040,1.3778698578165012,24.320538725327765,central,unknown,0.0,8308,2
720575940633333916,0.29833890002724434,22.790474809759726,central,unknown,0.0,7845,2
720575940633333986,2.091951976557408,24.738097590182694,central,Kenyon_Cell,0.0,820,2
720575940633340753,2.1310327195316843,24.756606707072603,central,Kenyon_Cell,0.0,7589,2
720575940633352929,0.6246014917439323,23.529358554182807,central,unknown,0.0,7687,2
720575940633353568,3.0387386630943114,25.111442515861906,sensory,olfactory,0.0,1344,0
720575940633356881,0.3514852835340754,22.954412563779236,central,unknown,0.0,5636,2
720575940633356883,0.7940909764537961,23.769442755617842,central,ALPN,0.0,7965,2
720575940633365473,1.2158248963009026,24.195422773422468,central,unknown,0.0,8474,2
720575940633366483,3.060435941716618,25.118557370430445,sensory,olfactory,0.0,1031,0
720575940633367377,3.1286400705441206,25.140598427883024,sensory,olfactory,0.0,1337,0
720575940633372185,0.9646719138455075,23.9640327788963,central,ALLN,0.0,7414,2
720575940633389281,3.002736341209647,25.099523986681696,sensory,olfactory,0.0,3957,0
720575940633402082,1.6979726774303148,24.529434996729254,central,Kenyon_Cell,0.0,4445,2
720575940633413715,0.1960470038353181,22.37059916698356,central,unknown,0.0,8598,2
720575940633422490,3.1976614483090877,25.162419745239678,sensory,olfactory,0.0,3900,0
720575940633439851,0.408217673685711,23.10404526708963,central,unknown,0.0,877,2
720575940633446943,1.1724713637366466,24.159113797787718,central,unknown,0.0,6013,2
720575940633471839,3.0767118274752,25.123861438224903,sensory,olfactory,0.0,2328,0
720575940633475991,3.0124989073206168,25.10276993610156,sensory,olfactory,0.0,3889,0
720575940633483807,1.9930068189962684,24.689644462698094,central,ALLN,5.019374919627093e-06,315,1
720575940633493660,1.6598491705978904,24.506726737154725,central,Kenyon_Cell,0.0,5838,2
720575940633496290,1.9846391333867146,24.685437100829603,central,Kenyon_Cell,0.0,7800,2
720575940633499548,2.0225332130221214,24.704350791581867,central,ALPN,1.8541226616036761e-07,590,1
720575940633500084,1.1505384101577893,24.140230015557716,central,unknown,0.0,8483,2
720575940633509407,3.084664419476992,25.126442873313188,sensory,olfactory,0.0,2154,0
720575940633509471,1.3392074419621223,24.292077977758336,central,Kenyon_Cell,0.0,2577,2
720575940633509949,3.0538993702193147,25.116419256096176,sensory,olfactory,0.0,736,0
720575940633515801,0.36884586926057417,23.00262357931725,central,unknown,0.0,7636,2
720575940633538018,0.1903534998516221,22.34112759007935,central,unknown,0.0,4140,2
720575940633540447,0.3110076697325549,22.832062294412477,central,unknown,0.0,7151,2
720575940633543650,2.989850445437106,25.09522336790318,sensory,olfactory,0.0,727,0
720575940633552028,0.5540979814550755,23.409586253959205,central,ALPN,0.0,4691,2
720575940633553760,3.1166862631912347,25.13677034226766,sensory,olfactory,0.0,8066,0
720575940633554636,0.2118759661121056,22.448245758963328,central,unknown,2.503065593164962e-06,386,2
720575940633557986,3.007863452282474,25.101230010204315,sensory,olfactory,0.0,4257,0
720575940633563679,1.052161014674631,24.050846158378043,central,unknown,0.0,4800,2
720575940633565154,1.190150885047455,24.174080093243262,central,Kenyon_Cell,0.0,4052,2
720575940633566690,1.8920803725925113,24.637676949956028,central,Kenyon_Cell,0.0,1494,2
720575940633569215,1.5696374878762671,24.45084469325697,central,Kenyon_Cell,0.0,6553,2
720575940633573836,0.05602463366064911,21.118036201828485,visual_centrifugal,unknown,0.0,5235,2
720575940633580280,0.3853897999080354,23.046500010399928,central,unknown,0.0,6264,2
720575940633587148,1.7659615310331007,24.56869531883755,central,unknown,0.0,6293,2
720575940633593548,0.061765719475851,21.215593230539962,central,unknown,1.628979195551801e-06,420,2
720575940633593804,0.33629701192303274,22.910239454571574,central,unknown,0.0,6809,2
720575940633596826,1.9416277536467832,24.66352666954255,central,Kenyon_Cell,0.0,4102,2
720575940633599071,2.0512116515273835,24.718430668074895,central,unknown,0.0,8350,2
720575940633599201,1.8989854481043833,24.64131976887524,central,LHLN,0.0,6475,2
720575940633611234,1.5466715675984124,24.436105246270905,central,unknown,0.0,1306,2
720575940633613794,1.4524917051709811,24.373280499001964,central,LHLN,0.0,7862,2
720575940633614818,0.6213852550781941,23.524195989143937,central,unknown,0.0,6060,2
720575940633625184,1.1159303153092632,24.109688420530414,central,ALLN,0.0,8040,2
720575940633626337,0.7985048629385487,23.774985778746494,central,LHCENT,1.1177710902810731e-05,230,2
720575940633635298,1.4520855440149216,24.373000829278034,central,unknown,0.0,4813,2
720575940633642391,3.046617722719133,25.11403203191589,sensory,olfactory,0.0,1338,0
720575940633650969,1.6821336199188688,24.520062999488744,central,unknown,0.0,7872,2
720575940633660386,0.5247443377725073,23.355155889326912,central,unknown,0.0,7807,2
720575940633660898,2.149377955638189,24.765178477318628,central,LHLN,0.0,1677,2
720575940633662615,3.060435941716618,25.118557370430445,sensory,olfactory,0.0,3707,0
720575940633668031,3.1133194434994325,25.135689502159938,sensory,olfactory,0.0,2879,0
720575940633670904,1.979135799743955,24.68266028465219,sensory,hygrosensory,0.0,7409,2
720575940633671319,3.1441762891421936,25.145551944605117,sensory,olfactory,0.0,8084,0
720575940633672930,1.775874800463507,24.57429314685056,central,unknown,0.0,7526,2
720575940633673497,2.076381354002891,24.730626644966684,central,Kenyon_Cell,0.0,1956,2
720575940633674521,1.9462136220137467,24.66588575266897,central,Kenyon_Cell,0.0,7201,2
720575940633680098,1.7524805688294696,24.561032252178673,central,LHLN,0.0,5535,2
720575940633688275,1.9600102037061542,24.672949679201402,central,ALPN,0.0,7267,2
720575940633691161,1.900858439247296,24.642305594267086,central,Kenyon_Cell,0.0,8533,2
720575940633713087,3.067456321857124,25.120848658498172,sensory,olfactory,0.0,3107,0
720575940633727339,0.053628049472428475,21.07431696326791,descending,unknown,0.0,1600,2
720575940633731435,3.0018356388876244,25.099223981175303,sensory,olfactory,0.0,2348,0
720575940633735063,0.4533165697200111,23.20883543183733,central,unknown,0.0,6067,2
720575940633741229,2.4492616668040452,24.895786618650295,central,ALLN,0.0,6947,1
720575940633755828,1.852771774423289,24.61668277426889,central,Kenyon_Cell,0.0,6651,2
720575940633772452,1.818001053747048,24.59773757537396,central,ALLN,0.0,7931,1
720575940633773849,1.5186393350514846,24.41781475964216,central,Kenyon_Cell,0.0,1927,2
720575940633778528,0.029956888873524625,20.492004031602114,central,unknown,0.0,1572,2
720575940633781088,0.04890532782602214,20.982131065061072,central,unknown,0.0,5243,2
720575940633785369,0.4924400504923079,23.291617449332215,central,Kenyon_Cell,0.0,7467,2
720575940633798295,1.8676460197056275,24.62467882490424,central,LHLN,0.0,8543,2
720575940633799961,2.058735678338634,24.72209204600155,central,Kenyon_Cell,0.0,7658,2
720575940633802045,3.0591453957785912,25.118135594532394,sensory,olfactory,0.0,1607,0
720575940633803104,1.0,24.0,sensory,olfactory,0.0,2750,0
720575940633804212,2.448342685782498,24.895411340875214,central,ALPN,6.674841581773233e-06,290,1
720575940633808665,2.123223081845808,24.75293525579039,central,Kenyon_Cell,0.0,1402,2
720575940633813309,2.847388172440348,25.046402143378508,sensory,olfactory,0.0,3640,0
720575940633817405,3.0752616808329094,25.123389997095586,sensory,olfactory,0.0,2888,0
720575940633831264,0.40133769158964117,23.087047917602185,central,ALLN,0.0,7738,2
720575940633837247,3.0124989073206168,25.10276993610156,sensory,olfactory,0.0,1270,0
720575940633857687,3.022328406125177,25.106027529728188,sensory,olfactory,0.0,1610,0
720575940633883744,3.1837096854922615,25.158047084645496,sensory,olfactory,0.0,8393,0
720575940633884333,1.6624150452377282,24.508271391633308,central,ALPN,0.0,1648,1
720575940633906076,1.659782938770976,24.506686834042128,central,LHLN,1.523029329174448e-06,427,2
720575940633906588,0.472285531139991,23.24982846255758,central,unknown,0.0,4829,2
720575940633907607,1.897767449493255,24.640678168704905,central,Kenyon_Cell,0.0,5000,2
720575940633909695,2.9922482245743227,25.09602501942981,sensory,olfactory,0.0,948,0
720575940633915327,2.9996098098428514,25.098482216823417,sensory,olfactory,0.0,7425,0
720575940633921453,0.03252242591722635,20.57417460061589,central,unknown,0.0,6820,2
720575940633927359,1.3617528872509126,24.30877275752975,central,unknown,7.946239978301468e-08,654,2
720575940633932569,1.6999058589317602,24.530572872429836,central,LHLN,0.0,4930,2
720575940633932951,1.1954631658889356,24.17853369680916,central,Kenyon_Cell,0.0,1169,2
720575940633934772,1.9216438666141598,24.65318100025442,central,Kenyon_Cell,0.0,4023,2
720575940633936941,1.5393700730809776,24.431373289290534,central,unknown,0.0,8575,2
720575940633938349,1.9790433476412603,24.682613570191187,central,ALLN,0.0,5700,2
720575940633938657,3.282233225469559,25.188524052138714,sensory,olfactory,0.0,4496,0
720575940633940761,1.0,24.0,sensory,olfactory,0.0,3215,0
720575940633940947,0.1611622021034582,22.174656045329677,central,unknown,0.0,5248,2
720575940633941293,0.02610683923005334,20.35444204048581,central,unknown,0.0,6849,2
720575940633953049,2.2192649524987895,24.797176038579636,central,LHLN,0.0,8127,2
720575940633953948,0.8248407430586555,23.80743505000139,central,unknown,0.0,6168,2
720575940633983639,1.0,24.0,sensory,olfactory,0.0,3262,0
720575940633984924,1.550184526510554,24.43837397320699,central,unknown,0.0,5157,2
720575940633988633,2.0629292605413014,24.724126943894476,central,LHLN,0.0,8366,2
720575940633991263,3.072692242725554,25.122554129329203,sensory,olfactory,0.0,2160,0
720575940633994391,1.0221597602339425,24.021917800732872,central,unknown,0.0,5549,2
720575940633996444,0.10481405745112757,21.74443261989342,central,unknown,0.0,7173,2
720575940634013869,3.1157278352546656,25.136462779923765,sensory,olfactory,0.0,2393,0
720575940634018415,1.2016453131893823,24.183691712026906,central,Kenyon_Cell,0.0,7954,2
720575940634023860,3.149804724959779,25.147340458839693,sensory,olfactory,0.0,2326,0
720575940634025111,0.2656408362082532,22.67438987758579,central,unknown,0.0,5345,2
720575940634026925,0.22920891930361798,22.52687862003853,central,unknown,0.0,8399,2
720575940634027383,0.06904620369098007,21.327020620230403,central,unknown,0.0,4082,2
720575940634028151,0.13224981665344535,21.976937405391947,central,unknown,0.0,3934,2
720575940634032376,1.8683831370756496,24.625073424276277,central,Kenyon_Cell,0.0,1413,2
720575940634034839,1.9694385594724242,24.677748506939388,central,ALLN,0.0,5720,2
720575940634035863,1.9435901210316642,24.66453684071701,central,ALPN,0.0,2563,2
720575940634045084,2.06104780216497,24.72321449531474,central,Kenyon_Cell,0.0,4118,2
720575940634048154,0.7173863704900268,23.667859287454984,central,unknown,0.0,4839,2
720575940634057976,3.0805373008194747,25.125104030089155,sensory,olfactory,0.0,2357,0
720575940634078200,0.7396183385789425,23.698379015489717,central,Kenyon_Cell,0.0,4279,2
720575940634078303,3.0750091123440355,25.123307864618006,sensory,olfactory,0.0,2104,0
720575940634083479,3.060435941716618,25.118557370430445,sensory,olfactory,0.0,5847,0
720575940634107292,2.1623961012467694,24.771216913003432,central,Kenyon_Cell,0.0,3574,2
720575940634116448,0.7366116810346622,23.694305582946345,central,unknown,0.0,4896,2
720575940634127456,1.953385579584064,24.669564061790446,central,ALLN,0.0,5566,2
720575940634132843,0.1927562481432269,22.353671148724388,central,unknown,0.0,8434,2
720575940634141024,1.7375549017757526,24.552478896101917,central,Kenyon_Cell,0.0,6494,2
720575940634154140,1.984246966231988,24.685239480063395,central,Kenyon_Cell,0.0,2051,2
720575940634155731,0.029448726034029676,20.474895371572977,visual_projection,unknown,0.0,4479,2
720575940634156755,1.1529635337142634,24.142335613479105,central,unknown,5.019374919627093e-06,314,2
720575940634163552,1.8584991009081622,24.619769226982203,central,Kenyon_Cell,0.0,3811,2
720575940634170524,1.6112809980115343,24.477029513572802,central,LHLN,0.0,8624,2
720575940634183103,2.9686354030436153,25.088102386975727,sensory,olfactory,0.0,8406,0
720575940634194588,0.5261982102483278,23.357922688341812,central,unknown,0.0,4518,2
720575940634194783,1.68603948238371,24.522382277089402,central,unknown,0.0,5976,2
720575940634197172,1.9436493697063395,24.664567324393058,central,unknown,0.0,816,2
720575940634199732,1.475897692730921,24.389266409908025,central,Kenyon_Cell,0.0,3407,2
720575940634207443,1.7123099688881398,24.537843317924324,central,ALPN,0.0,4933,2
720575940634208151,1.9065026535233056,24.645270492144203,central,LHLN,0.0,5702,2
720575940634208924,1.566390692662707,24.448774050911485,central,unknown,0.0,5019,2
720575940634209376,1.4164864843318374,24.34817949864873,central,Kenyon_Cell,0.0,7645,2
720575940634215525,1.75942520014476,24.564987164880822,central,unknown,0.0,8491,2
720575940634217061,1.4908586448553927,24.399352225691615,central,unknown,0.0,2359,2
720575940634224023,0.23237202805364998,22.540584377536696,central,unknown,0.0,4334,2
720575940634229615,1.805588852415995,24.590886772607575,central,ALPN,2.277922127113087e-06,397,1
720575940634231653,0.903690326488886,23.898731463529526,central,unknown,0.0,5951,2
720575940634235744,1.4871995794640858,24.39689487465481,central,Kenyon_Cell,0.0,4969,2
720575940634259819,0.5181567121504218,23.342522450632355,central,unknown,0.0,2792,2
720575940634276506,2.0108133977237737,24.698539315696408,central,LHLN,0.0,5203,2
720575940634296951,0.8649698033149712,23.854939317877932,central,Kenyon_Cell,0.0,2693,2
720575940634298975,2.132084674927899,24.757100221710004,central,LHLN,0.0,4761,2
720575940634303132,1.9325079655236657,24.658818623346065,central,ALLN,2.197135354000356e-05,160,1
720575940634320319,1.0831810031540023,24.079902085313446,central,unknown,0.0,8478,2
720575940634325087,2.413317389691518,24.881002311226275,central,ALPN,1.3243733297169112e-08,706,1
720575940634334675,0.5118025704970928,23.330183667194973,central,unknown,0.0,5941,2
720575940634354367,0.720435546389431,23.67210067567514,central,unknown,0.0,6851,2
720575940634364311,1.2573782365414625,24.22902878851535,central,ALLN,0.0,2883,2
720575940634365620,3.060435941716618,25.118557370430445,sensory,olfactory,0.0,3193,0
720575940634373471,0.03379830911051605,20.612655495939386,central,unknown,0.0,3701,2
720575940634384224,2.1476533611514723,24.764375786133865,central,Kenyon_Cell,0.0,5207,2
720575940634385247,2.369700308848577,24.86276349518869,central,ALLN,0.0,4619,2
720575940634399071,1.0,24.0,sensory,olfactory,0.0,3171,0
720575940634414231,1.0,24.0,sensory,olfactory,0.0,1897,0
720575940634429039,1.6598777133354692,24.50674393298955,central,Kenyon_Cell,0.0,7461,2
720575940634432919,0.41607349888461587,23.123106645684146,central,unknown,0.0,3856,2
720575940634455136,0.7778820745137638,23.748819658532465,central,unknown,0.0,8595,2
720575940634460055,0.9146634677556662,23.910800923837737,central,unknown,0.0,1717,2
720575940634461280,0.4365440246718664,23.17113394956645,central,unknown,0.0,8246,2
720575940634463083,1.970836299483847,24.678457970172325,central,Kenyon_Cell,0.0,5171,2
720575940634466144,0.9208533360278058,23.917545500322973,central,unknown,0.0,1870,2
720575940634468975,3.1065714148134633,25.133519679091577,sensory,olfactory,0.0,1590,0
720575940634483704,3.1146391390109107,25.1361132993043,sensory,olfactory,0.0,2112,0
720575940634510703,1.3916283560324019,24.33047454065632,central,Kenyon_Cell,0.0,8296,2
720575940634537591,1.9294143808954878,24.65721652728489,central,unknown,0.0,3689,2
720575940634538080,3.2861569030904203,25.189718767437522,sensory,olfactory,0.0,3250,0
720575940634545890,1.9694662064847412,24.677762544858027,central,ALLN,2.871903565491122e-05,112,1
720575940634546807,2.0373414124520037,24.711645728724243,central,Kenyon_Cell,0.0,1231,2
720575940634570744,1.0,24.0,sensory,olfactory,0.0,3254,0
720575940634574004,3.1200218898531102,25.13784001777534,sensory,olfactory,0.0,1250,0
720575940634575796,0.43871785594537255,23.17610123031152,central,unknown,0.0,5072,2
720575940634606490,0.026617027750383434,20.373795872994528,central,unknown,0.0,2211,2
720575940634609815,2.2044344939664113,24.7904710106846,central,Kenyon_Cell,0.0,7273,2
720575940634616687,0.10842677746237121,21.778319804078485,central,unknown,0.0,7164,2
720575940634617952,0.03160885587501726,20.545682051557662,descending,unknown,0.0,830,2
720575940634622303,3.4791543449092357,25.24678925991962,sensory,olfactory,0.0,4160,0
720575940634643391,0.2622081229601451,22.661383271883402,central,unknown,0.0,6808,2
720575940634646753,0.05629438238925214,21.122839471242923,central,unknown,1.6024917289574625e-06,423,2
720575940634648568,3.3843615930397952,25.219165289770686,sensory,olfactory,0.0,4167,0
720575940634657431,2.1782131704818615,24.778504894139132,central,ALLN,0.0,1405,1
720575940634658785,2.5615925496342955,24.940629154774783,central,ALPN,0.0,7596,1
720575940634663319,1.771219124880667,24.571668080610795,central,unknown,0.0,6396,2
720575940634678895,1.8143564892893647,24.5957308534929,central,Kenyon_Cell,0.0,4076,2
720575940634684664,1.197919970312145,24.1805866947174,central,unknown,0.0,3068,2
720575940634688151,0.8059766006071187,23.784299431598253,central,unknown,0.0,5898,2
720575940634695263,1.2314248195647615,24.208171888858494,central,unknown,0.0,7150,2
720575940634697573,0.3385261703082797,22.91684612296158,central,unknown,0.0,6774,2
720575940634698079,1.2643910988377136,24.23459066150357,central,unknown,0.0,4944,2
720575940634702431,3.198842361007154,25.162788982168692,sensory,olfactory,0.0,1585,0
720575940634703511,1.741361938718508,24.55466753045967,central,unknown,0.0,6966,2
720575940634703987,3.031658869908577,25.109109951525795,sensory,olfactory,0.0,2843,0
720575940634704491,0.04942393341360966,20.992679509945077,central,unknown,2.516309326462131e-07,570,2
720575940634706035,3.1886688153872775,25.15960353045155,sensory,olfactory,0.0,5866,0
720575940634706789,1.740411465013839,24.554121559416718,central,Kenyon_Cell,0.0,7765,2
720575940634707607,1.5946452880850253,24.466651321589158,central,unknown,0.0,5822,2
720575940634707807,0.2608565667682877,22.65621542466925,central,unknown,0.0,6687,2
720575940634707863,0.8011343607507811,23.77827339528113,central,LHCENT,0.0,6259,2
720575940634708887,0.8200176044806915,23.8015705299246,central,unknown,0.0,6110,2
720575940634709217,1.4722152423910684,24.386768234067386,central,unknown,0.0,1988,2
720575940634710629,0.8974122438744576,23.891760058186815,central,ALPN,2.83415892559419e-06,375,1
720575940634710879,1.664968635171207,24.509806285519964,central,LHLN,0.0,1385,2
720575940634715743,2.1827390634646284,24.78058053925739,central,ALPN,0.0,4767,1
720575940634721761,0.3793659290651621,23.03074597233862,central,unknown,0.0,6432,2
720575940634733537,3.095264664495005,25.129873416049143,sensory,olfactory,0.0,3846,0
720575940634743903,1.752481182692922,24.561032602461214,central,Kenyon_Cell,0.0,7841,2
720575940634751918,0.13500418357117006,21.997550488392204,central,unknown,1.297885863122573e-06,448,2
720575940634771552,2.875710964860784,25.056299935803146,central,ALLN,2.145484794141396e-06,403,1
720575940634771892,1.0,24.0,sensory,olfactory,0.0,5646,0
720575940634773951,1.354828446991076,24.303674838929613,central,ALON,0.0003322985121592,8,1
720575940634776218,3.0204707453793933,25.105412695192825,sensory,olfactory,0.0,6862,0
720575940634781620,1.9165920899189621,24.650548655776653,sensory,hygrosensory,0.0,1597,2
720575940634792884,1.3814029477879726,24.32309961158386,central,unknown,0.0,6115,2
720575940634799295,2.2095010204624623,24.792766707440762,central,Kenyon_Cell,0.0,7251,2
720575940634800759,1.0969963285520032,24.092575834479838,central,Kenyon_Cell,0.0,2671,2
720575940634808927,1.9228666271483807,24.65381710754425,central,Kenyon_Cell,0.0,8486,2
720575940634809455,1.1179607651123367,24.111506280299874,central,ALLN,0.0,6127,2
720575940634811743,1.8635838515312029,24.622501435721848,central,Kenyon_Cell,0.0,4659,2
720575940634818296,3.073086441401272,25.122682412073022,sensory,olfactory,0.0,2101,0
720575940634819167,0.33240595269191114,22.89860169205755,central,unknown,0.0,5401,2
720575940634826676,0.04692865575712128,20.940873206841,central,unknown,2.6487466594338224e-08,690,2
720575940634836671,1.8493485090760764,24.61483341981213,central,Kenyon_Cell,0.0,8178,2
720575940634839487,1.748497437528587,24.558756811994677,central,Kenyon_Cell,0.0,740,2
720575940634847863,1.9496574009810859,24.66765366533547,central,unknown,0.0,1959,2
720575940634849460,1.409522467515861,24.343250971505906,central,Kenyon_Cell,0.0,1465,2
720575940634860143,2.969466206484741,25.088382208205196,sensory,olfactory,0.0,2560,0
720575940634865771,2.0541013820071496,24.719838468616985,central,unknown,0.0,1537,2
720575940634868472,1.536730989789855,24.429657426329804,central,Kenyon_Cell,0.0,7252,2
720575940634884971,1.0,24.0,sensory,olfactory,0.0,3428,0
720575940634903403,1.744576555061163,24.556511864351172,central,ALPN,0.0,7794,2
720575940634915691,0.03495971193473,20.646441031917988,descending,unknown,0.0,6082,2
720575940634916088,1.967040109521077,24.67652993041462,central,Kenyon_Cell,0.0,7020,2
720575940634935194,1.2111968950494618,24.191609040165282,central,Kenyon_Cell,0.0,4883,2
720575940634937951,1.6843861459484621,24.521401192354013,central,Kenyon_Cell,0.0,2358,2
720575940634938303,2.0581133512166496,24.721789714231665,central,LHLN,0.0,8335,2
720575940634939327,2.357874423527998,24.85776054519578,central,ALPN,6.3437482493440046e-06,293,1
720575940634941887,3.060435941716618,25.118557370430445,sensory,olfactory,0.0,4507,0
720575940634943344,0.14914199406387754,22.097143553460366,central,unknown,0.0,7728,2
720575940634948703,1.773137723488937,24.572750702298023,central,Kenyon_Cell,0.0,4074,2
720575940634949311,1.8617191780903692,24.621500350128684,central,ALLN,3.288418977687091e-05,94,1
720575940634951007,1.782738078410887,24.578150428713275,central,Kenyon_Cell,0.0,8179,2
720575940634952299,0.06613198292971136,21.28389720758244,central,unknown,0.0,5638,2
720575940634953055,2.220250189455584,24.797619887487215,central,Kenyon_Cell,0.0,1991,2
720575940634955188,1.0,24.0,sensory,olfactory,0.0,3525,0
720575940634962879,0.3972622238924627,23.076841297244993,central,unknown,0.0,6586,2
720575940634967915,3.3843615930397952,25.219165289770686,sensory,olfactory,0.0,3136,0
720575940634970559,1.6270934142612035,24.486795241623266,central,LHLN,0.0,5219,2
720575940634975423,1.447797656593945,24.370043544277685,central,unknown,0.0,4808,2
720575940634976174,1.7655168912080557,24.56844350371978,central,ALPN,0.0,7877,2
720575940634988991,1.9122057301140605,24.648257408272848,central,LHLN,0.0,6633,2
720575940634990271,1.666990718251231,24.51102003581748,central,unknown,0.0,7099,2
720575940634991215,2.9899646361393426,25.095261559954505,sensory,olfactory,0.0,3128,0
720575940634991551,0.4999005655353135,23.306653930733635,central,unknown,0.0,8457,2
720575940634992319,1.8218229931507628,24.599837644365824,central,unknown,0.0,921,2
720575940634992735,1.3243281326060998,24.28090526110361,central,Kenyon_Cell,0.0,4292,2
720575940635001535,1.802219770937824,24.58901911120465,central,LHLN,0.0,7976,2
720575940635006559,1.525912087191245,24.42259232123633,central,Kenyon_Cell,0.0,8336,2
720575940635011935,1.0,24.0,sensory,olfactory,0.0,3039,0
720575940635012238,1.5305832309859924,24.425648859490202,central,Kenyon_Cell,0.0,5767,2
720575940635022527,1.6291129681162266,24.488035675353085,central,unknown,0.0,6646,2
720575940635026330,0.40178244719095146,23.08815548700631,central,unknown,0.0,5659,2
720575940635036863,1.6404278821712723,24.49495711156961,central,unknown,0.0,8230,2
720575940635047672,0.008423450861757055,19.223264306373974,central,unknown,7.61514664587224e-06,274,2
720575940635050394,1.685495021837605,24.522059302164987,central,LHLN,0.0,5012,2
720575940635052127,1.9237815115588552,24.654292786314304,central,LHLN,8.078677311273158e-07,486,2
720575940635054687,1.0259847962611595,24.025652928179873,central,unknown,0.0,5948,2
720575940635055455,1.9199651864428449,24.652307053814283,central,unknown,0.0,6279,2
720575940635057759,0.9238690676791182,23.920815080972943,central,unknown,0.0,7962,2
720575940635059551,1.186870840604148,24.171320298084662,central,unknown,0.0,5538,2
720575940635066975,1.2767910015690238,24.244349900045265,central,ALPN,0.0,6232,2
720575940635068255,1.7392405023437318,24.55344852502978,central,LHLN,0.0,5110,2
720575940635072111,3.0209187977761,25.105561022790088,sensory,olfactory,0.0,968,0
720575940635075179,1.4837660507444768,24.394583484571168,central,Kenyon_Cell,0.0,4536,2
720575940635081464,3.1935536895307344,25.161134306006176,sensory,olfactory,0.0,1584,0
720575940635082871,2.4313118894831,24.88843098388915,central,ALPN,1.083999570373292e-05,233,1
720575940635092122,1.84430216686583,24.61210097660472,central,ALLN,0.0,5105,2
720575940635094426,3.0942328383364717,25.129540004114613,sensory,olfactory,0.0,3949,0
720575940635095321,1.0,24.0,sensory,olfactory,0.0,3248,0
720575940635110286,1.95195063990004,24.668829200734727,central,Kenyon_Cell,0.0,3035,2
720575940635111449,0.18340125953692069,22.303921148520683,central,unknown,0.0,5350,2
720575940635114347,3.001422210883862,25.09908624662691,sensory,olfactory,0.0,1185,0
720575940635114591,1.7108922013183132,24.537014989604582,central,unknown,0.0,5038,2
720575940635116127,1.453727365806656,24.374130855207024,central,LHLN,0.0,6753,2
720575940635116383,1.663650753225746,24.509014436491555,central,unknown,0.0,5146,2
720575940635116639,1.5344106317433714,24.428146354048586,central,unknown,0.0,7043,2
720575940635118943,1.1466716590812944,24.136863536557687,central,unknown,0.0,1757,2
720575940635119723,0.21357805749357356,22.4562470957371,central,unknown,4.5717367341827776e-05,63,2
720575940635119967,1.123280120461728,24.116253084065296,central,unknown,0.0,7460,2
720575940635122783,1.5835423772547743,24.459664348403404,central,unknown,0.0,4830,2
720575940635126452,3.1076890650642297,25.1338793840851,sensory,olfactory,0.0,2337,0
720575940635128089,0.9617554356367322,23.9610049144531,central,unknown,0.0,6592,2
720575940635138911,0.7319039321238725,23.687893986098484,central,unknown,1.3243733297169112e-08,710,2
720575940635140121,0.718036326579956,23.66876488290875,central,unknown,0.0,8527,2
720575940635146926,3.1202373385191606,25.137909068966405,sensory,olfactory,0.0,1278,0
720575940635153294,1.3356674002651319,24.28943109222343,central,Kenyon_Cell,0.0,2580,2
720575940635157355,1.939446520212229,24.662402633510098,central,LHLN,0.0,6669,2
720575940635157867,1.2747230193796044,24.242728915308156,central,unknown,0.0,6875,2
720575940635157902,0.7478777239857105,23.709484215022226,central,unknown,0.0,2027,2
720575940635159982,3.010259775919726,25.10202637932905,sensory,olfactory,0.0,1791,0
720575940635170679,3.1229499646567076,25.138778056608942,sensory,olfactory,0.0,3828,0
720575940635175023,1.7625447411023425,24.566758640404696,central,unknown,0.0,2836,2
720575940635180956,1.4024417826094793,24.3382148478273,central,ALLN,0.0,818,2
720575940635184485,3.1026098747363133,25.132243652372452,sensory,olfactory,0.0,2175,0
720575940635196779,0.11574832155012034,21.843662913232162,central,unknown,0.0,8562,2
720575940635211115,0.018564027177231233,20.013470406370686,central,unknown,0.0,1602,2
720575940635213998,1.9327485661189947,24.658943117331738,central,Kenyon_Cell,0.0,4553,2
720575940635214734,3.0825350377743423,25.125752322666326,sensory,olfactory,0.0,2299,0
720575940635229591,0.24874292060718312,22.608664636780954,central,unknown,0.0,8602,2
720575940635249332,1.8556240287739543,24.618221043140103,central,ALLN,1.3243733297169112e-08,718,1
720575940635271086,0.9945896086073854,23.99457491943313,central,unknown,0.0,7442,2
720575940635277998,2.9973108952608962,25.097715518443493,sensory,olfactory,0.0,1847,0
720575940635280632,1.0455199430885924,24.04451431487305,central,unknown,0.0,7937,2
720575940635286958,1.9700838614505334,24.678076111108084,central,Kenyon_Cell,0.0,1438,2
720575940635288165,0.1624678866764633,22.18272508280563,central,unknown,0.0,4250,2
720575940635291247,2.1043725240246816,24.744017334347863,central,Kenyon_Cell,0.0,4579,2
720575940635307256,1.141836760660879,24.132638159388737,central,unknown,0.0,4707,2
720575940635323255,3.0510302123488806,25.115479308126957,sensory,olfactory,0.0,752,0
720575940635325551,0.325484016798056,22.87755807792187,central,unknown,0.0,6719,2
720575940635334044,2.2047275845342047,24.790603956837636,central,LHLN,0.0,5206,2
720575940635342949,1.0,24.0,sensory,olfactory,0.0,2764,0
720575940635353592,2.119229240112866,24.75105245659329,central,Kenyon_Cell,0.0,2091,2
720575940635361454,1.3175533523416583,24.275776495749458,central,Kenyon_Cell,0.0,6652,2
720575940635362460,1.2902188236123404,24.25481183469516,central,unknown,8.283955177379279e-05,32,2
720575940635362716,0.07851141041566477,21.455488690856686,central,unknown,6.489429315612865e-07,498,2
720575940635386616,1.9612563904358085,24.6735852834082,central,Kenyon_Cell,0.0,8170,2
720575940635397880,1.358912725472101,24.306684913439508,central,Kenyon_Cell,0.0,910,2
720575940635399160,3.534234023776377,25.26249659235481,sensory,olfactory,0.0,2093,0
720575940635404724,0.4149476872107593,23.12039717838914,central,unknown,0.0,1380,2
720575940635416431,0.5686020640657885,23.43542555031222,central,unknown,0.0,5071,2
720575940635419237,3.25239171722993,25.17939063868428,sensory,olfactory,0.0,7342,0
720575940635425460,1.9552150669244925,24.67050019604385,central,Kenyon_Cell,0.0,2715,2
720575940635432855,0.12665648346825176,21.933723288166743,visual_projection,unknown,0.0,1433,2
720575940635452408,1.6906545801262096,24.525115779462283,central,Kenyon_Cell,0.0,2659,2
720575940635462324,1.7138020360114228,24.53871431526211,central,unknown,5.429930651839336e-07,514,2
720575940635468991,1.7197654807017253,24.54218793309984,central,unknown,3.8274389228818735e-06,347,2
720575940635492276,0.15396839795072917,22.128992094261278,central,unknown,0.0,4827,2
720575940635493044,2.03853260082873,24.712230235706922,central,Kenyon_Cell,0.0,5367,2
720575940635493812,1.2166166277837558,24.196073750231548,central,unknown,0.0,7957,2
720575940635498394,0.36024645866608157,22.979033125637052,central,unknown,0.0,6777,2
720575940635499888,0.7535046211966027,23.716979872040525,central,Kenyon_Cell,0.0,4635,2
720575940635507380,0.3100427386560761,22.828954875626827,central,unknown,0.0,8563,2
720575940635508404,0.6975379671174912,23.63980166637531,central,unknown,0.0,4754,2
720575940635511988,1.3999301314750319,24.3364223292866,central,unknown,0.0,8626,2
720575940635513524,1.100178097965973,24.095472073940556,central,unknown,0.0,8096,2
720575940635515572,1.5974356584017042,24.468399630027577,central,unknown,2.3838719934904402e-07,576,2
720575940635517876,0.19660651766822018,22.37344908010522,central,unknown,0.0,6605,2
720575940635537271,1.96998134774614,24.678024074555907,central,Kenyon_Cell,0.0,7674,2
720575940635538807,1.9507778593826832,24.668228195282836,central,Kenyon_Cell,0.0,7585,2
720575940635539448,1.25848974308339,24.2299123854475,central,unknown,0.0,4847,2
720575940635540671,0.10391182959376509,21.735787468212397,central,unknown,0.0,6407,2
720575940635545848,1.521982495994474,24.4200137587127,central,unknown,0.0,7856,2
720575940635549620,0.5279073929077207,23.361165597120884,descending,unknown,0.0,5953,2
720575940635561335,0.34747440339654573,22.942935724019215,central,unknown,0.0,5318,2
720575940635562096,3.1150891121935746,25.136257759276003,sensory,olfactory,0.0,866,0
720575940635565816,1.7749628806664342,24.573779510408112,central,unknown,0.0,5333,2
720575940635566584,1.879062465217387,24.63077296374113,central,LHLN,0.0,8469,2
720575940635586912,1.8609568969429635,24.621090816157587,central,unknown,0.0,5714,2
720575940635592805,1.0,24.0,sensory,olfactory,0.0,7539,0
720575940635593358,2.952008205827636,25.082485686486272,sensory,olfactory,0.0,2438,0
720575940635596901,3.004949420026113,25.100260735907447,sensory,olfactory,0.0,743,0
720575940635604581,1.0460356463228557,24.045007443764604,central,ALPN,2.993083725160219e-06,370,1
720575940635614942,1.533424257134002,24.427503311199747,central,Kenyon_Cell,0.0,4277,2
720575940635651735,1.9902966619421079,24.688283703978442,central,Kenyon_Cell,0.0,8329,2
720575940635664046,1.3502139443255967,24.300263057172362,central,ALLN,2.8606463921885283e-06,374,1
720575940635670128,1.9558110755493787,24.670804979805343,central,Kenyon_Cell,0.0,3761,2
720575940635678638,0.253567094290825,22.627873180788388,central,unknown,0.0,2823,2
720575940635690670,1.0021440133433959,24.00214171822671,central,unknown,0.0,5445,2
720575940635695022,2.016404169413264,24.701315810975274,central,unknown,0.0,3739,2
720575940635697765,1.7270400122807068,24.546408967558982,central,unknown,0.0,7767,2
720575940635705963,2.969466206484741,25.088382208205196,sensory,olfactory,0.0,2455,0
720575940635706219,1.0,24.0,sensory,olfactory,0.0,3580,0
720575940635708267,1.0,24.0,sensory,olfactory,0.0,3545,0
720575940635717743,1.0633784379234967,24.06145104533889,central,Kenyon_Cell,0.0,4879,2
720575940635731063,1.2360417227469027,24.21191411473349,central,LHLN,0.0,6341,2
720575940635745855,3.0393643408665088,25.111648395154837,sensory,olfactory,0.0,3116,0
720575940635749751,0.019354851747960478,20.05518784539326,central,unknown,0.0,3661,2
720575940635757936,3.0798033847965622,25.12486575884286,sensory,olfactory,0.0,2020,0
720575940635767524,1.659763652824889,24.506675214415438,sensory,hygrosensory,0.0,1227,2
720575940635776101,0.6072919725426732,23.50125440556081,central,unknown,0.0,5618,2
720575940635777893,1.0436456759282284,24.042720040980985,central,unknown,0.0,2967,2
720575940635803822,1.0,24.0,sensory,olfactory,0.0,3420,0
720575940635807130,0.05661263491470287,21.128476913023043,central,unknown,2.5030655931649625e-05,123,2
720575940635821801,1.3239671002288755,24.28063260843635,central,unknown,0.0,5143,2
720575940635837887,0.046170731801828395,20.924590807569874,central,unknown,8.475989310188232e-07,481,2
720575940635838565,3.0979610631913705,25.13074417354622,sensory,olfactory,0.0,3601,0
720575940635838606,1.409731062791121,24.343398950588593,central,ALPN,0.0,6211,2
720575940635850206,1.8942586580429475,24.63882755251598,central,Kenyon_Cell,0.0,4700,2
720575940635883748,0.9359991294689916,23.933859267440525,central,Kenyon_Cell,0.0,2670,2
720575940635899566,1.837310629106053,24.608302887804008,central,Kenyon_Cell,0.0,2042,2
720575940635900773,1.6797465313760198,24.51864290785157,central,Kenyon_Cell,0.0,3047,2
720575940635903118,0.15303519343908045,22.122912638436834,central,unknown,0.0,8211,2
720575940635916942,1.9355354775883462,24.660384020802137,sensory,hygrosensory,0.0,1672,2
720575940635919471,1.8520975833131503,24.616318825609717,central,LHLN,0.0,8476,2
720575940635933119,2.401482673573623,24.876086327261664,central,ALPN,8.489233043485401e-06,258,1
720575940635934143,1.7058020254855806,24.534035396313108,central,ALLN,0.0,6226,1
720575940635935343,3.060435941716618,25.118557370430445,sensory,olfactory,0.0,3572,0
720575940635944303,2.0016700843092536,24.693981874260842,central,LHLN,0.0,2250,2
720575940635945919,1.9728507875499732,24.67947959698849,central,ALLN,0.0008858998077142,1,1
720575940635953343,1.322163664899584,24.27926953474983,central,Kenyon_Cell,0.0,5096,2
720575940635955903,1.861651261641022,24.621463868961712,central,unknown,0.0,2545,2
720575940635958639,1.1049965441454854,24.099842207494678,central,unknown,0.0,5594,2
720575940635958895,1.641874694164842,24.49583869518576,central,LHLN,0.0,6754,2
720575940635960943,0.6275865925509668,23.534126378600373,central,unknown,1.4568106626886024e-07,607,2
720575940635961711,0.6747068737076274,23.606523056397815,central,unknown,0.0,6104,2
720575940635964271,1.723074811867203,24.544110376143067,central,unknown,0.0,5107,2
720575940635967886,0.03151459837111614,20.54269559984703,central,unknown,7.946239978301468e-08,662,2
720575940635969399,1.9385996503022203,24.66196588268959,sensory,thermosensory,0.0,7138,2
720575940635978638,2.996219029034319,25.097351170137088,sensory,olfactory,0.0,7324,0
720575940635983770,2.18005064279094,24.779348107169216,central,ALPN,1.4289988227645472e-05,206,1
720575940635999918,3.116252956467009,25.136631304581055,sensory,olfactory,0.0,2454,0
720575940636002679,3.1325996368603723,25.14186321473966,sensory,olfactory,0.0,3507,0
720575940636008366,0.11025318494517194,21.795024123319138,central,unknown,0.0,7087,2
720575940636023438,1.0142933805503842,24.014192193252505,central,Kenyon_Cell,0.0,1111,2
720575940636048862,1.305909128547318,24.266899448454357,central,Kenyon_Cell,0.0,4073,2
720575940636052080,3.0705622002818367,25.121860671961013,sensory,olfactory,0.0,2360,0
720575940636066167,0.5147128385468639,23.33585387111303,central,unknown,0.0,1225,2
720575940636069215,0.17171003397717882,22.23805192621892,central,unknown,0.0,7110,2
720575940636077919,0.6212422573502515,23.523965835333332,central,unknown,0.0,5988,2
720575940636080479,0.11188276452142351,21.80969629874802,central,unknown,0.0,4740,2
720575940636093541,3.069218206061533,25.121422873162743,sensory,olfactory,0.0,2204,0
720575940636096948,2.219995339214273,24.797505096428953,central,ALPN,0.0,4403,2
720575940636105829,0.9053617127405925,23.90057926745227,central,unknown,0.0,7186,2
720575940636110222,1.3007461021703044,24.26293802458206,central,ALLN,0.0,3524,2
720575940636114239,1.1624898278341702,24.150564108190913,central,Kenyon_Cell,0.0,1168,2
720575940636134775,1.4245055790889478,24.353824791472515,central,Kenyon_Cell,0.0,3593,2
720575940636135543,1.7933681738625524,24.584095513121262,central,Kenyon_Cell,0.0,3071,2
720575940636137079,0.08591484655942204,21.545601370457018,central,unknown,0.0,7979,2
720575940636165743,1.0,24.0,sensory,olfactory,0.0,3558,0
720575940636167280,0.8444714130140869,23.83095560591016,central,ALPN,2.6487466594338224e-08,696,2
720575940636171383,1.8026476196490013,24.58925648399362,central,Kenyon_Cell,0.0,8671,2
720575940636171639,2.016293710371678,24.701261029265904,central,Kenyon_Cell,0.0,2915,2
720575940636187054,3.1333456081163296,25.14210131808411,sensory,olfactory,0.0,3967,0
720575940636193758,1.0,24.0,sensory,olfactory,0.0,2815,0
720575940636227696,3.0972004771781334,25.13049863159801,sensory,olfactory,0.0,1514,0
720575940636227941,1.549851718385358,24.43815926079708,central,LHLN,0.0,7531,2
720575940636231525,1.626371620896035,24.486351534148795,central,unknown,0.0,6838,2
720575940636241550,1.9158071819324258,24.650139038749913,central,ALLN,5.2445183856789685e-06,309,1
720575940636246446,1.5274442805303712,24.42359593384043,central,Kenyon_Cell,0.0,5647,2
720575940636256319,1.1723060014175117,24.158972750435534,central,unknown,0.0,6734,2
720575940636256398,3.0491092093970207,25.114849485467985,sensory,olfactory,0.0,2869,0
720575940636261294,0.8052245753653612,23.783365935139113,central,unknown,0.0,7906,2
720575940636270199,1.6502874424413312,24.50094948028032,central,unknown,0.0,6994,2
720575940636291429,1.9426470166205443,24.6640514846277,central,Kenyon_Cell,0.0,1926,2
720575940636291941,1.518868032229541,24.417965341781283,central,Kenyon_Cell,0.0,4869,2
720575940636299895,1.5422394250182285,24.433235532230952,central,unknown,0.0,6769,2
720575940636302711,1.3466220749150009,24.297599290069833,central,Kenyon_Cell,0.0,3425,2
720575940636306789,1.3188802463191758,24.276783078346664,central,Kenyon_Cell,0.0,6345,2
720575940636316023,1.54955057206985,24.43796493538319,central,unknown,8.264089577433527e-06,264,2
720575940636325865,1.7997359017648091,24.587639932895733,central,Kenyon_Cell,0.0,2666,2
720575940636335984,1.58265016980714,24.459100764566987,central,Kenyon_Cell,0.0,4114,2
720575940636343147,0.4057257210290754,23.097922088355638,central,LHCENT,2.4951193531866607e-05,124,2
720575940636348152,0.33367460617954575,22.902411006125778,central,unknown,0.0,6589,2
720575940636356836,1.7228101031890106,24.543956738581024,central,Kenyon_Cell,0.0,2962,2
720575940636359275,1.1846842593916107,24.169476291312787,central,unknown,0.0,5715,2
720575940636364133,1.6918443390617068,24.52581925876146,central,Kenyon_Cell,0.0,1149,2
720575940636401776,1.0130249462849288,24.01294085110837,central,ALPN,0.0,7220,2
720575940636426126,2.0340722177675907,24.71003980228987,central,Kenyon_Cell,0.0,6934,2
720575940636431022,1.659838198948507,24.506720127104945,central,Kenyon_Cell,0.0,4992,2
720575940636470373,1.2774308468408222,24.2448509099991,central,unknown,0.0,4789,2
720575940636470629,0.8006378800551155,23.777653481039994,central,unknown,0.0,7828,2
720575940636473006,1.7140547448039143,24.538861759457774,central,LHLN,0.0,7000,2
720575940636477541,1.3167545074228848,24.275170002518003,central,unknown,0.0,4857,2
720575940636481637,1.4924865650906693,24.400443564629814,central,LHLN,0.0,5971,2
720575940636488110,1.7556745228796338,24.562853126597936,central,unknown,0.0,4817,2
720575940636489140,0.7807812115452611,23.752539692744826,central,LHCENT,2.9268650586743737e-06,373,2
720575940636490158,0.5828039289122254,23.460095536757894,central,unknown,0.0,6690,2
720575940636490894,2.1741724085590395,24.77664809031953,central,Kenyon_Cell,0.0,4067,2
720575940636504165,1.8598320302741698,24.62048617734304,central,unknown,0.0,1496,2
720575940636505445,2.163063237220506,24.77152538242914,central,LHLN,0.0,950,2
720575940636505957,0.5218611329634274,23.349646244702868,central,unknown,0.0,5054,2
720575940636507493,0.6708522639796719,23.600793660841333,central,unknown,0.0,6165,2
720575940636508517,1.974387620709055,24.68025828480908,central,LHLN,0.0,5827,2
720575940636508644,1.5295057458229855,24.424944641269295,central,Kenyon_Cell,0.0,5239,2
720575940636510015,1.8759072784859523,24.629092424248473,central,Kenyon_Cell,0.0,8352,2
720575940636519598,1.3099151808793974,24.26996238769655,central,Kenyon_Cell,0.0,3080,2
720575940636520805,2.031291457460099,24.708671776714144,central,LHLN,0.0,2036,2
720575940636521573,0.6452854680283121,23.561937525991706,central,unknown,0.0,874,2
720575940636523109,1.8572587059542007,24.61910158658985,central,ALPN,0.0,8124,1
720575940636523621,0.5096611684388744,23.32599085033091,central,unknown,0.0,8612,2
720575940636524133,1.9227370716914742,24.65374972906893,central,LHLN,0.0,6576,2
720575940636526308,1.9393790737432528,24.66236785676268,central,LHLN,0.0,6411,2
720575940636531118,1.7250420927707215,24.545251451791824,central,unknown,0.0,6912,2
720575940636551086,1.8714170119655986,24.62669590432044,central,Kenyon_Cell,0.0,6202,2
720575940636560730,1.4526373948348976,24.37338079723934,central,Kenyon_Cell,0.0,3735,2
720575940636561636,1.8861375910138447,24.634531135428226,central,Kenyon_Cell,0.0,3026,2
720575940636561641,1.3223527974247167,24.279412572260203,central,Kenyon_Cell,0.0,2080,2
720575940636562921,1.910895280676406,24.647571865575816,central,Kenyon_Cell,0.0,4914,2
720575940636571534,1.6375133395334944,24.493178834774085,central,unknown,0.0,5895,2
720575940636576948,1.1678258781915427,24.155143796402168,central,unknown,0.0,4828,2
720575940636579817,1.302957441974351,24.264636636039356,central,Kenyon_Cell,0.0,3873,2
720575940636588430,1.9112086492449383,24.64773584257643,central,LHLN,0.0,5268,2
720575940636599182,3.1087642787460315,25.13422530920769,sensory,olfactory,0.0,844,0
720575940636607886,1.8562808278767298,24.618574931041326,central,LHLN,0.0,8196,2
720575940636609166,1.737966782890273,24.552715914399496,central,LHLN,0.0,5049,2
720575940636620942,2.0631335839661,24.724225984278817,central,LHLN,0.0,7784,2
720575940636624014,0.4410652336458612,23.18143750762477,central,unknown,0.0,1016,3
720575940636625806,1.348457260815366,24.29896116922469,central,unknown,0.0,5220,2
720575940636627960,1.1905262482374916,24.174395434780255,central,unknown,0.0,1619,2
720575940636633998,0.23729975093838382,22.561568834894697,central,unknown,0.0,6714,2
720575940636643832,0.20873632158545305,22.433316557262803,central,unknown,0.0,1192,2
720575940636665262,1.2250649127796984,24.20299383261701,central,Kenyon_Cell,0.0,4962,2
720575940636675817,0.781089269851508,23.75293416631214,central,Kenyon_Cell,0.0,974,2
720575940636679390,1.0,24.0,sensory,olfactory,0.0,4661,0
720575940636684378,1.9812765374699746,24.683741352860363,central,unknown,0.0,4306,2
720575940636685894,1.5132479325823482,24.41425828957848,central,Kenyon_Cell,0.0,2642,2
720575940636698286,2.037624940689396,24.711784884836604,central,Kenyon_Cell,0.0,2074,2
720575940636698798,1.9690716647093773,24.6775621954951,central,Kenyon_Cell,0.0,1105,2
720575940636699822,0.8269222379714531,23.80995538256547,central,unknown,0.0,8222,2
720575940636716206,1.1148729272416702,24.108740431817996,central,unknown,0.0,6973,2
720575940636734382,0.4541421642871968,23.21065500723846,central,unknown,0.0,4336,2
720575940636741488,3.145764213680461,25.146056853855466,sensory,olfactory,0.0,1082,0
720575940636753118,1.0,24.0,sensory,olfactory,0.0,3458,0
720575940636754533,3.0124989073206168,25.10276993610156,sensory,olfactory,0.0,3973,0
720575940636767856,3.1998907585381215,25.16311667126613,sensory,olfactory,0.0,7353,0
720575940636809950,2.9886841188873667,25.094833196515197,sensory,olfactory,0.0,8162,0
720575940636820958,0.46522142170377107,23.234758188976578,central,LHCENT,0.0,5263,2
720575940636838256,0.25978359340697976,22.652093672401833,central,unknown,0.0,5994,2
720575940636841286,2.048680159961409,24.717195761397313,central,Kenyon_Cell,0.0,3728,2
720575940636841840,0.25165414800291924,22.620300437326794,central,CX,0.0,729,2
720575940636848710,1.8246385324871364,24.601381903026503,central,Kenyon_Cell,0.0,7573,2
720575940636873791,2.176860191216592,24.777883559343397,central,ALPN,5.874920090624218e-05,45,1
720575940636878254,1.9390562769447672,24.662201399534418,sensory,thermosensory,9.800362639905145e-07,471,2
720575940636893493,0.14134083026149774,22.043418930477962,central,unknown,0.0,7156,2
720575940636942302,1.0,24.0,sensory,olfactory,0.0,4174,0
720575940636963806,0.3237206322356447,22.872125618675845,central,unknown,0.0,5240,2
720575940636975582,3.095350800958629,25.129901244126692,sensory,olfactory,0.0,1821,0
720575940636991856,1.6611536064573957,24.507512304655965,central,Kenyon_Cell,0.0,1179,2
720575940636992368,0.5866742543349335,23.46671445382377,central,MBON,2.3189777003343117e-05,153,2
720575940636998463,1.0,24.0,sensory,olfactory,0.0,6001,0
720575940636999280,0.04785449513460572,20.96040977671155,central,unknown,0.0,4852,2
720575940637002574,3.060435941716618,25.118557370430445,sensory,olfactory,0.0,1801,0
720575940637009636,2.10106530810595,24.74244450567578,central,ALPN,5.562367984811027e-06,304,1
720575940637013726,2.930794661810418,25.07527360189162,sensory,olfactory,0.0,7341,0
720575940637050084,1.593757827615372,24.46609464135748,central,unknown,0.0,5261,2
720575940637050933,1.5716254014792475,24.452110371386038,central,Kenyon_Cell,0.0,3715,2
720575940637056887,2.3105877706540805,24.837501938338363,central,ALPN,8.493206163474552e-05,31,1
720575940637067888,1.3384609369894171,24.291520399383124,central,unknown,0.0,5597,2
720575940637068400,1.3227451953083071,24.279709270444954,central,LHLN,0.0,1861,2
720575940637069757,0.23040587362319492,22.532087142670882,central,unknown,0.0,1208,2
720575940637087039,3.101423703864911,25.131861265375083,sensory,olfactory,0.0,1577,0
720575940637087599,0.5125136003742917,23.33157196899401,central,unknown,0.0,7545,2
720575940637089343,0.0053828544994486685,18.775463530591523,visual_projection,unknown,0.0,2854,2
720575940637098352,0.7900548873698968,23.764347141748882,central,LHCENT,6.595379181990218e-06,291,2
720575940637112390,1.193644668980592,24.1770113735109,central,Kenyon_Cell,0.0,2763,2
720575940637118527,0.09777270175729706,21.6748901359605,central,unknown,0.0,3028,2
720575940637124422,1.1209205849038093,24.1141502984974,central,Kenyon_Cell,0.0,2775,2
720575940637126007,0.07844943160790252,21.45469895489217,descending,unknown,1.5998429822980286e-05,193,2
720575940637136752,1.7553818732748923,24.562686424857834,central,ALLN,3.620836683446035e-05,84,1
720575940637143262,2.053278575901626,24.719437820941355,central,Kenyon_Cell,0.0,2788,2
720575940637145828,1.4762586354001113,24.38951093806363,central,unknown,0.0,6899,2
720575940637148486,1.2147129904781833,24.194507827059084,central,Kenyon_Cell,0.0,8042,2
720575940637169636,2.0894527615167062,24.736902195096658,central,Kenyon_Cell,0.0,3881,2
720575940637183454,1.603162243053467,24.471978080641478,central,ALLN,0.0,4387,2
720575940637185252,0.33110119300255036,22.89466876871332,central,ALPN,0.0,8421,2
720575940637190990,1.479945197484389,24.39200505836368,central,Kenyon_Cell,0.0,2607,2
720575940637208718,1.6544700269888317,24.503480732161538,central,ALPN,2.754696525811175e-06,380,1
720575940637209822,0.04131290812093359,20.813419717453797,central,unknown,1.2713983965282346e-06,449,2
720575940637222470,1.2265399285703011,24.204197139074648,central,Kenyon_Cell,0.0,2681,2
720575940637226212,3.0880872328189137,25.127551880733392,sensory,olfactory,0.0,1340,0
720575940637231593,2.1225024374699144,24.752595787598427,central,ALPN,4.489625587740329e-06,329,1
720575940637232447,0.5503279509290908,23.402759095959954,central,mAL,0.0,8405,2
720575940637255221,1.2618978935151834,24.23261685237918,central,Kenyon_Cell,0.0,6502,2
720575940637255743,1.0,24.0,sensory,olfactory,0.0,3354,0
720575940637258842,0.44487468147730647,23.19003734886551,central,unknown,0.0,5669,2
720575940637274852,0.09595255024407691,21.656098522003997,central,unknown,0.0,7691,2
720575940637277766,0.736621462081257,23.69431886128812,central,unknown,0.0,6888,2
720575940637282167,0.6591397731490949,23.583180331891125,central,ALPN,0.0,3632,2
720575940637293687,0.23575420373827788,22.555034473711913,central,unknown,0.0,3678,2
720575940637296356,0.16443511390054824,22.19476076903608,central,ALON,0.0,6750,2
720575940637300708,0.9907394538351512,23.990696308404097,central,unknown,0.0,5504,2
720575940637316029,0.9097843785772577,23.905452345834075,central,Kenyon_Cell,0.0,5090,2
720575940637323071,0.05372862047033006,21.07619055020713,central,unknown,9.27061330801838e-08,650,2
720575940637332851,0.8276722232381017,23.810861931373164,central,unknown,0.0,7447,2
720575940637333214,1.4053469087868438,24.34028418247698,central,Kenyon_Cell,0.0,3655,2
720575940637355497,1.0,24.0,sensory,olfactory,0.0,3332,0
720575940637372894,1.4845171987898378,24.395089600732092,central,Kenyon_Cell,0.0,2590,2
720575940637387098,2.818001053747048,25.036027787410788,sensory,olfactory,0.0,3399,0
720575940637395945,1.7621819770379157,24.566552800863242,central,Kenyon_Cell,0.0,6513,2
720575940637402995,1.841742161799007,24.610711950727563,central,Kenyon_Cell,0.0,7256,2
720575940637404750,1.8498561554501203,24.615107882256503,central,Kenyon_Cell,0.0,2948,2
720575940637412841,1.4794977817651203,24.391702693543127,central,Kenyon_Cell,0.0,7464,2
720575940637419120,0.6163726311348564,23.516096422334094,central,unknown,0.0,5694,2
720575940637434601,1.8647281939854363,24.623115301984217,central,Kenyon_Cell,0.0,8017,2
720575940637449023,0.6137385312382094,23.511813713578412,central,ALPN,0.0,6183,2
720575940637461082,0.1241665505292241,21.91386853483382,central,unknown,0.0,6047,2
720575940637464691,0.025532041106371476,20.33217889840456,ascending,AN,1.1919359967452201e-07,625,2
720575940637469254,1.4526085383805571,24.37336093217111,central,ALPN,2.609015459542315e-06,384,1
720575940637469347,0.14444019126786947,22.06511024162916,central,unknown,0.0,3871,2
720575940637472053,3.101766115916203,25.131971664076907,sensory,olfactory,0.0,750,0
720575940637477439,0.5282328928477172,23.36178199241362,central,unknown,0.0,6746,2
720575940637494837,1.9105978024613366,24.64741617867062,sensory,hygrosensory,0.0,7373,2
720575940637509190,1.5669024985468258,24.449100739706587,central,LHLN,0.0,4836,2
720575940637509941,1.3368872274606773,24.290343947113353,central,Kenyon_Cell,0.0,5031,2
720575940637510121,2.304279300638011,24.83476795972183,central,ALLN,0.0,3409,2
720575940637524021,2.173450001403408,24.77631576745698,central,LHLN,0.0,6138,2
720575940637526190,2.4028331700666166,24.876648528654126,central,ALPN,1.6912247420484955e-05,188,1
720575940637555288,0.0712274338511553,21.3581227721224,central,unknown,0.0,8547,2
720575940637559182,0.34666170954422,22.94059412499126,central,unknown,0.0,1412,2
720575940637569870,0.047612224498927935,20.95533426648771,central,unknown,0.0,5475,2
720575940637574515,0.4614744485987714,23.226671407444858,central,unknown,1.059498663773529e-07,635,2
720575940637590756,0.29452006992723595,22.777591870946154,central,unknown,0.0,8579,2
720575940637592666,2.040097947560106,24.71299782021337,central,unknown,0.0,6628,2
720575940637594334,2.112497598242227,24.74787094332179,central,ALPN,5.588855451405365e-05,50,1
720575940637599204,0.7858911643478845,23.759063036108742,central,unknown,0.0,6886,2
720575940637602650,1.6350856145554618,24.491695166620772,central,ALLN,0.0,6042,1
720575940637610566,0.3348643149789672,22.90597014088263,central,unknown,0.0,5940,2
720575940637611365,0.05030093137874488,21.01026831442817,central,unknown,5.2974933188676455e-08,674,2
720575940637612974,0.027436008810942412,20.404101061800183,descending,unknown,0.0,881,2
720575940637618142,0.022475710997479283,20.20467993591318,descending,unknown,0.0,7977,2
720575940637618254,1.3757690399219875,24.319012876529044,central,Kenyon_Cell,0.0,3589,2
720575940637619509,3.060435941716618,25.118557370430445,sensory,olfactory,0.0,3201,0
720575940637623780,1.8566518465087294,24.618774783107483,central,ALLN,7.588659179277901e-06,276,1
720575940637624165,0.6000715410745882,23.48929360425038,central,unknown,0.0,6686,2
720575940637626084,1.0,24.0,sensory,olfactory,0.0,976,0
720575940637628762,2.1424327735872204,24.761941993441955,central,ALPN,6.926472514419445e-06,288,1
720575940637632654,1.754838214393348,24.562376667137627,central,ALPN,0.0,3749,1
720575940637633678,1.6415994822180293,24.49567106058127,central,unknown,4.423406921254483e-06,333,1
720575940637637208,0.1274336799515413,21.939840793044823,central,unknown,0.0,2098,2
720575940637639396,1.0,24.0,sensory,olfactory,0.0,3577,0
720575940637647950,0.312602975839439,22.837178658599846,central,unknown,0.0,8472,2
720575940637664357,1.0603992609991089,24.05864549852482,central,LHLN,0.0,5986,2
720575940637665626,0.7229350622581694,23.67556412207253,central,unknown,0.0,5521,2
720575940637666446,2.0017836319992948,24.69403859912798,central,ALLN,1.893853861495183e-06,411,1
720575940637683086,0.4905731801235538,23.287819183846,central,unknown,0.0,5670,2
720575940637683790,1.8201219268911317,24.598903491642112,central,Kenyon_Cell,0.0,5830,2
720575940637686079,0.6005792137624377,23.490139266848033,central,unknown,0.0,8198,2
720575940637686750,0.08193699405395916,21.498195307742662,central,unknown,0.0,7718,2
720575940637688292,0.4255289223780596,23.145577639407644,central,unknown,0.0,6384,2
720575940637693503,1.7675524814979195,24.569595810850135,central,unknown,0.0,4978,2
720575940637694517,0.1682437527964327,22.21765855837152,central,unknown,0.0,6350,2
720575940637696858,1.419201713346519,24.350094539834654,central,unknown,0.0,5596,2
720575940637711167,1.1408502444892679,24.131773812913902,central,unknown,0.0,5045,2
720575940637711686,0.07303177949957444,21.38313940304581,central,unknown,0.0,6404,2
720575940637712243,0.5906399473453051,23.47345132662023,central,ALPN,3.708245323207351e-07,546,1
720575940637725272,1.2341608002831894,24.210391225164965,central,Kenyon_Cell,0.0,1222,2
720575940637728063,3.069439534199161,25.121494982782497,sensory,olfactory,0.0,1184,0
720575940637736006,0.21291539844949015,22.453139617448315,central,unknown,9.27061330801838e-08,647,2
720575940637737021,1.3914357166447273,24.33033610375156,central,Kenyon_Cell,0.0,4606,2
720575940637743076,0.15373723148909904,22.127489577030506,central,unknown,5.562367984811027e-07,512,2
720575940637747526,2.9040740555058226,25.06611459784464,sensory,olfactory,0.0,4431,0
720575940637749574,2.4669465235451122,24.90298116059769,central,ALPN,0.0,4298,2
720575940637756349,1.8513912839662754,24.615937401832976,central,Kenyon_Cell,0.0,1900,2
720575940637783155,0.19616002213576078,22.37117548661114,central,unknown,0.0,3106,2
720575940637784548,2.1728581225546217,24.776043408095624,central,Kenyon_Cell,0.0,4014,2
720575940637788494,1.7597098132618174,24.56514891662754,central,Kenyon_Cell,0.0,8022,2
720575940637791721,1.0538235934074716,24.052425067427855,central,unknown,0.0,4675,2
720575940637806662,0.40371315876436453,23.09294934374897,central,unknown,0.0,8132,2
720575940637810239,1.9007077254996214,24.64222630392136,central,Kenyon_Cell,0.0,933,2
720575940637820846,1.1202600691273181,24.113560862929656,central,unknown,0.0,8167,2
720575940637822323,1.88840084510039,24.635730357211813,central,Kenyon_Cell,0.0,6525,2
720575940637826623,1.9511854414393344,24.668437106554784,central,Kenyon_Cell,0.0,4538,2
720575940637832937,1.9262677615432642,24.655584328397875,central,unknown,0.0,5904,2
720575940637835839,1.6654062488133905,24.510069086952203,central,Kenyon_Cell,0.0,2679,2
720575940637846069,3.060435941716618,25.118557370430445,sensory,olfactory,0.0,3120,0
720575940637846947,2.069261375880262,24.727191720354465,central,ALLN,0.0,3404,2
720575940637849151,1.9042164139695945,24.644070592709205,central,Kenyon_Cell,0.0,3916,2
720575940637864355,2.4558077545827532,24.898455731399828,central,ALPN,9.27061330801838e-08,645,1
720575940637869284,1.8810137322773302,24.631810850811824,central,Kenyon_Cell,0.0,1095,2
720575940637870820,1.448901672072385,24.370805801872713,central,Kenyon_Cell,0.0,1489,2
720575940637883776,0.16062210129295396,22.17129913007932,central,unknown,0.0,4540,2
720575940637887872,3.266900646595202,25.183841720952095,sensory,olfactory,0.0,2019,0
720575940637898429,1.917111983991193,24.65081987862818,central,Kenyon_Cell,0.0,2718,2
720575940637906502,2.8091232059709856,25.03287240831046,sensory,olfactory,0.0,3598,0
720575940637910106,1.6171714472964231,24.480678602987027,central,ALPN,0.0,4771,1
720575940637913158,1.4909693514610949,24.3994264798779,central,Kenyon_Cell,0.0,5682,2
720575940637932009,1.8285182634625836,24.603505946778682,central,Kenyon_Cell,0.0,4709,2
720575940637934308,0.2591708454225417,22.649732200090035,central,MBON,0.0,5286,2
720575940637938522,1.7366656646893526,24.55196699014269,central,unknown,0.0,4996,2
720575940637943374,2.182568260936222,24.780502284731053,central,ALPN,1.3468876763220989e-05,212,1
720575940637949161,1.6364622817783365,24.49253676658981,central,Kenyon_Cell,0.0,931,2
720575940637954532,1.4990136170970556,24.404807303199984,central,Kenyon_Cell,0.0,1202,2
720575940637956698,0.05730349412238428,21.140606322327628,central,unknown,0.0,8564,2
720575940637964772,1.7573018930007005,24.563779617439216,central,Kenyon_Cell,0.0,6537,2
720575940637965028,2.1634500626980215,24.771704198696064,central,Kenyon_Cell,0.0,3439,2
720575940637965621,1.0,24.0,sensory,olfactory,0.0,3386,0
720575940637966682,1.565139033316398,24.447974659225956,central,unknown,3.393044470734726e-05,91,2
720575940637966938,1.6903346905753573,24.52492655108787,central,LHLN,0.0,5934,2
720575940637970921,1.3189361401216084,24.27682545718905,central,Kenyon_Cell,0.0,5039,2
720575940637973225,2.0632518260152835,24.724283294509185,central,Kenyon_Cell,0.0,2742,2
720575940637982552,0.33001478460944583,22.89138217632162,central,unknown,0.0,7059,2
720575940637999076,2.0410899896191537,24.71348397380093,central,LHLN,0.0,6484,2
720575940638006086,2.0704079574224457,24.7277456687398,central,ALLN,0.0,4755,2
720575940638006756,1.8682665101829405,24.6250110010342,central,unknown,0.0,8154,2
720575940638007640,1.4191633248923128,24.35006749013971,central,unknown,0.0,870,2
720575940638009434,0.038243991705589,20.73623118935967,central,unknown,0.0,3935,2
720575940638022515,0.6565438941246935,23.57923427334009,central,ALLN,0.0,6126,2
720575940638026842,3.10484436949739,25.13296359158414,sensory,olfactory,0.0,3091,0
720575940638034751,2.168436194124293,24.774006259891884,central,Kenyon_Cell,0.0,7042,2
720575940638046948,1.2819456289470745,24.248378946481374,central,unknown,0.0,4676,2
720575940638053609,1.3258152091646833,24.28202752244791,central,Kenyon_Cell,0.0,3691,2
720575940638053693,1.827494312512494,24.60294580046869,central,Kenyon_Cell,0.0,7584,2
720575940638054719,1.5817682677037468,24.458543378024316,central,unknown,0.0,7189,2
720575940638055487,0.4563744110496871,23.21555827049639,central,unknown,0.0,6092,2
720575940638069875,3.04537041946155,25.11362254219073,sensory,olfactory,0.0,1765,0
720575940638075967,1.5888838862076586,24.463031811384052,central,unknown,0.0,5023,2
720575940638077091,0.493205128900899,23.293169891485324,central,unknown,0.0,7726,2
720575940638078527,0.8827574320604227,23.875295175004084,central,unknown,0.0,6696,2
720575940638080233,0.5343404887477532,23.373277976163006,central,unknown,0.0,6836,2
720575940638083647,1.9444716279782308,24.66499028359862,central,unknown,0.0,8231,2
720575940638085695,1.0264900350709154,24.02614524975405,central,unknown,0.0,5920,2
720575940638096959,1.8910163979568049,24.637114461218207,central,unknown,0.0,6459,2
720575940638097983,1.550900892031026,24.438835982753023,central,LHLN,0.0,2469,2
720575940638099940,1.0,24.0,sensory,olfactory,0.0,3502,0
720575940638113001,1.716808622713894,24.540467115431717,central,LHLN,0.0,6672,2
720575940638116723,3.0319472297301546,25.109205063186106,sensory,olfactory,0.0,1639,0
720575940638128474,1.9571880805328397,24.671508790353403,central,ALLN,3.853926389476212e-06,346,1
720575940638143805,1.911815367440065,24.648053244820087,central,Kenyon_Cell,0.0,7710,2
720575940638145001,2.1139911027296887,24.748577678702052,central,LHLN,0.0,7040,2
720575940638148686,0.015855254899629585,19.855745705802914,central,unknown,0.0,7546,2
720575940638149744,0.692453759019342,23.632486182870586,central,ALPN,0.0,4744,2
720575940638154805,1.6457038355097893,24.498168156241622,central,unknown,0.0,5499,2
720575940638155632,0.32376647547275217,22.87226722222791,central,unknown,0.0,7985,2
720575940638161725,1.3757191118379835,24.318976584834328,central,Kenyon_Cell,0.0,6939,2
720575940638165875,3.0527921922273924,25.116056644691056,sensory,olfactory,0.0,2467,0
720575940638179699,0.9017924059574237,23.89662906598627,central,Kenyon_Cell,0.0,5439,2
720575940638201833,0.06518638362765727,21.26949532807374,central,unknown,2.6487466594338224e-08,698,2
720575940638208627,1.48688207529103,24.396681360561303,central,Kenyon_Cell,0.0,4072,2
720575940638212166,3.1325996368603723,25.14186321473966,sensory,olfactory,0.0,6088,0
720575940638214470,3.038646380627527,25.111412146725797,sensory,olfactory,0.0,7391,0
720575940638216420,1.0,24.0,sensory,olfactory,0.0,817,0
720575940638229080,3.111683295950818,25.13516383248403,sensory,olfactory,0.0,1469,0
720575940638249917,3.229335545793356,25.172276402695996,sensory,olfactory,0.0,1144,0
720575940638288447,1.106576520101014,24.101271033202377,central,ALPN,0.000386703768544,7,1
720575940638304838,1.9234152394340358,24.65410237643946,central,unknown,0.0,4919,2
720575940638339773,3.077545698475678,25.124132428186588,sensory,olfactory,0.0,955,0
720575940638343238,0.06338207074990651,21.241425746723987,central,unknown,1.7349290619291536e-06,417,2
720575940638360798,0.020759051246293674,20.12522707722564,central,unknown,0.0,7725,2
720575940638379598,0.394845149653773,23.07073838286365,central,unknown,0.0,7060,2
720575940638389437,2.008092991047269,24.6971855110397,sensory,thermosensory,0.0,1723,2
720575940638391384,1.948717736426637,24.667171585217716,central,Kenyon_Cell,0.0,6637,2
720575940638402357,3.0398571828985976,25.111810535004896,sensory,olfactory,0.0,2509,0
720575940638410611,3.18269428367033,25.157728097086597,sensory,olfactory,0.0,6740,0
720575940638422387,3.0124989073206168,25.10276993610156,sensory,olfactory,0.0,3977,0
720575940638422480,1.127208568347335,24.119744283017138,central,ALLN,0.0,2864,1
720575940638432053,0.8584962009759813,23.84742697615746,central,unknown,0.0,6107,2
720575940638434357,2.965468881129617,25.087035158608003,sensory,olfactory,0.0,8083,0
720575940638440051,0.03516127904772934,20.652190171094947,central,unknown,0.0,1391,2
720575940638444861,1.4150249618145527,24.347147171797943,central,Kenyon_Cell,0.0,4708,2
720575940638446936,1.440402036354026,24.36492226653362,central,Kenyon_Cell,0.0,3727,2
720575940638447677,1.985369465417464,24.685805025493146,central,Kenyon_Cell,0.0,7056,2
720575940638455459,3.0724939556155473,25.122489595203245,sensory,olfactory,0.0,1282,0
720575940638469309,1.9174761631511565,24.651009822970092,central,Kenyon_Cell,0.0,2861,2
720575940638472006,0.9800194351376894,23.979817124258986,central,Kenyon_Cell,0.0,4050,2
720575940638474112,1.865863414338343,24.623723902714147,central,Kenyon_Cell,0.0,4575,2
720575940638475573,2.8312395223711078,25.040714609534582,sensory,olfactory,0.0,8276,0
720575940638477621,0.10871218327874806,21.78094859054556,central,unknown,0.0,7398,2
720575940638482877,0.20303277458116784,22.405612138166575,central,unknown,0.0,3734,2
720575940638487384,2.989548133541483,25.095122250076066,sensory,olfactory,0.0,1732,0
720575940638492349,2.0043242880277568,24.695306990504246,central,Kenyon_Cell,0.0,5693,2
720575940638496896,1.7007247361932298,24.531054475623357,central,Kenyon_Cell,0.0,6441,2
720575940638509952,1.933125800326275,24.65913827846359,sensory,hygrosensory,0.0,1646,2
720575940638511267,3.10423349163946,25.13276682231387,sensory,olfactory,0.0,7995,0
720575940638513752,3.131740415805997,25.141588893405718,sensory,olfactory,0.0,7359,0
720575940638528053,0.7845102010066628,23.757304296301644,central,unknown,0.0,7123,2
720575940638535296,1.9830202658918692,24.684621069299794,central,Kenyon_Cell,0.0,1446,2
720575940638559440,1.6259455058680392,24.486089496337705,central,ALLN,0.0,3546,2
720575940638559549,0.5769223977754928,23.44995248589089,central,unknown,0.0,7853,2
720575940638561102,1.3564942734798744,24.304903631567115,central,Kenyon_Cell,0.0,2673,2
720575940638564797,2.980442073774732,25.09207163641927,sensory,olfactory,0.0,2474,0
720575940638567758,2.1516841708136134,24.766250870754778,central,Kenyon_Cell,0.0,1400,2
720575940638578510,1.4683633409524601,24.38414840702821,central,Kenyon_Cell,0.0,4671,2
720575940638579428,1.0,24.0,sensory,olfactory,0.0,4442,0
720575940638583869,1.8445691464029261,24.61224572523642,central,ALPN,0.0,5803,1
720575940638593102,1.894554921421473,24.638983940985838,central,Kenyon_Cell,0.0,1051,2
720575940638594374,1.3259792460297168,24.282151240079884,central,unknown,0.0,3224,2
720575940638603709,0.032615729414913294,20.577039390416065,central,unknown,1.0952567436758857e-05,232,2
720575940638607805,3.0438434258526454,25.113121001703007,sensory,olfactory,0.0,1386,0
720575940638612294,0.7225116753860221,23.67497830057772,central,unknown,0.0,6112,2
720575940638623677,0.03684828657862083,20.699053841384142,central,unknown,0.0,2816,2
720575940638624189,2.1890025840530716,24.783445999011967,central,ALPN,5.271005852273307e-06,308,1
720575940638626613,0.9936499509733834,23.99362970365223,central,Kenyon_Cell,0.0,2613,2
720575940638633535,2.338661147491974,24.849578606432615,central,ALPN,3.089762978229554e-05,103,1
720575940638638406,1.4073024127687077,24.341674689485416,central,LHLN,0.0,4733,2
720575940638639174,1.17328208653482,24.159805023739327,central,unknown,0.0,6022,2
720575940638639838,1.0356496728833582,24.035028933062982,central,unknown,0.0,7109,2
720575940638642502,0.4118397555954722,23.112879051980112,central,unknown,0.0,4775,2
720575940638642547,0.1223055219793995,21.89876691379064,central,unknown,0.0,1507,2
720575940638645592,2.9476937200099473,25.081023074767558,sensory,olfactory,0.0,4636,0
720575940638662352,0.9213897229989437,23.918127819777148,central,Kenyon_Cell,0.0,2658,2
720575940638664014,1.4899998043084708,24.398775988620763,central,ALLN,0.0,6228,1
720575940638666473,0.42144506785369706,23.135934164589926,central,unknown,0.0,4238,2
720575940638666805,3.0282848269402587,25.10799639553064,sensory,olfactory,0.0,2256,0
720575940638667846,3.0124989073206168,25.10276993610156,sensory,olfactory,0.0,1294,0
720575940638670397,0.38697370659912983,23.050601470135195,central,unknown,0.0,6166,2
720575940638673478,1.2745775446542236,24.242614786179885,central,unknown,0.0,5595,2
720575940638677070,1.2506990821934894,24.223702660738194,central,ALPN,0.0,4107,1
720575940638678179,3.120303744126763,25.13793035096959,sensory,olfactory,0.0,2200,0
720575940638683453,3.0639146152643986,25.119693384409242,sensory,olfactory,0.0,8068,0
720575940638691200,1.5680197675271577,24.44981352869005,central,Kenyon_Cell,0.0,6437,2
720575940638704512,0.925441684957173,23.922515841815752,central,unknown,0.0,7825,2
720575940638719064,3.203472221274241,25.164235290691852,sensory,olfactory,0.0,3462,0
720575940638719104,1.5816911171235777,24.458494601940416,central,ALPN,0.0,4109,1
720575940638731427,2.071248761965372,24.72815169203504,central,ALLN,0.0,1173,2
720575940638733902,0.06342382022036669,21.242084225153487,central,unknown,0.0,3658,2
720575940638744804,0.010708427374128957,19.4632757575464,ascending,AN,2.3375189269503484e-05,144,2
720575940638764403,0.13952876322587565,22.030515489024566,central,unknown,3.310933324292278e-07,555,2
720575940638770148,0.09928670683626176,21.69025641438936,central,unknown,0.0,7908,2
720575940638772387,2.9930068189962684,25.09627850718279,sensory,olfactory,0.0,1895,0
720575940638773693,3.0482569921930436,25.11456994929405,sensory,olfactory,0.0,2494,0
720575940638775118,2.9303485303111696,25.07512136827934,central,ALLN,0.0,6044,1
720575940638778165,1.469535091768811,24.384946086665757,central,ALPN,0.0,8392,2
720575940638791843,0.850272999586461,23.837802194920332,central,unknown,0.0,3291,2
720575940638803790,0.06111202551024974,21.204953384691212,central,unknown,2.3666551402041204e-05,136,2
720575940638804669,3.060435941716618,25.118557370430445,sensory,olfactory,0.0,2403,0
720575940638807485,1.0,24.0,sensory,olfactory,0.0,3651,0
720575940638818357,3.2861847655747525,25.189727246145946,sensory,olfactory,0.0,7339,0
720575940638822515,2.969466206484741,25.088382208205196,sensory,olfactory,0.0,2230,0
720575940638824245,0.5635839857100052,23.426561086355523,central,unknown,0.0,6250,2
720575940638832035,1.3933908783309423,24.33174025725324,central,unknown,0.0,5517,2
720575940638840629,0.507605912635696,23.321950105008728,central,unknown,1.5892479956602933e-07,602,2
720575940638844504,2.1861057239488897,24.782121752696867,central,ALLN,0.0,2930,2
720575940638853454,1.5298359585385373,24.42516051301475,central,ALLN,0.0,4721,1
720575940638855733,1.0,24.0,sensory,olfactory,0.0,3166,0
720575940638860672,1.0,24.0,sensory,olfactory,0.0,3345,0
720575940638871128,3.0078260297480743,25.101217568560006,sensory,olfactory,0.0,1620,0
720575940638872629,2.9207164380021586,25.071828941665647,sensory,olfactory,0.0,2110,0
720575940638874202,0.053968862875475226,21.080651987859564,visual_centrifugal,unknown,0.0,7163,2
720575940638881907,3.3359592051138205,25.204760255738822,sensory,olfactory,0.0,4010,0
720575940638885429,0.7532714051822008,23.716670315726674,central,unknown,5.562367984811027e-07,511,2
720575940638888307,2.1393383704100946,24.760496608524463,central,Kenyon_Cell,0.0,7582,2
720575940638894976,2.9632601665124607,25.086290069837176,sensory,olfactory,0.0,3901,0
720575940638910040,0.15084073151873978,22.10846924302991,central,unknown,0.0,8479,2
720575940638914648,3.181413233294329,25.15732551105552,sensory,olfactory,0.0,8071,0
720575940638915160,1.0,24.0,sensory,olfactory,0.0,3446,0
720575940638922099,0.026997202103227563,20.38797795584628,central,unknown,0.0,2288,2
720575940638932277,1.7767582497927512,24.574790495906857,central,LHLN,0.0,8356,2
720575940638936629,1.92811050329798,24.65654050953449,central,Kenyon_Cell,0.0,1636,2
720575940638936885,2.0032816200325376,24.694786645918143,central,Kenyon_Cell,0.0,923,2
720575940638938712,0.35304407989218695,22.9588376423711,central,unknown,0.0,5415,3
720575940638957400,3.076638648807406,25.123837653242045,sensory,olfactory,0.0,7428,0
720575940638960547,1.6255674220375942,24.485856937623943,central,Kenyon_Cell,0.0,7016,2
720575940638962851,1.9368147338943367,24.661044733951858,central,Kenyon_Cell,0.0,1515,2
720575940638963363,1.9804457038655356,24.683321922336965,central,Kenyon_Cell,0.0,5722,2
720575940638963875,1.8945984912619298,24.639006938123043,central,Kenyon_Cell,0.0,1530,2
720575940638964131,1.9367907094282772,24.66103232976335,central,Kenyon_Cell,0.0,4920,2
720575940638974848,3.012616712745992,25.102809040886537,sensory,olfactory,0.0,2421,0
720575940638983401,1.0225620960662802,24.022311336740025,central,unknown,0.0,1660,2
720575940638989375,0.014230340517055918,19.747621062352355,visual_projection,unknown,0.0,4244,2
720575940638990397,1.8859594488800333,24.63443668285606,central,Kenyon_Cell,0.0,2713,2
720575940638993853,1.1325928792221442,24.12450958757039,central,Kenyon_Cell,0.0,6504,2
720575940639003470,1.736323004327022,24.551769661331054,central,unknown,0.0,3944,2
720575940639004032,3.0764964136708635,25.123791421480473,sensory,olfactory,0.0,1265,0
720575940639013027,1.5658389985207917,24.448421781632398,central,ALPN,0.0,8020,2
720575940639013210,1.5054818565599957,24.409113017428968,central,Kenyon_Cell,0.0,3004,2
720575940639017050,1.4240958492613394,24.35353712059911,central,ALPN,0.0,4777,2
720575940639018147,1.951656514872721,24.66867850676568,central,Kenyon_Cell,0.0,5191,2
720575940639020707,1.94982632765661,24.667740305869135,central,Kenyon_Cell,0.0,3814,2
720575940639021646,2.0613755174352737,24.723373486881393,central,LHLN,0.0,5149,2
720575940639022414,2.9925492183288194,25.09612560554241,sensory,olfactory,0.0,3996,0
720575940639022755,1.5863684717532889,24.46144742394205,central,Kenyon_Cell,0.0,4211,2
720575940639023011,2.1054785470443593,24.74454277956027,central,Kenyon_Cell,0.0,3027,2
720575940639024462,3.0625161994465406,25.119236865472054,sensory,olfactory,0.0,3912,0
720575940639025742,1.5733168115902023,24.453186009766295,central,unknown,0.0,2407,2
720575940639025998,2.9616484815202018,25.085746032746396,sensory,olfactory,0.0,1257,0
720575940639028312,1.0,24.0,sensory,olfactory,0.0,3232,0
720575940639030094,2.935251476680404,25.076793131613112,sensory,olfactory,0.0,3180,0
720575940639032995,1.9879242712900358,24.687091014596373,central,Kenyon_Cell,0.0,7180,2
720575940639043637,1.4550064083080192,24.375010304949164,central,Kenyon_Cell,0.0,3801,2
720575940639053885,3.0559841940802874,25.117101699196752,sensory,olfactory,0.0,1739,0
720575940639056061,1.8957994972227166,24.639640647830902,central,Kenyon_Cell,0.0,6288,2
720575940639057085,2.0056630752571056,24.695974716937176,central,Kenyon_Cell,0.0,3818,2
720575940639058109,1.7588340809929939,24.564651135549216,central,Kenyon_Cell,0.0,6988,2
720575940639067108,1.826871262121898,24.602604810831004,central,ALLN,0.0,1945,1
720575940639068112,2.969466206484741,25.088382208205196,sensory,olfactory,0.0,2283,0
720575940639071797,2.0589076289162667,24.722175564929685,central,Kenyon_Cell,0.0,6550,2
720575940639072189,1.4835029017311976,24.39440611675033,central,unknown,0.0,8344,2
720575940639073370,1.8015071183648856,24.588623602552566,central,unknown,0.0,2013,2
720575940639076669,3.012593916232879,25.102801473843815,sensory,olfactory,0.0,1580,0
720575940639076954,1.6517332702833312,24.501825203396667,central,unknown,0.0,5777,2
720575940639080526,3.0841835701157363,25.12628697731347,sensory,olfactory,0.0,754,0
720575940639080765,2.4054380418672197,24.87773202496314,central,ALPN,2.835483298923907e-05,114,1
720575940639088885,3.044349600633009,25.11328728249579,sensory,olfactory,0.0,2762,0
720575940639090997,1.713128623226681,24.538321303053593,central,Kenyon_Cell,0.0,8218,2
720575940639094589,0.4847937659815871,23.275968296741418,central,unknown,0.0,3635,2
720575940639095229,2.097097433077961,24.740554213920028,central,unknown,0.0,5896,2
720575940639099264,1.0,24.0,sensory,olfactory,0.0,7376,0
720575940639099992,1.7292456024508802,24.547685245456943,central,Kenyon_Cell,0.0,1867,2
720575940639100248,1.820411511905379,24.599062580973236,central,Kenyon_Cell,0.0,2023,2
720575940639100760,1.9677765883557392,24.67690427000897,central,Kenyon_Cell,0.0,1084,2
720575940639110389,0.7317444750771995,23.68767609627396,central,unknown,0.0,1555,2
720575940639114557,1.0,24.0,sensory,olfactory,0.0,3566,0
720575940639116496,3.059705336513786,25.11831861607067,sensory,olfactory,0.0,2125,0
720575940639116888,1.7741860170532735,24.573341735804707,central,Kenyon_Cell,0.0,4925,2
720575940639117912,2.036365172604457,24.711166440466314,central,Kenyon_Cell,0.0,1992,2
720575940639118653,2.952008205827636,25.082485686486272,sensory,olfactory,0.0,3495,0
720575940639121571,2.4311589347806932,24.88836807155179,central,ALPN,2.145484794141396e-06,404,1
720575940639121636,0.8252609570735527,23.80794436894088,central,ALIN,0.0,2484,2
720575940639124029,0.093609901881829,21.631380888241893,central,unknown,7.946239978301468e-08,656,2
720575940639124533,2.013532960083743,24.699890870722818,central,Kenyon_Cell,0.0,5210,2
720575940639126069,2.1508853190862287,24.765879533702144,central,Kenyon_Cell,0.0,5273,2
720575940639127861,2.066894186759015,24.726047087690702,central,Kenyon_Cell,0.0,1538,2
720575940639132605,0.43544024269210285,23.16860229249278,central,unknown,0.0,8103,2
720575940639135933,0.8661349990925606,23.856285505528657,central,unknown,0.0,6154,2
720575940639139280,0.6418374944203714,23.55657986871074,central,unknown,0.0,4464,2
720575940639140329,0.9522892591540661,23.951113553307323,central,unknown,0.0,5905,2
720575940639150013,1.9054612154943182,24.644724087146315,central,unknown,0.0,4982,2
720575940639152361,0.033581384415628836,20.60621659920364,descending,unknown,7.89326504511279e-06,271,2
720575940639158480,1.629591407759838,24.488329313309684,central,Kenyon_Cell,0.0,2674,2
720575940639166336,1.0,24.0,sensory,olfactory,0.0,1074,0
720575940639172560,1.2476313820044822,24.22124685933423,central,Kenyon_Cell,0.0,4547,2
720575940639172585,0.00895834643913632,19.284830381769865,visual_centrifugal,unknown,1.1257173302593745e-06,458,2
720575940639173173,1.6596379415263671,24.50659947106531,central,unknown,0.0,5055,2
720575940639175869,1.598786863498751,24.469245131345637,central,unknown,0.0,5546,2
720575940639179709,1.6124105664657,24.47773030549275,central,unknown,0.0,1487,2
720575940639181365,1.6934454896999964,24.526765204803702,central,unknown,0.0,4818,2
720575940639182680,3.0124989073206168,25.10276993610156,sensory,olfactory,0.0,3979,0
720575940639186264,2.969466206484741,25.088382208205196,sensory,olfactory,0.0,1803,0
720575940639191017,1.0060741274889144,24.006055754339567,central,unknown,0.0,7702,2
720575940639194165,0.8667986134380196,23.857051391045676,central,unknown,0.0,6151,2
720575940639195776,3.0930752383628373,25.12916581877495,sensory,olfactory,0.0,7945,0
720575940639197262,2.210577283276284,24.793253695571348,central,Kenyon_Cell,0.0,7544,2
720575940639202467,0.5747039291812552,23.446099723433985,central,ALPN,0.0,871,2
720575940639202532,1.440520836389022,24.36500474012997,central,Kenyon_Cell,0.0,4662,2
720575940639204661,1.738001200240567,24.55273571743017,central,LHLN,0.0,5984,2
720575940639209013,1.8384171756901657,24.608904970807053,central,unknown,0.0,3744,2
720575940639210072,0.7558666623484973,23.72010970908703,central,unknown,0.0,5927,2
720575940639219253,1.4403757989679977,24.364904051046324,central,unknown,0.0,1891,2
720575940639230692,1.717266875788687,24.54073400128074,central,LHLN,0.0,5826,2
720575940639246195,1.0,24.0,sensory,olfactory,0.0,3616,0
720575940639260032,2.871808614959254,25.054942010720165,sensory,olfactory,0.0,8140,0
720575940639267406,1.9231131158839143,24.6539452874892,central,Kenyon_Cell,0.0,4456,2
720575940639274574,1.257985870247318,24.2295119262973,central,Kenyon_Cell,0.0,2625,2
720575940639278325,1.1131236957681048,24.107170203376075,central,Kenyon_Cell,0.0,1363,2
720575940639285949,0.01114065819043876,19.50284603729397,central,unknown,0.0,2898,2
720575940639287667,3.029808014724123,25.108499256036666,sensory,olfactory,0.0,1781,0
720575940639309390,1.186959204924661,24.171394746818446,central,Kenyon_Cell,0.0,1878,2
720575940639309902,2.134439399982682,24.75820403608092,central,Kenyon_Cell,0.0,4302,2
720575940639314229,0.05614611116790514,21.12020214188589,descending,unknown,0.0,1714,2
720575940639328128,2.000402336463277,24.693348328559967,central,Kenyon_Cell,0.0,6731,2
720575940639328640,1.873334307422341,24.627719895213694,central,Kenyon_Cell,0.0,7683,2
720575940639337461,1.8692427238862617,24.625533388359223,central,ALPN,1.4832981292829405e-06,440,1
720575940639349053,1.1898184172670034,24.173800704948388,central,unknown,0.0,1963,2
720575940639352483,0.005802851945007398,18.850594232374647,central,unknown,0.0,3936,2
720575940639366478,1.543712964610087,24.434190530570397,central,unknown,0.0,4638,2
720575940639368270,1.5299353584218285,24.425225485114314,central,unknown,0.0,8459,2
720575940639368782,0.4803558281180793,23.266771858865642,central,unknown,0.0,6827,2
720575940639382691,1.5085129917102695,24.41112439191683,central,unknown,0.0,5679,2
720575940639415248,3.1028782643668915,25.132330153103656,sensory,olfactory,0.0,2155,0
720575940639417728,0.07735918365660444,21.44070401958143,central,unknown,2.374601380182422e-05,134,2
720575940639421555,2.0905119541259714,24.737408990107614,central,Kenyon_Cell,0.0,7614,2
720575940639427416,3.0966022777829543,25.130305470975784,sensory,olfactory,0.0,1815,0
720575940639434704,3.060435941716618,25.118557370430445,sensory,olfactory,0.0,2867,0
720575940639442595,3.060435941716618,25.118557370430445,sensory,olfactory,0.0,3604,0
720575940639443328,2.883127267704576,25.058875561873606,sensory,olfactory,0.0,4210,0
720575940639448528,3.2096237684614763,25.166153724185985,sensory,olfactory,0.0,3791,0
720575940639449507,2.80463186935937,25.031272289491724,sensory,olfactory,0.0,7356,0
720575940639451043,2.977644416460577,25.09113252366072,sensory,olfactory,0.0,2111,0
720575940639468160,0.2063672166880674,22.421901908134192,ascending,AN,0.0,1435,2
720575940639479366,1.6852683414048157,24.521924804184142,central,ALPN,0.0,5446,1
720575940639483125,1.8151730775307453,24.596180822691455,central,Kenyon_Cell,0.0,2668,2
720575940639484917,0.07101224306784036,21.355097020768746,central,unknown,0.0,2993,2
720575940639487440,3.0340541893451918,25.10989974146071,sensory,olfactory,0.0,2473,0
720575940639504768,0.24380253732138465,22.588603345399658,central,unknown,0.0,8341,2
720575940639505792,0.3950348327228614,23.071218666139504,central,unknown,0.0,5616,2
720575940639506776,3.037038862540253,25.11088298234007,sensory,olfactory,0.0,2149,0
720575940639509336,1.0,24.0,sensory,olfactory,0.0,3544,0
720575940639517016,3.086651859291093,25.127086962772562,sensory,olfactory,0.0,3903,0
720575940639534451,1.7847272865178085,24.579265622897157,central,Kenyon_Cell,0.0,1370,2
720575940639543715,1.3868394275862768,24.327027365046362,central,Kenyon_Cell,0.0,2596,2
720575940639553920,0.02238246348775514,20.200522493257335,descending,unknown,0.0,4437,2
720575940639554675,1.6618563016851313,24.50793523161534,central,Kenyon_Cell,0.0,4550,2
720575940639588184,1.3694925228880168,24.314440249967515,central,unknown,0.0,5879,2
720575940639594355,1.0485931404318014,24.047449399490613,central,unknown,0.0,8224,2
720575940639594611,0.8110175325320762,23.790534393311532,central,ALPN,0.0,3832,2
720575940639619792,2.9979931710765957,25.097943121851458,sensory,olfactory,0.0,8389,0
720575940639624253,1.9640774586909133,24.67502264840656,central,Kenyon_Cell,0.0,1969,2
720575940639624307,0.6567000880645688,23.579472148316455,central,unknown,0.0,6058,2
720575940639625286,1.0,24.0,sensory,olfactory,0.0,828,0
720575940639638086,0.09014131670265371,21.593623345480687,central,unknown,1.9269631947381056e-05,166,2
720575940639645757,1.327224224326951,24.283089711932885,central,unknown,0.0,4341,2
720575940639661939,2.4484647231118397,24.895461184505635,central,LHLN,0.0,4256,2
720575940639668541,0.9946135400090479,23.994598980727904,central,unknown,0.0,2769,2
720575940639669592,1.7356951095935758,24.551407972699437,central,ALPN,0.0,3677,2
720575940639672192,1.6503668603222013,24.50099760278792,central,unknown,0.0,2866,2
720575940639673715,2.097860023385373,24.74091778867554,central,LHLN,0.0,5265,2
720575940639680957,2.432567446192524,24.888947261802585,central,ALPN,1.880610128198014e-06,412,1
720575940639683389,1.0109876147382175,24.01092768945708,central,unknown,0.0,5100,2
720575940639684440,1.0781868025089112,24.075280743660862,central,Kenyon_Cell,0.0,1499,2
720575940639686232,1.3802016175778478,24.322229588191686,central,Kenyon_Cell,0.0,2964,2
720575940639686973,0.5761323921686201,23.448582202817825,central,unknown,0.0,4746,2
720575940639691635,1.2246219311845463,24.20263216875694,central,unknown,0.0,8298,2
720575940639692605,1.5402357263997328,24.431935473802394,central,unknown,0.0,6309,2
720575940639693373,0.13009641196823615,21.960520527126313,central,unknown,0.0,4470,2
720575940639695568,0.03857956855195954,20.744967545228132,central,unknown,0.0,3659,2
720575940639711037,1.860469332101943,24.620828784982546,central,unknown,0.0,4913,2
720575940639718453,0.1158497679176085,21.844538968593493,central,unknown,0.0,7069,2
720575940639727861,1.0105254477741976,24.010470440893478,central,Kenyon_Cell,0.0,1864,2
720575940639728984,1.0864839918584042,24.082946786927394,central,Kenyon_Cell,0.0,4329,2
720575940639735613,1.5238724051761425,24.421254730121735,central,unknown,0.0,4096,2
720575940639751376,0.21354281805262737,22.456082086518197,central,unknown,0.0,5990,2
720575940639753635,1.3568835126100922,24.30519053531851,central,unknown,0.0,8686,2
720575940639785379,0.030293058882897354,20.503163327518042,central,unknown,0.0,5664,2
720575940639836288,1.9198447897231257,24.652244344086196,central,Kenyon_Cell,0.0,5177,2
720575940639836624,3.1325996368603723,25.14186321473966,sensory,olfactory,0.0,3503,0
720575940639844597,1.385163199919872,24.3258179665746,central,unknown,0.0,4854,2
720575940639859840,1.5845049614987539,24.460272031414846,central,Kenyon_Cell,0.0,6493,2
720575940639868288,1.8258884754892333,24.602066704452824,central,Kenyon_Cell,0.0,7453,2
720575940639878589,1.1717942860523518,24.15853615190259,central,ALLN,0.0,8121,2
720575940639887757,0.10739749261492415,21.768781556590344,central,unknown,0.0,7907,2
720575940639889141,2.0081071107005246,24.697192542389182,central,Kenyon_Cell,0.0,3767,2
720575940639891288,0.899284996946079,23.893844720763564,central,unknown,0.0,5868,2
720575940639892413,2.8246699560101938,25.038391528042375,central,ALLN,0.0,6040,1
720575940639892824,1.6123472830517935,24.477691057017754,central,LHLN,0.0,4853,2
720575940639903165,0.23981382419971103,22.572107610822503,central,unknown,0.0,6681,2
720575940639905232,1.3786239959658344,24.32108589735727,central,Kenyon_Cell,0.0,7440,2
720575940639910488,0.5650001569293859,23.42907072991539,central,unknown,0.0,8650,2
720575940639915096,1.0622476400652456,24.060387078372514,central,unknown,0.0,5965,2
720575940639917400,0.21002292826578425,22.439461427993407,central,unknown,0.0,8310,2
720575940639939712,0.3289119747586774,22.888034882059305,central,unknown,0.0,5529,2
720575940639964032,1.6238371345856955,24.484791950125288,central,Kenyon_Cell,0.0,7002,2
720575940639974272,2.0426096215301603,24.714228216583628,central,Kenyon_Cell,0.0,4330,2
720575940639979648,1.9764207070279074,24.68128748507883,central,Kenyon_Cell,0.0,2076,2
720575940639988352,1.362026998168492,24.308974029974685,central,Kenyon_Cell,0.0,8285,2
720575940640006528,1.9830078088373506,24.684614787420653,central,Kenyon_Cell,0.0,7489,2
720575940640020944,1.376874090183753,24.319815777790776,central,ALLN,0.0,4505,2
720575940640027637,3.0979681176075555,25.13074645065946,sensory,olfactory,0.0,2292,0
720575940640030592,2.2297355395770713,24.80188298632152,central,LHLN,0.0,5759,2
720575940640031360,0.7913730390803569,23.76601418201506,central,LHCENT,5.092215452761524e-05,56,2
720575940640032896,1.0006258459055684,24.000625650145693,central,ALPN,1.4965418625801096e-06,434,1
720575940640049360,0.4810152484557075,23.268143692192258,central,unknown,0.0,7523,2
720575940640078800,1.2725808403066592,24.241046996152896,central,unknown,0.0,1857,2
720575940640093056,1.421966281812696,24.352040619294502,central,unknown,0.0,7534,2
720575940640094592,1.601397148751976,24.47087646618271,central,ALPN,0.0,3737,2
720575940640097664,2.148935094005351,24.764972414321683,central,LHLN,0.0,8607,2
720575940640100440,0.046089292394864236,20.92282537494994,central,unknown,0.0,2287,2
720575940640115675,1.2131222145189104,24.193197378818077,central,Kenyon_Cell,0.0,1865,2
720575940640123008,1.765278271890893,24.568308339086034,central,LHLN,0.0,1441,2
720575940640125312,1.062998100129683,24.061093312086044,central,unknown,0.0,5869,2
720575940640125568,1.5185234678729638,24.417738460025642,central,unknown,0.0,4040,2
720575940640129408,0.496999255793091,23.300833249715165,central,unknown,0.0,7956,2
720575940640151741,1.5692162569783454,24.450576295341875,central,unknown,0.0,5022,2
720575940640172221,0.05553859446214224,21.10932289580896,central,unknown,0.0,1715,2
720575940640175549,0.29996130192656434,22.795898193775557,central,unknown,0.0,1657,2
720575940640205520,0.23808615426416782,22.56487732189237,central,unknown,0.0,3670,2
720575940640249296,0.17349537087450895,22.248395639210273,central,unknown,3.443370657263969e-07,552,2
720575940640262645,2.9899646361393426,25.095261559954505,sensory,olfactory,0.0,3501,0
720575940640282869,3.1252574095511148,25.139516650852414,sensory,olfactory,0.0,774,0
720575940640304181,0.14194486772022047,22.04768344773704,central,unknown,0.0,2999,2
720575940640314190,2.244413152293717,24.808444084926396,central,ALLN,0.0,4936,1
720575940640331995,3.0586716384090034,25.1179807166183,sensory,olfactory,0.0,3899,0
720575940640372021,1.9531939861824588,24.66946597424428,central,ALPN,5.455093745103957e-05,51,2
720575940640398477,2.469418275031039,24.90398260671983,central,ALPN,2.97983999186305e-06,371,1
720575940640401549,1.9963175488980693,24.691304257869685,central,Kenyon_Cell,0.0,7680,2
720575940640415859,1.858879618866075,24.619973950787834,central,ALLN,0.0,8026,1
720575940640420174,0.24394268017412857,22.589178001394522,central,unknown,0.0,7067,2
720575940640433104,1.4125751463113159,24.345414383551706,central,unknown,0.0,7647,2
720575940640445648,1.3132001138830596,24.27246699336709,central,unknown,0.0,8487,2
720575940640451280,1.7473560941156916,24.558103842158772,central,Kenyon_Cell,0.0,1047,2
720575940640468725,1.7557069621244812,24.562871603226004,central,Kenyon_Cell,0.0,6935,2
720575940640471504,0.4255049729662562,23.145521356310248,central,unknown,0.0,7198,2
720575940640477603,0.6904917755291059,23.629648782904322,central,ALPN,0.0,1630,2
720575940640503949,1.545012567521906,24.43503204463501,central,unknown,0.0,6872,2
720575940640541091,1.8950692996265828,24.639255407589523,central,ALLN,0.0,6283,2
720575940640551643,0.21599800608731243,22.467513897582165,central,unknown,0.0,8644,2
720575940640559165,1.3979966870892453,24.335040274058628,central,ALLN,0.0,836,2
720575940640566736,1.9558385218954637,24.670819012936583,central,Kenyon_Cell,0.0,904,2
720575940640634787,1.4685038157753716,24.384244070070167,central,Kenyon_Cell,0.0,3017,2
720575940640639293,1.9323549563582236,24.658739443738085,central,ALPN,0.0,7193,1
720575940640646864,1.850672981524264,24.615549346737488,central,Kenyon_Cell,0.0,4958,2
720575940640697808,2.2737009820150162,24.821408892405614,central,ALPN,1.225045329988143e-05,219,1
720575940640728179,1.0719026511215763,24.06943524800417,central,unknown,0.0,5581,2
720575940640732112,2.0339475579555932,24.70997851457796,central,LHLN,8.078677311273158e-07,484,2
720575940640735629,1.4069412406078763,24.34141801507673,central,Kenyon_Cell,0.0,5480,2
720575940640745424,1.664138851978337,24.509307783616222,central,unknown,0.0,6876,2
720575940640757888,0.17121598347947864,22.235170541813147,central,unknown,0.0,2935,2
720575940640759504,1.8884391966679128,24.635750666023995,central,LHLN,0.0,1039,2
720575940640789619,0.18658652039046505,22.321139768828598,visual_centrifugal,unknown,0.0,7761,2
720575940640791155,0.6156122432698535,23.514862011137406,central,unknown,0.0,5404,2
720575940640794483,1.9683586566628635,24.677200026264856,central,LHLN,0.0,8569,2
720575940640803200,1.839019891787005,24.609232762196097,central,ALLN,1.3243733297169113e-07,616,1
720575940640804853,1.4929217734118805,24.400735121612943,central,ALPN,1.5164074625258634e-05,199,1
720575940640830453,1.9635318890483975,24.674744835825052,central,ALLN,0.0,5707,1
720575940640837027,3.0119692179960134,25.102594090096584,sensory,olfactory,0.0,2012,0
720575940640841973,1.7270545768884533,24.546417400800962,central,LHLN,0.0,7197,2
720575940640844195,0.8809374961123408,23.8732313979132,central,unknown,0.0,5058,2
720575940640851189,3.0317501219466587,25.109140050777953,sensory,olfactory,0.0,2806,0
720575940640855715,0.7727128512828941,23.742152227478076,central,unknown,0.0,6417,2
720575940640858019,0.5569545196571574,23.414728305290332,central,ALON,0.0,5565,2
720575940640864675,0.39506415401481504,23.07129288795844,central,unknown,0.0,5611,2
720575940640877965,1.501720701428951,24.406611584938343,central,Kenyon_Cell,0.0,2957,2
720575940640894709,1.3831181727276902,24.32434049569003,central,unknown,0.0,5544,2
720575940640923381,1.2767924171363643,24.244351008736157,central,Kenyon_Cell,0.0,6546,2
720575940640932003,2.120229631906415,24.751524399755052,central,unknown,0.0,6433,2
720575940640934363,0.05423060610410675,21.08549015835469,ascending,AN,0.0,8189,2
720575940640935387,0.5267651441028729,23.35899952336553,central,unknown,0.0,7950,2
720575940640942837,0.8831153543530598,23.875700552220714,central,LHCENT,0.0,6260,2
720575940640945115,0.08594092090420583,21.545904814971784,central,unknown,0.0,6698,2
720575940640955637,1.830457588584031,24.60456598400301,central,ALLN,2.4050619667659103e-05,131,1
720575940640971995,1.8040247394964062,24.590020135236205,central,ALPN,7.787315178735438e-05,35,1
720575940640986075,1.7102993907296344,24.536668437487485,central,ALLN,0.0,4922,2
720575940641015285,2.1198013686181403,24.75132239024631,central,Kenyon_Cell,0.0,4019,2
720575940641039067,3.108018734562002,25.133985460338586,sensory,olfactory,0.0,4012,0
720575940641065973,1.747311200416554,24.558078149470255,central,Kenyon_Cell,0.0,7241,2
720575940641066229,1.7066377086169988,24.534525182632127,central,Kenyon_Cell,0.0,5181,2
720575940641079029,1.5903766264399324,24.463970860157204,central,Kenyon_Cell,0.0,2676,2
720575940641084405,1.8765401264690287,24.62942972304085,central,Kenyon_Cell,0.0,4047,2
720575940641119885,3.0124989073206168,25.10276993610156,sensory,olfactory,0.0,1247,0
720575940641148149,0.09051126262565615,21.597719012882898,descending,unknown,3.80757332293612e-05,77,2
720575940641174747,3.0425018592803226,25.112680156982176,sensory,olfactory,0.0,2171,0
720575940641220853,0.5342451187490935,23.373099478533533,central,unknown,3.443370657263969e-07,549,2
720575940641237645,0.8325268000410918,23.816710134595855,central,unknown,0.0,8545,2
720575940641243125,2.1454549651583736,24.76335163485784,central,LHLN,0.0,1522,2
720575940641243381,0.6015364077865621,23.491731782924294,central,unknown,0.0,4803,2
720575940641251712,1.6101059258669264,24.476299969296072,central,unknown,0.0,5010,2
720575940641282523,3.160328965683044,25.15067612524473,sensory,olfactory,0.0,3105,0
720575940641289435,1.7694350825967289,24.57066033326786,central,unknown,0.0,5795,2
720575940641323405,1.8340092652383824,24.60650442575084,central,unknown,0.0,6369,2
720575940641360091,1.161906305189797,24.150062022811973,central,Kenyon_Cell,0.0,7240,2
720575940641361104,0.40379880222634107,23.093161460637475,central,unknown,0.0,6498,2
720575940641362907,1.827873700535739,24.603153379034378,central,Kenyon_Cell,0.0,907,2
720575940641369808,1.5471909101261865,24.436440970651926,central,ALPN,0.0,4108,2
720575940641372112,3.1209788155232534,25.138146675544764,sensory,olfactory,0.0,1811,0
720575940641386203,0.1128235054033221,21.81806941960859,central,unknown,0.0,2049,2
720575940641403021,1.0,24.0,sensory,olfactory,0.0,2664,0
720575940641423245,0.22504583600188138,22.508548818039003,central,unknown,0.0,7895,2
720575940641464309,0.011841337240613448,19.563841286715565,central,unknown,1.986559994575367e-07,585,2
720575940641536397,1.703371777611454,24.5326096853191,central,Kenyon_Cell,0.0,1559,2
720575940641536987,0.2370036839309232,22.56032040604452,central,unknown,2.357384526896102e-06,391,2
720575940641550811,1.7972537634511008,24.586259812884993,central,unknown,0.0,5918,2
720575940641562587,1.8331209723258879,24.606019963584334,central,LHLN,0.0,6884,2
720575940641592795,1.695211194385869,24.52780733152841,central,ALLN,0.0,6129,1
720575940641592973,2.7514357845459094,25.012122878901124,sensory,olfactory,0.0,2205,0
720575940641593051,1.9753138704935864,24.680727307495264,central,ALLN,0.0,5781,2
720575940641606541,1.9620284214309445,24.673978846986746,central,ALLN,0.0,6627,2
720575940641609869,2.0766545895092348,24.73075822846871,central,ALLN,0.0,7032,2
720575940641621645,2.0519137988956087,24.718772918090675,central,ALLN,0.0,7133,2
720575940641632653,0.6399479816648672,23.553631615419647,central,mAL,0.0,6319,2
720575940641704077,0.46498764829952505,23.2342555634557,central,unknown,0.0,1711,2
720575940641773472,0.3575818736719378,22.971609074195637,central,ALLN,0.0,6940,2
720575940641779445,1.0,24.0,sensory,olfactory,0.0,3327,0
720575940641802971,0.17380439229780312,22.250175205669077,central,unknown,0.0,8207,2
720575940641842677,1.0,24.0,sensory,olfactory,0.0,3349,0
720575940641904525,0.044132311008451025,20.879436911123282,central,unknown,0.0,2730,2
720575940641936584,1.7694896775633528,24.570691187253363,central,Kenyon_Cell,0.0,3923,2
720575940641961869,1.7382106059773799,24.55285619670401,central,unknown,0.0,5193,2
720575940641977229,0.3104972860214117,22.830419881681415,central,unknown,2.3375189269503484e-05,147,2
720575940641979277,3.05957696238543,25.11827665882075,sensory,olfactory,0.0,2321,0
720575940642015477,0.6198844821904878,23.52177786264985,central,ALLN,0.0,6178,2
720575940642022088,0.7165089656938208,23.66663548138829,central,Kenyon_Cell,0.0,4353,2
720575940642030477,1.089737131285931,24.085936503198486,central,unknown,0.0,1388,2
720575940642046453,2.671945027317462,24.982806681854026,central,ALPN,0.0,5442,1
720575940642086389,1.9938854352490056,24.690085215149345,central,ALPN,9.032226108669334e-06,255,1
720575940642106824,1.8685274219760784,24.62515064576618,central,Kenyon_Cell,0.0,7254,2
720575940642108301,1.6388390779458197,24.493988111869925,central,Kenyon_Cell,0.0,2595,2
720575940642134216,0.03913456601551817,20.759250838792408,central,unknown,0.0,6704,2
720575940642142861,0.3104143587998075,22.83015276727701,central,MBON,0.0,6262,2
720575940642151565,0.6657032085153323,23.59308865937456,central,unknown,0.0,5823,2
720575940642193549,0.1538206605316895,22.128032102823543,central,unknown,0.0,7062,2
720575940642193608,1.917863089513431,24.651211592012203,central,Kenyon_Cell,0.0,5201,2
720575940642212552,2.060415051108189,24.722907443627374,central,ALPN,0.0,5004,2
720575940642253453,1.2903364963172854,24.254903034216532,central,unknown,0.0,5276,2
720575940642284704,3.125285450494208,25.139525623174887,sensory,olfactory,0.0,841,0
720575940642288269,1.9506966863615793,24.66818658382534,central,LHLN,0.0,5088,2
720575940642343565,2.9046913558586858,25.06632713882761,central,ALLN,0.0,7993,1
720575940642383520,1.0711827587903935,24.068763420036014,central,Kenyon_Cell,0.0,1467,2
720575940642410020,1.2426671749680458,24.21726001719596,central,ALPN,1.2184234633395585e-06,452,1
720575940642455200,3.0256445750656433,25.107124151450247,sensory,olfactory,0.0,1289,0
720575940642478024,1.332345524495691,24.286940941253658,central,unknown,0.0,6427,2
720575940642492576,0.9798529922227678,23.979647273494212,central,ALPN,0.0,8427,1
720575940642495176,0.7636850819387399,23.730400228792828,central,unknown,0.0,1551,2
720575940642506459,0.34231899079825523,22.927987744998262,central,unknown,2.488497486538076e-05,126,2
720575940642599328,3.194044470457039,25.161287972819576,sensory,olfactory,0.0,1293,0
720575940642624200,1.2944374044911626,24.258076164070182,central,Kenyon_Cell,0.0,4223,2
720575940642651611,0.22530669998840896,22.50970730608939,central,unknown,0.0,3372,2
720575940642658267,1.2224459328508643,24.200853714682,central,unknown,0.0,4716,2
720575940642669728,1.0,24.0,sensory,olfactory,0.0,8684,0
720575940642780832,3.2235569417072316,25.170485390171923,sensory,olfactory,0.0,4500,0
720575940642810528,0.035190209979087235,20.653012639343707,central,unknown,0.0,7888,2
720575940642871240,0.14021877805315602,22.035448624261182,central,unknown,0.0,1207,2
720575940642894628,0.03369651714025611,20.609639204081482,descending,unknown,1.059498663773529e-07,634,2
720575940642921632,0.33148986298309674,22.895841950939715,central,unknown,0.0,2522,2
720575940642926628,1.9481509488472561,24.666880691359516,central,Kenyon_Cell,0.0,7286,2
720575940642936264,3.036953626971515,25.110854916592906,sensory,olfactory,0.0,3964,0
720575940642936520,2.836757419661391,25.042661646235516,sensory,olfactory,0.0,7366,0
720575940642962286,2.1218572449763395,24.752291764119352,central,ALPN,0.0,1570,1
720575940642967662,2.2176050266842955,24.796427796733596,central,LHLN,0.0,5151,2
720575940642968776,3.064503994314954,25.119885727357698,sensory,olfactory,0.0,3697,0
720575940643002528,3.094579841555169,25.129652142980987,sensory,olfactory,0.0,2143,0
720575940643008968,0.5230831979100681,23.351985250653115,central,unknown,0.0,4804,2
720575940643041646,0.40457114006127526,23.095072313650526,central,unknown,0.0,6376,3
720575940643063200,1.8104411813471306,24.593570562176982,central,Kenyon_Cell,0.0,5083,2
720575940643104456,1.2836188964995492,24.249683351631298,central,unknown,0.0,4993,2
720575940643129124,1.8256912363838196,24.60195867498549,central,Kenyon_Cell,0.0,6784,2
720575940643152164,2.590045056319144,24.95167527182235,central,ALPN,0.0,3941,1
720575940643163940,1.9586881619885546,24.67227494404989,central,Kenyon_Cell,0.0,7305,2
720575940643183140,2.9966729174115145,25.097502645712524,sensory,olfactory,0.0,8423,0
720575940643240904,3.0895709704175958,25.12803223674481,sensory,olfactory,0.0,1787,0
720575940643266208,0.08479887219163768,21.532526964100366,central,unknown,0.0,1048,2
720575940643281262,0.8758492338772539,23.867438689696012,central,Kenyon_Cell,0.0,7863,2
720575940643293837,0.2706257777521311,22.692981693681364,central,unknown,0.0,7927,2
720575940643311245,0.7026313850793009,23.647077129762682,central,unknown,0.0,3878,2
720575940643361390,0.11842883997741491,21.86655699469709,central,unknown,0.0,722,2
720575940643371424,1.5426337604653204,24.433491189708928,central,unknown,0.0,5168,2
720575940643398180,2.113189909056742,24.748198611101063,central,Kenyon_Cell,0.0,7022,2
720575940643404744,1.516597599031804,24.416469404157905,central,Kenyon_Cell,0.0,3898,2
720575940643407520,2.9559781835023635,25.0838296226468,sensory,olfactory,0.0,3556,0
720575940643417879,1.6879537245669964,24.52351698144194,central,Kenyon_Cell,0.0,6936,2
720575940643448686,2.1050754202681814,24.744351295598523,central,Kenyon_Cell,0.0,3362,2
720575940643473056,1.253139400584062,24.22565192318467,central,Kenyon_Cell,0.0,4225,2
720575940643477796,3.018495230101344,25.104758439031578,sensory,olfactory,0.0,2424,0
720575940643489902,0.43221524661669797,23.161168441230814,central,unknown,0.0,7643,2
720575940643497632,0.9832246191813455,23.983082318807035,central,Kenyon_Cell,0.0,7462,2
720575940643501472,1.0445055857433792,24.0435436497679,central,Kenyon_Cell,0.0,2683,2
720575940643516360,1.7101171334324266,24.536561867251905,central,Kenyon_Cell,0.0,6984,2
720575940643517038,1.9918818146547217,24.689079827409703,central,ALPN,0.0,1554,2
720575940643536919,1.5273972493088523,24.423565142572826,central,unknown,0.0,5285,2
720575940643543496,0.052164932790618415,21.04665520453705,central,unknown,6.754303981556247e-07,496,2
720575940643544224,2.0716675051794438,24.72835384104723,central,Kenyon_Cell,0.0,2842,2
720575940643573284,0.6322752661946845,23.54156956811772,central,unknown,0.0,1879,2
720575940643623328,1.7696354722941077,24.57077357751913,central,Kenyon_Cell,0.0,6524,2
720575940643651784,1.4603313846961021,24.378663385784378,central,unknown,0.0,6201,2
720575940643693000,1.8124005459957313,24.594652235066444,central,unknown,0.0,4875,2
720575940643707246,1.8131642842595581,24.59507354226181,sensory,hygrosensory,0.0,7404,2
720575940643756704,1.8975415473415937,24.640559125880134,central,unknown,0.0,5016,2
720575940643757422,3.073373219187161,25.12277572685972,sensory,olfactory,0.0,2210,0
720575940643781024,1.5896161751724542,24.46349258782804,central,unknown,0.0,7911,2
720575940643794592,0.6954317417843356,23.636777584911332,central,unknown,0.0,7747,2
720575940643797408,1.4244625160719995,24.353794560865843,central,unknown,0.0,5867,2
720575940643804832,2.1803268200176684,24.7794747830038,central,LHLN,0.0,6648,2
720575940643812000,1.515548824060622,24.415777633467005,central,LHCENT,0.0,809,2
720575940643814816,1.676523055592338,24.516722039046908,central,unknown,0.0,6906,2
720575940643830126,1.1569454088262203,24.14578326371567,central,Kenyon_Cell,0.0,2706,2
720575940643842340,3.0168706702887578,25.104220092267308,sensory,olfactory,0.0,8436,0
720575940643846180,0.10001062391113448,21.697521140474326,central,unknown,0.0,1437,2
720575940643863496,0.12604306932819573,21.92886838962722,central,MBON,1.059498663773529e-06,464,2
720575940643869988,1.4569790167196432,24.37636512540699,central,ALLN,0.0,7626,2
720575940643882184,0.4430023420417398,23.18581977782496,central,LHCENT,0.0,6569,2
720575940643906340,3.295812652695049,25.192652769623184,sensory,olfactory,0.0,7128,0
720575940643931336,3.143240245585389,25.145254193196873,sensory,olfactory,0.0,1335,0
720575940643941832,0.2674801466016847,22.68129006628815,central,unknown,0.0,7194,2
720575940643956168,1.2821531541956546,24.24854081641431,central,unknown,0.0,804,2
720575940643977070,3.169063655581733,25.153436167468776,sensory,olfactory,0.0,848,0
720575940643980910,3.094023451630371,25.129472331834616,sensory,olfactory,0.0,7147,0
720575940644004768,2.3953030804259847,24.87350977000719,central,ALPN,3.1652522580234177e-06,366,1
720575940644028452,3.141686230436804,25.144759671841314,sensory,olfactory,0.0,3958,0
720575940644076398,3.128983035205045,25.14070804287756,sensory,olfactory,0.0,2260,0
720575940644150819,2.0222865271223838,24.7042288153674,central,LHLN,0.0,6305,2
720575940644153636,1.3992045225981813,24.335903876991317,central,Kenyon_Cell,0.0,8325,2
720575940644156695,1.5966618175798095,24.46791508574372,central,Kenyon_Cell,0.0,4717,2
720575940644157463,2.0048291754708307,24.69555885786245,central,Kenyon_Cell,0.0,1057,2
720575940644191012,1.0,24.0,sensory,olfactory,0.0,3431,0
720575940644221038,1.0,24.0,sensory,olfactory,0.0,2669,0
720575940644223255,1.5558372853019875,24.442013847860093,central,unknown,0.0,7263,2
720575940644237591,3.0768295885145074,25.12389971245802,sensory,olfactory,0.0,2549,0
720575940644238496,1.7910833169714044,24.582820641801924,central,Kenyon_Cell,0.0,3330,2
720575940644238871,1.5394783292630934,24.431443611805978,central,ALPN,0.0,8386,2
720575940644258327,1.2363871219517097,24.212193515459454,central,ALPN,0.0,5418,1
720575940644308503,0.6003152336788783,23.489699627730083,central,mAL,0.0,6950,2
720575940644316360,3.047143622543965,25.1142046346144,sensory,olfactory,0.0,3994,0
720575940644362788,1.8033199669226392,24.589629392105124,central,ALLN,1.5097855958772789e-06,429,1
720575940644366536,1.0,24.0,sensory,olfactory,0.0,3355,0
720575940644429934,1.0,24.0,sensory,olfactory,0.0,3132,0
720575940644448292,1.8199359483377737,24.598801307248404,central,Kenyon_Cell,0.0,7265,2
720575940644465568,0.18499228965205936,22.312558867671218,visual_projection,unknown,0.0,4742,2
720575940644467360,0.09513972445227303,21.64759131578355,descending,unknown,2.3467895402583663e-05,141,2
720575940644472100,1.3794511209070577,24.32168568157704,central,Kenyon_Cell,0.0,8600,2
720575940644473760,0.023491093567581833,20.248866073206237,descending,unknown,2.251434660518749e-06,401,2
720575940644490276,1.451597909380466,24.372664956138372,central,Kenyon_Cell,0.0,4036,2
720575940644494752,0.07336947037350036,21.387752635147457,descending,unknown,2.5626623930022236e-05,121,2
720575940644512791,3.0655805022721503,25.120236948607214,sensory,olfactory,0.0,1422,0
720575940644530030,1.0,24.0,sensory,olfactory,0.0,3353,0
720575940644541640,2.1257458838788397,24.754122744967102,central,Kenyon_Cell,0.0,5275,2
720575940644542574,1.0,24.0,sensory,olfactory,0.0,3853,0
720575940644597540,1.9789532330858826,24.682568034752457,central,unknown,0.0,6568,2
720575940644607854,1.6666423774899866,24.510811050153787,central,Kenyon_Cell,0.0,1151,2
720575940644623396,1.4340976799397955,24.36053585697039,central,unknown,0.0,5548,2
720575940644629028,0.6751114716497184,23.607122541440525,central,unknown,0.0,6073,2
720575940644644387,1.2317729588364352,24.20845456146972,central,Kenyon_Cell,0.0,2933,2
720575940644667246,3.064393564451246,25.11984969155757,sensory,olfactory,0.0,4003,0
720575940644683031,2.9930068189962684,25.09627850718279,sensory,olfactory,0.0,3388,0
720575940644704160,1.9966909773736599,24.691491299031366,central,ALLN,0.0,5774,1
720575940644709792,1.5943681584096454,24.466477518824934,central,unknown,0.0,8490,2
720575940644725664,0.03618946483563455,20.681012770853187,central,unknown,0.0,1666,2
720575940644733806,0.3295214488045925,22.889886167848186,central,unknown,0.0,5252,2
720575940644742048,1.3587454767680782,24.306561830482206,central,Kenyon_Cell,0.0,6515,2
720575940644743790,1.3248710948134597,24.281315167772267,central,ALLN,0.0,6190,2
720575940644744864,1.6892439457639608,24.52428105946501,central,ALPN,0.0,2969,2
720575940644750116,0.08675718114521616,21.55535791619072,central,ALON,0.0,6749,2
720575940644759319,1.8145502821559238,24.59583765858818,central,Kenyon_Cell,0.0,4928,2
720575940644765294,0.6385763145709235,23.551485910994238,central,unknown,0.0,7876,2
720575940644766574,0.4131669077660652,23.116096367365124,central,unknown,0.0,7694,2
720575940644815395,1.414961838084884,24.347102561180197,central,unknown,0.0,8538,2
720575940644846615,0.675083459741294,23.607081048308274,central,unknown,0.0,6111,2
720575940644869143,1.4340312076016652,24.360489504563823,central,unknown,0.0,7552,2
720575940644870679,1.0,24.0,sensory,olfactory,0.0,4420,0
720575940644899095,1.6669257886282547,24.51098108485824,central,unknown,0.0,8169,2
720575940644902179,3.0587711051516444,25.118013235677918,sensory,olfactory,0.0,2151,0
720575940644907543,1.6233190055208155,24.484472822219562,central,LHLN,0.0,4937,2
720575940644914967,0.0638936711462876,21.24946503440217,central,unknown,0.0,7084,2
720575940644940311,0.5101773293789249,23.327003090965533,central,unknown,0.0,8015,2
720575940644940835,1.876448608059577,24.629380952092713,central,Kenyon_Cell,0.0,4654,2
720575940644961588,2.459557809600664,24.89998158159206,central,ALPN,9.138175975046688e-06,252,1
720575940644968215,0.008333277020360158,19.212501499638343,central,unknown,0.0,3647,2
720575940644974644,1.3179284023412245,24.27606111164667,central,Kenyon_Cell,0.0,4241,2
720575940644978711,0.08835141969636985,21.573566988656953,central,unknown,0.0,6708,2
720575940644987188,1.1065261572400649,24.10122551985004,central,unknown,0.0,7444,2
720575940645023598,1.3628000983495325,24.309541478971926,central,unknown,0.0,7010,2
720575940645024878,2.0062713524585654,24.696277950809556,central,LHLN,0.0,5130,2
720575940645038958,0.5819058622412142,23.45855340694013,central,unknown,0.0,8453,2
720575940645059107,0.8234100893348373,23.80569908353927,central,Kenyon_Cell,0.0,3583,2
720575940645089059,2.1066105948986737,24.745080302790868,central,Kenyon_Cell,0.0,4094,2
720575940645093230,1.0391844691250052,24.03843624123275,central,unknown,0.0,5508,2
720575940645097838,2.07621098002195,24.730544588281447,central,LHLN,0.0,5005,2
720575940645186868,1.8250074346054481,24.601584060782567,central,Kenyon_Cell,0.0,1098,2
720575940645199924,0.5720740927068351,23.44151323671328,central,ALON,0.0,7633,2
720575940645211939,3.0124989073206168,25.10276993610156,sensory,olfactory,0.0,1285,0
720575940645214243,3.100623527892386,25.13160322929536,sensory,olfactory,0.0,3542,0
720575940645220718,1.7609987345589955,24.56588111092153,central,Kenyon_Cell,0.0,3424,2
720575940645221742,1.9083730446621536,24.64625106998563,central,Kenyon_Cell,0.0,5956,2
720575940645226862,1.3795542036757515,24.321760406165517,central,Kenyon_Cell,0.0,7382,2
720575940645236078,1.4483864155374842,24.370450119921347,central,Kenyon_Cell,0.0,2991,2
720575940645264750,0.6576569909924899,23.580928226139193,central,unknown,0.0,3281,2
720575940645303918,1.1969022595762724,24.179736768752598,central,Kenyon_Cell,0.0,3636,2
720575940645316643,0.7089401168800658,23.65601578260079,central,unknown,0.0,6590,2
720575940645325603,1.0,24.0,sensory,olfactory,0.0,1738,0
720575940645334126,2.0391486500418905,24.71253239233955,central,Kenyon_Cell,0.0,7304,2
720575940645344110,1.5771192494433848,24.455599923031578,central,Kenyon_Cell,0.0,1866,2
720575940645345332,3.059669554257721,25.11830692132841,sensory,olfactory,0.0,2318,0
720575940645372964,1.2628286254684127,24.23335414569661,central,ALLN,0.0,6234,2
720575940645377668,1.7415796178773648,24.55479252776761,central,Kenyon_Cell,0.0,4444,2
720575940645381998,1.3351334640354513,24.289031259915504,central,unknown,0.0,4433,2
720575940645386884,1.2673170213249034,24.23690208418818,central,Kenyon_Cell,0.0,1333,2
720575940645403939,2.456290101149493,24.898652122669898,central,ALPN,0.0,5106,2
720575940645431075,3.0317734295026724,25.10914773857064,sensory,olfactory,0.0,1729,0
720575940645450548,1.7380648963312613,24.552772365807346,central,Kenyon_Cell,0.0,4062,2
720575940645537902,0.07134514966753257,21.359774083198083,descending,unknown,2.263354020486201e-05,156,2
720575940645541155,0.040325635557240745,20.78923210577885,central,unknown,0.0,846,2
720575940645544068,1.186147367988235,24.170710549170217,central,Kenyon_Cell,0.0,7021,2
720575940645556334,0.01874375138658054,20.023105158508663,descending,unknown,0.0,1936,2
720575940645576756,1.0,24.0,sensory,olfactory,0.0,3133,0
720575940645599268,0.5385271066997065,23.38108255376563,central,unknown,0.0,1943,2
720575940645610787,0.28705244475500413,22.751909654421592,central,unknown,0.0,3441,2
720575940645670020,0.7723468247862877,23.741678425062386,central,unknown,0.0,6255,2
720575940645673508,1.2640429908926465,24.234315306928437,central,unknown,0.0,5641,2
720575940645680407,2.069875528978385,24.727488474541026,central,ALPN,0.0,1067,2
720575940645682211,0.9572848256824202,23.956345691682333,central,Kenyon_Cell,0.0,6456,2
720575940645686564,3.0379111547451236,25.111170159093255,sensory,olfactory,0.0,1975,0
720575940645709335,1.8694478334763773,24.62564311104805,central,Kenyon_Cell,0.0,6497,2
720575940645714211,1.78534953562395,24.579614214338427,central,Kenyon_Cell,0.0,1056,2
720575940645714723,1.5930283665430576,24.465636837764382,central,Kenyon_Cell,0.0,6454,2
720575940645722660,3.036770754726334,25.11079469909414,sensory,olfactory,0.0,1669,0
720575940645728132,3.182708978171554,25.15773271407648,sensory,olfactory,0.0,7420,0
720575940645747747,1.9949308278548017,24.690609376986227,central,Kenyon_Cell,0.0,2996,2
720575940645797742,2.338661147491974,24.849578606432615,central,unknown,0.0,3331,2
720575940645808931,3.2746419105726066,25.186208522825957,sensory,olfactory,0.0,3793,0
720575940645824035,3.1206164872677933,25.13803057437566,sensory,olfactory,0.0,2535,0
720575940645858868,1.0,24.0,sensory,olfactory,0.0,2976,0
720575940645858948,1.3679446467388003,24.31330935547148,central,Kenyon_Cell,0.0,2970,2
720575940645917492,3.060435941716618,25.118557370430445,sensory,olfactory,0.0,3937,0
720575940645941102,1.0,24.0,sensory,olfactory,0.0,3259,0
720575940645993348,1.489180525254351,24.39822598561044,central,Kenyon_Cell,0.0,4216,2
720575940646037783,1.6353099136613811,24.491832336026942,central,ALLN,0.0,2463,2
720575940646043683,0.314411121389853,22.842946154324686,visual_projection,unknown,0.0,6030,2
720575940646074391,0.2764512422606682,22.71427918740961,central,unknown,0.0,7103,2
720575940646088324,3.0177509408265455,25.104511832363293,sensory,olfactory,0.0,2456,0
720575940646094388,3.063681211958387,25.119617203370964,sensory,olfactory,0.0,2246,0
720575940646097175,0.8760574923034095,23.86767644028401,central,unknown,0.0,4532,2
720575940646120324,3.0940727768149014,25.129488273792436,sensory,olfactory,0.0,3037,0
720575940646122804,1.6089474345701016,24.47558019784955,central,ALPN,8.608426643159923e-07,480,1
720575940646136964,3.2247864443647747,25.170866729253554,sensory,olfactory,0.0,2444,0
720575940646142004,3.0859054811791196,25.126845125208504,sensory,olfactory,0.0,6140,0
720575940646192692,0.09920225544160328,21.689405471356707,central,unknown,2.3534114069069517e-05,138,2
720575940646197812,1.6134500907346099,24.478374799731874,central,unknown,0.0,5125,2
720575940646221108,2.746537051481708,25.010340864145263,sensory,olfactory,0.0,2733,0
720575940646229283,1.8081849665492737,24.592323561244577,central,Kenyon_Cell,0.0,1928,2
720575940646236804,0.1343859774951257,21.99296080955008,central,unknown,0.0,3852,2
720575940646250275,1.7648486793480327,24.56806495262945,central,Kenyon_Cell,0.0,2218,2
720575940646263331,1.924585812324143,24.654710782159974,central,Kenyon_Cell,0.0,2687,2
720575940646289699,1.83180239630282,24.605300398154263,central,Kenyon_Cell,0.0,8326,2
720575940646308740,2.9925801500588514,25.096135941736712,sensory,olfactory,0.0,7421,0
720575940646346548,1.5974867169539757,24.468431592339194,central,Kenyon_Cell,0.0,2037,2
720575940646354211,1.812561528365669,24.594741053855024,central,Kenyon_Cell,0.0,5011,2
720575940646369827,1.5640402097157442,24.447272351329556,central,unknown,0.0,4417,2
720575940646372228,1.937231907049404,24.66126010211613,sensory,thermosensory,0.0,7903,2
720575940646386308,0.08520899390754516,21.537351711576957,central,unknown,0.0,1722,2
720575940646412323,1.3565345129920057,24.304933295470672,central,LHLN,0.0,6359,2
720575940646415907,0.48080459076441134,23.267705652372168,central,unknown,0.0,7852,2
720575940646416419,2.0665437693769273,24.725877535184217,central,ALPN,0.0,3001,2
720575940646431267,1.7911044251138022,24.582832426858385,central,LHLN,0.0,4918,2
720575940646433059,0.3997011402283371,23.08296183944145,central,unknown,0.0,3920,2
720575940646484020,3.1325996368603723,25.14186321473966,sensory,olfactory,0.0,2771,0
720575940646508852,1.847424718175079,24.613792625066875,central,LHLN,0.0,5753,2
720575940646514740,2.9958803769490934,25.09723813727076,sensory,olfactory,0.0,1326,0
720575940646535476,0.2829711906624425,22.737589813699795,central,unknown,0.0,5073,2
720575940646540910,3.037270801218025,25.110959349430562,sensory,olfactory,0.0,2176,0
720575940646576436,1.9901422938077131,24.688206140606066,central,ALLN,0.0003049104717007,9,1
720575940646583172,1.0,24.0,sensory,olfactory,0.0,3427,0
720575940646598788,1.718484236646892,24.541442644526022,central,Kenyon_Cell,0.0,5132,2
720575940646609028,1.5889774038382134,24.463090667087336,central,Kenyon_Cell,0.0,4176,2
720575940646661252,1.5636883347633077,24.447047347817314,central,ALPN,0.0,6238,1
720575940646667828,1.6324677920251958,24.490092852739643,central,Kenyon_Cell,0.0,4960,2
720575940646672260,3.0462080855707243,25.113897566509554,sensory,olfactory,0.0,2516,0
720575940646682676,0.02111280998614701,20.142124685632364,central,unknown,4.529356787631836e-06,327,2
720575940646682756,1.85922165028404,24.620157932553887,central,LHLN,0.0,4981,2
720575940646735156,0.27413079566776277,22.705850069959276,central,unknown,0.0,5498,2
720575940646768419,0.0370803309891559,20.70533138802832,visual_projection,unknown,0.0,935,2
720575940646773044,2.0043988985847028,24.695344214604532,central,Kenyon_Cell,0.0,7450,2
720575940646783284,2.0581845893758803,24.721824326963915,central,Kenyon_Cell,0.0,3508,2
720575940646785924,1.8886996832607392,24.635888594017388,sensory,thermosensory,0.0,6863,2
720575940646852660,0.6894707993858513,23.628169066935055,central,DAN,0.0,6150,2
720575940646853508,0.2747068181646431,22.707949134213848,central,unknown,0.0,3703,2
720575940646880820,0.9072555635439452,23.90266889940852,central,unknown,0.0,3293,2
720575940646895924,1.909481333299848,24.646831651935127,central,unknown,0.0,5070,2
720575940646911284,2.0398577982351984,24.712880098679044,central,unknown,0.0,3387,2
720575940646916148,1.4567661270907644,24.376218997575798,central,unknown,0.0,5040,2
720575940646919476,0.8820200413597966,23.874459499396654,central,unknown,0.0,5103,2
720575940646921012,0.7224507330928686,23.6748939491886,central,unknown,1.5892479956602933e-07,601,2
720575940647020932,1.3211345390522369,24.278490866722283,central,unknown,9.27061330801838e-08,646,2
720575940647033396,0.020626905557440543,20.11884103963464,ascending,AN,0.0,8549,2
720575940647075619,0.05580521454566047,21.114112036677966,central,unknown,5.101486066069542e-05,55,2
720575940647088004,3.086473521389644,25.12702918396831,sensory,olfactory,0.0,769,0
720575940647097732,3.147913690652158,25.146739912978585,sensory,olfactory,0.0,760,0
720575940647153796,1.0000920347613853,24.000092030526446,central,Kenyon_Cell,0.0,2684,2
720575940647242116,1.9782938295663408,24.68223477098843,central,Kenyon_Cell,0.0,6533,2
720575940647472260,1.9737648283160254,24.67994279932252,central,LHLN,0.0,6960,2
720575940647473796,0.3532542567130067,22.959432792652876,central,unknown,4.1452885220139324e-06,342,2
720575940647703348,0.03904745498069387,20.757022421829973,visual_projection,unknown,0.0,6954,2
720575940647907124,0.9936950043092588,23.993675043879414,central,unknown,0.0,5929,2
720575940647952948,0.020621216248271786,20.118565181779502,central,unknown,4.370431988065807e-07,532,2
720575940647956276,0.6589629801935248,23.58291207821184,central,unknown,0.0,3285,2
720575940647966260,0.025423700842973553,20.327926564025468,central,unknown,0.0,7693,2
720575940647978804,3.1263730073505744,25.139873549049174,sensory,olfactory,0.0,6781,0
720575940648139129,1.9832643766563314,24.684744162212567,central,Kenyon_Cell,0.0,4286,2
720575940648191609,3.048643584673523,25.114696765362684,sensory,olfactory,0.0,2139,0
720575940648200068,0.7523210736373885,23.715407913470564,central,unknown,0.0,8328,2
720575940648236153,0.855814191733325,23.844298007865333,central,unknown,0.0,2350,2
720575940648246649,0.9194239498940732,23.91599205353306,central,Kenyon_Cell,0.0,4566,2
720575940648276089,1.6745526484578346,24.515546054058444,central,Kenyon_Cell,0.0,6243,2
720575940648397177,0.16561547797320988,22.201913424623143,central,unknown,0.0,3945,2
720575940648564612,0.3369599753034889,22.912208876671357,central,LHCENT,0.0,6252,2
720575940648570244,0.33885375163269027,22.917813324200758,central,unknown,1.386618876213606e-05,209,2
720575940648633988,1.8801101310096477,24.631330355450377,central,ALLN,0.0,6182,2
720575940648650884,2.277283510002507,24.822983289652534,central,ALPN,2.357384526896102e-05,137,1
720575940648669060,0.6149473263099646,23.513781336879877,central,ALIN,6.558296728758144e-05,39,2
720575940648681860,3.007880095129201,25.10123554330146,sensory,olfactory,0.0,2371,0
720575940648683908,1.3610291171184945,24.308241117355614,central,unknown,0.0,4988,2
720575940648931705,2.969180299036164,25.08828592113085,sensory,olfactory,0.0,1520,0
720575940648993145,2.013933964834454,24.70009000569252,central,Kenyon_Cell,0.0,6677,2
720575940649012857,1.6166141840949788,24.480333952307927,central,Kenyon_Cell,0.0,3016,2
720575940649020537,1.8104378032011128,24.59356869625104,central,Kenyon_Cell,0.0,5683,2
720575940649045369,1.1350967529113214,24.12671789215602,central,ALPN,1.2197478366692751e-05,220,1
720575940649098105,3.023943878463521,25.106561899435917,sensory,olfactory,0.0,2226,0
720575940649133945,0.441849757608701,23.18321463039895,central,ALPN,0.0,978,2
720575940649134969,3.1740668416204025,25.155013680994134,sensory,olfactory,0.0,3788,0
720575940649153657,0.027250289912742823,20.39730888107026,central,unknown,0.0,824,2
720575940649154425,2.952091577429828,25.082513928421626,sensory,olfactory,0.0,1788,0
720575940649154681,1.30773225398622,24.268294533294057,central,ALLN,0.0,5608,2
720575940649228665,1.371813021623234,24.31613323840079,central,Kenyon_Cell,0.0,2415,2
720575940649342841,0.031483446127612356,20.541706608957206,central,unknown,0.0,1708,2
720575940649394553,3.0160723623630963,25.103955442683848,sensory,olfactory,0.0,1269,0
720575940649428601,3.1229499646567076,25.138778056608942,sensory,olfactory,0.0,2928,0
720575940649429625,3.044660516667708,25.113389406167446,sensory,olfactory,0.0,2182,0
720575940649430393,1.0,24.0,sensory,olfactory,0.0,2990,0
720575940649433209,2.802971471265185,25.030680094201916,sensory,olfactory,0.0,7141,0
720575940649501817,1.8153926469263792,24.596301778714604,central,Kenyon_Cell,0.0,840,2
720575940649536121,1.9433289856638796,24.664402474469085,central,Kenyon_Cell,0.0,3452,2
720575940649622905,1.3109143155325371,24.270724844546876,central,Kenyon_Cell,0.0,4567,2
720575940649650041,0.7827985375880402,23.755120088357202,central,Kenyon_Cell,0.0,6732,2
720575940649682809,1.6895002829369365,24.524432794640045,central,Kenyon_Cell,0.0,6733,2
720575940649691513,1.0158334975045142,24.015709455317484,central,Kenyon_Cell,0.0,2900,2
720575940649809273,0.07489301482265773,21.408305347147426,descending,unknown,1.1919359967452201e-07,626,2
720575940650480374,1.1044326203347092,24.099331737340588,central,unknown,0.0,6021,2
720575940650525430,1.357680584926258,24.305777791548557,central,unknown,0.0,1653,2
720575940650554614,0.172372698780761,22.241903706966863,central,unknown,0.0,8509,2
720575940650581881,1.9399821262995454,24.662678759785138,central,ALLN,0.0,3367,2
720575940650740982,1.3012446271193876,24.26332121192364,central,Kenyon_Cell,0.0,3069,2
720575940650751873,1.2531795816847486,24.2256839870209,sensory,thermosensory,0.0,7374,2
720575940650822265,3.060435941716618,25.118557370430445,sensory,olfactory,0.0,3125,0
720575940650844150,1.3832242550236127,24.324417190675373,central,unknown,0.0,1568,2
720575940650885497,1.562584071505085,24.446340906944197,central,unknown,1.059498663773529e-07,639,2
720575940650929273,0.3770129640807038,23.02452429535661,descending,unknown,0.0,5046,2
720575940650946425,1.430615990634998,24.358105114202022,central,ALPN,0.0,4381,2
720575940650946681,1.5254155921462005,24.42226689237283,central,unknown,0.0,6644,2
720575940651079158,1.614674869980279,24.47913361750959,sensory,hygrosensory,0.0,7904,2
720575940651419126,0.1434883621051357,22.058498652616088,central,unknown,0.0,8409,2
720575940651425782,0.48061139829889693,23.267303760849014,central,unknown,0.0,4565,2
720575940651434486,0.43754820664323146,23.173431607358534,central,unknown,0.0,1986,3
720575940651502070,3.0124989073206168,25.10276993610156,sensory,olfactory,0.0,1262,0
720575940651553014,3.096231586972679,25.130185754923712,sensory,olfactory,0.0,2546,0
720575940651646966,0.09610977227960468,21.657735720477703,central,unknown,2.7811839924055134e-07,565,2
720575940651758838,1.8613966293094502,24.621327081931607,central,ALLN,0.0,6036,1
720575940651864822,0.9332699410989558,23.930939205955244,central,Kenyon_Cell,0.0,3213,2
720575940652063734,1.270456333550333,24.239376153687502,central,ALLN,0.0,4404,2
720575940652064502,3.036212007119228,25.110610688162247,sensory,olfactory,0.0,2556,0
720575940652101622,2.9347795738438016,25.07663234785113,sensory,olfactory,0.0,3599,0
720575940652104694,0.022186649582276,20.19173545883278,descending,unknown,0.0,3668,2
720575940652114422,1.7635621863529525,24.567335733101988,central,unknown,0.0,8574,2
720575940652115446,0.8143487049993428,23.79463337981003,central,unknown,1.2952371164631393e-05,216,2
720575940652128502,0.9642922573021261,23.963639141156456,central,unknown,0.0,8106,2
720575940652200950,1.5978693282350585,24.46867107193239,central,Kenyon_Cell,0.0,6995,2
720575940652258550,0.2390341920188256,22.568851325557137,central,unknown,0.0,7086,2
720575940652335094,0.8362082300477012,23.821122382091968,central,unknown,0.0,6930,2
720575940652403446,1.8453326188505637,24.612659542463604,central,Kenyon_Cell,0.0,5421,2
720575940652477942,1.2586612466923364,24.2300486534822,central,unknown,0.0,6075,2
720575940652490742,0.6985596590863683,23.641265306355915,central,unknown,0.0,1122,2
720575940652562081,0.7266422557902612,23.680678994619452,central,ALLN,0.0,5912,2
720575940652734625,0.4913897690228965,23.289482360828977,central,unknown,0.0,5512,2
720575940652837793,1.8074431062768959,24.591913198083407,central,Kenyon_Cell,0.0,3034,2
720575940652941217,1.6020926403899447,24.471310674932962,central,ALPN,0.0,1974,1
720575940652993953,0.29368496943910494,22.774752381335087,central,unknown,0.0,1766,2
720575940653078433,1.8644832851830515,24.622983955824793,central,Kenyon_Cell,0.0,2038,2
720575940653276833,2.1191461505258227,24.75101324836872,central,Kenyon_Cell,0.0,5386,2
720575940653295009,2.991373492860771,25.09573264408889,sensory,olfactory,0.0,2164,0
720575940653332385,0.968412143739074,23.967902486006317,central,Kenyon_Cell,0.0,1483,2
720575940653351841,1.7655979894988254,24.568489437252687,central,Kenyon_Cell,0.0,7920,2
720575940653460385,1.980889795265383,24.683546135308475,central,Kenyon_Cell,0.0,5271,2
720575940653542817,2.978068079031556,25.091274794655842,sensory,olfactory,0.0,1589,0
720575940653581302,0.8206196518748985,23.802304448917234,central,unknown,0.0,7829,2
720575940653703585,0.0915976360111242,21.609650184626105,central,unknown,0.0,4271,2
720575940653705889,0.3595907567965441,22.97721131915968,central,unknown,0.0,875,2
720575940653723809,0.16899919839094885,22.222138692680865,central,unknown,0.0,2722,2
720575940653764257,3.0124989073206168,25.10276993610156,sensory,olfactory,0.0,3890,0
720575940653829537,3.1956154111844777,25.161779686240383,sensory,olfactory,0.0,1246,0
720575940653892257,3.1620955547046377,25.15123495803486,sensory,olfactory,0.0,2567,0
720575940653913505,2.9881936049532314,25.094669059332574,sensory,olfactory,0.0,7372,0
720575940654069409,2.9615307516406024,25.08570628048668,sensory,olfactory,0.0,2446,0
720575940654129057,1.1969113936807527,24.17974440017743,central,Kenyon_Cell,0.0,4232,2
720575940654194337,3.101259674133412,25.13180837544937,sensory,olfactory,0.0,1296,0
720575940654436769,3.2861569030904203,25.189718767437522,sensory,olfactory,0.0,1519,0
720575940654483873,1.790941534799821,24.582741478659553,central,Kenyon_Cell,0.0,4214,2
720575940654490785,0.043040529150699565,20.854386931189396,central,unknown,0.0,5574,2
720575940654499745,1.0,24.0,sensory,olfactory,0.0,6823,0
720575940654500257,2.90258231354572,25.065600793721195,sensory,olfactory,0.0,1420,0
720575940654607265,0.10048330891245702,21.702236354251042,central,unknown,0.0,8435,2
720575940654647457,1.189946513701937,24.173908359644354,central,Kenyon_Cell,0.0,3822,2
720575940654675873,1.6382010334848929,24.493598708965294,central,Kenyon_Cell,0.0,4605,2
720575940654810017,1.8131499317077937,24.595065626482366,central,Kenyon_Cell,0.0,6336,2
720575940654849697,1.0,24.0,sensory,olfactory,0.0,3145,0
720575940654851489,2.8779246563557104,25.057069428954918,sensory,olfactory,0.0,3347,0
720575940654878113,0.21081391698059546,22.443220555337902,central,unknown,0.0,5399,2
720575940654879137,1.8678239029951025,24.62477406501769,central,Kenyon_Cell,0.0,2863,2
720575940654921121,1.7221434506489703,24.543569707210096,central,LHLN,0.0,5775,2
720575940654924961,0.8190612326302837,23.8004035671925,central,LHLN,0.0,4985,2
720575940654926497,2.2388948968256654,24.805982394498578,central,LHLN,0.0,2397,2
720575940654927777,0.8559568040992702,23.844464633385478,central,unknown,0.0,1066,2
720575940654929057,1.4311706109331115,24.35849271843831,central,unknown,0.0,1525,2
720575940654932385,0.8150627253864917,23.795509794961582,central,unknown,0.0,8126,2
720575940654970529,1.4998178698483986,24.40534368063508,central,unknown,0.0,7485,2
720575940654972577,2.074794159745792,24.729861948639495,central,LHLN,0.0,7578,2
720575940654973089,1.9254089398886363,24.655138381484136,central,LHLN,0.0,2943,2
720575940655010209,3.088871623057975,25.12780585368726,sensory,olfactory,0.0,2551,0
720575940655589025,1.3745360239241255,24.31811623702772,central,unknown,0.0,2926,2
720575940655891617,0.06870014299438915,21.32199600167616,central,unknown,0.0,5842,2
720575940656077473,2.0884390072308685,24.73641690042564,central,ALPN,0.0,4106,2
720575940656090017,2.456075473503996,24.898564740066803,central,ALPN,2.2355421805621463e-05,159,1
720575940657858433,0.7371795355074496,23.695076186671642,central,ALLN,0.0,1312,2
720575940658101121,0.9359975015678901,23.933857528226817,central,Kenyon_Cell,0.0,2591,2
720575940658321793,2.0342518699397725,24.71012811982231,central,Kenyon_Cell,0.0,5780,2
720575940658539905,2.8989687127792862,25.064355057462958,sensory,olfactory,0.0,2527,0
720575940658726785,1.813397293611354,24.595202043789836,central,Kenyon_Cell,0.0,6729,2
720575940658795137,1.753981930988885,24.561888592294242,central,Kenyon_Cell,0.0,1145,2
720575940658814849,1.0,24.0,sensory,olfactory,0.0,3140,0
720575940659019649,0.13176575772342336,21.97327050450128,central,unknown,1.1919359967452201e-07,629,2
720575940659150977,1.0,24.0,sensory,olfactory,0.0,5910,0
720575940659164545,3.16666441306101,25.15267879827319,sensory,olfactory,0.0,7415,0
720575940659274881,1.0,24.0,sensory,olfactory,0.0,3302,0
720575940659316609,1.8469732658739781,24.6135482267615,central,Kenyon_Cell,0.0,6730,2
720575940659323009,2.239242956031191,24.806137842686045,central,Kenyon_Cell,0.0,4161,2
720575940659323521,1.9991692884153092,24.692731738483488,central,Kenyon_Cell,0.0,1108,2
720575940659392385,2.016993244512608,24.701607909691607,central,Kenyon_Cell,0.0,7605,2
720575940659400577,0.7908345418609452,23.765333491002462,central,ALPN,0.0,5411,2
720575940659429761,1.144930992715849,24.135344366819556,central,ALLN,0.0,4862,1
720575940659447937,2.789202934138155,25.025755868328226,sensory,olfactory,0.0,7641,0
720575940659577217,1.092236510681067,24.08822743874437,central,Kenyon_Cell,0.0,5482,2
720575940659611777,1.4144830604563774,24.34676413604718,central,ALPN,2.767940259108344e-06,378,2
720575940659770497,3.028586762398227,25.108096095665854,sensory,olfactory,0.0,4009,0
720575940659832705,0.5241972271801858,23.354112722271253,central,unknown,0.0,2034,2
720575940659844225,2.01781602211377,24.702015749348053,central,ALLN,0.0,3708,2
720575940659857025,0.891905376180042,23.885604767455288,central,unknown,0.0,4229,2
720575940659879041,1.779673398533136,24.576429863498603,central,Kenyon_Cell,0.0,6635,2
720575940659996033,1.0,24.0,sensory,olfactory,0.0,3346,0
720575940660051073,0.017008107024767186,19.925934835210967,central,unknown,3.8406826561790427e-07,540,2
720575940660093313,1.905325765001395,24.644652999209008,central,unknown,0.0,5356,2
720575940660160385,1.0417336904195726,24.040886335253134,central,unknown,0.0,2430,2
720575940660176513,1.7606927629351887,24.565707346907963,central,unknown,0.0,7439,2
720575940660196225,1.6162467023365106,24.480106610784144,central,unknown,0.0,5592,2
720575940660217473,1.827228483867767,24.60280032916484,central,ALLN,0.0,5731,1
720575940660217729,1.8818440938108156,24.632252197036074,central,ALLN,0.0,6393,2
720575940660217985,1.8091232059709854,24.592842311319497,central,ALLN,1.5892479956602933e-07,596,1
720575940660313729,0.11508776480793295,21.83793973055615,central,unknown,0.0,8503,2
720575940660912001,0.8865968918514342,23.879635137628373,central,ALPN,0.0,1603,2
720575940660914561,0.6961530045156509,23.637814191266525,central,ALON,0.0,8062,2
720575940661089921,0.19360609076498464,22.358070355928405,central,unknown,1.4925687425909589e-05,201,2
720575940661114753,1.6681802233229557,24.511733345655568,central,ALPN,0.0,5699,2
720575940661296001,3.0189063921967794,25.104894644015705,sensory,olfactory,0.0,2142,0
