root_id,super_class,class,bw_weighted,bw_unweighted,influence,in_syn,in_deg,out_syn,out_deg,total_syn,traversal,current_flow
720575940624384007,sensory,olfactory,0.0,0.0,24.0,0.0,0.0,16.0,3.0,16.0,-0.0,
720575940623728647,central,unknown,0.0,0.0,24.01823232156431,238.0,18.0,441.0,30.0,679.0,-4.34,
720575940627202058,central,Kenyon_Cell,0.0,0.0,24.666678509012456,130.0,7.0,34.0,1.0,164.0,-3.0,
720575940614717452,central,unknown,0.0,0.0,22.64438838339771,87.0,8.0,24.0,2.0,111.0,-5.18,
720575940623302669,sensory,olfactory,0.0,1.5501619649484405e-07,25.18119531262901,178.0,16.0,292.0,22.0,470.0,-0.0,
720575940631003151,central,Kenyon_Cell,0.0,0.0,24.75154339320475,109.0,8.0,34.0,2.0,143.0,-2.82,
720575940624154648,central,unknown,0.0,0.0,22.0619087735112,646.0,25.0,0.0,0.0,646.0,-5.85,
720575940631494687,sensory,olfactory,0.0,6.34721267623496e-08,25.21916528977069,8.0,1.0,68.0,5.0,76.0,-0.0,
720575940646043683,visual_projection,unknown,0.0,3.6484113766306086e-11,22.84294615432469,84.0,9.0,266.0,11.0,350.0,-5.05,
720575940623237161,central,ALPN,0.0,1.1166342797453909e-06,23.52109035718057,404.0,24.0,558.0,28.0,962.0,-4.76,
720575940624351273,central,LHCENT,0.0,1.488059921030237e-10,24.14451200531217,442.0,31.0,689.0,45.0,1131.0,-3.63,
720575940628217899,central,Kenyon_Cell,0.0,0.0,24.623825427953133,137.0,6.0,30.0,2.0,167.0,-3.41,
720575940631429165,sensory,olfactory,0.0,0.0,25.154770928471983,12.0,2.0,46.0,3.0,58.0,-0.0,
720575940616093746,sensory,olfactory,0.0,0.0,25.08599341639624,25.0,3.0,46.0,5.0,71.0,-0.0,
720575940646142004,sensory,olfactory,0.0,0.0,25.126845125208504,17.0,2.0,61.0,4.0,78.0,-0.0,
720575940637524021,central,LHLN,0.0,3.021619319597729e-09,24.77631576745698,320.0,21.0,130.0,11.0,450.0,-3.0,
720575940627890231,sensory,olfactory,0.0,0.0,25.12788033789312,26.0,3.0,14.0,2.0,40.0,-0.0,
720575940630282297,sensory,hygrosensory,0.0,1.0542778545794268e-08,24.588511099963387,23.0,4.0,169.0,17.0,192.0,-3.93,
720575940627103802,central,Kenyon_Cell,0.0,0.0,24.474140752934503,89.0,5.0,21.0,1.0,110.0,-3.34,
720575940625760318,central,unknown,0.0,0.0,23.72238419045368,14.0,1.0,18.0,2.0,32.0,-2.89,
720575940615503938,central,LHLN,0.0,2.116513492368365e-09,24.65299331256961,955.0,64.0,228.0,21.0,1183.0,-3.33,
720575940615438402,central,unknown,0.0,1.8704501339120146e-07,23.87366580673312,3020.0,115.0,2066.0,93.0,5086.0,-4.66,
720575940638212166,sensory,olfactory,0.0,0.0,25.14186321473966,8.0,1.0,23.0,1.0,31.0,-0.0,
720575940638343238,central,unknown,1.7349290619291536e-06,1.248653162131169e-07,21.241425746723987,319.0,10.0,423.0,19.0,742.0,-4.69,
720575940629823563,central,Kenyon_Cell,0.0,0.0,23.616535717395717,49.0,3.0,27.0,1.0,76.0,-4.42,
720575940622090316,central,LHLN,0.0,6.1138311979376875e-09,24.472007967988112,180.0,16.0,208.0,20.0,388.0,-3.45,
720575940617371732,central,unknown,0.0,1.0369768677525288e-08,20.79837281463419,149.0,11.0,370.0,15.0,519.0,-6.57,
720575940620189790,central,ALPN,3.973119989150733e-08,7.140209665642015e-07,24.913058348777533,809.0,72.0,1198.0,111.0,2007.0,-1.77,
720575940634771552,central,ALLN,2.145484794141396e-06,4.704253095083577e-07,25.056299935803143,883.0,29.0,1072.0,41.0,1955.0,-1.81,
720575940631101548,central,unknown,0.0,1.3388150489002752e-08,23.91004503910207,460.0,25.0,415.0,43.0,875.0,-4.86,
720575940634706035,sensory,olfactory,0.0,0.0,25.15960353045155,21.0,4.0,51.0,4.0,72.0,-0.0,
720575940608295032,central,ALPN,0.0,0.0,23.984240537677803,79.0,10.0,183.0,14.0,262.0,-4.07,
720575940630610042,descending,unknown,0.0,2.5996133880847153e-09,22.842590232885023,1716.0,91.0,49.0,7.0,1765.0,-5.12,
720575940621009023,sensory,hygrosensory,0.0,5.497400541990235e-08,24.610234359821323,34.0,5.0,159.0,14.0,193.0,-3.36,
720575940659150977,sensory,olfactory,0.0,0.0,24.0,0.0,0.0,53.0,7.0,53.0,-0.0,
720575940606853250,central,Kenyon_Cell,0.0,0.0,24.696280772919224,112.0,7.0,19.0,1.0,131.0,-3.15,
720575940620124295,central,unknown,2.993083725160219e-06,1.1902287269352293e-07,24.573853630819908,1899.0,77.0,957.0,65.0,2856.0,-3.12,
720575940621926536,sensory,olfactory,0.0,4.471340233655899e-09,25.085983439305583,16.0,3.0,34.0,3.0,50.0,-0.0,
720575940625694857,sensory,olfactory,0.0,1.778610095170585e-09,25.086625486418853,54.0,6.0,119.0,10.0,173.0,-0.0,
720575940615143563,central,unknown,0.0,0.0,22.261056700027964,194.0,19.0,173.0,11.0,367.0,-5.49,
720575940624482452,central,Kenyon_Cell,0.0,0.0,24.59351494146489,147.0,8.0,24.0,1.0,171.0,-3.36,
720575940611113109,central,Kenyon_Cell,0.0,0.0,24.625764421705924,158.0,11.0,18.0,1.0,176.0,-3.24,
720575940614684822,central,unknown,0.0,2.0463701199055363e-09,21.63562690553913,343.0,12.0,165.0,5.0,508.0,-5.95,
720575940634083479,sensory,olfactory,0.0,0.0,25.118557370430445,9.0,1.0,44.0,5.0,53.0,-0.0,
720575940625334424,sensory,olfactory,0.0,0.0,25.12905136545861,59.0,8.0,222.0,16.0,281.0,-0.0,
720575940611440793,central,unknown,0.0,0.0,22.34822296916853,99.0,6.0,0.0,0.0,99.0,-5.21,
720575940615405718,central,DAN,0.0,0.0,22.435133662508463,170.0,15.0,54.0,6.0,224.0,-6.11,
720575940633493660,central,Kenyon_Cell,0.0,0.0,24.506726737154725,93.0,6.0,24.0,1.0,117.0,-3.54,
720575940615438495,central,unknown,0.0,0.0,23.05129219494358,642.0,37.0,1493.0,103.0,2135.0,-5.1,
720575940640932003,central,unknown,0.0,0.0,24.75152439975505,51.0,6.0,10.0,1.0,61.0,-3.1,
720575940614553767,central,LHLN,0.0,2.1499159907599326e-09,24.606667425543364,282.0,21.0,136.0,18.0,418.0,-3.52,
720575940628283560,central,ALPN,4.9134250532497404e-06,3.7195684770310216e-06,24.683499276124053,360.0,39.0,1725.0,129.0,2085.0,-2.11,
720575940627660968,central,Kenyon_Cell,0.0,0.0,24.652548565382467,140.0,8.0,25.0,1.0,165.0,-3.3,
720575940611637418,sensory,olfactory,0.0,2.444653611502042e-10,25.04345888408376,5.0,1.0,35.0,4.0,40.0,-0.0,
720575940603871404,sensory,olfactory,0.0,0.0,25.14186321473966,8.0,1.0,86.0,11.0,94.0,-0.0,
720575940635361454,central,Kenyon_Cell,0.0,1.9156676887266916e-09,24.275776495749454,48.0,3.0,41.0,3.0,89.0,-3.92,
720575940633755828,central,Kenyon_Cell,0.0,0.0,24.61668277426889,114.0,7.0,21.0,1.0,135.0,-3.19,
720575940617470137,central,ALPN,0.0,0.0,24.695617140075854,59.0,7.0,183.0,20.0,242.0,-3.09,
720575940626022586,central,unknown,0.0,0.0,24.57419458442405,82.0,9.0,21.0,4.0,103.0,-3.08,
720575940618551481,central,unknown,0.0,0.0,23.233819597969152,1662.0,73.0,1608.0,104.0,3270.0,-5.3,
720575940624941244,central,ALPN,0.0,8.237773163412223e-08,24.96192000211772,655.0,49.0,754.0,69.0,1409.0,-1.77,
720575940629496002,central,unknown,0.0,0.0,24.37879506435541,75.0,7.0,71.0,10.0,146.0,-3.86,
720575940608524483,central,Kenyon_Cell,0.0,0.0,24.57514424259999,118.0,8.0,27.0,2.0,145.0,-3.31,
720575940643651784,central,unknown,0.0,1.183086576531545e-07,24.378663385784375,444.0,38.0,119.0,9.0,563.0,-3.88,
720575940606722249,central,ALLN,2.476578126570624e-06,1.7759966569933227e-06,24.648845300278047,4273.0,168.0,4002.0,176.0,8275.0,-3.63,
720575940619010251,central,Kenyon_Cell,0.0,0.0,24.73509186193004,144.0,6.0,21.0,1.0,165.0,-3.14,
720575940622647501,central,Kenyon_Cell,0.0,0.0,24.32760030831767,99.0,9.0,25.0,1.0,124.0,-3.45,
720575940613898449,central,unknown,0.0,3.1696205202748755e-08,23.53969296087489,850.0,31.0,301.0,27.0,1151.0,-5.06,
720575940631953619,sensory,olfactory,0.0,0.0,25.14186321473966,5.0,1.0,108.0,9.0,113.0,-0.0,
720575940617470164,central,unknown,0.0,8.928114394282247e-09,24.68952605280681,257.0,20.0,120.0,12.0,377.0,-3.36,
720575940622745834,sensory,olfactory,0.0,1.450651040104037e-09,25.14938529183628,309.0,21.0,782.0,34.0,1091.0,-0.0,
720575940628349169,central,unknown,0.0,2.1480705963542065e-08,24.156953277135116,118.0,14.0,221.0,20.0,339.0,-3.69,
720575940630020345,central,unknown,0.0,1.2147995116151106e-07,21.96486291484203,283.0,13.0,192.0,12.0,475.0,-5.62,
720575940629528827,sensory,olfactory,0.0,0.0,25.09627850718279,5.0,1.0,57.0,5.0,62.0,-0.0,
720575940617502977,central,LHLN,0.0,0.0,24.611411690247948,128.0,14.0,66.0,9.0,194.0,-2.92,
720575940629397763,sensory,olfactory,0.0,0.0,24.0,0.0,0.0,17.0,3.0,17.0,-0.0,
720575940628447491,central,Kenyon_Cell,0.0,0.0,24.66789892555688,84.0,6.0,15.0,1.0,99.0,-3.09,
720575940622811400,central,ALLN,0.0,5.54947415337759e-10,24.87773202496314,8.0,1.0,46.0,5.0,54.0,-3.03,
720575940621926669,central,ALPN,0.0,1.2621583445106296e-08,24.41272603268236,185.0,13.0,161.0,22.0,346.0,-3.18,
720575940631232786,central,LHLN,0.0,5.158080697585757e-08,24.639551989378244,619.0,43.0,275.0,38.0,894.0,-3.42,
720575940627693845,central,unknown,0.0,4.9601997367674575e-11,24.54916283749277,419.0,37.0,62.0,9.0,481.0,-3.45,
720575940633067807,central,unknown,0.0,0.0,22.073625479702265,107.0,9.0,83.0,8.0,190.0,-5.08,
720575940617208098,sensory,olfactory,0.0,6.074324948291191e-10,25.10427613949584,28.0,3.0,60.0,7.0,88.0,-0.0,
720575940622811430,central,ALPN,4.833962653466726e-06,1.7824315771949406e-06,24.37059655192264,502.0,45.0,2484.0,154.0,2986.0,-2.61,
720575940622287142,central,ALPN,2.013047461169705e-06,1.0660867224788169e-06,24.88425388712937,977.0,73.0,1031.0,96.0,2008.0,-1.76,
720575940611703080,central,ALPN,2.370628260193271e-06,2.020970648908271e-06,24.855070077915,951.0,73.0,1564.0,130.0,2515.0,-2.02,
720575940621336873,central,unknown,0.0,0.0,24.154308193002567,58.0,6.0,44.0,6.0,102.0,-3.94,
720575940628218155,central,Kenyon_Cell,0.0,0.0,24.224217426581763,61.0,4.0,28.0,3.0,89.0,-3.99,
720575940629299500,central,Kenyon_Cell,0.0,0.0,24.70082396694145,118.0,6.0,17.0,1.0,135.0,-3.03,
720575940646535476,central,unknown,0.0,0.0,22.737589813699795,39.0,5.0,20.0,3.0,59.0,-4.91,
720575940646895924,central,unknown,0.0,0.0,24.646831651935127,104.0,6.0,116.0,9.0,220.0,-3.06,
720575940631462200,central,ALPN,6.171579716480806e-06,2.4346560698154115e-06,24.93940440938242,1455.0,86.0,1955.0,138.0,3410.0,-1.69,
720575940615569723,central,Kenyon_Cell,0.0,0.0,24.66795179530901,111.0,9.0,22.0,1.0,133.0,-3.13,
720575940630151484,central,unknown,1.3243733297169113e-07,5.3483311848483795e-08,24.189132463583693,172.0,17.0,149.0,13.0,321.0,-3.82,
720575940639686973,central,unknown,0.0,1.9749900086534727e-09,23.448582202817825,554.0,35.0,82.0,9.0,636.0,-4.95,
720575940617077056,central,unknown,0.0,0.0,23.268973885787293,24.0,3.0,5.0,1.0,29.0,-4.59,
720575940620779841,central,Kenyon_Cell,0.0,0.0,24.67518090620335,132.0,7.0,28.0,2.0,160.0,-2.98,
720575940614586690,sensory,olfactory,0.0,0.0,24.0,0.0,0.0,39.0,6.0,39.0,-0.0,
720575940631986499,sensory,olfactory,0.0,0.0,24.0,0.0,0.0,33.0,4.0,33.0,-0.0,
720575940609114436,sensory,olfactory,0.0,2.613048613785647e-10,25.10276993610156,7.0,1.0,148.0,10.0,155.0,-0.0,
720575940631396675,central,unknown,0.0,1.042579467107635e-09,24.212093348766928,297.0,26.0,75.0,8.0,372.0,-4.18,
720575940638638406,central,LHLN,0.0,0.0,24.341674689485416,163.0,10.0,112.0,15.0,275.0,-3.13,
720575940618649920,central,unknown,0.0,2.5260798191910965e-10,21.000426356905145,196.0,19.0,57.0,7.0,253.0,-5.82,
720575940623925577,central,unknown,0.0,0.0,24.03068531854477,452.0,30.0,108.0,10.0,560.0,-4.34,
720575940629266767,sensory,olfactory,0.0,0.0,24.0,0.0,0.0,54.0,8.0,54.0,-0.0,
720575940619895125,central,ALPN,1.907097594792352e-05,5.550238666090266e-06,24.212403471676904,3919.0,125.0,5443.0,236.0,9362.0,-4.32,
720575940619927893,central,LHLN,0.0,0.0,24.89328955577416,89.0,4.0,116.0,16.0,205.0,-2.58,
720575940615274838,central,Kenyon_Cell,0.0,0.0,24.60961670352449,97.0,8.0,26.0,1.0,123.0,-3.19,
720575940634116448,central,unknown,0.0,0.0,23.694305582946345,165.0,12.0,238.0,23.0,403.0,-4.32,
720575940636508517,central,LHLN,0.0,1.953326629302101e-09,24.68025828480908,812.0,46.0,553.0,47.0,1365.0,-3.44,
720575940632904043,central,Kenyon_Cell,0.0,0.0,24.613907222762137,140.0,7.0,31.0,1.0,171.0,-3.37,
720575940621926765,central,ALPN,0.0,2.818248968309516e-07,24.748059881503927,73.0,10.0,214.0,23.0,287.0,-3.04,
720575940637098352,central,LHCENT,6.595379181990218e-06,3.2051478256052425e-06,23.76434714174888,3511.0,231.0,5244.0,252.0,8755.0,-4.3,
720575940612096370,sensory,olfactory,0.0,0.0,25.18135696521144,67.0,8.0,273.0,21.0,340.0,-0.0,
720575940638179699,central,Kenyon_Cell,0.0,0.0,23.89662906598627,25.0,2.0,44.0,2.0,69.0,-4.06,
720575940648993145,central,Kenyon_Cell,0.0,0.0,24.70009000569252,135.0,6.0,18.0,1.0,153.0,-3.08,
720575940617011579,central,unknown,0.0,0.0,24.177528499700603,43.0,6.0,10.0,2.0,53.0,-3.02,
720575940620157307,central,unknown,0.0,2.9839586954144667e-10,22.003453657332845,221.0,8.0,87.0,9.0,308.0,-5.41,
720575940630217086,central,ALPN,0.0,6.701773502394067e-08,24.99306876843954,446.0,38.0,455.0,45.0,901.0,-1.75,
720575940621730175,central,Kenyon_Cell,0.0,0.0,24.715972049447377,98.0,7.0,25.0,1.0,123.0,-2.92,
720575940659577217,central,Kenyon_Cell,0.0,8.222856088011986e-10,24.08822743874437,45.0,3.0,58.0,4.0,103.0,-4.79,
720575940615831947,sensory,olfactory,0.0,0.0,25.127095200180147,22.0,2.0,147.0,10.0,169.0,-0.0,
720575940640735629,central,Kenyon_Cell,0.0,5.15090493261586e-10,24.34141801507673,43.0,3.0,41.0,4.0,84.0,-4.18,
720575940615537041,ascending,AN,0.0,3.696054978738087e-08,20.26265864477022,207.0,11.0,477.0,23.0,684.0,-5.93,
720575940616815005,sensory,olfactory,0.0,6.074324948291191e-10,25.10240841526164,34.0,3.0,150.0,13.0,184.0,-0.0,
720575940618682782,central,unknown,0.0,3.905274151534247e-09,21.459712445445607,233.0,26.0,1161.0,71.0,1394.0,-5.44,
720575940618715550,central,unknown,0.0,3.1015768845829296e-11,23.31938743084345,833.0,40.0,686.0,37.0,1519.0,-5.11,
720575940639785379,central,unknown,0.0,0.0,20.50316332751804,23.0,3.0,5.0,1.0,28.0,-3.95,
720575940614062503,central,unknown,0.0,1.4063630476151746e-07,21.82209005540276,602.0,39.0,333.0,17.0,935.0,-5.66,
720575940627431848,central,LHLN,0.0,7.907555826314163e-09,24.687373765902286,502.0,23.0,224.0,28.0,726.0,-3.13,
720575940636246446,central,Kenyon_Cell,0.0,0.0,24.42359593384043,62.0,5.0,15.0,1.0,77.0,-3.51,
720575940634771892,sensory,olfactory,0.0,0.0,24.0,0.0,0.0,67.0,8.0,67.0,-0.0,
720575940620386742,sensory,olfactory,0.0,0.0,25.12112164775011,31.0,4.0,146.0,11.0,177.0,-0.0,
720575940616356281,sensory,olfactory,0.0,0.0,25.101023187886327,38.0,5.0,192.0,12.0,230.0,-0.0,
720575940624974266,sensory,olfactory,0.0,0.0,25.12037505772935,16.0,2.0,54.0,5.0,70.0,-0.0,
720575940616651193,central,unknown,0.0,0.0,22.3827083085736,489.0,17.0,70.0,4.0,559.0,-5.83,
720575940615930299,central,unknown,0.0,7.8334037668239e-09,19.92551270903928,325.0,8.0,156.0,13.0,481.0,-6.55,
720575940604821950,central,unknown,0.0,2.399467870654719e-09,22.199125014320742,269.0,22.0,112.0,8.0,381.0,-5.56,
720575940621500865,central,ALLN,7.323784513334519e-06,2.7417872221806893e-06,24.556563833854945,2219.0,82.0,716.0,40.0,2935.0,-3.52,
720575940628185538,central,ALPN,0.0,0.0,24.865609406921678,37.0,4.0,142.0,14.0,179.0,-3.17,
720575940618256833,central,ALPN,0.0,0.0,24.435905554594857,56.0,7.0,39.0,5.0,95.0,-3.7,
720575940623303108,central,ALPN,2.277922127113087e-06,6.466191475701866e-07,24.464124071191243,403.0,39.0,888.0,76.0,1291.0,-2.39,
720575940623368644,central,Kenyon_Cell,0.0,0.0,24.582275435026613,113.0,6.0,30.0,1.0,143.0,-3.13,
720575940625465802,central,unknown,0.0,2.2847036846499592e-08,21.137815653192312,145.0,13.0,326.0,16.0,471.0,-5.81,
720575940633231827,central,Kenyon_Cell,0.0,0.0,24.67686185742063,91.0,6.0,27.0,2.0,118.0,-3.05,
720575940632052194,visual_projection,unknown,0.0,0.0,23.029471651394974,24.0,4.0,154.0,18.0,178.0,-5.09,
720575940612260323,central,unknown,0.0,0.0,23.83473223829305,288.0,13.0,229.0,17.0,517.0,-4.83,
720575940636508644,central,Kenyon_Cell,0.0,0.0,24.424944641269292,55.0,4.0,21.0,1.0,76.0,-3.4,
720575940637688292,central,unknown,0.0,4.686345657748397e-07,23.145577639407644,351.0,35.0,180.0,16.0,531.0,-4.71,
720575940623598058,central,unknown,1.2184234633395585e-06,2.875900799237807e-07,22.5153409067248,476.0,38.0,1497.0,40.0,1973.0,-5.23,
720575940626252273,central,Kenyon_Cell,0.0,0.0,24.25454787158389,76.0,7.0,21.0,2.0,97.0,-3.66,
720575940624515571,central,ALPN,3.668514123315844e-06,1.3627951085406113e-06,24.90939759554485,1233.0,82.0,2555.0,173.0,3788.0,-1.81,
720575940624450035,central,unknown,0.0,1.7509936340535846e-10,22.38806656907268,10.0,2.0,8.0,1.0,18.0,-4.27,
720575940642046453,central,ALPN,0.0,1.2691732264971154e-07,24.982806681854026,431.0,37.0,564.0,50.0,995.0,-1.81,
720575940628677114,sensory,olfactory,0.0,2.806143474688982e-09,25.16313577598278,400.0,28.0,822.0,30.0,1222.0,-0.0,
720575940628808186,central,Kenyon_Cell,0.0,0.0,24.559497270781723,103.0,7.0,35.0,2.0,138.0,-3.31,
720575940628382203,central,CX,0.0,0.0,21.84138785316737,30.0,5.0,0.0,0.0,30.0,-5.3,
720575940614423038,central,unknown,0.0,0.0,24.513998999256614,404.0,34.0,56.0,7.0,460.0,-3.81,
720575940629529088,central,Kenyon_Cell,0.0,0.0,24.692088331292005,100.0,8.0,27.0,3.0,127.0,-3.01,
720575940627628548,central,Kenyon_Cell,0.0,0.0,24.60595332862997,82.0,6.0,19.0,1.0,101.0,-3.06,
720575940621304325,sensory,olfactory,0.0,0.0,24.0,0.0,0.0,34.0,6.0,34.0,-0.0,
720575940625924618,central,ALPN,0.0,0.0,23.67128896485222,62.0,7.0,426.0,45.0,488.0,-4.28,
720575940624712206,central,unknown,1.4832981292829405e-06,7.01513980178e-10,22.71582132239818,2352.0,86.0,1609.0,76.0,3961.0,-5.16,
720575940631134738,central,unknown,0.0,1.1846672387011357e-08,21.15565596246768,257.0,21.0,110.0,6.0,367.0,-5.56,
720575940617765405,central,unknown,0.0,4.75156907639824e-09,23.10719977166161,172.0,19.0,104.0,9.0,276.0,-4.36,
720575940604985888,central,Kenyon_Cell,0.0,7.040208724436477e-10,24.353244570705577,57.0,3.0,52.0,4.0,109.0,-4.34,
720575940619895329,central,Kenyon_Cell,0.0,0.0,24.71295954658716,123.0,9.0,19.0,2.0,142.0,-3.13,
720575940617208354,sensory,olfactory,0.0,0.0,24.0,0.0,0.0,89.0,9.0,89.0,-0.0,
720575940622746150,central,unknown,0.0,2.411664479775901e-08,21.988961048818563,116.0,6.0,24.0,2.0,140.0,-4.44,
720575940625826352,central,LHLN,0.0,2.3227132039781559e-10,24.544046436566248,306.0,15.0,99.0,15.0,405.0,-3.05,
720575940620550705,central,ALON,0.0,2.4553043148264768e-08,23.893714860889528,28.0,5.0,34.0,4.0,62.0,-3.92,
720575940619403841,central,unknown,0.0,4.91740801472469e-08,22.3847711397806,274.0,22.0,113.0,11.0,387.0,-5.77,
720575940608819780,central,unknown,0.0,0.0,23.033051592753694,106.0,11.0,25.0,4.0,131.0,-4.83,
720575940618125893,central,Kenyon_Cell,0.0,0.0,24.680300097363197,114.0,8.0,18.0,1.0,132.0,-3.2,
720575940622451273,central,Kenyon_Cell,0.0,0.0,24.639028383862048,128.0,6.0,20.0,1.0,148.0,-2.86,
720575940631003723,sensory,olfactory,0.0,0.0,25.13697477832152,44.0,6.0,123.0,6.0,167.0,-0.0,
720575940626416205,central,unknown,0.0,0.0,22.850893240231443,108.0,15.0,111.0,7.0,219.0,-4.37,
720575940626023001,central,ALPN,0.0,4.625578093166692e-07,24.46937999748201,170.0,16.0,424.0,34.0,594.0,-3.17,
720575940617306717,central,unknown,0.0,0.0,23.17971944960527,336.0,32.0,115.0,16.0,451.0,-5.1,
720575940619960926,central,Kenyon_Cell,0.0,0.0,24.17284787271168,43.0,3.0,42.0,3.0,85.0,-4.21,
720575940635066975,central,ALPN,0.0,2.1224751050488745e-08,24.244349900045265,1887.0,90.0,2571.0,145.0,4458.0,-4.27,
720575940633625184,central,ALLN,0.0,3.9563873778587046e-08,24.10968842053041,293.0,28.0,175.0,17.0,468.0,-4.18,
720575940621009505,central,unknown,0.0,4.445865036930922e-09,24.1839212399346,465.0,24.0,325.0,33.0,790.0,-4.64,
720575940606165606,sensory,olfactory,0.0,0.0,24.0,0.0,0.0,36.0,5.0,36.0,-0.0,
720575940630315623,central,unknown,0.0,1.2735861518811596e-10,24.74954925339358,27.0,2.0,41.0,5.0,68.0,-3.07,
720575940634018415,central,Kenyon_Cell,0.0,0.0,24.183691712026903,36.0,4.0,29.0,1.0,65.0,-3.89,
720575940610818673,central,unknown,0.0,0.0,23.522547693539952,80.0,9.0,133.0,10.0,213.0,-4.58,
720575940621828732,central,unknown,0.0,0.0,24.50671253665869,50.0,6.0,23.0,3.0,73.0,-3.29,
720575940620649084,central,Kenyon_Cell,0.0,7.082210319341769e-11,24.606568417781645,59.0,5.0,31.0,2.0,90.0,-3.21,
720575940628906622,central,Kenyon_Cell,0.0,0.0,24.35644145115951,47.0,3.0,26.0,1.0,73.0,-3.54,
720575940639195776,sensory,olfactory,0.0,1.494745495968142e-07,25.12916581877495,65.0,9.0,186.0,12.0,251.0,-0.0,
720575940625990277,central,ALLN,1.3243733297169112e-08,2.7385736849846325e-07,24.56228635723755,103.0,12.0,210.0,11.0,313.0,-2.41,
720575940615668370,central,unknown,0.0,0.0,23.878656234829094,60.0,8.0,25.0,3.0,85.0,-4.15,
720575940617077405,central,Kenyon_Cell,0.0,6.933891778622572e-11,24.3600394539843,59.0,6.0,30.0,2.0,89.0,-3.58,
720575940618912427,sensory,olfactory,0.0,2.4237064953797762e-08,25.111611841965544,98.0,7.0,587.0,30.0,685.0,-0.0,
720575940612817583,central,Kenyon_Cell,0.0,0.0,24.648870418148253,142.0,6.0,24.0,1.0,166.0,-3.23,
720575940635493044,central,Kenyon_Cell,0.0,0.0,24.71223023570692,119.0,8.0,24.0,2.0,143.0,-3.16,
720575940625040053,central,ALPN,0.0,7.677296821608895e-10,24.75300909188313,238.0,26.0,480.0,36.0,718.0,-3.06,
720575940623008440,central,Kenyon_Cell,0.0,0.0,24.61994575129938,80.0,8.0,16.0,1.0,96.0,-3.21,
720575940625334970,central,unknown,0.0,8.295935987373098e-07,22.56954278812203,615.0,33.0,100.0,11.0,715.0,-5.43,
720575940635001535,central,LHLN,0.0,3.068124734687666e-09,24.58901911120465,358.0,31.0,420.0,35.0,778.0,-3.21,
720575940620354241,central,Kenyon_Cell,0.0,0.0,24.554666439672665,84.0,7.0,24.0,1.0,108.0,-3.29,
720575940622516941,central,unknown,0.0,6.336456702843802e-07,21.05133513665174,455.0,25.0,64.0,5.0,519.0,-6.07,
720575940622484182,central,unknown,0.0,1.5656585334839987e-09,24.6282577732794,580.0,37.0,262.0,19.0,842.0,-3.31,
720575940611769059,central,Kenyon_Cell,0.0,0.0,23.80845408588192,34.0,2.0,29.0,2.0,63.0,-4.35,
720575940614357731,central,unknown,0.0,0.0,22.38949009451249,101.0,9.0,90.0,8.0,191.0,-5.44,
720575940623368940,central,Kenyon_Cell,0.0,0.0,24.61250976327993,93.0,6.0,29.0,1.0,122.0,-3.42,
720575940624745203,central,unknown,0.0,0.0,23.079582932760143,177.0,18.0,228.0,13.0,405.0,-4.92,
720575940630053632,central,LHLN,0.0,0.0,24.60928817743129,52.0,6.0,17.0,2.0,69.0,-3.48,
720575940617044737,central,unknown,0.0,9.957145516944364e-09,21.05429402927896,49.0,5.0,24.0,3.0,73.0,-4.93,
720575940626449154,central,ALPN,0.0,0.0,24.709020306223515,50.0,6.0,100.0,10.0,150.0,-2.95,
720575940608623371,central,unknown,0.0,0.0,23.40767464183032,55.0,7.0,118.0,9.0,173.0,-4.39,
720575940624941838,central,Kenyon_Cell,0.0,0.0,24.72099105052322,141.0,8.0,23.0,1.0,164.0,-3.04,
720575940631036687,central,Kenyon_Cell,0.0,0.0,23.7442251310904,108.0,6.0,26.0,1.0,134.0,-4.67,
720575940626907923,sensory,olfactory,0.0,7.529326803590281e-11,25.025755868328226,6.0,1.0,82.0,10.0,88.0,-0.0,
720575940633953049,central,LHLN,0.0,0.0,24.79717603857964,45.0,3.0,50.0,5.0,95.0,-2.98,
720575940618027803,central,unknown,0.0,0.0,24.21384126528195,171.0,15.0,297.0,19.0,468.0,-3.79,
720575940632347423,central,Kenyon_Cell,0.0,0.0,24.40649716681134,49.0,4.0,31.0,1.0,80.0,-3.5,
720575940621533985,central,ALPN,2.569284259650808e-06,1.2965694824796926e-06,24.87208866931084,1168.0,85.0,858.0,82.0,2026.0,-2.04,
720575940624450342,central,ALLN,0.0,4.490503351783732e-07,24.601099816623936,2369.0,83.0,1214.0,103.0,3583.0,-3.2,
720575940616913705,sensory,olfactory,0.0,0.0,25.15052761067894,25.0,3.0,70.0,6.0,95.0,-0.0,
720575940629955372,central,unknown,5.2974933188676455e-08,1.4151524881072384e-08,22.302501745424816,984.0,54.0,1256.0,44.0,2240.0,-5.44,
720575940629398316,central,LHLN,0.0,0.0,24.692027019947453,217.0,20.0,67.0,7.0,284.0,-2.9,
720575940616094523,central,unknown,0.0,1.6636050942993943e-09,24.184705925360557,162.0,10.0,52.0,4.0,214.0,-4.01,
720575940625793854,central,unknown,0.0,7.390697607783512e-11,24.356158363415556,179.0,18.0,34.0,2.0,213.0,-3.57,
720575940631167811,central,Kenyon_Cell,0.0,0.0,24.48058108807628,97.0,5.0,24.0,1.0,121.0,-3.2,
720575940629300043,central,Kenyon_Cell,0.0,0.0,24.599705834603004,161.0,10.0,30.0,2.0,191.0,-3.11,
720575940619305808,central,Kenyon_Cell,0.0,0.0,24.64899428522129,86.0,7.0,22.0,1.0,108.0,-3.09,
720575940632281937,central,unknown,0.0,2.2068525999093524e-08,22.270025250144272,203.0,15.0,95.0,11.0,298.0,-5.35,
720575940630840147,central,unknown,0.0,0.0,22.945525745609324,107.0,10.0,21.0,3.0,128.0,-5.88,
720575940614816598,central,Kenyon_Cell,0.0,0.0,24.39091442621128,84.0,7.0,20.0,1.0,104.0,-3.5,
720575940630512471,central,Kenyon_Cell,0.0,0.0,24.511277564083176,106.0,7.0,18.0,1.0,124.0,-3.5,
720575940620157787,central,unknown,0.0,0.0,23.46437735657936,161.0,19.0,26.0,4.0,187.0,-3.98,
720575940607869788,sensory,olfactory,0.0,4.701843070223652e-09,25.10954418745324,62.0,8.0,130.0,11.0,192.0,-0.0,
720575940634706789,central,Kenyon_Cell,0.0,0.0,24.55412155941672,39.0,3.0,36.0,2.0,75.0,-3.54,
720575940605608806,sensory,olfactory,0.0,0.0,24.0,0.0,0.0,5.0,1.0,5.0,-0.0,
720575940603773798,central,Kenyon_Cell,0.0,1.8394074023845983e-10,24.23313765821019,66.0,4.0,53.0,4.0,119.0,-3.96,
720575940632707944,visual_projection,unknown,0.0,8.588190463242313e-08,20.340841190802987,31.0,2.0,828.0,27.0,859.0,-4.81,
720575940634903403,central,ALPN,0.0,0.0,24.55651186435117,92.0,10.0,346.0,20.0,438.0,-3.55,
720575940629103468,central,unknown,0.0,7.235745412135487e-07,22.41700817518285,74.0,12.0,43.0,5.0,117.0,-4.82,
720575940619928429,central,ALPN,1.7574434085343413e-05,2.1581498853723965e-06,24.883995078416024,1494.0,98.0,1889.0,139.0,3383.0,-1.9,
720575940644766574,central,unknown,0.0,0.0,23.116096367365124,131.0,12.0,89.0,3.0,220.0,-4.79,
720575940644733806,central,unknown,0.0,2.2103994968382545e-07,22.889886167848186,675.0,34.0,203.0,11.0,878.0,-5.28,
720575940620551021,central,unknown,0.0,0.0,23.34075933606139,105.0,10.0,93.0,6.0,198.0,-4.25,
720575940612653937,central,ALPN,0.0,0.0,24.602933634639705,81.0,9.0,399.0,37.0,480.0,-3.3,
720575940629693302,sensory,hygrosensory,0.0,4.1676731967393815e-08,24.42212898962372,63.0,8.0,592.0,22.0,655.0,-3.91,
720575940629955446,central,Kenyon_Cell,0.0,0.0,24.76423739283824,130.0,7.0,28.0,1.0,158.0,-3.08,
720575940629594998,central,unknown,0.0,4.896336806198148e-09,23.35819253023969,250.0,16.0,129.0,13.0,379.0,-5.18,
720575940622058364,central,unknown,0.0,2.5538665569139186e-07,21.80548754136641,276.0,27.0,220.0,16.0,496.0,-5.39,
720575940622779263,central,unknown,0.0,6.582739688729854e-09,24.05399232374262,73.0,8.0,58.0,4.0,131.0,-3.8,
720575940638704512,central,unknown,0.0,0.0,23.922515841815752,10.0,2.0,35.0,4.0,45.0,-3.72,
720575940646372228,sensory,thermosensory,0.0,2.769888408139029e-07,24.66126010211613,295.0,21.0,709.0,31.0,1004.0,-3.41,
720575940622189448,central,unknown,0.0,3.1835897348964217e-11,22.617621454169445,357.0,19.0,72.0,7.0,429.0,-5.41,
720575940626580361,sensory,hygrosensory,0.0,0.0,24.4309132196474,184.0,18.0,241.0,19.0,425.0,-3.72,
720575940625433488,central,LHLN,0.0,4.773547651309757e-09,24.68169560178144,412.0,28.0,159.0,16.0,571.0,-3.09,
720575940614325138,sensory,olfactory,0.0,1.3169032270168002e-08,25.19797507203685,31.0,4.0,78.0,10.0,109.0,-0.0,
720575940614652818,central,Kenyon_Cell,0.0,0.0,24.714909024448097,73.0,5.0,22.0,1.0,95.0,-3.34,
720575940621763475,central,Kenyon_Cell,0.0,0.0,24.3842701837648,56.0,5.0,29.0,1.0,85.0,-3.42,
720575940617175965,central,ALLN,5.045862386221431e-06,5.124223629474156e-07,25.042908302444747,1225.0,56.0,1185.0,24.0,2410.0,-1.34,
720575940618978206,central,unknown,0.0,8.124989752864485e-11,23.53192537250162,184.0,16.0,32.0,6.0,216.0,-5.22,
720575940616913822,central,Kenyon_Cell,0.0,0.0,24.53712297573423,74.0,6.0,19.0,1.0,93.0,-3.22,
720575940653351841,central,Kenyon_Cell,0.0,0.0,24.568489437252687,50.0,4.0,47.0,3.0,97.0,-3.36,
720575940620223398,central,Kenyon_Cell,0.0,1.0920819301526119e-09,24.036452511666024,56.0,3.0,46.0,3.0,102.0,-3.85,
720575940625957800,central,Kenyon_Cell,0.0,0.0,24.6964252900887,96.0,7.0,19.0,2.0,115.0,-3.22,
720575940620714921,sensory,olfactory,0.0,2.5315138598251522e-08,25.18153883248381,44.0,4.0,336.0,21.0,380.0,-0.0,
720575940613211055,central,LHLN,0.0,3.730629097794117e-11,24.89817885293522,35.0,2.0,79.0,9.0,114.0,-2.82,
720575940621009840,central,unknown,0.0,0.0,22.994311143592483,674.0,55.0,113.0,7.0,787.0,-4.81,
720575940634575796,central,unknown,0.0,0.0,23.17610123031152,314.0,23.0,7.0,1.0,321.0,-4.13,
720575940623205303,central,Kenyon_Cell,0.0,0.0,24.65343726583577,76.0,6.0,20.0,1.0,96.0,-3.23,
720575940620551105,central,unknown,0.0,0.0,24.60892746717569,82.0,8.0,83.0,8.0,165.0,-3.65,
720575940631659461,visual_centrifugal,unknown,0.0,5.975096321777395e-10,20.747293204806056,432.0,20.0,296.0,16.0,728.0,-5.87,
720575940620846027,central,unknown,0.0,4.584932239818564e-08,20.43933434187089,258.0,22.0,107.0,10.0,365.0,-5.62,
720575940617470932,central,unknown,0.0,0.0,24.428525638650573,523.0,47.0,71.0,5.0,594.0,-3.63,
720575940606624725,central,unknown,0.0,6.147293205742766e-09,21.784450827218237,89.0,11.0,118.0,10.0,207.0,-5.28,
720575940614390755,central,unknown,0.0,0.0,24.262022406875968,89.0,10.0,34.0,2.0,123.0,-3.58,
720575940638770148,central,unknown,0.0,1.7704696458507147e-09,21.69025641438936,22.0,3.0,472.0,33.0,494.0,-3.95,
720575940611867629,central,unknown,0.0,1.8600740673234982e-09,23.653985702380687,272.0,27.0,218.0,16.0,490.0,-4.83,
720575940653581302,central,unknown,0.0,1.1168469127140987e-09,23.802304448917237,171.0,13.0,228.0,23.0,399.0,-4.22,
720575940628644855,central,Kenyon_Cell,0.0,7.040208724436477e-10,24.55186255811003,56.0,4.0,42.0,3.0,98.0,-3.56,
720575940631692283,central,unknown,0.0,0.0,23.99323973534584,123.0,16.0,28.0,4.0,151.0,-3.98,
720575940625564676,central,ALPN,3.7347327898016894e-06,7.048578006731644e-07,24.291690952755765,381.0,32.0,1199.0,96.0,1580.0,-2.08,
720575940625630212,central,ALLN,0.0,8.527944583115274e-09,24.20494604178552,118.0,12.0,206.0,22.0,324.0,-4.35,
720575940623041549,central,unknown,3.1784959913205866e-07,2.4908242041481207e-06,24.58747678619115,837.0,61.0,157.0,14.0,994.0,-3.51,
720575940612785174,central,unknown,0.0,3.757446779511063e-09,24.548061378185185,213.0,20.0,164.0,17.0,377.0,-3.06,
720575940624155672,central,unknown,0.0,6.203153769165859e-11,22.98513664848917,1058.0,88.0,2270.0,103.0,3328.0,-4.88,
720575940633691161,central,Kenyon_Cell,0.0,0.0,24.64230559426709,85.0,6.0,26.0,1.0,111.0,-3.15,
720575940617307165,central,unknown,0.0,4.716024326759081e-09,22.786074871249703,125.0,13.0,197.0,12.0,322.0,-4.66,
720575940630971434,sensory,olfactory,0.0,0.0,25.169087442260743,24.0,4.0,65.0,3.0,89.0,-0.0,
720575940630086698,central,unknown,6.092117316697792e-06,2.1556414113893889e-07,21.310317687604424,1084.0,43.0,493.0,18.0,1577.0,-5.63,
720575940624483376,central,unknown,0.0,1.9112066149296552e-08,24.25850962132109,332.0,30.0,46.0,7.0,378.0,-4.25,
720575940614128691,central,unknown,0.0,4.794258723478261e-10,20.912662715895102,96.0,3.0,126.0,9.0,222.0,-5.24,
720575940630807619,sensory,olfactory,0.0,0.0,25.103368456443917,67.0,5.0,158.0,8.0,225.0,-0.0,
720575940618224709,central,Kenyon_Cell,0.0,0.0,24.4910600059044,58.0,4.0,15.0,1.0,73.0,-3.59,
720575940638639174,central,unknown,0.0,2.252459621600728e-10,24.159805023739327,248.0,21.0,27.0,3.0,275.0,-4.64,
720575940632118343,central,MBON,0.0,0.0,23.194773881547224,109.0,10.0,94.0,6.0,203.0,-5.47,
720575940630578247,central,Kenyon_Cell,0.0,0.0,23.671441089504874,24.0,1.0,23.0,1.0,47.0,-4.99,
720575940619863125,central,LHCENT,3.973119989150733e-08,6.367747886335442e-08,23.59210119482761,1222.0,71.0,2387.0,216.0,3609.0,-4.84,
720575940620551259,central,ALPN,0.0,3.9568016451685546e-08,24.71138054943248,68.0,10.0,172.0,22.0,240.0,-3.06,
720575940634215525,central,unknown,0.0,3.9879671622665396e-08,24.564987164880822,256.0,19.0,340.0,31.0,596.0,-3.41,
720575940605641830,central,unknown,0.0,0.0,24.55577881116596,184.0,19.0,55.0,6.0,239.0,-3.34,
720575940603446374,central,ALPN,0.0,0.0,23.665090815152197,58.0,5.0,15.0,3.0,73.0,-4.92,
720575940635919471,central,LHLN,0.0,1.546226713779419e-10,24.61631882560972,209.0,14.0,135.0,14.0,344.0,-3.53,
720575940621370484,central,unknown,0.0,2.6245964355998658e-08,23.698538386061955,485.0,39.0,575.0,48.0,1060.0,-5.05,
720575940618552443,central,ALLN,0.0,1.995672513969307e-08,24.292719743966316,305.0,30.0,294.0,22.0,599.0,-4.26,
720575940622779519,central,unknown,0.0,3.928453680558136e-09,23.14424609415477,62.0,9.0,38.0,6.0,100.0,-4.14,
720575940622288008,sensory,olfactory,0.0,0.0,25.141580862614525,26.0,4.0,190.0,15.0,216.0,-0.0,
720575940623139976,central,unknown,0.0,0.0,24.403426135178307,60.0,6.0,76.0,10.0,136.0,-3.38,
720575940623991956,central,unknown,0.0,0.0,20.80475324017836,73.0,5.0,69.0,4.0,142.0,-6.15,
720575940629005467,central,unknown,0.0,8.22592130258951e-11,21.363399924372928,30.0,4.0,49.0,4.0,79.0,-5.2,
720575940635362460,central,unknown,8.283955177379279e-05,2.707610010625605e-07,24.25481183469516,2018.0,73.0,915.0,48.0,2933.0,-3.91,
720575940615406751,central,ALPN,0.0,0.0,24.6412970539803,44.0,6.0,60.0,7.0,104.0,-3.35,
720575940642669728,sensory,olfactory,0.0,0.0,24.0,0.0,0.0,85.0,9.0,85.0,-0.0,
720575940654924961,central,LHLN,0.0,0.0,23.8004035671925,47.0,4.0,59.0,9.0,106.0,-3.43,
720575940620813478,central,Kenyon_Cell,0.0,2.8501290170328793e-09,23.998494517064263,55.0,4.0,28.0,2.0,83.0,-3.34,
720575940627498152,central,unknown,0.0,1.3294978854165678e-08,24.394563200186408,139.0,13.0,41.0,5.0,180.0,-3.39,
720575940607280306,central,Kenyon_Cell,0.0,0.0,24.63110326998747,72.0,5.0,21.0,2.0,93.0,-3.06,
720575940621763767,central,Kenyon_Cell,0.0,0.0,24.673436021547197,143.0,7.0,24.0,2.0,167.0,-3.03,
720575940614522043,central,Kenyon_Cell,0.0,0.0,24.63153085269884,74.0,3.0,43.0,3.0,117.0,-3.41,
720575940623041732,central,unknown,0.0,9.48706550576882e-10,23.431144173718103,227.0,18.0,23.0,2.0,250.0,-5.04,
720575940643882184,central,LHCENT,0.0,2.940992070568645e-09,23.18581977782496,695.0,43.0,1468.0,81.0,2163.0,-4.78,
720575940622353622,central,Kenyon_Cell,0.0,0.0,24.342690914161693,67.0,5.0,42.0,2.0,109.0,-3.36,
720575940611376346,central,unknown,0.0,3.758507209277127e-09,22.869703945958875,19.0,3.0,45.0,5.0,64.0,-4.73,
720575940611835098,central,LHLN,0.0,1.2377320838475804e-10,24.64764515388605,153.0,11.0,39.0,6.0,192.0,-3.28,
720575940614587615,central,unknown,0.0,1.54457244321197e-06,20.678323700612232,76.0,10.0,226.0,11.0,302.0,-5.62,
720575940632315106,sensory,olfactory,0.0,0.0,25.137108878278905,26.0,4.0,42.0,3.0,68.0,-0.0,
720575940637590756,central,unknown,0.0,1.950921394026886e-09,22.777591870946157,392.0,28.0,63.0,8.0,455.0,-5.29,
720575940622550251,sensory,olfactory,0.0,0.0,24.0,0.0,0.0,105.0,7.0,105.0,-0.0,
720575940624680172,central,LHLN,2.291165860410256e-06,9.362109112838141e-08,24.463224119892605,1640.0,100.0,1422.0,101.0,3062.0,-3.7,
720575940623041772,central,Kenyon_Cell,0.0,0.0,24.63388029611599,104.0,7.0,28.0,2.0,132.0,-3.3,
720575940611966194,sensory,olfactory,0.0,0.0,25.094663193383585,23.0,2.0,27.0,1.0,50.0,-0.0,
720575940623729907,sensory,olfactory,0.0,7.980823796479584e-10,25.089193065019877,27.0,3.0,93.0,9.0,120.0,-0.0,
720575940631135488,central,unknown,0.0,1.8435464318343157e-09,23.86534468528369,147.0,19.0,71.0,10.0,218.0,-4.27,
720575940627629315,sensory,olfactory,0.0,5.642638410958087e-09,25.118557370430445,7.0,1.0,32.0,3.0,39.0,-0.0,
720575940628251907,central,ALLN,0.0,3.9248155362928433e-08,24.72700598642542,43.0,5.0,260.0,22.0,303.0,-3.57,
720575940627825923,descending,unknown,0.0,0.0,20.398057505512657,763.0,31.0,5.0,1.0,768.0,-5.37,
720575940625007879,central,unknown,0.0,3.435568790919878e-08,22.937957307909965,57.0,5.0,8.0,1.0,65.0,-5.58,
720575940615800076,central,Kenyon_Cell,0.0,3.1015768845829296e-11,24.287942635375707,39.0,4.0,43.0,3.0,82.0,-3.95,
720575940626941205,central,Kenyon_Cell,0.0,0.0,24.661139884210925,120.0,7.0,22.0,1.0,142.0,-3.24,
720575940627367189,central,Kenyon_Cell,0.0,0.0,24.500782364119924,68.0,6.0,24.0,1.0,92.0,-3.43,
720575940622517530,sensory,olfactory,0.0,1.6333031836057468e-07,25.14063641452768,85.0,10.0,154.0,12.0,239.0,-0.0,
720575940622091546,central,LHLN,0.0,6.8544856396582205e-09,24.711761213554187,139.0,14.0,158.0,21.0,297.0,-3.17,
720575940631758111,central,LHLN,0.0,8.95426498839523e-09,24.346955462283244,207.0,15.0,75.0,9.0,282.0,-4.02,
720575940632544543,central,unknown,0.0,0.0,24.214233528217434,91.0,11.0,40.0,5.0,131.0,-3.68,
720575940620191009,central,unknown,0.0,7.471924435522953e-07,24.109508200881248,87.0,11.0,107.0,9.0,194.0,-4.23,
720575940644472100,central,Kenyon_Cell,0.0,0.0,24.32168568157704,60.0,4.0,62.0,4.0,122.0,-3.76,
720575940623271206,central,unknown,0.0,2.1499163788677568e-09,24.21072239456507,164.0,15.0,37.0,5.0,201.0,-4.01,
720575940611736872,central,unknown,0.0,0.0,24.377105497353384,27.0,4.0,72.0,9.0,99.0,-3.5,
720575940628251947,sensory,olfactory,0.0,0.0,24.0,0.0,0.0,45.0,7.0,45.0,-0.0,
720575940638475573,sensory,olfactory,0.0,5.0309288531345606e-09,25.040714609534582,101.0,11.0,175.0,16.0,276.0,-0.0,
720575940631201079,central,Kenyon_Cell,0.0,0.0,24.70141000540716,115.0,6.0,41.0,2.0,156.0,-2.72,
720575940629824825,central,unknown,0.0,1.0599563286127394e-09,20.9680365876878,26.0,4.0,349.0,31.0,375.0,-4.62,
720575940629824828,central,Kenyon_Cell,0.0,0.0,24.63579225657993,132.0,7.0,29.0,1.0,161.0,-2.96,
720575940623205705,sensory,olfactory,0.0,6.074324948291191e-10,25.1045046481252,50.0,5.0,127.0,12.0,177.0,-0.0,
720575940625007949,central,ALPN,0.0,0.0,23.4338349800244,313.0,15.0,219.0,11.0,532.0,-4.85,
720575940625925458,central,Kenyon_Cell,0.0,0.0,24.67017289253941,87.0,6.0,16.0,1.0,103.0,-3.04,
720575940639917400,central,unknown,0.0,1.4197478341219502e-09,22.439461427993407,69.0,11.0,140.0,11.0,209.0,-4.32,
720575940626482521,central,unknown,0.0,0.0,23.968320274607954,95.0,14.0,66.0,4.0,161.0,-3.66,
720575940617176413,central,Kenyon_Cell,0.0,0.0,24.57981317017645,80.0,6.0,21.0,1.0,101.0,-3.21,
720575940633331040,central,unknown,0.0,0.0,24.320538725327765,23.0,3.0,58.0,7.0,81.0,-3.73,
720575940614653290,sensory,olfactory,0.0,0.0,25.09702312579391,27.0,3.0,27.0,4.0,54.0,-0.0,
720575940630250860,central,unknown,2.6487466594338224e-08,3.32430761959588e-07,24.350862505377965,610.0,55.0,339.0,28.0,949.0,-3.76,
720575940630414700,central,Kenyon_Cell,0.0,0.0,24.40991866742234,83.0,8.0,24.0,2.0,107.0,-3.6,
720575940634510703,central,Kenyon_Cell,0.0,6.933891778622573e-11,24.33047454065632,75.0,6.0,40.0,3.0,115.0,-4.21,
720575940615144821,sensory,olfactory,0.0,8.362507968911546e-10,25.12741461474267,31.0,5.0,110.0,9.0,141.0,-0.0,
720575940629726590,central,LHLN,0.0,1.06395060830076e-08,24.83324920667987,66.0,6.0,104.0,11.0,170.0,-2.9,
720575940621239679,central,ALPN,9.800362639905145e-07,5.225339629645342e-07,24.415799739384877,425.0,37.0,946.0,77.0,1371.0,-2.45,
720575940605412738,central,Kenyon_Cell,0.0,0.0,24.782381065189103,106.0,5.0,30.0,2.0,136.0,-2.94,
720575940625728899,sensory,olfactory,0.0,3.5465564263221e-09,25.18203808359913,21.0,3.0,128.0,11.0,149.0,-0.0,
720575940627203461,central,unknown,0.0,0.0,22.233485892162264,186.0,13.0,457.0,22.0,643.0,-5.64,
720575940623107464,central,unknown,0.0,4.540233635398931e-09,24.08115075119196,215.0,26.0,173.0,17.0,388.0,-4.56,
720575940636607886,central,LHLN,0.0,4.888350043059782e-10,24.618574931041326,106.0,13.0,84.0,8.0,190.0,-3.19,
720575940611114389,sensory,olfactory,0.0,0.0,25.12542673403552,28.0,5.0,60.0,8.0,88.0,-0.0,
720575940635362716,central,unknown,6.489429315612865e-07,1.3338308235855746e-06,21.455488690856686,1160.0,58.0,1026.0,70.0,2186.0,-5.51,
720575940643063200,central,Kenyon_Cell,0.0,0.0,24.593570562176986,83.0,5.0,23.0,1.0,106.0,-3.41,
720575940639753635,central,unknown,0.0,5.0356400369464296e-11,24.30519053531851,146.0,15.0,35.0,5.0,181.0,-3.52,
720575940632413604,central,unknown,0.0,0.0,24.46295328969116,58.0,7.0,6.0,1.0,64.0,-3.82,
720575940621436325,central,unknown,0.0,0.0,24.36693152662238,134.0,8.0,44.0,5.0,178.0,-2.98,
720575940614489511,central,unknown,0.0,0.0,22.352622924393003,45.0,7.0,5.0,1.0,50.0,-5.79,
720575940626744744,sensory,olfactory,0.0,0.0,24.0,0.0,0.0,51.0,5.0,51.0,-0.0,
720575940635493812,central,unknown,0.0,0.0,24.196073750231548,222.0,23.0,58.0,8.0,280.0,-3.52,
720575940625860026,central,Kenyon_Cell,0.0,0.0,24.57931372039942,104.0,6.0,18.0,1.0,122.0,-3.21,
720575940615210427,central,unknown,0.0,0.0,24.153640881800275,41.0,5.0,8.0,1.0,49.0,-3.43,
720575940616127931,central,unknown,0.0,5.8227555685834746e-08,22.931179877462448,208.0,10.0,405.0,28.0,613.0,-5.21,
720575940634183103,sensory,olfactory,0.0,8.160032838674746e-12,25.088102386975727,12.0,2.0,33.0,4.0,45.0,-0.0,
720575940620420544,central,unknown,7.01917864749963e-07,5.723800950717492e-07,24.20034642514115,1292.0,74.0,574.0,43.0,1866.0,-4.07,
720575940620617153,central,unknown,0.0,3.8181906865720267e-07,21.78309839470614,418.0,28.0,384.0,23.0,802.0,-5.31,
720575940620355009,central,Kenyon_Cell,0.0,0.0,24.08787872300812,36.0,3.0,17.0,1.0,53.0,-3.77,
720575940623369668,central,Kenyon_Cell,0.0,4.770903823252329e-09,24.38401679420326,73.0,4.0,67.0,5.0,140.0,-3.77,
720575940611671506,central,ALLN,3.973119989150733e-08,2.2463140132450923e-06,24.620306592248635,3578.0,171.0,3513.0,158.0,7091.0,-3.58,
720575940610229717,central,unknown,0.0,1.5497020431480279e-09,21.9283497544967,134.0,12.0,67.0,5.0,201.0,-5.93,
720575940620912086,sensory,olfactory,0.0,3.234025974464293e-10,25.1409271671238,56.0,7.0,178.0,9.0,234.0,-0.0,
720575940629235159,sensory,olfactory,0.0,0.0,25.103914646858293,21.0,3.0,70.0,5.0,91.0,-0.0,
720575940631365084,central,unknown,0.0,0.0,22.40185970055261,152.0,16.0,29.0,3.0,181.0,-5.28,
720575940614981087,central,Kenyon_Cell,0.0,0.0,24.52164019497488,82.0,8.0,17.0,1.0,99.0,-3.6,
720575940637623780,central,ALLN,7.588659179277901e-06,1.853317629074333e-06,24.618774783107483,4398.0,179.0,4770.0,200.0,9168.0,-3.85,
720575940624811499,central,unknown,0.0,5.636612164799401e-10,24.53973579679453,243.0,26.0,63.0,9.0,306.0,-3.36,
720575940620158447,central,unknown,0.0,0.0,24.36797329009425,227.0,17.0,164.0,14.0,391.0,-3.48,
720575940612031986,central,ALPN,0.0,2.222481821438733e-08,23.604732942797757,370.0,23.0,467.0,23.0,837.0,-4.74,
720575940651419126,central,unknown,0.0,1.0355371694947092e-09,22.058498652616088,37.0,5.0,99.0,6.0,136.0,-5.22,
720575940631725561,central,ALPN,0.0,0.0,24.66456609568104,66.0,7.0,581.0,31.0,647.0,-3.75,
720575940624057853,central,ALPN,4.27905022831534e-05,1.426186844209028e-05,24.761024997595296,3959.0,166.0,7361.0,324.0,11320.0,-2.54,
720575940616783361,sensory,olfactory,0.0,6.074324948291191e-10,25.106615035137384,62.0,7.0,410.0,22.0,472.0,-0.0,
720575940625368578,sensory,olfactory,0.0,0.0,25.144903178331,32.0,4.0,114.0,10.0,146.0,-0.0,
720575940629431814,central,unknown,0.0,3.287617529531754e-08,23.97024274610488,564.0,43.0,93.0,13.0,657.0,-4.22,
720575940628055558,central,Kenyon_Cell,0.0,0.0,24.51964229785966,134.0,8.0,17.0,1.0,151.0,-3.54,
720575940625958414,central,ALLN,0.0,2.03092586376413e-07,24.59914367729756,258.0,17.0,624.0,24.0,882.0,-3.03,
720575940626253331,sensory,olfactory,0.0,0.0,25.12460240249404,26.0,3.0,106.0,8.0,132.0,-0.0,
720575940644308503,central,mAL,0.0,0.0,23.489699627730083,150.0,17.0,153.0,13.0,303.0,-4.34,
720575940626220574,central,Kenyon_Cell,0.0,0.0,24.712725088901177,112.0,8.0,20.0,1.0,132.0,-3.02,
720575940631201311,sensory,olfactory,0.0,0.0,25.118557370430445,5.0,1.0,122.0,12.0,127.0,-0.0,
720575940628186667,central,Kenyon_Cell,0.0,0.0,24.69481504062748,96.0,6.0,21.0,1.0,117.0,-3.11,
720575940631135789,central,unknown,0.0,3.349271783006052e-10,24.58472133493967,184.0,16.0,148.0,18.0,332.0,-3.38,
720575940646667828,central,Kenyon_Cell,0.0,0.0,24.490092852739643,41.0,4.0,19.0,1.0,60.0,-3.38,
720575940630644281,sensory,hygrosensory,0.0,6.27202388740748e-08,24.668822510364706,23.0,4.0,195.0,20.0,218.0,-3.6,
720575940631758393,central,DAN,0.0,0.0,23.50606262273556,1215.0,149.0,668.0,38.0,1883.0,-4.61,
720575940629694027,central,Kenyon_Cell,0.0,0.0,24.689192832618588,128.0,7.0,28.0,1.0,156.0,-2.86,
720575940624221773,central,unknown,0.0,4.43400695420628e-09,22.137659827515076,93.0,9.0,111.0,12.0,204.0,-5.38,
720575940618159696,central,unknown,0.0,0.0,23.611003788654475,56.0,7.0,12.0,1.0,68.0,-5.28,
720575940633036369,central,ALPN,0.0,1.7157345831450486e-08,24.6011848378634,59.0,7.0,221.0,22.0,280.0,-3.3,
720575940633036371,sensory,olfactory,0.0,0.0,24.0,0.0,0.0,5.0,1.0,5.0,-0.0,
720575940615833174,sensory,olfactory,0.0,0.0,25.10883422979615,35.0,5.0,140.0,11.0,175.0,-0.0,
720575940629497431,sensory,olfactory,0.0,0.0,25.093547314624704,10.0,2.0,70.0,9.0,80.0,-0.0,
720575940622026334,central,unknown,0.0,2.7229767228153835e-08,24.385617835953266,106.0,10.0,219.0,17.0,325.0,-3.4,
720575940622321251,central,Kenyon_Cell,0.0,0.0,24.51339913846467,65.0,6.0,22.0,1.0,87.0,-3.6,
720575940604921446,central,unknown,0.0,4.1341262007369706e-08,23.741363044068077,287.0,27.0,516.0,36.0,803.0,-4.64,
720575940643980910,sensory,olfactory,0.0,5.5963911917955925e-09,25.129472331834616,118.0,12.0,125.0,6.0,243.0,-0.0,
720575940629661306,central,unknown,0.0,0.0,24.59544389755499,113.0,9.0,16.0,3.0,129.0,-3.54,
720575940627334782,sensory,olfactory,0.0,0.0,25.11346604298342,10.0,2.0,58.0,6.0,68.0,-0.0,
720575940622812799,central,ALLN,0.0,4.93526570495702e-08,24.37927517683217,133.0,14.0,217.0,26.0,350.0,-3.85,
720575940648633988,central,ALLN,0.0,4.6750134179698534e-07,24.631330355450377,2973.0,133.0,3023.0,154.0,5996.0,-3.95,
720575940622812808,central,Kenyon_Cell,0.0,0.0,24.47066421261821,85.0,7.0,12.0,1.0,97.0,-3.25,
720575940627728009,central,LHLN,0.0,6.02809445027568e-08,24.294742083305536,686.0,54.0,232.0,23.0,918.0,-4.46,
720575940641621645,central,ALLN,0.0,5.195465757820281e-09,24.718772918090675,16.0,3.0,187.0,17.0,203.0,-3.73,
720575940627465871,sensory,olfactory,0.0,4.701843070223652e-09,25.107086319819206,57.0,8.0,96.0,7.0,153.0,-0.0,
720575940623697552,central,unknown,0.0,0.0,22.856176744269803,61.0,7.0,6.0,1.0,67.0,-5.05,
720575940614719122,central,unknown,0.0,1.2063452234443958e-08,24.3156150817413,997.0,56.0,245.0,25.0,1242.0,-3.89,
720575940613637782,sensory,olfactory,0.0,7.40556269132845e-08,25.17244578321447,180.0,15.0,334.0,25.0,514.0,-0.0,
720575940634707607,central,unknown,0.0,1.708469008112515e-08,24.46665132158916,236.0,29.0,148.0,15.0,384.0,-3.69,
720575940613637785,central,unknown,0.0,0.0,24.45933382001799,434.0,32.0,80.0,10.0,514.0,-3.79,
720575940633953948,central,unknown,0.0,3.1701696566145576e-08,23.80743505000139,607.0,49.0,669.0,57.0,1276.0,-4.97,
720575940639032995,central,Kenyon_Cell,0.0,0.0,24.687091014596373,159.0,6.0,33.0,3.0,192.0,-2.84,
720575940620813989,visual_projection,unknown,7.946239978301468e-08,1.345694145992318e-06,22.4206046844525,795.0,40.0,689.0,40.0,1484.0,-4.55,
720575940622124713,central,unknown,0.0,0.0,24.37223663196084,71.0,8.0,12.0,2.0,83.0,-3.82,
720575940635690670,central,unknown,0.0,5.340110571087517e-10,24.00214171822671,81.0,12.0,41.0,6.0,122.0,-4.49,
720575940620519088,sensory,olfactory,0.0,3.315800871991768e-09,25.1114121467258,11.0,2.0,43.0,4.0,54.0,-0.0,
720575940607280818,central,Kenyon_Cell,0.0,0.0,24.607919006591608,81.0,6.0,17.0,1.0,98.0,-3.01,
720575940615767739,sensory,olfactory,0.0,0.0,25.10464736369629,23.0,3.0,64.0,5.0,87.0,-0.0,
720575940623468228,central,unknown,7.946239978301468e-08,1.1265692120748447e-06,23.1552240207668,645.0,36.0,359.0,17.0,1004.0,-4.58,
720575940633593548,central,unknown,1.628979195551801e-06,1.3159838234640246e-07,21.21559323053996,384.0,16.0,513.0,13.0,897.0,-4.99,
720575940621862605,sensory,olfactory,0.0,0.0,25.105397881096597,39.0,5.0,120.0,7.0,159.0,-0.0,
720575940611344078,central,MBON,1.1919359967452201e-07,1.9256846684809894e-07,21.77858393784357,242.0,14.0,2416.0,94.0,2658.0,-5.16,
720575940610885330,central,Kenyon_Cell,0.0,0.0,24.571402492244047,114.0,6.0,21.0,1.0,135.0,-3.69,
720575940617570008,central,unknown,0.0,1.2730516148952466e-09,24.34268103745728,80.0,12.0,21.0,3.0,101.0,-3.31,
720575940617078489,central,unknown,0.0,1.084062795289228e-06,22.64868219899148,118.0,12.0,58.0,4.0,176.0,-5.48,
720575940642506459,central,unknown,2.488497486538076e-05,8.413819623234546e-09,22.927987744998266,2893.0,112.0,1890.0,92.0,4783.0,-5.67,
720575940638639838,central,unknown,0.0,0.0,24.035028933062986,16.0,3.0,38.0,6.0,54.0,-3.45,
720575940633626337,central,LHCENT,1.1177710902810731e-05,1.3311338455303777e-08,23.77498577874649,5502.0,308.0,3583.0,230.0,9085.0,-4.42,
720575940637296356,central,ALON,0.0,1.428383252328311e-10,22.19476076903608,98.0,7.0,22.0,3.0,120.0,-4.65,
720575940617340646,sensory,olfactory,0.0,1.7201157776359952e-09,25.106504189429,55.0,7.0,158.0,8.0,213.0,-0.0,
720575940635821801,central,unknown,0.0,4.8511843579374026e-11,24.28063260843635,134.0,11.0,80.0,7.0,214.0,-3.62,
720575940629137148,visual_projection,unknown,0.0,0.0,20.52846548353969,29.0,4.0,63.0,5.0,92.0,-4.45,
720575940619896581,central,Kenyon_Cell,0.0,9.133609170461455e-11,24.389733378399505,34.0,3.0,40.0,2.0,74.0,-3.52,
720575940624942855,central,unknown,0.0,0.0,23.347532104700228,135.0,17.0,166.0,10.0,301.0,-4.6,
720575940622878477,central,Kenyon_Cell,0.0,0.0,24.731390371391463,108.0,8.0,30.0,2.0,138.0,-3.09,
720575940624549646,central,Kenyon_Cell,0.0,0.0,24.429401880550827,50.0,4.0,31.0,1.0,81.0,-3.69,
720575940623009549,central,Kenyon_Cell,0.0,0.0,24.59420139041117,78.0,6.0,27.0,1.0,105.0,-2.92,
720575940625532689,central,Kenyon_Cell,0.0,0.0,24.699072092806546,126.0,7.0,11.0,1.0,137.0,-3.14,
720575940627728149,central,unknown,3.310933324292278e-07,1.565495850957893e-07,20.940866506456786,222.0,14.0,598.0,35.0,820.0,-5.58,
720575940616095517,central,Kenyon_Cell,0.0,0.0,24.718497783668724,80.0,6.0,17.0,1.0,97.0,-3.0,
720575940603676448,central,unknown,0.0,7.708309862758872e-10,21.34008479437256,77.0,8.0,78.0,6.0,155.0,-5.66,
720575940621764385,central,Kenyon_Cell,0.0,0.0,24.728288570818272,79.0,7.0,22.0,1.0,101.0,-3.03,
720575940622681889,visual_centrifugal,unknown,0.0,0.0,20.48720054972192,51.0,5.0,38.0,6.0,89.0,-4.14,
720575940643129124,central,Kenyon_Cell,0.0,0.0,24.60195867498549,125.0,5.0,20.0,1.0,145.0,-3.3,
720575940626122535,sensory,olfactory,0.0,0.0,25.08562049327524,10.0,2.0,32.0,5.0,42.0,-0.0,
720575940615014184,central,unknown,0.0,0.0,23.484771519604312,115.0,12.0,115.0,5.0,230.0,-4.15,
720575940628219692,central,Kenyon_Cell,0.0,0.0,24.762677820181683,115.0,8.0,36.0,2.0,151.0,-3.17,
720575940647978804,sensory,olfactory,0.0,1.0787540645837974e-10,25.13987354904917,172.0,18.0,255.0,18.0,427.0,-0.0,
720575940629432124,central,unknown,0.0,0.0,20.749860728958865,91.0,9.0,136.0,5.0,227.0,-5.51,
720575940636510015,central,Kenyon_Cell,0.0,0.0,24.629092424248476,110.0,7.0,23.0,1.0,133.0,-3.31,
720575940617504581,central,ALPN,0.0,2.8077164521966347e-06,22.653030400755515,285.0,21.0,681.0,35.0,966.0,-4.46,
720575940638803790,central,unknown,2.3666551402041204e-05,3.783592427514675e-06,21.20495338469121,566.0,27.0,611.0,32.0,1177.0,-5.56,
720575940619896656,central,unknown,0.0,1.4640790225410843e-09,24.230841125257143,536.0,55.0,110.0,10.0,646.0,-3.79,
720575940632151889,central,unknown,0.0,0.0,23.48611027245419,117.0,10.0,10.0,2.0,127.0,-4.97,
720575940628514647,central,ALPN,0.0,5.953202476950113e-09,24.25316698396327,53.0,3.0,247.0,20.0,300.0,-4.32,
720575940635068255,central,LHLN,0.0,1.6143200883205455e-09,24.55344852502978,179.0,21.0,194.0,23.0,373.0,-3.51,
720575940632741728,central,unknown,0.0,1.0281924960428333e-08,24.00495191159018,352.0,28.0,63.0,8.0,415.0,-4.57,
720575940634707807,central,unknown,0.0,0.0,22.65621542466925,74.0,7.0,15.0,2.0,89.0,-3.98,
720575940637624165,central,unknown,0.0,1.8923480930839718e-10,23.48929360425038,174.0,7.0,124.0,14.0,298.0,-5.06,
720575940626745193,central,unknown,0.0,1.2545489929692827e-08,23.76796366784965,128.0,14.0,130.0,13.0,258.0,-4.99,
720575940630579052,central,unknown,0.0,4.1412438773749e-10,24.099740111287836,303.0,35.0,101.0,9.0,404.0,-4.3,
720575940619798381,sensory,olfactory,0.0,0.0,25.10464736369629,23.0,3.0,97.0,13.0,120.0,-0.0,
720575940638410611,sensory,olfactory,0.0,3.1278962471203966e-10,25.1577280970866,38.0,7.0,67.0,5.0,105.0,-0.0,
720575940621010804,central,Kenyon_Cell,0.0,0.0,24.46816669699378,88.0,6.0,17.0,1.0,105.0,-3.18,
720575940621371252,central,unknown,0.0,1.5672504949269802e-08,24.643815390329365,269.0,24.0,126.0,13.0,395.0,-3.17,
720575940649682809,central,Kenyon_Cell,0.0,0.0,24.524432794640045,78.0,4.0,36.0,1.0,114.0,-3.3,
720575940649650041,central,Kenyon_Cell,0.0,3.7906276011976156e-10,23.7551200883572,23.0,2.0,33.0,3.0,56.0,-4.14,
720575940639328128,central,Kenyon_Cell,0.0,0.0,24.693348328559967,131.0,7.0,24.0,1.0,155.0,-3.07,
720575940659316609,central,Kenyon_Cell,0.0,0.0,24.6135482267615,113.0,7.0,23.0,1.0,136.0,-3.14,
720575940658726785,central,Kenyon_Cell,0.0,0.0,24.59520204378984,77.0,6.0,22.0,1.0,99.0,-3.22,
720575940625237891,central,ALPN,0.0,1.2913669461419354e-06,24.20657561549744,22.0,3.0,206.0,16.0,228.0,-3.88,
720575940620781446,sensory,olfactory,0.0,0.0,24.0,0.0,0.0,10.0,2.0,10.0,-0.0,
720575940622354312,central,unknown,0.0,0.0,23.442480975680464,66.0,8.0,65.0,7.0,131.0,-5.44,
720575940624975760,central,Kenyon_Cell,0.0,0.0,24.790074869467865,128.0,8.0,26.0,2.0,154.0,-3.05,
720575940625368976,central,ALPN,0.0,0.0,24.488581572925384,29.0,4.0,232.0,15.0,261.0,-3.99,
720575940614326162,central,ALPN,7.204590913659997e-06,8.641123350089773e-05,24.57517717064913,1953.0,142.0,1989.0,116.0,3942.0,-3.12,
720575940614784918,central,Kenyon_Cell,0.0,0.0,24.606798350447114,155.0,10.0,22.0,1.0,177.0,-3.01,
720575940634707863,central,LHCENT,0.0,9.84687541117648e-08,23.77827339528113,3520.0,223.0,2590.0,186.0,6110.0,-4.3,
720575940626778008,central,unknown,0.0,0.0,23.102302559234108,1746.0,36.0,730.0,32.0,2476.0,-5.98,
720575940617865117,central,Kenyon_Cell,0.0,0.0,24.666882735197053,125.0,6.0,24.0,1.0,149.0,-3.19,
720575940618225566,central,Kenyon_Cell,0.0,0.0,24.569298344009788,103.0,7.0,26.0,1.0,129.0,-3.5,
720575940654499745,sensory,olfactory,0.0,0.0,24.0,0.0,0.0,86.0,8.0,86.0,-0.0,
720575940611475370,sensory,olfactory,0.0,9.083964698163727e-10,25.18863896607859,35.0,5.0,151.0,10.0,186.0,-0.0,
720575940620519339,central,unknown,0.0,0.0,24.431865321785622,531.0,42.0,79.0,8.0,610.0,-3.6,
720575940633921453,central,unknown,0.0,1.262311609937429e-07,20.57417460061589,180.0,8.0,54.0,7.0,234.0,-5.95,
720575940637820846,central,unknown,0.0,5.7240018683879325e-09,24.113560862929656,352.0,38.0,114.0,9.0,466.0,-4.25,
720575940621174704,central,Kenyon_Cell,0.0,0.0,24.512936644613703,70.0,6.0,14.0,1.0,84.0,-3.36,
720575940606756785,central,ALLN,0.0,0.0,24.50691753877037,140.0,14.0,119.0,9.0,259.0,-3.39,
720575940608362418,central,ALLN,0.0,1.2058566003280495e-09,24.554111588652237,375.0,34.0,1093.0,47.0,1468.0,-3.7,
720575940624091061,sensory,olfactory,0.0,0.0,24.0,0.0,0.0,39.0,5.0,39.0,-0.0,
720575940624549820,central,ALLN,0.0,9.50539470291884e-08,24.262230225513623,60.0,7.0,173.0,13.0,233.0,-4.11,
720575940624713660,central,Kenyon_Cell,0.0,0.0,24.49231537612397,100.0,6.0,22.0,1.0,122.0,-3.54,
720575940622649284,central,ALPN,0.0,0.0,24.270146886056807,11.0,2.0,91.0,12.0,102.0,-3.38,
720575940615112646,sensory,olfactory,0.0,0.0,25.094402271803823,12.0,2.0,30.0,4.0,42.0,-0.0,
720575940633593804,central,unknown,0.0,0.0,22.91023945457157,61.0,6.0,5.0,1.0,66.0,-5.24,
720575940609935310,central,Kenyon_Cell,0.0,0.0,24.683740077276813,115.0,9.0,18.0,1.0,133.0,-3.07,
720575940607641557,sensory,olfactory,0.0,0.0,25.09865428638973,19.0,3.0,99.0,7.0,118.0,-0.0,
720575940608886741,central,unknown,0.0,8.775370154747804e-10,24.418507485514866,197.0,22.0,59.0,7.0,256.0,-3.41,
720575940622190550,central,unknown,0.0,3.6650903992315324e-10,24.32252698800235,231.0,21.0,56.0,5.0,287.0,-3.64,
720575940617963480,central,Kenyon_Cell,0.0,0.0,24.338124605974777,86.0,7.0,17.0,1.0,103.0,-4.28,
720575940629792732,central,ALLN,0.0,1.4477907803933148e-06,24.646795928282454,3474.0,156.0,3391.0,162.0,6865.0,-4.02,
720575940614522847,sensory,olfactory,0.0,8.761408411409525e-09,25.13498594727324,109.0,10.0,216.0,13.0,325.0,-0.0,
720575940613212141,central,unknown,0.0,0.0,23.405890192841028,144.0,15.0,102.0,9.0,246.0,-5.37,
720575940620847086,sensory,hygrosensory,0.0,0.0,24.639492109427035,261.0,23.0,520.0,36.0,781.0,-3.78,
720575940619864047,central,unknown,8.449501843593894e-06,3.9888937330184346e-08,19.61652785202729,715.0,20.0,439.0,10.0,1154.0,-5.99,
720575940613670893,central,unknown,0.0,3.2856828428294904e-09,21.31276542056724,78.0,6.0,234.0,14.0,312.0,-5.48,
720575940628318193,central,Kenyon_Cell,0.0,0.0,24.61352563931532,151.0,10.0,14.0,1.0,165.0,-3.23,
720575940612327410,central,unknown,0.0,8.741738149946609e-11,24.518233531860066,79.0,10.0,44.0,4.0,123.0,-3.03,
720575940621764596,central,unknown,0.0,0.0,23.497813059026164,35.0,5.0,66.0,6.0,101.0,-4.63,
720575940630644727,central,unknown,2.277922127113087e-06,5.811461751283269e-08,19.781221687845004,321.0,14.0,137.0,10.0,458.0,-6.05,
720575940629301248,central,ALPN,7.01917864749963e-07,3.808287740516569e-07,24.36164546873784,1393.0,64.0,2038.0,122.0,3431.0,-3.7,
720575940623828999,central,unknown,0.0,9.372989384765942e-10,23.510120809704475,427.0,29.0,439.0,32.0,866.0,-5.25,
720575940628285450,sensory,olfactory,0.0,8.547133261652779e-08,25.159374682568306,154.0,14.0,319.0,24.0,473.0,-0.0,
720575940627269642,central,unknown,0.0,5.408506859228821e-09,24.49035494843035,296.0,20.0,147.0,15.0,443.0,-3.72,
720575940624746510,central,unknown,0.0,2.66464896073374e-08,22.28454824276878,214.0,21.0,127.0,9.0,341.0,-5.14,
720575940628514832,central,unknown,8.03894611138165e-06,4.808126555103132e-07,20.66835644775965,541.0,13.0,513.0,15.0,1054.0,-6.31,
720575940630284306,sensory,olfactory,0.0,3.462867507368957e-09,25.07781195839356,131.0,15.0,206.0,19.0,337.0,-0.0,
720575940626581525,sensory,olfactory,0.0,0.0,25.094402271803823,12.0,2.0,176.0,12.0,188.0,-0.0,
720575940633102361,central,Kenyon_Cell,0.0,0.0,24.71901664016049,103.0,6.0,34.0,2.0,137.0,-3.18,
720575940604168224,central,Kenyon_Cell,0.0,3.7906276011976156e-10,24.29616919146943,33.0,2.0,37.0,3.0,70.0,-4.18,
720575940620421153,sensory,olfactory,0.0,1.0787540645837974e-10,25.14496319271603,121.0,10.0,566.0,26.0,687.0,-0.0,
720575940617537570,central,ALLN,0.0,1.672080813360858e-07,24.68530486110972,3541.0,146.0,3727.0,160.0,7268.0,-3.8,
720575940624975909,sensory,olfactory,0.0,0.0,25.063458821480456,17.0,3.0,49.0,4.0,66.0,-0.0,
720575940625631280,central,unknown,0.0,0.0,22.810277646185337,40.0,5.0,76.0,4.0,116.0,-4.59,
720575940632676409,central,Kenyon_Cell,0.0,0.0,24.71495444778889,97.0,6.0,20.0,1.0,117.0,-2.76,
720575940626516026,sensory,olfactory,0.0,0.0,25.109976954986,11.0,2.0,52.0,7.0,63.0,-0.0,
720575940621142081,central,LHLN,0.0,2.078894966669428e-08,24.592507610844084,1307.0,64.0,702.0,64.0,2009.0,-3.26,
720575940627826760,descending,unknown,1.5892479956602933e-07,3.213070629943865e-07,19.315670435090013,1111.0,34.0,57.0,2.0,1168.0,-6.03,
720575940621437004,sensory,olfactory,0.0,2.518730541879105e-09,25.1055490729865,5.0,1.0,40.0,6.0,45.0,-0.0,
720575940638148686,central,unknown,0.0,0.0,19.855745705802917,53.0,4.0,73.0,3.0,126.0,-5.48,
720575940639197262,central,Kenyon_Cell,0.0,0.0,24.793253695571348,93.0,5.0,22.0,1.0,115.0,-2.89,
720575940631234643,sensory,olfactory,0.0,1.0750774740671098e-10,25.16797165321342,53.0,7.0,208.0,13.0,261.0,-0.0,
720575940617209940,sensory,olfactory,0.0,3.5465564263221e-09,25.16776606416071,24.0,4.0,51.0,5.0,75.0,-0.0,
720575940632676435,central,unknown,0.0,0.0,23.43478191974432,135.0,16.0,15.0,2.0,150.0,-5.22,
720575940620159070,central,unknown,0.0,0.0,23.370763612087345,154.0,16.0,226.0,19.0,380.0,-5.38,
720575940635592805,sensory,olfactory,0.0,0.0,24.0,0.0,0.0,26.0,2.0,26.0,-0.0,
720575940636477541,central,unknown,0.0,2.6749646490687533e-09,24.275170002518003,213.0,13.0,296.0,32.0,509.0,-4.62,
720575940614785130,central,Kenyon_Cell,0.0,0.0,24.58765802478068,126.0,6.0,29.0,1.0,155.0,-3.19,
720575940630546540,central,ALPN,4.052582388933748e-05,3.341680283816747e-05,24.789989754927337,3301.0,194.0,6961.0,403.0,10262.0,-2.24,
720575940643489902,central,unknown,0.0,1.5507884422914648e-11,23.161168441230814,169.0,14.0,259.0,16.0,428.0,-5.52,
720575940609378424,central,Kenyon_Cell,0.0,0.0,24.43636600566424,114.0,7.0,19.0,1.0,133.0,-3.63,
720575940620814463,sensory,olfactory,0.0,0.0,24.0,0.0,0.0,21.0,3.0,21.0,-0.0,
720575940659447937,sensory,olfactory,0.0,0.0,25.025755868328226,5.0,1.0,46.0,4.0,51.0,-0.0,
720575940659611777,central,ALPN,2.767940259108344e-06,9.923281151296753e-07,24.34676413604718,3693.0,126.0,5252.0,201.0,8945.0,-3.94,
720575940626614405,sensory,olfactory,0.0,6.202474689334371e-08,25.148565017404817,348.0,20.0,686.0,24.0,1034.0,-0.0,
720575940620421255,sensory,olfactory,0.0,0.0,24.937000927429875,17.0,3.0,82.0,9.0,99.0,-0.0,
720575940617668747,central,ALPN,3.668514123315844e-05,5.641361075838724e-06,24.76159197800956,2279.0,122.0,4030.0,243.0,6309.0,-2.1,
720575940615604363,central,Kenyon_Cell,0.0,0.0,24.691562837144808,104.0,6.0,21.0,1.0,125.0,-3.02,
720575940626811023,sensory,olfactory,0.0,4.010839058280589e-08,25.15821022357018,360.0,23.0,806.0,27.0,1166.0,-0.0,
720575940625336464,central,unknown,0.0,0.0,21.42146958324872,343.0,24.0,324.0,21.0,667.0,-5.68,
720575940614719634,central,unknown,0.0,2.8604175587838254e-11,24.58281003905955,62.0,9.0,10.0,2.0,72.0,-3.68,
720575940623927444,central,Kenyon_Cell,0.0,0.0,24.328081765057977,52.0,3.0,49.0,2.0,101.0,-4.16,
720575940634609815,central,Kenyon_Cell,0.0,0.0,24.7904710106846,144.0,8.0,23.0,1.0,167.0,-3.08,
720575940626778264,central,unknown,0.0,8.239797732868021e-09,24.58196406405875,129.0,13.0,86.0,8.0,215.0,-3.15,
720575940616128669,central,Kenyon_Cell,0.0,0.0,24.695633916459016,158.0,7.0,25.0,1.0,183.0,-3.07,
720575940613867682,central,Kenyon_Cell,0.0,0.0,24.41318470809675,106.0,7.0,31.0,2.0,137.0,-3.65,
720575940620224677,sensory,olfactory,0.0,9.361345026677964e-10,25.074729548504838,107.0,9.0,175.0,14.0,282.0,-0.0,
720575940614326439,central,Kenyon_Cell,0.0,0.0,24.45933324205928,85.0,7.0,42.0,1.0,127.0,-3.6,
720575940631038125,central,unknown,0.0,5.678319683364226e-09,20.93200026648845,92.0,8.0,62.0,7.0,154.0,-5.61,
720575940637526190,central,ALPN,1.6912247420484955e-05,1.594334095204239e-06,24.87664852865413,3047.0,126.0,6314.0,273.0,9361.0,-2.17,
720575940620028080,sensory,olfactory,0.0,1.1243202076377908e-10,25.18500679792585,43.0,6.0,68.0,4.0,111.0,-0.0,
720575940606757041,central,ALPN,0.0,1.460689947757191e-07,24.74155077666837,178.0,23.0,1330.0,76.0,1508.0,-2.62,
720575940625107127,central,unknown,0.0,9.691486783531589e-07,24.616889354126823,135.0,16.0,194.0,14.0,329.0,-3.23,
720575940624943292,central,unknown,0.0,2.8798490497838417e-10,24.488992133261718,405.0,32.0,53.0,5.0,458.0,-3.35,
720575940635953343,central,Kenyon_Cell,0.0,0.0,24.27926953474983,43.0,4.0,21.0,1.0,64.0,-3.85,
720575940622944461,central,Kenyon_Cell,0.0,0.0,24.466895053863727,84.0,6.0,27.0,2.0,111.0,-3.67,
720575940640049360,central,unknown,0.0,0.0,23.268143692192258,111.0,12.0,30.0,2.0,141.0,-4.98,
720575940609607890,central,unknown,0.0,2.533677777785252e-07,21.631758770394423,183.0,17.0,62.0,9.0,245.0,-5.74,
720575940615669972,central,ALLN,1.059498663773529e-07,9.329461477205148e-07,25.062400087132083,357.0,36.0,463.0,14.0,820.0,-1.12,
720575940608657621,central,Kenyon_Cell,0.0,0.0,24.22796504249005,39.0,4.0,18.0,1.0,57.0,-4.23,
720575940619274456,central,Kenyon_Cell,0.0,0.0,24.341091089183188,44.0,3.0,51.0,2.0,95.0,-4.16,
720575940641360091,central,Kenyon_Cell,0.0,0.0,24.150062022811973,61.0,4.0,34.0,2.0,95.0,-3.56,
720575940614883551,central,LHLN,0.0,6.300417907451399e-08,24.52804904028343,243.0,17.0,290.0,29.0,533.0,-3.33,
720575940616653030,sensory,olfactory,0.0,2.5315138598251522e-08,25.112126079620204,65.0,5.0,460.0,17.0,525.0,-0.0,
720575940623567082,central,unknown,0.0,0.0,24.5066327132567,84.0,11.0,47.0,4.0,131.0,-3.22,
720575940622813418,central,Kenyon_Cell,0.0,0.0,24.697725435684724,130.0,8.0,23.0,1.0,153.0,-2.8,
720575940620847342,sensory,olfactory,0.0,0.0,25.114573863266223,23.0,3.0,105.0,10.0,128.0,-0.0,
720575940642015477,central,ALLN,0.0,1.4522733146712521e-07,23.52177786264985,574.0,24.0,333.0,32.0,907.0,-3.88,
720575940623862015,central,unknown,0.0001191406247413,2.89853367319873e-06,22.768149669923726,1049.0,31.0,626.0,32.0,1675.0,-5.13,
720575940616980737,central,unknown,3.472506870517741e-05,1.1357707697626004e-06,20.24279644955353,438.0,12.0,1661.0,36.0,2099.0,-6.1,
720575940630251791,central,ALLN,0.0,0.0,24.76597622751324,115.0,12.0,61.0,6.0,176.0,-2.3,
720575940644899095,central,unknown,0.0,8.429617416511986e-09,24.51098108485824,181.0,18.0,137.0,9.0,318.0,-3.33,
720575940626286878,central,Kenyon_Cell,0.0,0.0,24.48036121032433,206.0,11.0,30.0,1.0,236.0,-3.78,
720575940605675808,central,unknown,0.0,0.0,23.043038721748854,251.0,23.0,260.0,20.0,511.0,-4.76,
720575940621732129,central,LHLN,0.0,0.0,24.317944764303128,200.0,20.0,59.0,9.0,259.0,-3.41,
720575940622682409,sensory,olfactory,0.0,0.0,24.0,0.0,0.0,29.0,5.0,29.0,-0.0,
720575940630612280,sensory,olfactory,0.0,0.0,25.123027363251264,27.0,4.0,112.0,10.0,139.0,-0.0,
720575940627368250,central,unknown,0.0,1.239114648611774e-06,24.502617910544377,1798.0,89.0,204.0,24.0,2002.0,-3.68,
720575940628056380,central,unknown,0.0,0.0,23.7890553424341,95.0,9.0,132.0,11.0,227.0,-4.7,
720575940640639293,central,ALPN,0.0,1.430973607955143e-07,24.658739443738085,223.0,26.0,1371.0,72.0,1594.0,-3.33,
720575940615506242,central,unknown,0.0,1.2692769793350642e-09,24.24041049530893,360.0,38.0,167.0,15.0,527.0,-4.15,
720575940638214470,sensory,olfactory,0.0,0.0,25.1114121467258,11.0,2.0,122.0,11.0,133.0,-0.0,
720575940632906055,central,unknown,0.0,0.0,22.1042756534104,12.0,2.0,0.0,0.0,12.0,-5.82,
720575940630972747,central,Kenyon_Cell,0.0,0.0,24.53832237929956,153.0,7.0,24.0,1.0,177.0,-3.29,
720575940621470028,central,ALLN,0.0,0.0,24.447279300892223,192.0,20.0,149.0,10.0,341.0,-3.91,
720575940637788494,central,Kenyon_Cell,0.0,0.0,24.56514891662754,100.0,7.0,35.0,1.0,135.0,-3.34,
720575940628678991,central,unknown,0.0,1.706608610803291e-06,22.292966293898804,170.0,13.0,59.0,5.0,229.0,-4.62,
720575940632086865,central,Kenyon_Cell,0.0,0.0,24.36851590889353,63.0,4.0,24.0,1.0,87.0,-4.07,
720575940618946901,sensory,olfactory,0.0,0.0,25.067939466972906,15.0,2.0,33.0,5.0,48.0,-0.0,
720575940626712921,central,Kenyon_Cell,0.0,0.0,24.755120230593185,95.0,5.0,15.0,1.0,110.0,-3.09,
720575940620552539,central,LHLN,0.0,2.3850056540047852e-08,24.664202170919207,464.0,36.0,48.0,7.0,512.0,-3.22,
720575940616194397,sensory,olfactory,0.0,0.0,25.111069212869616,26.0,4.0,53.0,4.0,79.0,-0.0,
720575940620355934,central,Kenyon_Cell,0.0,0.0,24.54909783687014,52.0,4.0,33.0,2.0,85.0,-3.63,
720575940611803490,central,Kenyon_Cell,0.0,0.0,23.87642424334411,47.0,3.0,23.0,1.0,70.0,-4.11,
720575940645226862,central,Kenyon_Cell,0.0,0.0,24.32176040616552,118.0,5.0,17.0,1.0,135.0,-4.26,
720575940636838256,central,unknown,0.0,0.0,22.652093672401836,24.0,4.0,137.0,10.0,161.0,-4.5,
720575940621273460,central,unknown,0.0,0.0,24.624341395309653,108.0,9.0,136.0,17.0,244.0,-3.27,
720575940631497078,central,ALLN,0.0,1.742521895460145e-06,24.696901690590845,2361.0,116.0,662.0,51.0,3023.0,-3.18,
720575940625795453,sensory,olfactory,0.0,4.921631871637144e-09,25.07703806178622,30.0,4.0,95.0,13.0,125.0,-0.0,
720575940622780799,central,unknown,0.0,0.0,24.03098595210605,47.0,7.0,51.0,6.0,98.0,-4.09,
720575940639099264,sensory,olfactory,0.0,0.0,24.0,0.0,0.0,13.0,2.0,13.0,-0.0,
720575940640803200,central,ALLN,1.3243733297169113e-07,1.9374914378051663e-05,24.609232762196097,7645.0,342.0,6453.0,334.0,14098.0,-2.99,
720575940639328640,central,Kenyon_Cell,0.0,0.0,24.62771989521369,130.0,9.0,25.0,1.0,155.0,-3.19,
720575940628023685,central,ALLN,9.477215547454216e-05,1.396750590573381e-05,24.957012349700303,3016.0,144.0,2524.0,79.0,5540.0,-1.7,
720575940637559182,central,unknown,0.0,0.0,22.94059412499126,72.0,9.0,26.0,4.0,98.0,-5.09,
720575940625107352,central,unknown,0.0,0.0,22.858798996909712,76.0,6.0,59.0,5.0,135.0,-5.99,
720575940610951577,central,Kenyon_Cell,0.0,0.0,24.525941777714586,122.0,8.0,31.0,1.0,153.0,-3.42,
720575940654500257,sensory,olfactory,0.0,2.6859973626509532e-09,25.065600793721195,110.0,10.0,203.0,18.0,313.0,-0.0,
720575940640541091,central,ALLN,0.0,1.1030590870323615e-06,24.639255407589523,4355.0,157.0,3988.0,174.0,8343.0,-3.78,
720575940619930021,central,unknown,0.0,4.224083194469551e-09,24.373686788514743,304.0,27.0,79.0,11.0,383.0,-3.41,
720575940627073448,central,Kenyon_Cell,0.0,0.0,24.51442860521796,79.0,6.0,19.0,1.0,98.0,-3.21,
720575940621011376,central,unknown,0.0,0.0,22.75671410199445,61.0,7.0,303.0,23.0,364.0,-4.59,
720575940638607805,sensory,olfactory,0.0,3.2910969038938915e-10,25.113121001703007,56.0,7.0,129.0,10.0,185.0,-0.0,
720575940634773951,central,ALON,0.0003322985121592,0.000344921655706,24.303674838929613,884.0,77.0,2103.0,76.0,2987.0,-2.75,
720575940634839487,central,Kenyon_Cell,0.0,0.0,24.55875681199468,33.0,4.0,17.0,1.0,50.0,-3.11,
720575940634970559,central,LHLN,0.0,4.4513468504273324e-09,24.486795241623263,96.0,11.0,112.0,10.0,208.0,-3.48,
720575940629498306,central,Kenyon_Cell,0.0,0.0,24.49421034042439,101.0,7.0,19.0,1.0,120.0,-3.38,
720575940608461251,central,unknown,0.0,0.0,24.843473360400235,24.0,3.0,53.0,6.0,77.0,-2.95,
720575940605381065,central,unknown,0.0,3.200511161705967e-10,23.58304487403585,12.0,2.0,25.0,2.0,37.0,-3.95,
720575940619766219,central,ALPN,0.0,1.441945709903027e-07,23.74648222404986,653.0,46.0,2023.0,109.0,2676.0,-4.82,
720575940619078091,central,ALLN,0.0,3.868789720407725e-07,24.495895416412104,957.0,88.0,1770.0,117.0,2727.0,-3.91,
720575940623010253,central,Kenyon_Cell,0.0,0.0,24.59196580557671,90.0,6.0,23.0,1.0,113.0,-3.58,
720575940609149394,central,Kenyon_Cell,0.0,0.0,24.65733629008424,100.0,7.0,17.0,1.0,117.0,-3.13,
720575940629236183,sensory,olfactory,0.0,0.0,24.0,0.0,0.0,51.0,6.0,51.0,-0.0,
720575940617079257,central,Kenyon_Cell,0.0,0.0,24.66036854782863,124.0,9.0,25.0,1.0,149.0,-3.23,
720575940640934363,ascending,AN,0.0,1.2103503776343392e-08,21.08549015835469,199.0,17.0,217.0,17.0,416.0,-5.95,
720575940622387677,central,Kenyon_Cell,0.0,0.0,24.534665296492804,81.0,7.0,25.0,1.0,106.0,-3.52,
720575940609903077,central,ALPN,0.0,4.286696425778401e-07,24.91603964329909,874.0,64.0,1139.0,92.0,2013.0,-1.95,
720575940637231593,central,ALPN,4.489625587740329e-06,1.2803052820219705e-06,24.752595787598427,483.0,46.0,1405.0,115.0,1888.0,-2.67,
720575940613736941,sensory,olfactory,0.0,0.0,25.113090364717948,28.0,4.0,164.0,11.0,192.0,-0.0,
720575940628777466,central,Kenyon_Cell,0.0,0.0,24.4545186140593,127.0,5.0,16.0,1.0,143.0,-3.4,
720575940629268986,central,unknown,0.0,1.3316764091473522e-09,24.65589518392401,339.0,34.0,109.0,11.0,448.0,-3.12,
720575940623043069,central,unknown,0.0,8.74895325247181e-08,22.32194329930525,52.0,6.0,24.0,2.0,76.0,-5.48,
720575940629662208,central,unknown,3.081816738251252e-05,5.125455628154055e-08,22.398385295813014,664.0,17.0,1132.0,36.0,1796.0,-5.54,
720575940617308673,sensory,olfactory,0.0,1.1698863506917843e-10,25.153769667308797,23.0,4.0,99.0,10.0,122.0,-0.0,
720575940624484866,central,unknown,0.0,3.315315403414388e-08,20.189967918565248,63.0,6.0,355.0,27.0,418.0,-6.44,
720575940628515331,central,unknown,0.0,7.883464611072095e-09,24.327464671808468,301.0,29.0,57.0,7.0,358.0,-3.47,
720575940628908548,optic,optic_lobe_intrinsic,0.0,0.0,14.089982723512318,213.0,2.0,559.0,2.0,772.0,-10.08,
720575940622060040,central,unknown,0.0,0.0,24.126093877066808,5.0,1.0,43.0,6.0,48.0,-4.53,
720575940630514191,sensory,olfactory,0.0,6.074324948291191e-10,25.113119409544584,39.0,4.0,155.0,13.0,194.0,-0.0,
720575940626876945,central,ALLN,0.0,0.0,24.485384613889188,54.0,6.0,150.0,9.0,204.0,-3.94,
720575940631267858,central,unknown,0.0,0.0,24.06911000854616,84.0,11.0,20.0,3.0,104.0,-3.52,
720575940612590102,central,Kenyon_Cell,0.0,0.0,24.65653132647781,83.0,5.0,24.0,1.0,107.0,-3.06,
720575940604103200,central,Kenyon_Cell,0.0,0.0,24.608866725012017,101.0,5.0,26.0,1.0,127.0,-3.01,
720575940625926693,central,DAN,0.0,3.534384606996995e-09,23.462221180457583,1884.0,122.0,450.0,60.0,2334.0,-4.75,
720575940623764007,central,unknown,0.0,2.660245753725392e-07,20.941359053379383,577.0,22.0,115.0,7.0,692.0,-5.32,
720575940613016104,central,ALPN,0.0,4.067417052981657e-08,24.359516948021053,44.0,7.0,45.0,5.0,89.0,-3.7,
720575940622977577,central,LHLN,0.0,1.0911487304686833e-08,24.62706462140652,858.0,36.0,590.0,66.0,1448.0,-3.25,
720575940631595562,sensory,olfactory,0.0,2.613048613785647e-10,25.150309179854126,28.0,4.0,145.0,10.0,173.0,-0.0,
720575940630907434,central,unknown,2.3375189269503484e-05,4.539747224306345e-07,19.28556301061765,152.0,11.0,833.0,17.0,985.0,-5.8,
720575940624681520,central,unknown,0.0,0.0,22.891325591879568,218.0,9.0,86.0,4.0,304.0,-5.13,
720575940631792184,central,Kenyon_Cell,0.0,0.0,24.552588053479077,127.0,9.0,18.0,1.0,145.0,-3.47,
720575940638083647,central,unknown,0.0,0.0,24.66499028359862,74.0,6.0,51.0,7.0,125.0,-3.22,
720575940620814913,central,unknown,0.0,0.0,23.23656225370284,85.0,9.0,246.0,13.0,331.0,-5.0,
720575940638673478,central,unknown,0.0,1.2554497588025038e-08,24.242614786179885,311.0,22.0,95.0,12.0,406.0,-3.57,
720575940626582088,sensory,olfactory,0.0,0.0,25.10276993610156,5.0,1.0,76.0,9.0,81.0,-0.0,
720575940630547019,sensory,olfactory,0.0,0.0,25.0883822082052,12.0,1.0,79.0,8.0,91.0,-0.0,
720575940637461082,central,unknown,0.0,3.837394489809881e-07,21.91386853483382,93.0,8.0,15.0,2.0,108.0,-5.3,
720575940634937951,central,Kenyon_Cell,0.0,0.0,24.521401192354013,94.0,6.0,30.0,1.0,124.0,-3.08,
720575940634217061,central,unknown,0.0,1.5931669121252024e-09,24.39935222569161,96.0,12.0,64.0,9.0,160.0,-3.52,
720575940636052080,sensory,olfactory,0.0,0.0,25.121860671961013,31.0,3.0,83.0,4.0,114.0,-0.0,
720575940637067888,central,unknown,0.0,2.700930607876905e-09,24.291520399383124,187.0,15.0,75.0,10.0,262.0,-3.38,
720575940609870449,central,unknown,0.0,0.0,24.38149624936684,42.0,6.0,0.0,0.0,42.0,-3.79,
720575940615768693,central,Kenyon_Cell,0.0,0.0,24.28410715641401,52.0,4.0,32.0,1.0,84.0,-3.69,
720575940610427512,central,unknown,0.0,8.497203554994203e-10,24.44087708182726,500.0,39.0,95.0,8.0,595.0,-3.48,
720575940626057853,central,unknown,0.0,0.0,22.27089047132385,216.0,22.0,56.0,6.0,272.0,-5.46,
720575940625402501,central,ALPN,0.0,9.729752816662977e-08,24.278380584417103,130.0,12.0,482.0,37.0,612.0,-3.4,
720575940642343565,central,ALLN,0.0,5.714431522326459e-09,25.06632713882761,99.0,13.0,1217.0,88.0,1316.0,-1.59,
720575940635593358,sensory,olfactory,0.0,0.0,25.082485686486272,5.0,1.0,64.0,10.0,69.0,-0.0,
720575940636609166,central,LHLN,0.0,0.0,24.552715914399496,356.0,23.0,198.0,5.0,554.0,-3.47,
720575940626451088,central,unknown,0.0,0.0,22.57751770164079,137.0,17.0,8.0,1.0,145.0,-5.23,
720575940643293837,central,unknown,0.0,0.0,22.692981693681364,778.0,69.0,52.0,6.0,830.0,-4.96,
720575940623927956,sensory,olfactory,0.0,0.0,25.03819819237836,5.0,1.0,36.0,6.0,41.0,-0.0,
720575940617341597,central,Kenyon_Cell,0.0,0.0,24.5599558480992,144.0,7.0,25.0,1.0,169.0,-3.63,
720575940613999263,sensory,olfactory,0.0,0.0,24.0,0.0,0.0,60.0,8.0,60.0,-0.0,
720575940654926497,central,LHLN,0.0,0.0,24.805982394498574,121.0,7.0,147.0,18.0,268.0,-2.79,
720575940620159659,central,unknown,0.0,9.620145252180952e-11,24.69193949219361,71.0,9.0,33.0,3.0,104.0,-2.9,
720575940621241008,central,unknown,0.0,2.9454278792781347e-09,24.2700015660806,188.0,25.0,184.0,13.0,372.0,-3.75,
720575940621175472,central,Kenyon_Cell,0.0,0.0,24.516831272441703,57.0,4.0,34.0,2.0,91.0,-3.04,
720575940635462324,central,unknown,5.429930651839336e-07,1.1451534830477013e-07,24.53871431526211,680.0,52.0,243.0,13.0,923.0,-3.42,
720575940624943800,central,unknown,0.0,3.6337845222336516e-09,23.66803014817963,284.0,26.0,112.0,12.0,396.0,-3.82,
720575940638804669,sensory,olfactory,0.0,0.0,25.118557370430445,8.0,1.0,107.0,6.0,115.0,-0.0,
720575940605250238,sensory,olfactory,0.0,0.0,24.0,0.0,0.0,46.0,5.0,46.0,-0.0,
720575940630973125,central,unknown,0.0,4.4569697858237147e-10,24.23923519929172,175.0,20.0,58.0,6.0,233.0,-3.76,
720575940642212552,central,ALPN,0.0,1.1207830595357412e-08,24.72290744362737,21.0,4.0,90.0,12.0,111.0,-3.13,
720575940630285007,sensory,olfactory,0.0,5.393770322918987e-11,25.141227562104277,52.0,5.0,112.0,9.0,164.0,-0.0,
720575940611672785,central,unknown,0.0,4.104381259030895e-10,23.598919626145356,39.0,7.0,32.0,5.0,71.0,-4.17,
720575940631661281,central,Kenyon_Cell,0.0,1.3935393384398541e-09,24.285741188305217,50.0,4.0,66.0,5.0,116.0,-3.9,
720575940633496290,central,Kenyon_Cell,0.0,0.0,24.685437100829603,67.0,6.0,29.0,1.0,96.0,-2.9,
720575940639230692,central,LHLN,0.0,6.527935534225109e-08,24.54073400128074,620.0,42.0,153.0,18.0,773.0,-3.55,
720575940611377893,sensory,hygrosensory,0.0,4.151684978701284e-07,24.68930130021224,57.0,6.0,157.0,16.0,214.0,-3.03,
720575940616915686,central,Kenyon_Cell,0.0,0.0,24.708685895674236,156.0,9.0,21.0,1.0,177.0,-3.07,
720575940620225264,central,Kenyon_Cell,0.0,0.0,24.486654679232743,89.0,4.0,27.0,1.0,116.0,-3.29,
720575940621241072,ascending,AN,0.0,5.240414654032364e-07,21.561269638064893,215.0,16.0,1164.0,43.0,1379.0,-5.05,
720575940652403446,central,Kenyon_Cell,0.0,0.0,24.612659542463604,101.0,5.0,19.0,1.0,120.0,-3.28,
720575940617046785,sensory,olfactory,0.0,0.0,25.10773132689773,21.0,3.0,119.0,11.0,140.0,-0.0,
720575940628581123,central,Kenyon_Cell,0.0,0.0,24.756350206503186,161.0,9.0,36.0,2.0,197.0,-2.74,
720575940627172100,central,ALPN,0.0,0.0,24.474357723066884,35.0,5.0,145.0,12.0,180.0,-3.94,
720575940622977799,sensory,olfactory,0.0,1.8568420357363375e-07,25.16921586757397,111.0,9.0,377.0,23.0,488.0,-0.0,
720575940624288520,central,Kenyon_Cell,0.0,0.0,24.69495684998454,103.0,7.0,22.0,1.0,125.0,-3.0,
720575940622027527,central,unknown,0.0,4.0569698170887944e-09,24.28787870939094,206.0,16.0,51.0,8.0,257.0,-3.19,
720575940607085323,sensory,olfactory,0.0,0.0,25.11202475092165,26.0,3.0,56.0,5.0,82.0,-0.0,
720575940628810512,central,unknown,0.0,7.715217340238303e-07,23.73493196964623,235.0,17.0,102.0,8.0,337.0,-4.45,
720575940631268114,central,LHLN,0.0,1.2019504575742252e-10,24.80570858354636,95.0,2.0,165.0,16.0,260.0,-3.53,
720575940627237651,central,unknown,0.0,9.058855678923307e-10,24.484481738661252,240.0,21.0,133.0,15.0,373.0,-3.71,
720575940632677145,sensory,olfactory,0.0,0.0,25.14186321473966,6.0,1.0,69.0,7.0,75.0,-0.0,
720575940623141658,central,unknown,0.0,4.3493043425658677e-10,22.1583008216748,233.0,15.0,82.0,5.0,315.0,-6.23,
720575940645325603,sensory,olfactory,0.0,0.0,24.0,0.0,0.0,19.0,3.0,19.0,-0.0,
720575940628024107,central,ALPN,0.0,2.381847683938517e-07,22.26341160451397,31.0,3.0,185.0,21.0,216.0,-4.14,
720575940630219567,central,Kenyon_Cell,0.0,0.0,24.60448010348288,130.0,8.0,17.0,1.0,147.0,-3.16,
720575940619537201,central,unknown,2.7096678326008003e-05,1.826157798565046e-06,24.04656292390449,2102.0,90.0,2582.0,107.0,4684.0,-4.71,
720575940631792440,central,Kenyon_Cell,0.0,0.0,24.54434347993653,102.0,6.0,25.0,1.0,127.0,-3.24,
720575940616358715,central,Kenyon_Cell,0.0,0.0,24.67183009630672,108.0,8.0,25.0,2.0,133.0,-3.13,
720575940637002574,sensory,olfactory,0.0,0.0,25.118557370430445,5.0,1.0,87.0,6.0,92.0,-0.0,
720575940619864912,central,Kenyon_Cell,0.0,2.5770002806446493e-09,24.105914642832133,40.0,3.0,23.0,3.0,63.0,-3.88,
720575940632447827,central,Kenyon_Cell,0.0,0.0,24.67059595711824,150.0,7.0,21.0,1.0,171.0,-2.99,
720575940639427416,sensory,olfactory,0.0,3.6780202923166156e-09,25.130305470975784,96.0,10.0,151.0,9.0,247.0,-0.0,
720575940610460514,sensory,hygrosensory,0.0,1.7195988156953286e-09,24.668844491628708,334.0,26.0,393.0,33.0,727.0,-3.76,
720575940623928163,central,unknown,0.0,9.456357984345799e-10,24.390481313815133,139.0,19.0,48.0,6.0,187.0,-3.41,
720575940613507946,central,Kenyon_Cell,0.0,7.518969436500936e-10,24.32992947177144,51.0,3.0,58.0,4.0,109.0,-4.08,
720575940620815213,central,unknown,0.0,0.0,24.74689680004378,49.0,5.0,31.0,2.0,80.0,-2.54,
720575940638116723,sensory,olfactory,0.0,9.587442069820403e-09,25.109205063186103,57.0,6.0,363.0,21.0,420.0,-0.0,
720575940620028788,sensory,olfactory,0.0,2.084570062079709e-08,25.15840351929771,98.0,11.0,153.0,9.0,251.0,-0.0,
720575940620356468,sensory,olfactory,0.0,0.0,25.11375599512149,26.0,4.0,120.0,12.0,146.0,-0.0,
720575940630317942,central,unknown,0.0,1.0797602716456355e-09,24.482367821767376,38.0,6.0,64.0,6.0,102.0,-3.77,
720575940623403900,central,unknown,0.0,0.0,24.59431456540893,82.0,8.0,61.0,6.0,143.0,-3.23,
720575940629007230,sensory,thermosensory,0.0,1.3951391213609053e-08,24.65612476148768,240.0,14.0,439.0,27.0,679.0,-3.4,
720575940638509952,sensory,hygrosensory,0.0,3.0960071230843994e-08,24.65913827846359,34.0,4.0,185.0,19.0,219.0,-3.74,
720575940646308740,sensory,olfactory,0.0,7.4851625784971e-08,25.096135941736712,97.0,13.0,209.0,13.0,306.0,-0.0,
720575940620454790,central,LHLN,0.0,9.398658765540086e-10,24.448293927583503,329.0,17.0,144.0,20.0,473.0,-3.21,
720575940622060426,central,Kenyon_Cell,0.0,0.0,24.355108495232965,38.0,2.0,57.0,4.0,95.0,-4.11,
720575940625828752,central,unknown,0.0,0.0,24.318348025510986,135.0,10.0,13.0,2.0,148.0,-3.82,
720575940609739669,central,ALPN,0.0,4.2111436078822e-06,23.96305983219281,860.0,43.0,648.0,34.0,1508.0,-4.19,
720575940634708887,central,unknown,0.0,5.5664793841738e-08,23.8015705299246,1079.0,80.0,719.0,72.0,1798.0,-4.67,
720575940610952089,central,Kenyon_Cell,0.0,0.0,23.856316917911567,41.0,4.0,59.0,5.0,100.0,-4.67,
720575940610755481,central,unknown,0.0,0.0,22.787343312219345,55.0,7.0,119.0,9.0,174.0,-5.16,
720575940644473760,descending,unknown,2.251434660518749e-06,6.370193267376213e-07,20.24886607320624,411.0,18.0,946.0,42.0,1357.0,-5.38,
720575940620192677,ascending,AN,0.0,1.258863015345617e-07,22.34620989280354,165.0,9.0,655.0,46.0,820.0,-5.7,
720575940619930534,sensory,thermosensory,0.0,1.692341380852779e-07,24.64083732226436,480.0,23.0,721.0,35.0,1201.0,-3.41,
720575940612590503,central,Kenyon_Cell,0.0,0.0,24.710132957556475,104.0,8.0,23.0,1.0,127.0,-3.16,
720575940631956397,sensory,olfactory,0.0,0.0,25.09740192930016,11.0,2.0,56.0,7.0,67.0,-0.0,
720575940605742002,sensory,olfactory,0.0,2.613048613785647e-10,25.11715544089867,22.0,3.0,146.0,10.0,168.0,-0.0,
720575940637756349,central,Kenyon_Cell,0.0,0.0,24.615937401832976,120.0,5.0,29.0,2.0,149.0,-3.26,
720575940639132605,central,unknown,0.0,0.0,23.16860229249278,295.0,25.0,35.0,4.0,330.0,-5.2,
720575940634938303,central,LHLN,0.0,0.0,24.721789714231665,61.0,8.0,31.0,4.0,92.0,-2.8,
720575940620454848,central,LHLN,0.0,2.911143733677929e-10,24.757381796145523,181.0,16.0,188.0,20.0,369.0,-3.17,
720575940620454849,central,Kenyon_Cell,0.0,0.0,24.713900471224484,110.0,7.0,30.0,2.0,140.0,-3.12,
720575940634643391,central,unknown,0.0,0.0,22.6613832718834,57.0,7.0,7.0,1.0,64.0,-5.36,
720575940621896653,sensory,olfactory,0.0,6.34721267623496e-08,25.21916528977069,7.0,1.0,65.0,8.0,72.0,-0.0,
720575940622781389,central,Kenyon_Cell,0.0,7.518969436500936e-10,24.03049896132451,31.0,4.0,47.0,4.0,78.0,-4.5,
720575940610886610,central,Kenyon_Cell,0.0,0.0,24.703959911512527,85.0,6.0,20.0,1.0,105.0,-2.97,
720575940630580183,central,unknown,0.0,0.0,22.99839093622889,754.0,25.0,467.0,19.0,1221.0,-5.19,
720575940640115675,central,Kenyon_Cell,0.0,0.0,24.19319737881808,29.0,2.0,21.0,1.0,50.0,-4.37,
720575940621044701,central,Kenyon_Cell,0.0,0.0,24.58990040348002,114.0,6.0,18.0,1.0,132.0,-3.19,
720575940614523871,central,Kenyon_Cell,0.0,0.0,24.71325030934337,119.0,8.0,26.0,1.0,145.0,-2.92,
720575940603317216,central,Kenyon_Cell,0.0,0.0,24.622281161664976,92.0,6.0,19.0,1.0,111.0,-2.94,
720575940633365473,central,unknown,0.0,2.016883450438176e-07,24.195422773422468,281.0,21.0,179.0,12.0,460.0,-4.23,
720575940633660386,central,unknown,0.0,3.154197096999632e-09,23.355155889326912,559.0,52.0,211.0,22.0,770.0,-4.75,
720575940613049315,central,Kenyon_Cell,0.0,0.0,24.639074059785287,128.0,7.0,27.0,1.0,155.0,-3.36,
720575940639067108,central,ALLN,0.0,2.241484461669685e-08,24.602604810831004,323.0,12.0,712.0,29.0,1035.0,-2.94,
720575940613213151,central,Kenyon_Cell,0.0,0.0,24.176255310255915,36.0,3.0,28.0,1.0,64.0,-4.13,
720575940637395945,central,Kenyon_Cell,0.0,0.0,24.56655280086324,63.0,7.0,25.0,2.0,88.0,-3.33,
720575940624157675,central,Kenyon_Cell,0.0,0.0,24.52945279957173,73.0,6.0,23.0,1.0,96.0,-3.28,
720575940613213165,central,LHLN,0.0,5.603277571212442e-10,24.364297063447964,281.0,24.0,54.0,7.0,335.0,-3.55,
720575940612099053,central,Kenyon_Cell,0.0,0.0,24.56950879024664,146.0,8.0,23.0,1.0,169.0,-3.32,
720575940619373551,sensory,olfactory,0.0,0.0,25.135064757304665,17.0,2.0,77.0,6.0,94.0,-0.0,
720575940620749807,descending,unknown,0.0,2.6039221912006307e-06,21.59375652976732,127.0,16.0,326.0,27.0,453.0,-5.31,
720575940641065973,central,Kenyon_Cell,0.0,0.0,24.55807814947025,82.0,6.0,42.0,2.0,124.0,-3.56,
720575940614982654,sensory,olfactory,0.0,0.0,25.118557370430445,6.0,1.0,79.0,11.0,85.0,-0.0,
720575940621929471,sensory,olfactory,0.0,0.0,25.115077294054423,17.0,3.0,59.0,6.0,76.0,-0.0,
720575940622289919,sensory,olfactory,0.0,0.0,24.0,0.0,0.0,53.0,4.0,53.0,-0.0,
720575940612197374,central,ALPN,2.807671458999852e-06,2.78811630346549e-06,24.849966911139216,1030.0,80.0,1733.0,140.0,2763.0,-1.71,
720575940628155395,central,Kenyon_Cell,0.0,0.0,24.62482149583697,153.0,7.0,32.0,2.0,185.0,-3.38,
720575940606954507,central,Kenyon_Cell,0.0,0.0,24.70960999023637,109.0,4.0,12.0,1.0,121.0,-3.3,
720575940627631125,central,unknown,0.0,6.418543541183342e-10,24.26367544407576,374.0,24.0,253.0,19.0,627.0,-3.57,
720575940617473051,central,Kenyon_Cell,0.0,0.0,24.553748747471943,77.0,5.0,20.0,1.0,97.0,-3.44,
720575940625271845,sensory,olfactory,0.0,0.0,24.0,0.0,0.0,69.0,9.0,69.0,-0.0,
720575940610493486,central,unknown,0.0,0.0,24.09649579277082,63.0,9.0,29.0,5.0,92.0,-4.19,
720575940639624253,central,Kenyon_Cell,0.0,0.0,24.67502264840656,85.0,5.0,26.0,1.0,111.0,-3.02,
720575940618652736,central,unknown,0.0,0.0,24.4651801087536,171.0,16.0,169.0,15.0,340.0,-3.31,
720575940615146562,sensory,olfactory,0.0,6.074324948291191e-10,25.114777235138448,42.0,4.0,347.0,20.0,389.0,-0.0,
720575940608199748,central,ALPN,1.4554862893588854e-05,1.656283365880244e-06,24.889989350608737,1385.0,88.0,2697.0,183.0,4082.0,-1.89,
720575940623797321,sensory,olfactory,0.0,0.0,24.0,0.0,0.0,89.0,12.0,89.0,-0.0,
720575940623567945,sensory,olfactory,0.0,6.074324948291191e-10,25.1040217958901,43.0,5.0,172.0,12.0,215.0,-0.0,
720575940622519372,sensory,olfactory,0.0,0.0,25.042452823097168,10.0,2.0,55.0,6.0,65.0,-0.0,
720575940621765708,central,ALPN,0.0,3.3572959543547755e-08,24.434314479445717,264.0,21.0,811.0,43.0,1075.0,-3.49,
720575940619603024,sensory,olfactory,0.0,2.694648942172394e-10,25.092010295256983,14.0,2.0,85.0,8.0,99.0,-0.0,
720575940639099992,central,Kenyon_Cell,0.0,0.0,24.547685245456943,70.0,4.0,27.0,2.0,97.0,-3.62,
720575940637592666,central,unknown,0.0,9.759941281616213e-09,24.71299782021337,754.0,46.0,279.0,29.0,1033.0,-3.1,
720575940629072999,central,Kenyon_Cell,0.0,0.0,24.63325055943139,134.0,7.0,29.0,2.0,163.0,-3.16,
720575940631923816,sensory,olfactory,0.0,0.0,25.107179251333783,44.0,7.0,100.0,7.0,144.0,-0.0,
720575940627958889,central,ALPN,0.0,1.513394916892368e-08,24.480063259801145,177.0,18.0,187.0,16.0,364.0,-3.61,
720575940620913773,central,LHLN,0.0,9.610215290684441e-09,24.716641209707696,1199.0,62.0,641.0,65.0,1840.0,-3.31,
720575940620881005,central,unknown,0.0,0.0,23.54624922739555,12.0,2.0,39.0,3.0,51.0,-3.65,
720575940637068400,central,LHLN,0.0,3.9779759340102246e-08,24.279709270444958,244.0,21.0,211.0,23.0,455.0,-3.44,
720575940638149744,central,ALPN,0.0,1.138880878181733e-09,23.632486182870583,342.0,20.0,447.0,24.0,789.0,-4.66,
720575940611837041,central,Kenyon_Cell,0.0,0.0,24.32852403169577,63.0,4.0,32.0,2.0,95.0,-3.73,
720575940639624307,central,unknown,0.0,0.0,23.57947214831645,336.0,26.0,78.0,6.0,414.0,-5.55,
720575940650929273,descending,unknown,0.0,9.258778429653048e-06,23.02452429535661,1148.0,78.0,101.0,16.0,1249.0,-5.05,
720575940625665149,central,Kenyon_Cell,0.0,0.0,24.216638942855894,42.0,4.0,30.0,1.0,72.0,-3.79,
720575940621044863,sensory,olfactory,0.0,3.3853014049007086e-08,25.121051704177354,48.0,6.0,106.0,10.0,154.0,-0.0,
720575940621470847,central,unknown,0.0,5.013132058345455e-09,24.155629037982504,146.0,16.0,119.0,10.0,265.0,-3.89,
720575940617145483,sensory,olfactory,0.0,0.0,24.0,0.0,0.0,20.0,3.0,20.0,-0.0,
720575940615081099,central,ALPN,0.0,1.9031241312502143e-08,24.80135003755206,55.0,5.0,133.0,15.0,188.0,-3.15,
720575940615113867,central,Kenyon_Cell,0.0,0.0,24.66381294090649,85.0,6.0,22.0,1.0,107.0,-3.35,
720575940625435792,central,unknown,0.0,9.872968400193123e-09,23.839919036525977,256.0,21.0,57.0,6.0,313.0,-4.83,
720575940614327442,sensory,olfactory,0.0,6.155925276677938e-10,25.11156570321791,86.0,6.0,211.0,12.0,297.0,-0.0,
720575940634414231,sensory,olfactory,0.0,0.0,24.0,0.0,0.0,18.0,3.0,18.0,-0.0,
720575940625894552,central,unknown,0.0,5.6365479357652764e-09,24.246459654438294,10.0,2.0,84.0,9.0,94.0,-3.75,
720575940612590754,central,Kenyon_Cell,0.0,0.0,24.69512474317533,115.0,7.0,21.0,1.0,136.0,-3.01,
720575940638772387,sensory,olfactory,0.0,2.338746651944731e-09,25.09627850718279,5.0,1.0,71.0,6.0,76.0,-0.0,
720575940614229159,central,Kenyon_Cell,0.0,0.0,24.079183280874283,34.0,3.0,23.0,1.0,57.0,-3.95,
720575940626812072,sensory,olfactory,0.0,0.0,24.0,0.0,0.0,102.0,9.0,102.0,-0.0,
720575940613180591,central,unknown,0.0,0.0,21.942549026203583,214.0,16.0,446.0,16.0,660.0,-5.63,
720575940620258480,central,unknown,0.0,1.2402691183361465e-08,20.69697453462475,528.0,37.0,35.0,4.0,563.0,-5.43,
720575940636576948,central,unknown,0.0,1.1818075204680404e-06,24.155143796402168,949.0,72.0,1058.0,90.0,2007.0,-3.48,
720575940624911548,central,LHCENT,1.6316279422112345e-05,1.8779464209244817e-08,23.46659209561637,3617.0,136.0,2948.0,86.0,6565.0,-5.03,
720575940635036863,central,unknown,0.0,7.694392764639085e-09,24.49495711156961,95.0,11.0,110.0,10.0,205.0,-3.7,
720575940622748868,central,Kenyon_Cell,0.0,0.0,24.67637855661048,73.0,7.0,17.0,1.0,90.0,-3.06,
720575940631858373,central,ALLN,0.0,3.5541863917922545e-08,24.290920404903783,533.0,43.0,944.0,41.0,1477.0,-4.16,
720575940625337546,sensory,olfactory,0.0,1.0033131285734175e-10,25.094875154546667,129.0,11.0,155.0,15.0,284.0,-0.0,
720575940631727308,sensory,olfactory,0.0,0.0,25.09920665599661,7.0,1.0,76.0,7.0,83.0,-0.0,
720575940611476686,central,unknown,0.0,0.0,24.66929182190457,222.0,18.0,53.0,7.0,275.0,-3.1,
720575940641361104,central,unknown,0.0,0.0,23.093161460637475,43.0,6.0,95.0,4.0,138.0,-4.25,
720575940631432403,central,Kenyon_Cell,0.0,0.0,24.292495695959783,28.0,2.0,27.0,2.0,55.0,-3.74,
720575940610100437,central,ALPN,1.225045329988143e-05,2.4851329431105542e-06,24.92013079106616,1703.0,98.0,2167.0,145.0,3870.0,-1.74,
720575940621372630,central,unknown,0.0,0.0,23.719578852122417,5.0,1.0,0.0,0.0,5.0,-4.18,
720575940629892311,central,unknown,0.0,1.3449938228710006e-08,23.770803094255623,155.0,11.0,81.0,8.0,236.0,-4.68,
720575940616260825,central,Kenyon_Cell,0.0,0.0,24.55160951479031,56.0,6.0,37.0,1.0,93.0,-3.23,
720575940623568093,central,unknown,0.0,0.0,22.846738079799604,69.0,9.0,74.0,9.0,143.0,-5.13,
720575940614524127,central,Kenyon_Cell,0.0,0.0,24.50899794966412,102.0,8.0,20.0,1.0,122.0,-3.13,
720575940604431584,central,ALPN,4.47638185444316e-06,3.3322628147108168e-06,24.88935035755396,1332.0,93.0,2984.0,210.0,4316.0,-2.04,
720575940604398816,central,LHLN,0.0,1.6754622126287244e-08,24.761980079354863,562.0,35.0,629.0,51.0,1191.0,-3.06,
720575940634709217,central,unknown,0.0,1.4399245248919209e-10,24.386768234067382,144.0,15.0,74.0,8.0,218.0,-3.81,
720575940613016805,central,unknown,0.0,3.111110657044296e-07,23.20869222577004,260.0,24.0,166.0,20.0,426.0,-4.58,
720575940625534187,central,unknown,0.0,9.282666332390628e-07,24.42314353960841,152.0,21.0,150.0,14.0,302.0,-3.59,
720575940612099309,central,Kenyon_Cell,0.0,0.0,24.69825593127408,82.0,5.0,22.0,1.0,104.0,-3.05,
720575940620324079,central,unknown,0.0,0.0,22.087699443252557,642.0,46.0,268.0,17.0,910.0,-5.48,
720575940621667568,central,unknown,0.0,1.5573737893245222e-08,24.386696680922235,159.0,20.0,58.0,8.0,217.0,-3.47,
720575940641066229,central,Kenyon_Cell,0.0,0.0,24.534525182632127,78.0,6.0,31.0,1.0,109.0,-3.16,
720575940629925111,central,LHLN,0.0,9.08704707491749e-09,24.714971126626228,723.0,57.0,340.0,31.0,1063.0,-3.43,
720575940629499130,central,unknown,0.0,0.0,23.30931778454755,34.0,4.0,26.0,4.0,60.0,-4.3,
720575940630285563,central,unknown,0.0,3.6484113766306086e-11,24.08717155149169,368.0,32.0,82.0,7.0,450.0,-4.32,
720575940606496011,central,Kenyon_Cell,0.0,7.90641238277728e-10,24.35623529321848,49.0,4.0,19.0,2.0,68.0,-3.55,
720575940615310604,visual_centrifugal,unknown,0.0,0.0,20.617972709145494,195.0,9.0,27.0,1.0,222.0,-5.74,
720575940625763601,central,Kenyon_Cell,0.0,0.0,24.56326019253781,110.0,8.0,24.0,1.0,134.0,-3.21,
720575940605119776,ascending,AN,1.5892479956602933e-07,6.483778728179542e-07,19.93630108332119,101.0,7.0,406.0,26.0,507.0,-5.76,
720575940645686564,sensory,olfactory,0.0,6.229195848367874e-08,25.111170159093252,47.0,5.0,377.0,21.0,424.0,-0.0,
720575940623273254,central,unknown,0.0,0.0,24.344211242328864,78.0,9.0,23.0,3.0,101.0,-3.1,
720575940623174953,central,Kenyon_Cell,0.0,0.0,24.549346566317357,39.0,3.0,36.0,2.0,75.0,-3.44,
720575940625698096,central,LHLN,0.0,4.314420439163131e-08,24.72294938317614,743.0,51.0,410.0,38.0,1153.0,-3.55,
720575940646735156,central,unknown,0.0,0.0,22.70585006995928,881.0,54.0,78.0,12.0,959.0,-5.51,
720575940638477621,central,unknown,0.0,1.3619068453320054e-07,21.78094859054556,251.0,25.0,95.0,9.0,346.0,-5.19,
720575940618259766,central,ALLN,0.0,1.2424941999370392e-08,24.493461269604808,34.0,6.0,94.0,10.0,128.0,-3.31,
720575940631498040,sensory,olfactory,0.0,0.0,24.999182823952093,5.0,1.0,66.0,4.0,71.0,-0.0,
720575940626681146,central,ALLN,0.0,3.484232757852577e-09,24.586617177782905,233.0,21.0,215.0,16.0,448.0,-3.82,
720575940626582842,central,Kenyon_Cell,0.0,0.0,24.680931017855254,90.0,6.0,22.0,1.0,112.0,-2.88,
720575940628319546,central,unknown,0.0,6.6157318091929e-08,22.494098225808283,702.0,23.0,722.0,40.0,1424.0,-6.04,
720575940638444861,central,Kenyon_Cell,0.0,0.0,24.347147171797943,89.0,7.0,21.0,1.0,110.0,-3.91,
720575940637232447,central,mAL,0.0,8.124989752864485e-11,23.402759095959954,201.0,15.0,124.0,11.0,325.0,-4.36,
720575940621012289,central,unknown,0.0,0.0,23.960103428440288,390.0,20.0,427.0,16.0,817.0,-3.74,
720575940632841539,central,Kenyon_Cell,0.0,0.0,24.61321137685029,123.0,7.0,32.0,1.0,155.0,-2.93,
720575940610002244,central,unknown,0.0,2.1675504578018188e-11,24.130954370430924,59.0,10.0,48.0,6.0,107.0,-3.84,
720575940630089031,central,CX,0.0,0.0,22.817061642079175,70.0,8.0,0.0,0.0,70.0,-5.33,
720575940621438284,sensory,olfactory,0.0,0.0,24.0,0.0,0.0,33.0,4.0,33.0,-0.0,
720575940630973779,central,unknown,0.0,0.0,20.979728839424038,22.0,3.0,0.0,0.0,22.0,-3.7,
720575940616654166,central,Kenyon_Cell,0.0,0.0,24.79820625845372,176.0,6.0,34.0,2.0,210.0,-2.83,
720575940639100248,central,Kenyon_Cell,0.0,0.0,24.59906258097324,184.0,10.0,24.0,1.0,208.0,-3.15,
720575940621307230,sensory,olfactory,0.0,6.074324948291191e-10,25.115866855132,45.0,5.0,215.0,14.0,260.0,-0.0,
720575940620422494,central,Kenyon_Cell,0.0,5.294565718249314e-10,24.454348965141417,43.0,3.0,56.0,4.0,99.0,-3.61,
720575940619472225,central,Kenyon_Cell,0.0,8.337899576319654e-10,24.426775744320672,85.0,6.0,51.0,4.0,136.0,-4.03,
720575940611116386,sensory,olfactory,0.0,0.0,25.09387098788577,12.0,2.0,76.0,10.0,88.0,-0.0,
720575940635757936,sensory,olfactory,0.0,8.479168093745719e-09,25.12486575884286,105.0,9.0,178.0,11.0,283.0,-0.0,
720575940637822323,central,Kenyon_Cell,0.0,0.0,24.635730357211813,122.0,7.0,29.0,2.0,151.0,-2.95,
720575940635561335,central,unknown,0.0,3.7205630207782277e-09,22.94293572401921,600.0,26.0,152.0,8.0,752.0,-5.56,
720575940637887872,sensory,olfactory,0.0,6.169281809827717e-09,25.183841720952092,46.0,4.0,300.0,18.0,346.0,-0.0,
720575940606659970,central,unknown,0.0,3.269688290668991e-10,23.867038739116047,147.0,16.0,37.0,5.0,184.0,-4.6,
720575940648570244,central,unknown,1.386618876213606e-05,1.7585029156877514e-08,22.91781332420076,1871.0,94.0,1961.0,91.0,3832.0,-5.28,
720575940624878992,sensory,olfactory,0.0,3.0023967397490285e-08,25.078914844357808,76.0,8.0,129.0,8.0,205.0,-0.0,
720575940626451864,sensory,olfactory,0.0,0.0,25.16070310668356,24.0,3.0,75.0,8.0,99.0,-0.0,
720575940628843931,central,Kenyon_Cell,0.0,0.0,24.550752077333943,87.0,6.0,19.0,1.0,106.0,-3.24,
720575940617932189,central,unknown,0.0,1.1793359922896294e-07,24.47712456535181,398.0,32.0,230.0,17.0,628.0,-3.42,
720575940652993953,central,unknown,0.0,0.0,22.774752381335087,92.0,10.0,20.0,4.0,112.0,-5.47,
720575940640837027,sensory,olfactory,0.0,1.466755613118461e-07,25.102594090096584,28.0,3.0,192.0,12.0,220.0,-0.0,
720575940619996582,sensory,olfactory,0.0,1.1285276821916174e-08,25.118557370430445,5.0,1.0,57.0,5.0,62.0,-0.0,
720575940614229415,central,Kenyon_Cell,0.0,1.8394074023845983e-10,23.85394388868377,39.0,3.0,40.0,4.0,79.0,-3.81,
720575940627598760,central,Kenyon_Cell,0.0,0.0,24.710080987689107,50.0,5.0,18.0,1.0,68.0,-3.11,
720575940624682426,central,Kenyon_Cell,0.0,0.0,24.617867463024734,79.0,6.0,23.0,1.0,102.0,-2.92,
720575940614131131,central,Kenyon_Cell,0.0,8.227190468435112e-10,24.272151508696403,27.0,3.0,17.0,2.0,44.0,-3.88,
720575940614196667,central,unknown,0.0,1.2520481227702664e-08,23.552855277738345,22.0,4.0,13.0,2.0,35.0,-3.88,
720575940606201278,central,Kenyon_Cell,0.0,0.0,24.66824997401816,38.0,4.0,37.0,3.0,75.0,-3.06,
720575940629499330,central,Kenyon_Cell,0.0,0.0,24.613782034988567,80.0,7.0,22.0,1.0,102.0,-3.24,
720575940629532098,central,Kenyon_Cell,0.0,0.0,24.42594261441885,80.0,6.0,27.0,2.0,107.0,-3.36,
720575940622224836,central,ALLN,0.0,6.121548843950968e-07,23.98978348311867,115.0,14.0,207.0,16.0,322.0,-3.65,
720575940630547909,central,ALPN,6.224554649669482e-07,3.224757899870432e-06,24.350121026221093,408.0,38.0,1592.0,120.0,2000.0,-2.2,
720575940623404484,central,unknown,0.0,0.0,24.41689698134452,62.0,9.0,28.0,4.0,90.0,-3.55,
720575940619111883,sensory,olfactory,0.0,0.0,25.111371604675803,36.0,4.0,168.0,15.0,204.0,-0.0,
720575940631203276,central,unknown,0.0,0.0,23.96840022722152,71.0,10.0,44.0,6.0,115.0,-3.93,
720575940619767243,central,unknown,0.0,6.953033655542582e-10,23.49978707823728,183.0,16.0,141.0,7.0,324.0,-4.92,
720575940617244116,sensory,olfactory,0.0,0.0,24.0,0.0,0.0,25.0,3.0,25.0,-0.0,
720575940640935387,central,unknown,0.0,1.3348460380683317e-08,23.35899952336553,112.0,12.0,167.0,15.0,279.0,-4.76,
720575940629728732,sensory,olfactory,0.0,3.943940544303073e-09,25.12977074806192,106.0,10.0,158.0,10.0,264.0,-0.0,
720575940628155868,central,unknown,0.0,0.0,22.94756293921628,65.0,6.0,48.0,7.0,113.0,-5.92,
720575940633660898,central,LHLN,0.0,0.0,24.765178477318628,102.0,7.0,22.0,4.0,124.0,-3.34,
720575940613017059,central,Kenyon_Cell,0.0,3.7906276011976156e-10,24.21418626655299,52.0,6.0,29.0,3.0,81.0,-3.76,
720575940623764967,central,unknown,0.0,1.0984482194568113e-08,20.301950938685096,111.0,12.0,320.0,18.0,431.0,-5.78,
720575940619931119,central,ALLN,0.0,1.0511300415312455e-06,24.57543152057332,2834.0,164.0,3927.0,175.0,6761.0,-3.58,
720575940620717551,central,unknown,0.0,0.0,23.13635523033573,117.0,14.0,46.0,3.0,163.0,-4.92,
720575940611673586,central,unknown,0.0,8.12529791307419e-10,24.30038373457996,380.0,19.0,422.0,27.0,802.0,-4.42,
720575940629564922,central,unknown,0.0,0.0,24.58953896922934,158.0,18.0,86.0,10.0,244.0,-3.18,
720575940626779644,sensory,olfactory,0.0,4.0374792263990595e-09,25.137253733935648,127.0,14.0,200.0,12.0,327.0,-0.0,
720575940615409150,central,unknown,2.6487466594338224e-08,5.36115303044468e-10,23.43726497188265,1014.0,57.0,1304.0,41.0,2318.0,-5.37,
720575940622650879,central,ALLN,0.0,2.775258787959907e-07,24.64544897628389,1244.0,93.0,2222.0,132.0,3466.0,-3.65,
720575940630023680,central,Kenyon_Cell,0.0,0.0,24.474298855571647,144.0,8.0,24.0,1.0,168.0,-3.41,
720575940614065676,central,ALPN,3.6022954568299985e-06,1.2325361097250737e-05,23.82121500225697,813.0,44.0,420.0,38.0,1233.0,-4.51,
720575940623044109,central,unknown,0.0,2.725902765381309e-07,22.38748127470156,121.0,11.0,131.0,9.0,252.0,-4.99,
720575940620946957,central,unknown,0.0,2.0602246710105854e-06,24.22271040535352,973.0,49.0,273.0,23.0,1246.0,-4.03,
720575940631268882,central,unknown,3.1784959913205866e-07,1.5146955341585305e-08,24.444149878649647,154.0,14.0,99.0,6.0,253.0,-3.36,
720575940633988633,central,LHLN,0.0,9.294693804934617e-09,24.72412694389448,979.0,49.0,449.0,40.0,1428.0,-3.11,
720575940642410020,central,ALPN,1.2184234633395585e-06,3.547577849055153e-07,24.21726001719596,192.0,19.0,666.0,36.0,858.0,-2.41,
720575940631399978,central,Kenyon_Cell,0.0,0.0,23.51435324746691,21.0,2.0,46.0,3.0,67.0,-4.98,
720575940627598891,sensory,olfactory,0.0,0.0,25.088316508434687,28.0,4.0,94.0,6.0,122.0,-0.0,
720575940629270060,central,Kenyon_Cell,0.0,0.0,24.32869772539161,53.0,4.0,36.0,1.0,89.0,-3.45,
720575940632284717,sensory,olfactory,0.0,6.074324948291191e-10,25.11374947551688,26.0,4.0,215.0,15.0,241.0,-0.0,
720575940618849841,central,Kenyon_Cell,0.0,0.0,24.471685593361546,99.0,8.0,15.0,1.0,114.0,-3.25,
720575940618292785,central,Kenyon_Cell,0.0,0.0,24.371588908571656,31.0,2.0,17.0,1.0,48.0,-3.98,
720575940637494837,sensory,hygrosensory,0.0,2.203302135122518e-07,24.64741617867062,54.0,5.0,184.0,16.0,238.0,-3.38,
720575940638936629,central,Kenyon_Cell,0.0,0.0,24.65654050953449,107.0,8.0,19.0,1.0,126.0,-3.18,
720575940628909623,sensory,olfactory,0.0,0.0,24.0,0.0,0.0,77.0,11.0,77.0,-0.0,
720575940631203384,central,Kenyon_Cell,0.0,0.0,24.731612103340183,145.0,9.0,38.0,2.0,183.0,-2.96,
720575940628254263,central,Kenyon_Cell,0.0,0.0,24.46242179777665,74.0,5.0,20.0,1.0,94.0,-3.29,
720575940624977466,central,ALLN,0.0,4.1453952947202216e-08,24.62885935298757,92.0,10.0,299.0,27.0,391.0,-2.91,
720575940629761591,central,unknown,0.0,0.0,23.685778223522465,21.0,3.0,0.0,0.0,21.0,-3.47,
720575940628876860,central,Kenyon_Cell,0.0,0.0,24.42603112757044,42.0,3.0,37.0,2.0,79.0,-3.85,
720575940627271230,sensory,hygrosensory,0.0,0.0,24.63804378375072,281.0,26.0,336.0,27.0,617.0,-3.72,
720575940617899584,sensory,olfactory,0.0,2.427067010144776e-08,25.135486748377247,61.0,9.0,164.0,14.0,225.0,-0.0,
720575940631662147,central,Kenyon_Cell,0.0,0.0,24.50162053398309,134.0,9.0,17.0,1.0,151.0,-3.51,
720575940609904196,central,unknown,0.0,0.0,24.249498952080376,47.0,7.0,25.0,3.0,72.0,-4.03,
720575940627172936,central,Kenyon_Cell,0.0,0.0,24.29836098343617,70.0,4.0,35.0,1.0,105.0,-4.17,
720575940626779722,central,Kenyon_Cell,0.0,0.0,24.487728628202525,117.0,7.0,14.0,1.0,131.0,-3.62,
720575940638379598,central,unknown,0.0,6.812347828552082e-09,23.07073838286365,171.0,13.0,195.0,11.0,366.0,-4.67,
720575940626091602,central,ALPN,0.0,1.5091272648140504e-07,24.458384170950428,109.0,12.0,614.0,33.0,723.0,-2.58,
720575940631301715,central,ALPN,0.0,2.6879014500802036e-08,23.963686898989348,33.0,4.0,245.0,17.0,278.0,-3.5,
720575940638871128,sensory,olfactory,0.0,0.0,25.101217568560006,30.0,4.0,115.0,10.0,145.0,-0.0,
720575940608364124,central,LHLN,0.0,1.0323245759608824e-09,24.66335053260311,789.0,45.0,155.0,19.0,944.0,-3.31,
720575940607872604,central,unknown,0.0,5.863426847105914e-08,20.441593392693008,101.0,10.0,147.0,9.0,248.0,-6.13,
720575940621995614,central,unknown,0.0,3.2817862944475285e-08,24.49622497316416,462.0,34.0,223.0,17.0,685.0,-3.15,
720575940612853354,central,Kenyon_Cell,0.0,0.0,24.31195596758782,44.0,4.0,26.0,2.0,70.0,-3.78,
720575940630384246,sensory,olfactory,0.0,0.0,24.0,0.0,0.0,55.0,6.0,55.0,-0.0,
720575940621831804,sensory,thermosensory,0.0,3.924855917889166e-08,24.053062469998277,139.0,10.0,36.0,4.0,175.0,-3.83,
720575940606987906,central,unknown,0.0,0.0,23.53971605548595,116.0,10.0,59.0,6.0,175.0,-4.6,
720575940619210375,sensory,olfactory,0.0,2.0469797548978462e-09,25.14774732307117,82.0,10.0,210.0,14.0,292.0,-0.0,
720575940620029575,central,Kenyon_Cell,0.0,0.0,24.165225207538825,52.0,4.0,26.0,2.0,78.0,-4.65,
720575940624223888,sensory,olfactory,0.0,8.125772066436375e-09,25.135307681054773,112.0,10.0,209.0,14.0,321.0,-0.0,
720575940624158352,central,Kenyon_Cell,0.0,0.0,24.589147076292704,61.0,5.0,14.0,1.0,75.0,-3.18,
720575940612918930,central,Kenyon_Cell,0.0,0.0,24.439624189639986,89.0,7.0,16.0,1.0,105.0,-3.47,
720575940633857687,sensory,olfactory,0.0,0.0,25.106027529728188,23.0,3.0,82.0,4.0,105.0,-0.0,
720575940626452120,central,unknown,0.0,0.0,21.19277511637682,178.0,15.0,116.0,13.0,294.0,-5.54,
720575940617571997,central,unknown,0.0,4.510815348857509e-06,24.57268400136985,595.0,44.0,194.0,18.0,789.0,-3.36,
720575940616949406,central,LHLN,0.0,4.452207254439569e-09,24.035254603991905,21.0,2.0,14.0,2.0,35.0,-3.88,
720575940619112102,central,Kenyon_Cell,0.0,0.0,23.86252643560957,57.0,6.0,23.0,2.0,80.0,-4.62,
720575940620979888,sensory,olfactory,0.0,0.0,24.0,0.0,0.0,34.0,4.0,34.0,-0.0,
720575940619439792,central,Kenyon_Cell,0.0,0.0,24.712608719822622,127.0,6.0,23.0,2.0,150.0,-3.12,
720575940624846517,central,unknown,0.0,3.7509218578891234e-07,22.27826534792238,161.0,12.0,64.0,7.0,225.0,-4.33,
720575940621307574,central,ALPN,0.0,9.459743397131795e-08,24.41810062253936,643.0,30.0,559.0,31.0,1202.0,-3.4,
720575940620652214,central,Kenyon_Cell,0.0,0.0,24.63541617858918,54.0,5.0,19.0,1.0,73.0,-3.4,
720575940615474875,central,unknown,0.0,0.0,23.953545862392183,43.0,4.0,5.0,1.0,48.0,-4.06,
720575940620193472,sensory,olfactory,0.0,2.6156689887512705e-08,25.229935288175877,56.0,4.0,320.0,19.0,376.0,-0.0,
720575940615868102,central,Kenyon_Cell,0.0,0.0,24.38010898074772,92.0,8.0,18.0,1.0,110.0,-3.64,
720575940605513417,sensory,olfactory,0.0,0.0,25.08459640824113,12.0,2.0,82.0,6.0,94.0,-0.0,
720575940606725833,central,unknown,0.0,0.0,23.86564443576557,310.0,25.0,80.0,5.0,390.0,-5.16,
720575940624191181,central,unknown,0.0,0.0,23.354487049768974,27.0,3.0,0.0,0.0,27.0,-3.0,
720575940617473748,central,Kenyon_Cell,0.0,0.0,24.64992183851025,110.0,6.0,25.0,1.0,135.0,-3.22,
720575940629728988,sensory,olfactory,0.0,0.0,25.11342183437827,58.0,7.0,137.0,5.0,195.0,-0.0,
720575940634545890,central,ALLN,2.871903565491122e-05,5.4626694985739065e-05,24.677762544858027,10097.0,585.0,15251.0,921.0,25348.0,-2.27,
720575940637626084,sensory,olfactory,0.0,0.0,24.0,0.0,0.0,82.0,10.0,82.0,-0.0,
720575940615802598,central,LHLN,0.0,0.0,24.72144418816797,174.0,16.0,53.0,7.0,227.0,-3.11,
720575940626550504,central,Kenyon_Cell,0.0,1.8394074023845983e-10,23.95531463732492,27.0,2.0,34.0,2.0,61.0,-4.2,
720575940636675817,central,Kenyon_Cell,0.0,0.0,23.75293416631214,28.0,2.0,23.0,2.0,51.0,-4.57,
720575940625207019,central,ALPN,0.0,0.0,24.74423882279202,96.0,9.0,279.0,22.0,375.0,-3.41,
720575940624649964,central,unknown,0.0,0.0,24.49548496006623,42.0,7.0,48.0,7.0,90.0,-3.82,
720575940612951789,sensory,olfactory,0.0,0.0,24.0,0.0,0.0,30.0,5.0,30.0,-0.0,
720575940635397880,central,Kenyon_Cell,0.0,1.65841478598505e-09,24.306684913439508,56.0,4.0,56.0,3.0,112.0,-4.25,
720575940636348152,central,unknown,0.0,7.40317088415198e-08,22.902411006125774,493.0,22.0,287.0,23.0,780.0,-5.53,
720575940627140348,sensory,olfactory,0.0,0.0,24.0,0.0,0.0,50.0,6.0,50.0,-0.0,
720575940626976522,sensory,olfactory,0.0,9.248537070007738e-09,25.14638096171877,112.0,11.0,173.0,10.0,285.0,-0.0,
720575940628385546,central,Kenyon_Cell,0.0,0.0,24.424155251319,49.0,4.0,41.0,4.0,90.0,-3.77,
720575940627042064,central,ALPN,3.2116053245635096e-05,4.439620557941911e-06,24.84280494671432,2535.0,147.0,2970.0,167.0,5505.0,-1.98,
720575940627631893,central,LHLN,0.0,0.0,24.750186450437283,150.0,16.0,68.0,7.0,218.0,-3.06,
720575940621897496,sensory,olfactory,0.0,3.050123191615844e-08,25.15665967679002,68.0,8.0,155.0,11.0,223.0,-0.0,
720575940646768419,visual_projection,unknown,0.0,1.61541229821152e-08,20.70533138802832,109.0,3.0,623.0,23.0,732.0,-5.82,
720575940643163940,central,Kenyon_Cell,0.0,0.0,24.67227494404989,154.0,7.0,36.0,3.0,190.0,-3.35,
720575940623011622,central,unknown,0.0,1.313001051764776e-09,21.715327252791397,64.0,10.0,200.0,14.0,264.0,-4.49,
720575940626976555,central,unknown,0.0,0.0,23.44762524088144,207.0,15.0,78.0,9.0,285.0,-5.27,
720575940629696299,central,unknown,0.0,2.0922542752126798e-08,20.896100744084748,51.0,5.0,283.0,26.0,334.0,-6.12,
720575940615802674,central,unknown,0.0,4.191054840876301e-11,21.698207359729267,59.0,7.0,26.0,4.0,85.0,-4.8,
720575940638936885,central,Kenyon_Cell,0.0,0.0,24.694786645918143,167.0,6.0,39.0,3.0,206.0,-2.92,
720575940621832001,central,ALLN,0.0,2.2053583488430322e-08,24.597256619687563,14.0,2.0,77.0,5.0,91.0,-3.53,
720575940619571009,central,unknown,0.0,0.0,22.935114348345635,230.0,17.0,7.0,1.0,237.0,-5.53,
720575940618358597,central,LHLN,0.0,5.040454050690265e-10,24.14551634973539,89.0,9.0,23.0,4.0,112.0,-3.7,
720575940631957319,central,Kenyon_Cell,0.0,0.0,24.476104535709613,143.0,8.0,31.0,2.0,174.0,-3.83,
720575940627173192,central,Kenyon_Cell,0.0,0.0,24.381183140494887,37.0,3.0,26.0,1.0,63.0,-4.04,
720575940630155083,central,ALPN,0.0,0.0,23.38230733622229,80.0,8.0,539.0,46.0,619.0,-4.84,
720575940622880588,sensory,olfactory,0.0,0.0,25.13265801404529,28.0,4.0,57.0,5.0,85.0,-0.0,
720575940623994701,central,Kenyon_Cell,0.0,0.0,24.575438975359027,54.0,5.0,32.0,1.0,86.0,-3.55,
720575940631629643,central,unknown,0.0,2.720165399921195e-09,23.690573532132845,98.0,11.0,115.0,9.0,213.0,-3.78,
720575940628352850,descending,unknown,6.556972355428427e-05,6.580663847365258e-05,23.04595928068041,4573.0,156.0,333.0,19.0,4906.0,-4.5,
720575940639100760,central,Kenyon_Cell,0.0,0.0,24.67690427000897,95.0,6.0,22.0,1.0,117.0,-2.95,
720575940620488539,central,unknown,0.0,3.382609131024307e-10,22.38062963916653,93.0,10.0,82.0,9.0,175.0,-4.48,
720575940608462684,central,unknown,0.0,2.917438024714798e-09,24.109581327771767,511.0,41.0,134.0,13.0,645.0,-3.94,
720575940630482796,central,unknown,0.0,0.0,23.985634197277243,448.0,18.0,187.0,7.0,635.0,-4.02,
720575940636741488,sensory,olfactory,0.0,0.0,25.146056853855463,40.0,5.0,77.0,5.0,117.0,-0.0,
720575940611837809,central,Kenyon_Cell,0.0,0.0,24.310831794020125,65.0,6.0,25.0,1.0,90.0,-3.51,
720575940609347448,central,Kenyon_Cell,0.0,0.0,24.682216956062305,98.0,7.0,32.0,3.0,130.0,-3.51,
720575940620750716,sensory,olfactory,0.0,0.0,25.14186321473966,5.0,1.0,49.0,7.0,54.0,-0.0,
720575940639166336,sensory,olfactory,0.0,0.0,24.0,0.0,0.0,71.0,9.0,71.0,-0.0,
720575940648669060,central,ALIN,6.558296728758144e-05,3.204618000161907e-07,23.51378133687988,1098.0,63.0,6824.0,135.0,7922.0,-4.95,
720575940619898759,central,Kenyon_Cell,0.0,0.0,24.6709734776728,143.0,7.0,22.0,1.0,165.0,-3.1,
720575940623011720,central,Kenyon_Cell,0.0,0.0,24.711030588239957,118.0,6.0,16.0,1.0,134.0,-2.97,
720575940628123535,central,unknown,0.0,0.0,24.49807033853505,112.0,13.0,52.0,6.0,164.0,-3.51,
720575940613509010,sensory,olfactory,0.0,0.0,25.12400225020992,10.0,2.0,45.0,4.0,55.0,-0.0,
720575940644704160,central,ALLN,0.0,1.5712512611983993e-06,24.69149129903137,4372.0,182.0,4336.0,200.0,8708.0,-3.46,
720575940654927777,central,unknown,0.0,1.1168469127140987e-09,23.84446463338548,74.0,8.0,92.0,11.0,166.0,-3.92,
720575940620226470,central,Kenyon_Cell,0.0,0.0,24.673695647542303,96.0,7.0,26.0,1.0,122.0,-3.13,
720575940606922674,sensory,olfactory,0.0,0.0,24.0,0.0,0.0,34.0,5.0,34.0,-0.0,
720575940625993656,central,unknown,0.0,1.8619364434190462e-09,23.77294711403435,21.0,3.0,39.0,5.0,60.0,-3.58,
720575940634939327,central,ALPN,6.3437482493440046e-06,7.145089642255171e-06,24.85776054519578,929.0,76.0,1993.0,152.0,2922.0,-1.97,
720575940620423104,central,LHLN,0.0,1.0540893611070347e-09,24.668550296021383,562.0,28.0,178.0,26.0,740.0,-3.4,
720575940626124743,central,Kenyon_Cell,0.0,0.0,24.213646520207245,51.0,5.0,28.0,1.0,79.0,-3.67,
720575940632350668,central,unknown,0.0,2.9475124921297734e-09,24.385119794972702,353.0,32.0,136.0,17.0,489.0,-4.05,
720575940639068112,sensory,olfactory,0.0,0.0,25.0883822082052,8.0,1.0,112.0,10.0,120.0,-0.0,
720575940633366483,sensory,olfactory,0.0,0.0,25.118557370430445,6.0,1.0,44.0,6.0,50.0,-0.0,
720575940629270487,sensory,olfactory,0.0,0.0,25.095350715765047,143.0,16.0,217.0,15.0,360.0,-0.0,
720575940620193752,central,unknown,0.0,0.0,24.204136837452324,105.0,12.0,43.0,4.0,148.0,-3.79,
720575940623339495,sensory,olfactory,0.0,0.0,25.089404505653494,12.0,2.0,76.0,7.0,88.0,-0.0,
720575940627369960,central,ALLN,0.0,0.0,23.652458523902588,203.0,21.0,237.0,8.0,440.0,-4.14,
720575940621701104,central,unknown,0.0,9.456357984345799e-10,24.30088681797253,222.0,22.0,43.0,6.0,265.0,-3.67,
720575940621471732,central,Kenyon_Cell,0.0,0.0,24.55027071436196,88.0,7.0,20.0,1.0,108.0,-3.39,
720575940640804853,central,ALPN,1.5164074625258634e-05,3.189878166460893e-06,24.400735121612943,768.0,59.0,2978.0,166.0,3746.0,-2.63,
720575940630384635,central,unknown,0.0,7.068409024334156e-07,23.23703591338716,316.0,22.0,71.0,7.0,387.0,-4.02,
720575940622651389,sensory,olfactory,0.0,3.7083695360096693e-09,25.119623959335925,102.0,12.0,196.0,12.0,298.0,-0.0,
720575940608200713,central,LHLN,0.0,1.3721307529805228e-09,24.57963104228493,290.0,22.0,129.0,14.0,419.0,-3.6,
720575940608626697,central,LHLN,0.0,1.8389655447547813e-07,24.374386815071123,410.0,35.0,506.0,49.0,916.0,-3.51,
720575940623831054,sensory,olfactory,0.0,0.0,25.074199231589823,24.0,3.0,16.0,3.0,40.0,-0.0,
720575940623437838,central,ALLN,0.0,0.0,24.61052166809456,13.0,2.0,173.0,18.0,186.0,-4.07,
720575940621766680,sensory,olfactory,0.0,0.0,25.096536848579863,19.0,3.0,44.0,5.0,63.0,-0.0,
720575940620128282,central,unknown,0.0,6.160674173012139e-09,24.4413765182788,127.0,10.0,87.0,12.0,214.0,-3.4,
720575940631629866,sensory,olfactory,0.0,0.0,24.0,0.0,0.0,5.0,1.0,5.0,-0.0,
720575940627370027,sensory,olfactory,0.0,1.214864989658238e-09,25.117959941293314,72.0,4.0,393.0,21.0,465.0,-0.0,
720575940632416298,central,ALLN,7.946239978301468e-08,5.892520600295664e-06,24.68805948286559,4742.0,211.0,3565.0,317.0,8307.0,-3.28,
720575940631105580,central,ALLN,9.045469841966505e-06,1.93667953475158e-06,24.647270307478,2340.0,94.0,871.0,49.0,3211.0,-3.4,
720575940629893162,central,Kenyon_Cell,0.0,0.0,24.35617256080208,50.0,4.0,28.0,1.0,78.0,-3.99,
720575940631302186,central,Kenyon_Cell,0.0,0.0,24.72079388465361,75.0,6.0,28.0,1.0,103.0,-3.3,
720575940618522673,central,unknown,0.0,0.0,23.470426444679056,89.0,8.0,119.0,9.0,208.0,-3.54,
720575940631203896,sensory,olfactory,0.0,5.393770322918987e-11,25.157586500332386,28.0,4.0,59.0,6.0,87.0,-0.0,
720575940619702337,sensory,olfactory,0.0,4.275033576007417e-09,25.117411053469937,112.0,12.0,175.0,11.0,287.0,-0.0,
720575940631498819,central,Kenyon_Cell,0.0,1.4744740457465902e-09,24.00285402082955,64.0,4.0,41.0,4.0,105.0,-4.31,
720575940639625286,sensory,olfactory,0.0,0.0,24.0,0.0,0.0,54.0,7.0,54.0,-0.0,
720575940627271762,central,unknown,0.0,4.3494166374318645e-10,22.704266820583054,323.0,14.0,740.0,28.0,1063.0,-4.63,
720575940629532759,central,Kenyon_Cell,0.0,0.0,24.33670692985377,102.0,6.0,27.0,1.0,129.0,-3.89,
720575940619898971,central,unknown,0.0,1.3252548290382844e-08,24.362940464784508,96.0,13.0,55.0,6.0,151.0,-3.75,
720575940608364636,central,unknown,0.0,0.0,24.362554487918427,84.0,10.0,39.0,4.0,123.0,-4.04,
720575940611772514,visual_centrifugal,unknown,0.0,1.3112607224919912e-10,20.78870510970732,579.0,36.0,59.0,7.0,638.0,-5.78,
720575940645556334,descending,unknown,0.0,2.7538736482750984e-07,20.023105158508663,198.0,17.0,51.0,4.0,249.0,-6.01,
720575940642967662,central,LHLN,0.0,0.0,24.7964277967336,77.0,7.0,204.0,16.0,281.0,-3.0,
720575940635562096,sensory,olfactory,0.0,3.5465564263221e-09,25.136257759276003,49.0,5.0,66.0,5.0,115.0,-0.0,
720575940612919410,central,unknown,0.0,0.0,24.26082750784821,228.0,15.0,57.0,5.0,285.0,-3.79,
720575940648276089,central,Kenyon_Cell,0.0,0.0,24.515546054058444,98.0,8.0,24.0,1.0,122.0,-3.32,
720575940618784891,sensory,olfactory,0.0,0.0,25.081881369609867,45.0,6.0,67.0,9.0,112.0,-0.0,
720575940627370110,central,unknown,0.0,0.0,21.42914733708577,112.0,14.0,28.0,2.0,140.0,-5.35,
720575940620128391,central,LHLN,0.0,0.0,24.450747381748076,142.0,15.0,53.0,5.0,195.0,-3.37,
720575940616786065,central,Kenyon_Cell,0.0,0.0,24.706172799634675,97.0,6.0,25.0,2.0,122.0,-3.07,
720575940633333916,central,unknown,0.0,0.0,22.79047480975973,128.0,14.0,152.0,8.0,280.0,-4.68,
720575940619997342,central,unknown,0.0,0.0,24.41189597183821,250.0,23.0,106.0,10.0,356.0,-3.48,
720575940615639199,sensory,olfactory,0.0,0.0,24.0,0.0,0.0,36.0,4.0,36.0,-0.0,
720575940613345442,central,ALPN,3.059302391646065e-06,1.7344303565975604e-06,24.511238209854778,477.0,42.0,1236.0,97.0,1713.0,-2.15,
720575940638511267,sensory,olfactory,0.0,6.670772910012686e-10,25.13276682231387,121.0,9.0,333.0,23.0,454.0,-0.0,
720575940619243691,sensory,olfactory,0.0,1.080716158041359e-09,25.09810223291329,71.0,9.0,193.0,13.0,264.0,-0.0,
720575940614426799,sensory,olfactory,0.0,3.5936478524235254e-08,25.115369762095156,36.0,6.0,169.0,12.0,205.0,-0.0,
720575940607185074,central,Kenyon_Cell,0.0,0.0,24.71512679486785,124.0,7.0,26.0,1.0,150.0,-3.14,
720575940611477683,central,unknown,0.0,5.2824498766086476e-09,20.07393699328835,307.0,21.0,24.0,2.0,331.0,-6.19,
720575940622192822,central,ALPN,0.0,8.261835324957412e-09,25.00561967900489,15.0,3.0,641.0,33.0,656.0,-1.47,
720575940620390592,central,unknown,3.443370657263969e-07,1.1375893411625917e-06,24.666380640574392,622.0,32.0,248.0,24.0,870.0,-3.27,
720575940620226753,central,LHLN,0.0,3.240724315456232e-09,24.74124452661865,629.0,34.0,232.0,21.0,861.0,-3.22,
720575940631630021,central,ALPN,0.0,5.658412137781751e-07,24.71467934504085,3355.0,117.0,1361.0,59.0,4716.0,-3.29,
720575940615540934,central,unknown,0.0,0.0,23.87381025104954,80.0,13.0,23.0,3.0,103.0,-5.24,
720575940610756814,sensory,olfactory,0.0,1.214864989658238e-09,25.14315544020153,30.0,4.0,213.0,14.0,243.0,-0.0,
720575940611477710,central,unknown,0.0,1.0071280073892859e-10,24.26920413468484,89.0,11.0,84.0,8.0,173.0,-3.65,
720575940612755665,sensory,olfactory,0.0,2.9919973028726885e-08,25.118557370430445,7.0,1.0,40.0,6.0,47.0,-0.0,
720575940613050577,central,ALPN,0.0,1.108827479627034e-07,24.294368122007167,10.0,2.0,117.0,17.0,127.0,-1.72,
720575940613869777,central,ALPN,0.0,2.961961603590525e-07,22.819403226838123,1110.0,30.0,843.0,53.0,1953.0,-4.76,
720575940608987349,central,unknown,0.0,0.0,23.840756925055445,86.0,13.0,36.0,6.0,122.0,-4.1,
720575940615606489,central,unknown,0.0,0.0,22.940294376189545,124.0,12.0,16.0,2.0,140.0,-4.76,
720575940633333986,central,Kenyon_Cell,0.0,0.0,24.738097590182694,70.0,5.0,24.0,1.0,94.0,-2.93,
720575940613804259,central,ALLN,0.0001465551526664,2.6655761961668123e-05,24.700873625555797,6420.0,259.0,4603.0,149.0,11023.0,-3.15,
720575940638216420,sensory,olfactory,0.0,0.0,24.0,0.0,0.0,20.0,3.0,20.0,-0.0,
720575940614492397,central,unknown,3.575807990235661e-07,8.032303178667049e-07,20.75707433782286,288.0,19.0,385.0,17.0,673.0,-5.42,
720575940621373680,sensory,olfactory,0.0,0.0,25.121376263766063,35.0,4.0,75.0,9.0,110.0,-0.0,
720575940624781555,central,LHLN,0.0,2.4749516167806972e-09,24.536879461261485,345.0,18.0,112.0,11.0,457.0,-3.1,
720575940622618867,central,unknown,0.0,1.4006977585505515e-10,20.746970946965227,222.0,18.0,202.0,6.0,424.0,-6.07,
720575940651553014,sensory,olfactory,0.0,0.0,25.130185754923712,26.0,4.0,121.0,8.0,147.0,-0.0,
720575940617769217,central,Kenyon_Cell,0.0,0.0,24.5971614570616,89.0,5.0,18.0,1.0,107.0,-3.2,
720575940615770369,central,unknown,0.0,0.0,22.24554429670586,135.0,7.0,25.0,2.0,160.0,-5.55,
720575940626649348,central,unknown,0.0,2.1897377516971182e-08,23.320677552475363,241.0,19.0,54.0,8.0,295.0,-5.49,
720575940606267659,central,ALLN,0.0,6.2515143863352205e-09,24.746344459223447,252.0,19.0,288.0,11.0,540.0,-2.09,
720575940624224526,central,Kenyon_Cell,0.0,0.0,24.71006293533349,129.0,6.0,24.0,2.0,153.0,-2.86,
720575940629926159,central,ALPN,0.0,1.8195612555819786e-07,24.11659406728569,189.0,20.0,1040.0,89.0,1229.0,-2.82,
720575940631269650,central,unknown,0.0,3.482935250805935e-07,23.88708841841652,1178.0,91.0,682.0,69.0,1860.0,-4.87,
720575940618326292,central,Kenyon_Cell,0.0,0.0,24.41040996211149,51.0,4.0,59.0,4.0,110.0,-3.61,
720575940620783898,sensory,olfactory,0.0,2.613048613785647e-10,25.122507598811325,12.0,2.0,105.0,12.0,117.0,-0.0,
720575940625305884,sensory,olfactory,0.0,0.0,25.120490153541237,37.0,3.0,212.0,14.0,249.0,-0.0,
720575940625273116,sensory,olfactory,0.0,5.389297884344788e-10,25.1237372678678,43.0,5.0,203.0,16.0,246.0,-0.0,
720575940624421148,central,Kenyon_Cell,0.0,0.0,24.17158532263501,42.0,4.0,17.0,1.0,59.0,-3.41,
720575940631761183,central,Kenyon_Cell,0.0,0.0,24.68077716251601,94.0,7.0,29.0,2.0,123.0,-3.18,
720575940626518302,central,ALLN,0.0,0.0,24.82015777850846,5.0,1.0,113.0,13.0,118.0,-3.71,
720575940624879911,central,ALPN,1.7852552484583962e-05,9.900318628447398e-07,24.259778554843614,4393.0,259.0,5728.0,290.0,10121.0,-4.12,
720575940628484396,central,Kenyon_Cell,0.0,0.0,24.6055725351362,128.0,6.0,18.0,1.0,146.0,-3.17,
720575940627632428,central,unknown,0.0,4.151369225249929e-09,20.84724814406939,157.0,12.0,165.0,14.0,322.0,-6.11,
720575940631728431,central,unknown,0.0,0.0,22.608544237992696,309.0,23.0,47.0,5.0,356.0,-5.09,
720575940617179451,central,ALPN,3.506940577090381e-05,7.237460289807564e-06,24.821706474050146,878.0,70.0,1638.0,118.0,2516.0,-1.48,
720575940618654016,central,LHLN,0.0,3.13157031234414e-09,24.631861128368573,325.0,19.0,116.0,15.0,441.0,-2.92,
720575940638642502,central,unknown,0.0,0.0,23.112879051980112,375.0,16.0,333.0,17.0,708.0,-5.18,
720575940627796298,central,unknown,3.26722900441162e-05,3.374792659726863e-07,20.75058366067737,2589.0,79.0,2834.0,71.0,5423.0,-5.94,
720575940617343316,central,ALPN,1.1283660769188084e-05,5.661257277277146e-06,24.093141204382125,807.0,70.0,2574.0,141.0,3381.0,-3.01,
720575940630679895,central,Kenyon_Cell,0.0,0.0,24.631364889096982,93.0,8.0,19.0,1.0,112.0,-3.11,
720575940622356835,central,unknown,0.0,0.0,22.872886581320227,46.0,7.0,16.0,2.0,62.0,-4.06,
720575940631925096,sensory,olfactory,0.0,1.0496598367223436e-07,25.15001731952417,76.0,7.0,694.0,27.0,770.0,-0.0,
720575940615049578,central,unknown,0.0,7.790431351275948e-11,21.762604535987265,99.0,10.0,42.0,6.0,141.0,-6.07,
720575940633727339,descending,unknown,0.0,1.5057008171877345e-07,21.07431696326791,33.0,5.0,18.0,2.0,51.0,-4.81,
720575940645097838,central,LHLN,0.0,1.7049055456191562e-09,24.730544588281447,346.0,24.0,71.0,10.0,417.0,-3.39,
720575940611117425,sensory,olfactory,0.0,0.0,25.10276993610156,5.0,1.0,74.0,5.0,79.0,-0.0,
720575940611379569,central,ALLN,3.720164683174803e-05,0.0001274907497186,24.787931022330504,7960.0,605.0,4607.0,276.0,12567.0,-1.91,
720575940638642547,central,unknown,0.0,0.0,21.89876691379064,11.0,2.0,53.0,4.0,64.0,-4.24,
720575940619964788,central,ALPN,0.0,8.461075724620662e-08,24.62905969151784,18.0,2.0,224.0,13.0,242.0,-3.78,
720575940630024566,central,ALPN,3.023544311743708e-05,2.517073425347251e-06,24.833501418435013,2468.0,130.0,3506.0,210.0,5974.0,-1.9,
720575940636316023,central,unknown,8.264089577433527e-06,4.509931335046876e-07,24.43796493538319,2393.0,98.0,2797.0,181.0,5190.0,-3.82,
720575940648931705,sensory,olfactory,0.0,1.3423791998950226e-10,25.08828592113085,10.0,2.0,48.0,6.0,58.0,-0.0,
720575940629139834,central,unknown,0.0,2.751346266013349e-07,22.091349397112676,802.0,29.0,142.0,8.0,944.0,-5.59,
720575940628058493,central,unknown,0.0,5.397724405971361e-10,24.206630179461044,89.0,14.0,50.0,6.0,139.0,-4.33,
720575940625502595,sensory,olfactory,0.0,1.0013089270248833e-07,25.134603509072875,80.0,9.0,126.0,9.0,206.0,-0.0,
720575940631925132,sensory,olfactory,0.0,5.393770322918987e-11,25.13142090831617,67.0,9.0,123.0,8.0,190.0,-0.0,
720575940639887757,central,unknown,0.0,0.0,21.768781556590344,50.0,6.0,421.0,18.0,471.0,-5.06,
720575940622979475,central,Kenyon_Cell,0.0,0.0,24.1359337936872,35.0,3.0,25.0,2.0,60.0,-3.95,
720575940623962516,central,Kenyon_Cell,0.0,0.0,24.56393343641073,142.0,7.0,29.0,1.0,171.0,-3.27,
720575940643623328,central,Kenyon_Cell,0.0,0.0,24.57077357751913,107.0,6.0,34.0,2.0,141.0,-3.26,
720575940654436769,sensory,olfactory,0.0,1.049921809607494e-08,25.18971876743752,7.0,1.0,38.0,6.0,45.0,-0.0,
720575940640477603,central,ALPN,0.0,1.8267131439086328e-08,23.62964878290432,83.0,11.0,252.0,18.0,335.0,-4.3,
720575940612362663,central,Kenyon_Cell,0.0,1.8394074023845983e-10,24.13474810550281,55.0,3.0,86.0,7.0,141.0,-4.2,
720575940620685739,sensory,olfactory,0.0,0.0,24.0,0.0,0.0,20.0,4.0,20.0,-0.0,
720575940614427055,sensory,olfactory,0.0,0.0,25.08769226822589,27.0,4.0,77.0,6.0,104.0,-0.0,
720575940620030384,sensory,olfactory,0.0,0.0,25.16588517269646,32.0,4.0,95.0,6.0,127.0,-0.0,
720575940612166063,central,unknown,0.0,0.0,24.040836192172478,364.0,36.0,94.0,9.0,458.0,-4.85,
720575940638773693,sensory,olfactory,0.0,0.0,25.11456994929405,50.0,4.0,195.0,13.0,245.0,-0.0,
720575940637069757,central,unknown,0.0,1.1528302551263568e-08,22.53208714267088,289.0,12.0,40.0,5.0,329.0,-4.94,
720575940620390848,central,unknown,0.0,2.032483202563949e-09,24.577842028396805,173.0,15.0,122.0,12.0,295.0,-3.3,
720575940617015750,central,Kenyon_Cell,0.0,0.0,24.754311053149102,160.0,9.0,23.0,1.0,183.0,-3.21,
720575940605252041,central,Kenyon_Cell,0.0,0.0,24.547969494979643,78.0,6.0,19.0,1.0,97.0,-3.17,
720575940625732042,central,unknown,0.0,1.3990419719295475e-09,24.463615693833244,367.0,34.0,57.0,6.0,424.0,-3.56,
720575940610658766,central,ALPN,0.0,0.0,23.81000162642335,28.0,4.0,172.0,14.0,200.0,-4.71,
720575940610724306,sensory,olfactory,0.0,5.230780175218736e-09,25.10008675132608,60.0,8.0,100.0,5.0,160.0,-0.0,
720575940608987605,central,unknown,0.0,0.0,24.637756737880384,42.0,5.0,54.0,4.0,96.0,-3.39,
720575940617441752,central,ALLN,0.0,4.454672371652193e-07,23.728456343914846,251.0,22.0,801.0,45.0,1052.0,-4.51,
720575940632646114,descending,unknown,0.0,0.0,23.231958871280387,28.0,5.0,0.0,0.0,28.0,-4.17,
720575940637954532,central,Kenyon_Cell,0.0,0.0,24.404807303199984,92.0,6.0,22.0,1.0,114.0,-3.39,
720575940622389735,central,ALPN,0.0,0.0,24.463081030225425,68.0,4.0,47.0,5.0,115.0,-3.36,
720575940620587503,central,LHLN,0.0,2.0935832563125886e-09,24.452395413125995,514.0,37.0,312.0,38.0,826.0,-3.39,
720575940618326511,central,unknown,0.0,1.0338608432536306e-06,23.436622976463703,388.0,28.0,344.0,28.0,732.0,-4.84,
720575940619964916,central,Kenyon_Cell,0.0,0.0,24.77403720921813,132.0,7.0,32.0,2.0,164.0,-2.97,
720575940636643832,central,unknown,0.0,0.0,22.433316557262803,143.0,16.0,11.0,2.0,154.0,-5.11,
720575940631335417,central,Kenyon_Cell,0.0,0.0,24.53394757854474,113.0,7.0,21.0,1.0,134.0,-3.29,
720575940630352379,central,unknown,0.0,3.838763274541772e-11,24.287287467718595,89.0,11.0,16.0,1.0,105.0,-3.49,
720575940623045117,sensory,olfactory,0.0,6.155925276677938e-10,25.11710338025909,45.0,6.0,180.0,11.0,225.0,-0.0,
720575940622586367,central,unknown,0.0,0.0,23.10945600999508,27.0,5.0,101.0,9.0,128.0,-4.02,
720575940629172736,central,Kenyon_Cell,0.0,0.0,24.6457303080269,134.0,7.0,20.0,1.0,154.0,-3.14,
720575940624945666,central,Kenyon_Cell,0.0,1.2128527177517272e-09,24.42406044983088,55.0,3.0,51.0,4.0,106.0,-3.82,
720575940627534339,central,Kenyon_Cell,0.0,0.0,24.329135824512324,83.0,4.0,46.0,2.0,129.0,-3.86,
720575940628582915,central,Kenyon_Cell,0.0,6.101922776410777e-10,24.615446606487374,78.0,4.0,41.0,2.0,119.0,-3.41,
720575940626223633,central,Kenyon_Cell,0.0,0.0,24.38920291913378,113.0,6.0,27.0,1.0,140.0,-3.62,
720575940627927573,central,ALLN,7.297297046740181e-06,3.766245637748526e-06,24.61509716828863,4395.0,205.0,4370.0,222.0,8765.0,-3.22,
720575940633203225,sensory,olfactory,0.0,0.0,25.147216179173995,12.0,2.0,43.0,4.0,55.0,-0.0,
720575940616229405,central,LHCENT,0.0,0.0,22.93840288016173,65.0,9.0,104.0,12.0,169.0,-4.42,
720575940633563679,central,unknown,0.0,1.884435496546585e-07,24.050846158378043,676.0,48.0,422.0,33.0,1098.0,-4.2,
720575940609577518,sensory,olfactory,0.0,7.412547648450343e-08,25.141228640762748,151.0,11.0,352.0,19.0,503.0,-0.0,
720575940630778428,central,ALPN,1.2118015966909738e-05,1.3927887595870764e-06,24.079861899671787,381.0,30.0,823.0,66.0,1204.0,-2.27,
720575940638085695,central,unknown,0.0,0.0,24.02614524975405,364.0,30.0,158.0,13.0,522.0,-4.03,
720575940620096065,central,unknown,0.0,2.322028520416464e-09,21.879436388048116,153.0,14.0,41.0,4.0,194.0,-5.54,
720575940609905220,central,unknown,0.0,0.0,24.790704123954097,49.0,5.0,32.0,4.0,81.0,-2.64,
720575940623503945,sensory,olfactory,0.0,6.074324948291191e-10,25.110937296296203,42.0,5.0,309.0,16.0,351.0,-0.0,
720575940618162773,central,unknown,0.0,3.7092439869701885e-10,24.33425973756425,174.0,15.0,167.0,16.0,341.0,-3.63,
720575940637725272,central,Kenyon_Cell,0.0,0.0,24.210391225164965,79.0,5.0,26.0,2.0,105.0,-3.7,
720575940620554843,central,unknown,0.0,6.1047011441684e-10,24.563621558918676,152.0,15.0,17.0,3.0,169.0,-3.38,
720575940634808927,central,Kenyon_Cell,0.0,0.0,24.65381710754425,127.0,7.0,38.0,1.0,165.0,-3.28,
720575940620096097,sensory,olfactory,0.0,0.0,24.0,0.0,0.0,39.0,6.0,39.0,-0.0,
720575940625732196,central,ALLN,0.0,7.726403516816345e-08,24.348043990547147,19.0,3.0,153.0,10.0,172.0,-2.61,
720575940634710629,central,ALPN,2.83415892559419e-06,2.4606010134042075e-06,23.89176005818681,287.0,22.0,593.0,60.0,880.0,-2.72,
720575940643361390,central,unknown,0.0,0.0,21.86655699469709,11.0,2.0,31.0,3.0,42.0,-6.04,
720575940612887154,central,unknown,0.0,0.0,24.673413332284973,88.0,10.0,76.0,6.0,164.0,-3.23,
720575940634546807,central,Kenyon_Cell,0.0,0.0,24.711645728724243,111.0,5.0,27.0,1.0,138.0,-2.91,
720575940627960442,central,unknown,0.0,0.0,22.73378729300217,66.0,5.0,28.0,1.0,94.0,-5.51,
720575940618293883,sensory,olfactory,0.0,4.08984378103809e-08,25.15776612222691,315.0,20.0,858.0,32.0,1173.0,-0.0,
720575940658795137,central,Kenyon_Cell,0.0,0.0,24.56188859229424,104.0,6.0,24.0,1.0,128.0,-3.22,
720575940619899527,central,Kenyon_Cell,0.0,0.0,24.201473623434516,93.0,5.0,23.0,1.0,116.0,-3.83,
720575940616622731,central,unknown,0.0,2.184328003693345e-08,21.937576338842536,148.0,11.0,62.0,6.0,210.0,-5.61,
720575940634776218,sensory,olfactory,0.0,6.155925276677938e-10,25.105412695192825,51.0,5.0,148.0,11.0,199.0,-0.0,
720575940616295069,central,Kenyon_Cell,0.0,0.0,23.42138885258788,42.0,3.0,19.0,1.0,61.0,-4.1,
720575940615443103,central,unknown,0.0,0.0,24.1805866947174,20.0,1.0,7.0,1.0,27.0,-4.02,
720575940614328994,central,unknown,0.0,0.0,23.362486682357744,34.0,5.0,97.0,11.0,131.0,-4.5,
720575940630450852,central,Kenyon_Cell,0.0,0.0,24.159959375297657,33.0,2.0,45.0,4.0,78.0,-3.84,
720575940620522155,central,unknown,0.0,2.848470459327537e-10,24.03963732529258,60.0,6.0,74.0,8.0,134.0,-5.12,
720575940632613549,central,unknown,0.0,6.495378888152476e-09,23.55190394032529,141.0,15.0,206.0,21.0,347.0,-4.53,
720575940619440816,central,unknown,0.0,1.831518227178957e-09,21.783356358317697,137.0,9.0,139.0,13.0,276.0,-5.86,
720575940623307447,central,ALPN,0.0,0.0,23.69376654964065,207.0,16.0,221.0,22.0,428.0,-4.58,
720575940615770811,central,unknown,0.0,3.0391165931326186e-08,23.47669462004937,84.0,12.0,64.0,6.0,148.0,-3.38,
720575940624061116,sensory,olfactory,0.0,0.0,24.0,0.0,0.0,53.0,5.0,53.0,-0.0,
720575940604924606,central,Kenyon_Cell,0.0,0.0,24.704917885047227,98.0,6.0,20.0,2.0,118.0,-2.83,
720575940635955903,central,unknown,0.0,0.0,24.621463868961712,95.0,10.0,38.0,5.0,133.0,-3.53,
720575940620358336,central,unknown,0.0,0.0,23.60177395748408,134.0,8.0,28.0,3.0,162.0,-5.41,
720575940629336770,sensory,olfactory,0.0,0.0,25.09627850718279,5.0,1.0,26.0,4.0,31.0,-0.0,
720575940622619332,central,unknown,0.0,5.664385475932471e-09,23.9678618175243,72.0,9.0,74.0,10.0,146.0,-3.78,
720575940630713029,central,unknown,0.0,5.62071542040737e-08,19.5231948874306,250.0,5.0,29.0,2.0,279.0,-6.32,
720575940616295110,sensory,olfactory,0.0,0.0,24.0,0.0,0.0,13.0,2.0,13.0,-0.0,
720575940624749258,central,Kenyon_Cell,0.0,0.0,24.523942367603368,57.0,4.0,34.0,1.0,91.0,-3.3,
720575940612723409,central,Kenyon_Cell,0.0,0.0,24.152229082587688,36.0,3.0,33.0,3.0,69.0,-4.49,
720575940611773138,central,unknown,0.0,2.340155222747113e-07,20.48913454868985,280.0,13.0,185.0,14.0,465.0,-5.38,
720575940633170643,descending,unknown,9.297100774612716e-06,5.708504266229682e-07,20.83736284960673,365.0,19.0,125.0,6.0,490.0,-6.18,
720575940637594334,central,ALPN,5.588855451405365e-05,1.953646893148605e-05,24.74787094332179,4021.0,179.0,6575.0,313.0,10596.0,-2.19,
720575940612821727,central,ALPN,0.0,4.406397456282978e-09,24.67595557234344,33.0,5.0,174.0,22.0,207.0,-3.82,
720575940632351457,central,Kenyon_Cell,0.0,0.0,24.473603673072635,52.0,4.0,58.0,4.0,110.0,-3.6,
720575940612559587,sensory,olfactory,0.0,6.670772910012686e-10,25.1258160072239,67.0,8.0,162.0,12.0,229.0,-0.0,
720575940627043048,sensory,olfactory,0.0,0.0,25.15792629663495,25.0,3.0,163.0,9.0,188.0,-0.0,
720575940624290539,central,Kenyon_Cell,0.0,0.0,24.73537317113529,108.0,6.0,34.0,2.0,142.0,-3.05,
720575940623438571,central,Kenyon_Cell,0.0,0.0,24.720648545398813,51.0,5.0,20.0,1.0,71.0,-2.9,
720575940619539182,sensory,olfactory,0.0,0.0,24.0,0.0,0.0,21.0,3.0,21.0,-0.0,
720575940619440878,sensory,olfactory,0.0,7.529326803590281e-11,25.025755868328226,5.0,1.0,99.0,8.0,104.0,-0.0,
720575940620096238,central,unknown,0.0,0.0,19.29002890224811,170.0,6.0,42.0,5.0,212.0,-6.57,
720575940621308656,central,unknown,0.0,0.0,21.965679693969022,25.0,3.0,0.0,0.0,25.0,-5.07,
720575940630057728,central,ALPN,0.0,3.95778854856911e-08,24.45113283049553,122.0,13.0,501.0,29.0,623.0,-3.5,
720575940620555013,central,unknown,0.0,0.0,23.2751277382718,122.0,15.0,18.0,3.0,140.0,-5.59,
720575940627731206,central,unknown,0.0,0.0,22.04018570409072,301.0,8.0,311.0,15.0,612.0,-6.04,
720575940622848775,central,unknown,0.0,0.0,23.53773646549653,268.0,25.0,124.0,6.0,392.0,-4.46,
720575940609282825,central,ALLN,6.396723182532682e-05,0.0001226695097742,24.69937718736416,11003.0,634.0,17083.0,997.0,28086.0,-2.02,
720575940626354954,sensory,olfactory,0.0,2.6142612509817835e-08,25.083779991589584,20.0,3.0,112.0,8.0,132.0,-0.0,
720575940609807113,central,unknown,0.0,0.0,23.736947831472648,279.0,23.0,155.0,9.0,434.0,-4.81,
720575940624323342,central,ALLN,0.0,0.0,24.24166666486569,10.0,1.0,99.0,6.0,109.0,-4.17,
720575940632351513,sensory,olfactory,0.0,0.0,25.1139549150972,40.0,5.0,166.0,11.0,206.0,-0.0,
720575940620882714,sensory,olfactory,0.0,1.4821592038581912e-07,25.138143952205187,42.0,6.0,235.0,17.0,277.0,-0.0,
720575940617704219,central,unknown,0.0,4.9601997367674575e-11,24.60909463967522,56.0,7.0,22.0,2.0,78.0,-3.33,
720575940626158364,central,DAN,0.0,0.0,24.068741549281967,20.0,3.0,0.0,0.0,20.0,-3.41,
720575940616196898,central,unknown,0.0,0.0,24.85015420845605,25.0,4.0,14.0,2.0,39.0,-2.6,
720575940624716581,central,Kenyon_Cell,0.0,0.0,24.62960896108934,144.0,8.0,21.0,1.0,165.0,-3.27,
720575940631991082,central,unknown,0.0,4.849947484961249e-07,21.143404830390157,18.0,3.0,51.0,4.0,69.0,-4.76,
720575940624126768,central,unknown,0.0,4.7368526952047496e-08,21.921368784600187,122.0,13.0,128.0,15.0,250.0,-5.77,
720575940619506481,central,unknown,0.0,0.0,24.42160165209749,349.0,31.0,119.0,8.0,468.0,-3.5,
720575940615246643,central,unknown,0.0,0.0,21.601257297334687,140.0,14.0,53.0,4.0,193.0,-4.85,
720575940645917492,sensory,olfactory,0.0,1.1285276821916174e-08,25.118557370430445,5.0,1.0,74.0,7.0,79.0,-0.0,
720575940630811449,sensory,olfactory,0.0,0.0,25.118557370430445,6.0,1.0,36.0,5.0,42.0,-0.0,
720575940626125626,sensory,hygrosensory,0.0,3.8814714530025416e-08,24.556723832102197,76.0,7.0,213.0,13.0,289.0,-3.85,
720575940626682682,central,ALPN,0.0,3.664072370776975e-06,22.843392985999216,175.0,13.0,413.0,36.0,588.0,-4.26,
720575940631237433,central,Kenyon_Cell,0.0,9.671410499906392e-10,23.93012148732101,16.0,2.0,26.0,2.0,42.0,-4.58,
720575940620522305,sensory,olfactory,0.0,6.155925276677938e-10,25.119515050871986,67.0,9.0,201.0,13.0,268.0,-0.0,
720575940620653377,central,Kenyon_Cell,0.0,0.0,24.51093573958949,112.0,8.0,17.0,1.0,129.0,-3.23,
720575940631499587,central,Kenyon_Cell,0.0,0.0,24.577310304204783,162.0,9.0,26.0,1.0,188.0,-3.54,
720575940640314190,central,ALLN,0.0,1.7121102324915302e-06,24.8084440849264,982.0,96.0,1785.0,141.0,2767.0,-2.54,
720575940639003470,central,unknown,0.0,0.0,24.55176966133105,19.0,3.0,28.0,4.0,47.0,-3.73,
720575940620981072,central,unknown,1.3243733297169112e-08,9.342577191597964e-07,22.98731841564041,959.0,51.0,437.0,35.0,1396.0,-5.2,
720575940633367377,sensory,olfactory,0.0,2.546382432068732e-07,25.140598427883024,343.0,21.0,803.0,30.0,1146.0,-0.0,
720575940619670352,central,unknown,2.118997327547058e-07,1.2511857189000698e-07,21.10514394885637,799.0,17.0,104.0,5.0,903.0,-5.73,
720575940620096341,sensory,olfactory,0.0,0.0,24.0,0.0,0.0,17.0,3.0,17.0,-0.0,
720575940617048925,central,unknown,0.0,5.837565184998577e-09,24.13959383759971,103.0,11.0,48.0,6.0,151.0,-3.51,
720575940621833054,central,unknown,0.0,0.0,23.10945773942491,269.0,22.0,47.0,6.0,316.0,-5.4,
720575940634710879,central,LHLN,0.0,2.5281935205421004e-09,24.509806285519964,140.0,11.0,158.0,22.0,298.0,-3.69,
720575940620850017,central,Kenyon_Cell,0.0,0.0,24.722262460792663,159.0,7.0,26.0,1.0,185.0,-3.17,
720575940623930211,central,ALLN,0.0,2.720765656496502e-09,24.83722114004544,6.0,1.0,35.0,5.0,41.0,-2.92,
720575940620817261,central,LHLN,0.0,3.342804605855434e-10,24.65446077529168,338.0,29.0,196.0,25.0,534.0,-3.3,
720575940639691635,central,unknown,0.0,1.967200930036372e-07,24.20263216875694,95.0,8.0,70.0,7.0,165.0,-3.64,
720575940620948340,central,Kenyon_Cell,0.0,0.0,24.347138845883144,72.0,5.0,23.0,1.0,95.0,-3.79,
720575940628714358,central,Kenyon_Cell,0.0,0.0,24.48708731393601,47.0,4.0,24.0,2.0,71.0,-3.41,
720575940630549370,central,ALPN,4.088340468836105e-05,4.872244711229168e-06,24.56962387213269,2084.0,122.0,3278.0,181.0,5362.0,-2.24,
720575940629631870,central,Kenyon_Cell,0.0,0.0,24.62447064547488,163.0,10.0,23.0,1.0,186.0,-3.37,
720575940627075977,central,unknown,0.0,3.092453427558838e-10,23.970968390517733,316.0,31.0,135.0,14.0,451.0,-4.46,
720575940616786833,central,Kenyon_Cell,0.0,0.0,24.73510215543341,83.0,6.0,25.0,1.0,108.0,-3.02,
720575940612461461,central,ALLN,2.571933006310241e-05,1.196527180394653e-06,24.66771724184108,3544.0,114.0,2784.0,117.0,6328.0,-3.28,
720575940612166553,sensory,olfactory,0.0,1.5760582646679606e-08,25.099984322507552,11.0,2.0,59.0,7.0,70.0,-0.0,
720575940633596826,central,Kenyon_Cell,0.0,0.0,24.66352666954255,139.0,7.0,28.0,1.0,167.0,-3.39,
720575940617540509,central,unknown,0.0,1.7478446929891586e-09,24.57354160738484,328.0,26.0,239.0,21.0,567.0,-3.48,
720575940613772194,central,unknown,0.0,0.0,24.39973793856373,94.0,9.0,20.0,3.0,114.0,-3.28,
720575940620981158,central,unknown,0.0,0.0,24.458306915516047,173.0,19.0,89.0,10.0,262.0,-3.58,
720575940615607207,descending,unknown,2.3375189269503484e-05,2.349169808430213e-05,23.21503007930992,117.0,9.0,104.0,12.0,221.0,-3.19,
720575940627239848,sensory,olfactory,0.0,2.613048613785647e-10,25.10272198847028,35.0,5.0,208.0,14.0,243.0,-0.0,
720575940614263719,central,Kenyon_Cell,0.0,1.5378108300756135e-09,24.307512756434427,53.0,3.0,46.0,4.0,99.0,-3.69,
720575940611773354,sensory,olfactory,0.0,6.074324948291191e-10,25.113438270106588,36.0,4.0,166.0,14.0,202.0,-0.0,
720575940615541671,central,unknown,0.0,3.615469338336927e-10,24.515071756897747,140.0,17.0,70.0,5.0,210.0,-3.44,
720575940604662700,central,ALLN,0.0,5.625996917373216e-07,23.887040948932903,61.0,8.0,113.0,9.0,174.0,-3.24,
720575940632679341,central,unknown,0.0,8.360254930353237e-07,21.234311582820947,156.0,10.0,131.0,9.0,287.0,-5.8,
720575940614427567,sensory,olfactory,0.0,0.0,25.133767808943563,20.0,2.0,71.0,6.0,91.0,-0.0,
720575940606563249,central,LHLN,0.0,4.757380530306777e-09,24.15338973525696,92.0,6.0,43.0,7.0,135.0,-3.51,
720575940623274935,sensory,olfactory,0.0,3.027836670194545e-09,25.16333029783937,346.0,22.0,776.0,31.0,1122.0,-0.0,
720575940625765306,central,Kenyon_Cell,0.0,0.0,24.40514060923002,79.0,6.0,27.0,1.0,106.0,-3.89,
720575940638249917,sensory,olfactory,0.0,1.0458308951537244e-08,25.172276402696,45.0,5.0,194.0,13.0,239.0,-0.0,
720575940624716746,sensory,olfactory,0.0,2.822591689965189e-08,25.109474432355487,65.0,5.0,365.0,18.0,430.0,-0.0,
720575940621767629,sensory,olfactory,0.0,7.1446485261558506e-09,25.116467002789022,12.0,2.0,85.0,5.0,97.0,-0.0,
720575940632679379,sensory,olfactory,0.0,0.0,24.0,0.0,0.0,35.0,6.0,35.0,-0.0,
720575940617475028,central,unknown,0.0,0.0,24.105547302986647,522.0,43.0,97.0,11.0,619.0,-3.94,
720575940619441112,central,unknown,0.0,1.7822699448171505e-07,24.466794808968736,706.0,60.0,121.0,10.0,827.0,-3.61,
720575940620719064,central,unknown,0.0,1.8563258362689967e-08,24.54316070571146,727.0,43.0,360.0,34.0,1087.0,-3.5,
720575940641362907,central,Kenyon_Cell,0.0,0.0,24.603153379034374,84.0,7.0,11.0,1.0,95.0,-3.26,
720575940612789219,central,Kenyon_Cell,0.0,0.0,24.60201669848789,152.0,8.0,27.0,2.0,179.0,-3.19,
720575940610823141,central,Kenyon_Cell,0.0,0.0,24.718974699352035,156.0,9.0,28.0,1.0,184.0,-2.9,
720575940611052517,central,Kenyon_Cell,0.0,0.0,24.60291733044723,165.0,9.0,26.0,1.0,191.0,-3.43,
720575940625994728,central,Kenyon_Cell,0.0,0.0,24.56122986985635,68.0,5.0,17.0,1.0,85.0,-3.44,
720575940627993576,central,unknown,0.0,0.0,24.25917308211559,137.0,12.0,121.0,12.0,258.0,-4.08,
720575940625306603,descending,unknown,0.0,1.703235229775079e-07,21.75776612042814,267.0,20.0,8.0,1.0,275.0,-4.99,
720575940620555252,sensory,olfactory,0.0,2.694648942172394e-10,25.13041577383004,33.0,5.0,69.0,4.0,102.0,-0.0,
720575940620686324,sensory,olfactory,0.0,1.8976095928183215e-07,25.15105277688003,23.0,4.0,146.0,11.0,169.0,-0.0,
720575940635399160,sensory,olfactory,0.0,1.16040975996852e-08,25.26249659235481,20.0,3.0,139.0,10.0,159.0,-0.0,
720575940626879484,sensory,olfactory,0.0,0.0,25.12908102103312,18.0,3.0,56.0,4.0,74.0,-0.0,
720575940627469315,central,unknown,0.0,0.0,23.263011414828952,89.0,11.0,13.0,1.0,102.0,-3.63,
720575940620227589,central,unknown,0.0,5.410543624054742e-10,21.554311378655285,64.0,9.0,289.0,24.0,353.0,-5.1,
720575940627239946,central,ALPN,0.0,1.2822341783168275e-10,24.474641689504505,95.0,11.0,114.0,10.0,209.0,-3.8,
720575940623897613,central,ALPN,0.0,4.0542040705619727e-10,24.846022249529167,167.0,13.0,198.0,25.0,365.0,-2.91,
720575940622881805,central,Kenyon_Cell,0.0,0.0,24.71776455581186,123.0,8.0,31.0,2.0,154.0,-2.88,
720575940626879505,central,unknown,0.0,5.409043097527349e-08,21.34714305053881,236.0,17.0,62.0,8.0,298.0,-6.23,
720575940627174419,central,LHLN,0.0,9.398658765540086e-10,24.645903374184567,369.0,28.0,179.0,17.0,548.0,-3.0,
720575940619637780,central,ALPN,9.24412584142404e-06,1.5795559888285557e-06,24.862776817001897,1072.0,80.0,1405.0,118.0,2477.0,-1.91,
720575940644869143,central,unknown,0.0,5.728528565740563e-07,24.360489504563823,131.0,16.0,63.0,6.0,194.0,-3.88,
720575940620981274,sensory,olfactory,0.0,1.2672861245440368e-07,25.167022920223268,227.0,20.0,312.0,22.0,539.0,-0.0,
720575940617638946,central,unknown,9.005738642074996e-07,2.70967116122129e-07,21.297855915172583,547.0,19.0,1262.0,35.0,1809.0,-5.9,
720575940623799335,sensory,olfactory,0.0,0.0,25.1024454339967,44.0,6.0,118.0,6.0,162.0,-0.0,
720575940624290855,central,Kenyon_Cell,0.0,0.0,24.643644375637862,120.0,8.0,31.0,2.0,151.0,-2.88,
720575940631467050,central,unknown,0.0,9.656672154632107e-08,23.83433772748276,824.0,58.0,819.0,73.0,1643.0,-4.64,
720575940629271596,central,Kenyon_Cell,0.0,0.0,24.62334184124541,102.0,6.0,12.0,1.0,114.0,-3.09,
720575940631630893,sensory,olfactory,0.0,3.999178516898509e-08,25.13884362969813,366.0,24.0,931.0,36.0,1297.0,-0.0,
720575940629304364,central,Kenyon_Cell,0.0,0.0,24.61846216940788,85.0,6.0,26.0,1.0,111.0,-3.53,
720575940631041071,sensory,olfactory,0.0,0.0,25.068365536965025,17.0,3.0,90.0,8.0,107.0,-0.0,
720575940608889902,central,unknown,0.0,0.0,22.144369390845146,88.0,10.0,398.0,19.0,486.0,-5.14,
720575940615541810,central,unknown,0.0,9.496637310588472e-08,20.338174766615207,225.0,12.0,77.0,10.0,302.0,-5.67,
720575940638872629,sensory,olfactory,0.0,1.7548295260376763e-10,25.071828941665647,104.0,12.0,183.0,14.0,287.0,-0.0,
720575940636873791,central,ALPN,5.874920090624218e-05,3.034009642425859e-05,24.7778835593434,3508.0,163.0,7204.0,378.0,10712.0,-2.23,
720575940631827527,central,Kenyon_Cell,0.0,0.0,24.446122298118706,65.0,5.0,21.0,1.0,86.0,-3.63,
720575940619375701,central,Kenyon_Cell,0.0,0.0,24.57906452531145,141.0,6.0,25.0,1.0,166.0,-3.09,
720575940619637845,central,Kenyon_Cell,0.0,0.0,24.767621340411804,95.0,4.0,29.0,1.0,124.0,-3.11,
720575940634743903,central,Kenyon_Cell,0.0,0.0,24.56103260246121,37.0,4.0,35.0,3.0,72.0,-3.52,
720575940626256992,sensory,hygrosensory,0.0,1.2321121767174424e-07,24.64468024790668,21.0,4.0,267.0,23.0,288.0,-3.39,
720575940610036834,sensory,olfactory,0.0,7.1446485261558506e-09,25.12558148100836,12.0,2.0,97.0,9.0,109.0,-0.0,
720575940626158692,central,Kenyon_Cell,0.0,0.0,24.53264273907916,91.0,7.0,47.0,3.0,138.0,-3.43,
720575940629009513,central,ALPN,1.8673663949008447e-06,3.471287644898176e-06,24.8057626537399,947.0,81.0,2768.0,185.0,3715.0,-2.48,
720575940634809455,central,ALLN,0.0,4.018049351519256e-07,24.111506280299874,659.0,59.0,523.0,43.0,1182.0,-4.64,
720575940612920434,central,unknown,0.0,5.148583336597192e-09,24.46534788366514,287.0,26.0,259.0,23.0,546.0,-3.32,
720575940616295541,central,unknown,0.0,0.0,22.093453421446902,26.0,3.0,59.0,2.0,85.0,-4.72,
720575940621538431,central,Kenyon_Cell,0.0,0.0,24.142407071219,46.0,3.0,58.0,4.0,104.0,-3.94,
720575940659844225,central,ALLN,0.0,1.4576439352018112e-08,24.702015749348053,40.0,6.0,68.0,8.0,108.0,-3.33,
720575940620129415,central,unknown,2.3838719934904402e-07,3.5273291172496266e-08,23.813215482165287,905.0,61.0,212.0,15.0,1117.0,-4.7,
720575940626486409,central,Kenyon_Cell,0.0,0.0,24.728843319349394,105.0,5.0,21.0,1.0,126.0,-2.89,
720575940625765520,central,unknown,0.0,0.0,23.562795758540016,403.0,32.0,330.0,11.0,733.0,-4.26,
720575940625405072,central,Kenyon_Cell,0.0,0.0,24.279734893943303,92.0,6.0,24.0,1.0,116.0,-3.42,
720575940614755478,central,Kenyon_Cell,0.0,0.0,24.753523105205364,129.0,8.0,19.0,1.0,148.0,-3.11,
720575940633662615,sensory,olfactory,0.0,0.0,25.118557370430445,9.0,1.0,20.0,2.0,29.0,-0.0,
720575940626224280,central,unknown,2.6487466594338224e-08,1.06805500505721e-06,22.683890628411,441.0,24.0,892.0,66.0,1333.0,-4.6,
720575940634154140,central,Kenyon_Cell,0.0,0.0,24.685239480063395,117.0,8.0,18.0,1.0,135.0,-3.04,
720575940654929057,central,unknown,0.0,1.3784883532729565e-08,24.35849271843831,100.0,9.0,16.0,2.0,116.0,-3.27,
720575940610921642,central,Kenyon_Cell,0.0,0.0,24.14421350329909,28.0,2.0,33.0,2.0,61.0,-4.39,
720575940618556587,central,unknown,0.0,0.0,22.755375601651146,22.0,4.0,0.0,0.0,22.0,-5.14,
720575940615345339,central,Kenyon_Cell,0.0,0.0,24.654952821678005,69.0,4.0,21.0,1.0,90.0,-3.06,
720575940632876223,central,unknown,0.0,0.0,22.82335969468291,106.0,10.0,46.0,7.0,152.0,-5.84,
720575940619441345,central,unknown,0.0,2.507520444087031e-06,22.249776667263315,34.0,6.0,99.0,11.0,133.0,-4.99,
720575940618884289,central,unknown,0.0,0.0,21.38076922840238,32.0,4.0,11.0,2.0,43.0,-6.19,
720575940608496835,central,Kenyon_Cell,0.0,0.0,24.75031025528161,153.0,9.0,21.0,1.0,174.0,-3.06,
720575940628190407,central,unknown,0.0,0.0,24.51830599525846,16.0,2.0,110.0,10.0,126.0,-3.28,
720575940642968776,sensory,olfactory,0.0,0.0,25.119885727357698,38.0,4.0,187.0,11.0,225.0,-0.0,
720575940644541640,central,Kenyon_Cell,0.0,0.0,24.754122744967106,130.0,6.0,21.0,2.0,151.0,-2.91,
720575940611085518,sensory,olfactory,0.0,0.0,25.14186321473966,19.0,1.0,72.0,7.0,91.0,-0.0,
720575940640445648,central,unknown,0.0,9.670348843037493e-08,24.27246699336709,371.0,37.0,80.0,11.0,451.0,-4.28,
720575940608824530,central,unknown,0.0,9.684467321822668e-09,21.415608538325507,119.0,8.0,72.0,7.0,191.0,-5.14,
720575940617475284,central,LHLN,0.0,0.0,24.669765359057354,192.0,15.0,63.0,9.0,255.0,-3.34,
720575940617376980,central,Kenyon_Cell,0.0,0.0,24.34183198094844,61.0,5.0,35.0,2.0,96.0,-3.54,
720575940628419804,central,unknown,0.0,2.02641000695762e-08,20.308917137255712,57.0,5.0,172.0,14.0,229.0,-5.27,
720575940614984927,central,Kenyon_Cell,0.0,1.5907095764028055e-09,24.37885173148016,59.0,5.0,25.0,3.0,84.0,-3.29,
720575940605842656,central,unknown,1.5349486891419e-05,1.2394885810685512e-08,24.43122720531421,4083.0,179.0,385.0,33.0,4468.0,-3.48,
720575940617540838,central,Kenyon_Cell,0.0,0.0,24.6502649227634,173.0,10.0,23.0,1.0,196.0,-3.12,
720575940623209703,sensory,hygrosensory,0.0,0.0,24.61529620403333,166.0,17.0,188.0,17.0,354.0,-3.75,
720575940638053609,central,Kenyon_Cell,0.0,0.0,24.28202752244791,51.0,3.0,35.0,1.0,86.0,-4.1,
720575940623242476,sensory,olfactory,0.0,0.0,25.022452362397143,12.0,2.0,60.0,6.0,72.0,-0.0,
720575940628419825,central,LHLN,0.0,1.2106576040309357e-07,24.45673107968684,416.0,31.0,428.0,40.0,844.0,-3.58,
720575940624651507,central,Kenyon_Cell,0.0,0.0,24.73282709473217,129.0,6.0,29.0,2.0,158.0,-2.97,
720575940629075191,sensory,olfactory,0.0,7.2581864916067665e-09,25.26234416478489,17.0,3.0,135.0,10.0,152.0,-0.0,
720575940628976887,sensory,olfactory,0.0,9.349886207466088e-08,25.16030882004523,139.0,13.0,285.0,22.0,424.0,-0.0,
720575940629894391,central,Kenyon_Cell,0.0,0.0,24.605734376934425,125.0,8.0,21.0,1.0,146.0,-3.36,
720575940630385915,central,unknown,0.0,0.0,22.67356755020329,7.0,1.0,18.0,3.0,25.0,-4.06,
720575940623209727,central,unknown,0.0,1.7083553133813867e-08,24.058692667546097,512.0,34.0,165.0,13.0,677.0,-4.55,
720575940622324991,central,unknown,6.899985047825107e-06,1.6474149615265352e-06,20.560076670238168,652.0,34.0,111.0,6.0,763.0,-5.44,
720575940625044743,sensory,olfactory,0.0,0.0,25.11505920029853,23.0,3.0,128.0,8.0,151.0,-0.0,
720575940609447179,central,ALPN,2.264678393815918e-06,1.4450044211106716e-06,24.815076890897032,1077.0,82.0,1793.0,143.0,2870.0,-2.06,
720575940632417554,central,LHCENT,0.0,7.92066290638427e-07,23.44931802643309,772.0,66.0,1124.0,79.0,1896.0,-5.08,
720575940626191635,central,unknown,0.0,0.0,23.276646545470456,139.0,13.0,227.0,10.0,366.0,-4.39,
720575940621014292,central,ALIN,0.0,1.388492764834167e-07,24.194148408325827,244.0,20.0,1040.0,47.0,1284.0,-2.7,
720575940620227860,central,unknown,0.0,8.487228090578122e-09,24.38500252378731,213.0,18.0,158.0,17.0,371.0,-3.81,
720575940616852763,central,Kenyon_Cell,0.0,0.0,24.52901308598936,73.0,6.0,43.0,1.0,116.0,-3.62,
720575940617180445,sensory,olfactory,0.0,1.1285276821916174e-08,25.118557370430445,5.0,1.0,47.0,4.0,52.0,-0.0,
720575940644902179,sensory,olfactory,0.0,1.1698863506917843e-10,25.11801323567792,45.0,6.0,208.0,16.0,253.0,-0.0,
720575940625667365,central,Kenyon_Cell,0.0,6.933891778622572e-11,24.57161975642245,53.0,4.0,39.0,2.0,92.0,-3.21,
720575940625175845,central,Kenyon_Cell,0.0,0.0,24.63585581159681,184.0,9.0,38.0,4.0,222.0,-3.39,
720575940632745261,central,Kenyon_Cell,0.0,0.0,24.62525378858949,113.0,9.0,18.0,1.0,131.0,-3.2,
720575940613051699,sensory,olfactory,0.0,0.0,25.129910261915583,37.0,5.0,158.0,9.0,195.0,-0.0,
720575940614067507,central,unknown,0.0,2.1607998054122732e-08,23.56039725257321,182.0,19.0,196.0,20.0,378.0,-4.73,
720575940618229051,visual_centrifugal,unknown,0.0,0.0,20.773733432393943,67.0,8.0,5.0,1.0,72.0,-5.11,
720575940638053693,central,Kenyon_Cell,0.0,0.0,24.60294580046869,104.0,8.0,27.0,2.0,131.0,-3.31,
720575940636841286,central,Kenyon_Cell,0.0,0.0,24.717195761397317,96.0,7.0,18.0,1.0,114.0,-3.24,
720575940626584904,sensory,olfactory,0.0,3.4612763345055437e-10,25.111014551388653,12.0,2.0,142.0,14.0,154.0,-0.0,
720575940638446936,central,Kenyon_Cell,0.0,0.0,24.36492226653362,57.0,4.0,38.0,3.0,95.0,-3.51,
720575940621505883,central,unknown,0.0,1.7237599794015474e-08,24.63777158486686,167.0,17.0,79.0,9.0,246.0,-3.55,
720575940628452711,sensory,olfactory,0.0,5.3233446875826046e-08,25.1101190244058,15.0,2.0,163.0,10.0,178.0,-0.0,
720575940629009769,sensory,olfactory,0.0,1.576634916329656e-10,24.918787394081814,10.0,2.0,66.0,7.0,76.0,-0.0,
720575940637332851,central,unknown,0.0,4.8176894386469735e-08,23.810861931373164,212.0,18.0,88.0,8.0,300.0,-4.71,
720575940616459637,central,unknown,0.0,0.0,23.392175668288974,95.0,9.0,61.0,3.0,156.0,-4.96,
720575940616426869,central,Kenyon_Cell,0.0,0.0,24.77423530508508,140.0,6.0,18.0,1.0,158.0,-2.88,
720575940610332024,central,unknown,0.0,8.170739684342693e-09,21.41804226756475,770.0,29.0,195.0,12.0,965.0,-6.01,
720575940629009786,sensory,olfactory,0.0,7.325811627369722e-10,25.118415897043093,65.0,8.0,135.0,14.0,200.0,-0.0,
720575940629337470,sensory,olfactory,0.0,1.1285276821916174e-08,25.118557370430445,8.0,1.0,81.0,7.0,89.0,-0.0,
720575940629108094,central,Kenyon_Cell,0.0,0.0,24.6177252239504,83.0,7.0,14.0,1.0,97.0,-3.19,
720575940639004032,sensory,olfactory,0.0,0.0,25.123791421480476,38.0,4.0,161.0,10.0,199.0,-0.0,
720575940647097732,sensory,olfactory,0.0,0.0,25.146739912978585,42.0,6.0,83.0,7.0,125.0,-0.0,
720575940618458513,central,ALLN,0.0,2.0303856083632825e-08,24.58936935460951,538.0,32.0,1088.0,40.0,1626.0,-3.33,
720575940627994008,central,unknown,0.0,0.0,24.52146978516169,365.0,31.0,232.0,21.0,597.0,-3.62,
720575940628288923,sensory,olfactory,0.0,0.0,25.10203135136601,12.0,2.0,58.0,6.0,70.0,-0.0,
720575940635334044,central,LHLN,0.0,0.0,24.79060395683764,188.0,12.0,64.0,9.0,252.0,-3.01,
720575940653913505,sensory,olfactory,0.0,7.763138541268617e-08,25.09466905933257,84.0,12.0,216.0,17.0,300.0,-0.0,
720575940619277733,sensory,olfactory,0.0,3.4612763345055437e-10,25.132194062661902,39.0,6.0,129.0,11.0,168.0,-0.0,
720575940618753445,central,LHLN,0.0,0.0,24.527227067025283,136.0,13.0,159.0,20.0,295.0,-3.72,
720575940628420008,central,ALPN,0.0,8.596116796146709e-11,25.076053985332543,18.0,3.0,519.0,27.0,537.0,-1.33,
720575940620686761,central,Kenyon_Cell,0.0,0.0,24.755947086315857,100.0,6.0,13.0,2.0,113.0,-2.9,
720575940615116207,central,unknown,0.0,4.94979938265508e-08,24.675247539696517,297.0,25.0,201.0,20.0,498.0,-3.13,
720575940610397619,central,ALIN,0.0,3.497595123930973e-09,23.108518704410194,172.0,23.0,654.0,38.0,826.0,-4.99,
720575940624651704,central,unknown,0.0,0.0,23.61340450694629,95.0,10.0,21.0,3.0,116.0,-4.68,
720575940614559163,sensory,olfactory,0.0,3.6544318327804798e-09,25.13629743286584,99.0,10.0,208.0,12.0,307.0,-0.0,
720575940626027964,central,unknown,0.0,0.0,23.455303630839527,75.0,8.0,10.0,1.0,85.0,-4.56,
720575940638807485,sensory,olfactory,0.0,0.0,24.0,0.0,0.0,24.0,4.0,24.0,-0.0,
720575940620326336,central,Kenyon_Cell,0.0,0.0,24.350094523722557,39.0,2.0,43.0,2.0,82.0,-4.3,
720575940642936264,sensory,olfactory,0.0,2.613048613785647e-10,25.110854916592903,36.0,6.0,130.0,10.0,166.0,-0.0,
720575940609873358,central,Kenyon_Cell,0.0,0.0,24.405184541739377,61.0,7.0,17.0,1.0,78.0,-3.74,
720575940640249296,central,unknown,3.443370657263969e-07,2.472360353609169e-10,22.248395639210276,1047.0,39.0,1733.0,70.0,2780.0,-5.97,
720575940613084625,sensory,olfactory,0.0,0.0,25.13530203619881,21.0,3.0,58.0,7.0,79.0,-0.0,
720575940622915030,sensory,olfactory,0.0,0.0,24.0,0.0,0.0,29.0,4.0,29.0,-0.0,
720575940622161366,descending,unknown,2.266002767145635e-05,2.986501520691718e-07,21.69725511087349,1155.0,36.0,374.0,8.0,1529.0,-5.3,
720575940619245016,central,DAN,0.0,6.15467759687104e-10,21.934308863520755,1818.0,87.0,959.0,63.0,2777.0,-5.65,
720575940617541081,sensory,olfactory,0.0,0.0,25.082485686486272,7.0,1.0,13.0,2.0,20.0,-0.0,
720575940641592795,central,ALLN,0.0,1.0502788421030034e-07,24.52780733152841,1209.0,96.0,1599.0,119.0,2808.0,-3.1,
720575940614952415,central,unknown,0.0,0.0,22.918008227505545,966.0,45.0,407.0,28.0,1373.0,-5.94,
720575940631434722,central,Kenyon_Cell,0.0,0.0,24.46240351299377,72.0,5.0,17.0,1.0,89.0,-3.4,
720575940611053029,central,Kenyon_Cell,0.0,0.0,24.44506120553903,85.0,7.0,48.0,4.0,133.0,-3.71,
720575940637791721,central,unknown,0.0,2.02908222026648e-09,24.05242506742785,422.0,33.0,119.0,16.0,541.0,-4.63,
720575940622915060,central,unknown,0.0,2.5072952323985465e-10,22.70208875654329,323.0,33.0,438.0,21.0,761.0,-5.6,
720575940626879996,sensory,olfactory,0.0,6.074324948291191e-10,25.093201154886927,15.0,2.0,102.0,8.0,117.0,-0.0,
720575940622128639,central,unknown,0.0,0.0,22.351587298448607,76.0,10.0,53.0,5.0,129.0,-5.61,
720575940606498313,central,ALPN,0.0,1.7959494481905502e-07,24.758664582871518,72.0,9.0,255.0,22.0,327.0,-3.36,
720575940628420106,central,unknown,0.0,0.0,24.68926950997322,138.0,14.0,59.0,5.0,197.0,-3.15,
720575940627273226,central,unknown,0.0,1.1927672721171473e-07,23.93366225622219,340.0,31.0,340.0,26.0,680.0,-3.72,
720575940609381897,visual_centrifugal,unknown,0.0,0.0,22.060949473004264,361.0,17.0,0.0,0.0,361.0,-5.35,
720575940619998740,central,unknown,0.0,1.2904671077446058e-07,21.03860587071717,53.0,7.0,41.0,3.0,94.0,-5.64,
720575940614919709,sensory,hygrosensory,0.0,2.738594152702136e-07,24.6826027217769,55.0,5.0,189.0,17.0,244.0,-3.06,
720575940624487975,central,ALPN,0.0,1.7311914027830323e-09,24.64703211233874,111.0,14.0,133.0,12.0,244.0,-3.13,
720575940629468716,central,unknown,0.0,0.0,21.46587407534556,262.0,9.0,0.0,0.0,262.0,-5.71,
720575940630189624,central,Kenyon_Cell,0.0,0.0,24.26999284075176,43.0,4.0,27.0,2.0,70.0,-4.22,
720575940629894716,central,ALPN,0.0,2.866708915783524e-07,21.768455442039897,9.0,1.0,250.0,22.0,259.0,-4.12,
720575940625929790,central,Kenyon_Cell,0.0,0.0,24.60536413276846,116.0,4.0,23.0,1.0,139.0,-2.98,
720575940637693503,central,unknown,0.0,6.226109385424335e-08,24.56959581085013,479.0,45.0,241.0,26.0,720.0,-3.59,
720575940620654145,sensory,olfactory,0.0,0.0,25.10276993610156,5.0,1.0,46.0,5.0,51.0,-0.0,
720575940619245121,central,Kenyon_Cell,0.0,0.0,24.665612557239967,125.0,8.0,25.0,2.0,150.0,-3.27,
720575940618294853,central,Kenyon_Cell,0.0,0.0,24.655320970654024,100.0,6.0,13.0,1.0,113.0,-2.87,
720575940631467591,sensory,olfactory,0.0,0.0,25.085859383692,14.0,2.0,36.0,6.0,50.0,-0.0,
720575940623472201,central,Kenyon_Cell,0.0,0.0,24.498858026085934,101.0,6.0,25.0,1.0,126.0,-3.44,
720575940628059722,central,ALPN,1.62500607556265e-05,7.211856936267778e-05,24.49024828198332,1428.0,86.0,1280.0,72.0,2708.0,-2.91,
720575940625012301,central,unknown,0.0,6.483867353178001e-10,23.79360607419232,112.0,13.0,122.0,12.0,234.0,-4.75,
720575940619834965,central,Kenyon_Cell,0.0,0.0,24.496528344271223,128.0,9.0,15.0,1.0,143.0,-3.12,
720575940619146837,central,Kenyon_Cell,0.0,0.0,24.49745601004094,61.0,6.0,29.0,2.0,90.0,-3.61,
720575940619048533,central,unknown,0.0,0.0,24.14886499366421,80.0,8.0,37.0,2.0,117.0,-4.4,
720575940619933269,central,unknown,0.0,0.0,23.10842543342791,75.0,10.0,0.0,0.0,75.0,-4.46,
720575940638938712,central,unknown,0.0,0.0,22.9588376423711,117.0,16.0,173.0,14.0,290.0,-5.61,
720575940621309534,sensory,olfactory,0.0,0.0,25.14068055246113,46.0,6.0,166.0,9.0,212.0,-0.0,
720575940635006559,central,Kenyon_Cell,0.0,0.0,24.42259232123633,124.0,9.0,28.0,1.0,152.0,-3.52,
720575940629141095,central,Kenyon_Cell,0.0,0.0,24.710188671795382,99.0,8.0,20.0,1.0,119.0,-3.03,
720575940646540910,sensory,olfactory,0.0,0.0,25.11095934943056,43.0,5.0,95.0,5.0,138.0,-0.0,
720575940635072111,sensory,olfactory,0.0,6.155925276677938e-10,25.105561022790088,60.0,7.0,96.0,6.0,156.0,-0.0,
720575940634678895,central,Kenyon_Cell,0.0,0.0,24.5957308534929,137.0,10.0,30.0,2.0,167.0,-3.38,
720575940612003441,central,unknown,7.321135766675085e-05,5.6542653086875826e-08,24.68185424352433,3105.0,82.0,1359.0,74.0,4464.0,-3.38,
720575940611905138,sensory,olfactory,0.0,2.5822305217036582e-09,25.109929049278712,48.0,6.0,129.0,9.0,177.0,-0.0,
720575940619474548,central,unknown,0.0,2.494960986811033e-07,24.295811384131948,99.0,11.0,85.0,11.0,184.0,-3.27,
720575940620260980,central,unknown,0.0,0.0,24.07998429530849,14.0,2.0,9.0,1.0,23.0,-4.15,
720575940630648438,sensory,olfactory,0.0,0.0,24.0,0.0,0.0,23.0,3.0,23.0,-0.0,
720575940616525429,central,unknown,0.0,0.0,24.314608286917164,96.0,12.0,0.0,0.0,96.0,-4.26,
720575940620719743,sensory,olfactory,0.0,6.155925276677938e-10,25.08517248253132,51.0,6.0,104.0,7.0,155.0,-0.0,
720575940661089921,central,unknown,1.4925687425909589e-05,6.419338184615622e-07,22.358070355928405,1200.0,54.0,177.0,13.0,1377.0,-4.48,
720575940620129927,central,unknown,0.0,1.8023638779760806e-09,23.30977844160992,280.0,28.0,231.0,16.0,511.0,-5.17,
720575940623472264,sensory,olfactory,0.0,2.3075555433033211e-10,25.153636440323453,15.0,3.0,52.0,8.0,67.0,-0.0,
720575940641592973,sensory,olfactory,0.0,1.3436501082508536e-08,25.012122878901124,32.0,5.0,93.0,9.0,125.0,-0.0,
720575940623242900,central,unknown,0.0,1.9930202191546597e-07,22.62984661491877,260.0,13.0,1078.0,46.0,1338.0,-4.81,
720575940626650776,central,ALPN,0.0,7.072546015669263e-06,24.231921689867534,666.0,51.0,600.0,57.0,1266.0,-2.82,
720575940628125339,central,unknown,0.0,2.1966381153094987e-09,20.069083313445297,361.0,10.0,173.0,9.0,534.0,-6.67,
720575940628420264,central,ALLN,0.0,2.984638185772317e-06,24.92290332442736,483.0,61.0,1636.0,111.0,2119.0,-1.36,
720575940605154988,ascending,AN,2.3931426067984583e-05,3.591051805984032e-07,21.113656243193724,312.0,13.0,334.0,19.0,646.0,-5.52,
720575940620490416,central,unknown,0.0,0.0,22.934274805287128,112.0,17.0,44.0,6.0,156.0,-4.67,
720575940606662322,central,Kenyon_Cell,0.0,0.0,24.31953196737993,145.0,5.0,26.0,1.0,171.0,-3.91,
720575940625176250,sensory,olfactory,0.0,0.0,24.0,0.0,0.0,29.0,5.0,29.0,-0.0,
720575940616197819,central,ALLN,0.0,1.7744725417120942e-06,24.62539713452705,2929.0,160.0,2565.0,125.0,5494.0,-3.39,
720575940624914108,central,LHLN,0.0,4.5376654972820656e-09,24.73896384238096,54.0,3.0,116.0,15.0,170.0,-2.88,
720575940608628419,central,ALPN,6.621866648584556e-08,3.3914977708736537e-06,24.89828818515065,654.0,44.0,618.0,64.0,1272.0,-1.45,
720575940642936520,sensory,olfactory,0.0,0.0,25.04266164623552,56.0,5.0,102.0,8.0,158.0,-0.0,
720575940605449929,central,Kenyon_Cell,0.0,0.0,24.25166011518911,57.0,5.0,27.0,2.0,84.0,-4.14,
720575940631631564,central,unknown,0.0,7.177968303630619e-09,19.84626342672956,89.0,8.0,747.0,26.0,836.0,-6.09,
720575940630877903,central,Kenyon_Cell,0.0,0.0,24.383786293654463,198.0,8.0,19.0,1.0,217.0,-3.88,
720575940628879055,central,unknown,0.0,0.0,21.896348320465226,280.0,19.0,252.0,14.0,532.0,-5.7,
720575940612593361,central,LHLN,0.0,8.699436699359695e-09,24.43855908278954,400.0,19.0,60.0,10.0,460.0,-3.32,
720575940609218258,central,ALPN,0.0,3.4049154702584096e-08,24.49877331519644,61.0,7.0,99.0,16.0,160.0,-4.03,
720575940630484687,central,unknown,0.0,2.2485115954446708e-11,23.96513465750379,164.0,23.0,105.0,9.0,269.0,-4.54,
720575940617213652,central,unknown,0.0,1.066341997079902e-09,24.62389975513865,518.0,39.0,99.0,11.0,617.0,-2.98,
720575940620719832,central,unknown,0.0,2.023249398777369e-07,24.59463256442541,118.0,13.0,82.0,7.0,200.0,-3.63,
720575940610922202,sensory,olfactory,0.0,6.074324948291191e-10,25.09703471340561,25.0,4.0,115.0,8.0,140.0,-0.0,
720575940641593051,central,ALLN,0.0,2.6996184865315044e-07,24.680727307495264,3213.0,137.0,3057.0,147.0,6270.0,-3.7,
720575940612757210,central,unknown,0.0,1.5507884422914648e-11,23.613782919771857,195.0,6.0,85.0,6.0,280.0,-5.5,
720575940637333214,central,Kenyon_Cell,0.0,0.0,24.34028418247698,66.0,5.0,22.0,1.0,88.0,-3.63,
720575940604663520,central,LHLN,0.0,1.806546725281612e-08,24.499706723243445,592.0,44.0,93.0,12.0,685.0,-3.4,
720575940611413733,central,unknown,0.0,0.0,23.39651270945037,149.0,12.0,88.0,10.0,237.0,-5.45,
720575940625733351,descending,unknown,0.0,0.0,22.36586696205021,106.0,7.0,31.0,2.0,137.0,-4.28,
720575940625503979,central,unknown,0.0,2.2562049918040543e-10,21.301461295318987,113.0,10.0,55.0,4.0,168.0,-5.62,
720575940626323185,central,unknown,0.0,0.0,21.187942222132445,423.0,24.0,162.0,9.0,585.0,-6.22,
720575940612331250,central,unknown,0.0,0.0,23.684768764876733,231.0,17.0,240.0,15.0,471.0,-4.93,
720575940624422643,central,ALLN,0.0,0.0,24.59704155515964,47.0,7.0,96.0,8.0,143.0,-3.24,
720575940639889141,central,Kenyon_Cell,0.0,0.0,24.697192542389185,71.0,6.0,39.0,3.0,110.0,-2.98,
720575940623865597,sensory,olfactory,0.0,7.997400385287502e-08,25.14186321473966,6.0,1.0,51.0,7.0,57.0,-0.0,
720575940622227213,visual_projection,unknown,0.0,7.672040882970089e-09,20.816868834186486,292.0,14.0,1594.0,51.0,1886.0,-5.73,
720575940629829391,sensory,olfactory,0.0,0.0,24.0,0.0,0.0,35.0,3.0,35.0,-0.0,
720575940644968215,central,unknown,0.0,8.924165859308723e-08,19.212501499638343,245.0,10.0,110.0,4.0,355.0,-5.84,
720575940633302809,central,unknown,0.0,1.4387257874406313e-07,21.66285087983676,135.0,8.0,833.0,43.0,968.0,-5.27,
720575940620195610,central,unknown,0.0,7.94420573990413e-08,23.382446968314152,103.0,11.0,56.0,6.0,159.0,-4.23,
720575940618098459,central,unknown,0.0,9.079201276304471e-09,22.253612184055815,158.0,12.0,231.0,24.0,389.0,-5.13,
720575940604991264,central,Kenyon_Cell,0.0,0.0,24.65376183227493,112.0,6.0,27.0,2.0,139.0,-3.19,
720575940623603495,sensory,olfactory,0.0,0.0,24.0,0.0,0.0,117.0,11.0,117.0,-0.0,
720575940624520999,central,LHLN,0.0,0.0,24.69162198507175,271.0,16.0,169.0,19.0,440.0,-2.82,
720575940625405744,central,Kenyon_Cell,0.0,0.0,24.57846039675753,103.0,6.0,12.0,1.0,115.0,-3.4,
720575940638840629,central,unknown,1.5892479956602933e-07,1.1798538885384149e-07,23.321950105008728,628.0,31.0,347.0,25.0,975.0,-5.16,
720575940639692605,central,unknown,0.0,0.0,24.431935473802397,282.0,34.0,118.0,15.0,400.0,-3.51,
720575940624521022,central,Kenyon_Cell,0.0,0.0,24.769977829312417,109.0,5.0,32.0,2.0,141.0,-2.96,
720575940631926599,central,Kenyon_Cell,0.0,0.0,24.46046148486673,116.0,9.0,31.0,1.0,147.0,-3.69,
720575940628059978,central,ALLN,0.0,2.562818314685035e-06,24.584132085413945,2758.0,169.0,3816.0,190.0,6574.0,-3.47,
720575940638775118,central,ALLN,0.0,1.208758026556657e-07,25.07512136827934,273.0,28.0,779.0,59.0,1052.0,-1.39,
720575940638578510,central,Kenyon_Cell,0.0,8.337899576319654e-10,24.38414840702821,81.0,5.0,73.0,6.0,154.0,-3.85,
720575940627240783,central,unknown,0.0,1.6682539863338396e-10,22.4587545816338,96.0,8.0,86.0,8.0,182.0,-5.12,
720575940632287057,central,LHLN,0.0,0.0,24.62663908437276,152.0,15.0,133.0,15.0,285.0,-3.11,
720575940631271251,central,unknown,0.0,1.3465818101979583e-09,24.56399642434755,499.0,35.0,242.0,20.0,741.0,-3.34,
720575940630189911,central,Kenyon_Cell,0.0,0.0,24.69419193160441,86.0,5.0,22.0,2.0,108.0,-3.01,
720575940621440859,central,unknown,1.4568106626886024e-07,2.2768351268042077e-09,21.0381555449844,415.0,10.0,995.0,44.0,1410.0,-6.31,
720575940634384224,central,Kenyon_Cell,0.0,0.0,24.764375786133865,149.0,8.0,25.0,1.0,174.0,-2.93,
720575940620621665,sensory,olfactory,0.0,5.84943175345892e-11,25.10190312994732,26.0,4.0,101.0,11.0,127.0,-0.0,
720575940644607854,central,Kenyon_Cell,0.0,0.0,24.510811050153787,114.0,9.0,24.0,2.0,138.0,-3.37,
720575940637136752,central,ALLN,3.620836683446035e-05,1.1795001580062004e-05,24.562686424857837,4802.0,232.0,4639.0,241.0,9441.0,-3.41,
720575940636841840,central,CX,0.0,0.0,22.620300437326797,69.0,9.0,7.0,1.0,76.0,-5.46,
720575940639594355,central,unknown,0.0,1.0034759746726566e-08,24.047449399490613,254.0,20.0,153.0,16.0,407.0,-4.2,
720575940635170679,sensory,olfactory,0.0,0.0,25.138778056608945,11.0,1.0,71.0,9.0,82.0,-0.0,
720575940629632894,central,Kenyon_Cell,0.0,0.0,24.450598038129137,93.0,7.0,25.0,2.0,118.0,-3.05,
720575940646672260,sensory,olfactory,0.0,0.0,25.113897566509557,12.0,2.0,68.0,6.0,80.0,-0.0,
720575940626585481,sensory,olfactory,0.0,0.0,24.0,0.0,0.0,48.0,8.0,48.0,-0.0,
720575940624291728,central,Kenyon_Cell,0.0,0.0,24.101691179799243,52.0,4.0,31.0,2.0,83.0,-4.08,
720575940615903121,central,Kenyon_Cell,0.0,0.0,24.57224765199377,59.0,3.0,50.0,2.0,109.0,-3.43,
720575940635432855,visual_projection,unknown,0.0,6.573178306061572e-10,21.933723288166743,24.0,4.0,179.0,19.0,203.0,-4.52,
720575940635498394,central,unknown,0.0,0.0,22.97903312563705,59.0,6.0,13.0,2.0,72.0,-5.13,
720575940633499548,central,ALPN,1.8541226616036761e-07,9.587511784846995e-07,24.704350791581867,331.0,38.0,1175.0,101.0,1506.0,-2.87,
720575940610070442,central,ALPN,0.0,0.0,23.882638177600487,60.0,6.0,337.0,27.0,397.0,-5.08,
720575940604762028,central,unknown,0.0,0.0,24.461114457254432,129.0,16.0,31.0,4.0,160.0,-3.75,
720575940633040813,central,unknown,0.0,0.0,24.284584243618728,144.0,18.0,96.0,10.0,240.0,-4.1,
720575940635695022,central,unknown,0.0,0.0,24.701315810975277,49.0,5.0,47.0,6.0,96.0,-2.94,
720575940634023860,sensory,olfactory,0.0,0.0,25.147340458839693,29.0,4.0,89.0,6.0,118.0,-0.0,
720575940620392374,sensory,olfactory,0.0,2.2538363851112784e-08,25.161016351114984,117.0,9.0,251.0,20.0,368.0,-0.0,
720575940625110967,central,unknown,1.059498663773529e-06,2.1710817650623595e-06,22.78658071060317,585.0,42.0,494.0,28.0,1079.0,-4.56,
720575940625176506,central,unknown,4.502869321037498e-07,3.024972774976805e-08,22.501659690997148,138.0,7.0,744.0,39.0,882.0,-4.92,
720575940614625211,central,Kenyon_Cell,0.0,0.0,24.419463184014063,107.0,8.0,33.0,2.0,140.0,-3.56,
720575940642871240,central,unknown,0.0,0.0,22.035448624261186,114.0,11.0,67.0,7.0,181.0,-4.33,
720575940642478024,central,unknown,0.0,0.0,24.286940941253658,69.0,10.0,31.0,4.0,100.0,-3.94,
720575940620883917,central,Kenyon_Cell,0.0,0.0,24.61138953722428,48.0,5.0,17.0,1.0,65.0,-3.15,
720575940611086286,central,unknown,0.0,4.62894226730368e-08,23.910417528428088,670.0,38.0,829.0,74.0,1499.0,-4.6,
720575940612593617,central,unknown,0.0,1.3381438867963876e-07,24.252854707821594,37.0,6.0,76.0,10.0,113.0,-4.05,
720575940616886228,sensory,olfactory,0.0,0.0,25.131466870354835,34.0,5.0,95.0,8.0,129.0,-0.0,
720575940608956373,central,unknown,0.0,0.0,24.322629777698943,138.0,16.0,38.0,5.0,176.0,-3.32,
720575940617476052,central,unknown,0.0,4.705455930755692e-08,24.576368169664462,553.0,40.0,168.0,11.0,721.0,-3.02,
720575940631336930,central,Kenyon_Cell,0.0,0.0,24.568042462599617,101.0,7.0,22.0,2.0,123.0,-2.76,
720575940633565154,central,Kenyon_Cell,0.0,0.0,24.174080093243266,27.0,2.0,15.0,1.0,42.0,-4.1,
720575940637169636,central,Kenyon_Cell,0.0,0.0,24.736902195096658,87.0,5.0,24.0,2.0,111.0,-3.31,
720575940611512293,central,unknown,0.0,2.5661900377903144e-09,24.49987947860768,62.0,8.0,18.0,3.0,80.0,-3.53,
720575940637300708,central,unknown,0.0,2.0430576124744663e-08,23.990696308404097,76.0,9.0,112.0,11.0,188.0,-3.5,
720575940636579817,central,Kenyon_Cell,0.0,0.0,24.26463663603936,31.0,2.0,49.0,3.0,80.0,-3.78,
720575940629567473,sensory,olfactory,0.0,1.0787540645837974e-10,25.157548889830924,120.0,11.0,519.0,29.0,639.0,-0.0,
720575940626946033,central,Kenyon_Cell,0.0,1.6382130349679991e-09,24.400228400038586,63.0,5.0,37.0,3.0,100.0,-3.94,
720575940616165377,central,unknown,0.0,1.899446132199612e-07,22.412400276629533,163.0,12.0,34.0,3.0,197.0,-5.25,
720575940608235529,central,unknown,0.0,2.4986171875572972e-08,24.139119890890463,412.0,32.0,59.0,3.0,471.0,-4.37,
720575940607580171,sensory,olfactory,0.0,0.0,24.0,0.0,0.0,13.0,2.0,13.0,-0.0,
720575940622882829,central,Kenyon_Cell,0.0,0.0,24.643597256946165,140.0,9.0,22.0,2.0,162.0,-3.33,
720575940624095246,sensory,olfactory,0.0,0.0,25.14825460389919,12.0,2.0,24.0,4.0,36.0,-0.0,
720575940625242129,central,LHLN,0.0,0.0,24.332552467094064,104.0,7.0,108.0,13.0,212.0,-3.46,
720575940617279517,central,unknown,0.0,9.72129616286622e-10,24.536832024522,56.0,8.0,61.0,7.0,117.0,-3.51,
720575940629239852,sensory,olfactory,0.0,1.2757057994485582e-08,25.11139503909522,63.0,8.0,188.0,13.0,251.0,-0.0,
720575940632123439,central,Kenyon_Cell,0.0,0.0,24.654653309382468,99.0,6.0,18.0,1.0,117.0,-3.2,
720575940618131505,central,Kenyon_Cell,0.0,2.532796580246856e-10,24.586084549803463,75.0,4.0,39.0,3.0,114.0,-3.43,
720575940615247923,central,unknown,0.0,2.1037648583840372e-09,24.57436703117849,302.0,29.0,276.0,29.0,578.0,-3.23,
720575940630288440,central,Kenyon_Cell,0.0,0.0,24.630422632299293,76.0,6.0,19.0,1.0,95.0,-3.29,
720575940631631929,central,unknown,0.0,0.0,21.437803907406504,87.0,9.0,448.0,20.0,535.0,-5.93,
720575940638447677,central,Kenyon_Cell,0.0,0.0,24.685805025493146,116.0,6.0,25.0,1.0,141.0,-3.09,
720575940620687425,sensory,olfactory,0.0,0.0,24.0,0.0,0.0,39.0,6.0,39.0,-0.0,
720575940619540545,central,unknown,0.0,0.0,23.795143869391577,223.0,22.0,22.0,3.0,245.0,-4.83,
720575940631992391,central,unknown,0.0,0.0,22.044844875476794,111.0,12.0,21.0,3.0,132.0,-5.15,
720575940622358604,central,unknown,0.0,0.0,23.51351655550936,213.0,21.0,284.0,19.0,497.0,-3.62,
720575940638677070,central,ALPN,0.0,7.726703832288167e-07,24.223702660738194,113.0,12.0,607.0,41.0,720.0,-2.29,
720575940619245648,central,Kenyon_Cell,0.0,0.0,24.64405334076463,126.0,8.0,26.0,1.0,152.0,-3.08,
720575940631435345,central,Kenyon_Cell,0.0,0.0,24.738565979473016,139.0,8.0,22.0,1.0,161.0,-3.26,
720575940626356306,sensory,olfactory,0.0,0.0,25.10276993610156,5.0,1.0,37.0,5.0,42.0,-0.0,
720575940618819668,visual_projection,unknown,1.566733649055106e-05,1.0259810236460655e-07,20.85097692677085,125.0,4.0,1729.0,63.0,1854.0,-4.83,
720575940633991263,sensory,olfactory,0.0,0.0,25.122554129329203,46.0,5.0,120.0,9.0,166.0,-0.0,
720575940635596901,sensory,olfactory,0.0,0.0,25.100260735907447,15.0,2.0,45.0,3.0,60.0,-0.0,
720575940636481637,central,LHLN,0.0,8.39752251920869e-10,24.40044356462981,237.0,17.0,106.0,13.0,343.0,-3.14,
720575940629141607,central,Kenyon_Cell,0.0,0.0,24.304478238450592,66.0,3.0,41.0,1.0,107.0,-3.9,
720575940630616168,central,LHLN,0.0,0.0,24.63849538950079,55.0,7.0,38.0,5.0,93.0,-3.27,
720575940644542574,sensory,olfactory,0.0,0.0,24.0,0.0,0.0,37.0,6.0,37.0,-0.0,
720575940611610737,central,unknown,0.0,1.2473364234629582e-07,19.22730180708827,170.0,17.0,462.0,28.0,632.0,-6.14,
720575940612167794,central,ALPN,0.0,3.354107545723455e-07,24.357032438864408,123.0,14.0,567.0,42.0,690.0,-2.94,
720575940639594611,central,ALPN,0.0,6.354106999155067e-11,23.79053439331153,36.0,6.0,113.0,14.0,149.0,-4.49,
720575940637464691,ascending,AN,1.1919359967452201e-07,9.051627818728389e-08,20.33217889840456,250.0,14.0,595.0,29.0,845.0,-5.85,
720575940620032123,central,CX,0.0,0.0,22.43522753358061,498.0,39.0,11.0,1.0,509.0,-5.32,
720575940623439996,central,unknown,0.0,2.570363638879726e-09,24.055541706477072,215.0,23.0,115.0,10.0,330.0,-3.66,
720575940619376767,central,ALPN,0.0,7.643529079307949e-10,24.492061750518975,142.0,14.0,333.0,31.0,475.0,-4.19,
720575940606335106,central,Kenyon_Cell,0.0,0.0,24.71863530955313,96.0,7.0,28.0,1.0,124.0,-2.98,
720575940631632012,descending,unknown,0.0,3.273985812067752e-08,20.40510668143906,118.0,10.0,17.0,2.0,135.0,-5.63,
720575940624849040,sensory,olfactory,0.0,3.5428766628922914e-10,25.091744540800413,92.0,11.0,115.0,9.0,207.0,-0.0,
720575940626815120,central,unknown,0.0,1.7812170117962545e-07,22.44586870353892,194.0,12.0,431.0,29.0,625.0,-5.88,
720575940624062612,sensory,olfactory,0.0,0.0,25.10455352764948,35.0,5.0,155.0,10.0,190.0,-0.0,
720575940618295454,central,ALPN,3.534752417014436e-05,2.49767053649011e-05,24.75564288811459,2746.0,144.0,8426.0,380.0,11172.0,-2.27,
720575940618950814,central,unknown,0.0,2.772959113678501e-10,23.25660639360763,62.0,8.0,77.0,10.0,139.0,-4.19,
720575940643002528,sensory,olfactory,0.0,6.237525605064685e-10,25.129652142980987,81.0,10.0,141.0,6.0,222.0,-0.0,
720575940652734625,central,unknown,0.0,1.96899929824488e-09,23.289482360828977,213.0,15.0,241.0,18.0,454.0,-5.58,
720575940619638950,sensory,olfactory,0.0,6.074324948291191e-10,25.114728723479832,26.0,4.0,125.0,7.0,151.0,-0.0,
720575940612429994,central,Kenyon_Cell,0.0,0.0,24.57289954142773,114.0,7.0,18.0,1.0,132.0,-3.31,
720575940621146294,central,Kenyon_Cell,0.0,2.8178155951423643e-10,24.00537207534787,29.0,2.0,76.0,4.0,105.0,-4.06,
720575940615346363,central,Kenyon_Cell,0.0,0.0,24.720659465352888,123.0,7.0,20.0,1.0,143.0,-3.13,
720575940640151741,central,unknown,0.0,1.0227082448958888e-09,24.450576295341875,295.0,23.0,50.0,4.0,345.0,-3.38,
720575940639135933,central,unknown,0.0,7.66577162339293e-08,23.856285505528657,869.0,67.0,596.0,64.0,1465.0,-4.73,
720575940622457028,sensory,hygrosensory,0.0,0.0,24.67404393281692,15.0,2.0,69.0,8.0,84.0,-3.53,
720575940606761161,central,LHLN,0.0,5.0764061306765754e-08,24.55903314556696,252.0,24.0,230.0,28.0,482.0,-3.29,
720575940620916939,central,unknown,0.0,3.5545733925211465e-08,23.539045399524653,422.0,19.0,46.0,5.0,468.0,-2.88,
720575940622096589,central,Kenyon_Cell,0.0,0.0,24.67853713027021,122.0,6.0,16.0,1.0,138.0,-3.06,
720575940623636701,central,ALLN,0.0002364006393544,0.0004158468398837,24.907917512070643,14119.0,942.0,9172.0,507.0,23291.0,-1.43,
720575940634646753,central,unknown,1.6024917289574625e-06,1.3691767353555965e-07,21.122839471242923,921.0,41.0,596.0,22.0,1517.0,-5.75,
720575940613970147,central,ALLN,0.0,1.5775292072634792e-10,24.733357391437103,320.0,26.0,120.0,7.0,440.0,-2.7,
720575940612266213,central,Kenyon_Cell,0.0,0.0,24.297031999470683,95.0,8.0,13.0,1.0,108.0,-4.06,
720575940613183717,central,unknown,0.0,2.69205442024461e-08,21.11803846253914,105.0,12.0,410.0,29.0,515.0,-5.41,
720575940614756589,central,ALLN,3.7466521497691415e-05,3.001198434663082e-06,24.960191092146957,1509.0,76.0,2056.0,69.0,3565.0,-1.72,
720575940640282869,sensory,olfactory,0.0,0.0,25.13951665085241,51.0,6.0,153.0,8.0,204.0,-0.0,
720575940627405052,central,ALLN,0.0,0.0,24.887009167585266,51.0,4.0,109.0,14.0,160.0,-2.32,
720575940622063871,sensory,olfactory,0.0,2.694648942172394e-10,25.120963607907186,28.0,5.0,90.0,7.0,118.0,-0.0,
720575940624095496,central,unknown,0.0,0.0,23.686828911880777,286.0,22.0,115.0,9.0,401.0,-5.31,
720575940615149836,visual_projection,unknown,0.0,1.104001212284473e-09,20.97550249880873,221.0,13.0,1488.0,48.0,1709.0,-5.16,
720575940615608588,central,unknown,0.0,4.666523210660883e-09,23.121419971723668,118.0,9.0,143.0,11.0,261.0,-5.01,
720575940630452495,central,Kenyon_Cell,0.0,0.0,24.76483601915028,141.0,9.0,22.0,1.0,163.0,-2.92,
720575940622915864,central,LHLN,0.0,0.0,24.41449209722061,564.0,53.0,163.0,17.0,727.0,-4.19,
720575940617607451,central,unknown,0.0,1.7817733832437554e-10,23.45322575867794,262.0,24.0,232.0,8.0,494.0,-4.5,
720575940617476386,central,unknown,0.0,0.0,24.515137522957104,19.0,3.0,47.0,7.0,66.0,-3.84,
720575940624980261,sensory,olfactory,0.0,0.0,24.0,0.0,0.0,54.0,7.0,54.0,-0.0,
720575940629502251,descending,unknown,1.5614361557362385e-05,9.480613775362534e-07,21.159438232321857,1825.0,46.0,637.0,20.0,2462.0,-5.86,
720575940631468335,sensory,olfactory,0.0,0.0,24.0,0.0,0.0,49.0,8.0,49.0,-0.0,
720575940632123695,central,Kenyon_Cell,0.0,0.0,24.53191323079731,105.0,6.0,22.0,1.0,127.0,-3.47,
720575940646508852,central,LHLN,0.0,2.5706058677284167e-08,24.613792625066875,371.0,30.0,239.0,28.0,610.0,-3.18,
720575940631763257,central,Kenyon_Cell,0.0,0.0,24.60302598112552,112.0,6.0,24.0,1.0,136.0,-3.36,
720575940627372346,central,unknown,0.0,7.395333386586274e-09,24.653449693448167,67.0,7.0,110.0,12.0,177.0,-3.14,
720575940615903547,sensory,olfactory,0.0,0.0,24.0,0.0,0.0,95.0,6.0,95.0,-0.0,
720575940629895484,central,Kenyon_Cell,0.0,3.9373064797572836e-10,24.224087212061185,36.0,3.0,25.0,2.0,61.0,-3.57,
720575940616296763,central,unknown,0.0,0.0,21.65328837939287,37.0,4.0,66.0,5.0,103.0,-6.57,
720575940638054719,central,unknown,0.0,0.0,24.45854337802432,608.0,41.0,445.0,46.0,1053.0,-3.5,
720575940618492224,central,Kenyon_Cell,0.0,0.0,24.454733171847085,45.0,3.0,20.0,2.0,65.0,-3.64,
720575940615510338,central,unknown,0.0,0.0,24.381399210379787,203.0,14.0,71.0,4.0,274.0,-4.18,
720575940632189255,central,LHLN,0.0,1.2152885091839e-07,24.53171097298984,301.0,23.0,249.0,27.0,550.0,-3.32,
720575940626618696,sensory,olfactory,0.0,0.0,25.122946177583326,29.0,5.0,137.0,10.0,166.0,-0.0,
720575940630190411,central,unknown,0.0,0.0,23.104435480984478,143.0,14.0,103.0,9.0,246.0,-5.12,
720575940624390477,sensory,olfactory,0.0,0.0,24.0,0.0,0.0,59.0,7.0,59.0,-0.0,
720575940628584783,central,unknown,0.0,9.752003985326213e-09,22.4422737159531,124.0,14.0,131.0,11.0,255.0,-4.77,
720575940619704656,central,Kenyon_Cell,0.0,0.0,24.61883188809717,51.0,4.0,42.0,4.0,93.0,-3.63,
720575940619835733,central,Kenyon_Cell,0.0,0.0,24.510396643730942,104.0,6.0,53.0,4.0,157.0,-3.3,
720575940637628762,central,ALPN,6.926472514419445e-06,4.9104748752384985e-06,24.761941993441955,1940.0,119.0,2780.0,161.0,4720.0,-2.03,
720575940622653795,central,unknown,0.0,4.6422749370313885e-08,22.337359339718144,375.0,18.0,435.0,28.0,810.0,-5.53,
720575940631566700,central,ALLN,0.0,7.495651001335317e-07,24.649564383235305,583.0,41.0,1185.0,30.0,1768.0,-2.87,
720575940619770228,central,Kenyon_Cell,0.0,0.0,24.775198702927565,94.0,6.0,19.0,2.0,113.0,-2.71,
720575940622489972,central,unknown,0.0,1.6045367645487986e-07,23.77211648899008,1045.0,82.0,685.0,77.0,1730.0,-4.76,
720575940610529656,central,Kenyon_Cell,0.0,0.0,24.310301914142048,58.0,4.0,38.0,1.0,96.0,-3.99,
720575940649228665,central,Kenyon_Cell,0.0,1.0920819301526119e-09,24.31613323840079,32.0,3.0,48.0,4.0,80.0,-4.24,
720575940629633406,central,Kenyon_Cell,0.0,0.0,24.524211701515352,106.0,8.0,25.0,2.0,131.0,-3.3,
720575940620917119,central,unknown,0.0,0.0,22.5890152371592,100.0,12.0,9.0,1.0,109.0,-4.56,
720575940613740950,sensory,olfactory,0.0,0.0,25.119058413417164,37.0,4.0,182.0,13.0,219.0,-0.0,
720575940614429078,sensory,olfactory,0.0,0.0,24.0,0.0,0.0,10.0,2.0,10.0,-0.0,
720575940614887830,central,Kenyon_Cell,0.0,0.0,24.69904145736516,132.0,6.0,19.0,1.0,151.0,-3.16,
720575940628158875,central,unknown,0.0,3.774666021295556e-07,24.417148696710267,54.0,5.0,164.0,11.0,218.0,-3.42,
720575940631239076,sensory,olfactory,0.0,0.0,24.0,0.0,0.0,104.0,7.0,104.0,-0.0,
720575940619966885,central,unknown,0.0,0.0,23.6256099706029,203.0,17.0,112.0,11.0,315.0,-4.99,
720575940621343142,sensory,olfactory,0.0,0.0,24.0,0.0,0.0,46.0,5.0,46.0,-0.0,
720575940620523947,central,unknown,0.0,1.2426197758634734e-08,24.26253044706671,353.0,33.0,183.0,17.0,536.0,-3.85,
720575940636187054,sensory,olfactory,0.0,3.7083695360096693e-09,25.14210131808411,82.0,8.0,182.0,13.0,264.0,-0.0,
720575940606433713,central,Kenyon_Cell,0.0,0.0,24.27899800667973,52.0,4.0,36.0,1.0,88.0,-4.09,
720575940633500084,central,unknown,0.0,3.55249500130892e-07,24.14023001555772,951.0,50.0,227.0,22.0,1178.0,-4.07,
720575940625013175,central,ALLN,0.0,6.222266037040282e-07,24.6462677092462,352.0,21.0,743.0,29.0,1095.0,-2.59,
720575940623014328,central,Kenyon_Cell,0.0,0.0,24.28923566891128,51.0,4.0,49.0,3.0,100.0,-4.31,
720575940616788409,central,Kenyon_Cell,0.0,0.0,24.63152572923433,119.0,6.0,16.0,1.0,135.0,-3.12,
720575940616198587,central,ALLN,0.0,5.54947415337759e-10,23.59946979607705,23.0,3.0,75.0,8.0,98.0,-4.44,
720575940634941887,sensory,olfactory,0.0,0.0,25.118557370430445,6.0,1.0,76.0,8.0,82.0,-0.0,
720575940610464195,sensory,olfactory,0.0,9.03382619312798e-10,25.129030084722075,147.0,11.0,200.0,17.0,347.0,-0.0,
720575940614724038,sensory,olfactory,0.0,0.0,25.14186321473966,6.0,1.0,81.0,9.0,87.0,-0.0,
720575940629240263,descending,unknown,1.9203413280895213e-05,1.421331975094219e-06,20.770994411655163,482.0,28.0,527.0,28.0,1009.0,-5.29,
720575940632615372,central,unknown,0.0,0.0,22.933956629571306,111.0,14.0,34.0,3.0,145.0,-4.44,
720575940632353228,central,unknown,0.0,2.133763638265414e-07,23.60061443600565,366.0,30.0,163.0,14.0,529.0,-5.17,
720575940640020944,central,ALLN,0.0,0.0,24.319815777790776,12.0,1.0,400.0,29.0,412.0,-3.55,
720575940612856273,central,ALPN,0.0,3.5390568940379634e-06,23.41710123746368,600.0,31.0,586.0,53.0,1186.0,-4.68,
720575940613347793,central,ALPN,0.0,6.064857773569111e-10,24.402840934912152,40.0,4.0,202.0,16.0,242.0,-4.37,
720575940616526292,sensory,olfactory,0.0,0.0,25.10511808317663,17.0,3.0,46.0,6.0,63.0,-0.0,
720575940616264148,central,Kenyon_Cell,0.0,1.7824678433551743e-09,24.416719333080245,42.0,5.0,39.0,4.0,81.0,-4.12,
720575940621441494,central,ALLN,0.0,7.639524404727008e-07,24.246256460862,1072.0,71.0,741.0,52.0,1813.0,-3.88,
720575940620687832,central,unknown,0.0,3.1562211115344083e-09,24.077519051049222,172.0,16.0,136.0,12.0,308.0,-4.3,
720575940611873242,central,Kenyon_Cell,0.0,0.0,24.575964727047428,110.0,6.0,45.0,1.0,155.0,-3.71,
720575940628322780,central,unknown,0.0,5.93550497400832e-09,21.429073492828383,165.0,15.0,323.0,18.0,488.0,-5.75,
720575940623636957,central,LHCENT,1.0065237305848524e-06,2.5664561956246974e-07,23.614298775035465,3672.0,244.0,3651.0,256.0,7323.0,-4.31,
720575940633074145,central,ALPN,0.0,3.787225912987424e-06,23.088214024186165,1091.0,33.0,489.0,35.0,1580.0,-4.94,
720575940626651624,central,Kenyon_Cell,0.0,0.0,24.522216600568733,58.0,4.0,37.0,2.0,95.0,-3.51,
720575940614429165,central,ALLN,3.046058658348896e-07,3.5048640694918146e-07,24.64399583031123,2290.0,92.0,1250.0,110.0,3540.0,-3.25,
720575940620720622,central,unknown,0.0,5.543720713391054e-09,24.37222578697747,181.0,22.0,120.0,11.0,301.0,-3.49,
720575940620196336,central,Kenyon_Cell,0.0,0.0,24.56597491644218,88.0,7.0,12.0,1.0,100.0,-3.19,
720575940629928439,central,unknown,0.0,2.485496461583805e-08,23.36110357402732,443.0,42.0,612.0,34.0,1055.0,-5.32,
720575940629961219,central,unknown,0.0,1.8655583532931704e-07,19.94556956041959,255.0,20.0,52.0,4.0,307.0,-5.43,
720575940621638149,central,unknown,0.0,0.0,23.503694321566886,171.0,15.0,189.0,11.0,360.0,-5.18,
720575940624357896,central,LHLN,0.0,9.266484696469513e-09,24.85916371069659,234.0,10.0,269.0,24.0,503.0,-3.03,
720575940608530955,central,Kenyon_Cell,0.0,0.0,24.721650683141736,104.0,7.0,21.0,1.0,125.0,-3.38,
720575940623735310,central,Kenyon_Cell,0.0,0.0,24.46677356937503,65.0,5.0,27.0,2.0,92.0,-3.61,
720575940630419983,central,Kenyon_Cell,0.0,0.0,24.711715215930365,121.0,6.0,18.0,1.0,139.0,-3.14,
720575940627044885,descending,unknown,6.621866648584556e-08,4.970197365282284e-06,20.796754819616314,74.0,7.0,696.0,37.0,770.0,-4.66,
720575940612626966,central,Kenyon_Cell,0.0,0.0,24.711876579915167,156.0,8.0,25.0,1.0,181.0,-2.98,
720575940644870679,sensory,olfactory,0.0,0.0,24.0,0.0,0.0,10.0,2.0,10.0,-0.0,
720575940612856342,central,ALPN,0.0,2.3785380040395937e-10,23.726039245081296,495.0,30.0,233.0,18.0,728.0,-4.63,
720575940632713759,central,unknown,0.0,2.521479720971781e-06,20.86592802728464,192.0,14.0,231.0,16.0,423.0,-5.68,
720575940645722660,sensory,olfactory,0.0,5.5751264472522225e-08,25.11079469909414,71.0,9.0,131.0,9.0,202.0,-0.0,
720575940622785062,central,ALPN,7.588659179277901e-06,1.4544672920467303e-06,24.82042821138394,680.0,66.0,1405.0,102.0,2085.0,-1.39,
720575940629502506,central,Kenyon_Cell,0.0,0.0,24.563634197403324,83.0,6.0,13.0,1.0,96.0,-3.18,
720575940614036019,central,Kenyon_Cell,0.0,0.0,24.46648978883407,74.0,7.0,27.0,1.0,101.0,-3.34,
720575940647033396,ascending,AN,0.0,0.0,20.11884103963464,84.0,7.0,90.0,8.0,174.0,-4.23,
720575940637694517,central,unknown,0.0,9.577529255700965e-09,22.21765855837152,139.0,11.0,87.0,8.0,226.0,-4.84,
720575940628453946,central,unknown,0.0,0.0,22.63453577303713,24.0,3.0,45.0,5.0,69.0,-6.04,
720575940639693373,central,unknown,0.0,4.058756820670106e-09,21.960520527126317,112.0,9.0,95.0,13.0,207.0,-5.37,
720575940630846019,sensory,olfactory,0.0,3.082982697206468e-08,25.13027818634589,12.0,2.0,130.0,10.0,142.0,-0.0,
720575940631763523,central,unknown,0.0,1.0507284299118231e-08,24.51554563571648,143.0,19.0,90.0,11.0,233.0,-3.46,
720575940639267406,central,Kenyon_Cell,0.0,0.0,24.6539452874892,97.0,7.0,22.0,1.0,119.0,-2.98,
720575940627077714,central,unknown,0.0,0.0,24.75533538654977,170.0,19.0,49.0,5.0,219.0,-3.26,
720575940631108179,central,Kenyon_Cell,0.0,0.0,24.73742879761121,108.0,7.0,25.0,1.0,133.0,-3.0,
720575940638513752,sensory,olfactory,0.0,3.5798429328235155e-08,25.14158889340572,328.0,18.0,964.0,30.0,1292.0,-0.0,
720575940638874202,visual_centrifugal,unknown,0.0,0.0,21.080651987859564,360.0,25.0,5.0,1.0,365.0,-5.63,
720575940637956698,central,unknown,0.0,9.009342379026605e-11,21.140606322327628,137.0,10.0,271.0,17.0,408.0,-5.45,
720575940614953565,central,LHLN,0.0,4.569747557888962e-08,24.22907436637052,270.0,27.0,373.0,37.0,643.0,-3.91,
720575940622457443,central,ALLN,0.0,8.357243170217022e-07,24.55503785268225,865.0,79.0,1628.0,126.0,2493.0,-3.15,
720575940625504868,central,Kenyon_Cell,0.0,0.0,24.566205202725488,106.0,9.0,25.0,1.0,131.0,-3.49,
720575940629043817,sensory,olfactory,0.0,0.0,25.145054209227137,34.0,4.0,80.0,8.0,114.0,-0.0,
720575940614199914,central,Kenyon_Cell,0.0,0.0,24.523980761869154,93.0,6.0,16.0,1.0,109.0,-3.52,
720575940628945516,sensory,hygrosensory,0.0,4.006540063095502e-07,24.685780611043683,88.0,9.0,146.0,15.0,234.0,-3.2,
720575940621343348,central,ALPN,0.0,4.9316915113992986e-08,24.28969554524991,131.0,10.0,245.0,29.0,376.0,-3.4,
720575940608432760,central,unknown,0.0,9.849458401784806e-10,21.18156019422877,76.0,6.0,68.0,10.0,144.0,-6.07,
720575940626782845,central,Kenyon_Cell,0.0,0.0,24.7155568338104,110.0,6.0,27.0,2.0,137.0,-2.98,
720575940629338750,sensory,olfactory,0.0,6.441047813065341e-09,25.100017950814408,29.0,4.0,61.0,7.0,90.0,-0.0,
720575940639988352,central,Kenyon_Cell,0.0,0.0,24.308974029974685,114.0,8.0,15.0,1.0,129.0,-3.31,
720575940625898121,central,unknown,0.0,7.453309474285296e-09,24.209561645321283,32.0,4.0,36.0,3.0,68.0,-3.86,
720575940636023438,central,Kenyon_Cell,0.0,0.0,24.014192193252505,72.0,5.0,21.0,1.0,93.0,-4.16,
720575940617509521,central,unknown,0.0,1.4108748241315844e-09,24.51900719021324,48.0,5.0,55.0,7.0,103.0,-3.41,
720575940613118610,sensory,olfactory,0.0,6.521707970817485e-09,25.145255082548147,337.0,21.0,924.0,39.0,1261.0,-0.0,
720575940623964820,central,Kenyon_Cell,0.0,0.0,24.387334554176604,76.0,7.0,24.0,1.0,100.0,-3.52,
720575940612987541,central,unknown,0.0,7.416414731493102e-10,23.252357203024843,423.0,21.0,102.0,9.0,525.0,-5.2,
720575940611611285,central,Kenyon_Cell,0.0,0.0,24.61754790832508,108.0,9.0,25.0,1.0,133.0,-3.23,
720575940610562713,central,Kenyon_Cell,0.0,0.0,24.61405260342038,84.0,8.0,29.0,2.0,113.0,-3.4,
720575940618263197,visual_projection,unknown,0.0,2.0475437088197182e-09,20.66194673490135,7.0,1.0,55.0,6.0,62.0,-3.43,
720575940643756704,central,unknown,0.0,0.0,24.64055912588013,116.0,9.0,62.0,4.0,178.0,-3.22,
720575940656077473,central,ALPN,0.0,0.0,24.73641690042564,45.0,4.0,209.0,22.0,254.0,-3.05,
720575940632091300,central,unknown,0.0,2.9191544444353776e-07,23.340535323115567,108.0,12.0,193.0,21.0,301.0,-4.23,
720575940632582829,central,unknown,0.0,0.0,21.912937116875696,43.0,5.0,8.0,1.0,51.0,-5.58,
720575940624915128,central,unknown,0.0,0.0,21.304068227738064,156.0,17.0,45.0,4.0,201.0,-5.62,
720575940623735482,central,unknown,0.0,0.0,23.022011959424425,20.0,3.0,22.0,3.0,42.0,-4.28,
720575940612692672,central,Kenyon_Cell,0.0,0.0,24.488723978462755,109.0,7.0,17.0,1.0,126.0,-3.35,
720575940622949069,central,Kenyon_Cell,0.0,0.0,24.652229982724887,68.0,4.0,26.0,1.0,94.0,-3.1,
720575940615281361,visual_centrifugal,unknown,0.0,0.0,20.632547117120968,179.0,11.0,6.0,1.0,185.0,-6.21,
720575940634155731,visual_projection,unknown,0.0,0.0,20.474895371572977,82.0,8.0,146.0,11.0,228.0,-4.9,
720575940608989909,central,LHLN,0.0,3.022620124487468e-08,24.57520112529432,265.0,26.0,231.0,23.0,496.0,-3.34,
720575940621736662,central,Kenyon_Cell,0.0,0.0,24.576805094425517,122.0,6.0,27.0,1.0,149.0,-3.45,
720575940636809950,sensory,olfactory,0.0,0.0,25.0948331965152,31.0,4.0,117.0,7.0,148.0,-0.0,
720575940615183071,central,unknown,0.0,3.929746247093656e-09,23.88870139007641,769.0,61.0,558.0,57.0,1327.0,-4.22,
720575940615019231,central,Kenyon_Cell,0.0,0.0,24.538609468679144,126.0,8.0,30.0,1.0,156.0,-3.11,
720575940631960290,sensory,olfactory,0.0,4.834767502123517e-10,25.152909387390203,64.0,7.0,341.0,20.0,405.0,-0.0,
720575940633402082,central,Kenyon_Cell,0.0,0.0,24.52943499672925,104.0,8.0,26.0,2.0,130.0,-3.4,
720575940638579428,sensory,olfactory,0.0,0.0,24.0,0.0,0.0,10.0,2.0,10.0,-0.0,
720575940623407850,central,Kenyon_Cell,0.0,0.0,24.71366660359227,123.0,5.0,33.0,2.0,156.0,-2.98,
720575940626422513,central,unknown,0.0,0.0,22.982286983256685,45.0,3.0,81.0,7.0,126.0,-3.82,
720575940611611378,central,Kenyon_Cell,0.0,0.0,24.679022259028343,96.0,7.0,9.0,1.0,105.0,-3.06,
720575940624784115,central,LHLN,0.0,2.429549243109808e-09,24.731326702727543,611.0,32.0,410.0,36.0,1021.0,-3.27,
720575940628355843,central,Kenyon_Cell,0.0,0.0,24.66864944097804,141.0,12.0,22.0,2.0,163.0,-3.08,
720575940627700484,central,Kenyon_Cell,0.0,0.0,24.41017553704795,53.0,4.0,19.0,1.0,72.0,-3.58,
720575940628781828,central,unknown,0.0,0.0,20.5485727444327,116.0,12.0,114.0,9.0,230.0,-6.29,
720575940628060934,central,Kenyon_Cell,0.0,0.0,24.634946343878696,88.0,6.0,29.0,1.0,117.0,-2.96,
720575940623538951,central,unknown,0.0,7.887477693811832e-08,23.90159533582999,354.0,34.0,88.0,8.0,442.0,-4.57,
720575940624358152,central,unknown,0.0,2.974000008838165e-07,20.4406855602608,483.0,31.0,192.0,9.0,675.0,-6.02,
720575940607154955,central,Kenyon_Cell,0.0,0.0,24.484433868974776,74.0,3.0,48.0,2.0,122.0,-3.72,
720575940624030478,sensory,olfactory,0.0,9.156656447067057e-09,25.1530614668874,83.0,11.0,178.0,7.0,261.0,-0.0,
720575940625079054,central,unknown,0.0,1.1507884869244616e-07,24.217459640582494,210.0,14.0,145.0,9.0,355.0,-4.38,
720575940630584079,central,ALPN,0.0,0.0,24.255434574408905,64.0,8.0,37.0,4.0,101.0,-4.07,
720575940620196628,central,ALPN,0.0,2.704939728079533e-08,24.07140053707648,122.0,14.0,221.0,20.0,343.0,-4.1,
720575940626225941,central,Kenyon_Cell,0.0,0.0,24.65558375964428,90.0,6.0,21.0,1.0,111.0,-3.06,
720575940631567129,central,unknown,0.0,4.6207441588385816e-10,23.896417596161783,36.0,5.0,6.0,1.0,42.0,-4.36,
720575940631305004,central,unknown,0.0,0.0,22.979275054924265,160.0,15.0,74.0,6.0,234.0,-4.64,
720575940615215923,central,unknown,0.0,0.0,22.48031374641365,42.0,6.0,208.0,10.0,250.0,-4.81,
720575940628749111,sensory,olfactory,0.0,9.053435666778286e-09,25.1175694477049,109.0,10.0,157.0,11.0,266.0,-0.0,
720575940630158140,central,unknown,0.0,3.279013272130496e-07,24.279949730983333,569.0,44.0,31.0,4.0,600.0,-4.06,
720575940631763779,central,LHLN,0.0,0.0,24.2404324151708,146.0,9.0,87.0,12.0,233.0,-3.32,
720575940618263365,central,unknown,1.821013328360753e-05,4.270502187248441e-07,21.75757227497953,356.0,19.0,73.0,8.0,429.0,-5.7,
720575940638612294,central,unknown,0.0,7.414366131022402e-08,23.67497830057772,798.0,53.0,350.0,22.0,1148.0,-4.64,
720575940631403335,central,Kenyon_Cell,0.0,0.0,24.738598025250468,89.0,7.0,21.0,1.0,110.0,-2.83,
720575940630682449,central,Kenyon_Cell,0.0,0.0,24.73849573588512,74.0,5.0,20.0,1.0,94.0,-2.77,
720575940626815826,central,ALLN,0.0,6.246010047588816e-09,24.550184362851738,124.0,11.0,233.0,19.0,357.0,-3.81,
720575940627045202,central,unknown,0.0,0.0,22.311791048701703,96.0,8.0,106.0,11.0,202.0,-4.66,
720575940618394453,central,Kenyon_Cell,0.0,3.7906276011976156e-10,24.21288732426579,32.0,3.0,39.0,3.0,71.0,-3.84,
720575940634385247,central,ALLN,0.0,1.6823831139795186e-08,24.86276349518869,16.0,2.0,137.0,18.0,153.0,-2.82,
720575940635138911,central,unknown,1.3243733297169112e-08,4.2200736772203445e-09,23.687893986098484,399.0,26.0,196.0,10.0,595.0,-4.92,
720575940620622691,central,ALPN,0.0,0.0,24.57539348264965,77.0,9.0,384.0,35.0,461.0,-3.19,
720575940614691690,sensory,olfactory,0.0,1.0787540645837974e-10,25.11978183720112,57.0,8.0,181.0,9.0,238.0,-0.0,
720575940614396778,central,unknown,0.0,0.0,22.801101691814228,185.0,21.0,54.0,6.0,239.0,-5.53,
720575940629830508,sensory,olfactory,0.0,0.0,25.10530663044844,22.0,3.0,23.0,4.0,45.0,-0.0,
720575940638022515,central,ALLN,0.0,1.3584871821491909e-08,23.57923427334009,329.0,25.0,233.0,12.0,562.0,-4.14,
720575940614495093,central,Kenyon_Cell,0.0,0.0,24.57093502079139,54.0,4.0,14.0,1.0,68.0,-3.31,
720575940616559477,central,unknown,0.0,2.118615263576866e-10,24.240363906311828,207.0,19.0,86.0,4.0,293.0,-4.12,
720575940649098105,sensory,olfactory,0.0,2.3559733438588378e-08,25.10656189943592,40.0,4.0,167.0,11.0,207.0,-0.0,
720575940629535610,central,unknown,0.0,0.0,22.79087781349056,33.0,4.0,178.0,8.0,211.0,-3.86,
720575940626422659,central,Kenyon_Cell,0.0,0.0,24.422457669870617,49.0,4.0,26.0,1.0,75.0,-3.82,
720575940621638534,visual_centrifugal,unknown,0.0,8.246353894510849e-08,20.182839777254408,365.0,20.0,213.0,19.0,578.0,-5.76,
720575940617509777,central,unknown,0.0,0.0,24.75628131346312,102.0,10.0,36.0,5.0,138.0,-3.15,
720575940614953878,central,unknown,0.0,1.4787431250274452e-08,24.140030030662565,251.0,23.0,121.0,7.0,372.0,-3.84,
720575940613348246,central,Kenyon_Cell,0.0,0.0,24.31146100581869,63.0,4.0,31.0,1.0,94.0,-3.66,
720575940633271191,central,Kenyon_Cell,0.0,0.0,24.363655535366604,45.0,4.0,22.0,1.0,67.0,-4.07,
720575940616199071,central,unknown,0.0,9.799001241099425e-08,21.24967861258332,329.0,19.0,84.0,6.0,413.0,-5.48,
720575940611578794,sensory,olfactory,0.0,0.0,25.118557370430445,6.0,1.0,49.0,6.0,55.0,-0.0,
720575940606139308,central,unknown,0.0,0.0,23.36059845292936,155.0,12.0,84.0,8.0,239.0,-4.07,
720575940621048758,central,unknown,0.0,0.0,23.005131990298096,28.0,3.0,13.0,1.0,41.0,-3.72,
720575940623801276,sensory,olfactory,0.0,3.4612763345055437e-10,25.13267653525385,25.0,4.0,56.0,4.0,81.0,-0.0,
720575940615838662,central,Kenyon_Cell,0.0,0.0,24.494409384461637,82.0,6.0,15.0,1.0,97.0,-3.24,
720575940606663625,central,Kenyon_Cell,0.0,0.0,24.58928731799475,120.0,7.0,21.0,1.0,141.0,-3.34,
720575940620917707,central,ALLN,0.0,0.0,23.41502442878234,69.0,9.0,315.0,19.0,384.0,-4.34,
720575940631632844,sensory,olfactory,0.0,0.0,25.14788631462317,27.0,4.0,65.0,6.0,92.0,-0.0,
720575940631305164,central,Kenyon_Cell,0.0,0.0,23.85018583584256,61.0,4.0,18.0,1.0,79.0,-3.24,
720575940613053393,sensory,olfactory,0.0,1.0787540645837974e-10,25.0852617924394,33.0,5.0,178.0,10.0,211.0,-0.0,
720575940610694098,central,unknown,4.590277960798814e-05,1.4317581619927504e-07,24.27307105232119,816.0,64.0,361.0,22.0,1177.0,-4.03,
720575940612430821,central,unknown,0.0,1.721092085480422e-07,23.8916966098461,174.0,17.0,79.0,6.0,253.0,-3.84,
720575940624292843,central,unknown,0.0,2.524403513722416e-09,24.561730835386506,306.0,31.0,66.0,8.0,372.0,-3.34,
720575940624915435,central,unknown,0.0,0.0,22.76377581002638,122.0,13.0,79.0,12.0,201.0,-5.19,
720575940611218418,sensory,olfactory,0.0,2.613048613785647e-10,25.1254467279752,17.0,3.0,50.0,5.0,67.0,-0.0,
720575940634483704,sensory,olfactory,0.0,5.393770322918987e-11,25.1361132993043,42.0,6.0,49.0,7.0,91.0,-0.0,
720575940629535738,central,Kenyon_Cell,0.0,0.0,24.76575910037958,112.0,6.0,17.0,1.0,129.0,-3.07,
720575940608564233,central,Kenyon_Cell,0.0,0.0,24.616633757930373,127.0,7.0,36.0,2.0,163.0,-3.06,
720575940624030734,sensory,olfactory,0.0,1.0787540645837974e-10,25.15762853638228,83.0,10.0,219.0,10.0,302.0,-0.0,
720575940626619411,sensory,olfactory,0.0,0.0,24.0,0.0,0.0,27.0,2.0,27.0,-0.0,
720575940621966369,central,Kenyon_Cell,0.0,0.0,24.57640477317394,113.0,7.0,25.0,1.0,138.0,-3.53,
720575940623309862,central,unknown,0.0,0.0,24.23617182376973,140.0,18.0,27.0,3.0,167.0,-4.2,
720575940610956334,central,unknown,0.0,0.0,21.697735000737524,97.0,8.0,49.0,6.0,146.0,-5.08,
720575940638055487,central,unknown,0.0,0.0,23.21555827049639,369.0,18.0,61.0,7.0,430.0,-5.83,
720575940617903168,central,ALPN,2.013047461169705e-06,2.4155791540626955e-06,24.93433139152692,1249.0,79.0,1845.0,134.0,3094.0,-1.83,
720575940631796803,central,unknown,0.0,2.881864290535944e-09,24.418737488266856,483.0,36.0,205.0,17.0,688.0,-3.36,
720575940617739333,sensory,olfactory,0.0,0.0,25.111686974911308,78.0,6.0,154.0,11.0,232.0,-0.0,
720575940619672656,central,Kenyon_Cell,0.0,0.0,24.541007032578744,90.0,6.0,25.0,1.0,115.0,-3.18,
720575940616723549,central,Kenyon_Cell,0.0,0.0,24.67548295096348,119.0,7.0,20.0,1.0,139.0,-3.03,
720575940621540446,sensory,olfactory,0.0,0.0,24.0,0.0,0.0,36.0,5.0,36.0,-0.0,
720575940633599071,central,unknown,0.0,1.1342978349385609e-10,24.71843066807489,124.0,12.0,57.0,9.0,181.0,-3.04,
720575940621343838,central,ALLN,0.0,0.0,24.62870280521242,14.0,2.0,334.0,33.0,348.0,-4.11,
720575940626160740,central,unknown,0.0,0.0,24.53746271862756,74.0,9.0,17.0,2.0,91.0,-3.44,
720575940611644529,descending,unknown,0.0,7.275481399593677e-07,20.94383050548886,2101.0,65.0,31.0,4.0,2132.0,-5.49,
720575940628257914,central,Kenyon_Cell,0.0,4.4426839006816823e-10,23.645515999830423,31.0,2.0,31.0,2.0,62.0,-4.48,
720575940659879041,central,Kenyon_Cell,0.0,0.0,24.576429863498603,100.0,7.0,26.0,1.0,126.0,-3.22,
720575940606893186,central,Kenyon_Cell,0.0,0.0,24.563776882753228,132.0,7.0,14.0,1.0,146.0,-3.17,
720575940626553993,sensory,olfactory,0.0,6.590268805947214e-08,25.150096262880474,31.0,5.0,521.0,27.0,552.0,-0.0,
720575940642151565,central,unknown,0.0,0.0,23.59308865937456,1015.0,71.0,139.0,6.0,1154.0,-4.02,
720575940625767568,central,unknown,0.0,0.0,24.649795869251303,284.0,23.0,37.0,5.0,321.0,-3.38,
720575940618493073,central,unknown,0.0,0.0,24.11617202608858,12.0,2.0,0.0,0.0,12.0,-4.22,
720575940633107607,central,unknown,0.0,0.0,23.76177982151813,164.0,18.0,7.0,1.0,171.0,-4.54,
720575940634025111,central,unknown,0.0,6.5506145291021245e-09,22.67438987758579,289.0,20.0,435.0,20.0,724.0,-5.69,
720575940611906713,central,ALLN,0.0,2.5210624102470037e-09,22.805027247396016,280.0,19.0,596.0,28.0,876.0,-5.22,
720575940638678179,sensory,olfactory,0.0,6.074324948291191e-10,25.13793035096959,29.0,5.0,167.0,11.0,196.0,-0.0,
720575940639202467,central,ALPN,0.0,1.4845968803127611e-09,23.446099723433985,89.0,11.0,215.0,16.0,304.0,-4.96,
720575940619902117,central,unknown,0.0,0.0,24.401855434254383,166.0,14.0,27.0,4.0,193.0,-4.24,
720575940618722475,central,Kenyon_Cell,0.0,0.0,24.692508804906662,98.0,4.0,17.0,1.0,115.0,-3.12,
720575940603911340,sensory,olfactory,0.0,0.0,25.059873324620245,16.0,2.0,147.0,11.0,163.0,-0.0,
720575940624227509,sensory,olfactory,0.0,2.613048613785647e-10,25.086547744688563,19.0,3.0,149.0,12.0,168.0,-0.0,
720575940634975423,central,unknown,0.0,0.0,24.370043544277685,155.0,17.0,45.0,6.0,200.0,-3.86,
720575940618886336,central,Kenyon_Cell,0.0,0.0,24.4860011147653,67.0,6.0,22.0,1.0,89.0,-3.24,
720575940629798082,central,unknown,0.0,2.674963808531716e-09,24.254692298527303,299.0,17.0,367.0,22.0,666.0,-4.6,
720575940623572164,sensory,olfactory,0.0,0.0,25.04345888408376,6.0,1.0,43.0,3.0,49.0,-0.0,
720575940629011655,central,ALPN,8.343551977216541e-07,2.3386384118823077e-06,24.63040167908021,1740.0,88.0,2894.0,215.0,4634.0,-3.14,
720575940611284174,central,Kenyon_Cell,0.0,0.0,24.6540170770786,154.0,9.0,34.0,3.0,188.0,-3.18,
720575940618198233,central,unknown,0.0,0.0,22.171217868810697,63.0,6.0,92.0,9.0,155.0,-4.7,
720575940640971995,central,ALPN,7.787315178735438e-05,2.092279640769359e-05,24.590020135236205,1337.0,104.0,2319.0,148.0,3656.0,-1.54,
720575940636679390,sensory,olfactory,0.0,0.0,24.0,0.0,0.0,26.0,3.0,26.0,-0.0,
720575940633599201,central,LHLN,0.0,2.8726050342308193e-10,24.64131976887524,186.0,18.0,36.0,4.0,222.0,-3.33,
720575940632714465,sensory,hygrosensory,0.0,0.0,24.565097955255123,21.0,2.0,5.0,1.0,26.0,-4.3,
720575940639202532,central,Kenyon_Cell,0.0,0.0,24.36500474012997,61.0,6.0,29.0,1.0,90.0,-3.72,
720575940625177836,central,ALLN,0.0,0.0,23.88331408493814,11.0,2.0,69.0,8.0,80.0,-3.64,
720575940620197104,sensory,olfactory,0.0,0.0,25.186006853963715,5.0,1.0,37.0,5.0,42.0,-0.0,
720575940627635441,central,unknown,0.0,3.1835897348964217e-11,20.907707705378304,148.0,8.0,68.0,7.0,216.0,-6.05,
720575940624456947,central,unknown,0.0,0.0,22.89124338559861,27.0,4.0,18.0,2.0,45.0,-5.47,
720575940621376756,central,unknown,0.0,0.0,24.82338288493569,5.0,1.0,28.0,4.0,33.0,-2.5,
720575940634057976,sensory,olfactory,0.0,0.0,25.125104030089155,54.0,6.0,204.0,12.0,258.0,-0.0,
720575940630093051,central,ALPN,0.0,8.26095255150693e-08,24.53292613102465,297.0,29.0,542.0,51.0,839.0,-3.34,
720575940628847867,central,unknown,0.0,4.745606551053272e-09,24.317881706549088,80.0,10.0,33.0,6.0,113.0,-3.02,
720575940622163197,central,Kenyon_Cell,0.0,0.0,24.433051920949406,79.0,5.0,19.0,1.0,98.0,-3.09,
720575940630519035,central,Kenyon_Cell,0.0,0.0,24.617125486947817,69.0,6.0,33.0,2.0,102.0,-3.41,
720575940621802751,central,Kenyon_Cell,0.0,0.0,24.16839009035189,66.0,5.0,43.0,2.0,109.0,-3.51,
720575940627045636,central,Kenyon_Cell,0.0,0.0,24.5470376581439,102.0,8.0,24.0,2.0,126.0,-3.18,
720575940623047950,central,ALPN,0.0,0.0,24.853673635739337,8.0,1.0,218.0,21.0,226.0,-2.88,
720575940631272719,central,unknown,0.0,0.0,24.44289596115089,75.0,6.0,43.0,5.0,118.0,-3.51,
720575940628815120,central,unknown,0.0,0.0,24.11096046305772,72.0,10.0,26.0,4.0,98.0,-3.73,
720575940625898780,central,Kenyon_Cell,0.0,0.0,24.279716116626734,41.0,3.0,29.0,2.0,70.0,-4.15,
720575940614921501,sensory,hygrosensory,0.0,0.0,24.52566113616828,184.0,17.0,338.0,27.0,522.0,-3.61,
720575940631174431,sensory,olfactory,0.0,0.0,25.156795397002607,33.0,5.0,51.0,3.0,84.0,-0.0,
720575940603747616,central,Kenyon_Cell,0.0,1.3774810321616996e-09,24.396135775960825,48.0,4.0,61.0,5.0,109.0,-3.42,
720575940630617386,central,unknown,0.0,2.293646067739578e-08,23.048268829480524,317.0,17.0,18.0,3.0,335.0,-3.77,
720575940628225323,sensory,olfactory,0.0,5.84943175345892e-11,25.11673755590201,15.0,3.0,87.0,9.0,102.0,-0.0,
720575940632681773,central,unknown,0.0,1.1168469127140987e-09,23.72217550176229,37.0,6.0,85.0,9.0,122.0,-3.9,
720575940610530606,central,unknown,1.761416528523492e-05,7.540137613443887e-07,24.407494142307332,2765.0,102.0,3362.0,200.0,6127.0,-3.62,
720575940632091951,sensory,olfactory,0.0,9.795631299984052e-08,25.158154763539567,139.0,11.0,416.0,24.0,555.0,-0.0,
720575940630682927,central,Kenyon_Cell,0.0,0.0,24.429775431847236,72.0,5.0,27.0,2.0,99.0,-3.48,
720575940618886454,central,LHLN,0.0,5.778130749528459e-10,24.595054797549928,215.0,16.0,53.0,6.0,268.0,-2.92,
720575940631502136,central,LHLN,0.0,2.5796086827103417e-10,24.777706878251937,266.0,21.0,118.0,11.0,384.0,-2.85,
720575940632059193,central,unknown,0.0,0.0,22.67442866571013,763.0,45.0,360.0,15.0,1123.0,-5.5,
720575940631764281,central,Kenyon_Cell,0.0,0.0,24.64981854086568,93.0,7.0,20.0,1.0,113.0,-2.92,
720575940616887611,central,Kenyon_Cell,0.0,0.0,24.51478977012211,170.0,11.0,27.0,1.0,197.0,-3.58,
720575940629962044,central,unknown,0.0,0.0,22.748696791384106,162.0,15.0,18.0,2.0,180.0,-5.05,
720575940630125884,central,unknown,0.0,0.0,22.2404928187103,425.0,41.0,159.0,17.0,584.0,-5.02,
720575940637728063,sensory,olfactory,0.0,8.51897855979323e-10,25.121494982782497,55.0,7.0,109.0,8.0,164.0,-0.0,
720575940631141699,central,Kenyon_Cell,0.0,0.0,24.63778811643109,59.0,4.0,46.0,2.0,105.0,-3.3,
720575940619115845,central,Kenyon_Cell,0.0,9.35837683888553e-10,24.349272387080013,69.0,3.0,54.0,4.0,123.0,-3.77,
720575940623965513,central,Kenyon_Cell,0.0,0.0,24.19944730484165,49.0,3.0,40.0,4.0,89.0,-3.82,
720575940627144010,sensory,olfactory,0.0,0.0,24.0,0.0,0.0,35.0,5.0,35.0,-0.0,
720575940639366478,central,unknown,0.0,3.231281493585389e-09,24.4341905305704,72.0,7.0,68.0,10.0,140.0,-3.61,
720575940628290895,sensory,olfactory,0.0,2.9919973028726885e-08,25.118557370430445,12.0,1.0,183.0,12.0,195.0,-0.0,
720575940617575760,central,unknown,0.0,1.046184975782433e-08,21.55791052171179,189.0,11.0,167.0,17.0,356.0,-5.46,
720575940626357586,sensory,olfactory,0.0,0.0,25.0883822082052,8.0,1.0,49.0,6.0,57.0,-0.0,
720575940617542996,sensory,olfactory,0.0,0.0,25.090450718654296,10.0,2.0,75.0,8.0,85.0,-0.0,
720575940619640149,central,Kenyon_Cell,0.0,7.040208724436477e-10,24.2462392649974,70.0,3.0,52.0,5.0,122.0,-4.18,
720575940638645592,sensory,olfactory,0.0,0.0,25.08102307476756,13.0,2.0,141.0,14.0,154.0,-0.0,
720575940634811743,central,Kenyon_Cell,0.0,0.0,24.622501435721848,149.0,9.0,22.0,1.0,171.0,-2.97,
720575940620623201,central,Kenyon_Cell,0.0,0.0,24.428211285661398,106.0,6.0,26.0,1.0,132.0,-3.83,
720575940625440100,central,unknown,0.0,4.3126083786806643e-08,22.81952721888538,239.0,18.0,63.0,6.0,302.0,-4.49,
720575940614298986,ascending,AN,1.8541226616036761e-07,1.0970847440386971e-08,20.817384125000093,316.0,10.0,430.0,26.0,746.0,-6.26,
720575940643757422,sensory,olfactory,0.0,1.1698863506917843e-10,25.12277572685972,22.0,3.0,94.0,4.0,116.0,-0.0,
720575940645264750,central,unknown,0.0,0.0,23.580928226139196,305.0,23.0,158.0,10.0,463.0,-4.13,
720575940635499888,central,Kenyon_Cell,0.0,0.0,23.716979872040525,20.0,2.0,31.0,2.0,51.0,-4.12,
720575940635958639,central,unknown,0.0,3.76189847765941e-09,24.09984220749468,118.0,14.0,93.0,8.0,211.0,-4.11,
720575940616428917,central,Kenyon_Cell,0.0,0.0,24.506023873700148,79.0,5.0,19.0,1.0,98.0,-3.29,
720575940630093174,sensory,olfactory,0.0,0.0,24.0,0.0,0.0,86.0,7.0,86.0,-0.0,
720575940649622905,central,Kenyon_Cell,0.0,0.0,24.27072484454688,52.0,3.0,23.0,1.0,75.0,-3.99,
720575940648246649,central,Kenyon_Cell,0.0,0.0,23.91599205353306,48.0,4.0,63.0,5.0,111.0,-4.88,
720575940628716926,central,unknown,0.0,0.0,22.93890689192062,315.0,27.0,349.0,27.0,664.0,-5.14,
720575940626423171,central,Kenyon_Cell,0.0,0.0,24.738055419572746,137.0,8.0,28.0,2.0,165.0,-3.0,
720575940614430102,sensory,olfactory,0.0,2.613048613785647e-10,25.10276993610156,8.0,1.0,182.0,14.0,190.0,-0.0,
720575940612758934,central,Kenyon_Cell,0.0,0.0,24.09436891808987,40.0,2.0,26.0,1.0,66.0,-3.85,
720575940624620952,central,ALPN,0.0,0.0,24.475778982520204,19.0,3.0,185.0,18.0,204.0,-3.64,
720575940613414297,central,unknown,0.0,0.0,22.08651853908469,317.0,24.0,461.0,24.0,778.0,-5.36,
720575940617674141,sensory,olfactory,0.0,0.0,25.14186321473966,5.0,1.0,136.0,9.0,141.0,-0.0,
720575940615249314,central,unknown,0.0,1.2324460270159351e-08,23.930816957113365,400.0,24.0,355.0,35.0,755.0,-5.08,
720575940618755494,central,unknown,0.0,1.935436969433985e-09,24.256221733811937,126.0,15.0,124.0,14.0,250.0,-3.59,
720575940625341880,sensory,olfactory,0.0,5.7494593551259e-10,25.109828650926048,63.0,8.0,104.0,8.0,167.0,-0.0,
720575940616068539,central,Kenyon_Cell,0.0,0.0,24.62206264742388,129.0,8.0,29.0,1.0,158.0,-3.19,
720575940634320319,central,unknown,0.0,0.0,24.07990208531345,42.0,5.0,62.0,4.0,104.0,-3.88,
720575940624096708,sensory,olfactory,0.0,7.300913092155672e-09,25.128827682819736,36.0,5.0,83.0,7.0,119.0,-0.0,
720575940626881991,central,unknown,0.0,1.3247950617598089e-08,24.43763203438213,587.0,54.0,155.0,20.0,742.0,-3.42,
720575940618821067,sensory,olfactory,0.0,9.417604462541351e-09,25.1288057451635,70.0,9.0,147.0,10.0,217.0,-0.0,
720575940622949837,central,LHLN,0.0,4.871575568261035e-10,24.18304437200262,222.0,19.0,63.0,8.0,285.0,-3.4,
720575940616691156,central,unknown,0.0,0.0,22.62471650901719,106.0,6.0,50.0,3.0,156.0,-4.92,
720575940608990677,central,unknown,0.0,1.9280850525517833e-09,24.47411768282173,98.0,12.0,33.0,4.0,131.0,-2.89,
720575940622130646,central,LHLN,0.0,0.0,24.54597939435923,201.0,16.0,238.0,21.0,439.0,-3.58,
720575940622392790,central,Kenyon_Cell,0.0,0.0,24.75202296550819,132.0,8.0,17.0,1.0,149.0,-3.06,
720575940617280985,central,unknown,0.0,1.5671001401496014e-07,22.185890488400933,1229.0,62.0,291.0,15.0,1520.0,-5.49,
720575940611153370,sensory,olfactory,0.0,0.0,24.0,0.0,0.0,24.0,4.0,24.0,-0.0,
720575940631207388,visual_centrifugal,unknown,0.0,0.0,21.28570447964066,250.0,18.0,13.0,1.0,263.0,-5.33,
720575940605877728,central,unknown,0.0,0.0,24.348315467431487,163.0,18.0,106.0,12.0,269.0,-3.71,
720575940633566690,central,Kenyon_Cell,0.0,0.0,24.637676949956028,108.0,8.0,20.0,1.0,128.0,-3.47,
720575940613119459,central,Kenyon_Cell,0.0,0.0,24.32124562867116,28.0,3.0,24.0,2.0,52.0,-3.71,
720575940621966827,central,Kenyon_Cell,0.0,0.0,24.62510756501626,104.0,6.0,11.0,1.0,115.0,-3.16,
720575940619738612,central,unknown,0.0,1.1170294313057227e-07,21.836681298198524,109.0,6.0,36.0,4.0,145.0,-4.74,
720575940642086389,central,ALPN,9.032226108669334e-06,3.2104077086673398e-06,24.690085215149345,1735.0,110.0,2838.0,169.0,4573.0,-2.27,
720575940631633401,central,ALPN,0.0,5.8946722484618845e-08,24.832087937063434,392.0,37.0,375.0,37.0,767.0,-2.85,
720575940630420985,central,Kenyon_Cell,0.0,0.0,24.2532745023107,70.0,7.0,12.0,1.0,82.0,-3.63,
720575940627996156,central,unknown,0.0,0.0,24.36528648957259,365.0,34.0,59.0,5.0,424.0,-3.32,
720575940626226690,central,Kenyon_Cell,0.0,6.933891778622572e-11,24.3655545084437,43.0,4.0,40.0,3.0,83.0,-3.52,
720575940626161154,central,Kenyon_Cell,0.0,0.0,24.693221581433946,134.0,6.0,24.0,2.0,158.0,-3.2,
720575940626980358,sensory,olfactory,0.0,6.074324948291191e-10,25.09769961751331,55.0,6.0,150.0,9.0,205.0,-0.0,
720575940623539719,central,unknown,0.0,0.0,24.43385046593616,141.0,15.0,10.0,1.0,151.0,-3.27,
720575940629470726,central,unknown,0.0,0.0,23.701585135095605,30.0,3.0,21.0,3.0,51.0,-4.73,
720575940622229005,central,unknown,0.0,0.0,23.78542235905681,92.0,10.0,272.0,16.0,364.0,-4.03,
720575940629765647,central,Kenyon_Cell,0.0,2.2273292960718204e-09,24.08230922962944,32.0,3.0,43.0,5.0,75.0,-3.8,
720575940629601810,central,Kenyon_Cell,0.0,0.0,24.64533891384464,137.0,7.0,15.0,1.0,152.0,-3.11,
720575940618591764,central,unknown,2.09250986095272e-06,6.87871870882476e-08,22.415653484262613,134.0,5.0,828.0,34.0,962.0,-4.49,
720575940623113752,central,unknown,0.0,2.261775293191256e-09,18.95290149663149,768.0,46.0,248.0,21.0,1016.0,-5.92,
720575940625669660,central,Kenyon_Cell,0.0,0.0,24.79889388686085,122.0,9.0,21.0,1.0,143.0,-3.04,
720575940644150819,central,LHLN,0.0,0.0,24.7042288153674,94.0,11.0,134.0,15.0,228.0,-3.47,
720575940625800741,central,Kenyon_Cell,0.0,0.0,24.63316918122658,101.0,7.0,17.0,1.0,118.0,-3.21,
720575940609318446,central,Kenyon_Cell,0.0,0.0,24.80354207926536,92.0,5.0,12.0,1.0,104.0,-2.87,
720575940609908270,central,unknown,0.0,7.348242613245316e-09,24.11581464264183,124.0,12.0,92.0,11.0,216.0,-4.24,
720575940615380530,sensory,olfactory,0.0,8.27571329501469e-10,25.067992729383366,46.0,6.0,139.0,9.0,185.0,-0.0,
720575940639071797,central,Kenyon_Cell,0.0,0.0,24.722175564929685,119.0,8.0,30.0,2.0,149.0,-3.01,
720575940618886710,central,unknown,4.983616839724737e-05,2.992929968860525e-06,22.136947735078525,1770.0,71.0,1447.0,42.0,3217.0,-4.61,
720575940630945335,central,ALLN,0.0,9.8958087872973e-07,24.686894099129105,3805.0,154.0,4058.0,166.0,7863.0,-3.84,
720575940617313846,central,Kenyon_Cell,0.0,0.0,24.658751876412524,136.0,6.0,25.0,1.0,161.0,-3.42,
720575940628651575,central,Kenyon_Cell,0.0,0.0,24.57816584793808,110.0,5.0,20.0,1.0,130.0,-3.26,
720575940631502392,central,unknown,0.0,0.0,24.566397932655352,56.0,8.0,0.0,0.0,56.0,-3.23,
720575940617182779,central,unknown,4.237994655094116e-07,8.596116796146709e-11,23.767912278355315,175.0,21.0,88.0,4.0,263.0,-4.29,
720575940628356666,visual_projection,unknown,0.0,3.075220690545041e-08,22.09070397916534,207.0,18.0,95.0,6.0,302.0,-4.82,
720575940637826623,central,Kenyon_Cell,0.0,0.0,24.668437106554784,105.0,7.0,24.0,1.0,129.0,-3.01,
720575940631797315,central,LHLN,0.0,0.0,24.171580935702867,361.0,27.0,275.0,23.0,636.0,-3.6,
720575940631666243,central,Kenyon_Cell,0.0,0.0,24.4807592988056,105.0,5.0,29.0,1.0,134.0,-3.39,
720575940624227917,central,unknown,0.0,0.0,23.889833299918877,16.0,2.0,56.0,7.0,72.0,-3.48,
720575940618133072,central,Kenyon_Cell,0.0,0.0,24.67497462579773,115.0,6.0,22.0,1.0,137.0,-2.97,
720575940617739860,central,unknown,0.0,2.3412375537530813e-08,24.131492180135773,526.0,29.0,432.0,39.0,958.0,-4.86,
720575940614757974,central,ALLN,0.0,4.0032875091982585e-08,24.742236138861383,276.0,28.0,230.0,11.0,506.0,-2.0,
720575940625210969,central,unknown,0.0,4.497561445135017e-10,24.12827758627516,144.0,18.0,65.0,6.0,209.0,-3.75,
720575940623998563,central,unknown,0.0,5.8847398447229305e-08,23.34829387076588,12.0,2.0,59.0,6.0,71.0,-3.32,
720575940631240296,sensory,olfactory,0.0,1.618983670335886e-08,25.133094068938032,139.0,12.0,178.0,12.0,317.0,-0.0,
720575940614659690,central,unknown,0.0,2.7482308026960072e-08,23.311818819869444,549.0,43.0,284.0,19.0,833.0,-5.04,
720575940629929580,central,unknown,0.0,0.0,23.16651257604268,46.0,7.0,220.0,13.0,266.0,-4.74,
720575940635958895,central,LHLN,0.0,2.1370592204870428e-10,24.49583869518576,110.0,9.0,129.0,14.0,239.0,-3.05,
720575940621246068,descending,unknown,0.0,0.0,19.678104153163115,179.0,14.0,0.0,0.0,179.0,-5.69,
720575940616953467,central,ALLN,0.0,7.157348525040853e-10,24.37768986415116,29.0,5.0,184.0,19.0,213.0,-4.18,
720575940629044862,central,LHLN,0.0,0.0,24.67427588742812,295.0,23.0,172.0,22.0,467.0,-3.51,
720575940619705983,central,Kenyon_Cell,0.0,0.0,24.615950797726384,68.0,6.0,19.0,1.0,87.0,-3.22,
720575940607090306,sensory,olfactory,0.0,0.0,24.0,0.0,0.0,36.0,5.0,36.0,-0.0,
720575940606729858,central,Kenyon_Cell,0.0,0.0,24.569110839624887,103.0,6.0,21.0,1.0,124.0,-3.34,
720575940619902598,central,ALPN,1.3641045296084185e-06,8.383153216326513e-07,24.91706075123576,1105.0,80.0,1443.0,114.0,2548.0,-1.87,
720575940623212170,central,unknown,0.0,0.0,23.93494124653109,115.0,15.0,23.0,4.0,138.0,-4.3,
720575940626849423,sensory,olfactory,0.0,0.0,24.0,0.0,0.0,63.0,6.0,63.0,-0.0,
720575940627996315,sensory,olfactory,0.0,8.125772066436375e-09,25.13232502655408,85.0,9.0,124.0,5.0,209.0,-0.0,
720575940629044891,central,LHLN,0.0,0.0,24.7922883432976,125.0,5.0,133.0,15.0,258.0,-3.51,
720575940643266208,central,unknown,0.0,0.0,21.532526964100366,117.0,8.0,11.0,2.0,128.0,-6.44,
720575940611546794,central,unknown,0.0,1.564492504386649e-09,23.55251434801573,99.0,12.0,96.0,9.0,195.0,-4.68,
720575940631502509,central,Kenyon_Cell,0.0,0.0,24.57079664450644,55.0,3.0,56.0,4.0,111.0,-3.38,
720575940635664046,central,ALLN,2.8606463921885283e-06,3.895971125731249e-07,24.30026305717236,267.0,26.0,286.0,9.0,553.0,-2.12,
720575940607155890,central,MBON,3.100357964867289e-05,3.251977677472204e-07,22.96024353502316,3101.0,172.0,2578.0,66.0,5679.0,-5.13,
720575940611022515,central,ALPN,1.7216853286319843e-06,5.288398316137137e-08,24.91278370459669,1416.0,87.0,1834.0,129.0,3250.0,-2.15,
720575940624817845,central,unknown,0.0,1.3550029250986222e-08,19.58595881350776,43.0,4.0,20.0,3.0,63.0,-5.07,
720575940620459702,sensory,hygrosensory,0.0,0.0,24.70101855820679,11.0,2.0,41.0,6.0,52.0,-3.42,
720575940616855225,central,ALLN,1.7216853286319845e-07,1.2383272426254736e-07,23.56592889837342,263.0,19.0,565.0,26.0,828.0,-4.15,
720575940615413435,central,unknown,0.0,2.648913144734989e-07,21.34573879792562,562.0,34.0,273.0,9.0,835.0,-5.91,
720575940606762686,central,ALPN,3.998283082415355e-05,2.7044696242681124e-05,25.009651813186967,4371.0,212.0,2985.0,165.0,7356.0,-1.34,
720575940633927359,central,unknown,7.946239978301468e-08,4.006249094571101e-09,24.30877275752975,176.0,17.0,129.0,12.0,305.0,-3.72,
720575940609220291,central,Kenyon_Cell,0.0,0.0,23.929287287974656,44.0,3.0,20.0,1.0,64.0,-4.01,
720575940619411147,central,ALPN,1.5892479956602933e-07,8.95091239284498e-08,24.19179932670012,2673.0,95.0,6787.0,293.0,9460.0,-4.09,
720575940623146701,central,ALLN,4.237994655094116e-07,3.86155649974444e-06,24.63293383512584,3971.0,198.0,3115.0,247.0,7086.0,-3.49,
720575940610694866,sensory,olfactory,0.0,0.0,25.131036446340172,26.0,2.0,59.0,6.0,85.0,-0.0,
720575940634156755,central,unknown,5.019374919627093e-06,3.211517288613028e-07,24.142335613479105,1959.0,95.0,2091.0,96.0,4050.0,-4.59,
720575940608663253,central,unknown,0.0,0.0,22.11626540984485,86.0,9.0,171.0,19.0,257.0,-5.62,
720575940612071130,central,LHLN,0.0,0.0,24.405009731825977,50.0,4.0,129.0,15.0,179.0,-3.17,
720575940623441629,central,unknown,0.0,0.0,22.250161325715425,65.0,8.0,31.0,3.0,96.0,-4.89,
720575940619280110,sensory,olfactory,0.0,5.393770322918987e-11,25.152518459145128,59.0,8.0,160.0,9.0,219.0,-0.0,
720575940620590831,central,LHLN,0.0,1.4240213575952247e-09,24.246086999752748,60.0,7.0,58.0,8.0,118.0,-3.6,
720575940620721903,central,unknown,0.0,1.6790681549578192e-08,24.283361412869777,46.0,5.0,49.0,7.0,95.0,-3.4,
720575940624785139,central,LHLN,0.0,0.0,24.507252669475776,29.0,4.0,16.0,2.0,45.0,-3.08,
720575940635565816,central,unknown,0.0,2.505526454819411e-06,24.573779510408112,1577.0,89.0,210.0,23.0,1787.0,-3.68,
720575940628029180,central,unknown,0.0,0.0,20.08828001994729,11.0,2.0,8.0,1.0,19.0,-4.12,
720575940616756993,sensory,olfactory,0.0,0.0,24.0,0.0,0.0,59.0,6.0,59.0,-0.0,
720575940622917381,central,unknown,2.7811839924055134e-07,4.920275777025955e-07,19.713677988115013,321.0,22.0,475.0,30.0,796.0,-6.12,
720575940627996422,central,LHLN,0.0,4.768290090535343e-10,24.77688778443744,294.0,20.0,186.0,18.0,480.0,-3.01,
720575940628061968,sensory,olfactory,0.0,0.0,25.108097251525404,54.0,6.0,163.0,9.0,217.0,-0.0,
720575940620197652,central,LHLN,0.0,0.0,24.722025854839835,170.0,15.0,122.0,9.0,292.0,-3.04,
720575940621475610,central,unknown,0.0,9.462300436618266e-07,21.199170801777782,497.0,32.0,158.0,8.0,655.0,-5.89,
720575940605452064,central,Kenyon_Cell,0.0,0.0,24.400715746069416,49.0,4.0,15.0,1.0,64.0,-3.67,
720575940622196518,sensory,olfactory,0.0,2.694648942172394e-10,25.08611471308504,13.0,2.0,139.0,9.0,152.0,-0.0,
720575940622360358,sensory,olfactory,0.0,0.0,25.12000770655605,42.0,6.0,84.0,9.0,126.0,-0.0,
720575940624555815,central,unknown,0.0,0.0,24.30008528201373,85.0,9.0,67.0,6.0,152.0,-3.75,
720575940628586283,central,unknown,6.549026115450126e-05,4.247244815689522e-06,23.387906691429684,1196.0,55.0,2026.0,40.0,3222.0,-4.7,
720575940628684588,central,Kenyon_Cell,0.0,0.0,24.662797221518744,111.0,7.0,17.0,1.0,128.0,-3.39,
720575940615708466,sensory,olfactory,0.0,0.0,24.0,0.0,0.0,38.0,6.0,38.0,-0.0,
720575940646346548,central,Kenyon_Cell,0.0,0.0,24.468431592339197,125.0,6.0,24.0,1.0,149.0,-3.58,
720575940629995319,central,unknown,0.0,7.165791306353375e-07,22.28606790147383,913.0,55.0,312.0,12.0,1225.0,-5.17,
720575940624555838,sensory,olfactory,0.0,3.3452999548395637e-09,25.127357645393698,54.0,6.0,140.0,8.0,194.0,-0.0,
720575940620263233,central,Kenyon_Cell,0.0,0.0,24.68792177501619,116.0,6.0,30.0,2.0,146.0,-3.21,
720575940615708482,central,ALLN,0.0,3.51179254971542e-07,24.639960009683257,2923.0,120.0,2825.0,139.0,5748.0,-4.14,
720575940609908548,central,LHLN,0.0,0.0,24.73113550737132,236.0,15.0,113.0,14.0,349.0,-3.15,
720575940627111752,central,unknown,0.0,1.724640733572741e-07,21.03006679461324,321.0,18.0,42.0,2.0,363.0,-5.52,
720575940633304913,central,unknown,0.0,3.539101676965497e-09,23.91193480746095,149.0,12.0,33.0,6.0,182.0,-3.33,
720575940627275602,central,unknown,0.0,5.831255188532627e-09,22.950192065820808,699.0,44.0,550.0,41.0,1249.0,-5.22,
720575940639891288,central,unknown,0.0,0.0,23.893844720763564,358.0,27.0,91.0,9.0,449.0,-4.83,
720575940627537753,central,unknown,0.0,7.808706080679461e-09,21.024285731769663,422.0,12.0,411.0,16.0,833.0,-6.14,
720575940607811420,sensory,olfactory,0.0,3.1278962471203966e-10,25.115746801268763,25.0,3.0,90.0,7.0,115.0,-0.0,
720575940606730076,central,Kenyon_Cell,0.0,0.0,24.739792401164,95.0,6.0,22.0,1.0,117.0,-3.13,
720575940622557022,central,Kenyon_Cell,0.0,0.0,24.750824158738297,100.0,5.0,23.0,1.0,123.0,-2.88,
720575940620230497,central,Kenyon_Cell,0.0,0.0,24.512286230760512,48.0,5.0,26.0,1.0,74.0,-3.19,
720575940603453286,central,ALPN,0.0,5.8300607450186865e-08,25.00620011439218,16.0,2.0,202.0,25.0,218.0,-1.99,
720575940614791018,central,unknown,0.0,0.0,24.31262469555541,130.0,13.0,28.0,4.0,158.0,-3.94,
720575940620623725,central,Kenyon_Cell,0.0,1.8394074023845986e-10,24.51276795646108,73.0,3.0,40.0,2.0,113.0,-3.56,
720575940634943344,central,unknown,0.0,0.0,22.097143553460366,86.0,10.0,11.0,2.0,97.0,-5.2,
720575940639661939,central,LHLN,0.0,3.730629097794117e-11,24.895461184505635,32.0,2.0,30.0,3.0,62.0,-2.82,
720575940630716286,central,unknown,0.0,0.0,20.6150192577854,47.0,4.0,204.0,16.0,251.0,-6.18,
720575940620459910,central,unknown,0.0,0.0,24.843801183117616,43.0,5.0,27.0,3.0,70.0,-2.5,
720575940630912908,sensory,olfactory,0.0,0.0,25.14186321473966,5.0,1.0,100.0,11.0,105.0,-0.0,
720575940631469964,central,ALPN,0.0,1.9061175756970813e-09,24.547482245848897,479.0,47.0,663.0,57.0,1142.0,-3.76,
720575940614102930,sensory,olfactory,0.0,2.1354446547893763e-08,25.147514891279087,126.0,13.0,182.0,13.0,308.0,-0.0,
720575940613939090,central,Kenyon_Cell,0.0,0.0,24.684760631679914,111.0,8.0,24.0,2.0,135.0,-2.93,
720575940624654228,central,unknown,0.0,3.907613968002601e-10,24.65383967606708,403.0,30.0,275.0,24.0,678.0,-3.27,
720575940611514261,central,unknown,0.0,8.273605816175707e-09,24.27055373475758,159.0,15.0,34.0,5.0,193.0,-3.31,
720575940628783003,central,unknown,0.0,0.0,24.640170837408977,66.0,6.0,25.0,4.0,91.0,-2.93,
720575940616101789,central,unknown,0.0,5.667374277765185e-09,20.89622644456129,428.0,23.0,42.0,2.0,470.0,-5.75,
720575940619804582,sensory,olfactory,0.0,0.0,25.1188151760942,10.0,2.0,99.0,8.0,109.0,-0.0,
720575940628750248,central,ALPN,3.34006953754605e-05,8.245314208870443e-08,24.652372129220453,1798.0,49.0,2223.0,103.0,4021.0,-2.79,
720575940627079080,central,Kenyon_Cell,0.0,0.0,24.75723215162761,152.0,6.0,24.0,1.0,176.0,-2.82,
720575940604403628,central,ALPN,0.0,4.270077319608151e-07,23.023660454654088,748.0,31.0,1117.0,64.0,1865.0,-4.88,
720575940635271086,central,unknown,0.0,4.0936581565495e-08,23.99457491943313,272.0,28.0,219.0,21.0,491.0,-4.28,
720575940634976174,central,ALPN,0.0,1.0361326977925037e-08,24.56844350371978,127.0,8.0,264.0,26.0,391.0,-3.76,
720575940612202419,central,unknown,0.0,2.15045633763071e-08,24.626324884398016,173.0,23.0,42.0,3.0,215.0,-3.27,
720575940610793395,central,Kenyon_Cell,0.0,0.0,24.408554996423,63.0,4.0,31.0,2.0,94.0,-3.24,
720575940616363963,sensory,olfactory,0.0,0.0,24.0,0.0,0.0,7.0,1.0,7.0,-0.0,
720575940639072189,central,unknown,0.0,1.5748994314578963e-09,24.39440611675033,159.0,11.0,23.0,4.0,182.0,-3.82,
720575940618461121,central,ALPN,1.6951978620376463e-06,3.995144292292572e-06,24.618654294228904,723.0,85.0,701.0,53.0,1424.0,-1.75,
720575940607451081,descending,unknown,2.1084023409093227e-05,1.3385802203438446e-07,20.76493443805031,301.0,10.0,73.0,2.0,374.0,-5.47,
720575940630912975,central,unknown,0.0,0.0,23.11019278049694,184.0,12.0,101.0,11.0,285.0,-5.39,
720575940641562587,central,LHLN,0.0,0.0,24.60601996358433,308.0,16.0,201.0,24.0,509.0,-3.18,
720575940636942302,sensory,olfactory,0.0,0.0,24.0,0.0,0.0,49.0,6.0,49.0,-0.0,
720575940624195559,central,Kenyon_Cell,0.0,0.0,24.23519348744581,38.0,3.0,27.0,1.0,65.0,-3.6,
720575940627439592,central,unknown,0.0,2.791286542068448e-07,20.515905707002087,361.0,18.0,552.0,37.0,913.0,-5.79,
720575940612169709,central,Kenyon_Cell,0.0,0.0,24.48224766767103,34.0,4.0,45.0,3.0,79.0,-3.43,
720575940622491632,central,ALLN,0.0,4.1927318950337043e-08,22.81531444352721,169.0,16.0,744.0,31.0,913.0,-3.58,
720575940641464309,central,unknown,1.986559994575367e-07,3.064410512966705e-07,19.563841286715565,562.0,27.0,891.0,48.0,1453.0,-6.32,
720575940651425782,central,unknown,0.0,5.357840165925812e-10,23.26730376084901,89.0,8.0,73.0,7.0,162.0,-3.97,
720575940634648568,sensory,olfactory,0.0,0.0,25.21916528977069,5.0,1.0,62.0,7.0,67.0,-0.0,
720575940631011328,central,unknown,0.0,1.4391934378021526e-07,20.246575076647385,334.0,22.0,231.0,14.0,565.0,-5.83,
720575940619051009,sensory,olfactory,0.0,0.0,24.0,0.0,0.0,66.0,8.0,66.0,-0.0,
720575940628553731,sensory,olfactory,0.0,2.6142612509817835e-08,25.124285768229942,23.0,4.0,139.0,10.0,162.0,-0.0,
720575940623867911,central,unknown,1.5760042623631243e-06,5.445487986429014e-07,24.416209931091107,885.0,52.0,420.0,36.0,1305.0,-3.51,
720575940624359432,central,unknown,7.880021311815621e-06,0.0,24.15476964765614,761.0,23.0,237.0,15.0,998.0,-3.74,
720575940626685962,central,unknown,0.0,0.0,22.574530863523485,60.0,7.0,46.0,7.0,106.0,-5.19,
720575940607221771,sensory,olfactory,0.0,2.613048613785647e-10,25.10276993610156,5.0,1.0,53.0,8.0,58.0,-0.0,
720575940635140121,central,unknown,0.0,0.0,23.66876488290875,347.0,24.0,291.0,16.0,638.0,-4.8,
720575940614037533,sensory,olfactory,0.0,0.0,25.133016174569534,34.0,2.0,168.0,12.0,202.0,-0.0,
720575940626653214,central,unknown,0.0,1.4291547124801192e-08,23.918712003379547,33.0,5.0,8.0,1.0,41.0,-3.08,
720575940646412323,central,LHLN,0.0,0.0,24.304933295470672,136.0,18.0,92.0,14.0,228.0,-3.58,
720575940613218344,central,Kenyon_Cell,0.0,0.0,24.68474127957304,94.0,5.0,26.0,1.0,120.0,-3.29,
720575940616921129,sensory,olfactory,0.0,2.145285287662601e-09,25.19173723660277,33.0,5.0,62.0,6.0,95.0,-0.0,
720575940631306284,optic,unknown,0.0,0.0,17.936013922196874,614.0,3.0,208.0,1.0,822.0,-9.71,
720575940645199924,central,ALON,0.0,1.828558822671294e-06,23.44151323671328,528.0,29.0,333.0,17.0,861.0,-4.45,
720575940638154805,central,unknown,0.0,1.3242507854992749e-08,24.498168156241626,285.0,28.0,134.0,14.0,419.0,-3.29,
720575940615512130,central,LHLN,0.0,3.1413959193999243e-09,24.508485099857108,317.0,24.0,149.0,15.0,466.0,-3.44,
720575940626522184,central,Kenyon_Cell,0.0,0.0,24.12158765157787,40.0,4.0,19.0,1.0,59.0,-4.36,
720575940617904208,descending,unknown,0.0,0.0,22.26320540939959,229.0,22.0,5.0,1.0,234.0,-5.29,
720575940630323303,central,ALLN,5.959679983726101e-07,1.357232099958605e-06,24.95975033104249,709.0,41.0,475.0,18.0,1184.0,-1.89,
720575940631732328,central,Kenyon_Cell,0.0,0.0,24.48178293431489,98.0,6.0,30.0,1.0,128.0,-3.45,
720575940616101994,central,unknown,0.0,6.233900843549767e-09,20.34072119482316,141.0,11.0,531.0,15.0,672.0,-6.11,
720575940640415859,central,ALLN,0.0,1.016316840637533e-07,24.619973950787838,978.0,79.0,1445.0,106.0,2423.0,-3.38,
720575940620689524,central,ALLN,0.0,3.444649697152361e-07,23.340329914123483,330.0,26.0,518.0,24.0,848.0,-4.2,
720575940629766266,central,unknown,0.0,1.328852870584948e-07,20.782564049599976,610.0,32.0,114.0,9.0,724.0,-5.45,
720575940626653309,central,unknown,0.0,1.1214811931724398e-09,23.2209382299274,466.0,18.0,389.0,23.0,855.0,-5.34,
720575940659323009,central,Kenyon_Cell,0.0,0.0,24.806137842686045,110.0,6.0,31.0,2.0,141.0,-2.83,
720575940626587779,central,LHLN,0.0,2.820309397514476e-08,24.53688446284693,589.0,47.0,402.0,40.0,991.0,-3.52,
720575940646609028,central,Kenyon_Cell,0.0,0.0,24.463090667087336,49.0,4.0,11.0,1.0,60.0,-3.43,
720575940627210373,central,Kenyon_Cell,0.0,0.0,24.00349401560638,43.0,4.0,38.0,3.0,81.0,-4.26,
720575940619968647,central,Kenyon_Cell,0.0,2.9897077069069144e-10,24.138790039313765,36.0,2.0,80.0,5.0,116.0,-4.2,
720575940625014928,central,ALPN,2.728209059216837e-06,3.394140957339384e-06,24.295169995908044,270.0,33.0,1336.0,111.0,1606.0,-2.88,
720575940628029592,central,unknown,0.0,5.0336605241249955e-09,24.308571910398012,219.0,16.0,323.0,45.0,542.0,-4.49,
720575940618657950,central,Kenyon_Cell,0.0,0.0,24.54331461850688,125.0,8.0,15.0,1.0,140.0,-3.23,
720575940614824095,central,Kenyon_Cell,0.0,0.0,24.62573975853881,120.0,8.0,32.0,1.0,152.0,-3.16,
720575940613152938,central,Kenyon_Cell,0.0,0.0,24.439434391631067,69.0,6.0,45.0,4.0,114.0,-3.6,
720575940605780140,central,unknown,1.791877115106981e-05,3.679502003997444e-07,20.38264080336297,493.0,18.0,591.0,27.0,1084.0,-6.04,
720575940632813741,central,Kenyon_Cell,0.0,0.0,24.532789945289768,63.0,6.0,25.0,1.0,88.0,-3.31,
720575940621607093,central,ALLN,0.0,0.0,22.94551276031732,56.0,9.0,283.0,16.0,339.0,-4.25,
720575940623605943,central,ALPN,3.575807990235661e-07,6.434882869401619e-07,23.59348646717288,1214.0,39.0,1517.0,63.0,2731.0,-4.62,
720575940625342648,sensory,olfactory,0.0,2.925227579087521e-09,25.136478466518305,102.0,10.0,396.0,26.0,498.0,-0.0,
720575940626030776,central,ALLN,3.973119989150733e-08,1.3302929334378016e-06,24.971602343674107,638.0,36.0,363.0,16.0,1001.0,-1.97,
720575940625309882,central,Kenyon_Cell,0.0,0.0,24.57250505779564,172.0,10.0,30.0,1.0,202.0,-3.22,
720575940606664894,central,unknown,0.0,0.0,22.31203245194071,1579.0,67.0,311.0,20.0,1890.0,-5.54,
720575940620329152,central,Kenyon_Cell,0.0,0.0,24.21595771045564,46.0,2.0,22.0,1.0,68.0,-4.3,
720575940607484099,central,unknown,0.0,4.177074009837528e-08,24.55495678885734,362.0,25.0,390.0,32.0,752.0,-3.43,
720575940630290629,central,Kenyon_Cell,0.0,0.0,24.759000795084447,112.0,5.0,18.0,1.0,130.0,-3.08,
720575940630913221,central,DAN,0.0,0.0,22.391666895953037,228.0,16.0,75.0,7.0,303.0,-5.91,
720575940632617164,central,Kenyon_Cell,0.0,0.0,24.60379324035233,83.0,5.0,14.0,1.0,97.0,-3.46,
720575940624130253,central,unknown,0.0,0.0,21.561948747026527,562.0,23.0,287.0,21.0,849.0,-5.72,
720575940608663765,central,Kenyon_Cell,0.0,0.0,24.74741568818394,149.0,6.0,36.0,2.0,185.0,-3.01,
720575940629373148,sensory,olfactory,0.0,6.074324948291191e-10,25.10067134393609,31.0,4.0,108.0,9.0,139.0,-0.0,
720575940615217375,central,unknown,0.0,8.368792862674652e-08,24.61908569962943,340.0,33.0,213.0,18.0,553.0,-3.35,
720575940638744804,ascending,AN,2.3375189269503484e-05,7.014170063781438e-08,19.4632757575464,12.0,2.0,221.0,4.0,233.0,-4.67,
720575940619903215,sensory,olfactory,0.0,0.0,24.0,0.0,0.0,26.0,3.0,26.0,-0.0,
720575940640841973,central,LHLN,0.0,1.2383775879951024e-09,24.54641740080096,401.0,28.0,158.0,19.0,559.0,-3.6,
720575940639727861,central,Kenyon_Cell,0.0,4.940091722395802e-09,24.01047044089348,45.0,5.0,25.0,2.0,70.0,-3.76,
720575940629733626,central,ALPN,2.940108791971543e-06,3.704048648629501e-06,24.548331026051187,308.0,37.0,1642.0,131.0,1950.0,-2.23,
720575940630520059,central,unknown,0.0,1.3878116860710909e-08,21.396679838296382,579.0,18.0,1056.0,41.0,1635.0,-6.35,
720575940627636476,sensory,olfactory,0.0,0.0,24.0,0.0,0.0,39.0,7.0,39.0,-0.0,
720575940617511169,sensory,olfactory,0.0,0.0,24.0,0.0,0.0,40.0,3.0,40.0,-0.0,
720575940628914436,central,ALLN,0.0,8.117484203897961e-07,24.71396700109913,2252.0,146.0,2469.0,120.0,4721.0,-3.17,
720575940627603733,central,unknown,0.0,0.0,23.63851570478769,10.0,2.0,91.0,9.0,101.0,-3.67,
720575940626784533,central,unknown,0.0,1.5369561770084686e-07,22.30768625375225,205.0,19.0,442.0,17.0,647.0,-5.11,
720575940632224031,sensory,olfactory,0.0,8.179709769665566e-09,25.13465430722928,107.0,12.0,209.0,14.0,316.0,-0.0,
720575940606337312,central,ALPN,1.072742397070698e-06,4.933716686218606e-08,24.479891812291413,201.0,17.0,843.0,59.0,1044.0,-2.85,
720575940617052450,central,unknown,0.0,7.322628523274074e-10,21.33375270062457,15.0,3.0,6.0,1.0,21.0,-3.72,
720575940627046693,central,unknown,0.0,6.41075817184567e-10,24.16527360586026,364.0,33.0,63.0,7.0,427.0,-4.12,
720575940622655782,sensory,olfactory,0.0,0.0,25.14186321473966,6.0,1.0,74.0,9.0,80.0,-0.0,
720575940622917927,central,unknown,0.0,0.0,22.60911232590482,83.0,8.0,23.0,3.0,106.0,-5.19,
720575940617969961,sensory,hygrosensory,0.0,7.18781343083364e-08,24.6682713311233,34.0,5.0,224.0,21.0,258.0,-3.33,
720575940620624177,central,unknown,0.0,8.7708616172387e-07,21.37821021151392,327.0,21.0,109.0,8.0,436.0,-5.65,
720575940614037811,central,Kenyon_Cell,0.0,0.0,24.638354044898367,20.0,2.0,15.0,1.0,35.0,-2.65,
720575940646576436,central,ALLN,0.0003049104717007,1.3200159809371015e-05,24.688206140606063,5807.0,242.0,3908.0,140.0,9715.0,-3.11,
720575940646773044,central,Kenyon_Cell,0.0,0.0,24.69534421460453,104.0,7.0,22.0,1.0,126.0,-3.1,
720575940629274935,sensory,olfactory,0.0,0.0,24.0,0.0,0.0,21.0,3.0,21.0,-0.0,
720575940627243322,central,Kenyon_Cell,0.0,0.0,24.53736226245652,89.0,5.0,38.0,1.0,127.0,-3.25,
720575940630159676,central,unknown,0.0,0.0,22.8967554532995,141.0,15.0,168.0,10.0,309.0,-4.62,
720575940629963068,central,unknown,0.0,0.0,23.015702770717454,263.0,27.0,199.0,18.0,462.0,-5.29,
720575940625310014,central,unknown,0.0,2.007779701108719e-07,21.195933010666977,172.0,10.0,475.0,26.0,647.0,-5.14,
720575940617871680,central,Kenyon_Cell,0.0,0.0,24.66242351742629,107.0,6.0,38.0,2.0,145.0,-3.12,
720575940622262593,sensory,olfactory,0.0,8.738911654208456e-09,25.131239237938164,89.0,9.0,195.0,12.0,284.0,-0.0,
720575940617118016,central,Kenyon_Cell,0.0,0.0,24.04912373754291,46.0,3.0,33.0,2.0,79.0,-4.03,
720575940619280705,central,ALPN,4.1452885220139324e-06,8.246951874390612e-06,24.86204151152765,440.0,46.0,1227.0,99.0,1667.0,-1.43,
720575940627931466,central,Kenyon_Cell,0.0,0.0,24.57203802760637,73.0,4.0,17.0,1.0,90.0,-3.14,
720575940625408333,central,unknown,0.0,2.552322016431291e-09,20.40903314517413,143.0,8.0,53.0,5.0,196.0,-5.54,
720575940630651223,central,Kenyon_Cell,0.0,6.698934904608857e-10,24.347367441570157,57.0,5.0,38.0,3.0,95.0,-3.57,
720575940604961126,central,Kenyon_Cell,0.0,0.0,24.512368960762387,145.0,8.0,14.0,1.0,159.0,-3.69,
720575940633731435,sensory,olfactory,0.0,6.074324948291191e-10,25.099223981175303,40.0,5.0,182.0,12.0,222.0,-0.0,
720575940629963116,sensory,olfactory,0.0,0.0,24.0,0.0,0.0,37.0,6.0,37.0,-0.0,
720575940612006257,central,unknown,0.0,4.9610391791274986e-08,24.509002298351906,890.0,77.0,187.0,13.0,1077.0,-3.05,
720575940649394553,sensory,olfactory,0.0,0.0,25.103955442683848,18.0,3.0,70.0,5.0,88.0,-0.0,
720575940629471610,central,Kenyon_Cell,0.0,2.39435847907412e-09,24.46382617908049,70.0,4.0,54.0,3.0,124.0,-3.77,
720575940627079557,central,Kenyon_Cell,0.0,0.0,24.657518927729527,70.0,7.0,27.0,1.0,97.0,-3.31,
720575940620263814,central,ALIN,0.0,2.1927612719500484e-10,22.96400356649877,247.0,22.0,671.0,41.0,918.0,-5.24,
720575940615152011,central,ALPN,0.0,2.293414174174596e-09,24.70931993015316,97.0,8.0,189.0,18.0,286.0,-3.17,
720575940625572240,central,Kenyon_Cell,0.0,0.0,24.731581672957383,77.0,7.0,12.0,1.0,89.0,-2.87,
720575940617380241,central,Kenyon_Cell,0.0,0.0,24.647967193437925,85.0,6.0,34.0,2.0,119.0,-3.32,
720575940624359828,central,unknown,0.0,0.0,23.72601295639061,40.0,4.0,132.0,6.0,172.0,-3.96,
720575940614037910,sensory,olfactory,0.0,0.0,24.0,0.0,0.0,36.0,6.0,36.0,-0.0,
720575940614529430,central,unknown,0.0,1.4775697061532713e-07,21.87579476806358,236.0,24.0,134.0,10.0,370.0,-5.52,
720575940618428830,central,ALLN,0.0,0.0,23.647096824985155,224.0,19.0,275.0,12.0,499.0,-4.45,
720575940616331679,central,unknown,0.0,5.270502913870331e-09,23.90002169611057,43.0,4.0,26.0,2.0,69.0,-4.45,
720575940619870622,visual_projection,unknown,0.0,0.0,22.203235141003844,67.0,8.0,41.0,6.0,108.0,-4.32,
720575940654932385,central,unknown,0.0,8.886453412776907e-10,23.795509794961585,325.0,35.0,98.0,8.0,423.0,-4.24,
720575940618953126,central,unknown,0.0,0.0,23.574469424944144,13.0,2.0,0.0,0.0,13.0,-4.8,
720575940614463911,central,unknown,0.0,2.897747834653972e-07,24.747940007312963,100.0,10.0,65.0,7.0,165.0,-3.12,
720575940613743023,central,Kenyon_Cell,0.0,0.0,24.35851349195315,89.0,8.0,26.0,2.0,115.0,-3.47,
720575940612104627,central,Kenyon_Cell,0.0,0.0,24.70327179540063,162.0,9.0,23.0,1.0,185.0,-3.1,
720575940623638967,sensory,olfactory,0.0,2.857438495246743e-07,25.1665413901595,119.0,11.0,518.0,31.0,637.0,-0.0,
720575940615578043,descending,unknown,0.0,0.0,19.457836463247126,12.0,2.0,78.0,2.0,90.0,-4.23,
720575940638482877,central,unknown,0.0,0.0,22.40561213816657,179.0,16.0,43.0,2.0,222.0,-4.9,
720575940605551038,central,Kenyon_Cell,0.0,0.0,24.62193424289925,124.0,7.0,21.0,1.0,145.0,-3.18,
720575940630946245,central,unknown,0.0,5.702766031786482e-10,24.245619961279846,492.0,24.0,185.0,15.0,677.0,-4.58,
720575940643693000,central,unknown,0.0,1.5372395178661623e-08,24.594652235066444,471.0,22.0,176.0,20.0,647.0,-3.69,
720575940606009801,central,Kenyon_Cell,0.0,0.0,24.57747917302441,75.0,5.0,19.0,1.0,94.0,-3.06,
720575940625670602,sensory,olfactory,0.0,0.0,24.0,0.0,0.0,5.0,1.0,5.0,-0.0,
720575940622655949,central,unknown,0.0,1.6159566447878028e-10,24.564520579216897,98.0,12.0,51.0,7.0,149.0,-3.75,
720575940611285454,central,Kenyon_Cell,0.0,4.4426839006816823e-10,24.425524052567543,68.0,4.0,57.0,4.0,125.0,-3.84,
720575940614103505,central,unknown,0.0,0.0,24.509806234625824,49.0,7.0,105.0,7.0,154.0,-3.71,
720575940616987097,central,unknown,0.0,1.1573399067730554e-07,24.041531154564687,1448.0,70.0,420.0,33.0,1868.0,-4.22,
720575940636975582,sensory,olfactory,0.0,6.074324948291191e-10,25.12990124412669,37.0,5.0,144.0,11.0,181.0,-0.0,
720575940615184863,central,unknown,0.0,9.805265026643988e-09,23.46088443577128,611.0,39.0,581.0,33.0,1192.0,-5.24,
720575940619117039,sensory,olfactory,0.0,0.0,24.0,0.0,0.0,38.0,5.0,38.0,-0.0,
720575940652114422,central,unknown,0.0,5.1109085497301615e-08,24.567335733101988,341.0,29.0,107.0,13.0,448.0,-3.45,
720575940635566584,central,LHLN,0.0,0.0,24.63077296374113,122.0,14.0,67.0,10.0,189.0,-3.64,
720575940631077369,sensory,olfactory,0.0,0.0,24.0,0.0,0.0,11.0,2.0,11.0,-0.0,
720575940630356473,central,unknown,0.0,0.0,20.72384127681717,23.0,3.0,131.0,7.0,154.0,-5.06,
720575940630225403,central,ALLN,0.0,1.742874517891895e-07,24.6257718693198,1306.0,91.0,2096.0,130.0,3402.0,-3.6,
720575940618953217,central,unknown,0.0,2.4117224165811993e-09,24.667136362333373,52.0,6.0,17.0,3.0,69.0,-3.29,
720575940628914692,central,ALLN,0.0,1.0071491264690034e-06,24.82015777850846,978.0,95.0,1943.0,114.0,2921.0,-2.71,
720575940628455942,central,unknown,0.0001223323644659,2.354605353746899e-09,22.524631165996524,4398.0,107.0,3528.0,91.0,7926.0,-5.27,
720575940631208466,central,unknown,0.0,5.303537207905512e-10,24.27106883592875,155.0,15.0,54.0,5.0,209.0,-3.16,
720575940612661782,central,Kenyon_Cell,0.0,0.0,24.611760747721583,108.0,7.0,28.0,2.0,136.0,-3.25,
720575940626031132,sensory,olfactory,0.0,0.0,25.072346298824748,5.0,1.0,36.0,6.0,41.0,-0.0,
720575940604240416,central,unknown,0.0,0.0,24.06016059425644,50.0,7.0,87.0,9.0,137.0,-4.61,
720575940643398180,central,Kenyon_Cell,0.0,0.0,24.748198611101063,100.0,6.0,20.0,1.0,120.0,-3.17,
720575940624917031,sensory,olfactory,0.0,0.0,25.14186321473966,5.0,1.0,53.0,7.0,58.0,-0.0,
720575940630192682,central,Kenyon_Cell,0.0,0.0,24.3735445716024,81.0,5.0,43.0,2.0,124.0,-3.77,
720575940632388138,central,Kenyon_Cell,0.0,7.518969436500936e-10,24.378176757879245,57.0,3.0,56.0,4.0,113.0,-3.7,
720575940628226604,central,Kenyon_Cell,0.0,0.0,24.49637320018523,107.0,6.0,14.0,1.0,121.0,-3.5,
720575940625179184,central,unknown,0.0,0.0,21.5808116626498,7.0,1.0,0.0,0.0,7.0,-3.17,
720575940619608625,central,unknown,0.0,2.904028536361333e-07,21.150576768093863,88.0,10.0,24.0,4.0,112.0,-5.43,
720575940647952948,central,unknown,4.370431988065807e-07,2.597735009145728e-07,20.118565181779505,408.0,20.0,720.0,36.0,1128.0,-6.2,
720575940629832252,sensory,olfactory,0.0,0.0,24.0,0.0,0.0,26.0,3.0,26.0,-0.0,
720575940630716995,sensory,olfactory,0.0,0.0,24.0,0.0,0.0,24.0,3.0,24.0,-0.0,
720575940631765571,central,unknown,0.0,1.0403790343026675e-06,24.186890724619957,97.0,9.0,63.0,8.0,160.0,-3.43,
720575940628259407,central,ALPN,2.6487466594338224e-08,6.329971151927702e-07,24.56260350279372,129.0,18.0,486.0,50.0,615.0,-1.85,
720575940632715859,central,unknown,0.0,0.0,23.79276011820371,125.0,12.0,37.0,5.0,162.0,-4.82,
720575940619280981,central,unknown,0.0,0.0,24.184162288434976,82.0,10.0,33.0,3.0,115.0,-3.57,
720575940630618711,central,unknown,0.0,1.248062265111813e-08,24.55092141208856,345.0,29.0,175.0,16.0,520.0,-3.48,
720575940635697765,central,unknown,0.0,0.0,24.546408967558985,26.0,5.0,35.0,1.0,61.0,-4.02,
720575940635075179,central,Kenyon_Cell,0.0,0.0,24.394583484571168,67.0,7.0,32.0,1.0,99.0,-3.92,
720575940630094444,central,Kenyon_Cell,0.0,0.0,24.62833770400895,71.0,5.0,28.0,2.0,99.0,-3.42,
720575940621148781,sensory,olfactory,0.0,0.0,24.0,0.0,0.0,5.0,1.0,5.0,-0.0,
720575940619772525,central,ALPN,5.615342917999704e-06,8.466556009454103e-06,23.797731495123813,801.0,44.0,413.0,40.0,1214.0,-4.23,
720575940621804159,descending,unknown,0.0,2.2966170421867572e-08,20.922050370002708,635.0,33.0,83.0,4.0,718.0,-6.09,
720575940659323521,central,Kenyon_Cell,0.0,0.0,24.692731738483488,148.0,8.0,25.0,1.0,173.0,-2.81,
720575940608074370,central,unknown,0.0,5.1916021914156015e-09,23.190743809349595,1134.0,37.0,1335.0,82.0,2469.0,-5.28,
720575940615905931,central,unknown,0.0,2.8495611623552963e-08,23.77920728344712,1237.0,51.0,759.0,44.0,1996.0,-4.69,
720575940616462987,central,unknown,0.0,1.7218095144853126e-09,23.83939473320732,77.0,7.0,906.0,45.0,983.0,-4.16,
720575940614595218,central,MBON,0.0,6.449144998618082e-09,24.03416556075707,1289.0,104.0,1148.0,66.0,2437.0,-4.73,
720575940612498073,central,unknown,0.0,0.0,23.922651272128714,129.0,14.0,26.0,4.0,155.0,-5.15,
720575940613022367,central,unknown,0.0,0.0,23.732901062339653,196.0,16.0,39.0,3.0,235.0,-5.09,
720575940623180457,central,unknown,0.0,0.0,23.424355293227183,155.0,13.0,68.0,7.0,223.0,-6.22,
720575940621640363,central,unknown,0.0,1.229958556923527e-07,20.114818650392085,1331.0,61.0,938.0,33.0,2269.0,-5.99,
720575940619903664,sensory,olfactory,0.0,0.0,25.118557370430445,7.0,1.0,75.0,10.0,82.0,-0.0,
720575940620886704,sensory,olfactory,0.0,9.367009812764117e-08,25.11900007050625,24.0,3.0,143.0,9.0,167.0,-0.0,
720575940616790713,central,Kenyon_Cell,0.0,0.0,24.738387583893328,154.0,7.0,25.0,1.0,179.0,-3.07,
720575940634354367,central,unknown,0.0,0.0,23.67210067567514,54.0,4.0,0.0,0.0,54.0,-4.19,
720575940642022088,central,Kenyon_Cell,0.0,4.4426839006816823e-10,23.66663548138829,35.0,2.0,72.0,3.0,107.0,-4.78,
720575940606010057,central,unknown,0.0,0.0,21.648102143203324,99.0,12.0,261.0,9.0,360.0,-5.28,
720575940626457290,sensory,olfactory,0.0,0.0,24.0,0.0,0.0,36.0,2.0,36.0,-0.0,
720575940625539786,sensory,olfactory,0.0,0.0,25.10046757678928,16.0,3.0,45.0,3.0,61.0,-0.0,
720575940622590669,central,unknown,0.0,8.475109879992283e-09,24.718850563203453,165.0,14.0,69.0,9.0,234.0,-3.11,
720575940620624589,central,ALPN,0.0,0.0,24.01092917004623,73.0,6.0,0.0,0.0,73.0,-4.09,
720575940639695568,central,unknown,0.0,0.0,20.74496754522813,335.0,10.0,134.0,13.0,469.0,-6.25,
720575940630258391,central,LHLN,0.0,1.3761095260413982e-08,24.51912598849397,295.0,20.0,229.0,32.0,524.0,-3.28,
720575940619150040,sensory,olfactory,0.0,4.5178479972555093e-07,25.181163239808505,169.0,15.0,372.0,25.0,541.0,-0.0,
720575940612137690,central,unknown,0.0,0.0,24.377075874295976,121.0,16.0,58.0,7.0,179.0,-3.97,
720575940641039067,sensory,olfactory,0.0,0.0,25.133985460338582,41.0,6.0,94.0,7.0,135.0,-0.0,
720575940610990821,central,Kenyon_Cell,0.0,0.0,24.31350849664316,71.0,6.0,25.0,1.0,96.0,-3.66,
720575940637434601,central,Kenyon_Cell,0.0,0.0,24.623115301984217,117.0,8.0,28.0,1.0,145.0,-3.03,
720575940624589548,central,Kenyon_Cell,0.0,0.0,24.500084357034336,174.0,9.0,20.0,1.0,194.0,-3.68,
720575940621017840,central,Kenyon_Cell,0.0,0.0,24.684774307477912,93.0,6.0,17.0,1.0,110.0,-2.98,
720575940624425715,central,unknown,2.6487466594338224e-08,1.710199597127203e-07,22.384984991382165,239.0,20.0,112.0,8.0,351.0,-4.92,
720575940629439238,central,unknown,0.0,1.450267551450976e-08,24.51642646334628,216.0,22.0,185.0,15.0,401.0,-3.59,
720575940623901447,central,LHLN,0.0,3.237359575091726e-09,24.56077186143618,444.0,28.0,89.0,15.0,533.0,-3.14,
720575940626064138,sensory,olfactory,0.0,0.0,25.118557370430445,10.0,1.0,92.0,7.0,102.0,-0.0,
720575940609417995,descending,unknown,0.0,3.10688989800846e-07,21.054261075470468,212.0,17.0,55.0,6.0,267.0,-5.79,
720575940624851726,central,Kenyon_Cell,0.0,0.0,24.542844232951595,106.0,7.0,26.0,1.0,132.0,-3.57,
720575940622295832,central,Kenyon_Cell,0.0,0.0,24.682908208516007,178.0,10.0,37.0,2.0,215.0,-3.15,
720575940617839389,central,unknown,0.0,6.26267500697844e-07,22.334228878531828,206.0,17.0,34.0,5.0,240.0,-5.35,
720575940626916126,central,Kenyon_Cell,0.0,0.0,24.33358814410628,48.0,3.0,23.0,1.0,71.0,-4.02,
720575940604994336,central,unknown,0.0,9.957145516944364e-09,22.34967448734133,59.0,5.0,15.0,3.0,74.0,-3.87,
720575940625998629,central,unknown,0.0,0.0,23.253589248674903,33.0,4.0,16.0,3.0,49.0,-5.01,
720575940622230310,sensory,olfactory,0.0,5.226097227571294e-10,25.124282763210395,11.0,2.0,88.0,10.0,99.0,-0.0,
720575940623409959,central,Kenyon_Cell,0.0,0.0,24.674364014260608,98.0,6.0,24.0,1.0,122.0,-3.08,
720575940613481256,sensory,olfactory,0.0,0.0,24.0,0.0,0.0,38.0,4.0,38.0,-0.0,
720575940621804329,sensory,olfactory,0.0,0.0,25.118557370430445,9.0,1.0,177.0,12.0,186.0,-0.0,
720575940627964715,sensory,olfactory,0.0,6.34721267623496e-08,25.21916528977069,5.0,1.0,67.0,8.0,72.0,-0.0,
720575940631307053,central,Kenyon_Cell,0.0,0.0,24.450061599939826,83.0,6.0,20.0,1.0,103.0,-3.5,
720575940631143213,central,unknown,0.0,5.538140489912591e-10,24.29641375640853,253.0,17.0,90.0,12.0,343.0,-3.27,
720575940619477809,central,Kenyon_Cell,0.0,0.0,24.730169151393323,117.0,7.0,32.0,2.0,149.0,-3.11,
720575940613776179,central,Kenyon_Cell,0.0,1.0510899442197708e-10,24.34584673945032,67.0,6.0,49.0,4.0,116.0,-4.13,
720575940638778165,central,ALPN,0.0,3.1835897348964217e-11,24.38494608666576,542.0,50.0,635.0,53.0,1177.0,-3.61,
720575940627342138,central,unknown,0.0,3.8088304846761806e-10,24.13677547083608,39.0,4.0,25.0,4.0,64.0,-3.07,
720575940610073412,central,unknown,0.0,0.0,23.58924562174368,594.0,37.0,372.0,39.0,966.0,-4.75,
720575940617642832,central,ALPN,3.377151990778124e-06,8.460455368638605e-06,24.49025334078509,475.0,59.0,1308.0,103.0,1783.0,-1.96,
720575940618888016,central,unknown,0.0,0.0,23.16859550881244,58.0,5.0,0.0,0.0,58.0,-4.41,
720575940626719570,central,unknown,0.0,0.0,24.100532648405125,25.0,3.0,57.0,7.0,82.0,-3.67,
720575940637696858,central,unknown,0.0,1.4650650775773094e-09,24.350094539834654,126.0,12.0,88.0,10.0,214.0,-3.45,
720575940622099294,sensory,olfactory,0.0,0.0,25.11796218015096,32.0,5.0,85.0,7.0,117.0,-0.0,
720575940627604327,central,ALLN,1.9203413280895213e-05,2.744652793446096e-06,24.987682267216524,782.0,37.0,537.0,18.0,1319.0,-1.78,
720575940615021418,central,unknown,0.0,7.659127905415212e-08,24.52979336880712,227.0,23.0,86.0,11.0,313.0,-3.37,
720575940613940074,central,unknown,3.692352843250749e-05,4.1910548408763016e-11,20.24715581131578,743.0,34.0,723.0,21.0,1466.0,-5.72,
720575940634616687,central,unknown,0.0,1.6651351126365635e-07,21.778319804078485,39.0,7.0,129.0,9.0,168.0,-4.42,
720575940638155632,central,unknown,0.0,0.0,22.87226722222791,176.0,14.0,102.0,11.0,278.0,-5.28,
720575940612727665,central,unknown,0.0,9.89037104426615e-09,19.88264812943476,100.0,8.0,63.0,6.0,163.0,-5.82,
720575940619936639,central,Kenyon_Cell,0.0,0.0,24.30811903433056,45.0,4.0,30.0,1.0,75.0,-3.98,
720575940638974848,sensory,olfactory,0.0,4.5807216707852157e-08,25.102809040886537,20.0,3.0,149.0,10.0,169.0,-0.0,
720575940606010242,central,unknown,0.0,0.0,21.084021295904897,52.0,6.0,0.0,0.0,52.0,-4.99,
720575940626031493,central,Kenyon_Cell,0.0,0.0,24.579640016861195,109.0,7.0,25.0,1.0,134.0,-3.33,
720575940626883465,central,unknown,0.0,2.160071307929105e-08,23.723978774394013,156.0,11.0,68.0,6.0,224.0,-5.03,
720575940624491402,sensory,olfactory,0.0,0.0,25.118356174217737,33.0,4.0,218.0,16.0,251.0,-0.0,
720575940630258572,central,unknown,0.0,3.4165036064872453e-09,24.51224509692607,37.0,6.0,41.0,7.0,78.0,-3.47,
720575940627080079,central,ALPN,0.0,1.7882110172827547e-08,24.565239525668694,211.0,16.0,375.0,37.0,586.0,-3.38,
720575940624294800,central,unknown,0.0,0.0,24.343972350668484,27.0,3.0,34.0,4.0,61.0,-3.91,
720575940614726546,sensory,olfactory,0.0,0.0,24.0,0.0,0.0,50.0,3.0,50.0,-0.0,
720575940622820243,central,unknown,0.0,1.5744805452830727e-10,24.273950835237965,62.0,7.0,14.0,2.0,76.0,-3.2,
720575940625834900,central,Kenyon_Cell,0.0,3.243917301895026e-10,24.201413863182783,34.0,3.0,28.0,2.0,62.0,-3.76,
720575940633142170,central,Kenyon_Cell,0.0,0.0,24.68406612511712,66.0,5.0,20.0,1.0,86.0,-3.2,
720575940628390811,sensory,olfactory,0.0,0.0,25.085186960309336,22.0,4.0,68.0,8.0,90.0,-0.0,
720575940618953630,central,unknown,0.0,4.425193909808809e-08,24.74970021179597,48.0,8.0,21.0,3.0,69.0,-2.71,
720575940618331038,central,unknown,0.0,0.0,22.71323949087301,360.0,21.0,62.0,6.0,422.0,-5.41,
720575940644742048,central,Kenyon_Cell,0.0,0.0,24.30656183048221,67.0,5.0,39.0,2.0,106.0,-4.33,
720575940615283618,central,Kenyon_Cell,0.0,0.0,24.268836130624106,40.0,4.0,24.0,2.0,64.0,-4.21,
720575940612498346,central,unknown,0.0,1.1549171030138252e-08,22.204445527292663,173.0,14.0,216.0,14.0,389.0,-5.18,
720575940634026925,central,unknown,0.0,4.016067350580675e-07,22.52687862003853,273.0,16.0,160.0,11.0,433.0,-5.22,
720575940618855344,central,ALPN,0.0,1.4168248797332155e-09,24.67885421381313,80.0,9.0,743.0,32.0,823.0,-3.38,
720575940606796722,central,Kenyon_Cell,0.0,0.0,24.722564647722702,98.0,5.0,43.0,4.0,141.0,-2.92,
720575940611089331,central,unknown,0.0,0.0,20.87172715264599,50.0,5.0,66.0,2.0,116.0,-6.45,
720575940623147959,sensory,olfactory,0.0,0.0,25.07696416487119,5.0,1.0,50.0,4.0,55.0,-0.0,
720575940624917432,central,LHLN,0.0,3.960250323185919e-09,24.808319074356078,81.0,9.0,121.0,16.0,202.0,-2.74,
720575940623311804,central,unknown,0.0,0.0,24.03316502273315,61.0,9.0,6.0,1.0,67.0,-4.62,
720575940639892413,central,ALLN,0.0,6.906700210302423e-07,25.03839152804237,1596.0,67.0,796.0,26.0,2392.0,-1.3,
720575940604568521,central,ALLN,0.0,2.057490031866343e-09,24.59007227540253,26.0,4.0,161.0,17.0,187.0,-3.86,
720575940620952523,central,unknown,0.0,0.0,23.51238752671873,28.0,4.0,45.0,4.0,73.0,-4.74,
720575940610565070,central,unknown,0.0,0.0,22.9705962356975,84.0,11.0,183.0,15.0,267.0,-5.27,
720575940614104017,central,unknown,0.0,3.817680547183975e-09,23.976170351299228,86.0,12.0,39.0,5.0,125.0,-4.38,
720575940631143383,central,Kenyon_Cell,0.0,5.300792910367582e-09,23.86045765405457,39.0,4.0,76.0,5.0,115.0,-4.4,
720575940612203482,descending,unknown,0.0,1.4196465344591644e-07,20.88440565739699,394.0,21.0,15.0,2.0,409.0,-5.48,
720575940611351514,central,unknown,0.0,0.0,22.12991551909386,104.0,9.0,188.0,16.0,292.0,-5.78,
720575940622492637,sensory,olfactory,0.0,0.0,25.14186321473966,5.0,1.0,66.0,7.0,71.0,-0.0,
720575940603356128,sensory,olfactory,0.0,0.0,25.11817098851823,61.0,8.0,111.0,7.0,172.0,-0.0,
720575940620067823,central,unknown,0.0,0.0,23.659992004523847,49.0,6.0,81.0,7.0,130.0,-3.34,
720575940615513086,central,ALLN,9.800362639905145e-07,2.4703268879191363e-06,24.60340029328061,2624.0,117.0,2050.0,106.0,4674.0,-3.29,
720575940623901695,central,ALLN,1.3243733297169112e-08,4.773214615129117e-07,24.515922314677173,1585.0,134.0,1355.0,45.0,2940.0,-3.0,
720575940630160384,ascending,AN,2.3322214336314808e-05,1.2403749362069856e-06,21.779890954192812,176.0,11.0,1277.0,46.0,1453.0,-4.63,
720575940617479169,sensory,olfactory,0.0,0.0,25.107059041533372,13.0,2.0,75.0,8.0,88.0,-0.0,
720575940625146882,central,Kenyon_Cell,0.0,0.0,24.565611139774425,61.0,3.0,45.0,3.0,106.0,-3.64,
720575940627833860,central,unknown,0.0,5.448896569481963e-09,24.717805408962043,14.0,2.0,41.0,7.0,55.0,-2.97,
720575940629111814,central,ALLN,0.0,8.096055579307744e-08,24.48208600555616,639.0,63.0,1265.0,50.0,1904.0,-2.91,
720575940608336907,central,unknown,0.0,5.302965043503217e-09,23.289681293317248,212.0,19.0,43.0,6.0,255.0,-5.19,
720575940624983054,central,unknown,0.0,6.577862781991236e-08,22.90006064354828,434.0,39.0,194.0,14.0,628.0,-5.14,
720575940628882450,central,ALPN,0.0,1.7415894907463617e-08,24.066568773174097,178.0,11.0,272.0,36.0,450.0,-3.58,
720575940621378580,sensory,olfactory,0.0,2.613048613785647e-10,25.09764972047534,23.0,4.0,141.0,11.0,164.0,-0.0,
720575940644512791,sensory,olfactory,0.0,9.110651801030934e-10,25.12023694860721,103.0,10.0,208.0,18.0,311.0,-0.0,
720575940622656536,central,unknown,2.913621325377205e-07,5.625775379011993e-10,23.318550018125443,666.0,39.0,465.0,26.0,1131.0,-5.37,
720575940615808029,central,ALPN,4.767743986980881e-07,2.1355397485750133e-06,24.60645985122847,289.0,38.0,863.0,60.0,1152.0,-2.11,
720575940617479202,central,unknown,0.0,4.9601997367674575e-11,24.52439970441751,523.0,40.0,103.0,13.0,626.0,-3.52,
720575940626818085,central,unknown,3.155981644715399e-05,1.826629832023541e-06,20.659160964634307,872.0,34.0,196.0,4.0,1068.0,-5.98,
720575940614956072,central,ALLN,0.0005251471345659,4.505264812231276e-05,24.647131772973854,7802.0,248.0,10238.0,261.0,18040.0,-3.17,
720575940627211307,central,Kenyon_Cell,0.0,0.0,24.352459569298755,45.0,5.0,23.0,1.0,68.0,-3.9,
720575940616758322,central,ALLN,3.097709218207855e-05,6.518464843618232e-06,24.566579088600815,4746.0,220.0,4892.0,232.0,9638.0,-3.47,
720575940614562867,visual_projection,unknown,0.0,0.0,20.957576044447165,44.0,3.0,46.0,5.0,90.0,-5.63,
720575940618888246,central,unknown,0.0,1.0610973390666904e-07,23.24828384019772,403.0,25.0,35.0,3.0,438.0,-5.35,
720575940631503928,central,LHLN,0.0,7.72696908058912e-09,24.53794012297608,262.0,17.0,135.0,14.0,397.0,-3.34,
720575940628685884,central,Kenyon_Cell,0.0,0.0,24.434918136265456,80.0,5.0,42.0,2.0,122.0,-3.68,
720575940613973058,central,unknown,0.0,4.2449029639958245e-08,23.915886215420223,143.0,15.0,95.0,10.0,238.0,-4.49,
720575940614825026,central,Kenyon_Cell,0.0,0.0,24.299353824873368,66.0,5.0,22.0,1.0,88.0,-3.83,
720575940625376329,central,unknown,0.0,0.0,23.024220015151688,165.0,17.0,48.0,5.0,213.0,-4.75,
720575940639368270,central,unknown,0.0,0.0,24.425225485114314,132.0,12.0,121.0,9.0,253.0,-3.37,
720575940629963855,central,ALPN,0.0,2.8826424326325973e-08,24.61243518425934,414.0,54.0,1562.0,96.0,1976.0,-3.53,
720575940631962705,central,unknown,0.0,4.541209247052202e-09,24.583692637309664,240.0,22.0,201.0,17.0,441.0,-3.2,
720575940627768409,central,ALLN,0.0,1.0102196724539831e-08,25.046185148613542,122.0,18.0,1025.0,80.0,1147.0,-1.61,
720575940639073370,central,unknown,0.0,0.0,24.58862360255257,44.0,4.0,33.0,4.0,77.0,-2.89,
720575940620919905,central,unknown,0.0,1.3028934568694097e-08,23.141084237766897,429.0,23.0,331.0,19.0,760.0,-4.81,
720575940637664357,central,LHLN,0.0,2.667419517990552e-09,24.05864549852482,251.0,24.0,112.0,16.0,363.0,-3.91,
720575940604961894,central,Kenyon_Cell,0.0,0.0,24.573520653635185,94.0,7.0,25.0,2.0,119.0,-3.21,
720575940631798888,central,Kenyon_Cell,0.0,0.0,24.103697973249613,77.0,6.0,16.0,1.0,93.0,-3.73,
720575940629701737,central,unknown,4.237994655094116e-07,4.129000072537201e-06,21.53046230947619,1081.0,40.0,472.0,35.0,1553.0,-5.45,
720575940619084909,central,unknown,0.0,0.0,22.97737768769113,17.0,3.0,128.0,18.0,145.0,-4.81,
720575940616463477,central,MBON,0.0,4.158453068336554e-09,23.69162992382321,1805.0,230.0,968.0,45.0,2773.0,-4.14,
720575940635731063,central,LHLN,0.0,0.0,24.21191411473349,178.0,9.0,177.0,20.0,355.0,-3.46,
720575940618626171,central,unknown,0.0,0.0,23.60206291937656,116.0,11.0,122.0,15.0,238.0,-5.2,
720575940621870204,central,unknown,0.0,6.611239343262418e-09,22.251634152214105,51.0,8.0,73.0,7.0,124.0,-4.47,
720575940639859840,central,Kenyon_Cell,0.0,0.0,24.46027203141485,93.0,6.0,20.0,1.0,113.0,-3.67,
720575940626949253,central,unknown,0.0,0.0,22.34470484887252,124.0,15.0,66.0,5.0,190.0,-5.2,
720575940619445382,sensory,olfactory,0.0,0.0,25.118557370430445,10.0,1.0,46.0,6.0,56.0,-0.0,
720575940626883721,central,unknown,0.0,0.0,24.247736492414205,33.0,4.0,22.0,3.0,55.0,-3.38,
720575940616561803,central,unknown,0.0,2.0281367989539223e-11,24.482951355230007,741.0,58.0,108.0,15.0,849.0,-3.51,
720575940627211407,central,unknown,0.0,0.0,23.68373649624313,150.0,14.0,185.0,12.0,335.0,-4.22,
720575940617577617,central,unknown,0.0,0.0,21.607715722497048,71.0,7.0,11.0,2.0,82.0,-7.07,
720575940623377555,central,Kenyon_Cell,0.0,1.0109720074174895e-10,23.62370071134806,38.0,3.0,26.0,2.0,64.0,-4.01,
720575940633994391,central,unknown,0.0,1.4376737597594022e-08,24.021917800732872,178.0,13.0,111.0,14.0,289.0,-3.61,
720575940612465817,central,unknown,0.0,0.0,23.950802587521483,216.0,20.0,99.0,6.0,315.0,-4.5,
720575940633175196,sensory,olfactory,0.0,6.237525605064685e-10,25.09880715590253,58.0,6.0,138.0,8.0,196.0,-0.0,
720575940617249949,central,ALLN,0.0,2.2090751578637362e-08,24.63162838170765,108.0,11.0,651.0,43.0,759.0,-3.15,
720575940618691742,central,Kenyon_Cell,0.0,0.0,24.384399748193875,42.0,2.0,56.0,4.0,98.0,-3.47,
720575940613776543,central,Kenyon_Cell,0.0,7.082210319341769e-11,24.47944895310861,41.0,3.0,72.0,6.0,113.0,-3.43,
720575940642284704,sensory,olfactory,0.0,3.6812702603853165e-10,25.139525623174887,101.0,9.0,167.0,9.0,268.0,-0.0,
720575940613579943,central,ALPN,1.855447034933393e-05,1.2141228484854217e-06,24.937981735792498,2946.0,86.0,4029.0,220.0,6975.0,-1.46,
720575940612531370,central,unknown,0.0,8.7300228971154e-09,24.115870197135,1024.0,75.0,422.0,44.0,1446.0,-3.81,
720575940619674795,sensory,olfactory,0.0,0.0,25.094947757483403,11.0,2.0,53.0,6.0,64.0,-0.0,
720575940603520172,central,Kenyon_Cell,0.0,0.0,24.354107906607023,37.0,2.0,64.0,5.0,101.0,-4.2,
720575940612203699,central,unknown,0.0,0.0,24.827143028985738,58.0,4.0,13.0,2.0,71.0,-2.51,
720575940623344821,central,Kenyon_Cell,0.0,0.0,24.70569088771529,115.0,7.0,21.0,1.0,136.0,-2.91,
720575940624884920,central,Kenyon_Cell,0.0,0.0,24.66601523477497,75.0,5.0,16.0,1.0,91.0,-3.32,
720575940615185595,central,unknown,0.0,2.435086576717328e-08,21.92029968384252,332.0,28.0,171.0,11.0,503.0,-5.95,
720575940606108862,sensory,olfactory,0.0,0.0,25.122507598811325,12.0,2.0,47.0,4.0,59.0,-0.0,
720575940635468991,central,unknown,3.8274389228818735e-06,2.059588307795422e-06,24.54218793309984,2849.0,164.0,3374.0,290.0,6223.0,-3.39,
720575940620133568,sensory,olfactory,0.0,1.1698863506917843e-10,25.121708487170636,60.0,6.0,330.0,15.0,390.0,-0.0,
720575940610499779,central,unknown,0.0,0.0,23.135845384448377,221.0,15.0,113.0,8.0,334.0,-5.67,
720575940630979781,central,unknown,0.0,0.0,23.372850029231763,50.0,6.0,66.0,5.0,116.0,-4.07,
720575940630914245,central,unknown,0.0,0.0,22.843465691879604,797.0,45.0,790.0,50.0,1587.0,-5.57,
720575940644316360,sensory,olfactory,0.0,3.315800871991768e-09,25.1142046346144,24.0,3.0,24.0,3.0,48.0,-0.0,
720575940626818250,central,unknown,0.0,0.0,22.362355108062925,33.0,3.0,0.0,0.0,33.0,-5.04,
720575940619445451,central,unknown,0.0,4.6623097482878697e-11,24.307505361937128,407.0,25.0,112.0,16.0,519.0,-4.02,
720575940631930060,sensory,olfactory,0.0,0.0,24.0,0.0,0.0,93.0,6.0,93.0,-0.0,
720575940620952779,central,unknown,0.0,0.0,22.976993688964985,37.0,4.0,135.0,9.0,172.0,-4.2,
720575940611056846,sensory,olfactory,0.0,3.258523837537176e-08,25.135452788987426,67.0,8.0,187.0,11.0,254.0,-0.0,
720575940625343690,central,unknown,0.0,0.0,23.063387449874657,23.0,3.0,113.0,7.0,136.0,-4.63,
720575940619674840,sensory,olfactory,0.0,5.393770322918987e-11,25.14357191675953,60.0,6.0,54.0,6.0,114.0,-0.0,
720575940619445464,sensory,olfactory,0.0,0.0,24.89827895759934,10.0,2.0,111.0,10.0,121.0,-0.0,
720575940632356066,sensory,olfactory,0.0,0.0,25.176411650923043,27.0,4.0,92.0,5.0,119.0,-0.0,
720575940630848740,central,Kenyon_Cell,0.0,0.0,24.449047295355967,143.0,7.0,28.0,1.0,171.0,-3.66,
720575940613645541,central,unknown,0.0,6.730342773061577e-09,24.58719130073372,256.0,27.0,111.0,15.0,367.0,-3.37,
720575940621935850,central,Kenyon_Cell,0.0,0.0,24.799795421631703,51.0,6.0,24.0,2.0,75.0,-2.82,
720575940612072685,central,Kenyon_Cell,0.0,0.0,24.57395958230633,131.0,5.0,16.0,1.0,147.0,-3.28,
720575940621706480,central,LHLN,0.0,6.304060255202703e-09,24.72896273146256,456.0,31.0,226.0,22.0,682.0,-3.48,
720575940624786675,central,unknown,0.0,0.0,24.36351860694167,332.0,26.0,172.0,22.0,504.0,-3.85,
720575940628554999,central,Kenyon_Cell,0.0,0.0,24.04397025878149,43.0,3.0,26.0,2.0,69.0,-4.66,
720575940629275898,sensory,hygrosensory,0.0,8.458924003716962e-08,24.619700395734583,24.0,4.0,263.0,22.0,287.0,-3.66,
720575940631700731,central,unknown,0.0,3.3109333242922777e-10,21.864072563087944,489.0,37.0,58.0,8.0,547.0,-5.75,
720575940627932412,central,Kenyon_Cell,0.0,0.0,24.662104795879674,75.0,6.0,19.0,1.0,94.0,-2.99,
720575940630914304,central,unknown,8.290577044027865e-06,2.346406935966116e-09,23.695450950127835,1128.0,60.0,859.0,34.0,1987.0,-4.38,
720575940625671426,sensory,olfactory,0.0,1.8248985198016475e-10,25.0936164058688,11.0,2.0,55.0,2.0,66.0,-0.0,
720575940628358406,sensory,olfactory,0.0,2.613048613785647e-10,25.10276993610156,11.0,1.0,48.0,3.0,59.0,-0.0,
720575940628260106,central,unknown,0.0,0.0,23.505799841907148,148.0,20.0,86.0,7.0,234.0,-4.47,
720575940631274770,central,ALPN,8.330308243919372e-06,1.3703680880507468e-08,24.1324891943718,1014.0,47.0,2149.0,79.0,3163.0,-4.88,
720575940620231956,central,unknown,0.0,1.6195147328361311e-09,24.460618575501343,134.0,12.0,48.0,3.0,182.0,-3.41,
720575940618036509,central,Kenyon_Cell,0.0,0.0,24.43577466693937,41.0,3.0,23.0,3.0,64.0,-3.72,
720575940627014949,central,ALLN,0.0,6.304217707521109e-07,25.06270929327877,260.0,28.0,377.0,14.0,637.0,-1.11,
720575940628981036,sensory,olfactory,0.0,0.0,25.11067102926265,24.0,3.0,172.0,10.0,196.0,-0.0,
720575940639204661,central,LHLN,0.0,2.2026738405564863e-08,24.55273571743017,324.0,25.0,153.0,21.0,477.0,-3.12,
720575940631012664,sensory,olfactory,0.0,0.0,24.0,0.0,0.0,70.0,10.0,70.0,-0.0,
720575940630521145,central,Kenyon_Cell,0.0,0.0,24.50487374905581,55.0,5.0,23.0,1.0,78.0,-3.67,
720575940618593600,central,unknown,0.0,5.745654358858617e-11,24.062727154542102,407.0,31.0,134.0,13.0,541.0,-3.95,
720575940617577797,sensory,olfactory,0.0,8.755231719885806e-09,25.12967399893482,129.0,13.0,133.0,7.0,262.0,-0.0,
720575940617413957,central,unknown,0.0,0.0,22.249907929181205,129.0,9.0,83.0,11.0,212.0,-5.7,
720575940622132553,central,unknown,0.0,7.227650042364736e-08,22.074374848560662,135.0,9.0,346.0,14.0,481.0,-5.41,
720575940632651091,central,unknown,0.0,0.0,24.37149628687546,191.0,15.0,216.0,20.0,407.0,-3.33,
720575940639892824,central,LHLN,0.0,2.0594848557355962e-09,24.477691057017758,246.0,23.0,236.0,24.0,482.0,-3.83,
720575940639728984,central,Kenyon_Cell,0.0,1.4744740457465902e-09,24.082946786927398,57.0,3.0,52.0,3.0,109.0,-4.97,
720575940621542747,central,ALLN,0.0,1.235455132091254e-06,24.61151750916791,3232.0,155.0,3246.0,184.0,6478.0,-3.91,
720575940616955229,central,Kenyon_Cell,0.0,7.518969436500936e-10,24.4064946867173,43.0,4.0,56.0,4.0,99.0,-3.86,
720575940604700006,sensory,olfactory,0.0,2.613048613785647e-10,25.172542235982046,29.0,4.0,168.0,11.0,197.0,-0.0,
720575940630947176,sensory,olfactory,0.0,0.0,25.147408937991536,33.0,4.0,172.0,10.0,205.0,-0.0,
720575940615021930,central,unknown,0.0,0.0,24.588688946376568,115.0,14.0,22.0,3.0,137.0,-3.27,
720575940614792554,central,LHLN,0.0,5.190809989965818e-09,24.545166890922378,508.0,45.0,138.0,17.0,646.0,-3.69,
720575940612105586,sensory,olfactory,0.0,0.0,25.0883822082052,7.0,1.0,81.0,7.0,88.0,-0.0,
720575940612564338,sensory,olfactory,0.0,0.0,24.0,0.0,0.0,49.0,7.0,49.0,-0.0,
720575940634027383,central,unknown,0.0,3.5506593709965006e-10,21.327020620230403,109.0,8.0,55.0,4.0,164.0,-6.17,
720575940621673852,visual_projection,unknown,6.621866648584556e-08,5.94774166155311e-07,21.365645941936094,259.0,15.0,1415.0,61.0,1674.0,-5.82,
720575940626589053,sensory,olfactory,0.0,3.4612763345055437e-10,25.119568235641754,32.0,4.0,142.0,9.0,174.0,-0.0,
720575940606698882,sensory,olfactory,0.0,0.0,25.12800012402353,32.0,5.0,83.0,7.0,115.0,-0.0,
720575940625442192,sensory,olfactory,0.0,7.106603838485212e-08,25.119047238972147,21.0,3.0,75.0,8.0,96.0,-0.0,
720575940615611793,central,unknown,0.0,0.0,23.620339264562176,111.0,8.0,138.0,9.0,249.0,-4.87,
720575940613809554,central,ALPN,0.0,1.300132102600558e-07,24.568476490756535,273.0,32.0,673.0,65.0,946.0,-3.38,
720575940615677330,central,unknown,0.0,0.0,24.18659532681007,199.0,24.0,77.0,10.0,276.0,-4.52,
720575940614890902,central,Kenyon_Cell,0.0,0.0,24.094017627315665,38.0,4.0,37.0,2.0,75.0,-3.75,
720575940634224023,central,unknown,0.0,0.0,22.540584377536696,28.0,4.0,13.0,2.0,41.0,-4.55,
720575940625868184,sensory,hygrosensory,0.0,6.976501156858352e-08,24.484989098631203,39.0,7.0,143.0,14.0,182.0,-3.77,
720575940628391323,sensory,olfactory,0.0,0.0,25.10766757466375,41.0,5.0,83.0,6.0,124.0,-0.0,
720575940629144987,central,unknown,1.5892479956602933e-07,8.621782319206606e-08,23.84280051929906,721.0,52.0,583.0,40.0,1304.0,-4.63,
720575940644709792,central,unknown,0.0,1.4072642281742694e-08,24.46647751882493,234.0,21.0,122.0,12.0,356.0,-3.39,
720575940653295009,sensory,olfactory,0.0,0.0,25.09573264408889,29.0,4.0,177.0,11.0,206.0,-0.0,
720575940613449122,central,unknown,0.0,0.0,22.949039491554466,28.0,4.0,16.0,1.0,44.0,-4.81,
720575940632389028,central,unknown,0.0,6.278437865889954e-08,24.374383166007373,304.0,31.0,220.0,26.0,524.0,-3.69,
720575940622067113,central,Kenyon_Cell,0.0,0.0,24.39594345491012,52.0,4.0,33.0,2.0,85.0,-3.29,
720575940636878254,sensory,thermosensory,9.800362639905145e-07,8.788532210889876e-07,24.662201399534418,336.0,19.0,754.0,42.0,1090.0,-3.28,
720575940619675056,sensory,olfactory,0.0,6.922552669011087e-10,25.0995988805858,40.0,5.0,122.0,8.0,162.0,-0.0,
720575940621051312,central,Kenyon_Cell,0.0,0.0,24.668866605502515,85.0,7.0,27.0,1.0,112.0,-2.95,
720575940620723638,central,unknown,0.0,2.7591111035768976e-10,21.748220232651704,35.0,3.0,163.0,18.0,198.0,-5.88,
720575940619838912,central,ALPN,1.4965418625801096e-06,2.198817200456681e-07,24.730391653815985,418.0,44.0,1382.0,107.0,1800.0,-2.51,
720575940619445696,central,unknown,0.0,0.0,22.796033444971552,20.0,2.0,0.0,0.0,20.0,-3.38,
720575940643956168,central,unknown,0.0,0.0,24.24854081641431,101.0,11.0,17.0,2.0,118.0,-3.6,
720575940607878601,central,unknown,0.0,0.0,22.72023937837678,135.0,8.0,0.0,0.0,135.0,-5.47,
720575940625901002,central,Kenyon_Cell,0.0,0.0,24.592122439155517,106.0,7.0,14.0,1.0,120.0,-3.17,
720575940627146186,central,unknown,0.0,1.528543805002476e-08,21.988637594966967,477.0,28.0,79.0,12.0,556.0,-5.38,
720575940611352014,central,ALPN,0.0,1.0614653209805271e-06,24.161874836676997,1861.0,138.0,4454.0,284.0,6315.0,-4.27,
720575940630914511,central,unknown,2.6487466594338224e-08,9.372122200161982e-09,23.444706212267885,679.0,43.0,398.0,37.0,1077.0,-5.25,
720575940639139280,central,unknown,0.0,0.0,23.55657986871074,22.0,4.0,0.0,0.0,22.0,-3.79,
720575940630193628,central,Kenyon_Cell,0.0,0.0,24.77530241235024,153.0,9.0,28.0,2.0,181.0,-3.02,
720575940637599204,central,unknown,0.0,0.0,23.759063036108746,181.0,14.0,155.0,12.0,336.0,-4.47,
720575940622624234,sensory,olfactory,0.0,0.0,25.117387441140803,26.0,5.0,60.0,8.0,86.0,-0.0,
720575940620887536,ascending,AN,1.7216853286319845e-07,3.146274708439699e-07,22.520902299343103,264.0,14.0,875.0,52.0,1139.0,-5.5,
720575940621739508,central,unknown,0.0,0.0,24.08559089663988,193.0,17.0,94.0,8.0,287.0,-3.83,
720575940652115446,central,unknown,1.2952371164631393e-05,7.141970967281319e-08,23.79463337981003,936.0,58.0,977.0,36.0,1913.0,-4.56,
720575940630062587,sensory,olfactory,0.0,0.0,24.0,0.0,0.0,80.0,12.0,80.0,-0.0,
720575940624328200,central,LHLN,0.0,1.902178778259679e-09,24.44008020582647,204.0,19.0,220.0,23.0,424.0,-3.28,
720575940627441169,central,Kenyon_Cell,0.0,0.0,24.683700107633573,76.0,7.0,33.0,3.0,109.0,-3.15,
720575940628358675,central,unknown,0.0,0.0,23.678328418111384,389.0,28.0,310.0,16.0,699.0,-4.43,
720575940622263832,central,Kenyon_Cell,0.0,0.0,24.47237855872337,66.0,5.0,39.0,2.0,105.0,-3.43,
720575940633372185,central,ALLN,0.0,5.656394509533965e-07,23.9640327788963,180.0,16.0,712.0,39.0,892.0,-4.09,
720575940618036765,central,Kenyon_Cell,0.0,0.0,24.355194908903265,57.0,4.0,25.0,1.0,82.0,-3.43,
720575940620822049,sensory,olfactory,0.0,0.0,25.117056128634925,39.0,6.0,42.0,4.0,81.0,-0.0,
720575940618757666,central,ALLN,0.00055783929021,2.452003941396852e-05,24.745466043034583,7456.0,272.0,4433.0,141.0,11889.0,-2.95,
720575940645824035,sensory,olfactory,0.0,8.179709769665566e-09,25.13803057437566,121.0,11.0,168.0,11.0,289.0,-0.0,
720575940621280801,central,Kenyon_Cell,0.0,0.0,24.6474348700303,127.0,8.0,38.0,2.0,165.0,-3.32,
720575940625212965,central,unknown,0.0,4.200341907831978e-08,23.59855404628639,2117.0,52.0,1093.0,57.0,3210.0,-5.44,
720575940644644387,central,Kenyon_Cell,0.0,3.7906276011976156e-10,24.20845456146972,46.0,5.0,54.0,5.0,100.0,-4.37,
720575940631930415,sensory,olfactory,0.0,0.0,24.0,0.0,0.0,39.0,4.0,39.0,-0.0,
720575940625507888,central,Kenyon_Cell,0.0,8.337899576319656e-10,23.99688322085611,30.0,2.0,48.0,5.0,78.0,-3.91,
720575940619511345,central,unknown,0.0,8.487228090578122e-09,24.31426892979244,208.0,15.0,106.0,10.0,314.0,-3.41,
720575940632913461,sensory,thermosensory,0.0,6.291568126026056e-09,24.657640443408,231.0,14.0,364.0,27.0,595.0,-3.35,
720575940608501316,central,unknown,0.0,2.728274305675631e-07,23.646016218374506,192.0,18.0,191.0,13.0,383.0,-4.14,
720575940639368782,central,unknown,0.0,0.0,23.26677185886564,96.0,11.0,6.0,1.0,102.0,-5.73,
720575940628620879,central,unknown,0.0,8.240896663785872e-09,24.32488637050529,110.0,12.0,100.0,11.0,210.0,-3.27,
720575940619576912,sensory,olfactory,0.0,1.1285276821916174e-08,25.1088715580134,13.0,2.0,41.0,5.0,54.0,-0.0,
720575940627048018,sensory,olfactory,0.0,0.0,24.0,0.0,0.0,58.0,7.0,58.0,-0.0,
720575940638910040,central,unknown,0.0,1.438070244292233e-06,22.10846924302991,463.0,33.0,372.0,21.0,835.0,-4.85,
720575940625802841,visual_projection,unknown,0.0,1.5704319014123343e-09,21.518932665238623,125.0,12.0,154.0,13.0,279.0,-4.86,
720575940638844504,central,ALLN,0.0,0.0,24.782121752696867,6.0,1.0,68.0,9.0,74.0,-3.69,
720575940623050334,central,unknown,3.8406826561790427e-07,1.533204348976498e-07,22.53959537438964,1815.0,103.0,717.0,50.0,2532.0,-5.33,
720575940634715743,central,ALPN,0.0,1.2585589802583388e-07,24.78058053925739,181.0,19.0,183.0,18.0,364.0,-2.71,
720575940622722659,central,unknown,0.0,6.291929072027218e-09,21.497805546152392,653.0,48.0,292.0,19.0,945.0,-5.31,
720575940631078504,central,unknown,0.0,7.193636453863694e-09,20.36369791165667,191.0,5.0,95.0,6.0,286.0,-6.11,
720575940614792810,central,LHLN,0.0,8.910055908453214e-08,24.699931437154344,204.0,16.0,135.0,12.0,339.0,-3.2,
720575940635960943,central,unknown,1.4568106626886024e-07,3.5524893695398476e-09,23.534126378600373,450.0,30.0,292.0,18.0,742.0,-4.93,
720575940621149812,central,Kenyon_Cell,0.0,0.0,24.282063548318988,54.0,4.0,31.0,1.0,85.0,-3.74,
720575940614661749,central,unknown,0.0,0.0,22.97304887572289,118.0,10.0,110.0,9.0,228.0,-4.63,
720575940614694517,central,unknown,0.0,0.0,22.723182548937064,285.0,19.0,13.0,2.0,298.0,-5.23,
720575940649428601,sensory,olfactory,0.0,0.0,25.138778056608945,5.0,1.0,10.0,2.0,15.0,-0.0,
720575940621674108,sensory,olfactory,0.0,1.8248985198016475e-10,25.072346298824748,5.0,1.0,83.0,3.0,88.0,-0.0,
720575940660176513,central,unknown,0.0,0.0,24.565707346907963,127.0,14.0,70.0,7.0,197.0,-3.65,
720575940616627851,central,Kenyon_Cell,0.0,0.0,24.71293357328689,147.0,5.0,32.0,2.0,179.0,-2.84,
720575940626851471,sensory,olfactory,0.0,0.0,25.129020941707623,40.0,6.0,184.0,11.0,224.0,-0.0,
720575940611745429,central,unknown,0.0,2.991199402731051e-10,23.5245708914366,2386.0,53.0,1419.0,77.0,3805.0,-5.56,
720575940614825622,central,Kenyon_Cell,0.0,0.0,24.652242809200885,105.0,5.0,22.0,2.0,127.0,-3.24,
720575940633798295,central,LHLN,0.0,8.554963884594432e-09,24.62467882490424,264.0,20.0,98.0,9.0,362.0,-3.12,
720575940612499097,central,LHLN,0.0,3.483785228764438e-09,24.64654541272691,233.0,24.0,256.0,31.0,489.0,-3.19,
720575940617807517,central,Kenyon_Cell,0.0,0.0,24.4880874329402,81.0,6.0,25.0,2.0,106.0,-3.16,
720575940618135198,central,unknown,0.0,0.0,21.47936093560505,17.0,3.0,67.0,6.0,84.0,-3.43,
720575940643497632,central,Kenyon_Cell,0.0,0.0,23.983082318807035,27.0,2.0,57.0,2.0,84.0,-4.3,
720575940655589025,central,unknown,0.0,0.0,24.31811623702772,8.0,1.0,8.0,1.0,16.0,-3.03,
720575940642383520,central,Kenyon_Cell,0.0,0.0,24.068763420036014,53.0,4.0,17.0,1.0,70.0,-4.38,
720575940619937445,central,ALLN,0.0,4.459068492656782e-08,23.93769967853325,112.0,14.0,234.0,18.0,346.0,-3.82,
720575940620068518,central,ALPN,6.078873583400623e-06,3.467781913290727e-06,24.893184555228867,437.0,46.0,1363.0,111.0,1800.0,-2.11,
720575940620986022,central,unknown,0.0,2.0754756717293608e-09,22.733809247710937,211.0,23.0,487.0,34.0,698.0,-4.17,
720575940621444777,central,Kenyon_Cell,0.0,0.0,24.76767754957131,81.0,5.0,21.0,1.0,102.0,-2.96,
720575940631275181,central,ALLN,1.8859076215168816e-05,1.7475121622593375e-08,23.82519034149553,494.0,22.0,784.0,12.0,1278.0,-4.44,
720575940605028017,central,unknown,0.0,1.6041283870022886e-09,22.177241601643743,236.0,10.0,389.0,18.0,625.0,-5.43,
720575940607059634,sensory,olfactory,0.0,0.0,25.14186321473966,5.0,1.0,31.0,4.0,36.0,-0.0,
720575940605060798,central,Kenyon_Cell,0.0,0.0,24.771345733013376,136.0,6.0,18.0,1.0,154.0,-2.94,
720575940643104456,central,unknown,0.0,0.0,24.249683351631298,60.0,7.0,74.0,10.0,134.0,-4.01,
720575940606731977,central,unknown,0.0,0.0,22.46856540228409,97.0,9.0,40.0,4.0,137.0,-5.09,
720575940612433614,central,ALPN,0.0,2.2072888828615184e-10,24.84814380360299,92.0,7.0,332.0,29.0,424.0,-3.1,
720575940632094415,central,ALLN,0.0,2.6794414680884233e-08,24.336575937221458,160.0,14.0,121.0,13.0,281.0,-3.8,
720575940640646864,central,Kenyon_Cell,0.0,0.0,24.615549346737488,141.0,9.0,29.0,1.0,170.0,-3.03,
720575940632815315,ascending,AN,2.251434660518749e-07,3.905549167671212e-07,22.70438143621628,207.0,10.0,734.0,43.0,941.0,-5.21,
720575940622558941,central,Kenyon_Cell,0.0,0.0,24.517173867817156,94.0,7.0,20.0,1.0,114.0,-3.28,
720575940637009636,central,ALPN,5.562367984811027e-06,3.019453634588429e-07,24.74244450567578,439.0,42.0,1716.0,122.0,2155.0,-2.34,
720575940618594022,descending,unknown,2.3693038868635542e-05,3.8752787816557526e-06,21.908722769949268,986.0,53.0,375.0,20.0,1361.0,-5.62,
720575940623607527,sensory,olfactory,0.0,1.3341545820025372e-09,25.10882070234826,93.0,10.0,236.0,20.0,329.0,-0.0,
720575940624066279,sensory,olfactory,0.0,0.0,24.0,0.0,0.0,60.0,4.0,60.0,-0.0,
720575940624951020,sensory,olfactory,0.0,0.0,25.10467050175185,25.0,3.0,118.0,10.0,143.0,-0.0,
720575940622919411,central,unknown,0.0,7.193636453863694e-09,20.54778846334769,184.0,9.0,63.0,2.0,247.0,-6.05,
720575940629669623,central,unknown,0.0,2.837743819632864e-08,24.67529796658532,102.0,11.0,116.0,16.0,218.0,-3.01,
720575940629735163,central,Kenyon_Cell,0.0,0.0,24.415586362053684,40.0,2.0,34.0,2.0,74.0,-3.79,
720575940629178108,sensory,olfactory,0.0,6.074324948291191e-10,25.114766591298583,46.0,5.0,242.0,18.0,288.0,-0.0,
720575940630488827,central,Kenyon_Cell,0.0,0.0,24.10741622619817,37.0,2.0,33.0,2.0,70.0,-4.57,
720575940627343108,central,Kenyon_Cell,0.0,0.0,24.743736556723405,98.0,8.0,24.0,1.0,122.0,-2.98,
720575940627572484,central,unknown,0.0,5.3619715938205256e-08,22.14181964692709,390.0,23.0,361.0,16.0,751.0,-5.08,
720575940623902471,central,ALPN,1.1561779168428637e-05,2.021121965819822e-06,24.82338288493569,772.0,69.0,910.0,78.0,1682.0,-1.5,
720575940623509256,sensory,olfactory,0.0,6.11155405265778e-08,25.14186321473966,7.0,1.0,50.0,6.0,57.0,-0.0,
720575940626065162,central,unknown,0.0,0.0,23.834161484929165,86.0,9.0,76.0,7.0,162.0,-4.62,
720575940616824588,central,ALPN,5.972923717023269e-06,1.3001981139893155e-06,24.85839813440865,1489.0,91.0,2706.0,180.0,4195.0,-1.99,
720575940624361230,central,ALLN,0.0,6.8477782490808435e-09,24.60311994872769,112.0,8.0,180.0,18.0,292.0,-3.82,
720575940619314964,sensory,olfactory,0.0,3.4612763345055437e-10,25.113390146684495,40.0,5.0,143.0,10.0,183.0,-0.0,
720575940627638037,central,unknown,0.0,5.297558776700852e-09,23.65944527604058,1780.0,101.0,1664.0,98.0,3444.0,-4.67,
720575940626949909,central,Kenyon_Cell,0.0,0.0,24.73523593686,159.0,8.0,22.0,1.0,181.0,-3.04,
720575940612794134,central,unknown,0.0,3.63216125780609e-09,24.0195838127394,485.0,37.0,131.0,15.0,616.0,-4.75,
720575940626949918,central,unknown,0.0,2.8190861853588573e-09,24.145855382045745,124.0,16.0,170.0,20.0,294.0,-4.34,
720575940632192799,sensory,olfactory,0.0,0.0,25.114820703325247,42.0,5.0,349.0,15.0,391.0,-0.0,
720575940645431075,sensory,olfactory,0.0,0.0,25.10914773857064,96.0,10.0,160.0,12.0,256.0,-0.0,
720575940646250275,central,Kenyon_Cell,0.0,0.0,24.56806495262945,154.0,8.0,27.0,1.0,181.0,-3.35,
720575940621870886,central,unknown,0.0,0.0,22.901181375045105,103.0,9.0,71.0,7.0,174.0,-4.55,
720575940630914858,central,ALPN,1.3627801562787016e-05,2.150569123778569e-06,24.938985895104345,2516.0,85.0,3956.0,218.0,6472.0,-1.62,
720575940617381681,central,ALPN,0.0,0.0,24.133779311287945,12.0,1.0,301.0,19.0,313.0,-3.91,
720575940617021234,central,ALLN,0.0,2.734212428033572e-10,24.196989445082323,542.0,42.0,787.0,37.0,1329.0,-4.0,
720575940626163518,central,LHLN,0.0,2.945656094450824e-09,24.65285445758284,160.0,16.0,118.0,15.0,278.0,-3.02,
720575940619675456,central,unknown,0.0,6.578042650850553e-08,23.896063284954774,737.0,46.0,960.0,78.0,1697.0,-4.4,
720575940614793026,central,Kenyon_Cell,0.0,0.0,24.622361466487025,102.0,8.0,24.0,1.0,126.0,-3.22,
720575940611090244,central,LHCENT,0.0,8.666538159495628e-08,23.781827147466988,1240.0,73.0,2687.0,230.0,3927.0,-4.59,
720575940626425682,central,unknown,0.0,4.914443159608393e-09,22.782638897414284,188.0,17.0,138.0,7.0,326.0,-4.41,
720575940633831264,central,ALLN,0.0,1.612015859727553e-07,23.087047917602185,302.0,23.0,482.0,25.0,784.0,-4.39,
720575940621018977,central,unknown,0.0,9.603829279890852e-10,23.29329862127447,1188.0,73.0,1283.0,64.0,2471.0,-5.35,
720575940604274534,central,unknown,0.0,0.0,24.479453182370065,45.0,6.0,89.0,13.0,134.0,-3.61,
720575940619904877,central,unknown,0.0,0.0,24.624715115544152,40.0,6.0,26.0,1.0,66.0,-3.67,
720575940637402995,central,Kenyon_Cell,0.0,0.0,24.610711950727563,139.0,5.0,29.0,2.0,168.0,-3.16,
720575940649133945,central,ALPN,0.0,1.129264173568302e-08,23.18321463039895,58.0,5.0,465.0,44.0,523.0,-4.63,
720575940629047162,central,unknown,0.0,0.0,21.90374034436724,75.0,7.0,30.0,4.0,105.0,-5.18,
720575940618561403,central,ALLN,0.0,2.618780726070053e-07,24.67179235511206,3336.0,136.0,3174.0,149.0,6510.0,-3.77,
720575940605421442,central,ALPN,0.0,3.601583721491399e-08,25.02812906817185,186.0,19.0,151.0,20.0,337.0,-1.7,
720575940622198664,sensory,olfactory,0.0,0.0,24.0,0.0,0.0,96.0,13.0,96.0,-0.0,
720575940631865228,central,unknown,2.2593809004970503e-05,1.569306439890857e-07,21.06834843850673,469.0,23.0,288.0,12.0,757.0,-5.94,
720575940626982799,central,LHCENT,0.0,1.1191887293382348e-10,24.400246792875667,430.0,25.0,579.0,40.0,1009.0,-3.6,
720575940622526355,sensory,olfactory,0.0,6.074324948291191e-10,25.10928770124025,33.0,4.0,126.0,12.0,159.0,-0.0,
720575940626524056,central,unknown,0.0,0.0,21.370228556061576,213.0,13.0,258.0,12.0,471.0,-6.43,
720575940612532121,central,LHLN,0.0,6.237491568027637e-10,24.52166254910428,268.0,16.0,285.0,28.0,553.0,-3.28,
720575940621182889,sensory,olfactory,0.0,0.0,25.108430745814054,80.0,7.0,191.0,11.0,271.0,-0.0,
720575940636551086,central,Kenyon_Cell,0.0,0.0,24.62669590432044,109.0,9.0,18.0,1.0,127.0,-3.17,
720575940634781620,sensory,hygrosensory,0.0,0.0,24.650548655776653,247.0,21.0,296.0,25.0,543.0,-3.59,
720575940623476661,sensory,hygrosensory,0.0,0.0,24.63207338355674,274.0,26.0,466.0,31.0,740.0,-3.81,
720575940622428087,central,Kenyon_Cell,0.0,0.0,24.09219784300388,54.0,4.0,49.0,3.0,103.0,-4.46,
720575940625049527,central,unknown,0.0,0.0,23.48748371464523,144.0,10.0,56.0,8.0,200.0,-5.35,
720575940617480121,central,unknown,0.0,1.0227082448958888e-09,24.715571797576946,53.0,6.0,87.0,10.0,140.0,-3.2,
720575940627244986,central,ALPN,0.0,2.48653117382514e-08,24.864941820722184,266.0,22.0,291.0,29.0,557.0,-2.87,
720575940623771580,sensory,olfactory,0.0,0.0,25.13905356948809,28.0,3.0,113.0,9.0,141.0,-0.0,
720575940633569215,central,Kenyon_Cell,0.0,0.0,24.45084469325697,114.0,6.0,38.0,3.0,152.0,-3.22,
720575940605290441,central,Kenyon_Cell,0.0,0.0,24.59476374222384,73.0,6.0,30.0,1.0,103.0,-3.35,
720575940625672138,central,LHLN,0.0,6.746200937844967e-10,24.484715482522738,73.0,4.0,47.0,6.0,120.0,-2.64,
720575940631930828,central,ALPN,1.1296904502485251e-05,1.0939839138920584e-05,24.48435758163981,1529.0,111.0,3248.0,201.0,4777.0,-2.43,
720575940611286990,central,Kenyon_Cell,0.0,0.0,24.353690995704,77.0,5.0,14.0,1.0,91.0,-3.46,
720575940639434704,sensory,olfactory,0.0,0.0,25.118557370430445,5.0,1.0,65.0,7.0,70.0,-0.0,
720575940614137809,central,unknown,1.5164074625258634e-05,2.157477040286378e-06,24.491022807380567,3894.0,207.0,4458.0,317.0,8352.0,-3.43,
720575940640745424,central,unknown,0.0,0.0,24.509307783616222,106.0,10.0,138.0,14.0,244.0,-3.68,
720575940631406547,central,Kenyon_Cell,0.0,0.0,24.409866092486396,62.0,5.0,15.0,1.0,77.0,-3.49,
720575940639172560,central,Kenyon_Cell,0.0,0.0,24.22124685933423,39.0,4.0,31.0,1.0,70.0,-4.06,
720575940622165974,central,unknown,0.0,2.4215310240065732e-08,23.67550907902039,403.0,32.0,115.0,13.0,518.0,-4.36,
720575940630292439,central,unknown,0.0,2.4838403487876955e-08,24.381308335458456,280.0,21.0,67.0,10.0,347.0,-3.24,
720575940620625880,descending,unknown,0.0,8.337899576319654e-10,21.85184423168429,65.0,7.0,5.0,1.0,70.0,-4.74,
720575940613253091,central,LHLN,0.0,2.7335700632777298e-08,24.25595800574417,188.0,16.0,188.0,19.0,376.0,-3.36,
720575940639172585,visual_centrifugal,unknown,1.1257173302593745e-06,0.0,19.284830381769865,181.0,11.0,426.0,14.0,607.0,-6.11,
720575940620101614,sensory,olfactory,0.0,0.0,24.0,0.0,0.0,57.0,9.0,57.0,-0.0,
720575940621019120,sensory,olfactory,0.0,1.445996699041948e-09,25.14490849343663,26.0,4.0,66.0,6.0,92.0,-0.0,
720575940629669879,central,Kenyon_Cell,0.0,0.0,24.65541243392485,146.0,6.0,30.0,1.0,176.0,-3.31,
720575940628817914,central,Kenyon_Cell,0.0,0.0,24.466348176662443,55.0,4.0,22.0,1.0,77.0,-3.51,
720575940620920831,central,ALPN,0.0,0.0,23.975731532061022,88.0,12.0,68.0,8.0,156.0,-4.91,
720575940628621316,sensory,olfactory,0.0,3.6544318327804798e-09,25.142439560367865,95.0,8.0,157.0,11.0,252.0,-0.0,
720575940620429317,central,Kenyon_Cell,0.0,0.0,24.263144024601832,53.0,6.0,43.0,2.0,96.0,-3.67,
720575940627572742,central,Kenyon_Cell,0.0,0.0,24.62942942601048,105.0,7.0,25.0,2.0,130.0,-3.27,
720575940622428167,central,unknown,0.0,0.0,24.48000805520902,225.0,23.0,69.0,7.0,294.0,-3.7,
720575940623902727,central,unknown,0.0,0.0,24.700482016935297,166.0,18.0,98.0,10.0,264.0,-3.15,
720575940628326417,central,ALLN,0.0,2.3539851305694757e-07,24.799159060435024,40.0,6.0,378.0,34.0,418.0,-2.91,
720575940626917393,central,ALPN,0.0,1.8674906264945474e-09,24.6599971367819,45.0,5.0,131.0,15.0,176.0,-3.15,
720575940627343377,central,Kenyon_Cell,0.0,0.0,24.698192590521188,134.0,8.0,28.0,1.0,162.0,-3.03,
720575940620199962,central,ALPN,4.569087987523343e-06,7.583751663513154e-06,24.542234112901664,440.0,52.0,1546.0,126.0,1986.0,-2.07,
720575940632193055,sensory,olfactory,0.0,0.0,25.13614588219001,18.0,3.0,64.0,6.0,82.0,-0.0,
720575940644448292,central,Kenyon_Cell,0.0,0.0,24.598801307248404,127.0,9.0,27.0,1.0,154.0,-3.05,
720575940624853031,central,unknown,8.608426643159923e-07,7.642186908258605e-07,24.28757464783521,1234.0,71.0,471.0,35.0,1705.0,-3.72,
720575940628588587,central,unknown,0.0,0.0,24.61432837052899,323.0,33.0,64.0,8.0,387.0,-3.28,
720575940625541168,central,Kenyon_Cell,0.0,0.0,24.75950251408721,129.0,8.0,33.0,2.0,162.0,-2.95,
720575940616398898,sensory,olfactory,0.0,0.0,25.11780823103217,50.0,7.0,76.0,6.0,126.0,-0.0,
720575940613613619,central,ALPN,0.0,1.6360593843127403e-08,24.30645754243675,66.0,5.0,166.0,13.0,232.0,-3.96,
720575940632389688,sensory,olfactory,0.0,0.0,24.0,0.0,0.0,41.0,6.0,41.0,-0.0,
720575940631603256,central,unknown,0.0,0.0,22.99669079358777,469.0,39.0,287.0,24.0,756.0,-5.85,
720575940636256319,central,unknown,0.0,1.4157323365567146e-08,24.15897275043553,166.0,10.0,47.0,5.0,213.0,-3.4,
720575940620822593,central,Kenyon_Cell,0.0,3.7906276011976156e-10,23.96234405547311,26.0,2.0,28.0,2.0,54.0,-4.37,
720575940615448642,central,unknown,0.0,5.409263850392792e-08,24.617227310628117,292.0,28.0,199.0,17.0,491.0,-3.19,
720575940619937872,central,unknown,0.0,0.0,23.60160647412394,90.0,8.0,63.0,4.0,153.0,-4.03,
720575940631406673,sensory,olfactory,0.0,0.0,24.0,0.0,0.0,84.0,13.0,84.0,-0.0,
720575940631603281,central,ALLN,0.0,4.266249259550354e-07,24.644356030557866,3187.0,142.0,3326.0,151.0,6513.0,-4.02,
720575940631275601,central,unknown,0.0,4.238032612411533e-09,22.58164171210385,200.0,10.0,596.0,37.0,796.0,-5.19,
720575940634617952,descending,unknown,0.0,6.246478670936945e-08,20.545682051557662,100.0,8.0,90.0,8.0,190.0,-5.25,
720575940610762850,central,LHLN,0.0,0.0,24.712369242157244,266.0,18.0,106.0,9.0,372.0,-3.22,
720575940616169578,central,ALLN,2.296463353729124e-05,0.0001228604459413,24.795237561571312,7050.0,536.0,4368.0,256.0,11418.0,-2.03,
720575940620363885,central,Kenyon_Cell,0.0,0.0,24.24154623905807,36.0,2.0,23.0,1.0,59.0,-3.89,
720575940635175023,central,unknown,0.0,0.0,24.566758640404696,35.0,3.0,0.0,0.0,35.0,-3.37,
720575940621346932,central,unknown,0.0,2.074008704596397e-09,23.191119824275063,110.0,12.0,50.0,6.0,160.0,-4.31,
720575940634028151,central,unknown,0.0,0.0,21.976937405391947,159.0,11.0,47.0,4.0,206.0,-5.59,
720575940621871228,central,unknown,0.0,0.0,23.23772004076474,153.0,12.0,39.0,4.0,192.0,-5.1,
720575940621052031,central,unknown,0.0,0.0,22.632730318808036,84.0,8.0,19.0,2.0,103.0,-4.62,
720575940640123008,central,LHLN,0.0,4.5373506853970045e-10,24.568308339086038,136.0,8.0,127.0,5.0,263.0,-3.07,
720575940618627207,central,Kenyon_Cell,0.0,0.0,24.687309308935102,127.0,7.0,28.0,1.0,155.0,-2.99,
720575940636256398,sensory,olfactory,0.0,7.1446485261558506e-09,25.114849485467985,14.0,2.0,109.0,10.0,123.0,-0.0,
720575940637632654,central,ALPN,0.0,6.306539665318625e-10,24.562376667137627,77.0,10.0,253.0,26.0,330.0,-3.29,
720575940613875858,sensory,olfactory,0.0,2.8224031766380706e-10,25.064358918660524,23.0,4.0,116.0,11.0,139.0,-0.0,
720575940622657684,central,unknown,0.0,2.328183291080063e-08,20.373133522766604,369.0,23.0,135.0,14.0,504.0,-5.95,
720575940612499609,central,LHLN,0.0,1.6143200883205455e-09,24.369382855198527,223.0,20.0,144.0,18.0,367.0,-3.35,
720575940616857757,sensory,olfactory,0.0,6.074324948291191e-10,25.141397830007943,39.0,5.0,147.0,13.0,186.0,-0.0,
720575940618659998,central,Kenyon_Cell,0.0,0.0,24.1385428173772,38.0,2.0,37.0,2.0,75.0,-4.3,
720575940610926762,sensory,olfactory,0.0,0.0,24.0,0.0,0.0,39.0,5.0,39.0,-0.0,
720575940620232875,central,unknown,0.0,0.0,22.8359013911285,140.0,11.0,64.0,7.0,204.0,-4.93,
720575940612204723,sensory,olfactory,0.0,0.0,25.10276993610156,5.0,1.0,71.0,7.0,76.0,-0.0,
720575940623280311,central,ALLN,0.0,5.13715977371063e-10,22.9204323095426,52.0,7.0,357.0,21.0,409.0,-4.55,
720575940624689336,sensory,olfactory,0.0,2.1867255701747165e-08,25.13110621528253,88.0,9.0,208.0,12.0,296.0,-0.0,
720575940605520062,central,unknown,0.0,1.5507884422914648e-11,24.49834269123754,55.0,8.0,94.0,12.0,149.0,-3.28,
720575940623739076,central,ALPN,1.4965418625801096e-06,2.5755673655166453e-06,24.374860591277177,213.0,28.0,1211.0,100.0,1424.0,-2.79,
720575940618660043,central,ALPN,0.0,3.605349785918871e-07,24.383478577958208,201.0,20.0,755.0,48.0,956.0,-2.96,
720575940609845454,sensory,olfactory,0.0,3.6676990465425205e-09,25.09996739661681,12.0,2.0,55.0,3.0,67.0,-0.0,
720575940608633045,central,Kenyon_Cell,0.0,0.0,24.335551091113423,61.0,4.0,22.0,1.0,83.0,-4.06,
720575940630292695,central,unknown,0.0,4.081285380637944e-09,24.33609174580081,51.0,5.0,55.0,6.0,106.0,-3.41,
720575940614727903,central,ALPN,1.2992102364522898e-05,3.451771470944798e-06,24.58892379988695,1648.0,104.0,1379.0,113.0,3027.0,-2.1,
720575940632652002,central,unknown,0.0,0.0,21.418098739460905,31.0,4.0,35.0,2.0,66.0,-5.83,
720575940629899511,central,Kenyon_Cell,0.0,0.0,24.711919062512163,130.0,9.0,19.0,1.0,149.0,-3.13,
720575940629342458,central,Kenyon_Cell,0.0,0.0,24.71787664815961,115.0,8.0,38.0,3.0,153.0,-3.12,
720575940629244154,central,unknown,0.0,0.0,23.333163309381284,133.0,15.0,0.0,0.0,133.0,-4.58,
720575940622493949,central,unknown,0.0,0.0,22.937042566653897,60.0,7.0,5.0,1.0,65.0,-4.92,
720575940614105342,sensory,olfactory,0.0,5.84943175345892e-11,25.118286088921973,53.0,8.0,135.0,6.0,188.0,-0.0,
720575940625606916,central,LHLN,0.0,0.0,24.43698507131283,99.0,9.0,73.0,9.0,172.0,-3.34,
720575940625148174,sensory,hygrosensory,0.0,0.0,24.55923433774484,173.0,16.0,262.0,22.0,435.0,-3.58,
720575940627605779,central,ALLN,0.0,3.367434503041938e-07,24.63291261236945,2074.0,92.0,943.0,93.0,3017.0,-3.2,
720575940624853276,sensory,olfactory,0.0,8.444108297298294e-10,25.101310023892008,61.0,9.0,118.0,7.0,179.0,-0.0,
720575940613941533,sensory,hygrosensory,0.0,0.0,24.540095124099643,199.0,16.0,176.0,15.0,375.0,-3.59,
720575940644153636,central,Kenyon_Cell,0.0,0.0,24.33590387699132,35.0,4.0,29.0,2.0,64.0,-4.03,
720575940621904166,sensory,olfactory,0.0,0.0,25.096733885761463,16.0,3.0,75.0,5.0,91.0,-0.0,
720575940624001321,central,ALPN,3.774463989693197e-06,5.045797453011206e-07,24.89376264908808,1090.0,82.0,1537.0,115.0,2627.0,-1.82,
720575940623116585,central,Kenyon_Cell,0.0,0.0,24.42495185979904,54.0,5.0,17.0,1.0,71.0,-3.47,
720575940632652077,central,Kenyon_Cell,0.0,8.337899576319656e-10,24.15464456293593,32.0,3.0,27.0,2.0,59.0,-3.76,
720575940631275821,central,Kenyon_Cell,0.0,0.0,24.294861377512643,60.0,5.0,34.0,1.0,94.0,-3.92,
720575940631931183,sensory,olfactory,0.0,6.237525605064685e-10,25.075767015752803,122.0,11.0,188.0,17.0,310.0,-0.0,
720575940631767353,central,Kenyon_Cell,0.0,0.0,24.674808858019624,138.0,6.0,41.0,2.0,179.0,-3.13,
720575940618299712,central,Kenyon_Cell,0.0,7.518969436500936e-10,24.18203356964748,39.0,3.0,71.0,5.0,110.0,-4.28,
720575940620036417,sensory,olfactory,0.0,3.741681894339318e-08,25.20452766561994,27.0,5.0,135.0,10.0,162.0,-0.0,
720575940621019457,central,Kenyon_Cell,0.0,6.317173556296292e-11,24.61963509213886,123.0,7.0,23.0,2.0,146.0,-2.92,
720575940629244227,central,unknown,0.0,0.0,24.08542156584753,88.0,12.0,107.0,7.0,195.0,-3.45,
720575940617873728,central,Kenyon_Cell,0.0,0.0,24.742834730400293,86.0,6.0,23.0,1.0,109.0,-2.92,
720575940622625097,sensory,hygrosensory,0.0,6.12375680084089e-08,24.669993489983,34.0,5.0,262.0,24.0,296.0,-3.59,
720575940632160593,central,LHLN,0.0,1.2296873999228516e-11,24.63612236618504,719.0,37.0,297.0,36.0,1016.0,-3.16,
720575940615809366,sensory,olfactory,0.0,0.0,25.115051913883303,60.0,8.0,212.0,14.0,272.0,-0.0,
720575940628392279,central,unknown,0.0,3.88413358089019e-07,24.420816204902867,256.0,17.0,140.0,12.0,396.0,-3.98,
720575940637665626,central,unknown,0.0,0.0,23.67556412207253,269.0,24.0,71.0,7.0,340.0,-5.42,
720575940617087325,sensory,olfactory,0.0,0.0,24.0,0.0,0.0,32.0,3.0,32.0,-0.0,
720575940603455846,central,ALPN,0.0,2.972988571331767e-08,24.74748478394537,60.0,6.0,165.0,16.0,225.0,-3.04,
720575940631898472,central,unknown,0.0,6.564288120689798e-08,24.597264367843025,223.0,26.0,109.0,9.0,332.0,-3.48,
720575940631538028,central,ALON,4.085691722176671e-05,2.444758417100677e-05,24.645964352729266,1755.0,76.0,1792.0,74.0,3547.0,-2.47,
720575940635961711,central,unknown,0.0,0.0,23.606523056397812,48.0,6.0,72.0,5.0,120.0,-5.03,
720575940615711093,sensory,olfactory,0.0,0.0,25.10276993610156,5.0,1.0,29.0,5.0,34.0,-0.0,
720575940614662517,central,unknown,0.0,5.0354218926038594e-09,24.319359759864295,198.0,24.0,63.0,9.0,261.0,-3.86,
720575940649691513,central,Kenyon_Cell,0.0,0.0,24.015709455317484,37.0,3.0,27.0,2.0,64.0,-3.75,
720575940621871484,central,Kenyon_Cell,0.0,0.0,23.02467831639753,17.0,2.0,14.0,1.0,31.0,-4.39,
720575940625508733,central,Kenyon_Cell,0.0,0.0,24.67560213332747,60.0,5.0,28.0,1.0,88.0,-3.44,
720575940606929282,central,unknown,0.0,1.7162058761358878e-10,23.351754926739567,64.0,7.0,322.0,27.0,386.0,-4.87,
720575940622920074,central,ALLN,0.0,1.3224215835707023e-06,24.685379196071217,3850.0,164.0,3812.0,162.0,7662.0,-3.69,
720575940632193420,central,unknown,0.0,0.0,22.81652380277149,225.0,16.0,19.0,3.0,244.0,-5.36,
720575940625508752,central,unknown,0.0,0.0,22.28099214643483,14.0,2.0,5.0,1.0,19.0,-4.45,
720575940612991381,central,ALLN,0.0,9.008751005937702e-09,22.97869870471516,198.0,18.0,926.0,34.0,1124.0,-3.88,
720575940628687259,central,Kenyon_Cell,0.0,0.0,24.64908810982024,77.0,7.0,11.0,1.0,88.0,-3.22,
720575940614236575,sensory,olfactory,0.0,5.198140043864037e-09,25.11788906918567,67.0,6.0,183.0,10.0,250.0,-0.0,
720575940640844195,central,unknown,0.0,1.7143827599931932e-08,23.8732313979132,297.0,30.0,146.0,12.0,443.0,-4.65,
720575940632357284,central,Kenyon_Cell,0.0,0.0,24.405035518601643,130.0,9.0,16.0,1.0,146.0,-3.67,
720575940635404724,central,unknown,0.0,9.560211627292834e-10,23.12039717838914,253.0,17.0,27.0,2.0,280.0,-4.46,
720575940623870389,sensory,olfactory,0.0,0.0,24.0,0.0,0.0,22.0,4.0,22.0,-0.0,
720575940624296376,central,Kenyon_Cell,0.0,0.0,24.32170151175382,32.0,3.0,13.0,1.0,45.0,-4.01,
720575940624918972,central,unknown,0.0,6.122082377529921e-09,24.027617860961296,414.0,39.0,111.0,10.0,525.0,-4.58,
720575940633668031,sensory,olfactory,0.0,0.0,25.135689502159934,22.0,3.0,90.0,6.0,112.0,-0.0,
720575940629539269,sensory,olfactory,0.0,5.393770322918987e-11,25.15444260564606,56.0,8.0,179.0,7.0,235.0,-0.0,
720575940629244359,central,unknown,2.7811839924055134e-07,2.025803271890441e-08,24.293279049651957,2654.0,155.0,322.0,28.0,2976.0,-3.55,
720575940621740493,sensory,olfactory,0.0,1.7776804209456294e-07,25.17713378379085,142.0,15.0,502.0,31.0,644.0,-0.0,
720575940630063575,central,unknown,0.0,0.0,21.577065347659016,20.0,3.0,16.0,2.0,36.0,-5.75,
720575940633635298,central,unknown,0.0,6.859141446873654e-09,24.373000829278038,309.0,29.0,134.0,12.0,443.0,-3.79,
720575940614367715,central,unknown,0.0,8.070921642617837e-09,24.37442165473948,132.0,15.0,101.0,8.0,233.0,-3.49,
720575940631964130,central,LHLN,0.0,0.0,24.84634356813369,178.0,5.0,29.0,5.0,207.0,-2.87,
720575940616858086,sensory,olfactory,0.0,6.34721267623496e-08,25.21916528977069,10.0,1.0,58.0,6.0,68.0,-0.0,
720575940639140329,central,unknown,0.0,0.0,23.951113553307323,302.0,28.0,150.0,15.0,452.0,-4.45,
720575940627737073,sensory,olfactory,0.0,0.0,25.14767651961045,40.0,6.0,120.0,7.0,160.0,-0.0,
720575940610861554,central,unknown,0.0,8.923365097437616e-08,22.208078902230177,169.0,11.0,34.0,4.0,203.0,-5.71,
720575940627802618,central,Kenyon_Cell,0.0,0.0,24.694139243342548,111.0,7.0,17.0,1.0,128.0,-3.19,
720575940627114492,central,ALPN,0.0,1.192783282271349e-08,24.82995785007925,30.0,5.0,132.0,16.0,162.0,-3.0,
720575940622625279,central,ALLN,0.0,1.1131274863526509e-07,23.31760901742804,593.0,23.0,231.0,22.0,824.0,-4.13,
720575940627311108,sensory,olfactory,0.0,0.0,24.0,0.0,0.0,46.0,7.0,46.0,-0.0,
720575940622494215,sensory,olfactory,0.0,0.0,24.0,0.0,0.0,48.0,3.0,48.0,-0.0,
720575940614203916,central,Kenyon_Cell,0.0,0.0,24.33804207830724,45.0,4.0,40.0,2.0,85.0,-4.02,
720575940631243279,central,unknown,0.0,2.162276226501433e-07,22.185970245164107,276.0,20.0,255.0,13.0,531.0,-5.05,
720575940626688529,sensory,olfactory,0.0,0.0,25.155801824038345,5.0,1.0,24.0,3.0,29.0,-0.0,
720575940627245585,central,ALPN,0.0,1.8802547486964522e-07,23.12953281052042,721.0,39.0,1297.0,50.0,2018.0,-4.53,
720575940626524691,central,Kenyon_Cell,0.0,0.0,24.54656024677385,133.0,6.0,19.0,1.0,152.0,-3.44,
720575940620134932,sensory,olfactory,0.0,0.0,24.0,0.0,0.0,15.0,3.0,15.0,-0.0,
720575940628130325,central,unknown,0.0,4.813704176750125e-07,19.80667685223835,44.0,4.0,370.0,16.0,414.0,-5.49,
720575940644907543,central,LHLN,0.0,1.4053298912805189e-08,24.48447282221956,548.0,39.0,183.0,27.0,731.0,-3.25,
720575940644940311,central,unknown,0.0,1.7911736796245547e-09,23.327003090965533,170.0,18.0,103.0,8.0,273.0,-4.01,
720575940617972253,central,Kenyon_Cell,0.0,0.0,24.735330972900783,151.0,10.0,22.0,1.0,173.0,-3.02,
720575940624951847,central,unknown,0.0,3.932635687357563e-07,22.54617279189789,1929.0,51.0,441.0,33.0,2370.0,-5.13,
720575940639173173,central,unknown,0.0,1.95650055830506e-08,24.50659947106531,287.0,32.0,147.0,12.0,434.0,-3.34,
720575940630063671,central,Kenyon_Cell,0.0,0.0,24.4234724179538,92.0,7.0,22.0,1.0,114.0,-3.5,
720575940630424121,sensory,olfactory,0.0,6.074324948291191e-10,25.110339140798505,46.0,4.0,208.0,15.0,254.0,-0.0,
720575940626164286,central,unknown,0.0,1.2885946059597702e-10,24.051770047691797,49.0,6.0,29.0,5.0,78.0,-4.25,
720575940638288447,central,ALPN,0.000386703768544,0.0001413188435933,24.101271033202377,1210.0,64.0,2162.0,104.0,3372.0,-3.12,
720575940619676224,central,DAN,0.0,5.930341070722021e-09,23.40609919728349,1048.0,70.0,665.0,63.0,1713.0,-4.64,
720575940608928324,sensory,olfactory,0.0,0.0,25.118557370430445,6.0,1.0,30.0,5.0,36.0,-0.0,
720575940637469254,central,ALPN,2.609015459542315e-06,7.795037337126657e-07,24.37336093217111,425.0,40.0,898.0,81.0,1323.0,-2.14,
720575940630620747,central,Kenyon_Cell,0.0,0.0,24.611116817752688,71.0,5.0,10.0,1.0,81.0,-3.26,
720575940620233307,central,ALPN,0.0,0.0,23.47109971595232,45.0,6.0,186.0,19.0,231.0,-5.24,
720575940620462686,central,unknown,0.0,1.229925892636447e-09,24.360730455854288,42.0,6.0,5.0,1.0,47.0,-3.6,
720575940624853600,sensory,olfactory,0.0,1.0685863697588943e-07,25.143410721650724,138.0,11.0,505.0,32.0,643.0,-0.0,
720575940610108002,sensory,olfactory,0.0,0.0,25.119650576470832,88.0,9.0,127.0,5.0,215.0,-0.0,
720575940644743790,central,ALLN,0.0,0.0,24.281315167772267,321.0,34.0,171.0,15.0,492.0,-4.34,
720575940634847863,central,unknown,0.0,0.0,24.66765366533547,100.0,13.0,27.0,3.0,127.0,-3.05,
720575940649429625,sensory,olfactory,0.0,0.0,25.11338940616745,32.0,4.0,147.0,11.0,179.0,-0.0,
720575940620495484,central,Kenyon_Cell,0.0,0.0,24.68401791487998,98.0,6.0,17.0,2.0,115.0,-3.16,
720575940639468160,ascending,AN,0.0,1.8133038194116962e-07,22.421901908134192,220.0,14.0,706.0,38.0,926.0,-5.55,
720575940622920328,central,Kenyon_Cell,0.0,0.0,24.212175903398883,40.0,3.0,32.0,2.0,72.0,-4.49,
720575940623084170,central,unknown,0.0,2.103733011333273e-06,20.343437976669748,200.0,13.0,182.0,13.0,382.0,-5.47,
720575940631997068,sensory,olfactory,0.0,0.0,24.0,0.0,0.0,15.0,2.0,15.0,-0.0,
720575940641237645,central,unknown,0.0,3.6613059463897884e-09,23.81671013459585,457.0,36.0,285.0,19.0,742.0,-4.16,
720575940642253453,central,unknown,0.0,0.0,24.25490303421653,51.0,6.0,67.0,6.0,118.0,-3.18,
720575940630620812,central,Kenyon_Cell,0.0,0.0,24.758510122254837,138.0,7.0,13.0,1.0,151.0,-2.97,
720575940623379091,central,Kenyon_Cell,0.0,0.0,24.725631668700235,102.0,7.0,27.0,1.0,129.0,-3.1,
720575940626492059,central,LHLN,0.0,9.746726080318701e-08,24.4233740041911,341.0,28.0,232.0,25.0,573.0,-3.71,
720575940617939613,central,unknown,0.0,1.3166784769264992e-08,24.432280712617523,269.0,28.0,50.0,6.0,319.0,-3.62,
720575940614728351,sensory,olfactory,0.0,0.0,25.073177908564457,11.0,2.0,50.0,6.0,61.0,-0.0,
720575940642810528,central,unknown,0.0,2.4275004955474013e-10,20.653012639343707,67.0,8.0,73.0,7.0,140.0,-5.0,
720575940637469347,central,unknown,0.0,0.0,22.06511024162916,29.0,3.0,95.0,9.0,124.0,-5.24,
720575940630915748,sensory,olfactory,0.0,0.0,24.0,0.0,0.0,75.0,8.0,75.0,-0.0,
720575940619807397,central,ALPN,1.5097855958772789e-06,1.8607110508884523e-06,24.04252670866002,285.0,24.0,667.0,56.0,952.0,-2.64,
720575940627704488,central,unknown,0.0,1.0945676241774012e-08,24.239245573243156,169.0,18.0,183.0,15.0,352.0,-3.8,
720575940605029036,central,unknown,9.270613308018378e-07,1.8436102151282002e-07,23.80830109534916,1819.0,98.0,1232.0,68.0,3051.0,-4.11,
720575940632816301,central,LHLN,0.0,3.590602983563569e-09,24.62805140686228,211.0,21.0,144.0,16.0,355.0,-3.48,
720575940631046829,central,unknown,0.0,8.089993336534476e-07,24.24855569859477,388.0,30.0,180.0,19.0,568.0,-3.78,
720575940632849069,central,Kenyon_Cell,0.0,0.0,24.33280733945488,116.0,8.0,23.0,1.0,139.0,-3.75,
720575940610206387,central,Kenyon_Cell,0.0,0.0,24.719454012412765,122.0,7.0,22.0,1.0,144.0,-3.08,
720575940623542972,central,Kenyon_Cell,0.0,0.0,24.64696367575485,89.0,8.0,14.0,1.0,103.0,-3.01,
720575940622363332,sensory,olfactory,0.0,0.0,25.10027821699621,13.0,2.0,88.0,8.0,101.0,-0.0,
720575940630719173,central,unknown,0.0,3.0011383933643453e-10,24.316818856377665,178.0,13.0,7.0,1.0,185.0,-3.36,
720575940623444676,central,LHLN,0.0,0.0,24.74005502398958,314.0,22.0,155.0,19.0,469.0,-2.92,
720575940625902282,central,Kenyon_Cell,0.0,0.0,24.570625431772047,71.0,4.0,36.0,2.0,107.0,-3.26,
720575940611451598,central,unknown,0.0,0.0,23.530122395321897,320.0,34.0,20.0,3.0,340.0,-4.7,
720575940640451280,central,Kenyon_Cell,0.0,0.0,24.55810384215877,172.0,7.0,28.0,2.0,200.0,-3.42,
720575940611648209,central,unknown,0.0,1.0614723338509105e-07,24.311629976030407,168.0,14.0,175.0,15.0,343.0,-4.26,
720575940631964371,sensory,olfactory,0.0,6.922552669011087e-10,25.09612228352031,43.0,5.0,204.0,12.0,247.0,-0.0,
720575940630260439,central,unknown,0.0,0.0,23.95038713751921,146.0,16.0,29.0,3.0,175.0,-3.95,
720575940630358748,central,LHCENT,0.0,0.0,21.837954001635733,483.0,19.0,1775.0,47.0,2258.0,-5.87,
720575940612598499,central,ALPN,0.0,1.4319223050035274e-10,23.915462513570027,77.0,8.0,183.0,16.0,260.0,-4.56,
720575940612434661,central,unknown,0.0,1.0942441730853254e-08,23.68903910098348,91.0,11.0,52.0,6.0,143.0,-4.04,
720575940617874150,sensory,olfactory,0.0,0.0,25.14042686309416,41.0,6.0,101.0,9.0,142.0,-0.0,
720575940617480934,central,Kenyon_Cell,0.0,0.0,24.172261391315185,107.0,6.0,22.0,1.0,129.0,-4.11,
720575940623444715,central,ALPN,1.4223769561159629e-05,3.3772416205888847e-06,24.859662092688293,1436.0,86.0,2843.0,176.0,4279.0,-2.16,
720575940624100075,central,unknown,0.0,0.0,23.495814269997155,198.0,19.0,166.0,10.0,364.0,-3.99,
720575940623706867,sensory,olfactory,0.0,0.0,25.118557370430445,5.0,1.0,76.0,7.0,81.0,-0.0,
720575940640942837,central,LHCENT,0.0,6.742621589175437e-09,23.875700552220717,1052.0,66.0,1615.0,157.0,2667.0,-4.34,
720575940616923905,sensory,olfactory,0.0,1.4802289665955737e-07,25.143488628229463,78.0,8.0,218.0,17.0,296.0,-0.0,
720575940627081994,central,Kenyon_Cell,0.0,0.0,24.40659818166518,38.0,5.0,16.0,1.0,54.0,-3.62,
720575940608273163,sensory,olfactory,0.0,0.0,25.108956143890044,53.0,5.0,152.0,7.0,205.0,-0.0,
720575940622658317,central,unknown,0.0,0.0,22.903158350211065,605.0,33.0,51.0,6.0,656.0,-5.13,
720575940627737365,central,ALLN,0.0,4.2467807801021546e-07,24.601738455950223,1157.0,91.0,2144.0,142.0,3301.0,-3.81,
720575940611844886,sensory,olfactory,0.0,3.4612763345055437e-10,25.11790762312961,11.0,2.0,74.0,10.0,85.0,-0.0,
720575940621183768,central,Kenyon_Cell,0.0,0.0,24.260671220120248,72.0,6.0,25.0,1.0,97.0,-3.7,
720575940617841437,central,unknown,0.0,9.560211627292834e-10,23.003952842652808,167.0,12.0,26.0,4.0,193.0,-3.99,
720575940613942045,sensory,hygrosensory,0.0,0.0,24.549065928955667,194.0,16.0,162.0,16.0,356.0,-3.63,
720575940616039197,sensory,thermosensory,0.0,1.5464885157741258e-08,24.67490568582925,288.0,14.0,637.0,38.0,925.0,-3.5,
720575940604865312,ascending,AN,0.0,9.11995949230814e-09,20.892025707555103,165.0,13.0,267.0,18.0,432.0,-5.97,
720575940620659489,central,Kenyon_Cell,0.0,0.0,24.623956789432945,162.0,6.0,21.0,1.0,183.0,-3.17,
720575940621740833,central,unknown,0.0,1.4251307555345709e-08,23.64910949652564,433.0,28.0,77.0,6.0,510.0,-5.14,
720575940621413158,central,Kenyon_Cell,0.0,0.0,24.26361846263372,33.0,3.0,30.0,2.0,63.0,-3.84,
720575940616923945,sensory,olfactory,0.0,0.0,25.12843663994009,19.0,2.0,119.0,11.0,138.0,-0.0,
720575940629539628,central,unknown,0.0,6.086465675213964e-08,20.5288268084442,358.0,18.0,98.0,5.0,456.0,-6.13,
720575940631571247,central,Kenyon_Cell,0.0,0.0,24.419340184164117,44.0,3.0,33.0,1.0,77.0,-3.73,
720575940615252786,central,Kenyon_Cell,0.0,0.0,24.58507323686417,89.0,7.0,21.0,1.0,110.0,-2.95,
720575940627147578,central,Kenyon_Cell,0.0,1.2665539988693671e-09,24.284715028278526,24.0,3.0,30.0,2.0,54.0,-3.79,
720575940616203067,sensory,olfactory,0.0,0.0,25.1194397131272,48.0,6.0,114.0,7.0,162.0,-0.0,
720575940631407427,central,unknown,0.0,1.1871687742080752e-07,22.03367832445639,256.0,21.0,86.0,9.0,342.0,-4.94,
720575940610698052,central,unknown,0.0,8.037281041608963e-07,23.452959842845512,419.0,30.0,174.0,22.0,593.0,-4.35,
720575940617022277,sensory,olfactory,0.0,0.0,25.10276993610156,9.0,1.0,69.0,9.0,78.0,-0.0,
720575940633340753,central,Kenyon_Cell,0.0,0.0,24.756606707072603,139.0,7.0,32.0,2.0,171.0,-2.88,
720575940631898961,central,unknown,0.0,0.0,24.31878021579012,86.0,12.0,49.0,5.0,135.0,-3.51,
720575940631964503,central,unknown,0.0,0.0,24.5553136659242,44.0,7.0,8.0,1.0,52.0,-3.26,
720575940620528475,central,unknown,0.0,5.397983686778713e-08,23.988957113203885,167.0,22.0,38.0,4.0,205.0,-4.25,
720575940607814492,central,LHLN,0.0,8.954925679911283e-09,24.537585484453885,350.0,20.0,110.0,12.0,460.0,-3.22,
720575940635011935,sensory,olfactory,0.0,0.0,24.0,0.0,0.0,9.0,1.0,9.0,-0.0,
720575940633471839,sensory,olfactory,0.0,8.785888509925551e-09,25.123861438224903,127.0,13.0,200.0,12.0,327.0,-0.0,
720575940604963686,central,Kenyon_Cell,0.0,0.0,24.669607412930688,128.0,7.0,24.0,1.0,152.0,-3.18,
720575940627606375,sensory,olfactory,0.0,8.138269429854717e-08,25.125606188137755,132.0,12.0,494.0,22.0,626.0,-0.0,
720575940613974890,sensory,olfactory,0.0,0.0,24.0,0.0,0.0,94.0,10.0,94.0,-0.0,
720575940645038958,central,unknown,0.0,0.0,23.45855340694013,152.0,13.0,15.0,2.0,167.0,-4.69,
720575940649134969,sensory,olfactory,0.0,5.1484763333474946e-11,25.15501368099413,27.0,4.0,127.0,9.0,154.0,-0.0,
720575940605029250,central,Kenyon_Cell,0.0,0.0,24.13944278216183,44.0,5.0,30.0,2.0,74.0,-3.72,
720575940646120324,sensory,olfactory,0.0,1.991637527102899e-09,25.12948827379244,23.0,4.0,70.0,6.0,93.0,-0.0,
720575940622232458,central,Kenyon_Cell,0.0,0.0,24.393604965420927,76.0,6.0,31.0,1.0,107.0,-3.6,
720575940635110286,central,Kenyon_Cell,0.0,0.0,24.668829200734727,91.0,4.0,25.0,1.0,116.0,-3.06,
720575940615711638,visual_projection,unknown,0.0,0.0,19.865195750582245,16.0,2.0,0.0,0.0,16.0,-4.65,
720575940618955678,central,LHLN,0.0,4.696519152679623e-09,24.68796737134405,127.0,9.0,83.0,10.0,210.0,-3.2,
720575940652837793,central,Kenyon_Cell,0.0,0.0,24.591913198083407,60.0,5.0,22.0,2.0,82.0,-3.24,
720575940653460385,central,Kenyon_Cell,0.0,0.0,24.683546135308475,121.0,7.0,29.0,1.0,150.0,-2.98,
720575940654607265,central,unknown,0.0,0.0,21.70223635425104,378.0,20.0,378.0,25.0,756.0,-6.07,
720575940620266406,central,ALPN,2.118997327547058e-07,2.2739671634242282e-07,24.47946828724775,208.0,20.0,908.0,78.0,1116.0,-2.51,
720575940611845034,sensory,olfactory,0.0,0.0,25.09862179360201,54.0,7.0,155.0,10.0,209.0,-0.0,
720575940617120697,central,unknown,0.0,2.95600762687583e-06,24.26774632966116,366.0,36.0,85.0,7.0,451.0,-4.42,
720575940617317305,central,Kenyon_Cell,0.0,0.0,24.57928889752514,114.0,7.0,27.0,1.0,141.0,-3.45,
720575940621577152,central,Kenyon_Cell,0.0,0.0,24.444250330949515,45.0,3.0,31.0,2.0,76.0,-3.63,
720575940619742144,central,Kenyon_Cell,0.0,0.0,24.540164350524755,145.0,8.0,18.0,1.0,163.0,-3.69,
720575940622363588,central,unknown,0.0,0.0,22.94854637830708,274.0,11.0,233.0,9.0,507.0,-4.85,
720575940615941062,central,unknown,0.0,2.9211970210009343e-08,23.88407872474324,309.0,27.0,202.0,16.0,511.0,-4.23,
720575940631964620,central,Kenyon_Cell,0.0,0.0,24.58199353519497,210.0,9.0,29.0,1.0,239.0,-3.1,
720575940612664273,central,unknown,0.0,2.1204389791566784e-09,21.266493018092525,17.0,3.0,9.0,1.0,26.0,-5.26,
720575940615613396,central,unknown,0.0,1.0243421471807041e-08,20.2382961245709,68.0,9.0,53.0,5.0,121.0,-6.02,
720575940607749077,central,unknown,0.0,1.6764219363505204e-10,21.14638940822221,242.0,15.0,376.0,16.0,618.0,-5.67,
720575940618759128,sensory,olfactory,0.0,3.577105733370333e-09,25.10276993610156,6.0,1.0,92.0,9.0,98.0,-0.0,
720575940629965788,sensory,olfactory,0.0,7.210311593224573e-08,25.132986266279325,190.0,19.0,204.0,16.0,394.0,-0.0,
720575940604341216,central,unknown,0.0,4.835324581076354e-08,23.60611237808629,283.0,22.0,207.0,11.0,490.0,-5.23,
720575940622822378,central,Kenyon_Cell,0.0,0.0,24.611988035537934,83.0,6.0,19.0,1.0,102.0,-3.69,
720575940622789611,central,unknown,0.0,0.0,23.57163601945663,26.0,4.0,8.0,1.0,34.0,-3.95,
720575940624428019,central,Kenyon_Cell,0.0,6.317173556296292e-11,24.472257201339097,111.0,7.0,21.0,2.0,132.0,-3.65,
720575940639337461,central,ALPN,1.4832981292829405e-06,5.079589470003668e-07,24.625533388359223,152.0,18.0,570.0,63.0,722.0,-2.36,
720575940629539834,central,unknown,0.0,0.0,24.12578297338213,45.0,3.0,39.0,6.0,84.0,-3.79,
720575940614204414,central,unknown,0.0,3.561750861637535e-09,23.532992659505844,1071.0,60.0,554.0,32.0,1625.0,-4.83,
720575940628917251,central,unknown,0.0,2.269376181316149e-07,24.07347086450768,353.0,35.0,75.0,7.0,428.0,-4.53,
720575940627573766,central,Kenyon_Cell,0.0,0.0,24.428924790880306,79.0,7.0,38.0,1.0,117.0,-3.59,
720575940623543303,central,Kenyon_Cell,0.0,0.0,24.257505936934503,93.0,8.0,15.0,1.0,108.0,-3.97,
720575940622134285,sensory,olfactory,0.0,0.0,24.0,0.0,0.0,22.0,3.0,22.0,-0.0,
720575940611124246,central,unknown,0.0,7.524848464300632e-11,23.565075246154453,200.0,16.0,115.0,10.0,315.0,-5.09,
720575940626197532,sensory,olfactory,0.0,0.0,25.118557370430445,5.0,1.0,31.0,5.0,36.0,-0.0,
720575940613942301,sensory,hygrosensory,0.0,0.0,24.553321647614336,151.0,14.0,230.0,18.0,381.0,-3.62,
720575940624886812,central,unknown,0.0,7.187085532994983e-10,24.346439225160697,375.0,20.0,179.0,14.0,554.0,-3.97,
720575940644940835,central,Kenyon_Cell,0.0,0.0,24.629380952092717,99.0,5.0,17.0,1.0,116.0,-3.12,
720575940625345584,descending,unknown,0.0,0.0,19.98654026447896,10.0,2.0,0.0,0.0,10.0,-5.33,
720575940613909555,central,Kenyon_Cell,0.0,0.0,24.50047756007187,91.0,7.0,17.0,2.0,108.0,-3.45,
720575940627082298,central,Kenyon_Cell,0.0,0.0,24.630428167665983,108.0,7.0,21.0,1.0,129.0,-3.15,
720575940638583869,central,ALPN,0.0,1.827651759815292e-07,24.61224572523642,262.0,27.0,462.0,33.0,724.0,-3.03,
720575940626132030,central,unknown,0.0,5.230624217491986e-07,23.42354827810157,131.0,16.0,6.0,1.0,137.0,-4.49,
720575940620889153,central,Kenyon_Cell,0.0,0.0,24.28862169284564,75.0,4.0,46.0,1.0,121.0,-3.74,
720575940632390731,central,unknown,0.0,0.0,24.687085074646276,255.0,29.0,31.0,4.0,286.0,-3.18,
720575940623576141,central,ALPN,0.0,0.0,24.63708762428734,11.0,1.0,16.0,2.0,27.0,-3.72,
720575940617940048,central,Kenyon_Cell,0.0,7.082210319341769e-11,24.30037218094735,41.0,4.0,40.0,3.0,81.0,-3.74,
720575940631899223,central,ALLN,0.0,1.967515979472973e-06,24.654541881461864,3857.0,181.0,3566.0,151.0,7423.0,-3.58,
720575940638026842,sensory,olfactory,0.0,0.0,25.13296359158414,26.0,2.0,149.0,10.0,175.0,-0.0,
720575940634455136,central,unknown,0.0,8.789564470042713e-09,23.748819658532465,504.0,36.0,282.0,19.0,786.0,-4.3,
720575940634127456,central,ALLN,0.0,1.187602115487168e-08,24.66956406179045,108.0,12.0,252.0,22.0,360.0,-3.03,
720575940636093541,sensory,olfactory,0.0,9.053435666778286e-09,25.121422873162743,126.0,14.0,157.0,12.0,283.0,-0.0,
720575940645334126,central,Kenyon_Cell,0.0,0.0,24.71253239233955,75.0,6.0,20.0,1.0,95.0,-3.04,
720575940612009074,central,Kenyon_Cell,0.0,0.0,24.23349008838869,51.0,4.0,51.0,2.0,102.0,-3.93,
720575940610403448,central,unknown,0.0,0.0,24.563568135436576,91.0,10.0,31.0,4.0,122.0,-3.27,
720575940618464379,central,Kenyon_Cell,0.0,0.0,24.42904632849783,44.0,5.0,20.0,1.0,64.0,-3.82,
720575940606045314,central,ALLN,0.0,0.0,24.468044262820023,18.0,3.0,176.0,16.0,194.0,-4.48,
720575940623117448,central,LHLN,0.0,5.0378959589109126e-08,24.50682998390467,1094.0,71.0,846.0,64.0,1940.0,-3.48,
720575940616760459,central,LHLN,0.0,2.9197415526339656e-08,24.748361031540483,788.0,38.0,1512.0,116.0,2300.0,-3.02,
720575940637666446,central,ALLN,1.893853861495183e-06,2.8701323145214105e-07,24.69403859912798,2351.0,98.0,1280.0,123.0,3631.0,-3.07,
720575940637633678,central,unknown,4.423406921254483e-06,3.349671747460781e-07,24.49567106058127,1467.0,80.0,1531.0,51.0,2998.0,-3.53,
720575940635012238,central,Kenyon_Cell,0.0,0.0,24.4256488594902,59.0,4.0,25.0,1.0,84.0,-3.38,
720575940616826001,central,Kenyon_Cell,0.0,0.0,24.687910430574316,115.0,6.0,23.0,1.0,138.0,-2.83,
720575940624264340,sensory,olfactory,0.0,0.0,25.03396545095515,13.0,2.0,43.0,3.0,56.0,-0.0,
720575940626689176,central,Kenyon_Cell,0.0,0.0,24.6721462833054,87.0,5.0,22.0,1.0,109.0,-3.36,
720575940633996444,central,unknown,0.0,0.0,21.74443261989342,100.0,12.0,5.0,1.0,105.0,-5.79,
720575940619119782,central,Kenyon_Cell,0.0,0.0,24.557637855938133,128.0,9.0,23.0,1.0,151.0,-3.33,
720575940626033838,central,Kenyon_Cell,0.0,0.0,24.504598927672586,112.0,6.0,33.0,2.0,145.0,-3.29,
720575940613156015,sensory,olfactory,0.0,0.0,24.0,0.0,0.0,45.0,5.0,45.0,-0.0,
720575940636716206,central,unknown,0.0,1.2905759993355391e-09,24.108740431818,178.0,19.0,139.0,11.0,317.0,-4.18,
720575940604931249,sensory,hygrosensory,0.0,0.0,24.51743384482261,171.0,16.0,160.0,14.0,331.0,-3.65,
720575940636519598,central,Kenyon_Cell,0.0,1.3940771891756959e-10,24.26996238769655,40.0,3.0,58.0,4.0,98.0,-3.91,
720575940619873472,sensory,olfactory,0.0,0.0,24.0,0.0,0.0,76.0,11.0,76.0,-0.0,
720575940608535747,central,Kenyon_Cell,0.0,0.0,24.427323919607023,57.0,4.0,35.0,1.0,92.0,-3.62,
720575940625050826,sensory,olfactory,0.0,0.0,24.0,0.0,0.0,43.0,4.0,43.0,-0.0,
720575940632030412,central,Kenyon_Cell,0.0,0.0,24.511548565374547,67.0,5.0,40.0,2.0,107.0,-3.35,
720575940630097103,central,ALPN,7.800558912032607e-06,8.849358762218326e-06,24.802945496218488,1618.0,104.0,3158.0,196.0,4776.0,-1.99,
720575940630621391,central,unknown,0.0,0.0,23.556055199102587,103.0,14.0,15.0,3.0,118.0,-4.51,
720575940608765141,central,unknown,0.0,1.0813667015794257e-07,20.688309965131985,316.0,16.0,197.0,15.0,513.0,-5.55,
720575940611419354,central,unknown,0.0,0.0,22.109311266715363,81.0,8.0,14.0,2.0,95.0,-5.35,
720575940621315293,sensory,olfactory,0.0,0.0,25.119576659004487,34.0,4.0,55.0,6.0,89.0,-0.0,
720575940622462173,central,CX,0.0,0.0,21.386295728801667,430.0,17.0,24.0,1.0,454.0,-5.65,
720575940615253215,central,unknown,0.0,1.2838006105197865e-08,24.719294698075444,360.0,29.0,131.0,16.0,491.0,-3.03,
720575940603882720,central,Kenyon_Cell,0.0,0.0,24.61839394800217,114.0,8.0,26.0,1.0,140.0,-2.95,
720575940617612518,central,unknown,0.0,2.0752753726777782e-08,23.996161787674893,421.0,35.0,199.0,16.0,620.0,-4.9,
720575940623510762,central,Kenyon_Cell,0.0,0.0,24.65335489701436,106.0,7.0,30.0,3.0,136.0,-3.23,
720575940620594415,central,Kenyon_Cell,0.0,0.0,24.51699065667165,148.0,7.0,22.0,1.0,170.0,-3.54,
720575940611615986,central,Kenyon_Cell,0.0,0.0,24.6378090487813,99.0,6.0,22.0,1.0,121.0,-3.3,
720575940650740982,central,Kenyon_Cell,0.0,0.0,24.26332121192364,29.0,2.0,19.0,1.0,48.0,-4.1,
720575940629048567,central,unknown,0.0,0.0,23.471938334157425,30.0,4.0,56.0,5.0,86.0,-5.01,
720575940635307256,central,unknown,0.0,8.33639703835905e-09,24.132638159388737,241.0,22.0,39.0,5.0,280.0,-4.35,
720575940634684664,central,unknown,0.0,0.0,24.1805866947174,14.0,1.0,22.0,2.0,36.0,-4.02,
720575940630359290,central,unknown,1.4568106626886024e-07,3.509054921570915e-07,23.36504130972534,663.0,39.0,361.0,12.0,1024.0,-4.7,
720575940624166141,central,LHLN,0.0,6.744259155169515e-10,24.74906668231476,632.0,35.0,187.0,22.0,819.0,-3.28,
720575940614434046,central,unknown,0.0,1.3997468059610044e-09,23.174515568077748,108.0,8.0,85.0,10.0,193.0,-4.85,
720575940628524292,central,ALPN,1.178692263448051e-05,1.00021921271306e-06,24.944570030479174,1771.0,96.0,2581.0,152.0,4352.0,-1.69,
720575940628425990,central,unknown,5.365036358683207e-05,9.411501896673802e-06,23.40041517662727,1597.0,80.0,2069.0,38.0,3666.0,-4.9,
720575940626951434,central,unknown,0.0,0.0,23.643683424820317,73.0,11.0,68.0,7.0,141.0,-4.34,
720575940608535819,central,Kenyon_Cell,0.0,0.0,24.77037715270762,134.0,6.0,33.0,1.0,167.0,-2.74,
720575940624264462,central,Kenyon_Cell,0.0,0.0,24.583087180580044,123.0,8.0,29.0,2.0,152.0,-3.63,
720575940630523151,central,unknown,0.0,4.796741233588159e-08,24.57330738466996,127.0,10.0,36.0,5.0,163.0,-2.96,
720575940633799961,central,Kenyon_Cell,0.0,0.0,24.72209204600155,167.0,9.0,22.0,1.0,189.0,-3.09,
720575940613942557,sensory,hygrosensory,0.0,0.0,24.53471507662481,195.0,15.0,165.0,15.0,360.0,-3.52,
720575940617973021,central,Kenyon_Cell,0.0,5.294565718249314e-10,23.863507628456915,28.0,2.0,35.0,2.0,63.0,-4.39,
720575940623150369,central,unknown,0.0,0.0,22.244714750286995,210.0,17.0,6.0,1.0,216.0,-5.27,
720575940621413670,central,Kenyon_Cell,0.0,0.0,23.93822212795831,43.0,4.0,33.0,1.0,76.0,-4.19,
720575940622888231,central,unknown,0.0,0.0,22.841306674858966,74.0,7.0,245.0,20.0,319.0,-5.29,
720575940626820395,central,Kenyon_Cell,0.0,0.0,23.74271490883647,68.0,4.0,14.0,1.0,82.0,-4.8,
720575940631014703,sensory,olfactory,0.0,2.7349982758221947e-10,25.108658133797118,27.0,4.0,125.0,9.0,152.0,-0.0,
720575940619545905,central,LHLN,0.0,2.9814360948976046e-09,24.64615630797377,223.0,13.0,113.0,14.0,336.0,-3.08,
720575940624100681,central,unknown,0.0,7.933956856074821e-09,24.48216167537214,607.0,56.0,138.0,18.0,745.0,-3.45,
720575940628983119,central,unknown,0.0,0.0,24.546494090181685,114.0,12.0,73.0,10.0,187.0,-3.26,
720575940626984274,sensory,olfactory,0.0,0.0,25.086619540103545,25.0,3.0,114.0,6.0,139.0,-0.0,
720575940616105302,central,Kenyon_Cell,0.0,0.0,24.531286129981623,89.0,7.0,20.0,1.0,109.0,-3.26,
720575940629900631,central,unknown,0.0,0.0,23.29636761438954,100.0,13.0,140.0,19.0,240.0,-5.14,
720575940624592217,central,unknown,0.0,8.077823756361352e-08,20.56727006459658,105.0,10.0,77.0,8.0,182.0,-5.52,
720575940620561761,central,LHLN,0.0,1.386148731327184e-08,24.49963833657008,241.0,13.0,134.0,15.0,375.0,-3.09,
720575940625476964,central,Kenyon_Cell,0.0,0.0,23.84778584412302,43.0,3.0,35.0,2.0,78.0,-3.94,
720575940645236078,central,Kenyon_Cell,0.0,0.0,24.370450119921347,39.0,4.0,18.0,1.0,57.0,-3.62,
720575940639534451,central,Kenyon_Cell,0.0,0.0,24.57926562289716,67.0,7.0,28.0,1.0,95.0,-2.99,
720575940616203637,central,unknown,0.0,7.373710366541856e-08,24.63162418688772,254.0,26.0,29.0,3.0,283.0,-3.07,
720575940649430393,sensory,olfactory,0.0,0.0,24.0,0.0,0.0,5.0,1.0,5.0,-0.0,
720575940629507450,central,Kenyon_Cell,0.0,0.0,24.648291314239973,97.0,6.0,20.0,1.0,117.0,-3.08,
720575940626853245,central,unknown,0.0,3.278151806229978e-11,22.150804241628684,258.0,26.0,536.0,27.0,794.0,-5.39,
720575940621479295,sensory,olfactory,0.0,6.441047813065341e-09,25.08215359826307,35.0,5.0,137.0,12.0,172.0,-0.0,
720575940658539905,sensory,olfactory,0.0,0.0,25.06435505746296,61.0,7.0,112.0,9.0,173.0,-0.0,
720575940618562950,central,unknown,0.0,1.1062881218113458e-08,22.227008567283026,183.0,12.0,83.0,4.0,266.0,-5.23,
720575940626886025,central,unknown,0.0,0.0,22.868575059943936,185.0,10.0,33.0,3.0,218.0,-5.49,
720575940622495114,sensory,olfactory,0.0,0.0,24.0,0.0,0.0,43.0,4.0,43.0,-0.0,
720575940631342476,central,Kenyon_Cell,0.0,0.0,24.575136142445,80.0,6.0,18.0,1.0,98.0,-3.24,
720575940640877965,central,Kenyon_Cell,0.0,0.0,24.406611584938343,25.0,2.0,30.0,3.0,55.0,-3.74,
720575940632128908,central,ALPN,0.0,0.0,22.89194515737842,120.0,9.0,253.0,24.0,373.0,-4.57,
720575940623969684,central,Kenyon_Cell,0.0,0.0,24.73923370622233,99.0,7.0,21.0,1.0,120.0,-2.8,
720575940613975455,central,Kenyon_Cell,0.0,0.0,24.674816320477483,135.0,8.0,19.0,1.0,154.0,-3.17,
720575940632063396,sensory,olfactory,0.0,0.0,24.0,0.0,0.0,39.0,5.0,39.0,-0.0,
720575940613746087,central,unknown,0.0,0.0,22.16497922369851,181.0,11.0,130.0,11.0,311.0,-5.4,
720575940610862506,central,Kenyon_Cell,0.0,0.0,24.71060457082111,99.0,7.0,23.0,1.0,122.0,-2.96,
720575940612599215,ascending,AN,0.0,1.201397632381199e-07,22.94461688799977,244.0,19.0,1227.0,75.0,1471.0,-4.43,
720575940619644336,ascending,AN,9.932799972876835e-08,3.5667297302498225e-07,22.67936115165371,307.0,22.0,1361.0,80.0,1668.0,-4.45,
720575940603751857,central,unknown,0.0,0.0,23.01500293653199,73.0,10.0,13.0,2.0,86.0,-5.1,
720575940620463536,central,Kenyon_Cell,0.0,0.0,24.29341850190608,59.0,4.0,51.0,4.0,110.0,-4.36,
720575940620561840,descending,unknown,0.0,1.1088916969055462e-08,19.15238191106099,186.0,10.0,420.0,13.0,606.0,-6.62,
720575940623969717,central,LHLN,0.0,2.498817603239455e-10,24.55288021604076,247.0,27.0,143.0,16.0,390.0,-3.17,
720575940623904181,central,Kenyon_Cell,0.0,0.0,24.487817865839634,64.0,5.0,22.0,1.0,86.0,-3.46,
720575940623707575,central,ALPN,1.0277137038603232e-05,5.546989791423423e-05,24.34299161542047,1312.0,77.0,1410.0,85.0,2722.0,-3.07,
720575940620234177,central,ALLN,0.0,1.1610918091849122e-08,24.538575108428027,99.0,16.0,291.0,24.0,390.0,-4.04,
720575940630818242,central,unknown,0.0,4.645237852175909e-10,24.17776004543469,49.0,6.0,17.0,3.0,66.0,-3.57,
720575940609027523,central,unknown,0.0,9.082083314281017e-09,23.377042576775445,546.0,25.0,366.0,26.0,912.0,-5.21,
720575940615581126,central,unknown,0.0,0.0,22.676683585192706,40.0,6.0,0.0,0.0,40.0,-4.85,
720575940619709899,central,unknown,0.0,1.4708485305399775e-09,22.59912559628793,970.0,54.0,559.0,38.0,1529.0,-5.39,
720575940608044501,sensory,olfactory,0.0,0.0,24.0,0.0,0.0,59.0,9.0,59.0,-0.0,
720575940621282774,sensory,olfactory,0.0,0.0,25.060650325829243,12.0,2.0,49.0,4.0,61.0,-0.0,
720575940620725720,central,ALPN,0.0,2.440865071199129e-08,24.808532249016988,80.0,11.0,202.0,24.0,282.0,-2.97,
720575940611157466,sensory,olfactory,0.0,0.0,25.102554829712982,21.0,3.0,101.0,6.0,122.0,-0.0,
720575940612992479,central,ALPN,0.0,1.429714427722582e-09,24.59220923865087,156.0,15.0,186.0,20.0,342.0,-3.23,
720575940633538018,central,unknown,0.0,1.4000612390282766e-09,22.34112759007935,142.0,14.0,11.0,2.0,153.0,-5.53,
720575940611812835,central,Kenyon_Cell,0.0,0.0,24.524583687069367,58.0,5.0,43.0,4.0,101.0,-3.45,
720575940613254627,central,unknown,0.0,9.286058268906585e-08,24.395368523039924,983.0,77.0,364.0,29.0,1347.0,-3.73,
720575940610403813,central,unknown,0.0,9.798142466246873e-08,21.14830163937296,379.0,19.0,80.0,7.0,459.0,-5.67,
720575940633177570,central,unknown,0.0,2.1216030479265198e-07,23.764592289819237,303.0,28.0,153.0,9.0,456.0,-5.26,
720575940620660207,central,unknown,0.0,4.001693890366532e-09,24.43584740736861,720.0,56.0,112.0,10.0,832.0,-3.42,
720575940623248883,central,ALLN,0.0,1.1004267919986e-08,24.735991163416656,43.0,4.0,91.0,7.0,134.0,-3.12,
720575940652477942,central,unknown,0.0,0.0,24.2300486534822,204.0,16.0,71.0,9.0,275.0,-3.95,
720575940626394626,central,unknown,0.0,0.0,24.06143345492893,169.0,16.0,33.0,4.0,202.0,-3.62,
720575940621872645,central,Kenyon_Cell,0.0,0.0,24.70507023388627,73.0,5.0,24.0,1.0,97.0,-2.86,
720575940624330248,central,unknown,0.0,0.0,24.60492805100093,87.0,7.0,66.0,11.0,153.0,-3.21,
720575940623707656,central,Kenyon_Cell,0.0,0.0,24.553591825390296,84.0,5.0,15.0,1.0,99.0,-3.19,
720575940608437769,central,Kenyon_Cell,0.0,0.0,24.766408370765284,99.0,4.0,25.0,1.0,124.0,-3.22,
720575940622364184,central,ALPN,7.548927979386393e-07,3.1914320939832977e-07,24.59632832071165,113.0,13.0,641.0,61.0,754.0,-2.83,
720575940616924701,sensory,olfactory,0.0,5.05770222528769e-10,25.10426608961309,38.0,5.0,157.0,12.0,195.0,-0.0,
720575940625477150,central,Kenyon_Cell,0.0,0.0,24.325754493928606,60.0,3.0,27.0,1.0,87.0,-3.5,
720575940618038813,central,LHLN,0.0,1.1884437460520351e-08,24.845563781216374,255.0,12.0,229.0,18.0,484.0,-2.95,
720575940605619744,central,Kenyon_Cell,0.0,0.0,24.619061035190303,107.0,6.0,26.0,2.0,133.0,-2.89,
720575940604997152,central,Kenyon_Cell,0.0,0.0,24.75466612947897,110.0,9.0,15.0,1.0,125.0,-2.71,
720575940618464802,central,unknown,0.0,0.0,21.40868026970918,31.0,4.0,5.0,1.0,36.0,-6.47,
720575940646415907,central,unknown,0.0,1.327347411635218e-09,23.267705652372168,301.0,28.0,194.0,13.0,495.0,-5.61,
720575940621413926,central,Kenyon_Cell,0.0,0.0,24.318113632178537,42.0,3.0,21.0,2.0,63.0,-3.64,
720575940624330281,central,ALLN,9.151419708343856e-06,1.0229832600601333e-05,24.64022771913985,3017.0,125.0,967.0,72.0,3984.0,-3.16,
720575940630916650,central,ALLN,0.0,1.1669740166479064e-08,23.626226389306225,51.0,7.0,273.0,9.0,324.0,-4.09,
720575940627017259,central,unknown,0.0,2.8142085603303545e-10,23.02492852360363,48.0,7.0,125.0,8.0,173.0,-5.74,
720575940629999148,central,unknown,0.0,2.532721930035081e-10,24.34639627900065,68.0,10.0,90.0,13.0,158.0,-3.39,
720575940613418547,central,unknown,4.502869321037498e-07,4.078944074873021e-07,21.93218300468218,309.0,24.0,607.0,33.0,916.0,-5.06,
720575940614041139,central,unknown,0.0,5.0826623729532495e-08,24.377691235331834,383.0,34.0,1219.0,85.0,1602.0,-3.57,
720575940645858868,sensory,olfactory,0.0,0.0,24.0,0.0,0.0,29.0,3.0,29.0,-0.0,
720575940618595894,central,unknown,0.0,9.693685497087517e-09,22.531433593016853,278.0,31.0,81.0,10.0,359.0,-5.43,
720575940629343799,sensory,olfactory,0.0,0.0,25.19274591660525,88.0,10.0,363.0,23.0,451.0,-0.0,
720575940616891958,central,unknown,0.0,9.246095237004545e-09,24.51222301763081,232.0,23.0,50.0,7.0,282.0,-3.38,
720575940631801401,central,Kenyon_Cell,0.0,0.0,24.70462381001477,109.0,5.0,22.0,1.0,131.0,-3.06,
720575940617186875,central,unknown,0.0,0.0,24.408429244211167,324.0,37.0,143.0,13.0,467.0,-3.85,
720575940611092036,central,unknown,0.0,3.2419336765890005e-10,23.895560652269616,303.0,26.0,165.0,15.0,468.0,-4.81,
720575940616793669,sensory,olfactory,0.0,0.0,25.09831879423465,21.0,3.0,153.0,9.0,174.0,-0.0,
720575940609060420,central,unknown,1.3243733297169113e-07,0.0,22.65731313273956,376.0,25.0,180.0,9.0,556.0,-5.51,
720575940631866951,central,unknown,0.0,6.9295211126442235e-09,22.241674266083077,224.0,10.0,246.0,12.0,470.0,-5.32,
720575940623543881,central,ALPN,1.523029329174448e-06,2.714963224364615e-06,24.533041466662823,490.0,48.0,864.0,84.0,1354.0,-2.01,
720575940637404750,central,Kenyon_Cell,0.0,0.0,24.615107882256503,121.0,7.0,21.0,1.0,142.0,-2.98,
720575940628753999,central,unknown,0.0,0.0,23.004182476745918,72.0,11.0,185.0,20.0,257.0,-4.98,
720575940617645652,sensory,olfactory,0.0,0.0,25.12245796808057,35.0,5.0,83.0,5.0,118.0,-0.0,
720575940628393559,central,unknown,0.0,4.75298223756758e-07,24.275962806560003,246.0,21.0,156.0,13.0,402.0,-4.47,
720575940610960994,central,Kenyon_Cell,0.0,0.0,24.59576873656321,151.0,9.0,28.0,1.0,179.0,-3.28,
720575940633439851,central,unknown,0.0,0.0,23.10404526708963,104.0,11.0,84.0,9.0,188.0,-5.07,
720575940633210475,central,Kenyon_Cell,0.0,0.0,24.43006114677544,107.0,8.0,12.0,1.0,119.0,-3.44,
720575940628164222,central,ALPN,0.0,1.3317309593264495e-08,24.977538824407507,19.0,3.0,194.0,13.0,213.0,-1.66,
720575940622790271,central,unknown,0.0,4.282418422024896e-08,23.11027212002002,444.0,28.0,2183.0,101.0,2627.0,-4.99,
720575940646088324,sensory,olfactory,0.0,0.0,25.104511832363293,19.0,3.0,89.0,7.0,108.0,-0.0,
720575940624789125,central,ALPN,0.0,2.7732484906050294e-08,24.636532744982677,31.0,4.0,77.0,9.0,108.0,-2.93,
720575940625182341,descending,unknown,0.0,2.8261749321408624e-07,21.44333735494564,428.0,18.0,19.0,2.0,447.0,-5.82,
720575940645858948,central,Kenyon_Cell,0.0,0.0,24.31330935547148,30.0,3.0,20.0,2.0,50.0,-3.56,
720575940625608329,central,Kenyon_Cell,0.0,6.101922776410777e-10,24.445256172069037,27.0,3.0,33.0,3.0,60.0,-3.88,
720575940626394767,central,unknown,0.0,4.576403498282749e-09,23.102296601115967,35.0,6.0,37.0,4.0,72.0,-3.79,
720575940623249043,central,unknown,9.138175975046688e-07,4.327644599694621e-08,24.225942952073023,805.0,44.0,138.0,7.0,943.0,-4.03,
720575940616892061,central,ALLN,0.0,1.8136494308500083e-09,24.75298419047586,30.0,4.0,116.0,18.0,146.0,-3.48,
720575940644744864,central,ALPN,0.0,7.883174581648281e-11,24.52428105946501,99.0,9.0,406.0,23.0,505.0,-3.0,
720575940643794592,central,unknown,0.0,0.0,23.63677758491133,227.0,15.0,79.0,11.0,306.0,-4.9,
720575940622495401,central,unknown,6.886741314527938e-07,1.937046202349407e-07,22.298802132025703,815.0,56.0,905.0,39.0,1720.0,-5.14,
720575940604407468,central,ALPN,2.754696525811175e-06,3.174910238475998e-06,24.462900021481737,491.0,45.0,1214.0,98.0,1705.0,-2.17,
720575940613877423,central,unknown,0.0,0.0,23.05702661034948,364.0,25.0,12.0,2.0,376.0,-5.39,
720575940605947569,central,LHLN,0.0,4.657116641055974e-10,24.618981663468578,563.0,38.0,196.0,24.0,759.0,-3.31,
720575940623707831,central,LHLN,3.046058658348896e-07,1.0193851594858858e-08,24.83303188957003,747.0,26.0,1231.0,99.0,1978.0,-2.83,
720575940621807300,central,Kenyon_Cell,0.0,0.0,24.68024126949159,96.0,6.0,12.0,1.0,108.0,-3.39,
720575940630949573,central,unknown,0.0,1.2172582049059551e-09,24.46662263587762,117.0,11.0,103.0,12.0,220.0,-3.71,
720575940615876294,central,Kenyon_Cell,0.0,0.0,24.700060716238408,152.0,8.0,14.0,1.0,166.0,-2.97,
720575940641369808,central,ALPN,0.0,3.730629097794117e-11,24.43644097065193,44.0,6.0,242.0,13.0,286.0,-3.09,
720575940608241365,central,ALLN,0.0,2.2535597000095338e-07,24.543103156974723,1081.0,94.0,1485.0,105.0,2566.0,-3.88,
720575940622167766,central,LHLN,0.0,2.3862582517421823e-11,24.59667966935009,277.0,28.0,67.0,8.0,344.0,-3.55,
720575940616924902,central,Kenyon_Cell,0.0,0.0,24.523133651235018,76.0,3.0,40.0,2.0,116.0,-3.48,
720575940623871723,central,LHLN,0.0,2.4602330776217353e-09,24.689757111771048,250.0,18.0,63.0,4.0,313.0,-3.15,
720575940612140781,sensory,olfactory,0.0,5.146062321235272e-08,25.1114121467258,11.0,2.0,129.0,8.0,140.0,-0.0,
720575940624527091,central,Kenyon_Cell,0.0,0.0,24.38100724528247,110.0,7.0,24.0,1.0,134.0,-3.57,
720575940622987007,sensory,olfactory,0.0,6.074324948291191e-10,25.11119182191877,61.0,5.0,143.0,10.0,204.0,-0.0,
720575940608601865,central,unknown,0.0,5.306528592590951e-07,23.89949680642933,779.0,59.0,121.0,10.0,900.0,-4.43,
720575940628360970,central,unknown,0.0,0.0,24.85438402163574,23.0,3.0,22.0,3.0,45.0,-3.03,
720575940626624275,central,ALLN,4.239319028423833e-05,9.870587103901656e-07,24.68222069338937,3110.0,115.0,2650.0,108.0,5760.0,-3.11,
720575940624166680,central,unknown,0.0,0.0,24.443362754019745,29.0,4.0,8.0,1.0,37.0,-3.65,
720575940625805084,central,ALPN,0.0,4.112960651294755e-11,24.173802798466188,113.0,11.0,131.0,15.0,244.0,-4.23,
720575940619087645,central,unknown,0.0,5.85157075823024e-10,21.96708291223145,168.0,8.0,46.0,5.0,214.0,-5.76,
720575940624133925,central,unknown,0.0,0.0,23.726107598908538,31.0,3.0,0.0,0.0,31.0,-3.57,
720575940613713704,central,Kenyon_Cell,0.0,0.0,24.58328120721368,116.0,8.0,18.0,1.0,134.0,-3.23,
720575940630982442,central,unknown,0.0,2.7617213197949317e-08,21.29098762264677,420.0,24.0,81.0,5.0,501.0,-5.65,
720575940629409580,central,ALLN,0.0,1.88820241246276e-10,24.066200486824584,15.0,2.0,192.0,23.0,207.0,-3.71,
720575940625870640,descending,unknown,0.0,0.0,20.51214203708026,710.0,29.0,20.0,3.0,730.0,-5.23,
720575940615089970,sensory,olfactory,0.0,6.237525605064685e-10,25.09098008706493,60.0,5.0,121.0,7.0,181.0,-0.0,
720575940615155507,central,unknown,0.0,5.204611792626747e-07,24.03043402760516,1000.0,63.0,57.0,4.0,1057.0,-4.26,
720575940647956276,central,unknown,0.0,0.0,23.58291207821184,161.0,16.0,86.0,2.0,247.0,-4.39,
720575940617056064,sensory,olfactory,0.0,8.51897855979323e-10,25.100750309028754,49.0,5.0,164.0,13.0,213.0,-0.0,
720575940608667460,sensory,olfactory,0.0,0.0,25.089404505653494,12.0,2.0,94.0,7.0,106.0,-0.0,
720575940631801671,central,ALPN,1.8541226616036761e-07,1.914611967919657e-08,24.44239803311656,1663.0,97.0,1550.0,74.0,3213.0,-4.19,
720575940621709132,central,Kenyon_Cell,0.0,0.0,24.428432932988144,115.0,7.0,16.0,1.0,131.0,-3.25,
720575940623576909,central,Kenyon_Cell,0.0,0.0,24.71970071760552,179.0,7.0,25.0,1.0,204.0,-3.1,
720575940630392684,central,Kenyon_Cell,0.0,0.0,24.690410961104696,88.0,8.0,23.0,2.0,111.0,-3.28,
720575940620595053,central,ALPN,5.138568519301616e-06,4.985766971398145e-06,24.41666080208448,1250.0,112.0,4142.0,269.0,5392.0,-3.81,
720575940612468594,central,ALPN,0.0,1.0303761785812214e-08,24.088256173421,951.0,53.0,2883.0,98.0,3834.0,-4.97,
720575940635537271,central,Kenyon_Cell,0.0,0.0,24.678024074555907,106.0,7.0,27.0,2.0,133.0,-3.0,
720575940629671802,central,unknown,0.0,9.48706550576882e-10,24.010595937949,326.0,21.0,81.0,10.0,407.0,-4.65,
720575940617187195,central,unknown,0.0,0.0,22.974226732412472,116.0,11.0,44.0,4.0,160.0,-5.54,
720575940659392385,central,Kenyon_Cell,0.0,0.0,24.701607909691607,149.0,9.0,28.0,1.0,177.0,-3.01,
720575940606963586,central,Kenyon_Cell,0.0,0.0,24.722251488183264,125.0,8.0,22.0,1.0,147.0,-3.04,
720575940645728132,sensory,olfactory,0.0,3.949346651056541e-08,25.15773271407648,373.0,23.0,926.0,32.0,1299.0,-0.0,
720575940627771279,descending,unknown,0.0,0.0,20.877806351341285,116.0,11.0,0.0,0.0,116.0,-5.97,
720575940617351057,central,Kenyon_Cell,0.0,0.0,24.6255307681076,107.0,7.0,29.0,2.0,136.0,-3.18,
720575940623183763,central,ALLN,0.0,9.814629117247002e-08,24.894528517875997,11.0,1.0,43.0,6.0,54.0,-2.95,
720575940633735063,central,unknown,0.0,0.0,23.20883543183733,81.0,7.0,41.0,6.0,122.0,-5.87,
720575940611059609,central,Kenyon_Cell,0.0,0.0,24.31079303101684,51.0,3.0,25.0,1.0,76.0,-3.7,
720575940627214235,central,ALLN,0.0,6.533327841489588e-07,24.975488598753174,160.0,20.0,364.0,18.0,524.0,-1.12,
720575940614238114,central,ALPN,0.0,1.8369010447252371e-06,24.5245886380032,1362.0,119.0,2283.0,164.0,3645.0,-3.58,
720575940620103590,central,ALPN,0.0,2.1467114068453778e-07,24.98676715787066,692.0,48.0,711.0,56.0,1403.0,-1.89,
720575940604276652,ascending,AN,0.0,3.8917527200991794e-09,21.64204004323427,131.0,8.0,778.0,40.0,909.0,-5.78,
720575940606865330,central,unknown,0.0,3.069928797104041e-07,22.46920115553849,1418.0,31.0,397.0,13.0,1815.0,-5.72,
720575940606603186,ascending,AN,0.0,2.711980784252576e-10,22.639772928265952,168.0,2.0,224.0,13.0,392.0,-6.35,
720575940623085495,sensory,olfactory,0.0,0.0,25.134060576685396,34.0,4.0,98.0,6.0,132.0,-0.0,
720575940625215416,sensory,olfactory,0.0,0.0,25.149781253844463,11.0,2.0,66.0,7.0,77.0,-0.0,
720575940617482169,central,unknown,0.0,0.0,24.62199596059284,91.0,12.0,17.0,2.0,108.0,-3.09,
720575940623871928,central,unknown,0.0,1.3652842743619107e-08,24.45922263156802,139.0,10.0,125.0,15.0,264.0,-3.76,
720575940624953276,central,unknown,0.0,4.611319923849574e-09,24.47384615668119,221.0,22.0,107.0,12.0,328.0,-3.2,
720575940621316033,central,ALPN,0.0,2.0831438778565195e-06,24.875923430386383,828.0,64.0,692.0,76.0,1520.0,-1.98,
720575940627148746,central,unknown,0.0,0.0,23.388499354278512,158.0,14.0,184.0,10.0,342.0,-4.67,
720575940614008785,central,Kenyon_Cell,0.0,0.0,24.722946719634106,116.0,7.0,21.0,1.0,137.0,-2.91,
720575940610895826,central,unknown,0.0,0.0,24.633689821540955,102.0,13.0,13.0,2.0,115.0,-3.02,
720575940613353425,central,unknown,0.0,0.0,22.978186696562545,137.0,14.0,7.0,1.0,144.0,-4.75,
720575940615385055,central,unknown,0.0,4.70992532151983e-07,22.408744075063893,6.0,1.0,20.0,3.0,26.0,-3.55,
720575940605882336,central,LHLN,0.0,2.026586847432418e-09,24.634881006601542,262.0,18.0,163.0,15.0,425.0,-2.97,
720575940632915937,central,Kenyon_Cell,0.0,0.0,24.640437880772456,103.0,5.0,23.0,1.0,126.0,-3.09,
720575940623708135,sensory,olfactory,0.0,0.0,25.118557370430445,7.0,1.0,193.0,13.0,200.0,-0.0,
720575940627902440,central,Kenyon_Cell,0.0,0.0,24.588765384691072,75.0,6.0,26.0,2.0,101.0,-3.19,
720575940622331882,central,ALPN,0.0,2.3242532256498305e-06,23.30554362294045,585.0,27.0,712.0,38.0,1297.0,-4.44,
720575940624527340,central,Kenyon_Cell,0.0,0.0,24.679361023802567,120.0,9.0,18.0,1.0,138.0,-3.28,
720575940626919409,central,Kenyon_Cell,0.0,0.0,24.454719554619366,51.0,4.0,35.0,2.0,86.0,-3.41,
720575940629049335,sensory,olfactory,0.0,5.393770322918987e-11,25.130171434485256,24.0,3.0,125.0,13.0,149.0,-0.0,
720575940623282175,central,LHLN,0.0,7.186127957130848e-09,24.861070023645883,212.0,10.0,279.0,28.0,491.0,-3.14,
720575940628590595,central,Kenyon_Cell,0.0,8.913046625676631e-10,23.73151961759784,39.0,4.0,33.0,2.0,72.0,-4.42,
720575940631638034,sensory,olfactory,0.0,0.0,25.12319706878037,17.0,3.0,86.0,9.0,103.0,-0.0,
720575940612042774,central,unknown,0.0,0.0,22.97554309971204,138.0,12.0,28.0,3.0,166.0,-5.39,
720575940635111449,central,unknown,0.0,1.2462747888458413e-08,22.303921148520683,213.0,15.0,307.0,22.0,520.0,-5.61,
720575940621185050,central,ALPN,0.0,1.7415677490883913e-06,24.484666296076405,440.0,40.0,690.0,68.0,1130.0,-2.38,
720575940622102554,central,unknown,0.0,3.8159905044637774e-08,24.36798214775033,210.0,25.0,122.0,12.0,332.0,-3.59,
720575940646416419,central,ALPN,0.0,0.0,24.725877535184217,17.0,3.0,58.0,6.0,75.0,-3.58,
720575940630622250,central,unknown,0.0,0.0,23.405116341968395,369.0,29.0,135.0,9.0,504.0,-4.22,
720575940632817709,central,unknown,0.0,0.0,24.40421918925312,298.0,26.0,37.0,5.0,335.0,-3.61,
720575940631998511,sensory,olfactory,0.0,0.0,25.114715554568345,30.0,4.0,81.0,7.0,111.0,-0.0,
720575940646514740,sensory,olfactory,0.0,5.84943175345892e-11,25.09723813727076,123.0,14.0,165.0,14.0,288.0,-0.0,
720575940639043637,central,Kenyon_Cell,0.0,0.0,24.375010304949164,47.0,3.0,40.0,3.0,87.0,-3.66,
720575940644974644,central,Kenyon_Cell,0.0,0.0,24.27606111164667,62.0,4.0,62.0,4.0,124.0,-4.26,
720575940631769145,central,Kenyon_Cell,0.0,0.0,24.75546697594708,142.0,6.0,18.0,1.0,160.0,-3.09,
720575940616138811,sensory,olfactory,0.0,0.0,24.0,0.0,0.0,58.0,7.0,58.0,-0.0,
720575940620759105,central,Kenyon_Cell,0.0,0.0,24.636058704839076,126.0,7.0,30.0,2.0,156.0,-3.06,
720575940631048267,central,Kenyon_Cell,0.0,0.0,24.57996270359175,128.0,7.0,16.0,1.0,144.0,-3.37,
720575940623380556,central,unknown,0.0,0.0,21.81441827489868,145.0,12.0,123.0,5.0,268.0,-5.43,
720575940628983887,central,unknown,0.0,2.217011455909809e-07,24.244304719540928,2162.0,119.0,970.0,60.0,3132.0,-3.85,
720575940636684378,central,unknown,0.0,4.088432694318536e-09,24.683741352860363,23.0,3.0,11.0,2.0,34.0,-3.39,
720575940616564829,central,unknown,0.0,9.883383057588888e-11,21.61438981993636,134.0,18.0,91.0,8.0,225.0,-5.32,
720575940634325087,central,ALPN,1.3243733297169112e-08,2.156847139526233e-06,24.881002311226275,732.0,91.0,623.0,67.0,1355.0,-1.59,
720575940610469986,central,unknown,0.0,0.0,20.86111640292504,165.0,9.0,232.0,9.0,397.0,-6.63,
720575940614533226,central,Kenyon_Cell,0.0,0.0,24.77673366481931,88.0,7.0,20.0,1.0,108.0,-2.72,
720575940629377132,central,unknown,5.045862386221431e-06,6.003151110255473e-08,22.077182555465097,1458.0,13.0,396.0,15.0,1854.0,-6.24,
720575940644221038,sensory,olfactory,0.0,0.0,24.0,0.0,0.0,24.0,4.0,24.0,-0.0,
720575940616368245,central,Kenyon_Cell,0.0,0.0,24.631869713592792,97.0,5.0,15.0,1.0,112.0,-3.22,
720575940616564853,central,unknown,0.0,1.6905979451803418e-07,23.87104568465584,93.0,11.0,53.0,5.0,146.0,-3.52,
720575940620202111,sensory,olfactory,0.0,6.074324948291191e-10,25.11382473454965,34.0,3.0,121.0,6.0,155.0,-0.0,
720575940608176258,central,unknown,3.853926389476212e-06,9.256634638525108e-07,21.96115960668688,872.0,14.0,413.0,17.0,1285.0,-5.64,
720575940626034819,central,ALPN,8.475989310188232e-07,1.1758271167588398e-06,24.532513869083918,377.0,40.0,609.0,58.0,986.0,-1.84,
720575940621545606,central,unknown,3.524157430376701e-05,1.6554666621461394e-10,20.534007925716143,802.0,26.0,728.0,18.0,1530.0,-5.6,
720575940623413384,sensory,olfactory,0.0,0.0,24.0,0.0,0.0,5.0,1.0,5.0,-0.0,
720575940626854025,central,unknown,0.0,4.237936398366779e-09,24.116838819327448,171.0,15.0,28.0,4.0,199.0,-4.07,
720575940631474316,sensory,olfactory,0.0,6.670772910012686e-10,25.128497205940825,75.0,11.0,107.0,4.0,182.0,-0.0,
720575940641403021,sensory,olfactory,0.0,0.0,24.0,0.0,0.0,13.0,2.0,13.0,-0.0,
720575940637208718,central,ALPN,2.754696525811175e-06,3.195121743872867e-06,24.503480732161535,661.0,64.0,1168.0,107.0,1829.0,-2.13,
720575940625772688,central,LHLN,0.0,3.08765094948679e-10,24.59000787349303,134.0,10.0,170.0,11.0,304.0,-3.36,
720575940625576080,central,Kenyon_Cell,0.0,0.0,24.422777387531983,40.0,4.0,29.0,1.0,69.0,-3.62,
720575940633211031,sensory,olfactory,0.0,0.0,25.0883822082052,5.0,1.0,87.0,8.0,92.0,-0.0,
720575940613583001,central,MBIN,1.430323196094264e-05,4.808258313783702e-07,23.243865251984847,20374.0,898.0,15458.0,857.0,35832.0,-4.23,
720575940628983963,central,Kenyon_Cell,0.0,0.0,24.482004685902048,87.0,6.0,27.0,1.0,114.0,-3.17,
720575940653723809,central,unknown,0.0,0.0,22.222138692680865,20.0,2.0,11.0,1.0,31.0,-4.4,
720575940614467751,central,unknown,0.0,6.039114506258718e-08,22.26350052347313,434.0,24.0,149.0,10.0,583.0,-5.59,
720575940634849460,central,Kenyon_Cell,0.0,0.0,24.343250971505903,70.0,6.0,23.0,1.0,93.0,-3.59,
720575940623118519,central,ALLN,0.0,1.5164580111262342e-10,24.51265471047924,135.0,12.0,39.0,4.0,174.0,-3.17,
720575940605423806,central,unknown,7.946239978301468e-08,1.389247678492806e-09,23.561706419744667,223.0,20.0,124.0,8.0,347.0,-4.5,
720575940615155910,central,unknown,0.0,0.0,21.491872095424604,77.0,7.0,24.0,3.0,101.0,-6.18,
720575940622135501,central,Kenyon_Cell,0.0,0.0,24.360416844434603,54.0,4.0,35.0,2.0,89.0,-3.65,
720575940622201046,central,unknown,0.0,0.0,23.75956614693509,234.0,21.0,417.0,29.0,651.0,-4.65,
720575940618727640,central,unknown,0.0,6.5193073398726754e-09,20.85929403811597,109.0,10.0,42.0,6.0,151.0,-5.04,
720575940637143262,central,Kenyon_Cell,0.0,0.0,24.719437820941355,119.0,8.0,31.0,1.0,150.0,-2.96,
720575940633080033,sensory,olfactory,0.0,0.0,25.11175380757805,40.0,4.0,142.0,12.0,182.0,-0.0,
720575940636356836,central,Kenyon_Cell,0.0,0.0,24.543956738581024,63.0,5.0,16.0,1.0,79.0,-3.15,
720575940611682533,central,unknown,0.0,0.0,23.54456430284509,51.0,6.0,12.0,2.0,63.0,-4.15,
720575940612042981,central,ALLN,0.0,0.0,23.13249068989376,24.0,2.0,128.0,15.0,152.0,-5.28,
720575940623151339,sensory,olfactory,0.0,0.0,25.096588149483573,42.0,6.0,176.0,11.0,218.0,-0.0,
720575940613058802,central,ALPN,0.0,3.576270445848201e-08,24.765797135486668,174.0,18.0,297.0,29.0,471.0,-2.84,
720575940622070004,sensory,olfactory,0.0,0.0,24.0,0.0,0.0,54.0,8.0,54.0,-0.0,
720575940630720763,central,unknown,1.9335850613866904e-06,6.070405655243162e-08,21.75743315045255,430.0,15.0,349.0,19.0,779.0,-5.53,
720575940624167165,central,unknown,0.0,6.70100944043247e-10,24.48557621060516,410.0,49.0,142.0,13.0,552.0,-3.58,
720575940630950144,central,unknown,0.0,0.0,21.959248413923596,11.0,2.0,0.0,0.0,11.0,-5.09,
720575940629508358,central,unknown,0.0,0.0,23.11316363118917,234.0,21.0,68.0,6.0,302.0,-5.06,
720575940623872263,central,ALPN,0.0,0.0,24.61494526276555,58.0,7.0,79.0,8.0,137.0,-3.29,
720575940622659847,central,unknown,0.0,0.0,23.584712835935463,304.0,23.0,59.0,7.0,363.0,-4.56,
720575940614304012,central,Kenyon_Cell,0.0,0.0,24.48271282412269,70.0,4.0,32.0,1.0,102.0,-3.54,
720575940615090444,central,Kenyon_Cell,0.0,0.0,24.5705765034485,122.0,7.0,20.0,1.0,142.0,-3.3,
720575940621086996,central,ALLN,1.1257173302593745e-06,9.752140123634671e-07,24.99241309094001,1401.0,58.0,723.0,27.0,2124.0,-1.29,
720575940626886933,sensory,olfactory,0.0,2.043122290436374e-09,25.12663139249523,60.0,8.0,101.0,9.0,161.0,-0.0,
720575940621414676,central,ALPN,0.0,4.6222755580894814e-10,24.73313850011038,20.0,3.0,208.0,22.0,228.0,-3.37,
720575940623085850,central,unknown,0.0,0.0,21.272504561386228,18.0,3.0,0.0,0.0,18.0,-6.0,
720575940625772828,central,ALLN,0.0,0.0,24.8864408595501,11.0,2.0,75.0,11.0,86.0,-3.04,
720575940626690334,central,unknown,2.6487466594338224e-08,8.084157384820571e-07,24.51014318365229,1098.0,56.0,218.0,18.0,1316.0,-3.41,
720575940605391136,central,unknown,0.0,2.967042658056556e-09,24.522353576767184,637.0,58.0,219.0,22.0,856.0,-3.6,
720575940624986407,central,unknown,2.3441407935989328e-05,2.329716805184925e-06,20.23238082319135,272.0,22.0,861.0,33.0,1133.0,-5.14,
720575940615778610,central,unknown,0.0,6.043597475085252e-09,23.81978315148532,373.0,28.0,135.0,7.0,508.0,-4.99,
720575940630360377,central,Kenyon_Cell,0.0,0.0,24.51482317420535,67.0,6.0,17.0,1.0,84.0,-3.42,
720575940638683453,sensory,olfactory,0.0,0.0,25.11969338440924,67.0,10.0,141.0,9.0,208.0,-0.0,
720575940639076669,sensory,olfactory,0.0,2.6551068507462963e-08,25.10280147384381,39.0,6.0,197.0,13.0,236.0,-0.0,
720575940629541187,central,Kenyon_Cell,0.0,0.0,24.152457650561647,20.0,2.0,33.0,2.0,53.0,-4.0,
720575940608176452,central,unknown,0.0,0.0,24.792462812053287,91.0,7.0,33.0,5.0,124.0,-2.95,
720575940628787528,central,LHLN,0.0,5.164118267154148e-09,24.644716808611744,386.0,30.0,124.0,19.0,510.0,-3.03,
720575940640420174,central,unknown,0.0,0.0,22.58917800139452,153.0,11.0,49.0,5.0,202.0,-5.53,
720575940619153749,central,Kenyon_Cell,0.0,0.0,24.706728998530497,97.0,5.0,43.0,3.0,140.0,-3.18,
720575940616532310,sensory,olfactory,0.0,4.399821701563327e-08,25.18086264074217,58.0,5.0,89.0,12.0,147.0,-0.0,
720575940626952537,central,unknown,1.059498663773529e-07,2.543796375234029e-07,19.860735108851834,300.0,10.0,243.0,16.0,543.0,-6.26,
720575940636520805,central,LHLN,0.0,8.176792606580891e-09,24.708671776714144,501.0,20.0,169.0,23.0,670.0,-3.07,
720575940636291429,central,Kenyon_Cell,0.0,0.0,24.6640514846277,139.0,5.0,17.0,1.0,156.0,-3.25,
720575940603556198,central,unknown,0.0,3.200511161705967e-10,24.208760504156867,53.0,6.0,81.0,9.0,134.0,-3.91,
720575940634259819,central,unknown,0.0,0.0,23.342522450632355,41.0,5.0,175.0,11.0,216.0,-3.82,
720575940630196588,sensory,olfactory,0.0,0.0,25.11273556242985,32.0,4.0,155.0,9.0,187.0,-0.0,
720575940630098284,central,unknown,1.5892479956602933e-07,3.8954991109330845e-08,20.641386694901417,612.0,13.0,1390.0,33.0,2002.0,-6.48,
720575940643041646,central,unknown,0.0,0.0,23.09507231365053,139.0,16.0,56.0,5.0,195.0,-5.22,
720575940611092849,central,unknown,0.0,0.0,22.7193317089757,58.0,6.0,142.0,12.0,200.0,-4.83,
720575940616565109,central,LHLN,0.0,7.653275113059401e-09,24.717482348815864,643.0,35.0,265.0,25.0,908.0,-3.2,
720575940611846520,central,unknown,0.0,0.0,22.73526516160621,206.0,11.0,206.0,16.0,412.0,-4.78,
720575940618236283,sensory,olfactory,0.0,0.0,24.0,0.0,0.0,20.0,3.0,20.0,-0.0,
720575940630753662,central,unknown,0.0,2.836570270219108e-07,20.961397717320505,49.0,6.0,28.0,4.0,77.0,-5.46,
720575940621939071,central,ALIN,0.0,1.4026240348983465e-06,22.787467698661157,750.0,65.0,1056.0,50.0,1806.0,-4.83,
720575940640125312,central,unknown,0.0,0.0,24.061093312086044,181.0,18.0,66.0,7.0,247.0,-4.08,
720575940620497286,central,unknown,0.0,3.972168196964406e-09,24.57334976662274,901.0,66.0,423.0,26.0,1324.0,-3.63,
720575940626821513,central,unknown,0.0,3.1832796712218145e-10,24.661538729986194,82.0,7.0,117.0,12.0,199.0,-3.37,
720575940625740169,central,Kenyon_Cell,0.0,0.0,24.127796267696848,61.0,4.0,31.0,3.0,92.0,-4.09,
720575940623479178,central,unknown,0.0,0.0,23.68395866535017,25.0,3.0,32.0,2.0,57.0,-4.81,
720575940641632653,central,mAL,0.0,0.0,23.553631615419647,146.0,17.0,102.0,11.0,248.0,-3.95,
720575940623315347,central,Kenyon_Cell,0.0,0.0,24.664503597332747,85.0,6.0,12.0,1.0,97.0,-3.07,
720575940624069012,central,ALLN,0.0,5.6061635165931e-08,24.159531157837023,171.0,23.0,265.0,22.0,436.0,-4.65,
720575940624462228,central,Kenyon_Cell,0.0,0.0,24.54388406471785,94.0,7.0,29.0,2.0,123.0,-3.26,
720575940612534681,central,unknown,0.0,0.0,24.1263989891265,58.0,8.0,65.0,9.0,123.0,-4.1,
720575940616925597,central,unknown,0.0,0.0,21.767853241010982,231.0,14.0,760.0,32.0,991.0,-5.93,
720575940618989982,central,LHLN,0.0,0.0,24.74401132013041,71.0,7.0,72.0,9.0,143.0,-3.13,
720575940637864355,central,ALPN,9.27061330801838e-08,3.498037529564471e-07,24.898455731399828,1593.0,94.0,1452.0,128.0,3045.0,-2.0,
720575940614468007,central,unknown,0.0,6.758535060047427e-08,24.413166209951623,699.0,43.0,650.0,51.0,1349.0,-4.12,
720575940636488110,central,unknown,0.0,1.7767422151663039e-09,24.562853126597936,557.0,41.0,328.0,29.0,885.0,-3.44,
720575940620661168,central,LHCENT,0.0,5.61348364764998e-07,23.26803062024911,674.0,57.0,1030.0,80.0,1704.0,-5.13,
720575940613222835,central,ALLN,0.0,5.4615223365649536e-08,24.63259749575009,366.0,17.0,892.0,28.0,1258.0,-2.83,
720575940622528951,central,Kenyon_Cell,0.0,0.0,24.443153349307355,40.0,4.0,32.0,2.0,72.0,-3.69,
720575940605620670,central,Kenyon_Cell,0.0,0.0,24.60803607870849,42.0,4.0,23.0,1.0,65.0,-3.51,
720575940619743680,central,Kenyon_Cell,0.0,0.0,24.519836539675964,130.0,8.0,21.0,1.0,151.0,-3.66,
720575940608537027,central,Kenyon_Cell,0.0,0.0,24.330728483421808,123.0,7.0,21.0,1.0,144.0,-3.8,
720575940630917573,central,Kenyon_Cell,0.0,0.0,24.490126934050497,60.0,4.0,35.0,1.0,95.0,-3.29,
720575940614926790,sensory,olfactory,0.0,5.393770322918987e-11,25.148472266542477,92.0,10.0,180.0,8.0,272.0,-0.0,
720575940643008968,central,unknown,0.0,0.0,23.351985250653115,233.0,23.0,193.0,11.0,426.0,-4.93,
720575940625543626,central,unknown,0.0,0.0,22.483059461356007,95.0,6.0,55.0,5.0,150.0,-6.23,
720575940630950351,central,unknown,0.0,0.0,23.969507742025105,221.0,19.0,104.0,11.0,325.0,-4.45,
720575940611944914,central,ALLN,9.336831974504225e-06,1.0400531868346576e-05,24.62348870896325,2198.0,107.0,753.0,40.0,2951.0,-3.05,
720575940610896338,central,unknown,0.0,4.340075866514272e-07,23.162540577602044,303.0,22.0,148.0,14.0,451.0,-4.97,
720575940616597977,central,unknown,0.0,1.3501251892444452e-08,20.603686016673716,179.0,18.0,53.0,6.0,232.0,-5.7,
720575940637372894,central,Kenyon_Cell,0.0,0.0,24.39508960073209,47.0,3.0,22.0,1.0,69.0,-3.51,
720575940612829663,central,ALPN,0.0,0.0,24.647131772973854,10.0,1.0,87.0,8.0,97.0,-4.17,
720575940612403685,central,unknown,0.0,0.0,24.14977975805347,46.0,4.0,14.0,1.0,60.0,-3.99,
720575940624789991,central,unknown,0.0,1.5766349163296562e-10,24.35395322071496,202.0,20.0,67.0,8.0,269.0,-3.71,
720575940620628463,central,unknown,0.0,3.1051492558984797e-09,24.563465998109148,234.0,22.0,26.0,3.0,260.0,-3.43,
720575940620956144,central,ALPN,0.0,1.7651024735140054e-07,24.370285156198506,89.0,10.0,502.0,36.0,591.0,-2.99,
720575940621545968,central,Kenyon_Cell,0.0,0.0,24.76636704353782,128.0,8.0,30.0,1.0,158.0,-2.85,
720575940609978866,central,unknown,0.0,0.0,22.352536984014325,47.0,8.0,99.0,6.0,146.0,-5.08,
720575940624036339,central,Kenyon_Cell,0.0,0.0,24.604981216072726,107.0,7.0,27.0,2.0,134.0,-2.87,
720575940621414900,central,unknown,0.0,0.0,24.199113408660452,97.0,12.0,19.0,2.0,116.0,-4.35,
720575940630917623,central,unknown,0.0,4.001129276985828e-09,23.99688366223057,348.0,30.0,97.0,8.0,445.0,-4.34,
720575940629901819,central,unknown,0.0,1.0140910404184974e-08,24.31140976322808,244.0,29.0,48.0,6.0,292.0,-3.77,
720575940628034044,central,unknown,0.0,9.36293702066672e-09,21.953092923018986,35.0,5.0,45.0,4.0,80.0,-5.28,
720575940616303105,central,unknown,0.0,4.3650053601189335e-10,24.26717641254617,72.0,10.0,12.0,2.0,84.0,-3.22,
720575940624331272,central,unknown,0.0,3.911760968300136e-09,24.642426298353143,116.0,11.0,41.0,6.0,157.0,-3.16,
720575940626657802,central,ALPN,0.0,2.124903196922868e-08,24.5184143333104,207.0,18.0,425.0,45.0,632.0,-3.26,
720575940609454603,central,ALPN,1.3508607963112494e-06,9.871821287631176e-07,24.902756721099905,927.0,73.0,1340.0,115.0,2267.0,-1.92,
720575940615320076,central,Kenyon_Cell,0.0,0.0,24.571312826428613,113.0,6.0,20.0,1.0,133.0,-3.55,
720575940621873677,sensory,olfactory,0.0,5.393770322918987e-11,25.147425051663227,75.0,9.0,137.0,9.0,212.0,-0.0,
720575940608471563,central,Kenyon_Cell,0.0,0.0,24.653542283229697,198.0,9.0,28.0,1.0,226.0,-3.2,
720575940615713292,central,Kenyon_Cell,0.0,0.0,23.303543358648653,71.0,4.0,22.0,1.0,93.0,-4.87,
720575940626199059,sensory,olfactory,0.0,0.0,25.11142578525001,53.0,5.0,217.0,14.0,270.0,-0.0,
720575940626756117,sensory,olfactory,0.0,6.34721267623496e-08,25.21916528977069,6.0,1.0,58.0,6.0,64.0,-0.0,
720575940631900697,central,unknown,0.0,3.1532698326593123e-10,22.49267429027075,41.0,4.0,84.0,7.0,125.0,-6.21,
720575940626133532,central,unknown,0.0,0.0,23.850877205141405,98.0,10.0,27.0,3.0,125.0,-4.89,
720575940622594601,central,Kenyon_Cell,0.0,0.0,24.50570726684806,105.0,6.0,31.0,2.0,136.0,-3.54,
720575940630852138,sensory,olfactory,0.0,0.0,24.0,0.0,0.0,24.0,4.0,24.0,-0.0,
720575940627214891,sensory,olfactory,0.0,6.6568241623986e-08,25.15918686743704,385.0,24.0,874.0,39.0,1259.0,-0.0,
720575940629508652,central,ALLN,0.0,0.0,23.63323517649088,106.0,11.0,203.0,17.0,309.0,-4.66,
720575940632818221,central,unknown,0.0,0.0,24.377116349663662,247.0,24.0,180.0,16.0,427.0,-3.28,
720575940625871408,central,unknown,4.615441054063436e-05,4.780304865928557e-07,20.864437219962785,490.0,24.0,499.0,21.0,989.0,-5.2,
720575940615975474,central,unknown,0.0,0.0,23.99533980737915,155.0,15.0,152.0,9.0,307.0,-3.7,
720575940629836343,central,unknown,0.0,9.560211627292834e-10,22.255253073864694,252.0,24.0,33.0,5.0,285.0,-5.04,
720575940618203707,descending,unknown,0.0,2.536545514367932e-08,21.314240742933837,36.0,2.0,10.0,2.0,46.0,-5.12,
720575940630164028,central,LHLN,0.0,1.4323943958902811e-09,24.578017984143635,174.0,16.0,59.0,6.0,233.0,-3.22,
720575940626002494,central,Kenyon_Cell,0.0,1.8394074023845983e-10,24.0425656766314,48.0,4.0,35.0,3.0,83.0,-4.44,
720575940636848710,central,Kenyon_Cell,0.0,0.0,24.601381903026503,107.0,8.0,29.0,2.0,136.0,-3.39,
720575940625183309,central,Kenyon_Cell,0.0,0.0,24.563414042113298,121.0,10.0,26.0,1.0,147.0,-3.25,
720575940628755023,central,Kenyon_Cell,0.0,0.0,24.74632210366788,92.0,6.0,18.0,1.0,110.0,-3.2,
720575940617876048,central,Kenyon_Cell,0.0,6.005545726746598e-10,24.077268725404195,51.0,4.0,60.0,4.0,111.0,-3.89,
720575940617908820,central,Kenyon_Cell,0.0,0.0,24.57955836618476,99.0,8.0,20.0,1.0,119.0,-2.75,
720575940627739225,central,unknown,0.0,2.079858708287161e-09,24.334277282068523,132.0,15.0,32.0,5.0,164.0,-3.23,
720575940639076954,central,unknown,0.0,0.0,24.501825203396667,766.0,53.0,71.0,5.0,837.0,-3.63,
720575940619973211,sensory,olfactory,0.0,0.0,24.0,0.0,0.0,29.0,4.0,29.0,-0.0,
720575940625019481,central,Kenyon_Cell,0.0,0.0,24.521622156229487,91.0,5.0,21.0,2.0,112.0,-3.33,
720575940621611614,sensory,olfactory,0.0,0.0,25.10721992587723,42.0,5.0,110.0,9.0,152.0,-0.0,
720575940621808227,sensory,olfactory,0.0,3.4612763345055437e-10,25.10358360255185,14.0,2.0,67.0,5.0,81.0,-0.0,
720575940627772009,central,ALPN,4.463138121145991e-06,1.5297640701463752e-07,24.93186707307629,1509.0,82.0,2059.0,144.0,3568.0,-2.03,
720575940613943914,central,ALPN,0.0,1.9193816372708854e-10,24.91005123922672,77.0,11.0,115.0,13.0,192.0,-1.88,
720575940616008309,central,Kenyon_Cell,0.0,1.1232852565198644e-08,23.980986536931475,51.0,4.0,61.0,3.0,112.0,-4.58,
720575940616467061,central,unknown,0.0,1.910862432121294e-09,24.670620545943745,193.0,16.0,153.0,16.0,346.0,-3.38,
720575940616565365,central,unknown,0.0,5.75288083101386e-10,24.46151704642996,149.0,16.0,259.0,20.0,408.0,-3.74,
720575940629508726,central,unknown,0.0,2.1640990733153e-07,22.823525979439413,172.0,13.0,62.0,7.0,234.0,-4.82,
720575940640125568,central,unknown,0.0,1.0070695894573557e-08,24.41773846002564,158.0,17.0,71.0,7.0,229.0,-3.6,
720575940622168712,central,unknown,0.0,5.961179386938502e-10,20.912584152192736,58.0,6.0,104.0,4.0,162.0,-5.51,
720575940622627466,central,unknown,0.0,0.0,22.48654027346845,21.0,4.0,42.0,4.0,63.0,-4.1,
720575940642288269,central,LHLN,0.0,2.7853531407704878e-09,24.66818658382534,113.0,14.0,93.0,12.0,206.0,-3.34,
720575940626002575,central,unknown,0.0,1.328883146348143e-07,21.57486205982849,246.0,18.0,305.0,14.0,551.0,-5.48,
720575940613911186,sensory,olfactory,0.0,1.1285276821916174e-08,25.118557370430445,7.0,1.0,73.0,7.0,80.0,-0.0,
720575940610142869,central,Kenyon_Cell,0.0,0.0,24.25376439607845,30.0,2.0,40.0,2.0,70.0,-4.24,
720575940633146007,central,Kenyon_Cell,0.0,0.0,24.40042942784201,99.0,7.0,21.0,1.0,120.0,-4.0,
720575940632720026,central,ALPN,4.237994655094116e-06,1.057443821566241e-06,24.673057096184227,536.0,45.0,1258.0,72.0,1794.0,-2.42,
720575940634194588,central,unknown,0.0,0.0,23.35792268834181,76.0,6.0,53.0,6.0,129.0,-5.26,
720575940619219627,sensory,olfactory,0.0,5.1283483508652094e-08,25.159871155311954,334.0,23.0,868.0,38.0,1202.0,-0.0,
720575940619940523,central,unknown,0.0,0.0,23.01535717018162,57.0,7.0,61.0,7.0,118.0,-5.07,
720575940631737005,sensory,olfactory,0.0,0.0,25.119829881395777,25.0,3.0,119.0,12.0,144.0,-0.0,
720575940606046892,central,unknown,0.0,0.0,21.82414317753254,345.0,12.0,222.0,20.0,567.0,-6.17,
720575940613419695,central,ALPN,9.323588241207055e-06,4.850900937790164e-06,24.887429698351117,944.0,70.0,1958.0,142.0,2902.0,-2.01,
720575940606767806,central,ALPN,0.0,3.062813859879951e-10,24.86295346529729,192.0,10.0,180.0,20.0,372.0,-3.19,
720575940621021892,central,ALPN,0.0,0.0,24.82394410604339,41.0,3.0,107.0,11.0,148.0,-2.95,
720575940615713478,central,unknown,0.0,0.0,21.385088029532824,420.0,24.0,431.0,19.0,851.0,-5.67,
720575940621349590,sensory,olfactory,0.0,0.0,24.0,0.0,0.0,50.0,6.0,50.0,-0.0,
720575940618531544,sensory,hygrosensory,0.0,3.64052774482965e-07,24.68851443903986,72.0,6.0,185.0,18.0,257.0,-3.24,
720575940640551643,central,unknown,0.0,0.0,22.467513897582165,46.0,6.0,14.0,2.0,60.0,-5.63,
720575940628394716,central,Kenyon_Cell,0.0,0.0,24.53278331327912,64.0,5.0,24.0,1.0,88.0,-3.11,
720575940605915872,sensory,olfactory,0.0,6.074324948291191e-10,25.10754790315721,50.0,8.0,126.0,9.0,176.0,-0.0,
720575940635767524,sensory,hygrosensory,0.0,1.6194341273914744e-08,24.50667521441544,51.0,6.0,702.0,23.0,753.0,-3.49,
720575940637274852,central,unknown,0.0,2.350737687733937e-07,21.656098522004,536.0,36.0,18.0,2.0,554.0,-5.58,
720575940613452525,central,Kenyon_Cell,0.0,0.0,24.713151068429667,169.0,9.0,27.0,1.0,196.0,-3.18,
720575940619875060,central,unknown,0.0,0.0,23.35357227307236,167.0,15.0,210.0,16.0,377.0,-5.18,
720575940650480374,central,unknown,0.0,2.0698316485393897e-08,24.099331737340588,199.0,20.0,26.0,3.0,225.0,-4.26,
720575940627935996,central,Kenyon_Cell,0.0,0.0,24.631174850217093,142.0,8.0,20.0,1.0,162.0,-3.48,
720575940626985738,sensory,olfactory,0.0,0.0,24.0,0.0,0.0,23.0,4.0,23.0,-0.0,
720575940615746316,central,unknown,0.0,1.9692582763071072e-09,22.169247799541207,675.0,19.0,459.0,31.0,1134.0,-6.05,
720575940624265998,central,Kenyon_Cell,0.0,0.0,24.67762718260637,84.0,6.0,17.0,1.0,101.0,-3.03,
720575940630819599,central,CX,0.0,0.0,21.18387978637028,36.0,4.0,5.0,1.0,41.0,-6.15,
720575940628787984,central,unknown,0.0,0.0,23.32003779319281,33.0,4.0,27.0,4.0,60.0,-5.7,
720575940627575569,central,ALPN,0.0,0.0,24.799589592352557,10.0,2.0,42.0,5.0,52.0,-3.35,
720575940633932569,central,LHLN,0.0,4.700899684231016e-08,24.53057287242984,225.0,22.0,101.0,13.0,326.0,-2.84,
720575940622070554,central,ALPN,1.0330111971791908e-06,1.5006177576361302e-06,24.359999611561285,921.0,76.0,1659.0,95.0,2580.0,-3.98,
720575940626199324,central,Kenyon_Cell,0.0,0.0,24.590626083639066,94.0,6.0,23.0,2.0,117.0,-3.21,
720575940605621024,central,Kenyon_Cell,0.0,0.0,24.714451475922377,144.0,6.0,25.0,1.0,169.0,-3.13,
720575940629312300,descending,unknown,4.900181319952571e-07,4.26064467570533e-07,21.479087546828048,755.0,22.0,213.0,8.0,968.0,-5.59,
720575940632195887,central,Kenyon_Cell,0.0,0.0,24.703430871467592,123.0,8.0,22.0,1.0,145.0,-3.13,
720575940632261423,central,unknown,5.2974933188676455e-08,4.30445713804361e-07,24.215505005576283,790.0,39.0,268.0,24.0,1058.0,-3.78,
720575940617351990,sensory,olfactory,0.0,4.242393444652719e-09,25.139448785729243,90.0,8.0,122.0,9.0,212.0,-0.0,
720575940617712438,sensory,olfactory,0.0,7.699902940898372e-09,25.09740192930016,11.0,2.0,45.0,4.0,56.0,-0.0,
720575940629279544,central,ALPN,1.3243733297169112e-08,2.280355738072023e-06,24.857197592012213,681.0,83.0,740.0,67.0,1421.0,-1.57,
720575940609880900,central,unknown,0.0,0.0,24.0749358539394,55.0,8.0,27.0,3.0,82.0,-4.29,
720575940637569870,central,unknown,0.0,1.0811305814727234e-08,20.95533426648771,208.0,14.0,352.0,17.0,560.0,-5.89,
720575940631966545,central,unknown,0.0,2.9397716159201146e-07,23.6839391152332,438.0,45.0,166.0,19.0,604.0,-4.55,
720575940619940693,central,unknown,0.0,9.59428839805858e-09,21.47156927973993,539.0,35.0,104.0,11.0,643.0,-5.55,
720575940616139606,central,Kenyon_Cell,0.0,0.0,24.496811412993367,88.0,6.0,21.0,1.0,109.0,-3.27,
720575940630066007,central,ALPN,1.2184234633395585e-06,3.2644964746376074e-06,24.47526442469972,780.0,69.0,1123.0,113.0,1903.0,-2.3,
720575940638487384,sensory,olfactory,0.0,6.074324948291191e-10,25.095122250076063,15.0,2.0,87.0,6.0,102.0,-0.0,
720575940630852439,central,unknown,0.0,1.0059888886513742e-09,22.3130850781774,363.0,27.0,395.0,24.0,758.0,-5.41,
720575940637602650,central,ALLN,0.0,1.9061618780996964e-05,24.49169516662077,654.0,60.0,538.0,26.0,1192.0,-2.22,
720575940628820823,central,unknown,0.0,0.0,23.6366669106274,176.0,14.0,152.0,12.0,328.0,-5.58,
720575940607128412,central,unknown,0.0,3.3545140930072652e-09,22.882004069207326,53.0,9.0,17.0,3.0,70.0,-4.02,
720575940634194783,central,unknown,0.0,0.0,24.5223822770894,128.0,15.0,52.0,7.0,180.0,-3.62,
720575940609651554,central,Kenyon_Cell,0.0,0.0,24.281104714198747,61.0,6.0,38.0,2.0,99.0,-3.55,
720575940622332771,sensory,olfactory,0.0,0.0,25.0883822082052,6.0,1.0,64.0,4.0,70.0,-0.0,
720575940636291941,central,Kenyon_Cell,0.0,4.4426839006816823e-10,24.417965341781283,50.0,3.0,42.0,4.0,92.0,-4.23,
720575940634915691,descending,unknown,0.0,0.0,20.646441031917988,364.0,26.0,0.0,0.0,364.0,-5.55,
720575940635964271,central,unknown,0.0,0.0,24.544110376143067,371.0,32.0,190.0,21.0,561.0,-3.35,
720575940610012024,central,Kenyon_Cell,0.0,0.0,24.266425023845223,36.0,2.0,28.0,1.0,64.0,-3.95,
720575940629050234,central,unknown,0.0,0.0,23.283866922020227,698.0,27.0,436.0,24.0,1134.0,-5.63,
720575940621742972,central,unknown,0.0,0.0,23.28342637215816,186.0,19.0,91.0,7.0,277.0,-4.71,
720575940625871741,central,Kenyon_Cell,0.0,0.0,24.446099302950625,36.0,3.0,30.0,1.0,66.0,-3.21,
720575940640093056,central,unknown,0.0,2.883326828208684e-07,24.352040619294502,158.0,13.0,50.0,7.0,208.0,-4.13,
720575940610700181,sensory,olfactory,0.0,0.0,25.14186321473966,5.0,1.0,94.0,11.0,99.0,-0.0,
720575940612633494,sensory,olfactory,0.0,0.0,25.101986848068787,27.0,4.0,34.0,4.0,61.0,-0.0,
720575940610601881,central,unknown,0.0,4.652365326874395e-11,22.27794294025565,37.0,6.0,20.0,3.0,57.0,-5.31,
720575940618924965,central,Kenyon_Cell,0.0,0.0,24.578300062149683,133.0,8.0,31.0,2.0,164.0,-3.42,
720575940618990507,central,unknown,0.0,0.0,24.029808680725843,19.0,2.0,89.0,7.0,108.0,-4.26,
720575940631737261,sensory,olfactory,0.0,0.0,25.09509033703531,12.0,2.0,122.0,14.0,134.0,-0.0,
720575940634751918,central,unknown,1.297885863122573e-06,1.4167166805794604e-07,21.997550488392204,439.0,25.0,785.0,38.0,1224.0,-5.21,
720575940630754221,central,unknown,0.0,0.0,22.01832408864183,12.0,2.0,39.0,3.0,51.0,-4.18,
720575940633277364,central,ALLN,0.0,4.67904572878191e-08,23.93679344669805,38.0,5.0,211.0,27.0,249.0,-3.93,
720575940624528314,central,Kenyon_Cell,0.0,0.0,24.71088807096428,140.0,7.0,23.0,1.0,163.0,-2.89,
720575940620071872,sensory,olfactory,0.0,3.975381490331194e-09,25.127063391231047,98.0,10.0,230.0,15.0,328.0,-0.0,
720575940630688709,sensory,olfactory,0.0,0.0,24.0,0.0,0.0,72.0,7.0,72.0,-0.0,
720575940618728395,sensory,olfactory,0.0,1.4421608817425181e-08,25.03303056404603,34.0,4.0,461.0,18.0,495.0,-0.0,
720575940630754252,central,Kenyon_Cell,0.0,0.0,24.30308666628839,37.0,3.0,46.0,3.0,83.0,-4.43,
720575940630131663,central,ALPN,4.237994655094116e-06,3.707705355518497e-06,24.860095003976674,883.0,76.0,1928.0,136.0,2811.0,-1.79,
720575940632458195,sensory,olfactory,0.0,1.9168000205765082e-07,25.132332379997187,17.0,2.0,95.0,8.0,112.0,-0.0,
720575940608898005,central,ALPN,1.3442389296626647e-05,2.618533994507984e-05,24.52354213240551,872.0,86.0,1201.0,104.0,2073.0,-1.81,
720575940615189465,central,ALPN,0.0004058939380916,0.0001592401682312,24.019022575390377,1121.0,59.0,2294.0,101.0,3415.0,-2.79,
720575940640945115,central,unknown,0.0,4.356965541043439e-08,21.545904814971784,190.0,18.0,402.0,26.0,592.0,-5.5,
720575940636193758,sensory,olfactory,0.0,0.0,24.0,0.0,0.0,145.0,9.0,145.0,-0.0,
720575940615255007,central,unknown,0.0,1.5766349163296562e-10,24.35529015918223,100.0,11.0,35.0,5.0,135.0,-3.78,
720575940632916961,central,unknown,0.0,0.0,24.41079346743356,63.0,7.0,21.0,3.0,84.0,-3.27,
720575940614009827,central,ALPN,0.0,8.470719545948778e-09,24.578260293583654,65.0,7.0,298.0,28.0,363.0,-3.46,
720575940627444721,central,unknown,0.0,1.777865872933765e-09,23.41027636046878,126.0,15.0,136.0,10.0,262.0,-4.63,
720575940640027637,sensory,olfactory,0.0,0.0,25.13074645065946,36.0,5.0,58.0,3.0,94.0,-0.0,
720575940626265084,central,Kenyon_Cell,0.0,0.0,24.572996307184777,121.0,8.0,25.0,1.0,146.0,-3.63,
720575940624462850,central,unknown,0.0,0.0,22.19830802682268,125.0,14.0,32.0,3.0,157.0,-4.64,
720575940608635913,central,unknown,0.0,0.0,22.991386388800844,62.0,8.0,22.0,3.0,84.0,-5.02,
720575940609553419,central,ALPN,0.0,0.0,24.427933368187453,33.0,4.0,189.0,13.0,222.0,-3.12,
720575940622889997,central,Kenyon_Cell,0.0,0.0,24.48832049138757,58.0,4.0,32.0,1.0,90.0,-3.56,
720575940631639058,sensory,olfactory,0.0,0.0,25.128612171494837,14.0,2.0,152.0,11.0,166.0,-0.0,
720575940620235796,central,unknown,6.489429315612865e-07,1.7638427280469495e-06,24.002461662448766,2079.0,104.0,860.0,54.0,2939.0,-4.28,
720575940625642517,central,ALLN,0.0,3.122157941954689e-07,24.526307977330124,332.0,32.0,378.0,27.0,710.0,-4.27,
720575940619842580,central,Kenyon_Cell,0.0,0.0,24.43716986801981,46.0,4.0,20.0,1.0,66.0,-3.41,
720575940618761250,central,unknown,0.0,0.0,23.764043882531528,278.0,22.0,186.0,13.0,464.0,-4.85,
720575940625773605,central,Kenyon_Cell,0.0,0.0,24.72682522960677,91.0,7.0,21.0,1.0,112.0,-2.99,
720575940623610919,sensory,olfactory,0.0,0.0,25.13194143020733,21.0,2.0,109.0,11.0,130.0,-0.0,
720575940623938599,central,unknown,0.0,0.0,23.29041663192651,39.0,6.0,14.0,2.0,53.0,-5.38,
720575940628231211,central,LHLN,0.0,7.121597881745357e-08,24.540465801485617,294.0,25.0,203.0,16.0,497.0,-3.58,
720575940629443628,sensory,olfactory,0.0,0.0,24.0,0.0,0.0,39.0,4.0,39.0,-0.0,
720575940610536494,central,unknown,0.0,0.0,23.44779447995303,284.0,18.0,70.0,8.0,354.0,-5.26,
720575940618630193,central,Kenyon_Cell,0.0,0.0,24.205730722392545,114.0,14.0,44.0,3.0,158.0,-4.45,
720575940617483318,sensory,olfactory,0.0,0.0,25.10276993610156,6.0,1.0,55.0,7.0,61.0,-0.0,
720575940607685700,central,ALLN,0.0,0.0,24.043490830268496,9.0,1.0,80.0,6.0,89.0,-4.09,
720575940631934023,sensory,olfactory,0.0,2.694648942172394e-10,25.097301950459126,30.0,5.0,72.0,7.0,102.0,-0.0,
720575940620923980,central,Kenyon_Cell,0.0,0.0,24.114271459464018,36.0,2.0,28.0,2.0,64.0,-3.84,
720575940628132943,sensory,olfactory,0.0,7.412554797749265e-08,25.09680018623701,12.0,2.0,147.0,10.0,159.0,-0.0,
720575940616205405,sensory,olfactory,0.0,8.160032838674746e-12,25.151987853779477,23.0,4.0,100.0,8.0,123.0,-0.0,
720575940623119454,central,unknown,0.0,0.0,24.340138317903463,41.0,7.0,45.0,4.0,86.0,-3.93,
720575940634948703,central,Kenyon_Cell,0.0,0.0,24.572750702298023,128.0,7.0,29.0,2.0,157.0,-3.19,
720575940636521573,central,unknown,0.0,4.896336806198148e-09,23.561937525991706,268.0,15.0,137.0,16.0,405.0,-5.23,
720575940605686886,sensory,olfactory,0.0,0.0,24.0,0.0,0.0,51.0,7.0,51.0,-0.0,
720575940622726271,central,ALPN,0.0002462142457276,1.193929416986662e-06,24.86165290916152,11293.0,191.0,13453.0,443.0,24746.0,-2.05,
720575940621612159,central,Kenyon_Cell,0.0,0.0,24.369483875730097,31.0,3.0,30.0,2.0,61.0,-4.06,
720575940606833794,central,unknown,0.0,3.0844647362541966e-10,24.055806531643807,368.0,22.0,441.0,28.0,809.0,-4.97,
720575940623119496,central,unknown,0.0,6.774444481253102e-09,24.08379974778095,312.0,33.0,93.0,8.0,405.0,-4.28,
720575940627510409,sensory,olfactory,0.0,6.34721267623496e-08,25.21916528977069,5.0,1.0,49.0,7.0,54.0,-0.0,
720575940631704716,central,ALLN,0.0,4.6175109317110315e-07,24.652015603887957,2821.0,131.0,2688.0,153.0,5509.0,-3.71,
720575940632065164,central,unknown,0.0,5.2671193670783954e-08,24.534652662357924,478.0,38.0,88.0,7.0,566.0,-3.37,
720575940623447188,sensory,olfactory,0.0,0.0,25.12758555028429,13.0,2.0,71.0,8.0,84.0,-0.0,
720575940633932951,central,Kenyon_Cell,0.0,1.8394074023845983e-10,24.17853369680916,43.0,2.0,27.0,2.0,70.0,-4.1,
720575940618499238,central,ALPN,4.277725854985623e-06,2.149313947618578e-06,24.873588866514243,1088.0,78.0,1757.0,141.0,2845.0,-1.88,
720575940622038182,central,ALLN,0.0,2.6468679921361773e-08,24.61114711612648,345.0,34.0,1064.0,44.0,1409.0,-3.75,
720575940605883569,central,ALLN,0.0,3.3729420445537293e-07,24.64807892271615,1936.0,90.0,1015.0,93.0,2951.0,-3.0,
720575940611519667,central,unknown,0.0,7.973037401617455e-08,21.292687077429296,165.0,19.0,203.0,17.0,368.0,-5.82,
720575940626003130,central,LHCENT,0.0,1.1197958262315442e-08,23.86863791874268,964.0,55.0,1556.0,150.0,2520.0,-4.16,
720575940624037052,sensory,olfactory,0.0,0.0,25.14615724068991,63.0,9.0,170.0,7.0,233.0,-0.0,
720575940638389437,sensory,thermosensory,0.0,3.1064770448245734e-07,24.6971855110397,231.0,18.0,472.0,28.0,703.0,-3.41,
720575940639175869,central,unknown,0.0,0.0,24.46924513134564,138.0,18.0,29.0,5.0,167.0,-3.38,
720575940626494663,central,Kenyon_Cell,0.0,0.0,24.700285330528057,109.0,5.0,39.0,2.0,148.0,-3.28,
720575940610864338,central,unknown,0.0,0.0,21.24415803635697,256.0,21.0,214.0,6.0,470.0,-5.87,
720575940615386324,central,Kenyon_Cell,0.0,0.0,24.513593356004694,131.0,7.0,20.0,1.0,151.0,-3.28,
720575940616762585,central,unknown,0.0,1.4511800327689486e-08,22.35548530601174,440.0,35.0,58.0,8.0,498.0,-5.61,
720575940612306138,sensory,olfactory,0.0,0.0,25.21916528977069,5.0,1.0,54.0,8.0,59.0,-0.0,
720575940641174747,sensory,olfactory,0.0,0.0,25.112680156982176,39.0,5.0,141.0,12.0,180.0,-0.0,
720575940609979610,central,unknown,0.0,0.0,23.67384778640329,164.0,19.0,95.0,7.0,259.0,-4.55,
720575940637209822,central,unknown,1.2713983965282346e-06,0.0,20.8134197174538,424.0,23.0,464.0,9.0,888.0,-5.83,
720575940627870952,sensory,olfactory,0.0,0.0,24.0,0.0,0.0,11.0,2.0,11.0,-0.0,
720575940621251818,central,ALLN,0.0,9.117710444729473e-10,23.711369640606907,46.0,8.0,237.0,16.0,283.0,-4.47,
720575940639110389,central,unknown,0.0,0.0,23.68767609627396,12.0,1.0,59.0,3.0,71.0,-4.01,
720575940651758838,central,ALLN,0.0,9.704471577990747e-08,24.621327081931607,817.0,72.0,1477.0,108.0,2294.0,-3.4,
720575940633670904,sensory,hygrosensory,0.0,4.830213806339733e-07,24.68266028465219,93.0,9.0,169.0,16.0,262.0,-2.95,
720575940634916088,central,Kenyon_Cell,0.0,0.0,24.67652993041462,119.0,7.0,28.0,2.0,147.0,-3.41,
720575940626855171,central,Kenyon_Cell,0.0,6.005545726746598e-10,24.04734352253271,24.0,3.0,43.0,4.0,67.0,-4.39,
720575940627150090,central,Kenyon_Cell,0.0,0.0,24.626856185185225,131.0,10.0,16.0,1.0,147.0,-3.02,
720575940626658570,central,unknown,0.0,5.375457231381131e-09,24.12816466368165,566.0,31.0,360.0,38.0,926.0,-4.72,
720575940624200974,central,ALPN,0.0,1.3243733297169112e-08,24.942223272930327,26.0,3.0,66.0,9.0,92.0,-1.81,
720575940630557967,central,unknown,0.0,9.800077098628758e-09,24.275349707924,44.0,5.0,84.0,9.0,128.0,-3.48,
720575940628788496,central,Kenyon_Cell,0.0,8.337899576319656e-10,24.30274404154168,43.0,5.0,59.0,3.0,102.0,-3.72,
720575940630983954,central,ALPN,4.635306654009189e-07,5.60857706680407e-08,24.32036518252765,670.0,34.0,2160.0,79.0,2830.0,-4.0,
720575940625413395,central,ALPN,0.0,2.118062085940868e-07,24.42718067778373,13.0,2.0,174.0,20.0,187.0,-1.0,
720575940620236052,central,LHLN,0.0,5.737714585814787e-10,24.562708240447563,535.0,46.0,572.0,53.0,1107.0,-3.34,
720575940644156695,central,Kenyon_Cell,0.0,0.0,24.46791508574372,52.0,3.0,50.0,4.0,102.0,-4.13,
720575940621776161,central,ALPN,0.0,2.0790280802713035e-06,24.371650091764185,1354.0,80.0,2197.0,138.0,3551.0,-3.87,
720575940625446181,central,Kenyon_Cell,0.0,0.0,24.746937289853285,139.0,9.0,34.0,1.0,173.0,-3.24,
720575940610307374,central,Kenyon_Cell,0.0,0.0,24.638142749805954,132.0,6.0,24.0,1.0,156.0,-3.31,
720575940619547953,central,unknown,0.0,0.0,23.62271445512573,294.0,20.0,58.0,7.0,352.0,-5.44,
720575940646221108,sensory,olfactory,0.0,0.0,25.010340864145263,12.0,2.0,58.0,3.0,70.0,-0.0,
720575940637472053,sensory,olfactory,0.0,3.739026326049412e-09,25.131971664076907,98.0,10.0,153.0,11.0,251.0,-0.0,
720575940646122804,central,ALPN,8.608426643159923e-07,3.3327237877874703e-06,24.47558019784955,567.0,51.0,863.0,65.0,1430.0,-2.19,
720575940617942326,central,Kenyon_Cell,0.0,0.0,24.65639280645527,96.0,5.0,32.0,2.0,128.0,-3.34,
720575940633802045,sensory,olfactory,0.0,0.0,25.118135594532397,55.0,6.0,80.0,8.0,135.0,-0.0,
720575940624201033,central,ALIN,0.0,1.1171229068460173e-06,21.946585771936185,92.0,10.0,1651.0,71.0,1743.0,-4.64,
720575940627969359,central,unknown,0.0,0.0,21.983827087413975,82.0,6.0,12.0,2.0,94.0,-4.68,
720575940625249618,central,ALPN,0.0,0.0,24.362104893039746,25.0,4.0,17.0,2.0,42.0,-3.04,
720575940615681366,sensory,olfactory,0.0,3.4612763345055437e-10,25.12209344191274,28.0,4.0,131.0,10.0,159.0,-0.0,
720575940626527577,central,unknown,0.0,0.0,22.567605339344933,53.0,4.0,72.0,6.0,125.0,-4.46,
720575940619318619,sensory,olfactory,0.0,0.0,24.81831239284472,12.0,2.0,62.0,6.0,74.0,-0.0,
720575940610798946,central,unknown,0.0,0.0,21.71366454519673,40.0,3.0,41.0,7.0,81.0,-4.23,
720575940635211115,central,unknown,0.0,1.0132231385197927e-06,20.013470406370686,255.0,20.0,195.0,17.0,450.0,-5.81,
720575940620301677,central,unknown,0.0,0.0,23.19546759615182,191.0,13.0,135.0,9.0,326.0,-5.27,
720575940612732273,central,ALLN,1.4832981292829405e-06,3.783130468913292e-06,24.20012463764638,1127.0,79.0,601.0,47.0,1728.0,-3.63,
720575940638422387,sensory,olfactory,0.0,0.0,25.10276993610156,5.0,1.0,105.0,11.0,110.0,-0.0,
720575940616566133,central,ALPN,1.4965418625801096e-06,1.0108217978054226e-06,24.436383315269577,517.0,52.0,691.0,75.0,1208.0,-2.87,
720575940635538807,central,Kenyon_Cell,0.0,0.0,24.66822819528284,101.0,6.0,26.0,1.0,127.0,-3.21,
720575940622169471,central,Kenyon_Cell,0.0,0.0,24.760120714781845,146.0,8.0,22.0,1.0,168.0,-3.03,
720575940659164545,sensory,olfactory,0.0,5.725678028502782e-10,25.15267879827319,163.0,15.0,428.0,23.0,591.0,-0.0,
720575940625937797,central,Kenyon_Cell,0.0,9.133609170461455e-11,23.73686023939494,32.0,2.0,36.0,2.0,68.0,-4.78,
720575940616140171,sensory,olfactory,0.0,0.0,25.12367026589672,23.0,2.0,147.0,13.0,170.0,-0.0,
720575940632032652,central,ALPN,0.0,6.553465749371364e-10,24.868676211553563,65.0,8.0,82.0,8.0,147.0,-2.81,
720575940631934348,central,Kenyon_Cell,0.0,0.0,24.617914178776424,85.0,8.0,22.0,1.0,107.0,-3.54,
720575940626363791,central,Kenyon_Cell,0.0,3.7906276011976156e-10,24.25923434378752,42.0,3.0,59.0,5.0,101.0,-4.25,
720575940624889232,central,unknown,0.0,0.0,20.795837176519697,57.0,5.0,95.0,11.0,152.0,-5.86,
720575940610864533,sensory,olfactory,0.0,3.1979917891315394e-10,25.11774120286124,53.0,6.0,382.0,22.0,435.0,-0.0,
720575940612961686,central,Kenyon_Cell,0.0,0.0,24.657330519589543,128.0,7.0,16.0,1.0,144.0,-3.17,
720575940614862230,central,Kenyon_Cell,0.0,0.0,24.05100566704027,68.0,5.0,35.0,2.0,103.0,-3.91,
720575940612634009,sensory,olfactory,0.0,6.074324948291191e-10,25.10914525981833,20.0,3.0,54.0,5.0,74.0,-0.0,
720575940617745821,central,unknown,9.27061330801838e-08,4.539499078970711e-07,20.64794191896245,149.0,12.0,195.0,5.0,344.0,-5.66,
720575940643501472,central,Kenyon_Cell,0.0,0.0,24.0435436497679,33.0,2.0,31.0,2.0,64.0,-4.12,
720575940621383077,central,unknown,0.0,4.642550214536009e-08,22.606672069569537,742.0,41.0,182.0,18.0,924.0,-5.31,
720575940605162924,descending,unknown,0.0,3.3040171124848305e-07,20.387876348833984,95.0,7.0,33.0,4.0,128.0,-6.11,
720575940636489140,central,LHCENT,2.9268650586743737e-06,3.4986569314214265e-07,23.752539692744826,3135.0,195.0,4529.0,204.0,7664.0,-4.19,
720575940615615929,central,unknown,0.0,0.0,24.76813332552004,21.0,2.0,55.0,5.0,76.0,-2.86,
720575940623119812,central,unknown,0.0,2.0503365217156205e-08,24.199568601581333,148.0,13.0,55.0,7.0,203.0,-3.67,
720575940619154891,central,Kenyon_Cell,0.0,0.0,24.606978953527044,81.0,6.0,17.0,1.0,98.0,-3.23,
720575940638422480,central,ALLN,0.0,7.812479203970228e-08,24.119744283017138,47.0,6.0,188.0,10.0,235.0,-2.25,
720575940632753619,central,unknown,0.0,3.9662861446344756e-09,23.897820340425216,406.0,31.0,129.0,15.0,535.0,-4.47,
720575940609586645,sensory,olfactory,0.0,0.0,25.11362232992604,32.0,4.0,84.0,5.0,116.0,-0.0,
720575940632950241,central,Kenyon_Cell,0.0,0.0,24.34411032243601,59.0,6.0,30.0,3.0,89.0,-3.5,
720575940623971819,central,Kenyon_Cell,0.0,0.0,24.308374183996147,45.0,4.0,26.0,1.0,71.0,-3.39,
720575940620269039,sensory,olfactory,0.0,0.0,24.0,0.0,0.0,62.0,7.0,62.0,-0.0,
720575940619777520,central,Kenyon_Cell,0.0,0.0,24.61005249735146,128.0,9.0,30.0,1.0,158.0,-3.21,
720575940620400116,central,ALLN,0.0,0.0,24.67947959698849,6.0,1.0,96.0,14.0,102.0,-4.09,
720575940628690423,sensory,olfactory,0.0,1.2792812414948124e-08,25.13257793900701,95.0,11.0,431.0,26.0,526.0,-0.0,
720575940623119871,central,Kenyon_Cell,0.0,0.0,24.541027758548918,58.0,4.0,28.0,1.0,86.0,-3.55,
720575940629804544,central,Kenyon_Cell,0.0,0.0,24.47471766530032,123.0,7.0,26.0,1.0,149.0,-3.47,
720575940628952579,central,unknown,0.0,1.4776542566329641e-09,23.893815577137957,77.0,11.0,119.0,16.0,196.0,-4.59,
720575940622726663,central,ALLN,4.47638185444316e-06,5.966311162752603e-08,24.03127672738881,507.0,23.0,719.0,11.0,1226.0,-4.17,
720575940623971848,sensory,olfactory,0.0,6.074324948291191e-10,25.10711278581164,69.0,8.0,135.0,9.0,204.0,-0.0,
720575940608407049,central,Kenyon_Cell,0.0,0.0,24.788392558942363,111.0,7.0,30.0,2.0,141.0,-2.91,
720575940625708554,sensory,olfactory,0.0,0.0,25.14331198033498,10.0,2.0,97.0,5.0,107.0,-0.0,
720575940608603657,central,unknown,0.0,0.0,24.57640064434594,224.0,18.0,117.0,10.0,341.0,-3.54,
720575940622890509,central,Kenyon_Cell,0.0,0.0,24.390985857800622,79.0,8.0,20.0,1.0,99.0,-3.38,
720575940631639570,sensory,olfactory,0.0,0.0,25.118557370430445,7.0,1.0,63.0,4.0,70.0,-0.0,
720575940612240918,central,Kenyon_Cell,0.0,1.2013483689209602e-09,24.583777853984056,71.0,5.0,37.0,3.0,108.0,-3.21,
720575940633212441,central,ALLN,0.0,3.484094586745085e-07,24.659273357216406,1171.0,91.0,1629.0,125.0,2800.0,-3.15,
720575940621973018,central,Kenyon_Cell,0.0,0.0,24.52114624607374,83.0,6.0,21.0,1.0,104.0,-3.11,
720575940616599069,sensory,olfactory,0.0,0.0,24.0,0.0,0.0,59.0,3.0,59.0,-0.0,
720575940622104097,central,unknown,0.0,9.723378700674989e-08,23.83382187363797,985.0,71.0,518.0,53.0,1503.0,-4.61,
720575940619974193,sensory,olfactory,0.0,1.0787540645837974e-10,25.13643420696465,15.0,3.0,48.0,5.0,63.0,-0.0,
720575940619548209,central,unknown,0.0,2.2521796593350304e-08,23.98630191595754,473.0,34.0,467.0,36.0,940.0,-4.6,
720575940639209013,central,unknown,0.0,0.0,24.608904970807053,46.0,6.0,38.0,4.0,84.0,-3.72,
720575940617713206,central,Kenyon_Cell,0.0,0.0,24.283845905041897,47.0,3.0,44.0,3.0,91.0,-4.22,
720575940628624956,sensory,olfactory,0.0,0.0,25.10359370387364,59.0,7.0,178.0,10.0,237.0,-0.0,
720575940636685894,central,Kenyon_Cell,0.0,0.0,24.41425828957848,41.0,3.0,24.0,1.0,65.0,-3.47,
720575940632098375,central,Kenyon_Cell,0.0,5.300792910367582e-09,23.752064951890368,42.0,3.0,23.0,2.0,65.0,-4.37,
720575940627543624,central,Kenyon_Cell,0.0,0.0,24.752203868852117,106.0,7.0,20.0,1.0,126.0,-2.89,
720575940631868999,central,Kenyon_Cell,0.0,0.0,24.63648755948981,117.0,7.0,18.0,1.0,135.0,-3.15,
720575940639274574,central,Kenyon_Cell,0.0,0.0,24.2295119262973,32.0,4.0,11.0,1.0,43.0,-3.81,
720575940633146961,central,unknown,0.0,1.139394608484201e-07,24.315150842137854,547.0,44.0,231.0,29.0,778.0,-3.18,
720575940610471522,central,unknown,0.0,0.0,24.27948188926648,37.0,5.0,92.0,7.0,129.0,-3.79,
720575940610209378,central,unknown,4.101584202133274e-05,1.4080898426057417e-07,21.42506509572575,502.0,21.0,287.0,11.0,789.0,-5.71,
720575940635604581,central,ALPN,2.993083725160219e-06,1.6453299642981857e-06,24.045007443764604,226.0,17.0,677.0,62.0,903.0,-2.69,
720575940630558316,central,LHLN,0.0,9.510479201204602e-10,24.50959675555701,187.0,14.0,147.0,20.0,334.0,-3.29,
720575940630689388,ascending,AN,2.5030655931649625e-05,7.631843154143198e-10,22.9307484910484,178.0,4.0,214.0,15.0,392.0,-5.92,
720575940645303918,central,Kenyon_Cell,0.0,0.0,24.1797367687526,44.0,4.0,42.0,2.0,86.0,-4.33,
720575940635670128,central,Kenyon_Cell,0.0,0.0,24.670804979805343,106.0,7.0,22.0,1.0,128.0,-3.04,
720575940612699761,central,ALPN,1.37205076958672e-05,2.246142870807711e-06,24.76602023488744,850.0,78.0,1013.0,76.0,1863.0,-1.79,
720575940631508598,descending,unknown,0.0,1.396030515389218e-08,20.775429426491797,117.0,8.0,14.0,1.0,131.0,-5.78,
720575940610668152,central,unknown,0.0,0.0,23.2609789998383,582.0,26.0,694.0,31.0,1276.0,-5.13,
720575940610766456,central,unknown,0.0,2.2583200573452643e-08,20.47396868363137,154.0,16.0,73.0,7.0,227.0,-5.48,
720575940629706362,central,unknown,0.0,0.0,24.178876827663093,65.0,7.0,82.0,10.0,147.0,-3.32,
720575940621809276,central,unknown,0.0,1.365980780450121e-07,20.80728273500754,107.0,10.0,412.0,30.0,519.0,-5.7,
720575940633212556,central,unknown,0.0,2.4883963969496534e-07,21.865311072777832,122.0,11.0,125.0,12.0,247.0,-4.64,
720575940624922256,central,Kenyon_Cell,0.0,0.0,24.330920741002835,73.0,5.0,33.0,1.0,106.0,-4.04,
720575940626888336,central,unknown,0.0,2.3688542484416092e-08,24.247352473969404,201.0,19.0,201.0,19.0,402.0,-3.43,
720575940609881749,central,ALLN,0.0,1.8737817177703193e-09,23.307563733912485,209.0,16.0,354.0,17.0,563.0,-4.39,
720575940633671319,sensory,olfactory,0.0,0.0,25.14555194460512,45.0,6.0,102.0,6.0,147.0,-0.0,
720575940642780832,sensory,olfactory,0.0,0.0,25.170485390171923,29.0,4.0,132.0,11.0,161.0,-0.0,
720575940654970529,central,unknown,0.0,1.7711488942971446e-09,24.40534368063508,288.0,24.0,270.0,24.0,558.0,-3.58,
720575940638455459,sensory,olfactory,0.0,0.0,25.122489595203245,28.0,3.0,103.0,8.0,131.0,-0.0,
720575940627576488,central,Kenyon_Cell,0.0,7.518969436500936e-10,24.02050781445683,60.0,3.0,49.0,5.0,109.0,-4.65,
720575940612339370,central,Kenyon_Cell,0.0,0.0,24.56076167337926,90.0,6.0,29.0,1.0,119.0,-3.38,
720575940635899566,central,Kenyon_Cell,0.0,0.0,24.608302887804008,65.0,5.0,29.0,2.0,94.0,-3.43,
720575940621088438,central,unknown,0.0,0.0,23.39275826518511,119.0,12.0,18.0,3.0,137.0,-5.02,
720575940627281594,central,unknown,3.0685730049540835e-05,3.097051403848677e-07,22.766672018871112,1072.0,21.0,675.0,31.0,1747.0,-5.08,
720575940615747259,sensory,olfactory,0.0,0.0,25.136413520718776,53.0,6.0,103.0,5.0,156.0,-0.0,
720575940616140475,central,LHLN,0.0,0.0,24.51153764258766,240.0,16.0,247.0,18.0,487.0,-3.74,
720575940637898429,central,Kenyon_Cell,0.0,0.0,24.65081987862818,116.0,6.0,28.0,2.0,144.0,-3.11,
720575940614567611,central,unknown,0.0,4.716024326759081e-09,21.580152836177454,66.0,5.0,179.0,10.0,245.0,-5.57,
720575940634949311,central,ALLN,3.288418977687091e-05,3.284722067369466e-07,24.621500350128684,2628.0,109.0,2197.0,94.0,4825.0,-3.22,
720575940609619666,central,unknown,0.0,3.966584975920203e-07,24.39353198058232,399.0,31.0,212.0,19.0,611.0,-3.48,
720575940609586901,sensory,olfactory,0.0,0.0,24.0,0.0,0.0,56.0,6.0,56.0,-0.0,
720575940629837527,central,unknown,0.0,3.912585043466795e-09,22.99258305025439,162.0,19.0,170.0,12.0,332.0,-5.38,
720575940612110042,central,unknown,0.0,5.924705561171616e-09,24.502266225441733,229.0,23.0,78.0,8.0,307.0,-3.28,
720575940621612765,central,ALLN,0.0,0.0,24.47922275661698,58.0,8.0,33.0,4.0,91.0,-3.47,
720575940637013726,sensory,olfactory,0.0,6.547186975616942e-09,25.07527360189162,160.0,18.0,191.0,15.0,351.0,-0.0,
720575940622792423,central,ALLN,0.0,0.0,24.51968427741216,16.0,3.0,140.0,14.0,156.0,-2.73,
720575940637832937,central,unknown,0.0,1.863689259367861e-08,24.655584328397875,237.0,21.0,31.0,5.0,268.0,-3.22,
720575940620465904,central,ALPN,0.0,1.5192313914549876e-06,24.8735630265666,1235.0,107.0,1519.0,130.0,2754.0,-2.06,
720575940621743860,central,unknown,0.0,1.6926998971408948e-10,23.12264865644687,108.0,12.0,60.0,8.0,168.0,-4.4,
720575940634818296,sensory,olfactory,0.0,6.074324948291191e-10,25.122682412073026,38.0,5.0,232.0,14.0,270.0,-0.0,
720575940635047672,central,unknown,7.61514664587224e-06,2.302013340619967e-07,19.223264306373974,493.0,11.0,408.0,17.0,901.0,-6.52,
720575940629837563,central,unknown,0.0,5.5237084509211333e-08,21.319879505024293,263.0,17.0,519.0,38.0,782.0,-5.39,
720575940617910017,central,unknown,0.0,2.916133425546338e-09,24.37712574861141,381.0,27.0,233.0,20.0,614.0,-3.54,
720575940626822916,sensory,olfactory,0.0,0.0,25.126191905925296,36.0,4.0,164.0,13.0,200.0,-0.0,
720575940608571145,central,Kenyon_Cell,0.0,0.0,24.49509211133452,96.0,8.0,28.0,1.0,124.0,-3.6,
720575940608177929,central,unknown,0.0,0.0,23.87611857619529,163.0,18.0,77.0,6.0,240.0,-4.01,
720575940608407305,central,Kenyon_Cell,0.0,0.0,24.36787706474037,60.0,4.0,28.0,1.0,88.0,-3.39,
720575940621514509,sensory,olfactory,0.0,0.0,24.0,0.0,0.0,46.0,7.0,46.0,-0.0,
720575940628264721,sensory,olfactory,0.0,1.2400763278332135e-09,25.15523246681919,343.0,22.0,764.0,29.0,1107.0,-0.0,
720575940630918930,central,unknown,0.0,2.3290974842137827e-07,23.83725184878268,169.0,18.0,162.0,9.0,331.0,-4.0,
720575940631967506,central,unknown,2.348113913588084e-05,2.426560139957776e-07,20.759202106669694,367.0,18.0,1086.0,24.0,1453.0,-4.99,
720575940620039956,central,Kenyon_Cell,0.0,0.0,23.777551497284215,31.0,2.0,47.0,3.0,78.0,-4.67,
720575940611323670,central,ALPN,0.0,0.0,24.344698951195657,61.0,5.0,33.0,4.0,94.0,-3.86,
720575940616959778,central,ALLN,0.0,7.261483838673832e-09,24.400243095290467,46.0,7.0,285.0,22.0,331.0,-4.41,
720575940622694182,central,Kenyon_Cell,0.0,0.0,24.383581277681326,110.0,9.0,19.0,1.0,129.0,-3.56,
720575940615059240,central,unknown,0.0,4.116261348236052e-07,22.58617305961479,362.0,31.0,743.0,52.0,1105.0,-5.31,
720575940623284009,central,unknown,0.0,1.575463776219129e-09,24.37100855255784,676.0,58.0,166.0,13.0,842.0,-3.6,
720575940608341806,central,ALPN,0.0,3.472928163056344e-08,24.88243994083036,316.0,24.0,304.0,25.0,620.0,-2.15,
720575940614076211,central,unknown,0.0,0.0,24.39703379700405,192.0,22.0,100.0,13.0,292.0,-3.34,
720575940629346103,central,ALPN,0.0,0.0,24.486089496337705,6.0,1.0,193.0,10.0,199.0,-4.77,
720575940608177988,central,Kenyon_Cell,0.0,0.0,24.43121390665953,85.0,6.0,11.0,1.0,96.0,-3.56,
720575940632196935,central,unknown,0.0,3.773617135814322e-10,24.60589208894199,171.0,15.0,90.0,13.0,261.0,-3.15,
720575940626593618,sensory,olfactory,0.0,0.0,24.754158199954382,14.0,2.0,18.0,3.0,32.0,-0.0,
720575940632754003,ascending,AN,1.1919359967452201e-07,3.440706122026528e-07,21.52753359108251,491.0,20.0,471.0,23.0,962.0,-5.77,
720575940624660313,central,Kenyon_Cell,0.0,0.0,23.7716379777564,32.0,2.0,33.0,1.0,65.0,-4.68,
720575940633540447,central,unknown,0.0,0.0,22.83206229441248,73.0,9.0,16.0,2.0,89.0,-4.89,
720575940612306786,ascending,AN,4.635306654009189e-07,2.118171537602764e-07,21.139280053290523,351.0,18.0,428.0,21.0,779.0,-5.88,
720575940627707753,sensory,olfactory,0.0,4.78419669853763e-08,25.152034478981744,134.0,9.0,340.0,20.0,474.0,-0.0,
720575940614928234,central,unknown,0.0,0.0,23.419571652989298,160.0,14.0,136.0,10.0,296.0,-4.11,
720575940611454833,central,Kenyon_Cell,0.0,0.0,24.58460661034612,136.0,8.0,37.0,2.0,173.0,-3.65,
720575940629706618,central,unknown,0.0,0.0,24.532421900985177,80.0,10.0,39.0,5.0,119.0,-2.98,
720575940628723578,central,unknown,0.0,0.0,21.445740238873444,153.0,8.0,0.0,0.0,153.0,-6.73,
720575940621875068,central,unknown,0.0,1.8624851576711456e-10,24.35864484153385,303.0,31.0,394.0,21.0,697.0,-3.71,
720575940626986885,central,ALPN,1.0674449037518304e-05,9.610703894047569e-07,24.81880019383312,997.0,78.0,1480.0,130.0,2477.0,-2.08,
720575940618729350,central,unknown,0.0,2.5037135964881546e-08,22.524996165460102,72.0,6.0,52.0,7.0,124.0,-4.22,
720575940641961869,central,unknown,0.0,3.311267239819187e-07,24.55285619670401,528.0,33.0,144.0,17.0,672.0,-3.58,
720575940616370065,central,unknown,0.0,0.0,22.285101949116346,237.0,17.0,187.0,8.0,424.0,-5.33,
720575940627216283,central,unknown,0.0,1.6251485206873744e-09,23.214014672026487,30.0,5.0,41.0,4.0,71.0,-4.45,
720575940627478427,central,unknown,0.0,1.7395126855422506e-08,24.167047008604563,19.0,3.0,30.0,4.0,49.0,-3.28,
720575940618663838,descending,unknown,0.0,7.678406034619908e-08,20.834363423882092,161.0,12.0,14.0,2.0,175.0,-5.91,
720575940613355423,central,ALPN,0.0,0.0,24.81694027523717,12.0,2.0,65.0,6.0,77.0,-2.91,
720575940654675873,central,Kenyon_Cell,0.0,0.0,24.49359870896529,111.0,4.0,22.0,1.0,133.0,-3.36,
720575940653332385,central,Kenyon_Cell,0.0,4.1157847815796637e-10,23.96790248600632,53.0,4.0,28.0,2.0,81.0,-3.91,
720575940613191591,sensory,thermosensory,0.0,2.3797872687526546e-07,23.68042357786328,327.0,13.0,817.0,27.0,1144.0,-4.38,
720575940619188139,sensory,olfactory,0.0,0.0,24.0,0.0,0.0,72.0,4.0,72.0,-0.0,
720575940607227826,central,unknown,0.0,0.0,22.52793617191538,406.0,23.0,73.0,9.0,479.0,-5.34,
720575940615255993,central,ALPN,0.0,1.221831619492038e-09,24.126093877066808,130.0,10.0,275.0,30.0,405.0,-3.53,
720575940624365500,sensory,olfactory,0.0,0.0,25.142593927429598,16.0,3.0,74.0,8.0,90.0,-0.0,
720575940619843520,sensory,olfactory,0.0,0.0,24.0,0.0,0.0,30.0,4.0,30.0,-0.0,
720575940629182402,sensory,olfactory,0.0,0.0,24.0,0.0,0.0,40.0,7.0,40.0,-0.0,
720575940608505795,central,Kenyon_Cell,0.0,0.0,24.13837949699104,36.0,4.0,39.0,3.0,75.0,-3.91,
720575940609226702,central,Kenyon_Cell,0.0,0.0,24.68935061748237,97.0,6.0,16.0,1.0,113.0,-2.89,
720575940612044750,central,unknown,0.0,5.412010876869029e-09,23.506394424510493,647.0,60.0,159.0,19.0,806.0,-4.85,
720575940641372112,sensory,olfactory,0.0,0.0,25.138146675544764,34.0,6.0,60.0,5.0,94.0,-0.0,
720575940611094478,central,unknown,0.0,0.0,22.19172986964062,134.0,16.0,26.0,3.0,160.0,-4.51,
720575940608767957,central,Kenyon_Cell,0.0,0.0,24.700369344384285,134.0,9.0,25.0,1.0,159.0,-3.06,
720575940628035543,central,ALPN,3.893657589367719e-06,7.494035174739494e-07,24.82466197676317,365.0,38.0,851.0,82.0,1216.0,-1.9,
720575940616566745,sensory,olfactory,0.0,1.214864989658238e-09,25.11943817717757,37.0,4.0,118.0,10.0,155.0,-0.0,
720575940613257187,central,LHLN,0.0,0.0,24.6967676082442,235.0,23.0,94.0,13.0,329.0,-3.33,
720575940617123814,central,unknown,0.0,2.6579709778501858e-08,21.127256076471472,606.0,29.0,131.0,10.0,737.0,-5.59,
720575940624791527,central,unknown,0.0,0.0,23.250740014297325,352.0,28.0,114.0,5.0,466.0,-4.66,
720575940636325865,central,Kenyon_Cell,0.0,0.0,24.587639932895733,128.0,6.0,35.0,2.0,163.0,-2.99,
720575940623742956,central,unknown,0.0,0.0,23.62748270448456,228.0,20.0,79.0,5.0,307.0,-4.54,
720575940618336239,central,unknown,0.0,1.015702242032131e-09,21.425338045835087,23.0,4.0,115.0,12.0,138.0,-4.96,
720575940621645808,central,unknown,0.0,0.0,24.35916885586799,86.0,12.0,29.0,3.0,115.0,-3.49,
720575940624758771,central,LHLN,0.0,6.45933888649945e-09,24.60575743209847,135.0,14.0,173.0,22.0,308.0,-3.21,
720575940635539448,central,unknown,0.0,5.519509536332101e-09,24.2299123854475,318.0,21.0,277.0,19.0,595.0,-4.07,
720575940623218687,central,Kenyon_Cell,0.0,0.0,24.66721289456892,125.0,6.0,21.0,1.0,146.0,-3.22,
720575940628953088,sensory,olfactory,0.0,2.3075555433033211e-10,25.138778056608945,6.0,1.0,92.0,7.0,98.0,-0.0,
720575940616009729,central,Kenyon_Cell,0.0,0.0,24.59184263258751,155.0,6.0,41.0,3.0,196.0,-3.2,
720575940621449221,central,unknown,0.0,3.2097751050102876e-10,23.41086299940854,55.0,8.0,714.0,35.0,769.0,-3.88,
720575940628002822,central,Kenyon_Cell,0.0,6.937193631850485e-10,23.921040586092627,49.0,4.0,63.0,4.0,112.0,-4.57,
720575940614993932,sensory,olfactory,0.0,0.0,25.119942574625387,21.0,3.0,44.0,5.0,65.0,-0.0,
720575940630132754,sensory,olfactory,0.0,4.8061712480070976e-08,25.109433108011075,45.0,5.0,138.0,11.0,183.0,-0.0,
720575940627249171,central,unknown,2.251434660518749e-07,4.2163112865903214e-08,24.54704559806721,554.0,46.0,269.0,17.0,823.0,-3.36,
720575940619417620,central,ALLN,0.0,4.817082515610909e-09,22.594012732423856,182.0,10.0,210.0,16.0,392.0,-4.13,
720575940644157463,central,Kenyon_Cell,0.0,0.0,24.69555885786245,162.0,7.0,30.0,2.0,192.0,-2.98,
720575940620007457,central,Kenyon_Cell,0.0,0.0,24.59424733787678,128.0,7.0,40.0,2.0,168.0,-3.21,
720575940645599268,central,unknown,0.0,0.0,23.38108255376563,170.0,14.0,99.0,6.0,269.0,-3.75,
720575940622268454,sensory,olfactory,0.0,0.0,24.0,0.0,0.0,124.0,13.0,124.0,-0.0,
720575940629248044,sensory,olfactory,0.0,6.074324948291191e-10,25.12981397196291,45.0,6.0,173.0,13.0,218.0,-0.0,
720575940610504750,central,unknown,0.0,2.9335540934208865e-07,21.747415986765155,399.0,27.0,76.0,9.0,475.0,-5.28,
720575940619253809,central,LHLN,0.0,7.980958908281844e-09,24.69540935585469,742.0,30.0,421.0,47.0,1163.0,-3.35,
720575940614043699,central,LHLN,0.0,0.0,24.14572689290125,69.0,6.0,23.0,3.0,92.0,-3.59,
720575940646484020,sensory,olfactory,0.0,0.0,25.14186321473966,6.0,1.0,69.0,5.0,75.0,-0.0,
720575940618893366,central,unknown,0.0,0.0,24.30039729952061,78.0,10.0,50.0,6.0,128.0,-3.69,
720575940630067255,central,Kenyon_Cell,0.0,3.7906276011976156e-10,24.26265461655823,52.0,4.0,33.0,3.0,85.0,-4.01,
720575940621023297,central,Kenyon_Cell,0.0,0.0,24.65357822666113,70.0,6.0,15.0,1.0,85.0,-3.01,
720575940637112390,central,Kenyon_Cell,0.0,0.0,24.1770113735109,35.0,2.0,39.0,3.0,74.0,-4.32,
720575940621285452,sensory,olfactory,0.0,1.0962626678441657e-08,25.13324876034941,17.0,3.0,73.0,7.0,90.0,-0.0,
720575940628265039,central,Kenyon_Cell,0.0,0.0,24.694495620900977,146.0,9.0,30.0,1.0,176.0,-2.97,
720575940626724946,central,Kenyon_Cell,0.0,0.0,24.758141862044376,75.0,6.0,23.0,1.0,98.0,-3.1,
720575940619155541,central,Kenyon_Cell,0.0,0.0,24.729804321725545,122.0,6.0,29.0,1.0,151.0,-2.71,
720575940638914648,sensory,olfactory,0.0,0.0,25.15732551105552,11.0,2.0,168.0,7.0,179.0,-0.0,
720575940621809755,central,unknown,0.0,4.4155611939121655e-08,24.54336547214218,439.0,39.0,223.0,18.0,662.0,-3.59,
720575940633311328,sensory,olfactory,0.0,0.0,25.14182501347336,46.0,6.0,112.0,7.0,158.0,-0.0,
720575940635342949,sensory,olfactory,0.0,0.0,24.0,0.0,0.0,52.0,7.0,52.0,-0.0,
720575940604704870,sensory,olfactory,0.0,6.074324948291191e-10,25.130278832803818,56.0,8.0,147.0,9.0,203.0,-0.0,
720575940605032550,central,unknown,0.0,0.0,21.302032587424616,166.0,13.0,193.0,12.0,359.0,-6.55,
720575940630493292,central,Kenyon_Cell,0.0,0.0,24.735935571444585,98.0,9.0,24.0,1.0,122.0,-3.16,
720575940636227696,sensory,olfactory,0.0,5.84943175345892e-11,25.13049863159801,11.0,2.0,27.0,4.0,38.0,-0.0,
720575940638881907,sensory,olfactory,0.0,8.579847698284498e-09,25.204760255738822,27.0,4.0,94.0,8.0,121.0,-0.0,
720575940649433209,sensory,olfactory,0.0,0.0,25.03068009420192,17.0,3.0,51.0,3.0,68.0,-0.0,
720575940628953210,sensory,olfactory,0.0,6.566322503469576e-08,25.152930812292283,435.0,23.0,1063.0,37.0,1498.0,-0.0,
720575940636620942,central,LHLN,0.0,0.0,24.724225984278817,231.0,22.0,113.0,15.0,344.0,-2.9,
720575940627150991,sensory,hygrosensory,0.0,4.646857067708119e-07,24.700673223146826,96.0,8.0,169.0,18.0,265.0,-3.26,
720575940614633622,central,unknown,0.0,0.0,24.47536949250283,145.0,17.0,71.0,6.0,216.0,-3.51,
720575940613355670,central,unknown,0.0,1.667116755403544e-07,24.25477008864762,112.0,12.0,85.0,10.0,197.0,-3.39,
720575940618238109,central,unknown,0.0,1.3640079604355972e-09,24.53417769173376,81.0,10.0,45.0,8.0,126.0,-3.51,
720575940639013027,central,ALPN,0.0,2.6121860557138752e-08,24.4484217816324,240.0,28.0,676.0,58.0,916.0,-3.5,
720575940620499115,central,LHCENT,0.0,3.730629097794117e-11,24.43369361914137,662.0,22.0,221.0,21.0,883.0,-3.21,
720575940611881139,descending,unknown,0.0,0.0,20.10015155539463,31.0,3.0,45.0,2.0,76.0,-5.06,
720575940623972533,central,unknown,0.0,1.4164420638683538e-10,24.163026532979583,194.0,18.0,131.0,8.0,325.0,-4.12,
720575940624693432,central,unknown,0.0,3.872747807684928e-08,24.20607690567057,425.0,17.0,196.0,12.0,621.0,-3.73,
720575940616534201,sensory,olfactory,0.0,0.0,25.03819819237836,7.0,1.0,50.0,7.0,57.0,-0.0,
720575940624431288,ascending,AN,0.0,8.645885085443353e-09,20.801140986448686,206.0,17.0,332.0,18.0,538.0,-5.83,
720575940624595132,sensory,olfactory,0.0,5.84943175345892e-11,25.11619846686452,19.0,3.0,105.0,6.0,124.0,-0.0,
720575940618696896,central,Kenyon_Cell,0.0,0.0,24.349961455098757,143.0,7.0,22.0,1.0,165.0,-4.02,
720575940608997571,central,Kenyon_Cell,0.0,0.0,24.77049035376237,160.0,9.0,25.0,1.0,185.0,-3.02,
720575940630722757,central,Kenyon_Cell,0.0,0.0,24.344698034036675,35.0,3.0,28.0,2.0,63.0,-3.61,
720575940623087821,central,unknown,0.0,4.184896598701839e-10,23.50904984194755,133.0,11.0,301.0,22.0,434.0,-4.71,
720575940608768213,central,Kenyon_Cell,0.0,0.0,24.35440622033397,87.0,8.0,17.0,1.0,104.0,-4.28,
720575940618696920,sensory,olfactory,0.0,6.095824866712431e-09,25.129132907546698,105.0,11.0,171.0,12.0,276.0,-0.0,
720575940617058521,sensory,olfactory,0.0,3.976123967840293e-10,25.126200052465236,30.0,4.0,126.0,11.0,156.0,-0.0,
720575940617877720,central,Kenyon_Cell,0.0,0.0,24.42406490380404,39.0,3.0,37.0,1.0,76.0,-3.74,
720575940619319512,central,Kenyon_Cell,0.0,0.0,24.64431598108584,64.0,5.0,25.0,2.0,89.0,-2.9,
720575940630001884,central,unknown,0.0,1.951953604922749e-07,23.76376966702956,79.0,11.0,111.0,12.0,190.0,-3.84,
720575940614174943,sensory,olfactory,0.0,2.1948352040801138e-10,25.07720446297286,30.0,5.0,114.0,9.0,144.0,-0.0,
720575940628822248,central,ALLN,0.0,3.200863271551419e-06,24.87816202143937,626.0,70.0,1651.0,99.0,2277.0,-1.78,
720575940618926319,central,Kenyon_Cell,0.0,0.0,24.44491850768477,113.0,7.0,23.0,2.0,136.0,-3.61,
720575940623087859,sensory,olfactory,0.0,5.386103169929957e-08,25.144826707483432,270.0,18.0,1021.0,33.0,1291.0,-0.0,
720575940634032376,central,Kenyon_Cell,0.0,0.0,24.62507342427628,80.0,8.0,20.0,1.0,100.0,-3.47,
720575940628429056,sensory,olfactory,0.0,8.738911654208456e-09,25.13245113356776,94.0,10.0,248.0,14.0,342.0,-0.0,
720575940623317261,sensory,olfactory,0.0,0.0,24.0,0.0,0.0,24.0,4.0,24.0,-0.0,
720575940623546638,central,Kenyon_Cell,0.0,0.0,24.286614072311487,93.0,9.0,18.0,1.0,111.0,-3.78,
720575940630624530,central,unknown,0.0,3.1835897348964217e-11,22.463153103525386,289.0,16.0,78.0,6.0,367.0,-5.57,
720575940628789525,central,unknown,7.844263231913265e-05,1.8433877183057144e-06,23.14410070529862,1220.0,54.0,1613.0,51.0,2833.0,-5.0,
720575940644223255,central,unknown,0.0,0.0,24.442013847860093,47.0,6.0,12.0,2.0,59.0,-3.91,
720575940603885856,central,unknown,0.0,3.105566272078372e-09,21.32503338572913,80.0,5.0,24.0,2.0,104.0,-4.74,
720575940612700450,sensory,olfactory,0.0,0.0,25.117334388543934,46.0,4.0,129.0,10.0,175.0,-0.0,
720575940615059752,central,unknown,0.0,7.176050554724962e-07,24.56900574588236,173.0,16.0,110.0,9.0,283.0,-3.49,
720575940610505006,descending,unknown,0.0,8.856417042022756e-07,20.68938715328511,1945.0,83.0,55.0,5.0,2000.0,-5.5,
720575940629707068,sensory,olfactory,0.0,5.288731924237548e-08,25.110607593084065,22.0,2.0,153.0,8.0,175.0,-0.0,
720575940628691260,central,unknown,0.0,3.749866193296736e-08,22.323627457467204,12.0,2.0,50.0,2.0,62.0,-3.61,
720575940639668541,central,unknown,0.0,0.0,23.994598980727904,24.0,4.0,51.0,6.0,75.0,-4.16,
720575940608211268,central,Kenyon_Cell,0.0,0.0,24.50607230417604,64.0,4.0,52.0,3.0,116.0,-3.73,
720575940627249480,central,unknown,0.0,7.296822753261219e-11,24.420006441362656,483.0,34.0,96.0,11.0,579.0,-3.73,
720575940628887887,central,Kenyon_Cell,0.0,0.0,24.506569580876693,87.0,6.0,20.0,1.0,107.0,-3.27,
720575940619909461,central,unknown,0.0,2.0856031879039548e-09,24.243724298092925,203.0,21.0,101.0,10.0,304.0,-3.99,
720575940624660825,central,unknown,0.0,0.0,21.7455916770128,122.0,12.0,293.0,13.0,415.0,-5.52,
720575940638128474,central,ALLN,3.853926389476212e-06,1.1697255219671828e-05,24.671508790353403,8651.0,430.0,5838.0,326.0,14489.0,-2.76,
720575940639013210,central,Kenyon_Cell,0.0,0.0,24.409113017428968,59.0,4.0,38.0,2.0,97.0,-4.01,
720575940625709401,central,unknown,0.0,0.0,23.60592052182006,360.0,20.0,204.0,11.0,564.0,-5.05,
720575940615846237,central,Kenyon_Cell,0.0,0.0,24.374445383572088,52.0,4.0,30.0,2.0,82.0,-3.81,
720575940634622303,sensory,olfactory,0.0,0.0,25.24678925991962,7.0,1.0,27.0,4.0,34.0,-0.0,
720575940633803104,sensory,olfactory,0.0,0.0,24.0,0.0,0.0,7.0,1.0,7.0,-0.0,
720575940634163552,central,Kenyon_Cell,0.0,0.0,24.619769226982203,152.0,7.0,23.0,1.0,175.0,-3.19,
720575940626102628,central,Kenyon_Cell,0.0,0.0,24.5589187920615,141.0,7.0,29.0,1.0,170.0,-3.3,
720575940636227941,central,LHLN,0.0,4.9601997367674575e-11,24.43815926079708,230.0,21.0,79.0,10.0,309.0,-3.32,
720575940606179686,descending,unknown,0.0,2.8960932510557945e-08,21.06987276985229,563.0,41.0,12.0,2.0,575.0,-5.71,
720575940614207850,central,Kenyon_Cell,0.0,0.0,24.51848121719113,68.0,5.0,15.0,1.0,83.0,-3.65,
720575940643830126,central,Kenyon_Cell,0.0,0.0,24.14578326371567,32.0,2.0,25.0,1.0,57.0,-4.01,
720575940629248374,central,unknown,0.0,0.0,22.006469220201023,143.0,11.0,0.0,0.0,143.0,-4.77,
720575940610406776,central,Kenyon_Cell,0.0,0.0,24.479802972168983,108.0,7.0,23.0,1.0,131.0,-3.36,
720575940628363642,central,Kenyon_Cell,0.0,0.0,24.366452193517105,55.0,4.0,12.0,1.0,67.0,-3.85,
720575940617648507,central,Kenyon_Cell,0.0,0.0,24.6431588085978,82.0,5.0,23.0,2.0,105.0,-3.46,
720575940625185149,central,unknown,0.0,0.0,21.486328501383813,11.0,2.0,26.0,3.0,37.0,-3.64,
720575940640094592,central,ALPN,0.0,0.0,24.47087646618271,37.0,6.0,83.0,9.0,120.0,-3.78,
720575940639504768,central,unknown,0.0,0.0,22.588603345399655,56.0,7.0,36.0,4.0,92.0,-4.66,
720575940626692485,sensory,olfactory,0.0,0.0,24.0,0.0,0.0,18.0,3.0,18.0,-0.0,
720575940619024774,sensory,thermosensory,0.0,1.836118878603772e-08,24.66073718587316,351.0,25.0,525.0,26.0,876.0,-3.41,
720575940628330885,central,ALLN,0.0,3.233794353658724e-09,24.21960756937132,386.0,37.0,288.0,22.0,674.0,-4.21,
720575940625119625,central,ALLN,0.0,0.0,22.4967214885564,10.0,2.0,161.0,11.0,171.0,-4.51,
720575940632099212,central,LHLN,0.0,1.115720240796889e-07,24.69348157187027,895.0,47.0,507.0,46.0,1402.0,-3.04,
720575940641536397,central,Kenyon_Cell,0.0,0.0,24.5326096853191,70.0,5.0,16.0,1.0,86.0,-3.4,
720575940636588430,central,LHLN,0.0,1.894898629514387e-09,24.64773584257643,284.0,24.0,165.0,16.0,449.0,-3.21,
720575940627675535,sensory,olfactory,0.0,4.0577242962270406e-10,25.09209848444904,39.0,5.0,147.0,12.0,186.0,-0.0,
720575940623972756,central,Kenyon_Cell,0.0,0.0,24.573676876479283,110.0,6.0,20.0,1.0,130.0,-3.43,
720575940612766102,central,Kenyon_Cell,0.0,0.0,24.07368277476555,36.0,3.0,24.0,1.0,60.0,-3.74,
720575940643371424,central,unknown,0.0,6.875342917027017e-09,24.433491189708928,297.0,31.0,97.0,16.0,394.0,-3.38,
720575940643797408,central,unknown,0.0,0.0,24.353794560865843,268.0,22.0,36.0,6.0,304.0,-3.62,
720575940614666658,central,LHLN,0.0,1.0994098729930744e-08,24.7613182211982,408.0,29.0,105.0,11.0,513.0,-3.06,
720575940625906088,central,unknown,0.0,0.0,22.909660351843456,201.0,11.0,213.0,8.0,414.0,-4.73,
720575940612635050,central,ALIN,3.310933324292278e-07,2.902273306904271e-05,23.29273911887146,115.0,12.0,1316.0,77.0,1431.0,-3.64,
720575940636490158,central,unknown,0.0,9.187892686157937e-10,23.46009553675789,225.0,16.0,340.0,24.0,565.0,-5.02,
720575940636096948,central,ALPN,0.0,2.5407892414671285e-07,24.797505096428957,36.0,6.0,163.0,18.0,199.0,-2.84,
720575940617157049,central,unknown,0.0,0.0,24.913581027714716,5.0,1.0,52.0,6.0,57.0,-2.62,
720575940635933119,central,ALPN,8.489233043485401e-06,5.501924159476546e-07,24.876086327261664,1149.0,86.0,1705.0,135.0,2854.0,-1.78,
720575940613257664,central,Kenyon_Cell,0.0,0.0,24.76478647640569,102.0,5.0,15.0,1.0,117.0,-2.8,
720575940606769609,central,LHLN,2.3176533270045948e-06,0.0,24.688179962124,502.0,35.0,137.0,11.0,639.0,-2.96,
720575940626069962,central,unknown,0.0,0.0,23.60210572173278,46.0,7.0,29.0,4.0,75.0,-5.03,
720575940633573836,visual_centrifugal,unknown,0.0,2.2566227352612733e-08,21.118036201828485,521.0,36.0,46.0,6.0,567.0,-5.47,
720575940622039501,sensory,olfactory,0.0,7.063505808412785e-09,25.137695180448468,27.0,4.0,142.0,9.0,169.0,-0.0,
720575940610505170,central,ALPN,3.3374207908866163e-06,1.2938655449582191e-06,24.904224469626275,877.0,77.0,1224.0,106.0,2101.0,-1.83,
720575940622203350,central,unknown,0.0,2.543626266267333e-09,22.487446454679485,644.0,41.0,558.0,43.0,1202.0,-5.66,
720575940632000993,central,ALLN,0.0,0.0,24.78174956035474,22.0,2.0,253.0,21.0,275.0,-3.39,
720575940637964772,central,Kenyon_Cell,0.0,0.0,24.563779617439216,148.0,11.0,22.0,1.0,170.0,-3.54,
720575940628003304,central,unknown,0.0,8.072925610901964e-09,24.355478887291124,221.0,17.0,47.0,8.0,268.0,-3.35,
720575940637932009,central,Kenyon_Cell,0.0,0.0,24.60350594677868,144.0,10.0,21.0,1.0,165.0,-3.45,
720575940622334448,central,ALPN,1.059498663773529e-07,1.1902876136924933e-07,23.41021542685945,563.0,41.0,994.0,68.0,1557.0,-4.63,
720575940610669042,central,unknown,0.0,6.686642801356019e-07,20.858531805084837,212.0,18.0,257.0,18.0,469.0,-5.89,
720575940621351412,motor,brain_motor_neuron,0.0,0.0,19.590370328595217,191.0,5.0,0.0,0.0,191.0,-5.66,
720575940629477882,central,Kenyon_Cell,0.0,0.0,24.508898297731896,85.0,7.0,22.0,2.0,107.0,-3.22,
720575940631706107,central,unknown,0.0,4.474234222016592e-11,20.10762188159436,141.0,11.0,80.0,8.0,221.0,-5.35,
720575940614240766,central,Kenyon_Cell,0.0,0.0,24.23945110966366,26.0,3.0,52.0,3.0,78.0,-3.74,
720575940622039551,sensory,olfactory,0.0,0.0,25.119410463013462,55.0,6.0,93.0,6.0,148.0,-0.0,
720575940622957064,central,unknown,0.0,1.3508000524674258e-06,23.0883958305548,72.0,6.0,61.0,4.0,133.0,-3.72,
720575940631181842,central,LHLN,0.0,9.152721285555515e-10,24.454424542479583,151.0,16.0,128.0,16.0,279.0,-3.31,
720575940618533403,sensory,olfactory,0.0,0.0,24.0,0.0,0.0,47.0,8.0,47.0,-0.0,
720575940626364956,central,Kenyon_Cell,0.0,0.0,24.656901297585023,125.0,6.0,17.0,1.0,142.0,-3.24,
720575940630592031,central,ALLN,0.0,5.297543342916717e-07,24.920159990749312,167.0,22.0,354.0,14.0,521.0,-1.31,
720575940629871146,central,Kenyon_Cell,0.0,0.0,24.23908774591514,53.0,3.0,27.0,1.0,80.0,-4.48,
720575940632689199,visual_centrifugal,unknown,0.0,0.0,21.41893726125464,883.0,33.0,65.0,4.0,948.0,-5.36,
720575940628724284,central,Kenyon_Cell,0.0,0.0,24.61893576168281,52.0,6.0,20.0,1.0,72.0,-2.98,
720575940617910848,central,ALLN,5.959679983726101e-07,5.601029364398903e-07,25.06772168924285,922.0,44.0,1068.0,26.0,1990.0,-1.35,
720575940621023809,central,Kenyon_Cell,0.0,6.933891778622572e-11,23.77915370166956,35.0,3.0,31.0,2.0,66.0,-4.32,
720575940630428227,sensory,olfactory,0.0,0.0,25.09627850718279,5.0,1.0,44.0,5.0,49.0,-0.0,
720575940631247431,sensory,olfactory,0.0,0.0,25.14186321473966,8.0,1.0,79.0,6.0,87.0,-0.0,
720575940638915160,sensory,olfactory,0.0,0.0,24.0,0.0,0.0,51.0,4.0,51.0,-0.0,
720575940627806809,central,unknown,0.0,0.0,21.85742252445644,190.0,15.0,44.0,5.0,234.0,-5.19,
720575940639210072,central,unknown,0.0,8.251310965681286e-10,23.72010970908703,27.0,4.0,62.0,9.0,89.0,-3.87,
720575940637637208,central,unknown,0.0,1.4319880685517585e-08,21.939840793044823,50.0,6.0,162.0,10.0,212.0,-4.6,
720575940607687260,central,ALPN,2.4103594600847784e-06,1.3327533908384512e-05,24.852343405634077,482.0,56.0,1186.0,102.0,1668.0,-1.56,
720575940622793310,central,ALPN,0.0,2.817566889112941e-08,24.66110206027321,313.0,34.0,601.0,34.0,914.0,-3.77,
720575940634819167,central,unknown,0.0,2.368622576409896e-08,22.89860169205755,420.0,25.0,41.0,6.0,461.0,-5.18,
720575940627249764,central,unknown,0.0,0.0,22.64081772735761,72.0,10.0,8.0,1.0,80.0,-4.99,
720575940636523109,central,ALPN,0.0,1.3957699146474705e-07,24.61910158658985,174.0,22.0,276.0,25.0,450.0,-2.75,
720575940636359275,central,unknown,0.0,1.1234210456348175e-09,24.169476291312787,280.0,28.0,191.0,7.0,471.0,-3.39,
720575940620892781,central,unknown,0.0,1.746875298427411e-10,24.295625100425145,814.0,46.0,261.0,13.0,1075.0,-3.79,
720575940630493818,central,ALPN,9.297100774612716e-06,1.180937225345268e-06,24.865229481939984,1507.0,86.0,2638.0,183.0,4145.0,-2.1,
720575940626594435,sensory,olfactory,0.0,0.0,24.0,0.0,0.0,19.0,3.0,19.0,-0.0,
720575940646386308,central,unknown,0.0,0.0,21.53735171157696,136.0,13.0,25.0,3.0,161.0,-5.58,
720575940623121032,central,unknown,0.0,5.6450349734767e-10,24.22614283878045,60.0,7.0,67.0,7.0,127.0,-3.65,
720575940627446415,central,unknown,0.0,1.926791136830472e-08,24.48287564044575,112.0,11.0,122.0,11.0,234.0,-3.26,
720575940614371986,central,Kenyon_Cell,0.0,0.0,24.615755372740487,145.0,5.0,15.0,2.0,160.0,-3.23,
720575940610308757,central,Kenyon_Cell,0.0,0.0,24.27378779515953,56.0,6.0,34.0,2.0,90.0,-4.0,
720575940633213591,sensory,olfactory,0.0,5.964479617214969e-11,25.121123497859298,32.0,4.0,101.0,11.0,133.0,-0.0,
720575940625709720,sensory,olfactory,0.0,0.0,25.169509958741624,32.0,5.0,95.0,9.0,127.0,-0.0,
720575940634688151,central,unknown,0.0,4.5628190916014785e-08,23.784299431598253,1299.0,59.0,1101.0,72.0,2400.0,-4.99,
720575940628920987,central,Kenyon_Cell,0.0,0.0,24.70857907801798,125.0,7.0,22.0,1.0,147.0,-3.07,
720575940621482665,sensory,olfactory,0.0,5.983950483624364e-08,25.133359056806217,318.0,19.0,571.0,28.0,889.0,-0.0,
720575940603820716,sensory,hygrosensory,0.0,1.1698863506917843e-10,24.66386337539493,313.0,26.0,414.0,35.0,727.0,-3.59,
720575940635146926,sensory,olfactory,0.0,1.1689499883794237e-08,25.137909068966405,98.0,10.0,151.0,9.0,249.0,-0.0,
720575940635277998,sensory,olfactory,0.0,0.0,25.097715518443493,17.0,2.0,128.0,7.0,145.0,-0.0,
720575940619254448,central,Kenyon_Cell,0.0,0.0,24.328935595686797,45.0,5.0,38.0,2.0,83.0,-3.6,
720575940612700847,central,unknown,0.0,5.636612164799401e-10,23.505927136071225,306.0,20.0,282.0,24.0,588.0,-4.49,
720575940607195826,central,ALPN,0.0,2.4202115875460188e-08,24.716158220685884,59.0,9.0,1037.0,76.0,1096.0,-2.91,
720575940635507380,central,unknown,0.0,0.0,22.828954875626827,89.0,10.0,154.0,11.0,243.0,-4.32,
720575940625283770,sensory,olfactory,0.0,0.0,25.14186321473966,7.0,1.0,67.0,4.0,74.0,-0.0,
720575940606769854,central,unknown,0.0,2.35954573705541e-09,24.115679735932314,737.0,44.0,1409.0,201.0,2146.0,-3.99,
720575940605557438,central,Kenyon_Cell,0.0,0.0,24.1136028148431,34.0,2.0,40.0,1.0,74.0,-3.89,
720575940619418304,sensory,olfactory,0.0,0.0,24.0,0.0,0.0,71.0,7.0,71.0,-0.0,
720575940620925643,central,unknown,0.0,3.8586735171558827e-10,24.088464574732367,175.0,20.0,177.0,12.0,352.0,-3.77,
720575940621449933,sensory,olfactory,0.0,0.0,25.135333078095357,5.0,1.0,67.0,5.0,72.0,-0.0,
720575940622236365,central,unknown,0.0,0.0,22.89824697686663,95.0,8.0,292.0,24.0,387.0,-4.82,
720575940622236374,central,unknown,0.0,2.587257881514478e-07,21.27594795829313,473.0,17.0,280.0,10.0,753.0,-5.05,
720575940618959576,central,unknown,0.0,0.0,22.696125144809724,29.0,3.0,25.0,3.0,54.0,-5.86,
720575940617812696,central,unknown,0.0,2.8756445928413374e-08,20.75930755493728,406.0,11.0,578.0,27.0,984.0,-5.86,
720575940629543644,sensory,olfactory,0.0,0.0,24.0,0.0,0.0,85.0,9.0,85.0,-0.0,
720575940637965028,central,Kenyon_Cell,0.0,0.0,24.771704198696064,98.0,6.0,24.0,1.0,122.0,-3.18,
720575940637145828,central,unknown,0.0,0.0,24.38951093806363,25.0,4.0,8.0,1.0,33.0,-3.88,
720575940625775336,central,unknown,0.0,3.0099393857202527e-10,22.627358436718527,70.0,9.0,153.0,14.0,223.0,-5.17,
720575940619385583,sensory,olfactory,0.0,1.0787540645837974e-10,25.15967722358992,125.0,11.0,506.0,27.0,631.0,-0.0,
720575940624366323,sensory,olfactory,0.0,0.0,25.087871478805106,52.0,8.0,99.0,8.0,151.0,-0.0,
720575940635081464,sensory,olfactory,0.0,1.7409288934205717e-08,25.161134306006176,63.0,7.0,92.0,7.0,155.0,-0.0,
720575940631083769,sensory,olfactory,0.0,0.0,24.0,0.0,0.0,15.0,2.0,15.0,-0.0,
720575940623547133,central,ALPN,9.27061330801838e-08,4.896829934672446e-07,24.429313662217886,1496.0,88.0,2278.0,135.0,3774.0,-3.93,
720575940630067968,central,Kenyon_Cell,0.0,0.0,24.56778860558786,124.0,7.0,30.0,1.0,154.0,-3.57,
720575940616239873,sensory,hygrosensory,0.0,5.662073741323312e-08,24.68489227932952,22.0,2.0,126.0,11.0,148.0,-3.39,
720575940616502017,central,Kenyon_Cell,0.0,0.0,24.364557170584405,54.0,5.0,23.0,1.0,77.0,-3.45,
720575940617911041,central,unknown,0.0,6.239601184491086e-08,24.44471160654915,783.0,48.0,795.0,74.0,1578.0,-3.5,
720575940617878273,central,unknown,0.0,3.9660882395495927e-10,23.70895208291366,46.0,4.0,34.0,6.0,80.0,-3.78,
720575940621581061,sensory,olfactory,0.0,0.0,24.0,0.0,0.0,17.0,3.0,17.0,-0.0,
720575940623481608,sensory,olfactory,0.0,0.0,24.0,0.0,0.0,41.0,7.0,41.0,-0.0,
720575940613978892,central,Kenyon_Cell,0.0,0.0,24.42885992993322,32.0,2.0,23.0,1.0,55.0,-3.72,
720575940627708688,central,ALPN,5.178299719193123e-06,2.1555985078305564e-06,24.1805866947174,796.0,69.0,2394.0,150.0,3190.0,-3.02,
720575940626856721,sensory,olfactory,0.0,0.0,25.091403591514883,43.0,5.0,190.0,12.0,233.0,-0.0,
720575940626889491,descending,unknown,0.0,0.0,20.58340942306646,304.0,17.0,18.0,2.0,322.0,-5.18,
720575940611652374,central,Kenyon_Cell,0.0,0.0,24.600275205527783,135.0,7.0,22.0,1.0,157.0,-3.28,
720575940617485083,central,Kenyon_Cell,0.0,0.0,24.649724205435287,106.0,6.0,11.0,1.0,117.0,-3.07,
720575940626299678,sensory,olfactory,0.0,0.0,25.13192807013275,30.0,3.0,36.0,4.0,66.0,-0.0,
720575940605688608,central,unknown,0.0,2.4593747998457028e-11,24.52509450517692,500.0,34.0,156.0,23.0,656.0,-3.23,
720575940622105377,central,unknown,0.0,1.27950987288704e-07,24.481851045331556,1029.0,71.0,118.0,11.0,1147.0,-3.28,
720575940644191012,sensory,olfactory,0.0,0.0,24.0,0.0,0.0,21.0,3.0,21.0,-0.0,
720575940632197930,central,ALLN,0.0,3.026368149511048e-07,24.68413187804661,3420.0,136.0,3239.0,148.0,6659.0,-3.89,
720575940632197935,central,Kenyon_Cell,0.0,0.0,24.597094150300236,118.0,7.0,29.0,2.0,147.0,-3.25,
720575940628888375,sensory,olfactory,0.0,0.0,24.733025686731693,5.0,1.0,123.0,14.0,128.0,-0.0,
720575940628429626,central,unknown,0.0,1.98108546632292e-08,21.612481009637232,144.0,12.0,441.0,27.0,585.0,-5.54,
720575940638161725,central,Kenyon_Cell,0.0,4.491646021747339e-10,24.318976584834328,61.0,5.0,32.0,3.0,93.0,-3.97,
720575940624694078,sensory,olfactory,0.0,0.0,24.0,0.0,0.0,32.0,5.0,32.0,-0.0,
720575940617911104,central,Kenyon_Cell,0.0,0.0,24.069839927579444,47.0,4.0,37.0,3.0,84.0,-4.76,
720575940620565313,central,ALLN,0.0,9.607864330820538e-07,24.62949685582311,2200.0,126.0,2683.0,146.0,4883.0,-3.69,
720575940615060290,sensory,olfactory,0.0,1.2059819176992882e-07,25.19331989774455,51.0,5.0,310.0,18.0,361.0,-0.0,
720575940631771971,central,unknown,0.0,1.6637972459820472e-08,24.41719346514931,547.0,52.0,343.0,18.0,890.0,-3.59,
720575940618992449,central,Kenyon_Cell,0.0,1.278058347700134e-09,24.30709043544764,51.0,4.0,69.0,4.0,120.0,-4.02,
720575940609653572,central,unknown,0.0,1.615089426484038e-10,21.838480916820227,98.0,5.0,50.0,6.0,148.0,-5.47,
720575940624104265,central,unknown,0.0,9.205260271656587e-09,24.356337403731175,395.0,42.0,341.0,17.0,736.0,-3.27,
720575940621613918,sensory,olfactory,0.0,3.293580472135302e-07,25.0883822082052,5.0,1.0,33.0,6.0,38.0,-0.0,
720575940619451233,sensory,olfactory,0.0,8.738911654208456e-09,25.137206415398595,103.0,10.0,185.0,11.0,288.0,-0.0,
720575940610833250,central,Kenyon_Cell,0.0,0.0,24.69199057092344,101.0,6.0,32.0,2.0,133.0,-3.03,
720575940611160930,central,unknown,0.0,1.4726900797119256e-07,19.12393480595016,147.0,13.0,93.0,7.0,240.0,-5.82,
720575940635900773,central,Kenyon_Cell,0.0,0.0,24.51864290785157,48.0,4.0,36.0,4.0,84.0,-3.68,
720575940605328230,sensory,olfactory,0.0,2.303664646108904e-08,25.13295379916208,129.0,14.0,240.0,15.0,369.0,-0.0,
720575940614634346,sensory,olfactory,0.0,0.0,25.122507598811325,12.0,2.0,77.0,10.0,89.0,-0.0,
720575940634884971,sensory,olfactory,0.0,0.0,24.0,0.0,0.0,29.0,4.0,29.0,-0.0,
720575940635114347,sensory,olfactory,0.0,9.09013776886202e-08,25.09908624662691,99.0,11.0,228.0,11.0,327.0,-0.0,
720575940634229615,central,ALPN,2.277922127113087e-06,5.62150802753749e-07,24.590886772607572,500.0,41.0,1075.0,56.0,1575.0,-2.47,
720575940612504434,central,LHLN,0.0,1.0948108857242675e-09,24.595689679977667,194.0,14.0,67.0,9.0,261.0,-3.19,
720575940616469365,central,unknown,0.0,6.4909278144265685e-09,24.40672750672376,377.0,28.0,95.0,11.0,472.0,-3.52,
720575940616502133,central,unknown,0.0,1.7457648969439511e-09,23.539712896210656,322.0,29.0,115.0,10.0,437.0,-4.85,
720575940628790142,sensory,olfactory,0.0,0.0,25.10276993610156,5.0,1.0,76.0,7.0,81.0,-0.0,
720575940629805950,descending,unknown,0.0,0.0,20.55380296784682,1538.0,52.0,0.0,0.0,1538.0,-5.54,
720575940639964032,central,Kenyon_Cell,0.0,0.0,24.484791950125288,181.0,9.0,33.0,1.0,214.0,-3.77,
720575940661296001,sensory,olfactory,0.0,0.0,25.104894644015705,60.0,6.0,187.0,11.0,247.0,-0.0,
720575940624563075,central,Kenyon_Cell,0.0,1.8439788738027054e-09,24.347801831705087,44.0,3.0,63.0,4.0,107.0,-3.89,
720575940646583172,sensory,olfactory,0.0,0.0,24.0,0.0,0.0,60.0,9.0,60.0,-0.0,
720575940645993348,central,Kenyon_Cell,0.0,1.0510899442197708e-10,24.39822598561044,48.0,4.0,43.0,4.0,91.0,-4.04,
720575940616698769,sensory,olfactory,0.0,0.0,24.0,0.0,0.0,30.0,3.0,30.0,-0.0,
720575940622891923,sensory,olfactory,0.0,2.216474337772447e-08,25.133458336662176,119.0,11.0,170.0,11.0,289.0,-0.0,
720575940633475991,sensory,olfactory,0.0,0.0,25.10276993610156,8.0,1.0,109.0,7.0,117.0,-0.0,
720575940611685273,central,Kenyon_Cell,0.0,0.0,24.719254216776317,165.0,7.0,31.0,1.0,196.0,-2.94,
720575940617681822,sensory,olfactory,0.0,0.0,25.1474207515991,51.0,8.0,83.0,5.0,134.0,-0.0,
720575940615289759,central,Kenyon_Cell,0.0,0.0,24.30856836436597,33.0,4.0,63.0,4.0,96.0,-3.52,
720575940619385765,central,ALPN,1.986559994575367e-07,1.986183846632641e-06,24.553800339841843,401.0,43.0,1084.0,92.0,1485.0,-2.42,
720575940620041125,central,Kenyon_Cell,0.0,0.0,24.498060380826004,42.0,3.0,12.0,1.0,54.0,-3.42,
720575940614470567,central,unknown,0.0,0.0,24.5983591478632,16.0,2.0,0.0,0.0,16.0,-2.73,
720575940626201512,central,Kenyon_Cell,0.0,0.0,24.308469050147405,50.0,4.0,31.0,1.0,81.0,-3.71,
720575940619549611,central,unknown,0.0,8.784866417761594e-09,20.854600744832773,90.0,8.0,141.0,14.0,231.0,-5.76,
720575940636261294,central,unknown,0.0,2.23393603460575e-09,23.783365935139116,387.0,31.0,568.0,37.0,955.0,-4.85,
720575940633934772,central,Kenyon_Cell,0.0,0.0,24.65318100025442,83.0,6.0,14.0,1.0,97.0,-3.24,
720575940619844534,sensory,olfactory,0.0,1.0736110776600084e-08,25.11628298844636,124.0,13.0,199.0,10.0,323.0,-0.0,
720575940623449015,central,unknown,0.0,0.0,23.472999011310467,178.0,14.0,16.0,2.0,194.0,-5.21,
720575940624235448,central,Kenyon_Cell,0.0,0.0,24.738960898017385,134.0,9.0,32.0,3.0,166.0,-3.05,
720575940624300984,central,Kenyon_Cell,0.0,0.0,24.61004136248742,112.0,7.0,26.0,1.0,138.0,-3.32,
720575940616076219,sensory,olfactory,0.0,0.0,24.0,0.0,0.0,38.0,4.0,38.0,-0.0,
720575940624956348,central,unknown,0.0,1.842146364022918e-08,24.60648917249854,175.0,19.0,138.0,13.0,313.0,-3.73,
720575940629380034,sensory,olfactory,0.0,0.0,25.096518687975745,43.0,6.0,82.0,3.0,125.0,-0.0,
720575940608932803,central,unknown,0.0,4.537806229231041e-08,22.80736093616392,386.0,41.0,497.0,34.0,883.0,-4.11,
720575940630952901,central,unknown,0.0,6.995904710490529e-09,24.72389340925912,23.0,3.0,58.0,6.0,81.0,-3.01,
720575940643240904,sensory,olfactory,0.0,7.895776417117894e-08,25.12803223674481,64.0,8.0,169.0,14.0,233.0,-0.0,
720575940643863496,central,MBON,1.059498663773529e-06,2.6448707645403374e-07,21.92886838962722,358.0,21.0,2145.0,96.0,2503.0,-5.24,
720575940643404744,central,Kenyon_Cell,0.0,3.7906276011976156e-10,24.416469404157905,58.0,4.0,48.0,3.0,106.0,-3.71,
720575940630789071,central,Kenyon_Cell,0.0,0.0,24.603231164029147,119.0,9.0,24.0,1.0,143.0,-3.25,
720575940609719250,descending,unknown,0.0,0.0,23.54801044909588,171.0,17.0,0.0,0.0,171.0,-3.97,
720575940617452500,central,unknown,5.032618652924262e-07,1.5197280625892702e-08,24.426146239320964,834.0,55.0,848.0,67.0,1682.0,-3.87,
720575940608801749,central,Kenyon_Cell,0.0,0.0,24.61473768215314,79.0,5.0,18.0,1.0,97.0,-3.37,
720575940617616345,sensory,olfactory,0.0,0.0,24.0,0.0,0.0,25.0,2.0,25.0,-0.0,
720575940641536987,central,unknown,2.357384526896102e-06,1.8855538395832127e-07,22.56032040604452,285.0,16.0,681.0,32.0,966.0,-5.24,
720575940603853792,central,unknown,0.0,0.0,22.546844028715476,80.0,7.0,27.0,2.0,107.0,-5.03,
720575940611849187,central,ALPN,1.3243733297169112e-08,3.7471738379456274e-07,24.65672185138999,78.0,8.0,576.0,57.0,654.0,-3.08,
720575940623973356,sensory,olfactory,0.0,0.0,24.0,0.0,0.0,27.0,3.0,27.0,-0.0,
720575940613258221,central,ALON,3.039436791700311e-05,3.6394778033454633e-06,24.663631254434375,1566.0,63.0,1711.0,81.0,3277.0,-2.52,
720575940620172272,central,Kenyon_Cell,0.0,0.0,24.57222627401495,113.0,6.0,19.0,1.0,132.0,-3.49,
720575940621089780,central,ALLN,0.0,7.358812279617033e-10,24.759141702329217,37.0,4.0,311.0,21.0,348.0,-3.6,
720575940629347319,central,unknown,0.0,0.0,24.25811767158549,140.0,14.0,91.0,8.0,231.0,-3.05,
720575940629445626,central,Kenyon_Cell,0.0,0.0,24.196013961590047,48.0,4.0,67.0,4.0,115.0,-4.06,
720575940614306814,central,Kenyon_Cell,0.0,3.7906276011976156e-10,24.12598278347169,31.0,3.0,27.0,2.0,58.0,-3.9,
720575940614437886,central,unknown,0.0,0.0,23.73602714199072,194.0,18.0,17.0,3.0,211.0,-5.14,
720575940628954112,central,ALPN,0.0,1.0741199547344367e-09,24.41241099868892,463.0,47.0,649.0,59.0,1112.0,-3.92,
720575940614175742,central,unknown,0.0,1.523732020416375e-07,21.876046756753077,872.0,43.0,585.0,37.0,1457.0,-5.64,
720575940628134915,central,Kenyon_Cell,0.0,0.0,24.72169970401218,143.0,5.0,21.0,2.0,164.0,-3.31,
720575940621286405,sensory,olfactory,0.0,0.0,25.082067319969475,30.0,4.0,104.0,8.0,134.0,-0.0,
720575940627643398,sensory,olfactory,0.0,1.065485851227645e-07,25.112164934419983,27.0,5.0,109.0,7.0,136.0,-0.0,
720575940624923655,central,unknown,0.0,0.0,20.49009039874888,624.0,33.0,17.0,2.0,641.0,-5.68,
720575940625415178,central,unknown,0.0,0.0,23.469377494235605,63.0,7.0,38.0,3.0,101.0,-4.12,
720575940623514638,central,LHLN,0.0,1.1387619982755244e-09,24.71752796350281,112.0,12.0,56.0,7.0,168.0,-2.86,
720575940631182354,central,unknown,0.0,0.0,23.13073062972321,1282.0,41.0,1360.0,43.0,2642.0,-5.21,
720575940644846615,central,unknown,0.0,0.0,23.607081048308277,132.0,11.0,115.0,13.0,247.0,-5.26,
720575940632362015,central,Kenyon_Cell,0.0,0.0,24.598652440089285,123.0,6.0,39.0,2.0,162.0,-3.0,
720575940610669614,central,ALLN,5.443174385136505e-06,5.382982340034408e-07,24.66049667973735,2577.0,101.0,1307.0,122.0,3884.0,-3.14,
720575940631313455,sensory,olfactory,0.0,6.074324948291191e-10,25.12496188171553,82.0,9.0,229.0,11.0,311.0,-0.0,
720575940624661552,central,ALPN,1.1535291701834297e-05,1.0008593814006804e-06,24.88221166607893,1083.0,82.0,1160.0,105.0,2243.0,-1.89,
720575940615322674,central,ALPN,0.0,1.7658197754185617e-07,24.83733971383556,212.0,25.0,301.0,23.0,513.0,-2.85,
720575940618599478,central,unknown,0.0,1.0221923863542342e-09,24.27100534509011,705.0,34.0,268.0,15.0,973.0,-3.67,
720575940628200506,central,ALPN,1.1919359967452201e-07,6.689913529734358e-07,24.77160244797872,1755.0,93.0,2254.0,114.0,4009.0,-2.47,
720575940631903299,sensory,olfactory,0.0,0.0,24.0,0.0,0.0,32.0,4.0,32.0,-0.0,
720575940607425604,central,unknown,0.0,0.0,23.80750634350966,86.0,13.0,6.0,1.0,92.0,-4.02,
720575940637736006,central,unknown,9.27061330801838e-08,8.546001424514232e-09,22.453139617448315,629.0,22.0,725.0,40.0,1354.0,-4.79,
720575940632001607,central,Kenyon_Cell,0.0,0.0,24.45015823221768,48.0,3.0,37.0,2.0,85.0,-4.06,
720575940625251401,central,ALLN,0.0,5.615360535489995e-06,24.821532296724826,2410.0,179.0,3574.0,319.0,5984.0,-2.34,
720575940628397138,descending,unknown,0.0,0.0,20.204006066719643,39.0,4.0,5.0,1.0,44.0,-5.35,
720575940632558675,central,Kenyon_Cell,0.0,0.0,23.928261084690828,29.0,2.0,19.0,2.0,48.0,-3.79,
720575940638719064,sensory,olfactory,0.0,0.0,25.16423529069185,13.0,2.0,66.0,4.0,79.0,-0.0,
720575940638391384,central,Kenyon_Cell,0.0,0.0,24.66717158521772,140.0,7.0,22.0,1.0,162.0,-3.06,
720575940620205147,central,LHLN,0.0,3.6593079126762013e-09,24.471863170169613,224.0,15.0,150.0,21.0,374.0,-3.7,
720575940615847005,central,Kenyon_Cell,0.0,0.0,24.73550501289504,103.0,6.0,22.0,1.0,125.0,-3.05,
720575940635114591,central,unknown,0.0,0.0,24.537014989604582,235.0,20.0,66.0,10.0,301.0,-3.36,
720575940636523621,central,unknown,0.0,1.510188054794633e-09,23.32599085033091,358.0,33.0,128.0,10.0,486.0,-4.61,
720575940630166646,central,Kenyon_Cell,0.0,0.0,22.8372801636719,42.0,3.0,18.0,1.0,60.0,-4.79,
720575940610702456,central,unknown,0.0,1.357507533929165e-07,23.65762797106607,212.0,16.0,66.0,5.0,278.0,-4.9,
720575940638719104,central,ALPN,0.0,4.781409292917284e-07,24.458494601940416,87.0,11.0,532.0,57.0,619.0,-2.52,
720575940660051073,central,unknown,3.8406826561790427e-07,7.112330063477194e-08,19.925934835210967,408.0,24.0,437.0,7.0,845.0,-6.06,
720575940606999682,central,unknown,0.0,5.907483343632766e-09,24.60552149861219,100.0,10.0,56.0,8.0,156.0,-3.5,
720575940636490894,central,Kenyon_Cell,0.0,0.0,24.77664809031953,107.0,5.0,21.0,1.0,128.0,-2.88,
720575940625513616,central,Kenyon_Cell,0.0,0.0,24.747645692887254,113.0,6.0,24.0,1.0,137.0,-3.01,
720575940617452689,central,Kenyon_Cell,0.0,0.0,24.356563963458036,116.0,8.0,18.0,1.0,134.0,-3.46,
720575940611161237,sensory,olfactory,0.0,1.214864989658238e-09,25.1167196304442,52.0,4.0,183.0,13.0,235.0,-0.0,
720575940612930710,central,Kenyon_Cell,0.0,0.0,24.705760733927505,115.0,5.0,30.0,2.0,145.0,-2.87,
720575940618304670,central,ALLN,0.0,0.0,24.41451268797604,25.0,4.0,78.0,4.0,103.0,-3.88,
720575940614110375,sensory,olfactory,0.0,5.226097227571294e-10,25.124058165833105,40.0,3.0,232.0,12.0,272.0,-0.0,
720575940626529448,sensory,olfactory,0.0,2.613048613785647e-10,25.08995029040532,16.0,2.0,94.0,10.0,110.0,-0.0,
720575940620565673,central,ALPN,0.0,1.3167939986934124e-09,24.431797710621797,87.0,8.0,358.0,25.0,445.0,-3.87,
720575940611292330,central,unknown,0.0,1.62501434991161e-08,21.0842634090805,66.0,8.0,182.0,15.0,248.0,-5.4,
720575940604935340,central,Kenyon_Cell,0.0,0.0,24.471560902034465,46.0,4.0,16.0,1.0,62.0,-3.87,
720575940613127343,sensory,olfactory,0.0,0.0,24.0,0.0,0.0,60.0,3.0,60.0,-0.0,
720575940622007472,visual_centrifugal,unknown,0.0,0.0,20.99476076226242,72.0,6.0,111.0,12.0,183.0,-4.06,
720575940634197172,central,unknown,0.0,0.0,24.664567324393055,33.0,3.0,11.0,2.0,44.0,-3.13,
720575940614831291,sensory,olfactory,0.0,0.0,25.112114242251067,39.0,5.0,106.0,6.0,145.0,-0.0,
720575940635540671,central,unknown,0.0,4.474234222016592e-11,21.7357874682124,995.0,39.0,620.0,21.0,1615.0,-5.72,
720575940618894528,central,Kenyon_Cell,0.0,8.337899576319654e-10,24.190846394220618,66.0,3.0,49.0,4.0,115.0,-4.28,
720575940615945414,central,LHLN,0.0,2.125572464827969e-09,24.746257935040457,252.0,25.0,81.0,9.0,333.0,-3.06,
720575940607818965,sensory,olfactory,0.0,0.0,25.0995294889641,12.0,2.0,62.0,8.0,74.0,-0.0,
720575940629511383,sensory,olfactory,0.0,0.0,24.0,0.0,0.0,82.0,11.0,82.0,-0.0,
720575940628561111,central,Kenyon_Cell,0.0,0.0,24.673922476946277,111.0,7.0,24.0,1.0,135.0,-2.98,
720575940610669786,central,Kenyon_Cell,0.0,0.0,24.053408855392803,37.0,3.0,19.0,1.0,56.0,-3.85,
720575940628888796,central,Kenyon_Cell,0.0,0.0,24.62108901462071,85.0,6.0,13.0,1.0,98.0,-3.03,
720575940623613149,central,unknown,0.0,0.0,20.649378102187463,156.0,13.0,167.0,15.0,323.0,-6.04,
720575940636753118,sensory,olfactory,0.0,0.0,24.0,0.0,0.0,45.0,3.0,45.0,-0.0,
720575940633672930,central,unknown,0.0,9.278780709310487e-10,24.57429314685056,127.0,13.0,56.0,7.0,183.0,-3.35,
720575940612439269,central,unknown,0.0,1.2885946059597702e-10,22.545559846708787,12.0,2.0,27.0,4.0,39.0,-3.45,
720575940628954344,central,unknown,0.0,0.0,24.584410224484447,350.0,31.0,62.0,6.0,412.0,-3.14,
720575940620467438,central,ALPN,0.0,2.6532478524094e-07,24.90389443523784,1451.0,91.0,1416.0,120.0,2867.0,-2.25,
720575940611357938,sensory,olfactory,0.0,0.0,24.0,0.0,0.0,65.0,9.0,65.0,-0.0,
720575940624366835,sensory,olfactory,0.0,0.0,25.1009635510867,22.0,4.0,80.0,9.0,102.0,-0.0,
720575940611489010,central,Kenyon_Cell,0.0,0.0,24.70464865620079,135.0,9.0,21.0,1.0,156.0,-3.18,
720575940630428921,central,Kenyon_Cell,0.0,0.0,23.98478392352138,68.0,5.0,63.0,3.0,131.0,-4.81,
720575940628823299,central,LHLN,0.0,0.0,24.804686960321725,42.0,5.0,45.0,7.0,87.0,-3.12,
720575940627086596,central,Kenyon_Cell,0.0,0.0,24.70013614783936,130.0,6.0,18.0,1.0,148.0,-3.09,
720575940607393033,central,unknown,0.0,0.0,23.889148971039635,30.0,5.0,31.0,3.0,61.0,-3.62,
720575940608015627,central,Kenyon_Cell,0.0,0.0,23.800614209249677,45.0,4.0,19.0,1.0,64.0,-4.99,
720575940613782796,central,Kenyon_Cell,0.0,0.0,24.467748685017124,75.0,9.0,21.0,1.0,96.0,-3.23,
720575940622564621,sensory,olfactory,0.0,9.91683742667777e-09,25.137359466143494,146.0,14.0,168.0,9.0,314.0,-0.0,
720575940625317139,central,Kenyon_Cell,0.0,0.0,24.054513431042285,50.0,3.0,65.0,5.0,115.0,-4.35,
720575940627479829,central,Kenyon_Cell,0.0,0.0,24.52511436785326,99.0,9.0,20.0,1.0,119.0,-3.67,
720575940644683031,sensory,olfactory,0.0,0.0,25.09627850718279,7.0,1.0,63.0,10.0,70.0,-0.0,
720575940614634786,sensory,hygrosensory,0.0,2.5458922143490546e-08,24.53676920399716,68.0,8.0,569.0,23.0,637.0,-3.49,
720575940645403939,central,ALPN,0.0,0.0,24.898652122669898,18.0,3.0,101.0,10.0,119.0,-2.59,
720575940646354211,central,Kenyon_Cell,0.0,0.0,24.594741053855024,91.0,6.0,22.0,1.0,113.0,-3.21,
720575940622269734,sensory,olfactory,0.0,5.393770322918987e-11,25.160232205210463,23.0,4.0,79.0,9.0,102.0,-0.0,
720575940632198442,central,ALLN,0.0,3.240353087145958e-06,24.899866736548645,516.0,65.0,1540.0,100.0,2056.0,-1.55,
720575940631575855,central,Kenyon_Cell,0.0,0.0,24.588592322097824,132.0,9.0,23.0,1.0,155.0,-3.34,
720575940619517233,central,unknown,2.8844851121234326e-05,2.5580484743400937e-06,24.03590987049112,2355.0,128.0,1491.0,66.0,3846.0,-4.34,
720575940615257395,sensory,olfactory,0.0,6.074324948291191e-10,25.12286510182862,69.0,6.0,180.0,15.0,249.0,-0.0,
720575940646911284,central,unknown,0.0,0.0,24.712880098679044,11.0,2.0,40.0,5.0,51.0,-3.37,
720575940637965621,sensory,olfactory,0.0,0.0,24.0,0.0,0.0,23.0,3.0,23.0,-0.0,
720575940629151031,sensory,olfactory,0.0,0.0,25.08219571228952,39.0,5.0,152.0,11.0,191.0,-0.0,
720575940625022270,central,ALPN,0.0,0.0,24.351065873733265,472.0,39.0,363.0,32.0,835.0,-4.07,
720575940632821059,central,ALIN,0.0,1.1005726981754269e-07,23.5422644966727,391.0,25.0,635.0,15.0,1026.0,-3.91,
720575940608376132,sensory,olfactory,0.0,2.397218366528517e-09,25.163567211539632,384.0,24.0,968.0,39.0,1352.0,-0.0,
720575940624694601,central,unknown,3.8406826561790427e-07,1.368449268340295e-07,21.99684385822898,482.0,27.0,364.0,23.0,846.0,-5.26,
720575940624006477,central,Kenyon_Cell,0.0,0.0,24.67604423192505,65.0,5.0,22.0,1.0,87.0,-3.19,
720575940615650646,sensory,olfactory,0.0,1.445996699041948e-09,25.118557370430445,6.0,1.0,113.0,9.0,119.0,-0.0,
720575940639669592,central,ALPN,0.0,9.48301958291037e-09,24.55140797269944,109.0,12.0,636.0,48.0,745.0,-3.65,
720575940608277852,central,Kenyon_Cell,0.0,0.0,24.333012636348727,98.0,5.0,44.0,3.0,142.0,-3.7,
720575940634951007,central,Kenyon_Cell,0.0,0.0,24.578150428713275,61.0,4.0,23.0,2.0,84.0,-2.88,
720575940609097058,central,Kenyon_Cell,0.0,0.0,23.958426086970384,38.0,2.0,21.0,1.0,59.0,-3.84,
720575940625743204,central,unknown,0.0,6.367179469792843e-11,23.269450773361285,105.0,7.0,181.0,18.0,286.0,-5.28,
720575940612898161,central,ALIN,0.0,1.8189474119830464e-07,24.68894103160327,150.0,13.0,1080.0,45.0,1230.0,-2.71,
720575940620303732,sensory,olfactory,0.0,1.366758144567265e-07,25.11335589970508,69.0,7.0,377.0,22.0,446.0,-0.0,
720575940609785208,sensory,olfactory,0.0,1.340039589512975e-07,25.23307265727836,12.0,2.0,55.0,6.0,67.0,-0.0,
720575940639505792,central,unknown,0.0,0.0,23.071218666139504,865.0,40.0,1052.0,34.0,1917.0,-5.98,
720575940632034700,central,Kenyon_Cell,0.0,0.0,24.790413672971123,119.0,6.0,23.0,1.0,142.0,-3.09,
720575940623252884,central,unknown,0.0,0.0,23.02618756762423,73.0,8.0,171.0,9.0,244.0,-4.74,
720575940606705073,central,ALLN,0.0,3.4432062528984167e-09,24.437533407038547,213.0,22.0,584.0,26.0,797.0,-3.66,
720575940633804212,central,ALPN,6.674841581773233e-06,2.540733852490725e-06,24.895411340875214,1121.0,84.0,2068.0,165.0,3189.0,-1.65,
720575940615749051,central,unknown,0.0,0.0,24.41549933918107,155.0,15.0,25.0,4.0,180.0,-3.16,
720575940605427134,central,unknown,0.0,3.206715084060318e-11,24.71988453056921,265.0,18.0,102.0,14.0,367.0,-3.13,
720575940635934143,central,ALLN,0.0,2.2600235109356353e-08,24.534035396313108,380.0,30.0,862.0,35.0,1242.0,-3.73,
720575940619320768,sensory,olfactory,0.0,0.0,25.09560194776945,14.0,2.0,76.0,6.0,90.0,-0.0,
720575940606246334,central,unknown,0.0,5.843946308378157e-08,24.332131965860807,1178.0,60.0,297.0,34.0,1475.0,-3.96,
720575940620205505,central,unknown,0.0,0.0,22.1995224590526,187.0,11.0,133.0,10.0,320.0,-5.73,
720575940614569414,sensory,olfactory,0.0,0.0,25.09627850718279,7.0,1.0,61.0,9.0,68.0,-0.0,
720575940606836169,central,unknown,0.0,1.8466616514349501e-09,23.99403110928927,66.0,10.0,19.0,3.0,85.0,-4.81,
720575940612046286,central,unknown,2.3361945536206317e-05,7.217312661474148e-07,22.881686309737404,708.0,35.0,245.0,15.0,953.0,-5.22,
720575940629347791,central,Kenyon_Cell,0.0,5.294565718249314e-10,24.23185467070896,51.0,4.0,25.0,2.0,76.0,-3.7,
720575940630953423,central,unknown,0.0,4.5823941768556045e-10,24.54574386309968,58.0,8.0,42.0,7.0,100.0,-2.95,
720575940611128782,central,unknown,0.0,0.0,23.31583164743442,606.0,64.0,109.0,7.0,715.0,-4.53,
720575940607229397,central,unknown,0.0,5.113541224479444e-10,24.651937077599563,79.0,9.0,121.0,10.0,200.0,-3.58,
720575940617092569,central,LHCENT,0.0,1.2672118559940037e-07,23.471455496908007,547.0,48.0,609.0,57.0,1156.0,-4.84,
720575940642651611,central,unknown,0.0,0.0,22.50970730608939,6.0,1.0,0.0,0.0,6.0,-3.83,
720575940634721761,central,unknown,0.0,0.0,23.03074597233862,207.0,17.0,0.0,0.0,207.0,-4.33,
720575940612570595,central,unknown,0.0,0.0,23.77305330135561,30.0,4.0,5.0,1.0,35.0,-2.82,
720575940621581802,central,Kenyon_Cell,0.0,0.0,24.685931272781648,82.0,6.0,20.0,1.0,102.0,-2.96,
720575940623482355,sensory,olfactory,0.0,0.0,25.139438502527103,40.0,6.0,83.0,6.0,123.0,-0.0,
720575940630101497,sensory,olfactory,0.0,1.4274217733645473e-08,25.096855596631784,43.0,6.0,129.0,10.0,172.0,-0.0,
720575940630003195,central,unknown,0.0,0.0,22.30134422260191,205.0,17.0,50.0,5.0,255.0,-5.2,
720575940621680133,central,Kenyon_Cell,0.0,0.0,24.39208459239244,87.0,7.0,14.0,1.0,101.0,-3.66,
720575940620828165,central,unknown,0.0,0.0,23.62558346649725,208.0,13.0,197.0,14.0,405.0,-5.2,
720575940608605705,central,LHCENT,0.0,1.3227587561568198e-09,23.384608883844773,163.0,17.0,45.0,7.0,208.0,-4.55,
720575940624694798,central,unknown,0.0,0.0,23.883088194010146,522.0,39.0,108.0,7.0,630.0,-4.64,
720575940627578385,central,unknown,0.0,6.4938883295765675e-09,24.22620695610265,379.0,29.0,798.0,53.0,1177.0,-3.72,
720575940613815830,central,unknown,0.0,0.0,24.44129781317105,136.0,17.0,80.0,8.0,216.0,-3.35,
720575940626988574,central,LHCENT,0.0,4.919082094034256e-09,23.3727001098848,418.0,44.0,749.0,62.0,1167.0,-4.98,
720575940633509407,sensory,olfactory,0.0,8.755231719885806e-09,25.126442873313188,108.0,12.0,151.0,12.0,259.0,-0.0,
720575940632264223,central,unknown,0.0,2.368143119298184e-09,22.966704273352335,107.0,6.0,163.0,10.0,270.0,-4.84,
720575940616306210,central,Kenyon_Cell,0.0,0.0,24.41471274500053,31.0,3.0,60.0,4.0,91.0,-3.82,
720575940625874469,central,LHLN,0.0,3.712128907188453e-08,24.32709466611834,252.0,22.0,286.0,27.0,538.0,-3.77,
720575940623318566,central,unknown,0.0,0.0,22.417813621495167,55.0,7.0,72.0,10.0,127.0,-4.2,
720575940621123113,central,ALPN,1.103202983654187e-05,2.1100395376143666e-07,24.927080026616643,1192.0,68.0,1392.0,109.0,2584.0,-1.96,
720575940630461994,sensory,olfactory,0.0,0.0,24.0,0.0,0.0,13.0,2.0,13.0,-0.0,
720575940631576109,central,Kenyon_Cell,0.0,0.0,24.540521387076748,68.0,3.0,50.0,3.0,118.0,-3.23,
720575940610375214,central,unknown,4.847206386763895e-06,1.9115255952469635e-06,21.10692381618346,937.0,19.0,488.0,28.0,1425.0,-5.96,
720575940629249591,sensory,olfactory,0.0,2.2942065583295748e-10,25.13116108558747,36.0,6.0,120.0,7.0,156.0,-0.0,
720575940638096959,central,unknown,0.0,0.0,24.637114461218207,216.0,25.0,61.0,6.0,277.0,-3.34,
720575940613783106,central,Kenyon_Cell,0.0,0.0,24.646579777538943,59.0,4.0,59.0,4.0,118.0,-3.1,
720575940637277766,central,unknown,0.0,0.0,23.69431886128812,90.0,9.0,24.0,3.0,114.0,-5.09,
720575940639309390,central,Kenyon_Cell,0.0,0.0,24.171394746818446,97.0,7.0,26.0,1.0,123.0,-4.65,
720575940627316303,sensory,olfactory,0.0,8.747071687047131e-09,25.13105165934114,101.0,11.0,186.0,10.0,287.0,-0.0,
720575940618075733,central,Kenyon_Cell,0.0,0.0,24.644594698476062,152.0,8.0,28.0,2.0,180.0,-3.16,
720575940626792025,central,LHLN,0.0,7.713609042117534e-09,23.96675102634352,46.0,5.0,50.0,5.0,96.0,-4.0,
720575940619746907,central,unknown,0.0,1.7420700799418702e-09,24.057065423713308,41.0,6.0,77.0,7.0,118.0,-4.12,
720575940620533339,central,unknown,0.0,0.0,23.23640198301473,117.0,14.0,124.0,11.0,241.0,-5.53,
720575940621712990,central,unknown,0.0,0.0,21.040455379828792,205.0,17.0,8.0,1.0,213.0,-6.3,
720575940633509471,central,Kenyon_Cell,0.0,0.0,24.292077977758336,24.0,2.0,46.0,4.0,70.0,-3.8,
720575940636524133,central,LHLN,0.0,2.948160542322146e-09,24.65374972906893,684.0,53.0,107.0,10.0,791.0,-3.47,
720575940629577319,sensory,olfactory,0.0,0.0,25.0883822082052,5.0,1.0,11.0,2.0,16.0,-0.0,
720575940633280107,sensory,hygrosensory,0.0,5.662073741323312e-08,24.69369287383648,19.0,2.0,212.0,21.0,231.0,-3.29,
720575940628823674,sensory,olfactory,0.0,0.0,25.0883822082052,5.0,1.0,55.0,4.0,60.0,-0.0,
720575940626202237,sensory,olfactory,0.0,0.0,25.10999948562996,44.0,5.0,123.0,4.0,167.0,-0.0,
720575940660313729,central,unknown,0.0,0.0,21.83793973055615,65.0,6.0,199.0,14.0,264.0,-4.86,
720575940619812487,sensory,olfactory,0.0,8.362507968911546e-10,25.11816356708969,51.0,6.0,131.0,11.0,182.0,-0.0,
720575940624039560,central,ALPN,0.0,1.0561910642698011e-08,24.226889974173897,27.0,5.0,66.0,8.0,93.0,-3.1,
720575940620107399,central,unknown,0.0,4.579671381242362e-10,24.47916495576042,123.0,15.0,29.0,3.0,152.0,-3.56,
720575940625612425,central,unknown,0.0,0.0,22.535015283620535,85.0,5.0,147.0,15.0,232.0,-4.41,
720575940631084684,sensory,olfactory,0.0,1.494745495968142e-07,25.134424947102072,73.0,10.0,180.0,13.0,253.0,-0.0,
720575940632854156,sensory,olfactory,0.0,2.048630678478864e-08,25.126946608444936,85.0,11.0,130.0,11.0,215.0,-0.0,
720575940627709583,central,unknown,0.0,1.2074867257895408e-07,24.25151944394024,1665.0,84.0,510.0,41.0,2175.0,-3.79,
720575940625776272,central,unknown,0.0,9.201965270751743e-08,23.8973780972169,178.0,16.0,23.0,4.0,201.0,-4.66,
720575940614110866,sensory,olfactory,0.0,0.0,24.0,0.0,0.0,46.0,5.0,46.0,-0.0,
720575940623351443,central,Kenyon_Cell,0.0,6.052689854017675e-09,24.209436514291703,61.0,3.0,43.0,3.0,104.0,-3.7,
720575940612800153,sensory,olfactory,0.0,7.876716453715664e-09,25.12593693483168,65.0,7.0,58.0,6.0,123.0,-0.0,
720575940620140190,central,unknown,0.0,0.0,20.898601577550803,35.0,4.0,95.0,7.0,130.0,-5.23,
720575940642455200,sensory,olfactory,0.0,0.0,25.107124151450247,22.0,4.0,80.0,9.0,102.0,-0.0,
720575940654972577,central,LHLN,0.0,1.4765675522424739e-09,24.729861948639492,221.0,18.0,45.0,5.0,266.0,-3.08,
720575940619353766,central,Kenyon_Cell,0.0,0.0,24.61822187944707,76.0,5.0,20.0,1.0,96.0,-3.14,
720575940621057702,central,unknown,0.0,6.352014587177424e-07,19.66371641086904,187.0,15.0,304.0,17.0,491.0,-5.73,
720575940621844137,sensory,olfactory,0.0,2.4201273819197567e-09,25.1074530333909,24.0,3.0,74.0,8.0,98.0,-0.0,
720575940618960555,sensory,olfactory,0.0,7.162385767402506e-09,25.132552785864075,24.0,4.0,266.0,16.0,290.0,-0.0,
720575940603231916,central,ALPN,3.5625642569384917e-06,1.1893118799352345e-06,24.51203894403669,518.0,49.0,1246.0,97.0,1764.0,-2.24,
720575940632624813,sensory,olfactory,0.0,6.155925276677938e-10,25.10392632397756,51.0,7.0,165.0,10.0,216.0,-0.0,
720575940635999918,sensory,olfactory,0.0,0.0,25.13663130458105,20.0,3.0,34.0,3.0,54.0,-0.0,
720575940632985261,central,unknown,9.40305064099007e-07,3.980968702574215e-08,20.31064771005313,408.0,19.0,43.0,2.0,451.0,-5.88,
720575940635508404,central,unknown,0.0,0.0,23.63980166637531,96.0,8.0,23.0,4.0,119.0,-4.15,
720575940624793272,central,Kenyon_Cell,0.0,0.0,24.652382974375985,112.0,5.0,34.0,2.0,146.0,-3.14,
720575940633837247,sensory,olfactory,0.0,0.0,25.10276993610156,9.0,1.0,126.0,9.0,135.0,-0.0,
720575940620500673,central,unknown,0.0,0.0,24.524378390557214,287.0,32.0,66.0,9.0,353.0,-3.46,
720575940618337985,central,Kenyon_Cell,0.0,0.0,24.46784090533987,31.0,3.0,17.0,1.0,48.0,-3.46,
720575940622204612,sensory,olfactory,0.0,0.0,25.09485749074532,29.0,2.0,80.0,4.0,109.0,-0.0,
720575940622565069,central,unknown,0.0,0.0,23.83607926805049,99.0,8.0,47.0,7.0,146.0,-5.3,
720575940612439761,central,unknown,0.0,0.0,24.645120817646625,41.0,6.0,124.0,15.0,165.0,-3.46,
720575940610899666,central,unknown,9.800362639905145e-07,1.024427516535134e-08,22.87307638371761,2621.0,99.0,1696.0,76.0,4317.0,-5.13,
720575940621778646,central,ALLN,0.0,7.912320118611069e-09,23.796868739707094,42.0,6.0,228.0,21.0,270.0,-5.06,
720575940629806807,central,unknown,0.0,0.0,24.11318539002211,116.0,16.0,107.0,5.0,223.0,-4.38,
720575940628561628,central,unknown,0.0,1.3423634608855524e-08,23.32906746095456,53.0,7.0,27.0,3.0,80.0,-3.94,
720575940616273631,central,ALPN,0.0,4.547317074973216e-06,24.62188516405015,155.0,21.0,1648.0,90.0,1803.0,-3.1,
720575940615257823,central,LHLN,0.0,5.739914682025386e-09,24.192008782559185,94.0,6.0,57.0,7.0,151.0,-3.3,
720575940613258975,central,Kenyon_Cell,0.0,1.8394074023845983e-10,24.177181690252763,29.0,3.0,36.0,4.0,65.0,-3.82,
720575940623875819,central,ALPN,2.712316579260234e-05,7.490936047554079e-05,24.62997084228948,2797.0,180.0,2141.0,109.0,4938.0,-2.83,
720575940621221614,central,unknown,0.0,1.5023794130867103e-09,24.21403890489997,580.0,28.0,180.0,16.0,760.0,-4.84,
720575940625383155,sensory,olfactory,0.0,0.0,25.10276993610156,8.0,1.0,104.0,11.0,112.0,-0.0,
720575940641079029,central,Kenyon_Cell,0.0,8.212358614363192e-10,24.463970860157204,50.0,5.0,38.0,3.0,88.0,-3.39,
720575940630560505,central,Kenyon_Cell,0.0,0.0,24.564503380440016,103.0,8.0,17.0,1.0,120.0,-3.62,
720575940617486081,sensory,olfactory,0.0,1.049921809607494e-08,25.18971876743752,5.0,1.0,13.0,2.0,18.0,-0.0,
720575940616601345,sensory,olfactory,0.0,0.0,25.14186321473966,7.0,1.0,74.0,8.0,81.0,-0.0,
720575940628889347,central,unknown,0.0,0.0,24.46318829373441,33.0,6.0,46.0,6.0,79.0,-3.7,
720575940626497286,visual_projection,unknown,0.0,1.231133918209939e-07,20.54727365359435,32.0,3.0,967.0,32.0,999.0,-4.05,
720575940607983369,central,Kenyon_Cell,0.0,0.0,23.17456298436221,36.0,3.0,21.0,1.0,57.0,-4.38,
720575940608573193,central,unknown,0.0,0.0,23.63049804511413,187.0,11.0,67.0,10.0,254.0,-5.33,
720575940623056653,central,LHLN,0.0,0.0,24.69976881562584,327.0,29.0,64.0,7.0,391.0,-3.01,
720575940630003472,central,ALPN,0.0,4.4903000720359086e-08,24.607910163686554,81.0,10.0,153.0,20.0,234.0,-3.34,
720575940632461074,central,unknown,0.0,0.0,22.579429270775908,79.0,8.0,83.0,8.0,162.0,-5.41,
720575940633673497,central,Kenyon_Cell,0.0,0.0,24.730626644966684,120.0,7.0,17.0,1.0,137.0,-3.01,
720575940621811482,central,unknown,0.0,0.0,22.884899814564747,67.0,5.0,36.0,4.0,103.0,-4.52,
720575940647075619,central,unknown,5.101486066069542e-05,6.426790078840761e-07,21.11411203667797,511.0,23.0,430.0,18.0,941.0,-5.05,
720575940627480363,central,Kenyon_Cell,0.0,0.0,24.1413187335918,37.0,3.0,32.0,1.0,69.0,-4.1,
720575940615978802,central,Kenyon_Cell,0.0,0.0,24.590448900187823,158.0,9.0,28.0,1.0,186.0,-3.26,
720575940639735613,central,unknown,0.0,2.4593747998457028e-11,24.42125473012173,157.0,18.0,163.0,13.0,320.0,-3.71,
720575940619681600,sensory,olfactory,0.0,0.0,25.114222463801312,27.0,4.0,160.0,14.0,187.0,-0.0,
720575940619026241,central,Kenyon_Cell,0.0,0.0,24.08971802938781,41.0,4.0,49.0,3.0,90.0,-4.88,
720575940631347011,central,ALPN,1.059498663773529e-07,2.3237957576641213e-07,23.5715290285223,1214.0,35.0,771.0,37.0,1985.0,-4.44,
720575940630921027,central,unknown,1.3243733297169112e-08,6.611797052157772e-07,22.912028095646267,1229.0,54.0,663.0,35.0,1892.0,-5.36,
720575940631379783,central,Kenyon_Cell,0.0,0.0,24.67600241690609,91.0,5.0,19.0,2.0,110.0,-2.9,
720575940631248711,central,unknown,0.0,2.124610192567238e-09,24.261827810329216,497.0,38.0,268.0,18.0,765.0,-4.1,
720575940623646537,sensory,olfactory,0.0,0.0,25.13831417603695,17.0,3.0,54.0,3.0,71.0,-0.0,
720575940626726730,sensory,olfactory,0.0,1.2311850553355875e-09,25.098956115277037,39.0,5.0,214.0,11.0,253.0,-0.0,
720575940631281483,central,unknown,0.0,0.0,24.321549448056743,156.0,15.0,83.0,9.0,239.0,-3.75,
720575940628954954,central,unknown,5.2974933188676455e-08,2.256994861592446e-08,20.52493242445576,43.0,6.0,299.0,15.0,342.0,-5.44,
720575940631510865,sensory,olfactory,0.0,4.2686707680071146e-08,25.137116034573605,177.0,17.0,292.0,22.0,469.0,-0.0,
720575940617977684,central,unknown,0.0,1.5106414559733306e-09,23.520754898861576,319.0,27.0,255.0,15.0,574.0,-4.87,
720575940615257942,central,Kenyon_Cell,0.0,0.0,24.425865129918925,72.0,5.0,18.0,1.0,90.0,-3.46,
720575940627677017,central,ALPN,0.0,2.659420739621488e-07,24.65323981345369,143.0,15.0,1322.0,70.0,1465.0,-3.15,
720575940604182374,central,Kenyon_Cell,0.0,0.0,24.31799497677105,40.0,3.0,30.0,1.0,70.0,-4.12,
720575940630036332,central,Kenyon_Cell,0.0,0.0,24.61668883556609,89.0,6.0,13.0,1.0,102.0,-3.24,
720575940645797742,central,unknown,0.0,0.0,24.849578606432612,7.0,1.0,0.0,0.0,7.0,-2.93,
720575940616503157,central,unknown,0.0,0.0,24.49648152966623,359.0,40.0,42.0,5.0,401.0,-3.6,
720575940650581881,central,ALLN,0.0,0.0,24.662678759785138,5.0,1.0,106.0,13.0,111.0,-3.3,
720575940629675902,central,LHLN,0.0,1.8183789613508455e-10,24.641379561334908,1099.0,47.0,257.0,32.0,1356.0,-3.2,
720575940628955006,central,unknown,0.0,0.0,23.24062435392189,195.0,18.0,215.0,20.0,410.0,-5.3,
720575940640030592,central,LHLN,0.0,1.0358059612389401e-09,24.80188298632152,230.0,15.0,263.0,23.0,493.0,-3.19,
720575940625383299,sensory,olfactory,0.0,6.074324948291191e-10,25.125054063242796,31.0,5.0,77.0,6.0,108.0,-0.0,
720575940622761864,sensory,olfactory,0.0,0.0,25.118778541851967,30.0,3.0,61.0,6.0,91.0,-0.0,
720575940636426126,central,Kenyon_Cell,0.0,0.0,24.71003980228987,98.0,8.0,24.0,1.0,122.0,-2.94,
720575940617453457,central,Kenyon_Cell,0.0,0.0,24.575347362351263,129.0,8.0,19.0,1.0,148.0,-3.24,
720575940615978902,central,unknown,0.0,8.653740345512395e-09,22.81859227546356,28.0,4.0,144.0,16.0,172.0,-4.71,
720575940634460055,central,unknown,0.0,4.9545391297910084e-08,23.910800923837737,673.0,41.0,104.0,13.0,777.0,-4.57,
720575940624859032,central,Kenyon_Cell,0.0,0.0,24.51877023554517,87.0,6.0,13.0,1.0,100.0,-3.19,
720575940635180956,central,ALLN,0.0,3.221786334050563e-09,24.3382148478273,108.0,10.0,119.0,13.0,227.0,-3.11,
720575940619059102,central,ALLN,0.0,1.1329786081244549e-06,24.65441274295869,3693.0,155.0,3614.0,175.0,7307.0,-3.46,
720575940652941217,central,ALPN,0.0,1.2911407995549545e-08,24.47131067493296,53.0,6.0,409.0,25.0,462.0,-3.85,
720575940606967730,central,Kenyon_Cell,0.0,0.0,24.61525817192823,131.0,6.0,18.0,1.0,149.0,-3.09,
720575940622270391,central,Kenyon_Cell,0.0,0.0,24.61123746437896,91.0,7.0,29.0,2.0,120.0,-3.23,
720575940624302008,central,Kenyon_Cell,0.0,7.699516453060464e-09,24.68044045871176,83.0,6.0,25.0,2.0,108.0,-2.75,
720575940615356347,central,Kenyon_Cell,0.0,0.0,24.60103198125924,106.0,6.0,30.0,1.0,136.0,-3.34,
720575940614143942,central,Kenyon_Cell,0.0,0.0,24.783184228459795,104.0,8.0,38.0,2.0,142.0,-2.66,
720575940631019468,central,Kenyon_Cell,0.0,0.0,23.9247559822856,29.0,2.0,28.0,1.0,57.0,-4.53,
720575940622663629,sensory,olfactory,0.0,0.0,24.0,0.0,0.0,69.0,6.0,69.0,-0.0,
720575940630233047,central,unknown,0.0,0.0,23.69885547489842,67.0,11.0,12.0,2.0,79.0,-4.78,
720575940616929241,sensory,olfactory,0.0,0.0,25.10137102148073,12.0,2.0,40.0,4.0,52.0,-0.0,
720575940610637786,central,unknown,0.0,0.0,21.10923464282188,28.0,2.0,0.0,0.0,28.0,-6.51,
720575940632854498,central,unknown,0.0,0.0,23.46786219339961,212.0,20.0,92.0,5.0,304.0,-4.53,
720575940637999076,central,LHLN,0.0,2.3948180648380783e-09,24.71348397380093,398.0,32.0,49.0,8.0,447.0,-3.18,
720575940627808232,central,Kenyon_Cell,0.0,0.0,24.683822894570284,116.0,8.0,22.0,1.0,138.0,-3.17,
720575940641243125,central,LHLN,0.0,0.0,24.76335163485784,76.0,5.0,93.0,11.0,169.0,-3.53,
720575940650844150,central,unknown,0.0,1.8942932917979773e-08,24.324417190675373,82.0,10.0,18.0,3.0,100.0,-3.28,
720575940629839863,central,Kenyon_Cell,0.0,0.0,24.32768161475147,46.0,3.0,12.0,1.0,58.0,-3.88,
720575940622696447,central,unknown,0.0,2.4117224165811993e-09,23.740568577982067,16.0,2.0,22.0,3.0,38.0,-3.29,
720575940628660224,sensory,olfactory,0.0,1.643196832235339e-07,25.140040443078963,132.0,11.0,451.0,25.0,583.0,-0.0,
720575940627087364,central,unknown,0.0,0.0,23.0911530683422,88.0,12.0,300.0,13.0,388.0,-4.79,
720575940606869513,sensory,olfactory,0.0,9.29000263248995e-08,25.09413764926561,27.0,4.0,155.0,12.0,182.0,-0.0,
720575940609228809,sensory,olfactory,0.0,6.074324948291191e-10,25.122588122400188,55.0,6.0,152.0,6.0,207.0,-0.0,
720575940627480586,central,ALPN,1.922990074748955e-05,2.45897515378896e-07,24.49810506240896,1053.0,83.0,2169.0,158.0,3222.0,-2.62,
720575940615094284,central,Kenyon_Cell,0.0,0.0,24.736998042127382,130.0,7.0,19.0,1.0,149.0,-3.17,
720575940631937042,central,unknown,0.0,1.1646460397316591e-09,23.0004776714409,294.0,21.0,408.0,34.0,702.0,-4.94,
720575940626694163,central,unknown,0.0,0.0,23.20499323222034,149.0,13.0,100.0,12.0,249.0,-5.65,
720575940643536919,central,unknown,0.0,1.730866721497632e-07,24.423565142572823,144.0,17.0,29.0,4.0,173.0,-3.48,
720575940622368792,central,ALPN,9.53548797396176e-06,4.164848271309474e-06,24.83722114004544,2154.0,146.0,3259.0,212.0,5413.0,-1.92,
720575940644978711,central,unknown,0.0,5.969480355832361e-08,21.573566988656957,214.0,12.0,350.0,26.0,564.0,-5.5,
720575940631740447,central,unknown,0.0,0.0,23.549250734096653,16.0,2.0,29.0,4.0,45.0,-4.09,
720575940603985952,central,ALPN,9.68116904023062e-06,2.4240685169683043e-06,24.879545711522823,1111.0,81.0,2290.0,165.0,3401.0,-1.98,
720575940644028452,sensory,olfactory,0.0,0.0,25.144759671841317,25.0,4.0,71.0,6.0,96.0,-0.0,
720575940624891941,central,unknown,0.0,1.6840113048132622e-06,21.917469906800044,905.0,12.0,474.0,14.0,1379.0,-6.05,
720575940624695335,central,Kenyon_Cell,0.0,0.0,24.27520203502589,61.0,6.0,34.0,2.0,95.0,-3.8,
720575940631347242,central,unknown,0.0,6.696110828572931e-10,21.97862182638705,548.0,39.0,112.0,12.0,660.0,-5.17,
720575940610375726,central,Kenyon_Cell,0.0,0.0,24.46375635163845,107.0,7.0,21.0,1.0,128.0,-3.54,
720575940614996018,sensory,hygrosensory,0.0,0.0,24.72291758260521,12.0,1.0,15.0,3.0,27.0,-3.35,
720575940646682676,central,unknown,4.529356787631836e-06,8.999957615713314e-07,20.142124685632364,325.0,26.0,165.0,7.0,490.0,-6.1,
720575940638818357,sensory,olfactory,0.0,3.86110770733498e-08,25.189727246145942,36.0,4.0,141.0,13.0,177.0,-0.0,
720575940618076214,central,ALLN,0.0,1.2672483698215543e-09,24.41429748253165,12.0,2.0,104.0,9.0,116.0,-4.64,
720575940630134839,central,ALPN,0.0,1.403205075533394e-09,24.374461219844232,109.0,11.0,528.0,36.0,637.0,-3.4,
720575940618895414,central,unknown,0.0,0.0,22.82228287719508,75.0,8.0,64.0,2.0,139.0,-4.75,
720575940633509949,sensory,olfactory,0.0,0.0,25.116419256096176,38.0,4.0,128.0,13.0,166.0,-0.0,
720575940637737021,central,Kenyon_Cell,0.0,0.0,24.33033610375156,50.0,5.0,26.0,1.0,76.0,-3.79,
720575940618436672,central,Kenyon_Cell,1.3243733297169113e-07,0.0,24.662093574230852,152.0,8.0,27.0,1.0,179.0,-3.39,
720575940618534977,central,unknown,0.0,0.0,22.670805908108143,163.0,7.0,0.0,0.0,163.0,-5.4,
720575940627677258,sensory,thermosensory,0.0,7.599972488089768e-07,24.045612036161927,298.0,16.0,245.0,14.0,543.0,-4.2,
720575940639080526,sensory,olfactory,0.0,5.533218405251769e-09,25.12628697731347,119.0,13.0,159.0,11.0,278.0,-0.0,
720575940639309902,central,Kenyon_Cell,0.0,0.0,24.75820403608092,77.0,5.0,19.0,1.0,96.0,-2.71,
720575940617617494,central,unknown,0.0,1.7140167250684114e-09,21.75090837077557,310.0,17.0,861.0,52.0,1171.0,-5.86,
720575940633313376,sensory,olfactory,0.0,0.0,24.0,0.0,0.0,101.0,12.0,101.0,-0.0,
720575940609884258,sensory,olfactory,0.0,0.0,25.12358374827005,23.0,2.0,71.0,5.0,94.0,-0.0,
720575940610768994,central,unknown,0.0,0.0,22.910721564035494,218.0,15.0,80.0,6.0,298.0,-4.91,
720575940630593644,central,unknown,0.0,2.3365251153333112e-08,24.520779999377357,44.0,6.0,27.0,4.0,71.0,-3.63,
720575940619419757,sensory,olfactory,0.0,3.6544318327804798e-09,25.145112055760052,132.0,11.0,189.0,12.0,321.0,-0.0,
720575940620861549,central,unknown,0.0,1.2514764748097888e-08,23.94021591620825,34.0,3.0,62.0,8.0,96.0,-3.4,
720575940629184630,central,unknown,0.0,0.0,21.858230433669444,76.0,7.0,39.0,3.0,115.0,-5.4,
720575940635082871,central,ALPN,1.083999570373292e-05,3.9502267627974e-06,24.88843098388915,1050.0,110.0,1316.0,111.0,2366.0,-1.59,
720575940621746300,central,unknown,0.0,6.94280381765391e-09,24.403493985217477,195.0,21.0,9.0,1.0,204.0,-3.65,
720575940626661501,central,unknown,0.0,0.0,21.785885359441394,330.0,21.0,390.0,9.0,720.0,-5.35,
720575940625809539,ascending,AN,0.0,3.1021220929037135e-07,21.35502940929959,192.0,16.0,1052.0,40.0,1244.0,-5.06,
720575940646682756,central,LHLN,0.0,0.0,24.620157932553887,605.0,26.0,228.0,32.0,833.0,-3.32,
720575940627054725,central,Kenyon_Cell,0.0,0.0,24.71503094723468,148.0,7.0,38.0,2.0,186.0,-3.12,
720575940617781383,central,ALPN,1.238289063285312e-05,6.390278431428147e-06,24.785877968511084,1143.0,82.0,2180.0,144.0,3323.0,-2.01,
720575940621648008,central,Kenyon_Cell,0.0,0.0,24.69068151422881,126.0,8.0,23.0,1.0,149.0,-3.07,
720575940642193549,central,unknown,0.0,9.43513153037965e-07,22.128032102823543,132.0,14.0,20.0,3.0,152.0,-5.42,
720575940628168847,central,ALIN,0.0,1.686697786150159e-07,24.059332673233524,257.0,20.0,1014.0,52.0,1271.0,-3.45,
720575940626694288,central,unknown,4.648550387306359e-06,9.873408035016e-08,21.872489076496983,1138.0,18.0,1084.0,27.0,2222.0,-5.78,
720575940616536209,sensory,olfactory,0.0,0.0,25.118557370430445,9.0,1.0,19.0,3.0,28.0,-0.0,
720575940613914774,sensory,hygrosensory,0.0,3.525887420360911e-07,24.666370589646554,84.0,8.0,199.0,23.0,283.0,-3.15,
720575940627284123,central,Kenyon_Cell,0.0,0.0,23.89385412845993,30.0,2.0,19.0,1.0,49.0,-4.59,
720575940614176927,central,Kenyon_Cell,0.0,0.0,24.3415179853045,36.0,4.0,26.0,1.0,62.0,-3.64,
720575940654973089,central,LHLN,0.0,3.730629097794117e-11,24.655138381484136,132.0,9.0,231.0,22.0,363.0,-3.45,
720575940614308002,central,Kenyon_Cell,0.0,3.2892490983933985e-10,24.3786144207288,46.0,4.0,50.0,3.0,96.0,-3.96,
720575940620239013,central,unknown,0.0,7.229738269419255e-10,24.12759402631186,99.0,13.0,116.0,14.0,215.0,-3.8,
720575940621385893,central,unknown,0.0,0.0,24.024545538968063,33.0,4.0,47.0,5.0,80.0,-3.24,
720575940619649195,sensory,olfactory,0.0,0.0,24.0,0.0,0.0,44.0,4.0,44.0,-0.0,
720575940635803822,sensory,olfactory,0.0,0.0,24.0,0.0,0.0,39.0,3.0,39.0,-0.0,
720575940635213998,central,Kenyon_Cell,0.0,0.0,24.658943117331734,86.0,5.0,22.0,1.0,108.0,-3.04,
720575940620107968,central,LHLN,0.0,1.629479759882945e-09,24.568322956878315,201.0,20.0,95.0,12.0,296.0,-3.65,
720575940610408643,central,ALLN,0.0,3.906787624962774e-06,24.91389564914031,599.0,68.0,1552.0,98.0,2151.0,-1.54,
720575940623450308,central,unknown,0.0,2.945210637492487e-09,24.55666339717488,173.0,17.0,125.0,13.0,298.0,-3.29,
720575940642193608,central,Kenyon_Cell,0.0,0.0,24.651211592012203,130.0,9.0,14.0,1.0,144.0,-3.32,
720575940617158868,central,unknown,0.0,5.603277571212442e-10,24.70941469799455,68.0,8.0,66.0,8.0,134.0,-2.99,
720575940608901333,central,unknown,0.0,3.9660882395495927e-10,24.346001277006195,233.0,17.0,26.0,4.0,259.0,-3.22,
720575940622565590,descending,unknown,0.0,2.044403438649846e-09,21.13026843394921,162.0,13.0,19.0,2.0,181.0,-5.79,
720575940628398295,central,Kenyon_Cell,0.0,0.0,24.506754604119127,48.0,4.0,18.0,1.0,66.0,-3.36,
720575940622467293,central,Kenyon_Cell,0.0,0.0,24.34661759327877,41.0,3.0,40.0,1.0,81.0,-3.64,
720575940612374757,central,unknown,0.0,7.326279304913258e-09,24.64417812512724,173.0,13.0,162.0,17.0,335.0,-3.39,
720575940617650407,sensory,olfactory,0.0,0.0,25.12808382128984,35.0,4.0,93.0,10.0,128.0,-0.0,
720575940625154283,sensory,olfactory,0.0,3.111787559830766e-08,25.14223677286777,246.0,15.0,280.0,18.0,526.0,-0.0,
720575940624597228,central,Kenyon_Cell,0.0,0.0,24.567793531849368,62.0,6.0,26.0,1.0,88.0,-3.28,
720575940620370158,central,unknown,0.0,7.524848464300632e-11,23.753105636811306,308.0,28.0,175.0,16.0,483.0,-5.02,
720575940620828912,central,Kenyon_Cell,0.0,0.0,24.644711547848964,111.0,8.0,18.0,1.0,129.0,-3.18,
720575940641243381,central,unknown,0.0,0.0,23.49173178292429,160.0,17.0,19.0,3.0,179.0,-4.13,
720575940629971191,central,Kenyon_Cell,0.0,6.317173556296292e-11,24.43242205702092,105.0,9.0,29.0,2.0,134.0,-3.81,
720575940630331643,sensory,olfactory,0.0,0.0,25.14186321473966,6.0,1.0,46.0,5.0,52.0,-0.0,
720575940623122685,sensory,olfactory,0.0,0.0,24.0,0.0,0.0,35.0,6.0,35.0,-0.0,
720575940622074109,central,unknown,0.0,1.1368011413879066e-10,23.116061109663697,160.0,12.0,234.0,15.0,394.0,-5.07,
720575940630069504,central,LHLN,0.0,7.5049485508241e-09,24.578189525379223,472.0,27.0,185.0,21.0,657.0,-2.96,
720575940626530564,sensory,olfactory,0.0,0.0,25.161486621007494,33.0,5.0,72.0,3.0,105.0,-0.0,
720575940627284234,central,unknown,0.0,1.3591822759337298e-06,24.39179804315409,163.0,14.0,118.0,13.0,281.0,-3.61,
720575940608606475,central,unknown,0.0,0.0,23.886624399366184,82.0,11.0,18.0,2.0,100.0,-4.54,
720575940608344331,central,Kenyon_Cell,0.0,0.0,24.598843221989043,90.0,7.0,21.0,1.0,111.0,-3.05,
720575940624662798,central,unknown,0.0,0.0,24.01722601255608,100.0,15.0,48.0,5.0,148.0,-3.84,
720575940624695566,central,unknown,0.0,2.3234619819594928e-10,23.681456870433543,124.0,15.0,375.0,25.0,499.0,-4.93,
720575940627480853,central,Kenyon_Cell,0.0,0.0,24.57335761660477,96.0,9.0,18.0,1.0,114.0,-3.06,
720575940622926104,central,LHLN,0.0,0.0,24.639009138470207,225.0,27.0,200.0,23.0,425.0,-3.42,
720575940620566808,central,ALPN,0.0,0.0,23.743981529660037,63.0,8.0,34.0,5.0,97.0,-4.09,
720575940618699037,central,unknown,0.0,8.541750612808107e-08,24.60047652865504,772.0,42.0,405.0,30.0,1177.0,-3.52,
720575940646289699,central,Kenyon_Cell,0.0,0.0,24.605300398154263,115.0,8.0,27.0,2.0,142.0,-3.33,
720575940621812006,central,Kenyon_Cell,0.0,0.0,24.44931106281383,89.0,6.0,26.0,1.0,115.0,-3.58,
720575940623319334,central,unknown,0.0,1.1102290725974364e-08,24.103084046147643,63.0,6.0,82.0,8.0,145.0,-3.58,
720575940630135084,descending,unknown,0.0,1.6012556821964238e-07,20.15711031415409,778.0,41.0,38.0,3.0,816.0,-5.93,
720575940619354417,central,Kenyon_Cell,0.0,0.0,24.254992872107653,60.0,5.0,35.0,1.0,95.0,-4.13,
720575940614308146,central,Kenyon_Cell,0.0,0.0,24.613306126823435,108.0,5.0,25.0,1.0,133.0,-3.46,
720575940613161267,sensory,olfactory,0.0,0.0,25.21916528977069,7.0,1.0,34.0,4.0,41.0,-0.0,
720575940617290043,descending,unknown,0.0,3.356705899885046e-07,21.097704608932823,176.0,14.0,24.0,4.0,200.0,-4.87,
720575940639080765,central,ALPN,2.835483298923907e-05,4.457626453232168e-06,24.87773202496314,3469.0,139.0,7004.0,297.0,10473.0,-2.03,
720575940608508228,sensory,olfactory,0.0,0.0,25.117365656280484,33.0,4.0,161.0,10.0,194.0,-0.0,
720575940616438085,central,Kenyon_Cell,0.0,0.0,24.495465911898343,94.0,8.0,27.0,1.0,121.0,-3.52,
720575940624695629,central,ALPN,0.0,3.949183070662851e-10,24.83652839299519,249.0,10.0,340.0,25.0,589.0,-2.51,
720575940630987091,central,Kenyon_Cell,0.0,0.0,24.31683158028645,63.0,4.0,43.0,1.0,106.0,-3.54,
720575940619911509,central,unknown,0.0,3.9473967616522254e-08,22.67620895231185,898.0,47.0,867.0,40.0,1765.0,-4.83,
720575940639506776,sensory,olfactory,0.0,0.0,25.11088298234007,47.0,6.0,85.0,8.0,132.0,-0.0,
720575940637966682,central,unknown,3.393044470734726e-05,1.2167601997101832e-07,24.44797465922596,3818.0,184.0,1218.0,80.0,5036.0,-3.38,
720575940608344412,central,LHLN,0.0,4.674968002110454e-10,24.7308820571681,104.0,12.0,66.0,9.0,170.0,-3.05,
720575940618469725,central,Kenyon_Cell,0.0,0.0,24.269819737779905,64.0,5.0,33.0,1.0,97.0,-4.39,
720575940610015586,sensory,olfactory,0.0,2.8768590678347973e-08,25.12404912984826,49.0,6.0,177.0,14.0,226.0,-0.0,
720575940621943139,sensory,olfactory,0.0,0.0,24.0,0.0,0.0,64.0,4.0,64.0,-0.0,
720575940627349860,central,unknown,5.032618652924262e-07,5.354262889002637e-07,24.078227516203484,2621.0,140.0,1720.0,69.0,4341.0,-3.79,
720575940634132843,central,unknown,0.0,0.0,22.353671148724388,98.0,9.0,166.0,6.0,264.0,-4.59,
720575940610113905,central,unknown,0.0,5.70095295552305e-09,20.98353824531432,39.0,6.0,230.0,29.0,269.0,-5.05,
720575940614898037,sensory,olfactory,0.0,7.423445916469126e-09,25.111723516215648,41.0,5.0,244.0,12.0,285.0,-0.0,
720575940616831349,sensory,olfactory,0.0,0.0,25.025755868328226,6.0,1.0,67.0,4.0,73.0,-0.0,
720575940636066167,central,unknown,0.0,5.33874721889765e-07,23.33585387111303,130.0,14.0,159.0,17.0,289.0,-4.51,
720575940629709182,central,unknown,0.0,0.0,24.715179104384188,64.0,8.0,54.0,5.0,118.0,-3.2,
720575940621910399,central,unknown,0.0,1.7876312682063557e-07,22.397872665327817,387.0,28.0,441.0,31.0,828.0,-4.97,
720575940640129408,central,unknown,0.0,4.573135788756908e-07,23.300833249715165,322.0,35.0,142.0,13.0,464.0,-4.56,
720575940659429761,central,ALLN,0.0,2.6125854944314844e-06,24.13534436681956,702.0,64.0,504.0,41.0,1206.0,-3.96,
720575940648681860,sensory,olfactory,0.0,2.494111732046913e-11,25.10123554330146,42.0,5.0,140.0,10.0,182.0,-0.0,
720575940616569227,central,Kenyon_Cell,0.0,0.0,24.71209282153095,86.0,8.0,22.0,1.0,108.0,-2.91,
720575940631511436,central,unknown,0.0,0.0,21.059119306613248,155.0,17.0,267.0,20.0,422.0,-5.55,
720575940635967886,central,unknown,7.946239978301468e-08,2.356462685119138e-07,20.54269559984703,990.0,34.0,544.0,12.0,1534.0,-5.8,
720575940625645968,central,Kenyon_Cell,0.0,0.0,24.766892652851297,116.0,7.0,21.0,1.0,137.0,-2.91,
720575940625777040,central,unknown,0.0,5.377861154842232e-10,23.854655961272663,339.0,25.0,117.0,7.0,456.0,-4.88,
720575940613751186,central,ALPN,0.0,2.2679762879672267e-10,24.78260697589975,10.0,2.0,130.0,17.0,140.0,-3.09,
720575940621943187,central,unknown,0.0,0.0,23.16426631218068,38.0,6.0,82.0,5.0,120.0,-3.6,
720575940627120536,sensory,olfactory,0.0,0.0,24.636505208706275,6.0,1.0,81.0,10.0,87.0,-0.0,
720575940611686809,central,Kenyon_Cell,0.0,0.0,24.71848747693729,139.0,8.0,21.0,1.0,160.0,-3.06,
720575940635050394,central,LHLN,0.0,4.5373506853970045e-10,24.522059302164987,207.0,14.0,31.0,5.0,238.0,-3.3,
720575940628627867,descending,unknown,0.0,0.0,19.98152564668346,760.0,25.0,60.0,4.0,820.0,-5.88,
720575940628136347,central,unknown,6.356991982641174e-06,1.8806847169713115e-07,21.303621917682708,471.0,23.0,644.0,17.0,1115.0,-5.12,
720575940618731934,central,Kenyon_Cell,0.0,0.0,24.66157890890073,140.0,7.0,19.0,2.0,159.0,-3.13,
720575940614832543,central,ALLN,0.0,1.6764219363505204e-10,24.748156686516285,18.0,3.0,221.0,25.0,239.0,-3.62,
720575940633772452,central,ALLN,0.0,3.7454014529625593e-07,24.59773757537396,684.0,59.0,1385.0,118.0,2069.0,-3.23,
720575940620173737,central,unknown,8.171383444353341e-06,3.0835174855899745e-07,20.58271546948828,425.0,25.0,159.0,9.0,584.0,-5.38,
720575940605264305,sensory,hygrosensory,0.0,1.1698863506917843e-10,24.64164719224693,256.0,25.0,391.0,28.0,647.0,-3.59,
720575940624302520,central,Kenyon_Cell,0.0,0.0,24.759882102566245,123.0,5.0,24.0,1.0,147.0,-3.03,
720575940615750075,sensory,olfactory,0.0,0.0,25.118557370430445,5.0,1.0,48.0,5.0,53.0,-0.0,
720575940621124033,sensory,olfactory,0.0,3.4612763345055437e-10,25.131535833048968,26.0,4.0,55.0,6.0,81.0,-0.0,
720575940627218882,central,unknown,0.0,1.488059921030237e-10,19.255205982508265,138.0,11.0,33.0,3.0,171.0,-6.58,
720575940629709250,central,unknown,0.0,6.274885977203426e-10,21.76103463612494,98.0,12.0,32.0,2.0,130.0,-5.39,
720575940623450564,central,LHLN,5.032618652924262e-07,2.8279163527496395e-06,24.710615985724765,521.0,29.0,471.0,46.0,992.0,-3.16,
720575940629676495,central,unknown,0.0,1.9666936853579688e-08,23.16778136646356,324.0,24.0,26.0,3.0,350.0,-5.35,
720575940613849553,central,unknown,0.0,3.834366443923365e-08,24.395622119752478,380.0,31.0,203.0,18.0,583.0,-3.45,
720575940630233559,central,unknown,0.0,0.0,24.40990765254824,52.0,7.0,42.0,5.0,94.0,-3.42,
720575940610605530,sensory,olfactory,0.0,0.0,25.126429154889536,10.0,2.0,65.0,5.0,75.0,-0.0,
720575940631314908,central,unknown,0.0,4.585228062927427e-08,20.49597403007252,183.0,13.0,248.0,20.0,431.0,-5.87,
720575940632920545,sensory,olfactory,0.0,0.0,25.14186321473966,7.0,1.0,154.0,10.0,161.0,-0.0,
720575940632166881,central,unknown,0.0,1.1633156623484187e-09,24.77011117372649,33.0,5.0,5.0,1.0,38.0,-3.31,
720575940616929766,central,Kenyon_Cell,0.0,0.0,24.602467542559044,86.0,6.0,26.0,1.0,112.0,-3.26,
720575940623942119,sensory,olfactory,0.0,1.892242398263876e-08,25.138897878750612,128.0,13.0,157.0,9.0,285.0,-0.0,
720575940623253994,central,Kenyon_Cell,0.0,0.0,24.511728020251116,121.0,6.0,26.0,2.0,147.0,-3.57,
720575940613226989,central,LHLN,0.0,6.408669250866684e-10,24.67416809807815,250.0,20.0,57.0,5.0,307.0,-2.97,
720575940620468718,descending,unknown,0.0,4.188939405945204e-07,20.76733148765907,283.0,20.0,74.0,6.0,357.0,-5.31,
720575940620993008,central,unknown,0.0,2.9243492646521674e-08,24.51923892533785,145.0,13.0,172.0,16.0,317.0,-3.21,
720575940624761331,central,unknown,0.0,1.0593949017752096e-07,24.319462392293183,79.0,7.0,88.0,8.0,167.0,-4.1,
720575940621746676,central,unknown,7.575415445980732e-06,8.663437587319802e-08,23.49051920948112,1157.0,72.0,1202.0,43.0,2359.0,-4.53,
720575940651434486,central,unknown,0.0,0.0,23.17343160735853,100.0,13.0,28.0,4.0,128.0,-4.49,
720575940624335367,central,unknown,0.0,2.679692936882201e-07,23.57327456393149,348.0,35.0,321.0,21.0,669.0,-4.69,
720575940607459849,sensory,olfactory,0.0,2.6983868345274683e-06,25.11469320458293,48.0,5.0,242.0,15.0,290.0,-0.0,
720575940623122957,sensory,olfactory,0.0,6.589172581625941e-10,25.101596153831345,51.0,6.0,132.0,9.0,183.0,-0.0,
720575940644258327,central,ALPN,0.0,1.6596133822390656e-07,24.21219351545945,196.0,19.0,1004.0,84.0,1200.0,-3.08,
720575940621845018,central,Kenyon_Cell,0.0,0.0,24.64600210481308,109.0,7.0,27.0,1.0,136.0,-2.87,
720575940617454114,sensory,olfactory,0.0,8.362507968911546e-10,25.11493633652675,68.0,7.0,195.0,15.0,263.0,-0.0,
720575940617552418,sensory,olfactory,0.0,0.0,24.0,0.0,0.0,6.0,1.0,6.0,-0.0,
720575940644815395,central,unknown,0.0,3.4166696978153604e-09,24.3471025611802,742.0,44.0,368.0,25.0,1110.0,-3.49,
720575940616012322,central,unknown,0.0,1.9411499369534874e-09,24.79090932202534,25.0,3.0,51.0,6.0,76.0,-2.89,
720575940630037036,central,unknown,0.0,0.0,23.84426907713051,49.0,6.0,62.0,5.0,111.0,-3.63,
720575940610605614,descending,unknown,0.0,1.434038366536486e-06,19.64163131033872,289.0,22.0,305.0,16.0,594.0,-6.04,
720575940616045106,sensory,olfactory,0.0,0.0,24.0,0.0,0.0,65.0,7.0,65.0,-0.0,
720575940616077874,central,unknown,2.6487466594338224e-08,1.1102401745690198e-07,21.935460745158853,594.0,43.0,386.0,26.0,980.0,-5.69,
720575940616798779,central,unknown,1.1919359967452201e-07,1.0892008235858876e-10,22.706626843536256,883.0,47.0,880.0,50.0,1763.0,-5.64,
720575940624990782,sensory,olfactory,0.0,0.0,25.18971876743752,5.0,1.0,126.0,12.0,131.0,-0.0,
720575940637835839,central,Kenyon_Cell,0.0,0.0,24.510069086952203,103.0,7.0,29.0,1.0,132.0,-3.67,
720575940638097983,central,LHLN,0.0,2.483468369956158e-09,24.438835982753023,251.0,20.0,834.0,54.0,1085.0,-3.18,
720575940616798784,central,Kenyon_Cell,0.0,0.0,24.72092114590921,92.0,5.0,15.0,1.0,107.0,-3.13,
720575940615160386,central,ALPN,1.0012262372659848e-05,6.1294272132060125e-06,24.373580968311582,1202.0,111.0,4406.0,284.0,5608.0,-3.39,
720575940618306112,central,Kenyon_Cell,0.0,1.0920819301526119e-09,24.16694115944675,47.0,4.0,67.0,4.0,114.0,-4.19,
720575940618601024,central,unknown,0.0,0.0,21.55723042699304,21.0,4.0,126.0,13.0,147.0,-5.33,
720575940618043973,central,unknown,0.0,1.4900307278681213e-08,24.84573745057084,53.0,7.0,53.0,8.0,106.0,-2.67,
720575940639638086,central,unknown,1.9269631947381056e-05,1.923023537837204e-06,21.593623345480687,935.0,32.0,1588.0,74.0,2523.0,-5.86,
720575940615455318,central,unknown,0.0,0.0,23.30162420793585,357.0,21.0,70.0,7.0,427.0,-6.08,
720575940638229080,sensory,olfactory,0.0,2.675453124625708e-07,25.13516383248403,37.0,5.0,229.0,17.0,266.0,-0.0,
720575940637966938,central,LHLN,0.0,0.0,24.52492655108787,213.0,13.0,365.0,33.0,578.0,-3.53,
720575940635116127,central,LHLN,0.0,1.527528648183405e-09,24.374130855207024,243.0,19.0,134.0,14.0,377.0,-4.07,
720575940610769506,central,unknown,0.0,0.0,23.702113785991287,58.0,5.0,130.0,6.0,188.0,-4.3,
720575940627284580,central,unknown,0.0,2.737468722649965e-10,23.49853200472049,283.0,19.0,343.0,26.0,626.0,-4.6,
720575940636754533,sensory,olfactory,0.0,0.0,25.10276993610156,5.0,1.0,42.0,6.0,47.0,-0.0,
720575940628202089,sensory,olfactory,0.0,0.0,25.12838250211988,73.0,10.0,490.0,31.0,563.0,-0.0,
720575940627153513,central,unknown,0.0,0.0,23.413367316668413,28.0,5.0,13.0,2.0,41.0,-5.41,
720575940635705963,sensory,olfactory,0.0,0.0,25.0883822082052,6.0,1.0,10.0,2.0,16.0,-0.0,
720575940634952299,central,unknown,0.0,0.0,21.28389720758244,315.0,16.0,216.0,6.0,531.0,-6.04,
720575940635935343,sensory,olfactory,0.0,0.0,25.118557370430445,6.0,1.0,11.0,2.0,17.0,-0.0,
720575940611424882,central,Kenyon_Cell,0.0,0.0,24.16569296630629,63.0,3.0,58.0,5.0,121.0,-4.12,
720575940634296951,central,Kenyon_Cell,0.0,0.0,23.85493931787793,40.0,3.0,23.0,2.0,63.0,-4.26,
720575940618830459,central,Kenyon_Cell,0.0,0.0,24.39932372201584,137.0,8.0,32.0,2.0,169.0,-3.59,
720575940628103806,central,Kenyon_Cell,0.0,4.1157847815796637e-10,24.33045952364201,46.0,3.0,32.0,2.0,78.0,-3.51,
720575940629578366,central,Kenyon_Cell,0.0,0.0,24.579404890527595,103.0,6.0,31.0,1.0,134.0,-3.01,
720575940640031360,central,LHCENT,5.092215452761524e-05,1.9799101646522493e-07,23.76601418201506,4766.0,228.0,3279.0,220.0,8045.0,-4.14,
720575940625318531,central,Kenyon_Cell,0.0,0.0,24.422684200407907,61.0,4.0,33.0,2.0,94.0,-3.51,
720575940622926472,central,Kenyon_Cell,0.0,0.0,24.624998864852795,72.0,6.0,16.0,1.0,88.0,-3.04,
720575940629906060,sensory,olfactory,0.0,8.103671406971381e-08,25.176160823109807,51.0,5.0,628.0,23.0,679.0,-0.0,
720575940614374034,central,unknown,0.0,1.3489353970951469e-06,22.416484342580013,1879.0,51.0,624.0,39.0,2503.0,-5.43,
720575940634657431,central,ALLN,0.0,1.455186838723932e-07,24.77850489413913,98.0,12.0,706.0,43.0,804.0,-2.54,
720575940634034839,central,ALLN,0.0,2.586489613681276e-07,24.677748506939388,3392.0,139.0,3243.0,154.0,6635.0,-3.75,
720575940617552541,central,ALPN,1.6938734887079293e-05,8.69934807917035e-05,24.44861469379894,1522.0,76.0,1491.0,81.0,3013.0,-2.42,
720575940618404510,central,ALPN,0.0,0.0,24.48208600555616,11.0,1.0,18.0,3.0,29.0,-3.91,
720575940615520927,central,unknown,0.0,1.7076270745644437e-08,24.247923224883294,184.0,23.0,113.0,11.0,297.0,-4.45,
720575940653892257,sensory,olfactory,0.0,1.516427350067496e-07,25.15123495803486,157.0,13.0,247.0,19.0,404.0,-0.0,
720575940614701730,central,unknown,0.0,1.4774330885825498e-07,24.682061288948155,321.0,32.0,120.0,9.0,441.0,-2.8,
720575940620993193,sensory,olfactory,0.0,6.074324948291191e-10,25.11073276018732,16.0,3.0,96.0,10.0,112.0,-0.0,
720575940611261098,sensory,olfactory,0.0,5.4619422650984726e-08,25.11776498316861,71.0,7.0,111.0,6.0,182.0,-0.0,
720575940604412588,central,ALPN,0.0,1.4319223050035274e-10,24.27362351809228,54.0,4.0,148.0,13.0,202.0,-4.54,
720575940632625837,sensory,olfactory,0.0,1.2039496228431977e-08,25.152644177649183,96.0,11.0,370.0,24.0,466.0,-0.0,
720575940632167085,central,ALPN,2.7957520990324e-05,6.249718521598956e-06,24.83409326251625,2765.0,152.0,3067.0,182.0,5832.0,-2.14,
720575940607197874,central,unknown,0.0,2.576374367427742e-07,24.20519413274674,251.0,22.0,118.0,12.0,369.0,-4.68,
720575940624859834,sensory,olfactory,0.0,0.0,25.128937997883707,53.0,5.0,176.0,13.0,229.0,-0.0,
720575940621124289,sensory,olfactory,0.0,0.0,24.0,0.0,0.0,14.0,2.0,14.0,-0.0,
720575940618371777,central,Kenyon_Cell,0.0,0.0,24.42054368494107,97.0,7.0,16.0,1.0,113.0,-3.58,
720575940606149321,central,unknown,0.0,1.2977538357192689e-07,20.288165892903216,1518.0,69.0,937.0,36.0,2455.0,-5.81,
720575940625613514,sensory,olfactory,0.0,0.0,25.086445951192783,11.0,2.0,104.0,9.0,115.0,-0.0,
720575940630561484,central,Kenyon_Cell,0.0,0.0,24.345194562124597,59.0,3.0,31.0,2.0,90.0,-3.55,
720575940610933458,central,LHLN,0.0,1.4279056514466653e-08,24.57955317179128,388.0,25.0,111.0,15.0,499.0,-2.97,
720575940609163986,central,Kenyon_Cell,0.0,7.518969436500936e-10,24.367742184083884,58.0,4.0,75.0,5.0,133.0,-3.78,
720575940610409170,central,unknown,0.0,4.918788019603171e-09,22.508672958486823,66.0,9.0,164.0,5.0,230.0,-5.05,
720575940637639396,sensory,olfactory,0.0,0.0,24.0,0.0,0.0,43.0,6.0,43.0,-0.0,
720575940637934308,central,MBON,0.0,1.3775082310340276e-08,22.649732200090035,440.0,64.0,595.0,24.0,1035.0,-4.32,
720575940623581930,central,unknown,7.231078380254335e-06,6.357276230957813e-08,24.430155847744867,1598.0,100.0,704.0,42.0,2302.0,-3.36,
720575940623090412,sensory,olfactory,0.0,1.0787540645837974e-10,25.14298384457225,62.0,8.0,523.0,29.0,585.0,-0.0,
720575940622697196,central,Kenyon_Cell,0.0,0.0,24.592120340657686,97.0,7.0,18.0,1.0,115.0,-2.97,
720575940629119737,central,Kenyon_Cell,0.0,0.0,24.66537952923254,116.0,8.0,22.0,1.0,138.0,-3.0,
720575940627972860,central,LHLN,0.0,0.0,24.659215330778487,160.0,11.0,226.0,20.0,386.0,-3.32,
720575940625056509,central,ALPN,0.0,9.214727019690207e-08,24.57194000836628,543.0,60.0,1620.0,107.0,2163.0,-3.56,
720575940625187586,central,Kenyon_Cell,0.0,0.0,24.2199588016632,38.0,2.0,39.0,2.0,77.0,-4.3,
720575940627153668,central,Kenyon_Cell,0.0,0.0,24.72620704354689,185.0,9.0,30.0,1.0,215.0,-3.04,
720575940621878021,central,Kenyon_Cell,0.0,1.8394074023845983e-10,24.249713847730558,84.0,4.0,32.0,2.0,116.0,-3.67,
720575940627546897,central,Kenyon_Cell,0.0,0.0,24.79391851117516,157.0,7.0,33.0,3.0,190.0,-2.82,
720575940626826005,sensory,olfactory,0.0,0.0,24.0,0.0,0.0,5.0,1.0,5.0,-0.0,
720575940633674521,central,Kenyon_Cell,0.0,0.0,24.66588575266897,140.0,8.0,30.0,1.0,170.0,-3.25,
720575940624597788,central,Kenyon_Cell,0.0,0.0,24.3338073070699,67.0,4.0,19.0,1.0,86.0,-3.45,
720575940630430495,central,Kenyon_Cell,0.0,1.4114094400588071e-09,24.262805081967763,62.0,5.0,32.0,2.0,94.0,-3.49,
720575940632265503,central,LHLN,0.0,0.0,24.6586662715322,170.0,22.0,56.0,7.0,226.0,-3.34,
720575940644750116,central,ALON,0.0,0.0,21.55535791619072,76.0,8.0,11.0,1.0,87.0,-4.97,
720575940614570793,sensory,hygrosensory,0.0,0.0,24.643779444214065,258.0,24.0,420.0,32.0,678.0,-3.61,
720575940629349164,sensory,olfactory,0.0,5.84943175345892e-11,25.12751395022988,23.0,3.0,89.0,6.0,112.0,-0.0,
720575940609065774,sensory,olfactory,0.0,0.0,25.101677367131785,15.0,2.0,70.0,4.0,85.0,-0.0,
720575940611228462,central,Kenyon_Cell,0.0,0.0,24.52875822139354,54.0,6.0,35.0,3.0,89.0,-3.4,
720575940617093938,central,unknown,0.0,1.2462610226888824e-10,24.496720786635485,67.0,9.0,80.0,8.0,147.0,-3.41,
720575940628431671,sensory,olfactory,0.0,5.7494593551259e-10,25.11041841782976,60.0,7.0,257.0,15.0,317.0,-0.0,
720575940631905080,central,unknown,0.0,1.360651912155224e-09,22.86728616086698,322.0,24.0,30.0,4.0,352.0,-5.15,
720575940631642937,central,unknown,0.0,1.1612207695631624e-07,20.469900197141197,91.0,7.0,70.0,6.0,161.0,-6.11,
720575940616799035,central,unknown,0.0,0.0,24.48875490001948,258.0,22.0,28.0,5.0,286.0,-3.26,
720575940620862273,central,Kenyon_Cell,0.0,0.0,24.524305071102948,65.0,5.0,22.0,1.0,87.0,-2.98,
720575940615422786,central,unknown,0.0,2.943343431319777e-09,24.50028338232824,154.0,17.0,45.0,6.0,199.0,-3.05,
720575940613784386,central,Kenyon_Cell,0.0,0.0,24.55599530971556,101.0,8.0,24.0,1.0,125.0,-3.25,
720575940619682625,central,Kenyon_Cell,0.0,1.1581816878214682e-09,24.088185730866694,43.0,4.0,36.0,2.0,79.0,-3.85,
720575940627022664,central,Kenyon_Cell,0.0,0.0,24.7624989931374,110.0,5.0,33.0,2.0,143.0,-3.2,
720575940625253193,central,unknown,2.913621325377205e-07,2.2383166149577834e-07,20.403521553612936,837.0,26.0,640.0,37.0,1477.0,-5.82,
720575940631413585,sensory,olfactory,0.0,0.0,25.230768152807684,12.0,2.0,93.0,8.0,105.0,-0.0,
720575940616766294,central,unknown,0.0,8.548030664516332e-09,24.195498238605147,164.0,16.0,54.0,7.0,218.0,-3.49,
720575940626793305,central,LHLN,0.0,8.59434224541628e-08,24.505189486692263,568.0,50.0,182.0,20.0,750.0,-3.71,
720575940635116383,central,unknown,0.0,8.433712749260067e-09,24.509014436491555,1011.0,72.0,548.0,33.0,1559.0,-3.56,
720575940622140257,central,unknown,0.0,0.0,24.714454437686477,11.0,2.0,49.0,6.0,60.0,-3.21,
720575940634231653,central,unknown,0.0,1.3726332536327751e-08,23.89873146352953,178.0,12.0,94.0,10.0,272.0,-4.69,
720575940635706219,sensory,olfactory,0.0,0.0,24.0,0.0,0.0,21.0,3.0,21.0,-0.0,
720575940612637554,central,ALLN,0.0,1.8490944991034488e-06,24.62521734508616,2404.0,144.0,2866.0,150.0,5270.0,-3.49,
720575940609819512,central,unknown,0.0,4.309612712453027e-07,22.659403210771263,618.0,39.0,286.0,16.0,904.0,-5.54,
720575940629676926,central,unknown,0.0,5.937568054452816e-07,24.482466967863324,345.0,29.0,750.0,56.0,1095.0,-3.53,
720575940624663427,central,Kenyon_Cell,0.0,0.0,24.36187871517904,51.0,4.0,22.0,1.0,73.0,-3.8,
720575940642030477,central,unknown,0.0,4.8825666256813125e-09,24.08593650319849,463.0,27.0,443.0,34.0,906.0,-4.78,
720575940635214734,sensory,olfactory,0.0,0.0,25.12575232266633,28.0,3.0,50.0,5.0,78.0,-0.0,
720575940614308758,central,ALLN,0.0,5.844343398856928e-07,23.486231939624773,295.0,27.0,425.0,20.0,720.0,-3.97,
720575940654810017,central,Kenyon_Cell,0.0,0.0,24.595065626482366,162.0,8.0,27.0,1.0,189.0,-2.98,
720575940614636450,central,LHLN,0.0,2.0389788070280095e-08,24.733051577288517,133.0,16.0,102.0,13.0,235.0,-2.93,
720575940627186600,central,unknown,0.0,1.7173665921390877e-08,23.90217088405544,724.0,43.0,630.0,57.0,1354.0,-4.56,
720575940620010409,central,unknown,0.0,1.5305534570975912e-08,21.481630083728728,69.0,7.0,25.0,3.0,94.0,-5.67,
720575940623287228,central,ALPN,0.0,1.9075628042943396e-09,24.37786473980985,562.0,48.0,507.0,46.0,1069.0,-3.93,
720575940639179709,central,unknown,0.0,0.0,24.47773030549275,219.0,22.0,24.0,4.0,243.0,-3.77,
720575940626170826,sensory,olfactory,0.0,0.0,25.0883822082052,6.0,1.0,45.0,6.0,51.0,-0.0,
720575940624106442,central,ALPN,9.667925306933452e-07,5.83294758348238e-08,24.513853330478003,120.0,12.0,462.0,52.0,582.0,-2.74,
720575940632495052,central,Kenyon_Cell,0.0,0.0,24.45351265341873,84.0,8.0,19.0,1.0,103.0,-3.8,
720575940613489617,central,ALLN,0.0,1.0661020653134249e-06,24.80601712231429,947.0,85.0,1957.0,135.0,2904.0,-2.55,
720575940610081746,sensory,olfactory,0.0,0.0,25.0883822082052,5.0,1.0,78.0,6.0,83.0,-0.0,
720575940618011604,central,unknown,0.0,1.6421351333567952e-08,20.89128538325366,606.0,21.0,207.0,16.0,813.0,-5.67,
720575940610048981,central,ALPN,4.569087987523343e-06,7.966969690684672e-07,24.497928339617573,956.0,78.0,2002.0,152.0,2958.0,-2.79,
720575940617290713,central,unknown,0.0,1.82196573860548e-09,24.298865943953345,152.0,18.0,32.0,3.0,184.0,-3.14,
720575940621648861,sensory,olfactory,0.0,0.0,24.0,0.0,0.0,78.0,9.0,78.0,-0.0,
720575940603233248,central,unknown,0.0,0.0,23.37792545249743,45.0,5.0,25.0,5.0,70.0,-4.85,
720575940633543650,sensory,olfactory,0.0,0.0,25.09522336790318,5.0,1.0,63.0,8.0,68.0,-0.0,
720575940612506595,central,unknown,0.0,0.0,23.67128896485222,5.0,1.0,5.0,1.0,10.0,-5.28,
720575940624335851,central,unknown,0.0,0.0,24.492711472413944,98.0,12.0,44.0,7.0,142.0,-3.51,
720575940624663532,central,unknown,0.0,0.0,24.30416673948398,503.0,44.0,219.0,13.0,722.0,-3.52,
720575940620633070,central,unknown,0.0,2.2908547618946663e-06,23.436250386388856,594.0,36.0,11.0,2.0,605.0,-5.02,
720575940628071409,central,Kenyon_Cell,0.0,0.0,24.176168436894937,74.0,5.0,68.0,5.0,142.0,-4.17,
720575940611982322,central,unknown,0.0,0.0,24.13945605085333,269.0,18.0,24.0,4.0,293.0,-4.46,
720575940622762995,central,ALPN,1.4832981292829405e-06,3.60463990392702e-07,24.31339930282067,99.0,11.0,494.0,54.0,593.0,-2.32,
720575940624794611,central,LHLN,0.0,0.0,24.59057969877077,215.0,16.0,191.0,18.0,406.0,-3.34,
720575940621222900,central,unknown,0.0,1.0232099973415747e-09,22.87202404520997,146.0,18.0,135.0,8.0,281.0,-4.33,
720575940628694007,central,Kenyon_Cell,0.0,0.0,24.72359347827644,67.0,6.0,15.0,1.0,82.0,-2.85,
720575940617257985,central,unknown,0.0,3.865635024216308e-07,20.709548217577183,1328.0,56.0,861.0,46.0,2189.0,-5.67,
720575940628792323,central,LHLN,6.621866648584556e-08,8.274176598896431e-10,24.68808055406201,391.0,24.0,234.0,27.0,625.0,-3.29,
720575940628694019,central,unknown,0.0,0.0,19.600768712689703,425.0,28.0,277.0,14.0,702.0,-6.1,
720575940621616133,central,unknown,0.0,1.7815546922277868e-08,24.045051177079536,83.0,9.0,30.0,4.0,113.0,-4.22,
720575940626498566,central,unknown,4.7677439869808805e-06,9.11481801100077e-07,21.93106221777449,240.0,12.0,644.0,17.0,884.0,-4.89,
720575940627547153,central,Kenyon_Cell,0.0,0.0,24.50625491675661,95.0,7.0,27.0,1.0,122.0,-3.59,
720575940622697496,central,unknown,0.0,3.9834229364991675e-09,21.65988441496335,645.0,29.0,185.0,9.0,830.0,-6.43,
720575940627448860,central,unknown,0.0,2.36344923174849e-08,20.143680258864524,61.0,3.0,264.0,17.0,325.0,-5.41,
720575940626793502,central,Kenyon_Cell,0.0,0.0,24.556918662337083,86.0,7.0,24.0,2.0,110.0,-3.38,
720575940645372964,central,ALLN,0.0,1.1796559183039288e-08,24.23335414569661,345.0,30.0,497.0,32.0,842.0,-4.33,
720575940627252267,central,Kenyon_Cell,0.0,0.0,24.479127671083184,113.0,8.0,15.0,1.0,128.0,-3.42,
720575940633936941,central,unknown,0.0,1.5641866301223606e-08,24.431373289290534,188.0,18.0,31.0,5.0,219.0,-3.24,
720575940609066030,central,Kenyon_Cell,0.0,0.0,24.056609780774757,37.0,3.0,35.0,2.0,72.0,-3.89,
720575940625679408,central,LHLN,0.0,4.072765696098151e-09,24.571928393263924,1260.0,80.0,237.0,28.0,1497.0,-3.4,
720575940630168636,central,unknown,0.0,5.023413500044222e-09,24.370234319590303,913.0,77.0,160.0,15.0,1073.0,-3.75,
720575940625843262,central,unknown,0.0,6.442763241109999e-07,24.06979580122181,1202.0,70.0,144.0,11.0,1346.0,-4.28,
720575940609393732,sensory,olfactory,0.0,0.0,24.0,0.0,0.0,72.0,7.0,72.0,-0.0,
720575940618110021,central,Kenyon_Cell,0.0,0.0,24.371686428098855,126.0,8.0,32.0,1.0,158.0,-3.88,
720575940625384521,central,unknown,0.0,0.0,24.376588367105583,23.0,4.0,19.0,3.0,42.0,-3.82,
720575940627645514,descending,unknown,0.0,0.0,20.06336898928044,466.0,30.0,0.0,0.0,466.0,-5.49,
720575940617684054,central,unknown,0.0,4.896336806198148e-09,23.56608069826175,329.0,14.0,143.0,14.0,472.0,-5.11,
720575940629644375,sensory,olfactory,0.0,0.0,25.13027818634589,32.0,2.0,64.0,6.0,96.0,-0.0,
720575940620305499,central,Kenyon_Cell,0.0,0.0,24.7230016684166,123.0,6.0,19.0,1.0,142.0,-3.29,
720575940618142813,central,ALPN,0.0,4.4977763931563786e-08,24.651904948079025,130.0,15.0,232.0,20.0,362.0,-3.16,
720575940620305502,central,Kenyon_Cell,0.0,1.8394074023845986e-10,24.28678443048486,48.0,4.0,48.0,4.0,96.0,-4.34,
720575940635116639,central,unknown,0.0,1.103560483246618e-09,24.428146354048582,105.0,10.0,94.0,10.0,199.0,-3.73,
720575940634461280,central,unknown,0.0,4.904601332221305e-11,23.17113394956645,165.0,17.0,72.0,6.0,237.0,-4.79,
720575940620567661,central,Kenyon_Cell,0.0,4.3776356883731055e-09,24.573603708473488,128.0,6.0,19.0,2.0,147.0,-3.03,
720575940649501817,central,Kenyon_Cell,0.0,0.0,24.596301778714604,107.0,6.0,17.0,1.0,124.0,-3.43,
720575940620141691,central,unknown,0.0,0.0,24.4396599967716,32.0,5.0,28.0,3.0,60.0,-3.36,
720575940632036492,central,unknown,0.0,4.543021875976893e-08,24.51735720485255,826.0,54.0,224.0,18.0,1050.0,-3.31,
720575940635903118,central,unknown,0.0,0.0,22.122912638436837,266.0,14.0,206.0,11.0,472.0,-5.28,
720575940627154063,sensory,olfactory,0.0,3.406372279577109e-06,25.113719981848845,57.0,7.0,225.0,15.0,282.0,-0.0,
720575940636624014,central,unknown,0.0,0.0,23.18143750762477,49.0,6.0,68.0,6.0,117.0,-5.62,
720575940609950869,central,Kenyon_Cell,0.0,0.0,24.58212140255711,139.0,8.0,26.0,1.0,165.0,-2.97,
720575940625581208,sensory,olfactory,0.0,0.0,25.090073653005437,22.0,3.0,8.0,1.0,30.0,-0.0,
720575940626826392,central,unknown,0.0,5.720835117567652e-11,22.18717895497714,237.0,17.0,200.0,19.0,437.0,-6.19,
720575940619388062,sensory,olfactory,0.0,0.0,24.0,0.0,0.0,30.0,3.0,30.0,-0.0,
720575940618306718,central,Kenyon_Cell,0.0,0.0,24.710662141206544,147.0,7.0,19.0,1.0,166.0,-2.99,
720575940655891617,central,unknown,0.0,0.0,21.32199600167616,162.0,17.0,815.0,34.0,977.0,-5.61,
720575940632429732,central,unknown,0.0,0.0,24.16483595810693,77.0,6.0,34.0,4.0,111.0,-3.23,
720575940632462500,central,unknown,0.0,1.8664409845677025e-08,24.205061187024437,57.0,6.0,114.0,14.0,171.0,-3.66,
720575940619420838,central,unknown,0.0,0.0,23.83141081860874,51.0,7.0,66.0,8.0,117.0,-3.77,
720575940611720362,sensory,thermosensory,0.0,5.07897961066222e-07,24.64278945833328,338.0,19.0,728.0,35.0,1066.0,-3.25,
720575940603167916,central,unknown,0.0,0.0,23.88625057044506,11.0,2.0,0.0,0.0,11.0,-3.05,
720575940631741613,central,Kenyon_Cell,0.0,0.0,24.7000062903842,156.0,8.0,35.0,2.0,191.0,-2.82,
720575940605559986,central,Kenyon_Cell,0.0,0.0,24.42441680191198,42.0,4.0,21.0,1.0,63.0,-3.41,
720575940623353013,central,Kenyon_Cell,0.0,0.0,24.2169800889501,33.0,3.0,16.0,1.0,49.0,-3.8,
720575940620993718,sensory,olfactory,0.0,0.0,25.1055490729865,5.0,1.0,43.0,7.0,48.0,-0.0,
720575940621321412,central,Kenyon_Cell,0.0,0.0,24.678140655808,71.0,6.0,13.0,1.0,84.0,-2.97,
720575940630955205,central,unknown,0.0,2.838713208209513e-07,24.28105399323212,494.0,45.0,298.0,35.0,792.0,-3.62,
720575940643931336,sensory,olfactory,0.0,0.0,25.145254193196877,10.0,2.0,47.0,4.0,57.0,-0.0,
720575940624860362,central,unknown,0.0,0.0,22.057819487014086,59.0,8.0,18.0,2.0,77.0,-5.01,
720575940611196110,central,Kenyon_Cell,0.0,9.527865681416628e-11,24.54273356400608,60.0,3.0,54.0,4.0,114.0,-3.46,
720575940612375761,central,LHLN,0.0,0.0,24.884096265803496,18.0,1.0,29.0,3.0,47.0,-2.82,
720575940608148693,central,Kenyon_Cell,0.0,9.35837683888553e-10,24.38534775991208,48.0,5.0,23.0,2.0,71.0,-3.75,
720575940631381212,central,unknown,0.0,1.8837457137411613e-08,22.95763885207307,283.0,13.0,597.0,7.0,880.0,-4.07,
720575940638360798,central,unknown,0.0,1.3422237472345672e-06,20.12522707722564,435.0,19.0,73.0,6.0,508.0,-5.82,
720575940603430112,sensory,olfactory,0.0,0.0,25.084238844032885,5.0,1.0,83.0,11.0,88.0,-0.0,
720575940603659488,sensory,olfactory,0.0,5.393770322918987e-11,25.158382787406445,38.0,6.0,76.0,6.0,114.0,-0.0,
720575940614079715,central,unknown,2.6487466594338225e-07,1.1716030531976976e-08,21.402206443806502,624.0,33.0,130.0,8.0,754.0,-5.18,
720575940637050084,central,unknown,0.0,2.5492794655102073e-08,24.46609464135748,447.0,40.0,138.0,17.0,585.0,-3.47,
720575940637869284,central,Kenyon_Cell,0.0,0.0,24.631810850811824,101.0,6.0,21.0,1.0,122.0,-3.37,
720575940616275174,sensory,olfactory,0.0,2.459857198928513e-09,25.12589099232541,60.0,5.0,125.0,10.0,185.0,-0.0,
720575940638983401,central,unknown,0.0,1.0023064598825412e-09,24.022311336740025,18.0,2.0,14.0,2.0,32.0,-2.88,
720575940624663788,central,unknown,0.0,3.9028487325820425e-07,24.22586786221217,185.0,18.0,123.0,15.0,308.0,-3.58,
720575940622599408,central,unknown,0.0,1.4160483592137696e-06,22.895552169607768,571.0,45.0,105.0,9.0,676.0,-4.73,
720575940621747444,central,unknown,0.0,5.92351536361142e-10,23.332422947047228,205.0,15.0,511.0,34.0,716.0,-5.5,
720575940640851189,sensory,olfactory,0.0,0.0,25.109140050777956,15.0,3.0,54.0,6.0,69.0,-0.0,
720575940639278325,central,Kenyon_Cell,0.0,0.0,24.107170203376075,39.0,3.0,19.0,1.0,58.0,-3.9,
720575940635280632,central,unknown,0.0,2.87644041550693e-10,24.04451431487305,582.0,45.0,128.0,13.0,710.0,-4.06,
720575940622042373,central,unknown,0.0,4.951701800915178e-07,21.17802625105318,67.0,7.0,37.0,4.0,104.0,-5.47,
720575940608214281,central,unknown,0.0,2.344217196797473e-07,24.4271295277403,281.0,25.0,131.0,10.0,412.0,-4.04,
720575940626138378,sensory,olfactory,0.0,0.0,25.14186321473966,7.0,1.0,63.0,3.0,70.0,-0.0,
720575940622894349,central,Kenyon_Cell,0.0,0.0,24.515312635864905,106.0,7.0,27.0,1.0,133.0,-3.28,
720575940628071696,central,unknown,0.0,2.9363824248477523e-08,22.553215594780998,258.0,20.0,90.0,14.0,348.0,-5.13,
720575940627383569,central,unknown,0.0,1.122173287172854e-07,22.23983083954148,942.0,58.0,146.0,15.0,1088.0,-5.24,
720575940613588246,visual_centrifugal,unknown,0.0,1.2505568905142e-09,21.173050218717208,542.0,39.0,41.0,5.0,583.0,-5.58,
720575940611327254,central,Kenyon_Cell,0.0,0.0,24.23455474132829,23.0,2.0,36.0,3.0,59.0,-4.15,
720575940627121436,central,unknown,0.0,0.0,24.46033368995545,119.0,12.0,98.0,14.0,217.0,-3.46,
720575940617094429,sensory,olfactory,0.0,0.0,25.104647182930947,36.0,4.0,135.0,8.0,171.0,-0.0,
720575940605494560,central,unknown,3.6817578566130135e-05,4.738376332550839e-07,20.34937594799821,443.0,13.0,2038.0,38.0,2481.0,-6.14,
720575940624958757,sensory,olfactory,0.0,0.0,25.11134458439155,55.0,5.0,100.0,7.0,155.0,-0.0,
720575940631708973,central,unknown,2.387845113479591e-05,1.855862507627161e-06,22.026127354977906,545.0,19.0,266.0,14.0,811.0,-5.33,
720575940630824239,sensory,olfactory,0.0,0.0,25.036027787410788,6.0,1.0,14.0,2.0,20.0,-0.0,
720575940615980338,central,Kenyon_Cell,0.0,0.0,24.69146322393817,99.0,8.0,22.0,2.0,121.0,-3.2,
720575940631512376,sensory,olfactory,0.0,0.0,25.094836432103133,31.0,4.0,81.0,5.0,112.0,-0.0,
720575940614866235,central,unknown,0.0,0.0,24.202997838285786,320.0,30.0,442.0,22.0,762.0,-4.15,
720575940616799547,central,unknown,0.0,0.0,24.5744524891402,70.0,8.0,6.0,1.0,76.0,-3.46,
720575940639114557,sensory,olfactory,0.0,0.0,24.0,0.0,0.0,48.0,8.0,48.0,-0.0,
720575940630168892,central,unknown,0.0,2.500285921185352e-09,23.767157365042078,139.0,12.0,300.0,26.0,439.0,-4.29,
720575940609590596,sensory,olfactory,0.0,5.393770322918987e-11,25.125425997671982,21.0,4.0,117.0,11.0,138.0,-0.0,
720575940616930629,central,Kenyon_Cell,0.0,1.8394074023845986e-10,24.01481030950436,43.0,2.0,51.0,3.0,94.0,-4.4,
720575940637148486,central,Kenyon_Cell,0.0,1.6560755664331642e-09,24.194507827059084,39.0,4.0,39.0,3.0,78.0,-3.97,
720575940625286473,central,LHLN,0.0,0.0,24.586594251469787,278.0,24.0,132.0,18.0,410.0,-2.97,
720575940622009676,central,unknown,0.0,0.0,22.136663444610683,20.0,2.0,5.0,1.0,25.0,-4.2,
720575940632692051,central,LHLN,0.0,6.7799478367367165e-09,24.27182695614581,98.0,11.0,26.0,5.0,124.0,-3.13,
720575940634953055,central,Kenyon_Cell,0.0,0.0,24.797619887487212,133.0,6.0,26.0,2.0,159.0,-3.2,
720575940604675430,sensory,olfactory,0.0,1.058486429369539e-07,25.11597151117938,22.0,3.0,189.0,12.0,211.0,-0.0,
720575940612506994,central,unknown,0.0,0.0,20.866573151679653,70.0,7.0,49.0,7.0,119.0,-5.25,
720575940637574515,central,unknown,1.059498663773529e-07,6.578538025610311e-09,23.226671407444854,383.0,17.0,863.0,50.0,1246.0,-5.4,
720575940614899061,central,Kenyon_Cell,0.0,0.0,24.536690482231744,45.0,4.0,40.0,2.0,85.0,-3.64,
720575940630758782,central,unknown,0.0,0.0,23.10718560533391,29.0,3.0,27.0,3.0,56.0,-5.4,
720575940640097664,central,LHLN,0.0,1.5476300005873402e-09,24.764972414321683,747.0,37.0,442.0,43.0,1189.0,-3.08,
720575940639868288,central,Kenyon_Cell,0.0,0.0,24.602066704452824,69.0,4.0,16.0,1.0,85.0,-3.31,
720575940607001986,central,ALPN,0.0,1.5198059798760547e-09,24.762695237917697,19.0,2.0,171.0,16.0,190.0,-3.74,
720575940606641538,central,LHLN,0.0,0.0,24.476017878030493,224.0,16.0,34.0,4.0,258.0,-3.8,
720575940622075274,central,Kenyon_Cell,0.0,7.518969436500936e-10,24.14801971227497,69.0,3.0,77.0,4.0,146.0,-4.41,
720575940625614224,central,Kenyon_Cell,0.0,0.0,24.655695439948587,61.0,5.0,21.0,1.0,82.0,-3.3,
720575940614342038,descending,unknown,0.0,3.08591431420453e-08,20.80532570066316,211.0,15.0,5.0,1.0,216.0,-5.92,
720575940633642391,sensory,olfactory,0.0,7.300454738826309e-08,25.11403203191589,49.0,7.0,213.0,15.0,262.0,-0.0,
720575940628006296,central,unknown,7.813802645329776e-07,9.814321387282609e-09,22.767281348941477,634.0,36.0,1890.0,83.0,2524.0,-5.15,
720575940630005147,central,unknown,0.0,2.228535983435986e-09,22.26753098668342,1208.0,53.0,469.0,29.0,1677.0,-5.86,
720575940627449243,central,Kenyon_Cell,0.0,0.0,24.67781892653108,136.0,9.0,25.0,2.0,161.0,-3.26,
720575940614833567,sensory,olfactory,0.0,0.0,25.109357511355743,43.0,6.0,102.0,7.0,145.0,-0.0,
720575940624598460,sensory,olfactory,0.0,0.0,25.118557370430445,6.0,1.0,64.0,6.0,70.0,-0.0,
720575940603889086,central,unknown,0.0,0.0,20.946085249548837,116.0,8.0,173.0,8.0,289.0,-6.16,
720575940635837887,central,unknown,8.475989310188232e-07,3.00058576108533e-07,20.924590807569874,552.0,23.0,569.0,29.0,1121.0,-5.77,
720575940629677509,sensory,olfactory,0.0,0.0,25.105480846028133,26.0,4.0,165.0,11.0,191.0,-0.0,
720575940630726085,central,Kenyon_Cell,0.0,0.0,24.671161381630863,124.0,7.0,16.0,1.0,140.0,-3.14,
720575940632659404,central,unknown,0.0,0.0,19.954135772619622,283.0,12.0,163.0,7.0,446.0,-5.37,
720575940630726095,sensory,olfactory,0.0,2.1948352040801138e-10,25.07906669820444,11.0,2.0,82.0,5.0,93.0,-0.0,
720575940613785041,sensory,olfactory,0.0,3.4612763345055437e-10,25.09791012512388,16.0,2.0,94.0,10.0,110.0,-0.0,
720575940622403030,central,Kenyon_Cell,0.0,0.0,24.487115448154764,72.0,6.0,33.0,1.0,105.0,-3.85,
720575940629611996,sensory,olfactory,0.0,8.059937801110317e-08,25.136176609013344,64.0,7.0,128.0,11.0,192.0,-0.0,
720575940636820958,central,LHCENT,0.0,0.0,23.234758188976578,149.0,15.0,38.0,5.0,187.0,-4.46,
720575940614014431,sensory,olfactory,0.0,2.5990700219320183e-09,25.11909271695186,34.0,5.0,108.0,7.0,142.0,-0.0,
720575940624041447,central,Kenyon_Cell,0.0,0.0,24.650291782342887,106.0,6.0,18.0,1.0,124.0,-3.16,
720575940620469742,central,Kenyon_Cell,0.0,0.0,24.544254259790705,51.0,4.0,18.0,1.0,69.0,-3.29,
720575940610999794,sensory,olfactory,0.0,0.0,25.118557370430445,6.0,1.0,59.0,5.0,65.0,-0.0,
720575940624532979,central,Kenyon_Cell,0.0,0.0,24.31818776667201,78.0,6.0,29.0,1.0,107.0,-3.96,
720575940621649396,central,unknown,0.0,0.0,24.04404896531671,63.0,6.0,42.0,6.0,105.0,-3.18,
720575940641015285,central,Kenyon_Cell,0.0,0.0,24.75132239024631,146.0,10.0,24.0,1.0,170.0,-3.03,
720575940611229170,central,unknown,0.0,0.0,23.828777623624195,5.0,1.0,45.0,2.0,50.0,-4.89,
720575940629153274,sensory,olfactory,0.0,6.074324948291191e-10,25.12304038665204,56.0,7.0,127.0,10.0,183.0,-0.0,
720575940628071939,central,unknown,0.0,0.0,22.317783773820707,114.0,12.0,45.0,3.0,159.0,-5.19,
720575940614735372,sensory,olfactory,0.0,0.0,25.12654718321345,62.0,8.0,96.0,6.0,158.0,-0.0,
720575940619093524,sensory,olfactory,0.0,0.0,25.13558260744223,45.0,8.0,68.0,4.0,113.0,-0.0,
720575940621256212,central,ALPN,2.1097267142390398e-05,1.967091410365254e-05,24.91968591408205,1107.0,70.0,1561.0,122.0,2668.0,-1.46,
720575940622894616,central,unknown,7.946239978301468e-08,8.545499211868909e-06,24.575494286004226,1505.0,75.0,187.0,19.0,1692.0,-3.29,
720575940619978266,central,Kenyon_Cell,0.0,0.0,24.584513981088925,100.0,6.0,25.0,1.0,125.0,-3.13,
720575940624565788,central,Kenyon_Cell,0.0,0.0,24.456531102674035,101.0,7.0,21.0,1.0,122.0,-3.54,
720575940631741983,sensory,olfactory,0.0,0.0,25.0987441964208,14.0,2.0,69.0,5.0,83.0,-0.0,
720575940622009889,central,unknown,0.0,8.233029399765712e-09,23.80033961138696,218.0,25.0,121.0,12.0,339.0,-4.86,
720575940624205353,central,unknown,0.0,7.608924967090031e-08,24.19386048693696,439.0,37.0,325.0,22.0,764.0,-3.92,
720575940632200749,central,unknown,0.0,8.850222394128867e-07,21.56701303243121,43.0,7.0,515.0,30.0,558.0,-4.76,
720575940613785139,central,unknown,0.0,0.0,24.474883588783182,147.0,15.0,72.0,6.0,219.0,-3.69,
720575940646094388,sensory,olfactory,0.0,0.0,25.119617203370964,45.0,5.0,105.0,9.0,150.0,-0.0,
720575940646880820,central,unknown,0.0,0.0,23.90266889940852,209.0,15.0,168.0,13.0,377.0,-4.59,
720575940646192692,central,unknown,2.3534114069069517e-05,1.214395298848289e-06,21.689405471356707,533.0,13.0,193.0,14.0,726.0,-5.34,
720575940638885429,central,unknown,5.562367984811027e-07,8.5897253267712e-09,23.716670315726677,511.0,25.0,303.0,20.0,814.0,-4.67,
720575940617160251,central,unknown,0.0,1.0589887037213309e-07,24.506883020607717,515.0,34.0,118.0,16.0,633.0,-3.15,
720575940637509190,central,LHLN,0.0,3.9253397391479416e-08,24.449100739706587,262.0,20.0,341.0,28.0,603.0,-3.75,
720575940624041545,central,Kenyon_Cell,0.0,0.0,24.66242286137072,87.0,5.0,19.0,1.0,106.0,-3.19,
720575940624107081,central,unknown,0.0,7.349825895156934e-09,24.504164045663327,256.0,28.0,127.0,16.0,383.0,-3.55,
720575940622272076,central,Kenyon_Cell,0.0,0.0,24.756255477843204,102.0,6.0,18.0,1.0,120.0,-2.89,
720575940633151057,central,LHCENT,0.0,9.851232553695894e-10,22.96981778378988,66.0,7.0,37.0,6.0,103.0,-4.21,
720575940627383890,central,unknown,0.0,0.0,24.468712220936432,130.0,17.0,23.0,2.0,153.0,-3.7,
720575940632692307,central,unknown,0.0,0.0,24.367643265514467,285.0,27.0,61.0,8.0,346.0,-3.83,
720575940632135249,central,Kenyon_Cell,0.0,0.0,24.599739150679067,100.0,7.0,17.0,1.0,117.0,-3.15,
720575940616144470,central,unknown,0.0,2.7591111035768976e-10,21.708112691855096,137.0,10.0,110.0,13.0,247.0,-4.88,
720575940629677655,sensory,olfactory,0.0,0.0,25.129158075574463,22.0,3.0,118.0,8.0,140.0,-0.0,
720575940608116316,central,unknown,0.0,1.8716007759630623e-09,24.49157681703146,454.0,42.0,57.0,8.0,511.0,-3.57,
720575940605625958,central,unknown,0.0,1.507183478070853e-08,24.03607761897919,398.0,46.0,183.0,18.0,581.0,-3.86,
720575940628137577,central,unknown,0.0,0.0,24.04906104667815,14.0,2.0,103.0,10.0,117.0,-3.9,
720575940629710444,sensory,olfactory,0.0,4.701843070223652e-09,25.109937468616177,60.0,7.0,123.0,8.0,183.0,-0.0,
720575940631119468,central,unknown,0.0,1.637810479808037e-07,21.46892863418961,271.0,15.0,215.0,11.0,486.0,-5.51,
720575940636165743,sensory,olfactory,0.0,0.0,24.0,0.0,0.0,46.0,7.0,46.0,-0.0,
720575940634429039,central,Kenyon_Cell,0.0,0.0,24.50674393298955,87.0,7.0,23.0,2.0,110.0,-3.07,
720575940611229297,central,Kenyon_Cell,0.0,0.0,24.653703699468625,116.0,7.0,19.0,1.0,135.0,-3.26,
720575940631217782,sensory,olfactory,0.0,4.273050234692462e-09,25.13002143507428,114.0,10.0,210.0,14.0,324.0,-0.0,
720575940611655288,central,Kenyon_Cell,0.0,0.0,24.72374551243532,105.0,7.0,22.0,2.0,127.0,-3.17,
720575940648191609,sensory,olfactory,0.0,1.9483279527074615e-07,25.114696765362684,36.0,6.0,139.0,11.0,175.0,-0.0,
720575940620273279,central,Kenyon_Cell,0.0,0.0,24.44823710653084,48.0,3.0,59.0,3.0,107.0,-3.58,
720575940660217473,central,ALLN,0.0,1.7727791032994125e-06,24.60280032916484,3077.0,163.0,4429.0,200.0,7506.0,-3.63,
720575940659857025,central,unknown,0.0,0.0,23.885604767455288,78.0,8.0,18.0,3.0,96.0,-4.18,
720575940621616776,central,Kenyon_Cell,0.0,0.0,24.67594027879706,89.0,5.0,23.0,1.0,112.0,-2.94,
720575940627711631,central,unknown,0.0,1.892630805540707e-09,24.38908067938029,146.0,17.0,162.0,18.0,308.0,-3.47,
720575940623353488,sensory,olfactory,0.0,1.703795711958646e-09,25.09935296666893,56.0,7.0,162.0,10.0,218.0,-0.0,
720575940616504977,central,unknown,0.0,6.0922278149125e-07,21.148564169253817,470.0,23.0,109.0,6.0,579.0,-5.83,
720575940634035863,central,ALPN,0.0,4.4679158570876255e-09,24.66453684071701,247.0,11.0,457.0,27.0,704.0,-2.65,
720575940614309535,central,ALPN,2.767940259108344e-06,2.037285085678596e-06,24.48245926516181,500.0,49.0,1226.0,99.0,1726.0,-2.32,
720575940643407520,sensory,olfactory,0.0,5.964479617214969e-11,25.0838296226468,30.0,4.0,39.0,3.0,69.0,-0.0,
720575940643473056,central,Kenyon_Cell,0.0,0.0,24.22565192318467,43.0,2.0,48.0,2.0,91.0,-3.89,
720575940613359266,central,Kenyon_Cell,0.0,0.0,24.354781963370996,55.0,4.0,28.0,1.0,83.0,-3.69,
720575940639442595,sensory,olfactory,0.0,1.1285276821916174e-08,25.118557370430445,7.0,1.0,51.0,5.0,58.0,-0.0,
720575940632102564,central,unknown,0.0,5.2925054048878526e-09,20.53899522601052,40.0,4.0,40.0,3.0,80.0,-5.48,
720575940626368168,central,unknown,0.0,0.0,24.35080079646008,95.0,13.0,49.0,7.0,144.0,-3.23,
720575940632364717,central,Kenyon_Cell,0.0,0.0,24.620316410182475,96.0,7.0,23.0,1.0,119.0,-3.22,
720575940608345778,central,ALLN,3.310933324292278e-07,3.4275909573889694e-07,24.608425564811174,2236.0,94.0,1110.0,109.0,3346.0,-3.31,
720575940607198898,central,ALPN,0.0,9.792479734419742e-10,24.915163775467025,21.0,3.0,109.0,9.0,130.0,-1.97,
720575940634199732,central,Kenyon_Cell,0.0,0.0,24.389266409908025,54.0,4.0,31.0,1.0,85.0,-3.9,
720575940616079035,central,ALPN,2.423603193381948e-05,4.403586357465912e-06,24.832308746501703,2269.0,146.0,3519.0,210.0,5788.0,-2.12,
720575940638492349,central,Kenyon_Cell,0.0,0.0,24.69530699050425,122.0,7.0,19.0,1.0,141.0,-3.02,
720575940605101758,central,ALLN,0.0,1.5747925820684077e-07,23.91300455202952,69.0,7.0,151.0,10.0,220.0,-4.46,
720575940620273344,central,Kenyon_Cell,0.0,0.0,24.623481137406397,137.0,7.0,20.0,1.0,157.0,-3.33,
720575940620175040,central,unknown,0.0,1.5300567644455521e-07,20.93642492572843,212.0,18.0,103.0,8.0,315.0,-5.82,
720575940631742156,central,ALPN,4.886937586655402e-06,1.0598291015452362e-06,24.448419951805867,538.0,46.0,1202.0,65.0,1740.0,-2.64,
720575940630496975,sensory,olfactory,0.0,3.7083695360096693e-09,25.132672317474228,92.0,10.0,169.0,11.0,261.0,-0.0,
720575940616701657,central,Kenyon_Cell,0.0,0.0,24.509353176066885,106.0,8.0,21.0,1.0,127.0,-3.42,
720575940612605667,central,ALPN,7.151615980471321e-07,1.033769184382793e-06,24.80805930440878,672.0,23.0,828.0,48.0,1500.0,-2.68,
720575940636526308,central,LHLN,0.0,1.5582897113859967e-08,24.66236785676268,747.0,28.0,452.0,57.0,1199.0,-3.39,
720575940623943404,central,unknown,0.0,1.7903524130958503e-09,22.15685352970025,77.0,6.0,85.0,8.0,162.0,-4.79,
720575940619519727,sensory,olfactory,0.0,1.048967766228727e-07,25.106845119021017,24.0,4.0,190.0,12.0,214.0,-0.0,
720575940627777265,sensory,olfactory,0.0,0.0,24.0,0.0,0.0,67.0,10.0,67.0,-0.0,
720575940628498161,descending,unknown,0.0,8.256494436564933e-07,21.092519406734745,292.0,17.0,93.0,8.0,385.0,-5.8,
720575940627384049,central,unknown,0.0,1.1443828867600551e-09,23.304703340443535,195.0,24.0,149.0,8.0,344.0,-4.61,
720575940628334342,central,unknown,8.608426643159923e-07,1.1889132612230474e-09,24.05217602809893,881.0,40.0,634.0,80.0,1515.0,-4.02,
720575940621944583,central,Kenyon_Cell,0.0,0.0,24.743810124305597,89.0,6.0,25.0,1.0,114.0,-2.86,
720575940624336647,central,unknown,0.0,2.979291567287828e-07,20.32630709031932,518.0,19.0,711.0,41.0,1229.0,-5.64,
720575940607690507,central,unknown,0.0,0.0,21.118922818796044,108.0,9.0,32.0,4.0,140.0,-6.99,
720575940644914967,central,unknown,0.0,5.168826413567924e-07,21.24946503440217,484.0,17.0,1265.0,34.0,1749.0,-6.04,
720575940633773849,central,Kenyon_Cell,0.0,0.0,24.41781475964216,52.0,3.0,18.0,1.0,70.0,-3.17,
720575940632758041,central,Kenyon_Cell,0.0,0.0,24.43790041297397,48.0,5.0,20.0,1.0,68.0,-3.85,
720575940624402204,central,unknown,0.0,3.950412042234242e-07,21.054130376319208,56.0,7.0,20.0,2.0,76.0,-5.52,
720575940618700573,central,Kenyon_Cell,0.0,0.0,24.091313598816505,31.0,2.0,57.0,3.0,88.0,-4.28,
720575940624500519,sensory,olfactory,0.0,3.1278962471203966e-10,25.14875172787333,41.0,6.0,121.0,9.0,162.0,-0.0,
720575940619552561,central,unknown,0.0,0.0,24.08748979643233,37.0,5.0,0.0,0.0,37.0,-3.46,
720575940615980850,central,Kenyon_Cell,0.0,0.0,24.671932847058645,73.0,8.0,28.0,2.0,101.0,-3.19,
720575940617422641,central,ALPN,0.0,2.215966056393121e-09,23.02322294739562,338.0,20.0,589.0,40.0,927.0,-4.85,
720575940631840568,central,Kenyon_Cell,0.0,0.0,24.69070215840945,95.0,7.0,21.0,1.0,116.0,-3.13,
720575940619028289,central,Kenyon_Cell,0.0,0.0,24.45502080128964,89.0,6.0,11.0,1.0,100.0,-3.32,
720575940619421505,central,Kenyon_Cell,0.0,0.0,24.57515508784044,137.0,6.0,42.0,1.0,179.0,-3.31,
720575940628301642,central,unknown,0.0,7.591399405460862e-10,24.561786193490057,376.0,31.0,157.0,16.0,533.0,-3.38,
720575940632364881,sensory,olfactory,0.0,0.0,25.14775896021631,22.0,4.0,46.0,5.0,68.0,-0.0,
720575940626433881,central,unknown,0.0,1.6451389502103422e-06,20.272134739464818,197.0,24.0,218.0,7.0,415.0,-5.89,
720575940620437339,central,ALPN,3.443370657263969e-06,1.623834880594522e-06,24.791657376740066,700.0,74.0,1216.0,94.0,1916.0,-1.62,
720575940618471261,central,unknown,0.0,9.80500974353162e-09,24.146180665303675,53.0,8.0,92.0,9.0,145.0,-4.31,
720575940624467812,central,Kenyon_Cell,0.0,0.0,24.71086731636379,143.0,7.0,31.0,3.0,174.0,-3.11,
720575940636231525,central,unknown,0.0,4.667143684754217e-09,24.486351534148795,281.0,30.0,86.0,11.0,367.0,-3.27,
720575940629055340,central,unknown,0.0,1.4649648926301832e-08,24.35201412292064,31.0,5.0,18.0,3.0,49.0,-3.38,
720575940639246195,sensory,olfactory,0.0,0.0,24.0,0.0,0.0,103.0,8.0,103.0,-0.0,
720575940630497142,central,Kenyon_Cell,0.0,0.0,24.670499964949208,142.0,7.0,28.0,1.0,170.0,-3.38,
720575940635969399,sensory,thermosensory,0.0,1.3506563703096246e-08,24.66196588268959,236.0,14.0,415.0,31.0,651.0,-3.41,
720575940627941242,central,Kenyon_Cell,0.0,0.0,24.273154838723183,27.0,2.0,24.0,2.0,51.0,-4.11,
720575940639672192,central,unknown,0.0,0.0,24.50099760278792,73.0,10.0,29.0,4.0,102.0,-3.9,
720575940660217729,central,ALLN,0.0,3.369225827956521e-07,24.632252197036077,3070.0,125.0,2846.0,135.0,5916.0,-3.92,
720575940657858433,central,ALLN,0.0,2.224552428049795e-06,23.69507618667164,200.0,18.0,817.0,44.0,1017.0,-4.53,
720575940628236169,central,unknown,5.562367984811027e-07,1.6652556855675242e-08,21.072346455803068,1384.0,35.0,655.0,24.0,2039.0,-6.78,
720575940626892687,central,unknown,0.0,0.0,23.044148034708567,13.0,2.0,137.0,9.0,150.0,-3.87,
720575940616439697,sensory,olfactory,0.0,0.0,25.10607172433684,48.0,4.0,179.0,13.0,227.0,-0.0,
720575940617324433,central,Kenyon_Cell,0.0,0.0,24.619445651420875,120.0,7.0,19.0,1.0,139.0,-3.22,
720575940625516436,central,Kenyon_Cell,0.0,0.0,23.63939411128052,100.0,6.0,30.0,2.0,130.0,-4.8,
720575940611098517,central,Kenyon_Cell,0.0,1.4982382958277211e-09,24.207796603963924,35.0,4.0,34.0,2.0,69.0,-3.69,
720575940616210333,central,unknown,0.0,0.0,23.42403291144196,40.0,5.0,0.0,0.0,40.0,-4.56,
720575940620044190,central,LHLN,0.0,0.0,24.63541870386812,159.0,11.0,92.0,11.0,251.0,-3.34,
720575940627318696,sensory,olfactory,0.0,0.0,25.098542103392525,15.0,2.0,22.0,4.0,37.0,-0.0,
720575940628236200,central,LHLN,0.0,1.8850295460558424e-08,24.472781534027455,229.0,23.0,108.0,16.0,337.0,-3.99,
720575940611622826,descending,unknown,0.0,2.492099781695408e-07,21.78072330956244,314.0,19.0,109.0,11.0,423.0,-5.71,
720575940633741229,central,ALLN,0.0,5.675386929055683e-06,24.89578661865029,702.0,89.0,1545.0,98.0,2247.0,-1.25,
720575940622436277,central,ALPN,0.0,0.0,24.53720934909281,36.0,4.0,30.0,4.0,66.0,-2.98,
720575940624435128,central,ALLN,0.0,3.855226391877235e-06,24.586948874010027,2892.0,172.0,4122.0,194.0,7014.0,-3.28,
720575940638623677,central,unknown,0.0,5.324133102538008e-09,20.699053841384146,40.0,4.0,48.0,2.0,88.0,-6.36,
720575940605396926,central,unknown,0.0,0.0,24.27749992708141,306.0,25.0,30.0,4.0,336.0,-4.57,
720575940628432834,central,Kenyon_Cell,0.0,0.0,24.547713872431626,54.0,3.0,27.0,1.0,81.0,-3.55,
720575940619651019,central,Kenyon_Cell,0.0,6.937193631850485e-10,24.500085738048316,55.0,4.0,31.0,2.0,86.0,-3.22,
720575940628694991,central,Kenyon_Cell,0.0,0.0,23.921550441568343,22.0,2.0,18.0,1.0,40.0,-4.35,
720575940632725459,central,Kenyon_Cell,0.0,0.0,24.196324745791955,32.0,2.0,49.0,3.0,81.0,-3.47,
720575940617390036,central,Kenyon_Cell,0.0,0.0,24.57500840307237,119.0,7.0,20.0,1.0,139.0,-3.26,
720575940608313301,central,Kenyon_Cell,0.0,0.0,24.352604846242368,62.0,4.0,28.0,1.0,90.0,-4.04,
720575940618405848,central,unknown,0.0,5.5298036764056006e-08,22.9760366545263,178.0,11.0,80.0,9.0,258.0,-5.09,
720575940611983322,central,Kenyon_Cell,0.0,0.0,24.674531834823625,182.0,9.0,29.0,1.0,211.0,-3.06,
720575940632889313,sensory,olfactory,0.0,1.6577887527717962e-08,25.01355604398833,6.0,1.0,67.0,6.0,73.0,-0.0,
720575940634658785,central,ALPN,0.0,4.968486414361973e-09,24.940629154774783,57.0,8.0,350.0,27.0,407.0,-1.74,
720575940611098595,central,ALLN,0.0,9.637095138748713e-09,24.690466805045528,121.0,13.0,211.0,19.0,332.0,-2.74,
720575940622665707,central,unknown,0.0,0.0,23.56234082128813,79.0,8.0,14.0,2.0,93.0,-4.76,
720575940624631788,central,unknown,0.0,0.0,23.75610187404447,120.0,14.0,54.0,6.0,174.0,-4.57,
720575940624664556,central,unknown,0.0,1.5139116466022556e-10,23.397497492710315,388.0,28.0,133.0,10.0,521.0,-4.88,
720575940628695043,central,unknown,0.0001003874983925,8.562750961999665e-09,22.473374545686507,3836.0,105.0,3177.0,74.0,7013.0,-4.9,
720575940623747086,sensory,olfactory,0.0,0.0,24.0,0.0,0.0,84.0,10.0,84.0,-0.0,
720575940628695056,central,unknown,0.0,0.0,22.63663325253225,592.0,34.0,443.0,13.0,1035.0,-5.25,
720575940622075928,sensory,olfactory,0.0,0.0,24.0,0.0,0.0,38.0,5.0,38.0,-0.0,
720575940626991147,central,ALPN,0.0,2.176470588188573e-06,23.218777279863907,729.0,31.0,659.0,55.0,1388.0,-4.73,
720575940624828464,sensory,olfactory,0.0,0.0,25.10358360255185,10.0,2.0,66.0,8.0,76.0,-0.0,
720575940637050933,central,Kenyon_Cell,0.0,0.0,24.45211037138604,83.0,7.0,21.0,2.0,104.0,-3.81,
720575940630169660,central,unknown,0.0,1.2651049461739734e-07,24.01031155857325,1307.0,88.0,827.0,85.0,2134.0,-4.4,
720575940617390149,sensory,olfactory,0.0,0.0,25.14186321473966,6.0,1.0,52.0,5.0,58.0,-0.0,
720575940617586757,central,ALLN,0.0,3.86155647243143e-07,24.6822151706613,1502.0,104.0,2285.0,137.0,3787.0,-3.46,
720575940623976521,central,Kenyon_Cell,0.0,0.0,24.594587770777963,120.0,7.0,22.0,1.0,142.0,-3.34,
720575940627679306,central,unknown,0.0,0.0,24.494313630518047,20.0,3.0,35.0,3.0,55.0,-3.68,
720575940630759507,central,Kenyon_Cell,0.0,0.0,24.376152021814104,82.0,6.0,23.0,2.0,105.0,-3.17,
720575940633413715,central,unknown,0.0,2.8042716054208865e-08,22.37059916698356,370.0,27.0,198.0,19.0,568.0,-4.42,
720575940639017050,central,ALPN,0.0,1.835835393797012e-06,24.35353712059911,731.0,71.0,1714.0,92.0,2445.0,-4.05,
720575940635052127,central,LHLN,8.078677311273158e-07,6.145437824802379e-09,24.654292786314304,1004.0,50.0,765.0,58.0,1769.0,-3.4,
720575940624894052,central,Kenyon_Cell,0.0,0.0,24.28070849306932,31.0,2.0,49.0,4.0,80.0,-4.0,
720575940635838565,sensory,olfactory,0.0,0.0,25.13074417354622,25.0,2.0,68.0,6.0,93.0,-0.0,
720575940632463464,central,ALPN,0.0,8.322820677576185e-08,24.56137583310512,189.0,22.0,218.0,23.0,407.0,-3.23,
720575940645537902,descending,unknown,2.263354020486201e-05,1.5340679629715717e-06,21.359774083198083,107.0,15.0,265.0,20.0,372.0,-5.48,
720575940615719029,sensory,olfactory,0.0,0.0,25.08530233865602,19.0,3.0,76.0,6.0,95.0,-0.0,
720575940629874806,central,ALPN,0.0,2.3317186722476497e-08,24.51861636201871,97.0,10.0,215.0,18.0,312.0,-3.24,
720575940622600319,central,unknown,0.0,1.3653333296050628e-10,23.74234651586331,393.0,23.0,236.0,14.0,629.0,-4.33,
720575940640032896,central,ALPN,1.4965418625801096e-06,3.015824469728932e-07,24.000625650145693,164.0,15.0,1045.0,102.0,1209.0,-2.86,
720575940660217985,central,ALLN,1.5892479956602933e-07,5.495783519229086e-07,24.592842311319497,2398.0,112.0,1350.0,147.0,3748.0,-3.14,
720575940639836288,central,Kenyon_Cell,0.0,0.0,24.6522443440862,193.0,9.0,24.0,1.0,217.0,-3.06,
720575940648650884,central,ALPN,2.357384526896102e-05,1.3318514483488475e-06,24.822983289652534,5310.0,137.0,9342.0,415.0,14652.0,-2.54,
720575940624140424,visual_projection,unknown,0.0,1.0599563286127394e-09,21.086645665394418,116.0,8.0,390.0,28.0,506.0,-5.38,
720575940623386762,central,Kenyon_Cell,0.0,0.0,24.72742567738017,98.0,6.0,22.0,1.0,120.0,-2.9,
720575940623321226,central,Kenyon_Cell,0.0,0.0,24.67616110365703,106.0,6.0,24.0,1.0,130.0,-3.21,
720575940641704077,central,unknown,0.0,1.6682539863338396e-10,23.2342555634557,79.0,7.0,26.0,3.0,105.0,-4.31,
720575940635838606,central,ALPN,0.0,0.0,24.343398950588597,376.0,35.0,352.0,31.0,728.0,-3.87,
720575940612638866,central,unknown,0.0,3.2887682803637564e-08,21.112526965563355,35.0,5.0,325.0,26.0,360.0,-4.4,
720575940623288467,central,unknown,0.0,9.869772350773264e-09,24.46729471407673,242.0,22.0,33.0,5.0,275.0,-3.57,
720575940625352852,central,unknown,3.2579583911036014e-06,2.5297503028037363e-08,22.35078050995892,1279.0,26.0,391.0,13.0,1670.0,-5.81,
720575940654647457,central,Kenyon_Cell,0.0,1.0920819301526119e-09,24.173908359644354,54.0,4.0,45.0,3.0,99.0,-4.14,
720575940614604962,central,unknown,0.0,0.0,21.64803132654962,56.0,7.0,289.0,23.0,345.0,-5.02,
720575940613752999,central,Kenyon_Cell,0.0,0.0,24.74648291680623,122.0,8.0,24.0,1.0,146.0,-2.83,
720575940623878327,central,Kenyon_Cell,0.0,0.0,24.21449462070301,20.0,2.0,14.0,1.0,34.0,-4.12,
720575940625025207,central,unknown,0.0,3.2697025860708826e-08,24.516909253473,230.0,25.0,137.0,13.0,367.0,-3.4,
720575940629088450,central,Kenyon_Cell,0.0,0.0,24.7348079351468,74.0,6.0,6.0,1.0,80.0,-3.06,
720575940607330499,central,Kenyon_Cell,0.0,0.0,24.365247509603403,42.0,3.0,28.0,1.0,70.0,-3.7,
720575940619749579,central,unknown,0.0,0.0,24.55453256693804,296.0,23.0,103.0,9.0,399.0,-3.25,
720575940612737233,central,Kenyon_Cell,0.0,0.0,24.16197516662416,51.0,3.0,28.0,1.0,79.0,-4.43,
720575940617291993,central,unknown,0.0,1.2804939854739044e-08,24.481214768801788,376.0,36.0,164.0,19.0,540.0,-3.49,
720575940624795879,central,unknown,0.0,0.0,24.332686085235057,89.0,11.0,112.0,9.0,201.0,-3.84,
720575940625909991,central,unknown,0.0,4.5102266184491316e-10,22.13395884153934,124.0,14.0,43.0,4.0,167.0,-5.15,
720575940623943914,sensory,olfactory,0.0,4.9375892621157216e-08,25.097155745616178,38.0,6.0,187.0,13.0,225.0,-0.0,
720575940622567659,central,ALPN,0.0,2.2874574912788553e-08,24.708445211756043,36.0,5.0,144.0,14.0,180.0,-3.51,
720575940621551854,central,ALLN,2.999705591808804e-05,3.167614268488428e-06,24.653484868819305,4300.0,200.0,3803.0,290.0,8103.0,-3.21,
720575940624763123,central,unknown,0.0,1.5331838898333635e-09,23.22971786241761,111.0,13.0,94.0,5.0,205.0,-4.46,
720575940614998270,central,unknown,0.0,2.110606536823116e-09,23.91783659646213,595.0,35.0,1177.0,56.0,1772.0,-4.79,
720575940616866049,sensory,olfactory,0.0,0.0,25.119925987512524,12.0,2.0,104.0,9.0,116.0,-0.0,
720575940608313611,sensory,olfactory,0.0,0.0,25.11359716868535,38.0,5.0,90.0,6.0,128.0,-0.0,
720575940609460491,central,ALPN,1.742875301907455e-05,5.884188108123225e-06,24.793018020485807,3378.0,173.0,5487.0,300.0,8865.0,-1.99,
720575940628072721,central,Kenyon_Cell,0.0,0.0,24.681698315578835,134.0,7.0,29.0,2.0,163.0,-2.82,
720575940617947412,central,unknown,0.0,4.7503426882459475e-09,24.112275474345857,73.0,7.0,52.0,7.0,125.0,-3.92,
720575940621912346,central,Kenyon_Cell,0.0,0.0,24.68654253989724,130.0,7.0,23.0,1.0,153.0,-3.11,
720575940618897693,central,ALPN,0.0,1.662483700377591e-08,24.71616447720228,80.0,8.0,213.0,23.0,293.0,-3.36,
720575940616440098,central,Kenyon_Cell,0.0,0.0,24.439383085948734,48.0,5.0,25.0,1.0,73.0,-3.22,
720575940621814054,central,ALLN,0.0,7.003370027646457e-09,23.650585121060757,334.0,17.0,437.0,24.0,771.0,-4.74,
720575940622403881,sensory,olfactory,0.0,6.155925276677938e-10,25.10904926645714,53.0,7.0,94.0,9.0,147.0,-0.0,
720575940631054634,central,ALPN,9.376563174395732e-06,2.008137583924488e-06,24.907739225435467,994.0,74.0,2235.0,152.0,3229.0,-1.86,
720575940624206121,central,unknown,0.0,0.0,22.092235678616685,528.0,44.0,303.0,16.0,831.0,-5.33,
720575940610509102,central,unknown,0.0,0.0,24.37508316507483,253.0,17.0,66.0,4.0,319.0,-3.93,
720575940624304432,sensory,olfactory,0.0,1.7493179050537946e-09,25.112375162233416,63.0,9.0,126.0,10.0,189.0,-0.0,
720575940624369968,sensory,olfactory,0.0,1.7548295260376763e-10,25.14268418365865,30.0,4.0,75.0,5.0,105.0,-0.0,
720575940617062706,central,unknown,0.0,1.2494088016197274e-10,23.50390986809268,95.0,13.0,53.0,6.0,148.0,-4.26,
720575940646783284,central,Kenyon_Cell,0.0,0.0,24.721824326963915,137.0,6.0,28.0,3.0,165.0,-3.02,
720575940637509941,central,Kenyon_Cell,0.0,0.0,24.290343947113357,50.0,4.0,14.0,1.0,64.0,-3.41,
720575940631447879,ascending,AN,0.0,1.8778619915532903e-06,22.11366043471402,158.0,16.0,1141.0,42.0,1299.0,-4.78,
720575940622698825,central,Kenyon_Cell,0.0,0.0,24.171838066448693,37.0,2.0,37.0,2.0,74.0,-3.95,
720575940630464843,central,unknown,0.0,0.0,22.51843447645648,32.0,6.0,30.0,4.0,62.0,-4.83,
720575940638853454,central,ALLN,0.0,1.7715291399093606e-07,24.42516051301475,431.0,46.0,305.0,21.0,736.0,-4.19,
720575940628269391,central,Kenyon_Cell,0.0,0.0,24.558471914344228,81.0,6.0,15.0,1.0,96.0,-3.27,
720575940617390429,central,unknown,0.0,4.954047706457453e-07,24.34186364209988,101.0,14.0,58.0,5.0,159.0,-3.81,
720575940624894308,central,Kenyon_Cell,0.0,0.0,24.343911742273782,32.0,3.0,29.0,2.0,61.0,-3.68,
720575940605528422,central,Kenyon_Cell,0.0,0.0,24.637536955020835,151.0,8.0,23.0,2.0,174.0,-3.32,
720575940629317991,central,ALPN,0.0,0.0,24.74869048664481,42.0,6.0,36.0,5.0,78.0,-3.22,
720575940630399340,central,Kenyon_Cell,0.0,0.0,24.670932028588304,142.0,9.0,30.0,1.0,172.0,-3.14,
720575940636002679,sensory,olfactory,0.0,0.0,25.14186321473966,11.0,1.0,41.0,4.0,52.0,-0.0,
720575940628564350,sensory,olfactory,0.0,7.896788945019473e-08,25.165313440639498,65.0,5.0,324.0,20.0,389.0,-0.0,
720575940629350782,sensory,olfactory,0.0,4.488717278593203e-09,25.13720543087819,118.0,11.0,143.0,9.0,261.0,-0.0,
720575940639443328,sensory,olfactory,0.0,8.160032838674746e-12,25.05887556187361,5.0,1.0,83.0,8.0,88.0,-0.0,
720575940621650303,central,Kenyon_Cell,0.0,0.0,24.68457720764349,125.0,8.0,24.0,1.0,149.0,-3.11,
720575940625779075,central,unknown,0.0,0.0,22.348316463470884,565.0,18.0,50.0,4.0,615.0,-5.67,
720575940647242116,central,Kenyon_Cell,0.0,0.0,24.68223477098843,114.0,6.0,28.0,2.0,142.0,-3.1,
720575940648683908,central,unknown,0.0,9.052253425990126e-09,24.30824111735561,85.0,9.0,88.0,9.0,173.0,-3.6,
720575940627712399,central,unknown,0.0,1.2296873999228516e-11,24.382513826995023,224.0,23.0,117.0,12.0,341.0,-3.68,
720575940614113682,central,ALLN,0.0,2.5083079802837705e-05,24.567328648468973,562.0,50.0,684.0,35.0,1246.0,-2.37,
720575940623059347,sensory,olfactory,0.0,0.0,25.058861700187855,5.0,1.0,46.0,3.0,51.0,-0.0,
720575940624599444,central,Kenyon_Cell,0.0,0.0,24.611720510901524,133.0,7.0,34.0,2.0,167.0,-3.21,
720575940610836885,central,ALLN,1.3243733297169112e-08,1.1494930116489197e-07,23.929541572731527,303.0,15.0,462.0,24.0,765.0,-4.95,
720575940622731667,central,unknown,0.0,0.0,20.991833541299364,66.0,9.0,51.0,6.0,117.0,-5.81,
720575940634364311,central,ALLN,0.0,4.203970233121594e-09,24.22902878851535,19.0,3.0,128.0,18.0,147.0,-3.67,
720575940629023131,central,unknown,7.946239978301468e-08,2.381951907444186e-09,23.17959348739556,315.0,31.0,484.0,33.0,799.0,-5.29,
720575940619061662,central,ALLN,4.714769053792204e-06,1.3009583114547003e-05,24.523626969657105,892.0,82.0,2125.0,72.0,3017.0,-1.87,
720575940654483873,central,Kenyon_Cell,0.0,0.0,24.582741478659557,117.0,9.0,19.0,1.0,136.0,-3.41,
720575940614932898,sensory,olfactory,0.0,0.0,24.0,0.0,0.0,29.0,3.0,29.0,-0.0,
720575940626139560,central,Kenyon_Cell,0.0,0.0,24.36760638170852,54.0,4.0,29.0,1.0,83.0,-3.82,
720575940620634537,sensory,hygrosensory,0.0,2.643257334692943e-07,24.67626456084991,89.0,8.0,178.0,18.0,267.0,-3.53,
720575940633938349,central,ALLN,0.0,3.53457046018978e-07,24.682613570191187,3901.0,156.0,3708.0,150.0,7609.0,-3.94,
720575940638624189,central,ALPN,5.271005852273307e-06,5.699288780170724e-06,24.783445999011967,1953.0,121.0,2751.0,168.0,4704.0,-2.18,
720575940626860487,sensory,olfactory,0.0,0.0,25.118557370430445,8.0,1.0,108.0,12.0,116.0,-0.0,
720575940606773705,central,Kenyon_Cell,0.0,0.0,24.754253314108738,144.0,8.0,19.0,1.0,163.0,-3.17,
720575940606806473,central,unknown,1.3243733297169113e-07,3.8234187413698173e-07,22.787923175498896,374.0,31.0,156.0,8.0,530.0,-5.09,
720575940619684299,central,Kenyon_Cell,0.0,4.4426839006816823e-10,24.483036916774783,53.0,3.0,41.0,3.0,94.0,-4.03,
720575940623223245,central,unknown,0.0,3.935451299999049e-07,20.572810242882607,107.0,12.0,107.0,9.0,214.0,-5.79,
720575940639836624,sensory,olfactory,0.0,0.0,25.14186321473966,5.0,1.0,74.0,8.0,79.0,-0.0,
720575940608969173,central,unknown,0.0,8.618387410110285e-08,24.727271769792768,28.0,5.0,12.0,2.0,40.0,-2.92,
720575940628924887,central,Kenyon_Cell,0.0,0.0,24.227937242361357,33.0,3.0,45.0,3.0,78.0,-4.21,
720575940618865112,central,ALPN,1.3972138628513412e-05,3.473751626018123e-06,24.738619478029925,4202.0,158.0,4265.0,252.0,8467.0,-2.39,
720575940630366684,central,unknown,0.0,3.444358519850797e-11,24.724286998602444,103.0,12.0,53.0,8.0,156.0,-3.05,
720575940628367836,central,Kenyon_Cell,0.0,0.0,24.042738739180187,48.0,4.0,35.0,2.0,83.0,-4.57,
720575940611394019,central,Kenyon_Cell,0.0,0.0,24.6269857192629,87.0,8.0,24.0,1.0,111.0,-3.13,
720575940638099940,sensory,olfactory,0.0,0.0,24.0,0.0,0.0,56.0,9.0,56.0,-0.0,
720575940611885541,sensory,olfactory,0.0,0.0,25.12001415482792,10.0,2.0,90.0,9.0,100.0,-0.0,
720575940612344293,central,Kenyon_Cell,0.0,0.0,24.75611363108979,118.0,10.0,43.0,2.0,161.0,-3.11,
720575940637510121,central,ALLN,0.0,5.441531312993004e-09,24.83476795972183,20.0,2.0,56.0,7.0,76.0,-3.01,
720575940624665068,central,LHLN,0.0,0.0,24.5159228091521,297.0,18.0,149.0,20.0,446.0,-3.17,
720575940640262645,sensory,olfactory,0.0,1.5399805881796744e-08,25.095261559954505,10.0,2.0,70.0,6.0,80.0,-0.0,
720575940651502070,sensory,olfactory,0.0,2.613048613785647e-10,25.10276993610156,5.0,1.0,82.0,8.0,87.0,-0.0,
720575940616800780,central,ALPN,0.0,0.0,24.70403981999244,80.0,9.0,181.0,16.0,261.0,-3.13,
720575940622928397,central,Kenyon_Cell,0.0,0.0,24.680454718525816,50.0,5.0,13.0,1.0,63.0,-3.13,
720575940627450385,central,Kenyon_Cell,0.0,0.0,24.53276863149061,71.0,7.0,20.0,1.0,91.0,-3.59,
720575940627286545,central,unknown,0.0,0.0,24.19891144402118,33.0,4.0,8.0,1.0,41.0,-3.43,
720575940627221011,central,unknown,0.0,0.0,24.161503227748334,390.0,33.0,184.0,18.0,574.0,-3.71,
720575940626663953,central,unknown,0.0,2.4796950229093032e-08,20.855131349333337,557.0,32.0,669.0,12.0,1226.0,-5.42,
720575940612803094,central,unknown,0.0,7.47809319543599e-09,24.416477963360187,993.0,64.0,249.0,24.0,1242.0,-3.85,
720575940626958878,central,unknown,0.0,5.350987102666402e-06,24.47212927955273,712.0,50.0,183.0,16.0,895.0,-3.41,
720575940633446943,central,unknown,0.0,0.0,24.15911379778772,6.0,1.0,0.0,0.0,6.0,-3.03,
720575940620831265,sensory,olfactory,0.0,0.0,25.09493315394917,23.0,3.0,63.0,4.0,86.0,-0.0,
720575940612704802,sensory,olfactory,0.0,8.124989752864485e-11,25.117660642460272,35.0,6.0,98.0,10.0,133.0,-0.0,
720575940617030178,central,ALPN,0.0,0.0,24.66845801643495,92.0,8.0,86.0,9.0,178.0,-3.32,
720575940623321638,central,unknown,0.0,2.806234396102398e-08,24.29802224003207,165.0,22.0,96.0,12.0,261.0,-3.69,
720575940613622312,central,Kenyon_Cell,0.0,0.0,24.15307914913249,33.0,2.0,30.0,1.0,63.0,-4.4,
720575940630989354,central,ALPN,1.4965418625801096e-06,2.812183808478176e-06,24.32264758526559,308.0,36.0,1302.0,106.0,1610.0,-2.41,
720575940628597291,sensory,olfactory,0.0,2.693793500413089e-09,25.093763182392006,88.0,11.0,160.0,11.0,248.0,-0.0,
720575940626729515,central,Kenyon_Cell,0.0,0.0,24.554991969053027,103.0,8.0,17.0,1.0,120.0,-3.26,
720575940627483179,central,Kenyon_Cell,0.0,0.0,24.34905499770636,37.0,3.0,50.0,4.0,87.0,-4.09,
720575940628630059,central,unknown,0.0,0.0,23.888905145008845,159.0,10.0,28.0,3.0,187.0,-4.55,
720575940619258417,central,unknown,0.0,3.3845782147494487e-10,23.904339346703164,475.0,23.0,470.0,47.0,945.0,-4.96,
720575940619553329,central,unknown,0.0,0.0,22.47638763025351,269.0,28.0,113.0,10.0,382.0,-5.07,
720575940612049459,central,ALLN,0.0,0.0,24.26469312365158,92.0,10.0,259.0,24.0,351.0,-3.61,
720575940618930737,central,unknown,0.0,1.5357072112185834e-08,20.010166848122847,363.0,13.0,43.0,4.0,406.0,-6.53,
720575940639181365,central,unknown,0.0,6.3643569565244595e-09,24.526765204803706,332.0,23.0,301.0,27.0,633.0,-3.32,
720575940637477439,central,unknown,0.0,9.312425788355728e-11,23.36178199241362,41.0,5.0,40.0,4.0,81.0,-4.15,
720575940618373701,central,LHLN,0.0,3.344326886495115e-09,24.540043834252486,493.0,38.0,162.0,22.0,655.0,-3.51,
720575940616211013,central,unknown,0.0,8.238055750922943e-09,19.1757936004712,305.0,8.0,144.0,12.0,449.0,-6.72,
720575940625910354,central,Kenyon_Cell,0.0,0.0,24.661225882717112,69.0,6.0,28.0,1.0,97.0,-3.43,
720575940608281180,central,Kenyon_Cell,0.0,0.0,24.37610423002695,28.0,3.0,37.0,2.0,65.0,-3.69,
720575940634298975,central,LHLN,0.0,3.993387665461499e-10,24.757100221710004,316.0,19.0,167.0,11.0,483.0,-3.01,
720575940621716067,central,Kenyon_Cell,0.0,0.0,24.183574930758024,49.0,4.0,26.0,1.0,75.0,-4.11,
720575940605102694,central,ALPN,7.482709312900548e-06,4.416000640858168e-06,24.4505027719036,720.0,72.0,1372.0,100.0,2092.0,-2.27,
720575940627253865,sensory,olfactory,0.0,4.0923701254003724e-09,25.13746432565804,99.0,10.0,153.0,10.0,252.0,-0.0,
720575940649536121,central,Kenyon_Cell,0.0,0.0,24.664402474469085,144.0,7.0,16.0,1.0,160.0,-3.19,
720575940619979387,central,unknown,0.0,0.0,23.31804856933576,717.0,44.0,286.0,24.0,1003.0,-4.74,
720575940620044935,central,unknown,0.0,1.2672850325354893e-07,23.64756142773214,371.0,24.0,257.0,18.0,628.0,-5.4,
720575940624206472,central,ALIN,1.1985578633938046e-05,7.208840510739404e-08,23.36511986567151,956.0,53.0,6662.0,132.0,7618.0,-4.89,
720575940614605458,central,Kenyon_Cell,0.0,0.0,24.55687739179756,118.0,6.0,16.0,1.0,134.0,-3.48,
720575940624599700,central,unknown,0.0,0.0,23.77974476736617,126.0,15.0,7.0,1.0,133.0,-4.48,
720575940626991771,central,Kenyon_Cell,0.0,0.0,24.38991239489951,62.0,6.0,16.0,1.0,78.0,-3.36,
720575940616964766,central,Kenyon_Cell,0.0,0.0,24.53183038390243,72.0,7.0,30.0,2.0,102.0,-3.16,
720575940618996382,central,unknown,0.0,4.515547039443024e-10,23.73029734489324,112.0,13.0,35.0,5.0,147.0,-4.87,
720575940619946661,central,unknown,0.0,0.0,23.73156707620047,112.0,8.0,16.0,2.0,128.0,-4.68,
720575940621388453,descending,unknown,0.0,0.0,21.14409523836387,106.0,9.0,0.0,0.0,106.0,-5.63,
720575940614474407,central,unknown,1.4568106626886024e-07,4.965159659517394e-06,24.41405588972494,849.0,57.0,272.0,24.0,1121.0,-3.65,
720575940620896937,central,ALPN,0.0,2.131153659793858e-09,23.33602441626516,354.0,26.0,806.0,44.0,1160.0,-4.86,
720575940612344490,central,unknown,0.0,2.0534008947893e-09,22.084248247987205,138.0,16.0,40.0,3.0,178.0,-5.74,
720575940604414636,central,ALPN,0.0,3.0547986589681444e-07,23.136778077914254,665.0,31.0,820.0,56.0,1485.0,-4.63,
720575940632627885,central,unknown,0.0,0.0,22.44840897224962,181.0,16.0,0.0,0.0,181.0,-4.96,
720575940635249332,central,ALLN,1.3243733297169112e-08,5.924861857860741e-07,24.618221043140103,2761.0,107.0,2247.0,103.0,5008.0,-3.46,
720575940624042677,central,unknown,0.0,0.0,24.57799112190313,239.0,25.0,91.0,11.0,330.0,-3.32,
720575940622338742,central,ALLN,0.0,7.109715766046164e-07,24.628887370313564,2850.0,125.0,3002.0,144.0,5852.0,-3.89,
720575940605758142,central,ALLN,1.6157354622546316e-06,8.208520079454009e-06,24.668858691787207,7293.0,373.0,5614.0,311.0,12907.0,-2.61,
720575940612475598,central,ALLN,6.092117316697791e-07,3.117219071516165e-06,24.696330991500005,2404.0,93.0,773.0,43.0,3177.0,-3.18,
720575940612606673,central,Kenyon_Cell,0.0,0.0,24.09331629452021,50.0,3.0,24.0,1.0,74.0,-4.25,
720575940632562387,central,unknown,0.0,0.0,21.656596030950297,30.0,5.0,27.0,3.0,57.0,-5.03,
720575940610214613,central,unknown,0.0,6.901889779240415e-09,23.63033161105112,29.0,4.0,6.0,1.0,35.0,-4.12,
720575940641802971,central,unknown,0.0,0.0,22.25017520566908,744.0,37.0,314.0,23.0,1058.0,-5.51,
720575940622633693,central,unknown,0.0,0.0,24.1403289563862,74.0,9.0,68.0,6.0,142.0,-3.86,
720575940633938657,sensory,olfactory,0.0,3.240590329838944e-08,25.188524052138717,49.0,5.0,332.0,19.0,381.0,-0.0,
720575940633250530,sensory,olfactory,0.0,1.1285276821916174e-08,25.118557370430445,8.0,1.0,47.0,5.0,55.0,-0.0,
720575940637870820,central,Kenyon_Cell,0.0,0.0,24.370805801872717,52.0,4.0,23.0,1.0,75.0,-3.09,
720575940612999909,central,unknown,0.0,0.0,24.47899788481685,72.0,7.0,23.0,3.0,95.0,-3.4,
720575940623878891,central,unknown,0.0,4.685052878122503e-07,21.759529414610626,200.0,14.0,109.0,10.0,309.0,-5.18,
720575940611623661,central,unknown,0.0,2.1186152635768651e-10,24.405825519037432,161.0,17.0,93.0,11.0,254.0,-3.23,
720575940620733166,central,unknown,0.0,0.0,24.38978221595008,61.0,6.0,74.0,11.0,135.0,-3.65,
720575940611984114,sensory,olfactory,0.0,1.1629269894569916e-08,25.085487984364462,11.0,2.0,79.0,7.0,90.0,-0.0,
720575940622633716,descending,unknown,1.7044684753456646e-05,3.70450323251e-06,21.12807558818227,612.0,30.0,731.0,37.0,1343.0,-5.42,
720575940629842681,sensory,olfactory,0.0,8.160032838674746e-12,25.155278942454764,22.0,4.0,68.0,4.0,90.0,-0.0,
720575940628007676,central,LHLN,0.0,0.0,24.641069618706847,526.0,28.0,248.0,33.0,774.0,-3.31,
720575940623289087,central,LHLN,0.0,9.657255777533672e-10,24.70164473175066,267.0,21.0,188.0,21.0,455.0,-3.09,
720575940617128705,central,ALPN,0.0,2.8408553877729245e-08,24.3549328125066,166.0,20.0,284.0,25.0,450.0,-3.45,
720575940620045061,central,Kenyon_Cell,0.0,0.0,24.71737996363195,90.0,5.0,19.0,1.0,109.0,-2.92,
720575940608215817,central,unknown,0.0,0.0,21.57724900776108,40.0,3.0,0.0,0.0,40.0,-4.55,
720575940627286794,central,unknown,0.0,8.553505699294239e-07,24.345052082305592,252.0,32.0,99.0,12.0,351.0,-3.86,
720575940626074378,central,ALLN,0.0,4.804115379667377e-07,23.934325341386806,200.0,17.0,629.0,37.0,829.0,-4.25,
720575940615785228,central,Kenyon_Cell,0.0,0.0,24.56740385899218,57.0,4.0,35.0,2.0,92.0,-3.17,
720575940626631441,sensory,olfactory,0.0,1.214864989658238e-09,25.113047354456334,60.0,5.0,192.0,13.0,252.0,-0.0,
720575940626565907,sensory,olfactory,0.0,0.0,25.093529825619537,28.0,3.0,54.0,3.0,82.0,-0.0,
720575940627680021,central,unknown,0.0,5.636612164799401e-10,24.34542179166168,446.0,33.0,101.0,12.0,547.0,-3.23,
720575940622109466,central,unknown,0.0,2.733946862451156e-07,23.26327994136167,380.0,33.0,268.0,29.0,648.0,-4.9,
720575940621650721,central,unknown,0.0,6.870082048929942e-09,21.376614092597254,143.0,11.0,35.0,4.0,178.0,-5.45,
720575940625156901,central,Kenyon_Cell,0.0,0.0,24.68461535868061,134.0,6.0,16.0,1.0,150.0,-2.95,
720575940624861989,central,unknown,1.5707067690442566e-05,0.0,22.339887079592195,795.0,36.0,510.0,26.0,1305.0,-4.97,
720575940629089068,central,ALPN,0.0,0.0,24.02927158850301,31.0,4.0,54.0,5.0,85.0,-4.36,
720575940631120696,central,unknown,0.0,0.0,24.47393752132269,11.0,2.0,12.0,2.0,23.0,-4.05,
720575940625484602,central,Kenyon_Cell,0.0,0.0,24.67958689519168,93.0,6.0,18.0,1.0,111.0,-3.25,
720575940616309563,central,Kenyon_Cell,0.0,0.0,24.498922667790588,129.0,9.0,23.0,2.0,152.0,-3.7,
720575940638034751,central,Kenyon_Cell,0.0,0.0,24.774006259891884,86.0,6.0,16.0,1.0,102.0,-3.02,
720575940616538944,central,unknown,0.0,1.0615022997843234e-08,21.33438811571419,134.0,14.0,262.0,13.0,396.0,-6.1,
720575940608281412,central,unknown,0.0,6.1938447299373845e-09,21.390138888695365,115.0,8.0,112.0,5.0,227.0,-5.63,
720575940624108361,central,unknown,1.4568106626886024e-07,1.0045927143196663e-06,24.53516466726237,365.0,33.0,80.0,6.0,445.0,-3.54,
720575940619651920,central,unknown,1.7216853286319845e-07,4.314848298851763e-09,22.8562384083957,369.0,15.0,1103.0,16.0,1472.0,-5.05,
720575940630301523,central,ALPN,0.0,0.0,24.853673635739337,25.0,1.0,148.0,15.0,173.0,-2.88,
720575940631907159,central,ALLN,0.0,1.9237962715971072e-06,24.752806614217626,2099.0,160.0,3564.0,306.0,5663.0,-2.67,
720575940639509336,sensory,olfactory,0.0,0.0,24.0,0.0,0.0,31.0,5.0,31.0,-0.0,
720575940635708267,sensory,olfactory,0.0,0.0,24.0,0.0,0.0,57.0,9.0,57.0,-0.0,
720575940634463083,central,Kenyon_Cell,0.0,0.0,24.678457970172325,139.0,8.0,32.0,2.0,171.0,-3.07,
720575940638165875,sensory,olfactory,0.0,0.0,25.116056644691056,43.0,5.0,173.0,13.0,216.0,-0.0,
720575940628499322,sensory,olfactory,0.0,0.0,25.1145522824432,49.0,5.0,122.0,11.0,171.0,-0.0,
720575940620602236,sensory,hygrosensory,0.0,3.259429934733621e-07,24.653248979370797,89.0,10.0,196.0,20.0,285.0,-3.28,
720575940629908350,sensory,olfactory,0.0,0.0,24.0,0.0,0.0,17.0,3.0,17.0,-0.0,
720575940621585279,central,ALLN,0.0,4.414683744626726e-07,24.636250254747218,2237.0,131.0,2608.0,136.0,4845.0,-3.64,
720575940618701703,sensory,olfactory,0.0,0.0,25.09920665599661,6.0,1.0,45.0,4.0,51.0,-0.0,
720575940630465420,central,Kenyon_Cell,0.0,0.0,24.66061022648938,105.0,7.0,31.0,2.0,136.0,-3.12,
720575940641606541,central,ALLN,0.0,3.165007379873276e-07,24.673978846986746,3186.0,140.0,3029.0,148.0,6215.0,-3.77,
720575940636625806,central,unknown,0.0,9.22622846568794e-09,24.29896116922469,284.0,29.0,74.0,9.0,358.0,-3.63,
720575940631710604,central,unknown,0.0,3.768655274249821e-08,22.614288402787228,344.0,28.0,79.0,11.0,423.0,-4.84,
720575940625451920,central,Kenyon_Cell,0.0,0.0,24.39499907168513,55.0,5.0,22.0,1.0,77.0,-3.13,
720575940618439569,central,unknown,0.0,2.0463701199055363e-09,21.87243154339736,457.0,15.0,169.0,8.0,626.0,-6.21,
720575940629056411,central,unknown,0.0,0.0,23.271589264068947,135.0,13.0,37.0,3.0,172.0,-5.16,
720575940633906076,central,LHLN,1.523029329174448e-06,1.274294812819605e-06,24.506686834042128,489.0,28.0,755.0,66.0,1244.0,-3.33,
720575940656090017,central,ALPN,2.2355421805621463e-05,3.5797080005848458e-06,24.898564740066803,1614.0,101.0,3588.0,235.0,5202.0,-2.14,
720575940614212514,sensory,olfactory,0.0,6.237525605064685e-10,25.10845498757115,67.0,8.0,141.0,5.0,208.0,-0.0,
720575940614605730,central,unknown,0.0,0.0,24.597465673717817,127.0,12.0,136.0,12.0,263.0,-3.64,
720575940620143525,central,Kenyon_Cell,0.0,6.933891778622572e-11,24.219759826738898,39.0,4.0,27.0,3.0,66.0,-3.72,
720575940613360554,visual_projection,unknown,0.0,2.0475437088197182e-09,21.85353015957448,31.0,4.0,60.0,7.0,91.0,-4.12,
720575940612901807,sensory,olfactory,0.0,0.0,25.124607515025943,40.0,4.0,52.0,6.0,92.0,-0.0,
720575940613655483,central,ALPN,0.0,2.3267840750270503e-08,24.942632630132707,329.0,34.0,437.0,46.0,766.0,-1.93,
720575940608969667,central,unknown,0.0,3.676379178559823e-09,24.58167990282873,59.0,6.0,112.0,11.0,171.0,-3.04,
720575940622961604,sensory,olfactory,0.0,6.074324948291191e-10,25.1073479015788,21.0,3.0,141.0,11.0,162.0,-0.0,
720575940615490502,sensory,olfactory,0.0,0.0,25.0883822082052,5.0,1.0,36.0,3.0,41.0,-0.0,
720575940624763850,central,Kenyon_Cell,0.0,0.0,24.747321279505616,128.0,7.0,39.0,1.0,167.0,-3.12,
720575940619455448,central,unknown,2.330897060301764e-05,1.3327100991123575e-06,24.25856112362162,835.0,62.0,153.0,14.0,988.0,-4.36,
720575940630367196,central,unknown,0.0,1.9942623089468365e-08,24.559661915468684,541.0,50.0,202.0,23.0,743.0,-3.44,
720575940628728796,central,unknown,0.0,0.0,22.728893606272944,13.0,2.0,0.0,0.0,13.0,-3.88,
720575940603464672,central,ALPN,5.9596799837261e-05,1.4864754722786266e-05,24.714984460352188,3166.0,155.0,7498.0,334.0,10664.0,-2.45,
720575940633611234,central,unknown,0.0,2.475226061112269e-09,24.436105246270905,188.0,20.0,149.0,13.0,337.0,-3.42,
720575940617456614,central,Kenyon_Cell,0.0,0.0,24.57101342423675,97.0,7.0,22.0,1.0,119.0,-3.47,
720575940613196781,sensory,olfactory,0.0,0.0,24.0,0.0,0.0,39.0,5.0,39.0,-0.0,
720575940620110830,sensory,olfactory,0.0,0.0,25.097039661733763,15.0,2.0,90.0,5.0,105.0,-0.0,
720575940621487088,central,Kenyon_Cell,0.0,0.0,24.559383672619923,139.0,8.0,37.0,1.0,176.0,-3.16,
720575940627942391,central,unknown,0.0,0.0,23.272870741226576,41.0,6.0,6.0,1.0,47.0,-5.16,
720575940629154810,sensory,olfactory,0.0,0.0,25.094610896493094,57.0,7.0,151.0,9.0,208.0,-0.0,
720575940630399995,central,Kenyon_Cell,0.0,5.630035003582213e-10,24.391542619777763,53.0,5.0,29.0,2.0,82.0,-3.25,
720575940631186432,central,unknown,0.0,1.1005751505259567e-07,24.386569006730596,68.0,7.0,96.0,9.0,164.0,-4.08,
720575940628794371,central,LHLN,0.0,8.784910411717314e-10,24.6655313878971,249.0,21.0,66.0,8.0,315.0,-3.34,
720575940626893834,sensory,olfactory,0.0,1.0787540645837974e-10,25.120138480650024,57.0,5.0,206.0,16.0,263.0,-0.0,
720575940608379915,central,unknown,0.0,0.0,22.906069626892933,128.0,14.0,39.0,4.0,167.0,-4.64,
720575940624960522,central,ALPN,0.0,0.0,24.853673635739337,17.0,1.0,204.0,24.0,221.0,-2.88,
720575940627549205,central,DAN,0.0,0.0,23.44016988175248,555.0,38.0,41.0,3.0,596.0,-5.02,
720575940612803606,central,LHLN,0.0,2.2209128301198075e-09,24.669936289457095,481.0,33.0,151.0,20.0,632.0,-3.19,
720575940632792089,sensory,olfactory,0.0,1.3007360110827052e-08,25.1080184534125,11.0,2.0,44.0,4.0,55.0,-0.0,
720575940625583132,central,unknown,0.0,0.0,21.34921156562682,231.0,19.0,173.0,5.0,404.0,-6.26,
720575940616670242,sensory,olfactory,0.0,4.839222631604567e-07,25.16278898216869,5.0,1.0,132.0,17.0,137.0,-0.0,
720575940644490276,central,Kenyon_Cell,0.0,0.0,24.37266495613837,63.0,5.0,28.0,1.0,91.0,-3.55,
720575940624829479,central,Kenyon_Cell,0.0,0.0,24.639174578374927,62.0,4.0,19.0,1.0,81.0,-3.5,
720575940613557288,central,unknown,0.0,4.5989508441678186e-07,24.35155456832598,290.0,23.0,161.0,12.0,451.0,-3.77,
720575940629515306,central,Kenyon_Cell,0.0,0.0,24.67843070724289,108.0,6.0,28.0,2.0,136.0,-2.92,
720575940625681456,central,LHCENT,0.0,0.0,23.79420754219609,170.0,17.0,79.0,11.0,249.0,-4.07,
720575940629908540,central,unknown,0.0,1.8094729122316312e-10,23.14724021745145,373.0,27.0,406.0,30.0,779.0,-4.93,
720575940626730058,sensory,olfactory,0.0,0.0,25.12048627088304,17.0,3.0,39.0,3.0,56.0,-0.0,
720575940632333395,sensory,olfactory,0.0,0.0,24.0,0.0,0.0,54.0,4.0,54.0,-0.0,
720575940619029589,sensory,olfactory,0.0,0.0,24.0,0.0,0.0,6.0,1.0,6.0,-0.0,
720575940619357275,central,Kenyon_Cell,0.0,0.0,24.464710017130567,77.0,6.0,16.0,1.0,93.0,-3.51,
720575940621585507,sensory,olfactory,0.0,6.074324948291191e-10,25.12339052176459,64.0,5.0,219.0,17.0,283.0,-0.0,
720575940625583204,sensory,olfactory,0.0,6.074324948291191e-10,25.107279909093087,64.0,5.0,334.0,16.0,398.0,-0.0,
720575940624043107,central,unknown,0.0,3.3273886855385197e-09,24.505712363631044,256.0,17.0,167.0,19.0,423.0,-3.75,
720575940631448680,central,ALLN,0.0,1.5081509599834307e-09,24.120065167128047,369.0,20.0,312.0,23.0,681.0,-4.79,
720575940626664553,central,unknown,0.0,3.058163204031827e-08,22.287248684631507,281.0,24.0,104.0,13.0,385.0,-5.46,
720575940614147178,sensory,olfactory,0.0,0.0,24.0,0.0,0.0,64.0,4.0,64.0,-0.0,
720575940620897389,central,unknown,0.0,2.87644041550693e-10,24.11803454223388,76.0,6.0,20.0,3.0,96.0,-3.6,
720575940621290605,central,unknown,0.0,9.133609170461455e-11,23.549530517858816,145.0,8.0,226.0,23.0,371.0,-5.24,
720575940636167280,central,ALPN,2.6487466594338224e-08,1.0321269822873081e-08,23.83095560591016,1059.0,61.0,570.0,35.0,1629.0,-4.62,
720575940608904312,central,unknown,0.0,1.6033552599827953e-08,21.716080772866704,109.0,12.0,104.0,14.0,213.0,-5.88,
720575940628565114,sensory,olfactory,0.0,0.0,25.13027818634589,12.0,2.0,108.0,14.0,120.0,-0.0,
720575940621749375,central,LHLN,0.0,0.0,24.553191235572825,265.0,10.0,79.0,5.0,344.0,-3.37,
720575940645670020,central,unknown,0.0,0.0,23.741678425062386,241.0,21.0,428.0,24.0,669.0,-4.59,
720575940647472260,central,LHLN,0.0,4.575660139716828e-08,24.67994279932252,135.0,11.0,134.0,16.0,269.0,-3.52,
720575940620078215,central,unknown,0.0,1.7218511920686366e-09,24.24393096122055,177.0,15.0,105.0,9.0,282.0,-3.49,
720575940626500745,central,unknown,0.0,0.0,21.36548103441292,581.0,27.0,71.0,6.0,652.0,-6.16,
720575940622961802,central,ALLN,0.0,1.639811433579163e-07,24.60816431474542,21.0,4.0,356.0,33.0,377.0,-3.09,
720575940616572043,central,unknown,0.0,0.0,22.870229237293657,56.0,7.0,15.0,1.0,71.0,-4.35,
720575940623387786,central,unknown,7.4164906464147025e-06,3.874943497825783e-09,22.99286699735266,3425.0,160.0,2529.0,120.0,5954.0,-4.89,
720575940631710860,central,LHLN,0.0,0.0,24.792872954154944,247.0,14.0,66.0,10.0,313.0,-3.06,
720575940625452176,central,LHLN,0.0,4.851620369492624e-08,24.423008500903705,299.0,26.0,313.0,34.0,612.0,-3.7,
720575940624632980,central,unknown,0.0,0.0,22.625238359752263,317.0,27.0,31.0,4.0,348.0,-5.31,
720575940624338068,central,unknown,0.0,0.0,21.622779155648917,327.0,23.0,82.0,7.0,409.0,-5.71,
720575940628270235,central,Kenyon_Cell,0.0,0.0,24.55851517115737,155.0,10.0,44.0,2.0,199.0,-3.38,
720575940614638754,central,LHLN,0.0,0.0,24.63433555694356,245.0,15.0,66.0,6.0,311.0,-3.16,
720575940639018147,central,Kenyon_Cell,0.0,0.0,24.66867850676568,125.0,9.0,12.0,1.0,137.0,-3.06,
720575940621061285,central,ALLN,0.0,1.158347377697018e-07,24.63708762428734,852.0,84.0,1280.0,41.0,2132.0,-2.72,
720575940614311079,central,Kenyon_Cell,0.0,0.0,24.54449962726872,66.0,5.0,43.0,1.0,109.0,-3.28,
720575940614376615,central,unknown,0.0,4.4094095517422936e-10,22.70543200694739,218.0,20.0,146.0,15.0,364.0,-5.62,
720575940621388969,central,unknown,0.0,0.0,21.621925219207604,73.0,7.0,24.0,3.0,97.0,-4.63,
720575940635511988,central,unknown,0.0,0.0,24.3364223292866,168.0,19.0,0.0,0.0,168.0,-3.94,
720575940622666933,central,Kenyon_Cell,0.0,0.0,24.4215758878514,55.0,5.0,36.0,4.0,91.0,-3.95,
720575940630793413,central,Kenyon_Cell,0.0,0.0,24.55959167862846,78.0,5.0,31.0,2.0,109.0,-3.6,
720575940622732493,central,Kenyon_Cell,0.0,1.1720117962096558e-10,23.708491546054223,35.0,2.0,28.0,3.0,63.0,-4.16,
720575940639116496,sensory,olfactory,0.0,1.1698863506917843e-10,25.11831861607067,47.0,6.0,205.0,14.0,252.0,-0.0,
720575940638559440,central,ALLN,0.0,6.541548357006918e-11,24.486089496337705,6.0,1.0,111.0,9.0,117.0,-4.77,
720575940607626453,sensory,olfactory,0.0,0.0,25.013302155668413,13.0,2.0,45.0,5.0,58.0,-0.0,
720575940618308825,central,ALPN,0.0001929611941397,3.318322589134251e-06,24.903478504941283,10820.0,186.0,15770.0,571.0,26590.0,-1.88,
720575940621880541,central,Kenyon_Cell,0.0,0.0,24.686015717865573,116.0,9.0,34.0,1.0,150.0,-2.93,
720575940625288423,sensory,olfactory,0.0,0.0,24.0,0.0,0.0,11.0,2.0,11.0,-0.0,
720575940625419495,central,unknown,5.655074117891211e-06,1.7125653971703634e-07,23.42599518583421,1425.0,63.0,4420.0,223.0,5845.0,-4.76,
720575940623289578,central,ALLN,0.0,4.31302486259963e-08,24.214086795916277,253.0,12.0,440.0,27.0,693.0,-4.89,
720575940624174323,central,unknown,0.0,0.0,24.154457570943784,25.0,2.0,13.0,1.0,38.0,-3.92,
720575940621192436,sensory,olfactory,0.0,0.0,25.13556075205388,22.0,2.0,82.0,9.0,104.0,-0.0,
720575940641148149,descending,unknown,3.80757332293612e-05,5.029056459983172e-06,21.597719012882894,1804.0,69.0,510.0,21.0,2314.0,-5.66,
720575940629548282,central,LHLN,0.0,3.730629097794117e-11,24.702399994543956,101.0,6.0,185.0,15.0,286.0,-3.34,
720575940626435330,central,unknown,0.0,1.3441500740069436e-07,24.62932287056969,202.0,18.0,179.0,21.0,381.0,-3.18,
720575940626533634,ascending,AN,3.708245323207351e-07,1.4040427772234693e-07,22.52153027612181,309.0,13.0,665.0,43.0,974.0,-4.89,
720575940623650055,central,unknown,0.0,1.737735107209671e-06,21.29799421895788,162.0,16.0,37.0,4.0,199.0,-4.83,
720575940622830856,central,Kenyon_Cell,0.0,0.0,24.64507974247785,111.0,7.0,30.0,2.0,141.0,-3.06,
720575940623781127,descending,unknown,1.3243733297169112e-08,7.64395417323944e-07,20.84037961772484,2045.0,92.0,86.0,7.0,2131.0,-5.68,
720575940608544011,central,Kenyon_Cell,0.0,0.0,24.706390093000632,128.0,7.0,25.0,2.0,153.0,-2.94,
720575940630891791,central,unknown,0.0,0.0,22.99519126903372,289.0,14.0,69.0,7.0,358.0,-4.87,
720575940625681681,central,unknown,0.0,1.0041877944080436e-08,24.291380742681422,350.0,26.0,141.0,18.0,491.0,-3.71,
720575940625747217,central,unknown,0.0,0.0,22.150723446583545,210.0,8.0,47.0,4.0,257.0,-5.78,
720575940619160861,central,unknown,0.0,0.0,22.151207775898275,260.0,20.0,60.0,7.0,320.0,-5.44,
720575940626828574,central,Kenyon_Cell,0.0,0.0,24.51616711445262,42.0,5.0,14.0,1.0,56.0,-3.29,
720575940632530207,central,Kenyon_Cell,0.0,0.0,24.6329925059842,119.0,8.0,23.0,1.0,142.0,-3.1,
720575940623191334,central,Kenyon_Cell,0.0,0.0,24.548943495647947,116.0,7.0,26.0,1.0,142.0,-3.11,
720575940631711021,sensory,olfactory,0.0,0.0,24.0,0.0,0.0,88.0,6.0,88.0,-0.0,
720575940610542894,central,LHLN,0.0,4.5373506853970045e-10,24.685527991630188,235.0,10.0,74.0,5.0,309.0,-2.95,
720575940618112310,central,ALLN,0.0,1.3459201963919307e-06,24.647610567471048,3435.0,152.0,3439.0,160.0,6874.0,-3.87,
720575940618210614,central,ALPN,0.0,2.376389836952949e-08,22.54305177034018,632.0,23.0,536.0,35.0,1168.0,-4.59,
720575940632890681,central,ALPN,0.0,7.51800881685382e-08,24.67094969110671,31.0,5.0,224.0,27.0,255.0,-3.13,
720575940638559549,central,unknown,0.0,0.0,23.44995248589089,245.0,17.0,183.0,12.0,428.0,-5.02,
720575940618440000,descending,unknown,0.0,0.0,19.33762097425724,376.0,21.0,0.0,0.0,376.0,-5.92,
720575940631842119,sensory,olfactory,0.0,1.214864989658238e-09,25.18554709182441,79.0,7.0,221.0,14.0,300.0,-0.0,
720575940628303183,sensory,olfactory,0.0,0.0,25.09454353194588,22.0,3.0,29.0,3.0,51.0,-0.0,
720575940631448913,central,Kenyon_Cell,0.0,0.0,24.53878081098489,100.0,7.0,24.0,1.0,124.0,-3.73,
720575940636560730,central,Kenyon_Cell,0.0,0.0,24.37338079723934,30.0,3.0,25.0,1.0,55.0,-3.35,
720575940635118943,central,unknown,0.0,2.5026095932112105e-07,24.136863536557687,748.0,46.0,78.0,7.0,826.0,-4.16,
720575940636069215,central,unknown,0.0,0.0,22.23805192621892,111.0,6.0,69.0,4.0,180.0,-5.47,
720575940620569953,central,unknown,0.0,0.0,24.19962631663596,130.0,13.0,9.0,1.0,139.0,-4.29,
720575940635184485,sensory,olfactory,0.0,6.589172581625941e-10,25.13224365237245,38.0,6.0,127.0,9.0,165.0,-0.0,
720575940636364133,central,Kenyon_Cell,0.0,0.0,24.52581925876146,157.0,9.0,21.0,1.0,178.0,-3.01,
720575940639673715,central,LHLN,0.0,4.076220189918511e-09,24.74091778867554,77.0,7.0,119.0,16.0,196.0,-3.16,
720575940636134775,central,Kenyon_Cell,0.0,0.0,24.353824791472515,70.0,4.0,16.0,1.0,86.0,-4.29,
720575940649045369,central,ALPN,1.2197478366692751e-05,1.7507807664960423e-06,24.12671789215602,827.0,69.0,2435.0,161.0,3262.0,-2.73,
720575940629450106,central,unknown,2.118997327547058e-07,1.278058347700134e-09,23.00695575168772,441.0,22.0,1025.0,10.0,1466.0,-4.97,
720575940618145147,sensory,olfactory,0.0,0.0,24.999182823952093,6.0,1.0,40.0,3.0,46.0,-0.0,
720575940619783548,central,unknown,0.0,2.323649915579593e-07,24.06494888092068,64.0,6.0,53.0,6.0,117.0,-3.41,
720575940618308987,central,CX,0.0,0.0,21.83549111873213,505.0,22.0,23.0,1.0,528.0,-5.59,
720575940628237705,central,unknown,0.0,0.0,23.663302433608543,251.0,20.0,54.0,8.0,305.0,-5.0,
720575940616572299,central,unknown,0.0,0.0,23.88163981639756,24.0,3.0,46.0,3.0,70.0,-3.51,
720575940626107800,sensory,olfactory,0.0,1.5225872260196677e-07,25.171686077095146,152.0,14.0,451.0,28.0,603.0,-0.0,
720575940635807130,central,unknown,2.5030655931649625e-05,1.1638367376961923e-09,21.128476913023043,130.0,6.0,411.0,14.0,541.0,-5.52,
720575940629155227,descending,unknown,0.0,2.765369684206096e-09,20.679021849272612,805.0,53.0,109.0,4.0,914.0,-5.61,
720575940633906588,central,unknown,0.0,4.337831515827625e-10,23.24982846255758,164.0,15.0,18.0,3.0,182.0,-5.09,
720575940619062686,sensory,olfactory,0.0,0.0,24.0,0.0,0.0,10.0,2.0,10.0,-0.0,
720575940653829537,sensory,olfactory,0.0,0.0,25.161779686240383,46.0,6.0,150.0,8.0,196.0,-0.0,
720575940654878113,central,unknown,0.0,0.0,22.443220555337906,38.0,3.0,44.0,4.0,82.0,-5.58,
720575940613524903,central,unknown,8.899788775697643e-06,6.367179469792843e-11,22.308599802139803,565.0,29.0,408.0,24.0,973.0,-5.05,
720575940605037996,central,unknown,0.0,0.0,22.98243053581824,139.0,12.0,35.0,3.0,174.0,-5.3,
720575940604284337,central,unknown,0.0,1.3810915431548961e-08,22.98875061188912,97.0,6.0,263.0,9.0,360.0,-5.12,
720575940607233458,central,unknown,0.0,3.2897654178461923e-09,23.36731665295745,80.0,12.0,69.0,5.0,149.0,-4.24,
720575940634955188,sensory,olfactory,0.0,0.0,24.0,0.0,0.0,26.0,4.0,26.0,-0.0,
720575940639903165,central,unknown,0.0,1.5120017482462338e-08,22.572107610822503,118.0,10.0,150.0,13.0,268.0,-4.37,
720575940630957509,central,unknown,0.0,1.2009931131681367e-09,23.966154424689165,394.0,22.0,386.0,27.0,780.0,-4.38,
720575940608970197,central,ALPN,6.979447447608122e-06,7.817697228896132e-06,24.26293802458206,772.0,65.0,3384.0,214.0,4156.0,-2.83,
720575940631350743,sensory,olfactory,0.0,0.0,24.0,0.0,0.0,36.0,5.0,36.0,-0.0,
720575940630269404,central,Kenyon_Cell,0.0,0.0,24.619481545256903,55.0,5.0,20.0,1.0,75.0,-3.32,
720575940622339549,central,Kenyon_Cell,0.0,0.0,24.687995833369936,116.0,8.0,16.0,1.0,132.0,-2.89,
720575940637183454,central,ALLN,0.0,0.0,24.47197808064148,21.0,4.0,147.0,15.0,168.0,-3.7,
720575940604874208,central,unknown,0.0,2.249394974606196e-08,24.147183730219403,817.0,54.0,103.0,11.0,920.0,-4.47,
720575940613590501,central,ALLN,0.0004394668019999,2.6240918375828723e-05,24.739006506416164,7277.0,249.0,4376.0,145.0,11653.0,-2.98,
720575940637412841,central,Kenyon_Cell,0.0,0.0,24.391702693543127,93.0,7.0,38.0,1.0,131.0,-3.77,
720575940624305642,central,unknown,0.0,0.0,23.74515835957924,147.0,11.0,222.0,19.0,369.0,-4.04,
720575940627451388,sensory,olfactory,0.0,0.0,24.0,0.0,0.0,109.0,6.0,109.0,-0.0,
720575940626599420,central,unknown,0.0,0.0,21.999057998440065,24.0,4.0,74.0,5.0,98.0,-4.97,
720575940614114814,central,ALPN,0.0,2.116109583204226e-08,24.57763885661255,98.0,12.0,212.0,17.0,310.0,-3.01,
720575940621880831,central,unknown,0.0,0.0,22.431791385778286,100.0,9.0,7.0,1.0,107.0,-5.24,
720575940627910160,central,Kenyon_Cell,0.0,0.0,24.490183969249628,51.0,3.0,41.0,2.0,92.0,-3.5,
720575940628401681,central,unknown,0.0,2.9182016735716173e-08,24.41142409489014,198.0,17.0,60.0,7.0,258.0,-3.41,
720575940604808736,central,unknown,0.0,1.586075843972349e-10,21.82060500335933,120.0,5.0,112.0,12.0,232.0,-5.32,
720575940621618721,central,LHLN,0.0,1.8914526517576563e-08,24.594644501622906,253.0,25.0,316.0,32.0,569.0,-3.45,
720575940616900130,central,unknown,0.0,8.199043773605062e-07,22.010237670157263,64.0,8.0,50.0,5.0,114.0,-4.63,
720575940643573284,central,unknown,0.0,0.0,23.54156956811772,164.0,9.0,108.0,7.0,272.0,-4.59,
720575940632825389,central,LHLN,2.3838719934904402e-07,2.467265329345434e-07,24.426565703627407,1500.0,106.0,1608.0,112.0,3108.0,-3.65,
720575940618997297,central,Kenyon_Cell,0.0,0.0,24.631475721827005,95.0,6.0,17.0,1.0,112.0,-3.14,
720575940632432184,sensory,olfactory,0.0,0.0,25.10169601763434,16.0,2.0,71.0,10.0,87.0,-0.0,
720575940631842360,central,unknown,4.5134643076752336e-05,5.465193315686638e-06,22.41789524620203,4611.0,176.0,1344.0,55.0,5955.0,-4.75,
720575940613885506,sensory,olfactory,0.0,0.0,25.115480574679832,14.0,2.0,104.0,9.0,118.0,-0.0,
720575940623322697,sensory,olfactory,0.0,2.613048613785647e-10,25.10276993610156,5.0,1.0,65.0,8.0,70.0,-0.0,
720575940630662737,sensory,olfactory,0.0,5.393770322918987e-11,25.142662467849966,61.0,8.0,142.0,6.0,203.0,-0.0,
720575940619914837,central,LHLN,0.0,0.0,24.73024707917533,127.0,8.0,163.0,18.0,290.0,-2.88,
720575940616179286,sensory,olfactory,0.0,0.0,25.06353177485272,11.0,2.0,68.0,4.0,79.0,-0.0,
720575940629483095,central,Kenyon_Cell,0.0,0.0,24.224361805603262,39.0,3.0,55.0,3.0,94.0,-4.42,
720575940639116888,central,Kenyon_Cell,0.0,0.0,24.573341735804707,78.0,6.0,20.0,1.0,98.0,-2.97,
720575940625813081,sensory,olfactory,0.0,0.0,25.10911594853782,35.0,5.0,139.0,11.0,174.0,-0.0,
720575940615032406,central,unknown,0.0,0.0,23.469344270035005,69.0,6.0,52.0,6.0,121.0,-4.83,
720575940614573674,central,unknown,0.0,0.0,22.605007118578907,88.0,10.0,125.0,6.0,213.0,-4.95,
720575940614671978,central,unknown,0.0,1.242892177824477e-07,24.149264312500573,352.0,23.0,183.0,20.0,535.0,-3.79,
720575940649012857,central,Kenyon_Cell,0.0,0.0,24.480333952307927,92.0,8.0,33.0,2.0,125.0,-3.1,
720575940627844734,central,ALPN,1.8143914617121684e-06,2.107677032571866e-06,24.90475878816023,896.0,70.0,1769.0,150.0,2665.0,-1.6,
720575940629646974,central,LHLN,0.0,0.0,24.8485802801636,288.0,22.0,392.0,38.0,680.0,-2.97,
720575940618931846,central,unknown,0.0,7.337630878944748e-08,21.268514875910068,447.0,27.0,40.0,2.0,487.0,-6.09,
720575940621684358,central,unknown,0.0,6.826666648025316e-11,22.845163666135814,2798.0,139.0,220.0,30.0,3018.0,-5.33,
720575940622995080,central,Kenyon_Cell,0.0,0.0,24.65633520709092,127.0,8.0,18.0,1.0,145.0,-3.2,
720575940643311245,central,unknown,0.0,0.0,23.64707712976268,28.0,5.0,56.0,5.0,84.0,-3.95,
720575940611591829,central,Kenyon_Cell,0.0,0.0,24.054755551778698,29.0,2.0,35.0,1.0,64.0,-4.21,
720575940612935317,central,unknown,0.0,0.0,22.9278918293105,904.0,29.0,558.0,24.0,1462.0,-5.29,
720575940612509337,central,unknown,0.0,1.0380433657547452e-08,24.662856711109477,234.0,22.0,112.0,14.0,346.0,-3.3,
720575940627811995,sensory,olfactory,0.0,0.0,25.09208406702112,17.0,3.0,68.0,9.0,85.0,-0.0,
720575940617916061,central,unknown,0.0,0.0,24.346618298308943,208.0,18.0,31.0,3.0,239.0,-3.94,
720575940653764257,sensory,olfactory,0.0,0.0,25.10276993610156,5.0,1.0,91.0,6.0,96.0,-0.0,
720575940614344354,central,ALPN,1.3243733297169113e-07,7.970771026900412e-06,23.451622752489435,1270.0,74.0,2070.0,111.0,3340.0,-4.22,
720575940619423398,central,Kenyon_Cell,0.0,0.0,24.555138504963555,101.0,7.0,16.0,1.0,117.0,-3.5,
720575940612968103,central,unknown,0.0,7.25332088681663e-09,23.274417354531742,55.0,7.0,35.0,5.0,90.0,-4.36,
720575940621618859,central,ALIN,0.0,2.3390676929015917e-07,21.49439755650312,43.0,6.0,1572.0,64.0,1615.0,-4.62,
720575940620144304,central,unknown,0.0,1.2149389393585243e-09,23.810881606317736,148.0,14.0,219.0,25.0,367.0,-4.12,
720575940634365620,sensory,olfactory,0.0,0.0,25.118557370430445,5.0,1.0,80.0,9.0,85.0,-0.0,
720575940623748789,central,unknown,0.0,1.4193876887728114e-08,21.51859204028173,394.0,21.0,79.0,4.0,473.0,-5.88,
720575940623126200,central,LHLN,0.0,5.746897256550814e-09,24.566266313994912,215.0,18.0,187.0,22.0,402.0,-3.21,
720575940623945404,central,ALPN,7.919752511707129e-06,1.401061862355356e-06,24.863142209904776,1465.0,103.0,1325.0,117.0,2790.0,-2.2,
720575940620373697,central,Kenyon_Cell,0.0,0.0,24.469819776364808,89.0,6.0,23.0,1.0,112.0,-3.45,
720575940628238023,central,unknown,7.946239978301467e-06,1.8019298200055557e-07,22.276866015269693,827.0,29.0,136.0,8.0,963.0,-5.37,
720575940625944266,central,Kenyon_Cell,0.0,0.0,24.577197078334475,64.0,6.0,24.0,1.0,88.0,-3.2,
720575940631154380,central,Kenyon_Cell,0.0,0.0,24.063259762513503,67.0,6.0,30.0,1.0,97.0,-4.31,
720575940608970453,central,unknown,0.0,1.903516524535636e-08,24.225586041757413,507.0,28.0,324.0,33.0,831.0,-4.55,
720575940610739930,central,Kenyon_Cell,0.0,0.0,24.6025666454022,94.0,8.0,19.0,1.0,113.0,-3.03,
720575940631154396,central,unknown,1.1919359967452201e-07,2.0580331372236023e-09,22.88755751942057,390.0,40.0,341.0,25.0,731.0,-4.51,
720575940631875298,sensory,thermosensory,0.0,2.8739550136107177e-08,24.660702531793184,272.0,17.0,346.0,23.0,618.0,-3.47,
720575940622307051,central,Kenyon_Cell,0.0,0.0,24.340138396270973,44.0,3.0,42.0,2.0,86.0,-3.73,
720575940623781611,descending,unknown,0.0,1.3891227536484978e-08,20.31943529601361,72.0,8.0,173.0,12.0,245.0,-5.16,
720575940623224555,central,unknown,0.0,3.3861191633659444e-08,21.60499327663323,56.0,4.0,193.0,13.0,249.0,-4.94,
720575940620472046,central,Kenyon_Cell,0.0,0.0,24.709385561815346,179.0,6.0,17.0,1.0,196.0,-3.3,
720575940629384953,sensory,olfactory,0.0,0.0,25.144758552454945,40.0,6.0,118.0,8.0,158.0,-0.0,
720575940629548794,central,unknown,0.0,0.0,24.51324642196948,153.0,14.0,105.0,12.0,258.0,-3.46,
720575940630105851,sensory,olfactory,0.0,2.694648942172394e-10,25.099117501175368,16.0,3.0,52.0,4.0,68.0,-0.0,
720575940626009852,descending,unknown,0.0,5.273728846401223e-07,21.246203380776176,434.0,17.0,26.0,4.0,460.0,-4.84,
720575940627517186,central,unknown,0.0,7.095181600333435e-09,21.78030678807037,235.0,11.0,88.0,5.0,323.0,-6.34,
720575940624043784,central,LHLN,0.0,2.87644041550693e-10,24.44748666007333,216.0,14.0,76.0,7.0,292.0,-3.49,
720575940628565776,sensory,olfactory,0.0,2.048731032544088e-09,25.401021043373543,5.0,1.0,55.0,5.0,60.0,-0.0,
720575940628336401,central,LHLN,0.0,3.768504939580815e-10,24.59142503268505,268.0,22.0,72.0,9.0,340.0,-3.34,
720575940626468629,central,Kenyon_Cell,0.0,0.0,24.2150071584498,61.0,5.0,34.0,1.0,95.0,-3.76,
720575940611985174,sensory,olfactory,0.0,0.0,25.07696416487119,7.0,1.0,75.0,5.0,82.0,-0.0,
720575940612149014,sensory,olfactory,0.0,0.0,25.025755868328226,12.0,1.0,55.0,4.0,67.0,-0.0,
720575940627713813,central,unknown,0.0,0.0,24.06725360885416,214.0,19.0,70.0,10.0,284.0,-4.87,
720575940633808665,central,Kenyon_Cell,0.0,0.0,24.75293525579039,108.0,7.0,19.0,1.0,127.0,-2.75,
720575940626075422,central,unknown,0.0,5.6623784915271174e-09,22.235657816845496,12.0,2.0,38.0,6.0,50.0,-3.47,
720575940645211939,sensory,olfactory,0.0,2.613048613785647e-10,25.10276993610156,7.0,1.0,77.0,6.0,84.0,-0.0,
720575940624863015,central,ALPN,5.2974933188676455e-08,2.804618550077286e-07,24.244265167565032,515.0,28.0,2034.0,93.0,2549.0,-3.76,
720575940613197608,central,Kenyon_Cell,0.0,0.0,24.67197142076861,117.0,7.0,30.0,1.0,147.0,-3.22,
720575940623322921,central,unknown,9.740765840067882e-05,9.557048156228318e-07,22.30529270592913,418.0,17.0,1496.0,61.0,1914.0,-5.72,
720575940621913897,central,Kenyon_Cell,0.0,0.0,24.0440086639198,49.0,2.0,40.0,1.0,89.0,-3.87,
720575940628533036,central,unknown,0.0,1.1204378206275585e-08,24.47702802500212,200.0,19.0,14.0,2.0,214.0,-3.92,
720575940619358001,central,Kenyon_Cell,0.0,0.0,24.61686843810907,99.0,7.0,29.0,2.0,128.0,-3.3,
720575940630138679,central,unknown,0.0,0.0,24.395462090891105,72.0,10.0,38.0,5.0,110.0,-3.83,
720575940631056184,central,unknown,0.0,1.5379818006734476e-07,22.59164312300321,104.0,11.0,383.0,34.0,487.0,-5.14,
720575940629253948,sensory,olfactory,0.0,0.0,25.09898392302059,36.0,5.0,77.0,6.0,113.0,-0.0,
720575940624928574,central,LHCENT,0.0,0.0,23.692452187075645,189.0,22.0,54.0,8.0,243.0,-4.42,
720575940618604352,central,unknown,0.0,9.57032129117861e-10,23.513179332289475,316.0,25.0,238.0,10.0,554.0,-4.76,
720575940614770498,central,unknown,4.105557322122424e-06,1.1689364234513236e-08,23.962930456021837,483.0,20.0,277.0,15.0,760.0,-4.11,
720575940630105931,sensory,olfactory,0.0,0.0,25.12900118652672,15.0,2.0,61.0,8.0,76.0,-0.0,
720575940632399691,central,unknown,0.0,0.0,23.62387196723124,416.0,32.0,182.0,15.0,598.0,-4.51,
720575940622733133,central,LHLN,0.0,1.70546482502208e-08,24.366199916544662,177.0,14.0,109.0,12.0,286.0,-3.63,
720575940632006481,central,Kenyon_Cell,0.0,0.0,24.688818412279403,164.0,8.0,26.0,2.0,190.0,-2.98,
720575940626534226,sensory,olfactory,0.0,1.0787540645837974e-10,25.13213207135908,72.0,10.0,206.0,11.0,278.0,-0.0,
720575940627353426,central,ALPN,0.0,3.460589257691577e-08,24.229980001050038,177.0,15.0,186.0,25.0,363.0,-2.66,
720575940631547729,central,unknown,4.410163187957314e-06,1.0975721688452675e-07,20.48900386373396,429.0,16.0,746.0,27.0,1175.0,-6.16,
720575940639182680,sensory,olfactory,0.0,0.0,25.10276993610156,5.0,1.0,66.0,5.0,71.0,-0.0,
720575940625485657,sensory,olfactory,0.0,2.613048613785647e-10,25.121003071400636,13.0,2.0,82.0,10.0,95.0,-0.0,
720575940608184156,central,Kenyon_Cell,0.0,0.0,24.27598672705521,53.0,3.0,35.0,1.0,88.0,-3.61,
720575940610412386,sensory,olfactory,0.0,0.0,24.0,0.0,0.0,53.0,9.0,53.0,-0.0,
720575940630630248,sensory,olfactory,0.0,0.0,24.0,0.0,0.0,40.0,5.0,40.0,-0.0,
720575940628205417,sensory,olfactory,0.0,0.0,25.0595241875372,15.0,2.0,34.0,4.0,49.0,-0.0,
720575940614180714,central,Kenyon_Cell,0.0,2.524127564262438e-09,24.36311873590434,57.0,5.0,31.0,3.0,88.0,-3.84,
720575940626993001,central,Kenyon_Cell,0.0,0.0,24.13502630198105,29.0,2.0,23.0,2.0,52.0,-4.21,
720575940637282167,central,ALPN,0.0,0.0,23.583180331891125,31.0,3.0,178.0,16.0,209.0,-4.11,
720575940650946425,central,ALPN,0.0,3.186279835459053e-10,24.358105114202026,43.0,5.0,123.0,13.0,166.0,-3.73,
720575940620177275,central,unknown,0.0,0.0,23.714914534411733,31.0,4.0,16.0,3.0,47.0,-4.62,
720575940638691200,central,Kenyon_Cell,0.0,0.0,24.44981352869005,122.0,9.0,41.0,3.0,163.0,-3.72,
720575940659400577,central,ALPN,0.0,0.0,23.765333491002465,99.0,10.0,426.0,51.0,525.0,-4.18,
720575940623486858,central,unknown,0.0,0.0,22.51198629523975,204.0,13.0,10.0,2.0,214.0,-4.87,
720575940628467611,central,ALPN,5.26968147894359e-05,3.743351608331784e-06,24.799361578457404,4579.0,143.0,10875.0,416.0,15454.0,-2.63,
720575940630990756,sensory,olfactory,0.0,2.613048613785647e-10,25.12249996095657,22.0,3.0,176.0,13.0,198.0,-0.0,
720575940632137636,central,unknown,0.0,2.593816923300128e-09,24.28941011908937,147.0,18.0,30.0,4.0,177.0,-3.54,
720575940620472235,central,unknown,0.0,3.067122623084496e-07,23.664034049318985,298.0,32.0,148.0,14.0,446.0,-4.41,
720575940622831541,sensory,olfactory,0.0,0.0,25.10706318349141,32.0,5.0,68.0,6.0,100.0,-0.0,
720575940623617973,central,ALPN,1.3243733297169112e-08,1.5508606673370492e-06,22.661148735592818,514.0,24.0,1772.0,66.0,2286.0,-4.84,
720575940626010042,central,unknown,0.0,6.187021169549417e-08,22.07600764477948,271.0,18.0,199.0,15.0,470.0,-5.53,
720575940639150013,central,unknown,0.0,2.434202722214653e-09,24.644724087146315,170.0,17.0,148.0,15.0,318.0,-3.52,
720575940605890505,central,unknown,0.0,0.0,23.907673328192768,54.0,6.0,121.0,8.0,175.0,-3.68,
720575940612607953,central,Kenyon_Cell,0.0,0.0,24.60682630227504,128.0,6.0,18.0,1.0,146.0,-3.34,
720575940611592154,central,Kenyon_Cell,0.0,0.0,24.64393848967627,86.0,5.0,11.0,1.0,97.0,-3.29,
720575940622634973,central,unknown,0.0,7.313630238426586e-08,24.05360505552473,407.0,29.0,110.0,12.0,517.0,-4.17,
720575940616310751,central,unknown,0.0,0.0,24.568367252907315,68.0,9.0,38.0,4.0,106.0,-3.61,
720575940616376287,descending,unknown,0.0,0.0,20.216956732594078,347.0,23.0,0.0,0.0,347.0,-5.8,
720575940624666604,central,LHLN,0.0,9.273232056554784e-09,24.65262678601005,266.0,19.0,162.0,21.0,428.0,-3.21,
720575940619259886,central,Kenyon_Cell,0.0,0.0,24.650005756482,85.0,6.0,25.0,2.0,110.0,-2.88,
720575940620537839,central,Kenyon_Cell,0.0,0.0,24.665347114204216,135.0,7.0,24.0,1.0,159.0,-2.98,
720575940612575230,central,Kenyon_Cell,0.0,0.0,24.381488911501016,65.0,6.0,19.0,1.0,84.0,-3.34,
720575940623650823,central,ALLN,2.330897060301764e-06,1.4587625501137246e-06,24.58177023249146,2574.0,118.0,1250.0,104.0,3824.0,-3.23,
720575940626567178,central,unknown,0.0,0.0,22.96360958788642,471.0,34.0,249.0,17.0,720.0,-5.62,
720575940615917580,central,LHLN,0.0,7.304205119542666e-10,24.78502035567881,720.0,34.0,352.0,30.0,1072.0,-3.09,
720575940622929944,central,LHLN,0.0,0.0,24.64335897697254,199.0,16.0,95.0,11.0,294.0,-3.16,
720575940617228315,central,Kenyon_Cell,0.0,0.0,24.584306397820225,166.0,9.0,37.0,4.0,203.0,-3.46,
720575940605431840,central,Kenyon_Cell,0.0,0.0,24.795177811148605,108.0,5.0,40.0,3.0,148.0,-2.77,
720575940608512046,central,unknown,0.0,1.1032880822310724e-10,24.33901003868418,62.0,8.0,69.0,5.0,131.0,-3.88,
720575940619358257,central,Kenyon_Cell,0.0,0.0,24.50494735475228,132.0,7.0,30.0,2.0,162.0,-3.48,
720575940614344755,sensory,olfactory,0.0,0.0,24.0,0.0,0.0,20.0,3.0,20.0,-0.0,
720575940646916148,central,unknown,0.0,8.58117694826032e-10,24.3762189975758,156.0,15.0,80.0,12.0,236.0,-3.67,
720575940616343611,central,Kenyon_Cell,0.0,0.0,24.737742250038664,136.0,8.0,34.0,1.0,170.0,-3.02,
720575940640559165,central,ALLN,0.0,1.3940095977435968e-09,24.335040274058628,85.0,10.0,363.0,25.0,448.0,-4.42,
720575940637118527,central,unknown,0.0,0.0,21.6748901359605,117.0,13.0,40.0,3.0,157.0,-5.61,
720575940621946945,visual_projection,unknown,0.0,1.4120227687100402e-07,22.458767509385908,278.0,19.0,184.0,8.0,462.0,-4.76,
720575940637806662,central,unknown,0.0,0.0,23.09294934374897,148.0,14.0,65.0,9.0,213.0,-4.44,
720575940626403400,central,Kenyon_Cell,0.0,0.0,23.747108753763115,41.0,3.0,24.0,1.0,65.0,-4.54,
720575940623781965,central,Kenyon_Cell,0.0,0.0,24.732074087177512,78.0,6.0,24.0,1.0,102.0,-2.97,
720575940638593102,central,Kenyon_Cell,0.0,0.0,24.63898394098584,152.0,9.0,29.0,2.0,181.0,-3.21,
720575940619620432,central,unknown,0.0,0.0,24.6376511278319,152.0,16.0,45.0,6.0,197.0,-3.33,
720575940631318609,sensory,olfactory,0.0,2.3075555433033211e-10,25.138778056608945,5.0,1.0,65.0,5.0,70.0,-0.0,
720575940640100440,central,unknown,0.0,1.5575279588482776e-06,20.92282537494994,193.0,17.0,302.0,11.0,495.0,-5.55,
720575940620603489,sensory,olfactory,0.0,0.0,25.119666600731964,23.0,4.0,64.0,5.0,87.0,-0.0,
720575940604645478,sensory,olfactory,0.0,0.0,25.07355407076648,10.0,2.0,41.0,3.0,51.0,-0.0,
720575940635119723,central,unknown,4.5717367341827776e-05,1.2586949915136157e-05,22.4562470957371,4257.0,172.0,1167.0,48.0,5424.0,-4.91,
720575940620177517,central,Kenyon_Cell,0.0,0.0,24.585606644955888,102.0,7.0,25.0,1.0,127.0,-3.23,
720575940638822515,sensory,olfactory,0.0,0.0,25.0883822082052,5.0,1.0,60.0,6.0,65.0,-0.0,
720575940620406900,sensory,olfactory,0.0,0.0,24.0,0.0,0.0,43.0,5.0,43.0,-0.0,
720575940636135543,central,Kenyon_Cell,0.0,0.0,24.584095513121262,82.0,6.0,20.0,1.0,102.0,-3.22,
720575940650946681,central,unknown,0.0,5.539621402733213e-10,24.42226689237283,262.0,23.0,49.0,4.0,311.0,-4.19,
720575940626600067,central,unknown,0.0,0.0,24.31616403445343,360.0,26.0,280.0,27.0,640.0,-4.15,
720575940626632837,central,Kenyon_Cell,0.0,0.0,24.56713036195188,120.0,6.0,18.0,1.0,138.0,-3.23,
720575940620472454,central,unknown,0.0,1.0817651787900181e-07,24.48886316004339,795.0,59.0,461.0,43.0,1256.0,-3.33,
720575940620112007,central,LHLN,0.0,0.0,24.37434827356261,63.0,6.0,67.0,10.0,130.0,-3.43,
720575940625584265,central,unknown,0.0,0.0,24.051932647114928,182.0,18.0,68.0,6.0,250.0,-4.43,
720575940626698377,central,Kenyon_Cell,0.0,0.0,24.64869477727669,138.0,7.0,42.0,2.0,180.0,-3.0,
720575940628238473,central,unknown,0.0,2.661146329122613e-08,24.7181910309647,73.0,5.0,96.0,12.0,169.0,-3.14,
720575940627157135,sensory,olfactory,0.0,0.0,25.118557370430445,6.0,1.0,55.0,4.0,61.0,-0.0,
720575940624601236,central,Kenyon_Cell,0.0,0.0,24.022640041616505,34.0,2.0,29.0,2.0,63.0,-4.39,
720575940611068053,sensory,olfactory,0.0,3.4612763345055437e-10,25.124945393187108,32.0,3.0,211.0,13.0,243.0,-0.0,
720575940625354904,central,Kenyon_Cell,0.0,5.111692864386291e-09,24.40610710591216,66.0,7.0,39.0,2.0,105.0,-3.61,
720575940613623961,central,unknown,0.0,1.6231068678304322e-08,24.02443921439858,412.0,31.0,167.0,15.0,579.0,-4.55,
720575940616999069,sensory,thermosensory,0.0,2.528051573031555e-07,23.870250525633555,382.0,16.0,1202.0,32.0,1584.0,-4.53,
720575940642492576,central,ALPN,0.0,4.367044444891487e-07,23.97964727349421,130.0,12.0,841.0,75.0,971.0,-3.79,
720575940610052266,central,ALPN,2.264678393815918e-06,5.91889936409036e-07,24.48897587807376,129.0,15.0,437.0,49.0,566.0,-2.2,
720575940605661361,sensory,olfactory,0.0,1.3423791998950226e-10,25.0950255320075,31.0,4.0,77.0,8.0,108.0,-0.0,
720575940605792434,central,Kenyon_Cell,0.0,0.0,23.76073033097009,35.0,2.0,29.0,2.0,64.0,-4.54,
720575940610773171,central,Kenyon_Cell,0.0,7.518969436500936e-10,24.044164392981504,48.0,4.0,46.0,3.0,94.0,-4.23,
720575940620177601,sensory,olfactory,0.0,6.074324948291191e-10,25.096841479207427,29.0,2.0,23.0,3.0,52.0,-0.0,
720575940621750465,central,unknown,0.0,2.010280606995013e-09,24.39945039597342,121.0,17.0,131.0,10.0,252.0,-3.57,
720575940610511043,central,ALPN,0.0,3.4618388107915734e-09,21.822665667280223,108.0,6.0,251.0,25.0,359.0,-4.28,
720575940630958277,central,unknown,0.0,3.615469338336927e-10,24.271674401236627,105.0,6.0,89.0,9.0,194.0,-3.24,
720575940630106309,descending,unknown,0.0,4.8418533404140236e-08,19.545766614943663,132.0,11.0,500.0,13.0,632.0,-6.11,
720575940622700749,sensory,hygrosensory,0.0,0.0,24.489951899036026,168.0,17.0,218.0,16.0,386.0,-3.84,
720575940609921230,central,Kenyon_Cell,0.0,0.0,24.33191769699572,23.0,3.0,35.0,3.0,58.0,-3.76,
720575940619456728,central,ALPN,2.728209059216837e-06,4.169825174150671e-06,24.81855278023972,897.0,83.0,2430.0,175.0,3327.0,-2.34,
720575940629287132,central,unknown,0.0,3.1532698326593123e-10,20.88001364593997,306.0,10.0,438.0,17.0,744.0,-6.26,
720575940622438621,central,unknown,0.0,1.526638725080359e-09,23.954506367991552,30.0,5.0,18.0,2.0,48.0,-4.02,
720575940633186530,central,unknown,0.0,2.450670249094236e-08,20.263303306652325,89.0,13.0,131.0,8.0,220.0,-5.54,
720575940636561636,central,Kenyon_Cell,0.0,0.0,24.634531135428222,100.0,6.0,14.0,1.0,114.0,-3.12,
720575940611035365,central,Kenyon_Cell,0.0,0.0,24.65710182388733,123.0,8.0,26.0,2.0,149.0,-3.29,
720575940624470247,central,unknown,0.0,2.7035383721373465e-08,22.31022704073874,155.0,17.0,177.0,14.0,332.0,-4.95,
720575940636561641,central,Kenyon_Cell,0.0,0.0,24.279412572260203,49.0,4.0,45.0,3.0,94.0,-3.73,
720575940623880427,central,unknown,0.0,0.0,24.601716433906155,218.0,20.0,44.0,6.0,262.0,-3.42,
720575940612870381,central,Kenyon_Cell,0.0,0.0,24.787925053404827,127.0,6.0,24.0,1.0,151.0,-2.85,
720575940620931312,central,ALPN,1.8859076215168816e-05,4.4832538294537285e-06,23.36747117633004,677.0,32.0,615.0,49.0,1292.0,-4.65,
720575940628304113,central,Kenyon_Cell,0.0,0.0,24.52689295588241,123.0,7.0,25.0,1.0,148.0,-3.38,
720575940635545848,central,unknown,0.0,0.0,24.4200137587127,317.0,30.0,59.0,6.0,376.0,-3.66,
720575940622668031,central,unknown,0.0,0.0,22.164057854033416,248.0,18.0,64.0,7.0,312.0,-5.68,
720575940628861188,central,ALLN,0.0,2.66736348264576e-07,23.49762600587626,466.0,52.0,254.0,19.0,720.0,-4.16,
720575940608708875,central,Kenyon_Cell,0.0,0.0,24.63318944421805,99.0,6.0,20.0,1.0,119.0,-3.19,
720575940621914381,sensory,olfactory,0.0,2.613048613785647e-10,25.10911485020824,15.0,2.0,70.0,5.0,85.0,-0.0,
720575940625781009,central,Kenyon_Cell,0.0,0.0,24.536599316776133,100.0,6.0,18.0,1.0,118.0,-3.15,
720575940612542742,central,unknown,1.059498663773529e-07,0.0,23.374236584863684,792.0,35.0,512.0,28.0,1304.0,-5.11,
720575940646097175,central,unknown,0.0,0.0,23.86767644028401,70.0,6.0,88.0,4.0,158.0,-4.65,
720575940622930200,central,unknown,0.0,3.883768374964413e-08,23.484973718840195,174.0,23.0,112.0,12.0,286.0,-3.75,
720575940632531231,central,Kenyon_Cell,0.0,0.0,24.692235400533608,115.0,7.0,25.0,1.0,140.0,-3.16,
720575940606218528,central,unknown,1.3243733297169112e-08,4.20121197991725e-07,20.240445187977475,196.0,19.0,723.0,24.0,919.0,-5.9,
720575940625781029,central,Kenyon_Cell,0.0,0.0,24.50952759871239,112.0,8.0,33.0,3.0,145.0,-3.29,
720575940623847728,central,unknown,0.0,0.0,22.25122640683462,129.0,5.0,22.0,2.0,151.0,-5.71,
720575940639314229,descending,unknown,0.0,6.836225612493669e-06,21.12020214188589,114.0,11.0,420.0,33.0,534.0,-4.65,
720575940618080566,sensory,olfactory,0.0,0.0,24.0,0.0,0.0,65.0,9.0,65.0,-0.0,
720575940631875896,central,unknown,0.0,3.173958673253828e-07,23.098546639586296,676.0,39.0,615.0,40.0,1291.0,-5.15,
720575940627321146,central,unknown,0.0,2.1300267842330215e-08,24.649886554057417,391.0,21.0,272.0,27.0,663.0,-3.77,
720575940618277184,central,ALPN,9.946043706174004e-06,6.140181285926045e-06,24.671015745635337,1244.0,96.0,3353.0,234.0,4597.0,-2.38,
720575940631351619,central,Kenyon_Cell,0.0,0.0,23.865633194415608,35.0,4.0,67.0,4.0,102.0,-4.39,
720575940626698568,sensory,olfactory,0.0,0.0,25.098862141668512,24.0,3.0,106.0,7.0,130.0,-0.0,
720575940621291852,sensory,olfactory,0.0,1.8248985198016475e-10,25.089055643492884,11.0,2.0,68.0,4.0,79.0,-0.0,
720575940618473808,central,Kenyon_Cell,0.0,0.0,24.716088437977184,71.0,7.0,25.0,1.0,96.0,-3.18,
720575940633317713,central,unknown,0.0,1.243525183454532e-07,23.1299808745944,102.0,5.0,15.0,2.0,117.0,-5.75,
720575940626043218,central,ALPN,0.0,2.5790917962552854e-07,23.30846329411277,797.0,45.0,1398.0,47.0,2195.0,-4.28,
720575940630532439,sensory,olfactory,0.0,0.0,24.999182823952093,5.0,1.0,62.0,3.0,67.0,-0.0,
720575940620505435,central,LHLN,0.0,7.781650088370851e-10,24.716498970350614,274.0,23.0,129.0,13.0,403.0,-3.06,
720575940634399071,sensory,olfactory,0.0,0.0,24.0,0.0,0.0,52.0,5.0,52.0,-0.0,
720575940635119967,central,unknown,0.0,9.312425788355728e-11,24.116253084065296,394.0,33.0,221.0,16.0,615.0,-4.05,
720575940625584484,central,ALLN,0.0,2.11053313437818e-06,24.631516115239688,1416.0,118.0,2496.0,151.0,3912.0,-3.14,
720575940606775654,central,Kenyon_Cell,0.0,0.0,24.701830314434208,127.0,6.0,28.0,2.0,155.0,-2.97,
720575940631908712,central,LHLN,0.0,0.0,24.689629590320585,273.0,26.0,94.0,12.0,367.0,-3.13,
720575940615000426,central,unknown,0.0,0.0,24.47752602578485,160.0,17.0,43.0,5.0,203.0,-3.33,
720575940638888307,central,Kenyon_Cell,0.0,0.0,24.760496608524463,115.0,7.0,21.0,1.0,136.0,-2.82,
720575940618932603,central,unknown,7.946239978301468e-08,1.6199271773121963e-08,24.16154897952348,812.0,40.0,1309.0,191.0,2121.0,-3.81,
720575940622209404,central,LHLN,0.0,3.822335305659785e-10,24.73643218059997,469.0,33.0,200.0,23.0,669.0,-3.3,
720575940622176648,central,unknown,0.0,0.0,23.813036035115285,134.0,14.0,24.0,4.0,158.0,-5.24,
720575940626698633,central,Kenyon_Cell,0.0,0.0,24.55625717475132,47.0,4.0,41.0,1.0,88.0,-3.33,
720575940615885195,sensory,olfactory,0.0,0.0,24.999182823952093,6.0,1.0,55.0,6.0,61.0,-0.0,
720575940614869387,central,Kenyon_Cell,0.0,2.627724860549427e-10,24.539890780973177,29.0,3.0,34.0,2.0,63.0,-2.93,
720575940627779983,central,unknown,0.0,0.0,20.35234097498389,144.0,10.0,34.0,2.0,178.0,-5.38,
720575940623913364,central,ALPN,6.092117316697791e-07,3.1870770532828383e-06,24.656959474339345,1825.0,88.0,2432.0,187.0,4257.0,-3.17,
720575940615983510,central,unknown,0.0,5.948497384564924e-09,24.891908389966545,22.0,2.0,18.0,3.0,40.0,-2.89,
720575940633907607,central,Kenyon_Cell,0.0,0.0,24.640678168704905,140.0,8.0,27.0,1.0,167.0,-3.25,
720575940617720221,sensory,olfactory,0.0,0.0,25.14643386390142,20.0,3.0,125.0,9.0,145.0,-0.0,
720575940618539422,sensory,olfactory,0.0,8.730751621369782e-09,25.145490616517005,117.0,10.0,239.0,13.0,356.0,-0.0,
720575940618211742,central,Kenyon_Cell,0.0,0.0,24.730659853402383,66.0,5.0,24.0,1.0,90.0,-2.96,
720575940655010209,sensory,olfactory,0.0,0.0,25.12780585368726,40.0,6.0,85.0,6.0,125.0,-0.0,
720575940654879137,central,Kenyon_Cell,0.0,0.0,24.62477406501769,129.0,7.0,25.0,1.0,154.0,-3.14,
720575940639543715,central,Kenyon_Cell,0.0,0.0,24.32702736504636,40.0,4.0,31.0,2.0,71.0,-3.6,
720575940621226405,central,DAN,0.0,0.0,23.50808779770913,1851.0,130.0,184.0,27.0,2035.0,-4.68,
720575940611002803,central,unknown,0.0,0.0,22.152627346655382,40.0,6.0,67.0,4.0,107.0,-4.84,
720575940634988991,central,LHLN,0.0,5.636612164799401e-10,24.648257408272848,197.0,21.0,23.0,3.0,220.0,-3.08,
720575940628697538,central,unknown,0.0,1.0939627299320071e-10,23.158156614701525,206.0,19.0,142.0,15.0,348.0,-4.92,
720575940608545219,central,unknown,3.297689590995109e-06,2.431679849424594e-07,20.58522309089316,2438.0,75.0,2518.0,64.0,4956.0,-5.76,
720575940623225284,central,Kenyon_Cell,0.0,0.0,24.62453478872857,97.0,7.0,22.0,2.0,119.0,-3.16,
720575940625977802,central,ALLN,1.0859861303678672e-06,7.51897206447151e-06,24.57187302808793,2686.0,120.0,843.0,56.0,3529.0,-3.52,
720575940630991308,sensory,olfactory,0.0,0.0,25.14186321473966,10.0,1.0,74.0,6.0,84.0,-0.0,
720575940622242253,sensory,olfactory,0.0,1.2650174451536826e-09,25.15522957708139,340.0,19.0,924.0,33.0,1264.0,-0.0,
720575940624175565,central,ALPN,0.0,1.167369065910089e-07,24.81960216311074,98.0,15.0,227.0,20.0,325.0,-2.27,
720575940631941587,sensory,olfactory,0.0,0.0,25.108939145116224,18.0,2.0,106.0,8.0,124.0,-0.0,
720575940633186771,central,Kenyon_Cell,0.0,0.0,24.64740029163643,66.0,6.0,12.0,1.0,78.0,-3.18,
720575940608152021,central,Kenyon_Cell,0.0,0.0,24.734861215281583,72.0,6.0,24.0,1.0,96.0,-2.88,
720575940608971221,central,unknown,0.0,1.4368558612033083e-08,24.285795157322053,479.0,41.0,137.0,13.0,616.0,-3.61,
720575940617032148,central,unknown,0.0,0.0,22.349736518978677,118.0,9.0,126.0,4.0,244.0,-4.82,
720575940612444645,central,unknown,0.0,6.3030326169482085e-09,23.53257817284613,579.0,44.0,108.0,12.0,687.0,-4.76,
720575940637970921,central,Kenyon_Cell,0.0,0.0,24.27682545718905,64.0,2.0,26.0,1.0,90.0,-3.79,
720575940625879537,central,ALPN,0.0,0.0,24.322265627836654,43.0,6.0,142.0,19.0,185.0,-3.67,
720575940619620852,central,ALPN,0.0,2.5377752224649225e-07,24.515162906851614,195.0,18.0,670.0,50.0,865.0,-2.12,
720575940620866036,central,unknown,0.0,2.879072455906329e-10,19.563423017251274,231.0,13.0,88.0,7.0,319.0,-6.67,
720575940630696443,central,Kenyon_Cell,0.0,0.0,24.700735758598857,83.0,5.0,30.0,2.0,113.0,-2.87,
720575940628599296,sensory,olfactory,0.0,1.939581762404445e-09,25.15517465804502,370.0,20.0,960.0,38.0,1330.0,-0.0,
720575940606611977,central,unknown,0.0,5.185215796507136e-09,23.89429175654729,145.0,14.0,149.0,11.0,294.0,-4.1,
720575940608283147,sensory,olfactory,0.0,6.854646099919751e-09,25.072346298824748,5.0,1.0,45.0,7.0,50.0,-0.0,
720575940624699918,central,Kenyon_Cell,0.0,0.0,24.32345072884444,101.0,9.0,24.0,2.0,125.0,-4.01,
720575940625977870,central,unknown,0.0,2.3977690715274926e-08,22.34545173556039,25.0,3.0,699.0,40.0,724.0,-3.51,
720575940625355281,central,unknown,0.0,0.0,22.61817071085191,17.0,3.0,29.0,3.0,46.0,-3.92,
720575940625715733,central,Kenyon_Cell,0.0,0.0,24.68753740403183,101.0,6.0,18.0,1.0,119.0,-3.16,
720575940622930456,central,unknown,0.0,0.0,24.54672429511566,422.0,43.0,91.0,10.0,513.0,-3.61,
720575940622864920,central,Kenyon_Cell,0.0,0.0,23.45557932695893,36.0,2.0,29.0,1.0,65.0,-4.67,
720575940632465945,central,Kenyon_Cell,0.0,0.0,24.29985204899616,41.0,2.0,31.0,1.0,72.0,-3.76,
720575940632793645,central,unknown,0.0,2.0138440275555606e-09,23.71809910489523,608.0,48.0,307.0,23.0,915.0,-4.0,
720575940632203823,central,Kenyon_Cell,0.0,0.0,24.551386774486428,71.0,6.0,26.0,2.0,97.0,-3.28,
720575940638855733,sensory,olfactory,0.0,0.0,24.0,0.0,0.0,23.0,4.0,23.0,-0.0,
720575940638528053,central,unknown,0.0,0.0,23.757304296301644,392.0,32.0,75.0,10.0,467.0,-5.06,
720575940630336057,central,Kenyon_Cell,0.0,0.0,24.5537513374276,70.0,4.0,38.0,3.0,108.0,-3.62,
720575940616376891,central,unknown,0.0,4.5708473225317563e-07,23.29599753474644,72.0,9.0,122.0,12.0,194.0,-3.52,
720575940615262786,central,Kenyon_Cell,0.0,0.0,24.62068079636772,97.0,8.0,12.0,1.0,109.0,-3.12,
720575940616704581,sensory,olfactory,0.0,0.0,25.18971876743752,6.0,1.0,92.0,4.0,98.0,-0.0,
720575940637610566,central,unknown,0.0,6.044048217744734e-09,22.90597014088263,267.0,22.0,109.0,10.0,376.0,-4.82,
720575940631056971,central,Kenyon_Cell,0.0,4.5884428600632255e-10,24.332391103872087,75.0,4.0,53.0,3.0,128.0,-3.93,
720575940624699981,central,Kenyon_Cell,0.0,0.0,24.545615606687072,124.0,6.0,33.0,1.0,157.0,-3.4,
720575940628632143,central,unknown,0.0,0.0,23.040515499670697,123.0,9.0,46.0,5.0,169.0,-4.79,
720575940630958673,sensory,olfactory,0.0,0.0,25.072346298824748,6.0,1.0,84.0,9.0,90.0,-0.0,
720575940626895442,central,Kenyon_Cell,0.0,0.0,24.60287225374293,116.0,7.0,23.0,1.0,139.0,-3.12,
720575940639117912,central,Kenyon_Cell,0.0,0.0,24.711166440466314,132.0,7.0,19.0,1.0,151.0,-3.21,
720575940608053852,sensory,olfactory,0.0,8.444108297298294e-10,25.09304125009622,52.0,6.0,107.0,7.0,159.0,-0.0,
720575940621292126,central,LHLN,0.0,1.2296873999228516e-11,24.65703408986281,597.0,34.0,300.0,28.0,897.0,-3.14,
720575940635054687,central,unknown,0.0,0.0,24.025652928179877,282.0,24.0,37.0,5.0,319.0,-4.94,
720575940623192675,sensory,olfactory,0.0,0.0,24.0,0.0,0.0,12.0,2.0,12.0,-0.0,
720575940626174564,central,unknown,0.0,1.2346327431650062e-07,24.308569082403945,487.0,45.0,343.0,28.0,830.0,-3.95,
720575940629254759,central,Kenyon_Cell,0.0,2.9646566651397194e-09,24.61374540845976,114.0,6.0,26.0,2.0,140.0,-3.21,
720575940611428977,central,unknown,0.0,2.442139543914332e-09,21.80041506791455,386.0,20.0,337.0,17.0,723.0,-5.42,
720575940619883124,central,unknown,0.0,0.0,22.556735425004668,26.0,3.0,8.0,1.0,34.0,-5.22,
720575940636299895,central,unknown,0.0,0.0,24.433235532230952,58.0,6.0,146.0,9.0,204.0,-3.3,
720575940624994941,central,Kenyon_Cell,0.0,7.518969436500936e-10,24.551796469208902,64.0,3.0,41.0,3.0,105.0,-3.48,
720575940647473796,central,unknown,4.1452885220139324e-06,6.507078024769454e-07,22.95943279265288,938.0,40.0,113.0,12.0,1051.0,-5.36,
720575940618572422,central,Kenyon_Cell,0.0,0.0,24.03890200532308,24.0,2.0,33.0,2.0,57.0,-4.37,
720575940630991500,central,unknown,0.0,1.2885175949883147e-08,24.082073824814746,530.0,43.0,394.0,33.0,924.0,-4.09,
720575940614476434,central,unknown,0.0,2.2760478738401637e-08,23.65536819417981,379.0,35.0,269.0,14.0,648.0,-4.7,
720575940629058203,central,LHLN,0.0,0.0,24.37951875951665,241.0,19.0,104.0,7.0,345.0,-3.45,
720575940614378143,central,unknown,0.0,0.0,21.529086479052392,13.0,2.0,48.0,7.0,61.0,-4.23,
720575940614673058,central,unknown,0.0,6.553742143974887e-09,24.357602696870572,581.0,30.0,229.0,14.0,810.0,-3.5,
720575940620243621,central,unknown,0.0,2.0478331741833582e-09,24.0535767629134,48.0,2.0,85.0,5.0,133.0,-4.1,
720575940621226661,central,unknown,0.0,1.175473313163718e-09,24.18558001479561,41.0,5.0,36.0,6.0,77.0,-4.03,
720575940614443687,central,unknown,0.0,3.3273573371203206e-08,24.581136302554448,365.0,26.0,113.0,12.0,478.0,-3.26,
720575940620210854,central,Kenyon_Cell,0.0,0.0,24.15466081954265,38.0,2.0,32.0,3.0,70.0,-4.1,
720575940636431022,central,Kenyon_Cell,0.0,0.0,24.506720127104945,115.0,5.0,27.0,2.0,142.0,-3.16,
720575940613690031,central,Kenyon_Cell,0.0,3.7906276011976156e-10,24.471688708998737,51.0,5.0,40.0,4.0,91.0,-3.69,
720575940635513524,central,unknown,0.0,1.3452360249655288e-08,24.09547207394056,904.0,51.0,189.0,15.0,1093.0,-4.51,
720575940619686593,central,unknown,0.0,0.0,23.05554350865651,27.0,4.0,109.0,6.0,136.0,-4.69,
720575940630368965,sensory,olfactory,0.0,0.0,24.0,0.0,0.0,69.0,8.0,69.0,-0.0,
720575940630696645,sensory,olfactory,0.0,7.116089271318261e-09,25.03017685852789,50.0,6.0,115.0,10.0,165.0,-0.0,
720575940642624200,central,Kenyon_Cell,0.0,0.0,24.258076164070182,63.0,4.0,51.0,5.0,114.0,-4.6,
720575940610872014,descending,unknown,0.0,8.475563302493889e-07,21.2527040493496,224.0,16.0,71.0,6.0,295.0,-5.52,
720575940630139599,central,Kenyon_Cell,0.0,4.80917395944192e-10,24.21426254981841,41.0,3.0,26.0,2.0,67.0,-3.41,
720575940612674257,sensory,olfactory,0.0,6.074324948291191e-10,25.10923337087576,48.0,5.0,144.0,11.0,192.0,-0.0,
720575940614116049,central,unknown,0.0,0.0,24.379695921410764,174.0,15.0,204.0,17.0,378.0,-3.38,
720575940616311513,sensory,olfactory,0.0,2.980797008497071e-09,25.058612944935096,169.0,15.0,215.0,16.0,384.0,-0.0,
720575940620178141,central,LHLN,0.0,0.0,24.568868958767048,77.0,7.0,135.0,12.0,212.0,-3.25,
720575940623356651,central,unknown,0.0,4.432150857786201e-09,23.255523544685463,423.0,35.0,424.0,28.0,847.0,-5.35,
720575940624405228,central,Kenyon_Cell,0.0,0.0,24.68629206930733,65.0,4.0,23.0,1.0,88.0,-3.09,
720575940613493485,central,unknown,0.0,1.5507884422914648e-11,23.407028400514097,434.0,41.0,45.0,4.0,479.0,-4.71,
720575940624405235,central,unknown,0.0,6.542502624237057e-08,24.52707775353972,271.0,26.0,50.0,5.0,321.0,-3.36,
720575940651864822,central,Kenyon_Cell,0.0,0.0,23.930939205955244,37.0,2.0,20.0,1.0,57.0,-4.29,
720575940627911415,central,unknown,0.0,0.0,22.24617359086309,73.0,5.0,0.0,0.0,73.0,-6.18,
720575940633580280,central,unknown,0.0,0.0,23.046500010399928,40.0,7.0,23.0,3.0,63.0,-4.88,
720575940630598395,central,Kenyon_Cell,0.0,0.0,24.49418857540333,79.0,5.0,22.0,1.0,101.0,-3.21,
720575940627452668,sensory,olfactory,0.0,0.0,24.0,0.0,0.0,50.0,6.0,50.0,-0.0,
720575940630008571,central,LHCENT,0.0,0.0,23.43557660329582,114.0,14.0,144.0,17.0,258.0,-4.02,
720575940621521663,central,Kenyon_Cell,0.0,0.0,24.44828754842556,110.0,9.0,23.0,1.0,133.0,-3.8,
720575940621456127,central,unknown,0.0,2.336924747377084e-09,24.38510945044754,124.0,10.0,82.0,10.0,206.0,-3.46,
720575940625814274,sensory,olfactory,0.0,5.5463108080688736e-08,25.18831678313088,39.0,4.0,177.0,16.0,216.0,-0.0,
720575940627059460,central,Kenyon_Cell,0.0,0.0,24.68074309210086,107.0,6.0,24.0,1.0,131.0,-3.43,
720575940628239110,central,Kenyon_Cell,0.0,0.0,24.45801795936297,153.0,8.0,26.0,1.0,179.0,-3.59,
720575940628697872,central,Kenyon_Cell,0.0,0.0,24.70231682599888,89.0,6.0,20.0,1.0,109.0,-3.01,
720575940631253778,central,unknown,0.0,0.0,24.506026207673408,92.0,12.0,12.0,2.0,104.0,-3.66,
720575940620997396,visual_projection,unknown,0.0,2.8142085603303545e-10,21.631080479084705,190.0,18.0,271.0,16.0,461.0,-5.17,
720575940610773782,central,ALPN,0.0,0.0,22.718278572026367,298.0,20.0,548.0,28.0,846.0,-4.41,
720575940622930712,central,unknown,0.0,2.664253764339129e-08,24.117277244980624,450.0,35.0,54.0,7.0,504.0,-4.42,
720575940633940761,sensory,olfactory,0.0,0.0,24.0,0.0,0.0,61.0,6.0,61.0,-0.0,
720575940632335129,central,Kenyon_Cell,0.0,0.0,24.7520070320742,91.0,7.0,25.0,1.0,116.0,-3.19,
720575940605694752,ascending,AN,0.0,3.786156192469238e-07,21.19665758274361,353.0,25.0,399.0,25.0,752.0,-5.78,
720575940620997409,sensory,olfactory,0.0,4.87711430223046e-08,25.166916006067996,41.0,5.0,224.0,15.0,265.0,-0.0,
720575940604810016,central,unknown,0.0,3.362843505785816e-09,24.179182706877075,81.0,12.0,158.0,17.0,239.0,-4.53,
720575940625781541,central,Kenyon_Cell,0.0,8.227190468435112e-10,24.41577333165256,56.0,6.0,51.0,4.0,107.0,-3.75,
720575940628009771,sensory,olfactory,0.0,0.0,25.1114121467258,11.0,2.0,93.0,9.0,104.0,-0.0,
720575940628599595,sensory,olfactory,0.0,0.0,25.138844627865957,38.0,5.0,188.0,9.0,226.0,-0.0,
720575940618277681,central,Kenyon_Cell,0.0,0.0,24.209677756536006,40.0,3.0,64.0,5.0,104.0,-4.15,
720575940647703348,visual_projection,unknown,0.0,5.015641042703705e-09,20.757022421829973,110.0,8.0,430.0,26.0,540.0,-5.37,
720575940638626613,central,Kenyon_Cell,0.0,4.4426839006816823e-10,23.99362970365223,51.0,3.0,46.0,4.0,97.0,-4.95,
720575940628173623,central,unknown,0.0,4.273709671582156e-09,22.003572201196587,23.0,3.0,93.0,3.0,116.0,-5.18,
720575940631057209,central,Kenyon_Cell,0.0,0.0,24.709847793758104,143.0,8.0,24.0,1.0,167.0,-3.16,
720575940618146619,central,ALPN,0.0,0.0,24.709418037656427,58.0,7.0,203.0,17.0,261.0,-3.53,
720575940619260737,central,Kenyon_Cell,0.0,0.0,24.675998151188825,97.0,8.0,20.0,1.0,117.0,-3.17,
720575940624044873,central,Kenyon_Cell,0.0,0.0,24.612863828632,66.0,6.0,18.0,1.0,84.0,-3.37,
720575940624274249,central,unknown,0.0,9.579339502927753e-08,20.01267849829921,201.0,17.0,115.0,10.0,316.0,-5.66,
720575940631319371,central,unknown,0.0,3.431018988903915e-11,23.555288664800088,22.0,4.0,41.0,5.0,63.0,-4.06,
720575940620407628,central,Kenyon_Cell,0.0,0.0,24.72938998412922,105.0,6.0,10.0,1.0,115.0,-3.04,
720575940627321674,central,unknown,0.0,0.0,22.94329916658321,191.0,17.0,114.0,15.0,305.0,-5.12,
720575940638561102,central,Kenyon_Cell,0.0,0.0,24.304903631567115,48.0,4.0,33.0,2.0,81.0,-3.74,
720575940632105809,central,Kenyon_Cell,0.0,0.0,24.595773337776688,138.0,9.0,46.0,1.0,184.0,-3.17,
720575940631450451,sensory,olfactory,0.0,2.7866659320427814e-09,25.1243694153812,73.0,6.0,292.0,17.0,365.0,-0.0,
720575940637938522,central,unknown,0.0,0.0,24.55196699014269,329.0,26.0,111.0,9.0,440.0,-3.27,
720575940634235744,central,Kenyon_Cell,0.0,0.0,24.39689487465481,86.0,6.0,35.0,2.0,121.0,-3.35,
720575940645344110,central,Kenyon_Cell,0.0,0.0,24.455599923031578,186.0,10.0,20.0,1.0,206.0,-3.35,
720575940615754613,central,Kenyon_Cell,0.0,0.0,24.731590240016352,162.0,7.0,23.0,1.0,185.0,-2.95,
720575940611527544,central,LHLN,0.0,3.250033920233455e-08,24.668045075103493,290.0,24.0,201.0,22.0,491.0,-3.19,
720575940625159043,central,unknown,0.0,0.0,24.288511157031817,218.0,13.0,53.0,3.0,271.0,-3.96,
720575940646785924,sensory,thermosensory,0.0,3.697218334156617e-09,24.635888594017388,280.0,18.0,351.0,26.0,631.0,-3.41,
720575940622996360,central,Kenyon_Cell,0.0,0.0,24.591756263249884,62.0,5.0,23.0,1.0,85.0,-3.3,
720575940635153294,central,Kenyon_Cell,0.0,0.0,24.28943109222343,36.0,3.0,50.0,4.0,86.0,-3.81,
720575940632728476,central,Kenyon_Cell,0.0,0.0,24.2799371033409,58.0,6.0,16.0,1.0,74.0,-4.05,
720575940619522974,central,unknown,0.0,2.4468885962454884e-09,21.58599101949641,327.0,19.0,332.0,15.0,659.0,-5.39,
720575940632433572,central,unknown,0.0,1.1608878884082684e-08,24.63521477116636,308.0,20.0,169.0,21.0,477.0,-3.6,
720575940621226917,central,unknown,0.0,8.42458803570285e-08,23.91695758356836,286.0,35.0,203.0,16.0,489.0,-3.84,
720575940619654053,descending,unknown,0.0,1.4500058583408506e-07,20.338709366070574,235.0,17.0,19.0,3.0,254.0,-5.49,
720575940621030320,central,unknown,0.0,0.0,24.118560926396373,352.0,18.0,280.0,18.0,632.0,-3.86,
720575940604941234,central,unknown,0.0,3.838081057859693e-08,24.23853095657998,164.0,17.0,77.0,9.0,241.0,-3.61,
720575940634792884,central,unknown,0.0,0.0,24.32309961158386,616.0,39.0,268.0,24.0,884.0,-3.64,
720575940620538806,sensory,olfactory,0.0,0.0,24.0,0.0,0.0,109.0,15.0,109.0,-0.0,
720575940637316029,central,Kenyon_Cell,0.0,0.0,23.905452345834075,38.0,3.0,21.0,2.0,59.0,-4.37,
720575940628599746,sensory,olfactory,0.0,0.0,25.0967749098225,37.0,6.0,151.0,13.0,188.0,-0.0,
720575940629746626,central,Kenyon_Cell,0.0,0.0,24.62650714387612,150.0,8.0,20.0,1.0,170.0,-3.21,
720575940630696901,sensory,olfactory,0.0,4.677409522765569e-09,25.13857993859773,105.0,14.0,190.0,14.0,295.0,-0.0,
720575940615885766,central,unknown,0.0,7.237012730693504e-11,24.09939368129717,84.0,11.0,74.0,9.0,158.0,-3.52,
720575940618802123,sensory,olfactory,0.0,0.0,25.21916528977069,7.0,1.0,72.0,9.0,79.0,-0.0,
720575940631253967,sensory,olfactory,0.0,0.0,25.075794266581717,11.0,2.0,46.0,4.0,57.0,-0.0,
720575940633940947,central,unknown,0.0,1.7103567918378929e-07,22.17465604532968,945.0,46.0,187.0,13.0,1132.0,-5.01,
720575940617917396,descending,unknown,0.0,4.474234222016592e-11,19.81679278664583,568.0,24.0,81.0,5.0,649.0,-6.03,
720575940616934361,sensory,olfactory,0.0,0.0,25.15067612524473,5.0,1.0,50.0,8.0,55.0,-0.0,
720575940640986075,central,ALLN,0.0,3.249691812204345e-07,24.536668437487485,545.0,54.0,1055.0,92.0,1600.0,-3.64,
720575940628829148,central,Kenyon_Cell,0.0,0.0,24.37749097794456,92.0,7.0,21.0,2.0,113.0,-3.43,
720575940621456349,sensory,olfactory,0.0,0.0,25.10276993610156,9.0,1.0,57.0,5.0,66.0,-0.0,
720575940614378463,sensory,olfactory,0.0,0.0,25.144375557643237,38.0,7.0,72.0,7.0,110.0,-0.0,
720575940617327590,central,ALLN,0.0,1.608370141745971e-09,24.30808779271101,142.0,13.0,132.0,13.0,274.0,-4.21,
720575940620440559,central,Kenyon_Cell,0.0,0.0,24.683724979247582,142.0,8.0,27.0,1.0,169.0,-3.24,
720575940621423604,central,unknown,0.0,8.733360520220025e-08,24.097135262199608,67.0,7.0,116.0,11.0,183.0,-4.56,
720575940641084405,central,Kenyon_Cell,0.0,0.0,24.62942972304085,94.0,6.0,24.0,2.0,118.0,-2.9,
720575940636627960,central,unknown,0.0,0.0,24.17439543478025,89.0,12.0,6.0,1.0,95.0,-3.12,
720575940630107131,sensory,olfactory,0.0,0.0,25.129627426664666,19.0,3.0,165.0,11.0,184.0,-0.0,
720575940612576254,central,Kenyon_Cell,0.0,0.0,24.6443885402844,83.0,7.0,12.0,1.0,95.0,-3.09,
720575940621554693,sensory,olfactory,0.0,0.0,24.0,0.0,0.0,61.0,6.0,61.0,-0.0,
720575940621620229,central,ALPN,0.0,6.229363553724744e-08,24.41374674532236,84.0,10.0,432.0,32.0,516.0,-3.51,
720575940623455239,central,unknown,5.2974933188676455e-08,1.984191297440877e-08,18.865446663653888,460.0,14.0,51.0,4.0,511.0,-6.31,
720575940626240522,sensory,olfactory,0.0,6.074324948291191e-10,25.10658359135297,26.0,3.0,193.0,14.0,219.0,-0.0,
720575940626928650,central,unknown,0.0,4.7408819842408923e-07,21.40210174688936,232.0,21.0,87.0,9.0,319.0,-5.36,
720575940622930957,central,Kenyon_Cell,0.0,0.0,24.733677383204544,74.0,5.0,20.0,1.0,94.0,-2.93,
720575940627944464,sensory,thermosensory,0.0,1.6332022685708002e-08,24.661404837215684,304.0,19.0,517.0,28.0,821.0,-3.48,
720575940621325338,sensory,olfactory,0.0,3.1278962471203966e-10,25.113441562955963,44.0,7.0,97.0,9.0,141.0,-0.0,
720575940617688093,central,unknown,4.529356787631836e-06,1.2302436674599294e-08,21.569399075894736,1153.0,49.0,982.0,27.0,2135.0,-5.82,
720575940605400096,central,ALPN,1.986559994575367e-07,2.31232380957902e-06,24.290295785016536,916.0,76.0,2252.0,109.0,3168.0,-4.19,
720575940617819170,central,unknown,0.0,1.88820241246276e-10,24.06495755769587,151.0,15.0,46.0,6.0,197.0,-3.59,
720575940644623396,central,unknown,0.0,3.516963450369673e-08,24.36053585697039,454.0,26.0,95.0,6.0,549.0,-3.66,
720575940631024682,central,Kenyon_Cell,0.0,0.0,24.64212213038652,113.0,7.0,14.0,1.0,127.0,-3.05,
720575940632826925,central,LHLN,0.0,1.7925770956234936e-07,24.511608554513906,1231.0,78.0,1109.0,84.0,2340.0,-3.5,
720575940627223614,central,unknown,1.7018197286862308e-05,1.8637544087354265e-06,24.044970130060666,2122.0,124.0,1135.0,56.0,3257.0,-4.21,
720575940616475717,central,Kenyon_Cell,0.0,0.0,24.775621330398668,128.0,7.0,21.0,2.0,149.0,-2.93,
720575940619916368,central,LHLN,0.0,3.730629097794117e-11,24.446545130483425,108.0,9.0,23.0,4.0,131.0,-3.18,
720575940630664273,sensory,olfactory,0.0,3.6793729501009483e-09,25.143073247606807,119.0,11.0,210.0,13.0,329.0,-0.0,
720575940625454162,ascending,AN,2.324275193653179e-05,2.814917267504316e-07,19.87960766718464,101.0,6.0,541.0,27.0,642.0,-5.46,
720575940616475732,sensory,olfactory,0.0,0.0,25.14186321473966,11.0,1.0,60.0,4.0,71.0,-0.0,
720575940624045155,sensory,olfactory,0.0,5.107529592409992e-09,25.120951340023247,103.0,11.0,181.0,10.0,284.0,-0.0,
720575940635776101,central,unknown,0.0,1.3940771891756959e-10,23.50125440556081,628.0,35.0,336.0,26.0,964.0,-5.25,
720575940629091431,central,ALON,0.0,4.09908664967669e-05,24.08539007114521,551.0,25.0,1024.0,58.0,1575.0,-4.17,
720575940629910636,central,unknown,0.0,4.9248746701465165e-09,22.368182612300537,664.0,21.0,722.0,46.0,1386.0,-5.99,
720575940620866669,central,unknown,0.0,1.6350288021196435e-10,21.224334161631624,534.0,20.0,22.0,2.0,556.0,-5.86,
720575940638069875,sensory,olfactory,0.0,8.362507968911546e-10,25.11362254219073,47.0,6.0,99.0,8.0,146.0,-0.0,
720575940640789619,visual_centrifugal,unknown,0.0,0.0,22.3211397688286,229.0,11.0,0.0,0.0,229.0,-5.24,
720575940630336634,central,unknown,0.0,8.014035532567976e-09,21.05722155326869,177.0,17.0,111.0,6.0,288.0,-5.56,
720575940622013564,central,Kenyon_Cell,0.0,0.0,24.32449513461185,54.0,4.0,17.0,1.0,71.0,-3.79,
720575940628632702,sensory,olfactory,0.0,0.0,25.14139557101647,80.0,11.0,162.0,6.0,242.0,-0.0,
720575940629681278,central,unknown,0.0,3.9191557082500856e-08,23.164365488491757,606.0,34.0,55.0,3.0,661.0,-4.94,
720575940621554815,central,Kenyon_Cell,0.0,1.4744740457465902e-09,23.97099916795013,33.0,3.0,62.0,6.0,95.0,-4.31,
720575940626601093,sensory,olfactory,0.0,7.1446485261558506e-09,25.12313200277882,42.0,5.0,91.0,9.0,133.0,-0.0,
720575940631450764,sensory,olfactory,0.0,6.074324948291191e-10,25.10755891407667,64.0,5.0,180.0,11.0,244.0,-0.0,
720575940617098385,central,unknown,4.953156253141248e-05,1.3162941774321155e-06,22.054622384537826,1168.0,27.0,750.0,35.0,1918.0,-5.77,
720575940611724437,central,Kenyon_Cell,0.0,0.0,24.2428921434377,53.0,4.0,31.0,1.0,84.0,-3.51,
720575940634170524,central,LHLN,0.0,4.398443584543277e-08,24.4770295135728,271.0,23.0,230.0,19.0,501.0,-3.63,
720575940617786525,central,unknown,0.0,0.0,23.07362422842892,303.0,23.0,160.0,18.0,463.0,-5.19,
720575940620113054,central,unknown,0.0,1.1168154134774362e-09,24.470042563860893,105.0,10.0,117.0,10.0,222.0,-3.27,
720575940615394463,sensory,olfactory,0.0,0.0,25.1055490729865,7.0,1.0,85.0,9.0,92.0,-0.0,
720575940614476967,central,LHLN,0.0,2.4593747998457028e-11,24.26737841499036,284.0,25.0,84.0,7.0,368.0,-3.64,
720575940628829352,central,LHLN,0.0,0.0,24.47966637024239,246.0,27.0,80.0,10.0,326.0,-3.61,
720575940621849769,central,unknown,0.0,1.376517349882184e-08,24.1433543594997,218.0,18.0,67.0,6.0,285.0,-4.07,
720575940610380970,central,unknown,0.0,0.0,21.457158897180005,68.0,3.0,26.0,3.0,94.0,-4.14,
720575940605039788,central,unknown,0.0,0.0,24.4154356698348,118.0,13.0,206.0,19.0,324.0,-3.68,
720575940611331251,central,unknown,0.0,0.0,22.665108989873357,32.0,5.0,0.0,0.0,32.0,-3.34,
720575940621292726,central,unknown,0.0,0.0,22.38694804772515,59.0,7.0,21.0,2.0,80.0,-5.04,
720575940625388730,central,unknown,0.0,6.839050777681844e-09,21.04623068732006,113.0,12.0,313.0,15.0,426.0,-5.81,
720575940615623867,central,unknown,1.4568106626886023e-06,4.4825833001944785e-08,21.63369356939614,443.0,11.0,375.0,17.0,818.0,-5.12,
720575940635022527,central,unknown,0.0,1.0929945131956373e-08,24.488035675353085,611.0,56.0,140.0,13.0,751.0,-3.6,
720575940620833985,sensory,olfactory,0.0,0.0,24.0,0.0,0.0,44.0,5.0,44.0,-0.0,
720575940631942341,central,unknown,0.0,1.6859363296563108e-06,24.19823013309382,1057.0,84.0,1129.0,101.0,2186.0,-3.86,
720575940631876805,central,unknown,0.0,0.0,23.813754005080536,140.0,16.0,51.0,7.0,191.0,-4.94,
720575940641936584,central,Kenyon_Cell,0.0,0.0,24.570691187253363,97.0,7.0,22.0,1.0,119.0,-3.29,
720575940609594574,central,unknown,0.0,0.0,20.90578299373209,45.0,5.0,9.0,1.0,54.0,-5.01,
720575940608971989,central,LHLN,0.0,1.1718131151570896e-08,23.866075647809662,42.0,4.0,27.0,3.0,69.0,-3.63,
720575940621817046,central,ALPN,0.0,9.612586481095019e-11,24.43147326409772,649.0,53.0,565.0,51.0,1214.0,-3.67,
720575940632925409,central,Kenyon_Cell,0.0,0.0,24.82532973055845,108.0,6.0,25.0,1.0,133.0,-2.75,
720575940637185252,central,ALPN,0.0,7.194921743164639e-09,22.89466876871332,158.0,10.0,203.0,19.0,361.0,-4.47,
720575940627322088,sensory,olfactory,0.0,0.0,25.08016366634848,29.0,4.0,6.0,1.0,35.0,-0.0,
720575940626633960,central,Kenyon_Cell,0.0,0.0,24.67494483408633,100.0,5.0,24.0,1.0,124.0,-3.17,
720575940612019442,sensory,olfactory,0.0,0.0,25.079907376968727,17.0,3.0,45.0,7.0,62.0,-0.0,
720575940621260020,central,unknown,0.0,8.603604544507039e-09,24.198740090348718,65.0,9.0,86.0,8.0,151.0,-4.47,
720575940650554614,central,unknown,0.0,0.0,22.241903706966863,57.0,6.0,68.0,5.0,125.0,-4.84,
720575940652258550,central,unknown,0.0,1.4207883356458453e-07,22.568851325557137,215.0,14.0,90.0,6.0,305.0,-5.58,
720575940628894970,sensory,olfactory,0.0,0.0,25.100159680049533,12.0,2.0,37.0,5.0,49.0,-0.0,
720575940624176381,central,unknown,0.0,0.0,22.610069741478327,279.0,21.0,52.0,2.0,331.0,-5.68,
720575940624274685,central,unknown,0.0,1.655466662146139e-09,20.48364778087982,30.0,3.0,34.0,4.0,64.0,-4.9,
720575940623291647,central,LHLN,0.0,0.0,24.74087651318276,739.0,55.0,147.0,14.0,886.0,-2.84,
720575940626371842,central,Kenyon_Cell,0.0,0.0,24.468639295323545,69.0,6.0,15.0,1.0,84.0,-3.56,
720575940625749258,central,unknown,0.0,0.0,24.292670992782387,61.0,8.0,23.0,4.0,84.0,-4.18,
720575940631549202,descending,unknown,0.0,2.571183774110676e-07,20.896871048200044,167.0,8.0,70.0,10.0,237.0,-4.95,
720575940622439704,central,Kenyon_Cell,0.0,0.0,24.1511310041442,45.0,3.0,44.0,2.0,89.0,-4.59,
720575940625028380,sensory,olfactory,0.0,4.669474856915178e-09,25.10991442477117,37.0,6.0,122.0,9.0,159.0,-0.0,
720575940625683740,central,Kenyon_Cell,0.0,0.0,24.609860427081188,148.0,8.0,18.0,1.0,166.0,-3.45,
720575940626961694,central,LHLN,0.0,1.507798775082278e-09,24.5052509424688,325.0,23.0,113.0,17.0,438.0,-3.18,
720575940632532255,central,Kenyon_Cell,0.0,0.0,24.5956468803348,90.0,8.0,21.0,1.0,111.0,-3.19,
720575940619031837,central,unknown,0.0,9.057545520029169e-08,18.28038473391528,141.0,11.0,98.0,10.0,239.0,-6.32,
720575940646229283,central,Kenyon_Cell,0.0,0.0,24.592323561244577,100.0,8.0,16.0,1.0,116.0,-3.1,
720575940643869988,central,ALLN,0.0,2.708600881180201e-08,24.37636512540699,72.0,9.0,141.0,14.0,213.0,-4.35,
720575940645541155,central,unknown,0.0,0.0,20.78923210577885,92.0,8.0,0.0,0.0,92.0,-5.63,
720575940633941293,central,unknown,0.0,0.0,20.35444204048581,224.0,11.0,165.0,8.0,389.0,-5.41,
720575940632007983,central,ALLN,0.0,9.840110800799326e-07,24.782121752696867,888.0,83.0,1753.0,125.0,2641.0,-2.69,
720575940618343734,sensory,olfactory,0.0,4.424601007714797e-06,25.15668619066556,80.0,10.0,195.0,16.0,275.0,-0.0,
720575940629845303,central,unknown,0.0,9.281960942333702e-07,21.374966963890504,175.0,19.0,202.0,14.0,377.0,-5.33,
720575940628436282,descending,unknown,0.0,5.806350880587414e-07,21.752352406122508,104.0,11.0,75.0,6.0,179.0,-4.76,
720575940639118653,sensory,olfactory,0.0,0.0,25.082485686486272,5.0,1.0,56.0,5.0,61.0,-0.0,
720575940637087039,sensory,olfactory,0.0,7.561698518983228e-09,25.131861265375083,121.0,13.0,212.0,18.0,333.0,-0.0,
720575940617229632,central,ALPN,1.1389610635565435e-06,9.48990571097924e-07,24.507303422526256,439.0,43.0,677.0,67.0,1116.0,-2.36,
720575940617917760,central,ALPN,1.4568106626886024e-07,1.7997722936513117e-06,24.394076231476685,684.0,65.0,1634.0,120.0,2318.0,-2.97,
720575940638594374,central,unknown,0.0,0.0,24.282151240079884,35.0,4.0,70.0,4.0,105.0,-3.85,
720575940632171857,central,unknown,0.0,7.115667446313026e-09,23.346907943758072,460.0,32.0,268.0,17.0,728.0,-5.18,
720575940609168732,central,unknown,0.0,1.5411239674376915e-09,19.0941036361022,55.0,3.0,36.0,6.0,91.0,-4.72,
720575940635055455,central,unknown,0.0,7.444062474876732e-09,24.652307053814283,103.0,12.0,49.0,8.0,152.0,-3.24,
720575940625585508,central,ALLN,0.0,6.582251486687818e-07,24.641341513576645,3588.0,144.0,3665.0,148.0,7253.0,-3.9,
720575940637611365,central,unknown,5.2974933188676455e-08,1.7913843097501138e-06,21.01026831442817,1298.0,56.0,1326.0,55.0,2624.0,-5.35,
720575940605007206,central,unknown,0.0,0.0,22.43600757876877,872.0,47.0,642.0,18.0,1514.0,-5.89,
720575940604319078,central,Kenyon_Cell,0.0,0.0,24.44114892156849,40.0,4.0,12.0,2.0,52.0,-3.59,
720575940628338028,central,ALPN,0.0,0.0,22.76535023505663,940.0,44.0,411.0,41.0,1351.0,-4.55,
720575940612019570,central,Kenyon_Cell,0.0,0.0,24.0453964881942,34.0,2.0,35.0,1.0,69.0,-3.79,
720575940638922099,central,unknown,0.0,1.6729431501716195e-08,20.38797795584628,117.0,10.0,121.0,10.0,238.0,-6.21,
720575940621423999,sensory,olfactory,0.0,0.0,25.03287240831046,7.0,1.0,17.0,2.0,24.0,-0.0,
720575940618671495,central,Kenyon_Cell,0.0,1.1379877532532168e-09,24.471006799968983,42.0,4.0,36.0,3.0,78.0,-3.56,
720575940624012692,central,ALLN,0.0,0.0,22.250781217893817,6.0,1.0,150.0,12.0,156.0,-4.93,
720575940634432919,central,unknown,0.0,0.0,23.123106645684143,105.0,8.0,64.0,4.0,169.0,-3.93,
720575940615394719,central,ALPN,3.4301269239668e-06,9.064734949443008e-07,24.90340093081341,1218.0,91.0,1366.0,120.0,2584.0,-2.07,
720575940613920159,central,Kenyon_Cell,0.0,0.0,24.527082189482236,100.0,5.0,30.0,2.0,130.0,-3.32,
720575940615460255,ascending,AN,1.2581546632310658e-07,3.724137480423303e-07,22.33710414268328,357.0,25.0,1411.0,81.0,1768.0,-4.82,
720575940614673826,central,unknown,0.0,0.0,23.058320746700964,157.0,19.0,101.0,8.0,258.0,-5.21,
720575940626404776,central,Kenyon_Cell,0.0,0.0,24.71061939357553,146.0,7.0,23.0,1.0,169.0,-3.1,
720575940622046633,sensory,olfactory,0.0,0.0,25.0883822082052,5.0,1.0,27.0,3.0,32.0,-0.0,
720575940611724714,central,unknown,0.0,0.0,23.240830859079036,142.0,11.0,149.0,17.0,291.0,-4.99,
720575940604908972,central,Kenyon_Cell,0.0,0.0,24.34409645165936,142.0,10.0,28.0,2.0,170.0,-3.89,
720575940605007276,central,unknown,0.0,6.751523144913835e-10,23.944408329201227,466.0,24.0,371.0,37.0,837.0,-5.3,
720575940605171121,central,Kenyon_Cell,0.0,0.0,24.52172590504807,100.0,7.0,28.0,1.0,128.0,-3.26,
720575940610774451,central,Kenyon_Cell,0.0,0.0,24.755989211725733,106.0,8.0,30.0,2.0,136.0,-2.85,
720575940633286068,central,ALLN,0.0,5.84943175345892e-11,24.52194566607029,115.0,9.0,58.0,4.0,173.0,-3.44,
720575940628174279,central,unknown,0.0,4.198481574019573e-07,24.73100104217733,90.0,13.0,85.0,8.0,175.0,-3.37,
720575940628207047,central,unknown,0.0,0.0,24.538234313810708,25.0,3.0,20.0,3.0,45.0,-3.69,
720575940639905232,central,Kenyon_Cell,0.0,0.0,24.32108589735727,50.0,4.0,39.0,1.0,89.0,-3.7,
720575940634334675,central,unknown,0.0,7.028570959818265e-07,23.330183667194973,271.0,25.0,105.0,13.0,376.0,-4.92,
720575940604483040,central,Kenyon_Cell,0.0,0.0,24.157522984998373,41.0,3.0,63.0,4.0,104.0,-4.27,
720575940632303073,central,unknown,0.0,0.0,23.10389935399496,113.0,14.0,0.0,0.0,113.0,-4.44,
720575940633613794,central,LHLN,0.0,7.72696908058912e-09,24.373280499001964,242.0,19.0,150.0,21.0,392.0,-3.31,
720575940612347363,central,LHLN,0.0,5.486275441671606e-10,24.39727712424421,166.0,13.0,129.0,16.0,295.0,-3.45,
720575940624733671,central,unknown,0.0,1.2508533669201766e-09,24.479826691985004,393.0,37.0,304.0,23.0,697.0,-3.39,
720575940636562921,central,Kenyon_Cell,0.0,0.0,24.647571865575816,136.0,6.0,18.0,1.0,154.0,-2.87,
720575940623390186,central,Kenyon_Cell,0.0,0.0,24.588657229045356,107.0,7.0,18.0,1.0,125.0,-3.18,
720575940620342768,central,Kenyon_Cell,0.0,0.0,24.615425606599427,136.0,7.0,22.0,1.0,158.0,-3.19,
720575940622734835,central,ALPN,0.0,2.1491287691333386e-07,24.61892630601557,82.0,8.0,392.0,43.0,474.0,-3.28,
720575940651079158,sensory,hygrosensory,0.0,0.0,24.47913361750959,188.0,14.0,267.0,20.0,455.0,-3.6,
720575940630599161,central,unknown,0.0,1.0503682809619823e-09,23.986557389988683,447.0,32.0,520.0,37.0,967.0,-4.37,
720575940627420668,central,unknown,0.0,3.7288693019335786e-08,20.61495574427316,183.0,11.0,16.0,1.0,199.0,-5.86,
720575940627813892,central,unknown,0.0,0.0,24.593599795286902,26.0,3.0,78.0,6.0,104.0,-3.35,
720575940628076038,central,Kenyon_Cell,0.0,0.0,24.616207296992595,105.0,7.0,20.0,1.0,125.0,-3.28,
720575940609496585,central,ALPN,0.0,0.0,24.78834008805685,58.0,4.0,154.0,19.0,212.0,-3.24,
720575940630926863,central,LHLN,0.0,1.965149932305573e-09,24.50861826973157,318.0,22.0,196.0,23.0,514.0,-3.97,
720575940632532511,central,Kenyon_Cell,0.0,0.0,24.70907518232386,90.0,5.0,21.0,1.0,111.0,-3.06,
720575940626535973,central,unknown,8.754107709428783e-05,3.3229550480080144e-06,23.135742785194303,1400.0,60.0,1576.0,48.0,2976.0,-5.18,
720575940628862507,central,unknown,0.0,0.0,24.273435261694846,48.0,6.0,27.0,4.0,75.0,-3.09,
720575940629911084,central,Kenyon_Cell,0.0,0.0,24.63736382256088,96.0,7.0,9.0,1.0,105.0,-3.24,
720575940631483949,central,Kenyon_Cell,0.0,0.0,24.647872924508395,147.0,7.0,26.0,1.0,173.0,-3.15,
720575940608644654,central,Kenyon_Cell,0.0,0.0,24.674924985963667,88.0,6.0,32.0,2.0,120.0,-2.9,
720575940625454640,central,Kenyon_Cell,0.0,0.0,24.55633062808401,134.0,8.0,20.0,1.0,154.0,-3.28,
720575940618868273,central,Kenyon_Cell,0.0,0.0,24.43771829129968,91.0,7.0,30.0,2.0,121.0,-3.49,
720575940647966260,central,unknown,0.0,3.369646933693903e-07,20.327926564025468,263.0,23.0,146.0,12.0,409.0,-6.02,
720575940637906502,sensory,olfactory,0.0,1.555102834751081e-10,25.03287240831046,6.0,1.0,58.0,8.0,64.0,-0.0,
720575940631090759,sensory,olfactory,0.0,1.0633930156647364e-08,25.094438150863237,66.0,8.0,188.0,13.0,254.0,-0.0,
720575940639479366,central,ALPN,0.0,3.330332176721233e-08,24.521924804184145,85.0,12.0,1329.0,95.0,1414.0,-3.89,
720575940623423049,central,unknown,0.0,5.681886750097358e-09,23.47483485344797,179.0,11.0,48.0,6.0,227.0,-4.96,
720575940623881801,central,Kenyon_Cell,0.0,0.0,24.436475777805526,53.0,4.0,49.0,3.0,102.0,-3.7,
720575940627650120,central,unknown,0.0,2.350903735277117e-09,24.166019582810343,118.0,16.0,96.0,9.0,214.0,-3.59,
720575940620932684,central,Kenyon_Cell,0.0,0.0,24.121970897543285,29.0,3.0,21.0,1.0,50.0,-3.8,
720575940624602701,central,unknown,0.0,0.0,24.40562734136501,48.0,6.0,48.0,4.0,96.0,-3.34,
720575940618606160,central,Kenyon_Cell,0.0,0.0,24.803869593669862,70.0,6.0,30.0,2.0,100.0,-2.49,
720575940632335953,sensory,olfactory,0.0,0.0,24.0,0.0,0.0,37.0,4.0,37.0,-0.0,
720575940617819728,central,unknown,0.0,1.247527277516237e-09,23.954077125500792,33.0,3.0,10.0,1.0,43.0,-3.74,
720575940632041043,sensory,olfactory,0.0,0.0,24.0,0.0,0.0,11.0,2.0,11.0,-0.0,
720575940616377942,sensory,olfactory,0.0,5.209412870500681e-09,25.077712811357323,157.0,17.0,178.0,18.0,335.0,-0.0,
720575940630566487,central,unknown,0.0,0.0,23.475924858662427,288.0,21.0,156.0,13.0,444.0,-5.39,
720575940625684057,central,ALLN,0.0,0.0,24.104958552049933,21.0,3.0,94.0,7.0,115.0,-4.48,
720575940634695263,central,unknown,0.0,2.554194222867836e-06,24.20817188885849,1030.0,51.0,352.0,30.0,1382.0,-3.94,
720575940620015201,sensory,olfactory,0.0,6.418993151014288e-10,25.12242322844789,57.0,8.0,177.0,10.0,234.0,-0.0,
720575940619589217,central,unknown,0.0,0.0,21.3101168719126,27.0,4.0,0.0,0.0,27.0,-5.28,
720575940629354087,central,unknown,0.0,4.2998115221571913e-08,24.56984405511106,603.0,44.0,109.0,10.0,712.0,-3.6,
720575940631713384,central,Kenyon_Cell,0.0,0.0,24.687095298758187,137.0,7.0,22.0,1.0,159.0,-3.11,
720575940620932717,sensory,olfactory,0.0,0.0,25.114781810813664,47.0,7.0,75.0,6.0,122.0,-0.0,
720575940636137079,central,unknown,0.0,0.0,21.545601370457018,137.0,16.0,19.0,3.0,156.0,-5.82,
720575940605236866,central,Kenyon_Cell,0.0,0.0,24.712409587426976,103.0,7.0,14.0,1.0,117.0,-3.1,
720575940606776962,central,unknown,0.0,1.1873379770754624e-07,23.364284940091828,379.0,27.0,49.0,4.0,428.0,-5.18,
720575940645377668,central,Kenyon_Cell,0.0,0.0,24.55479252776761,74.0,7.0,25.0,2.0,99.0,-3.17,
720575940622014090,central,ALLN,0.0,3.530604330660706e-08,23.995793760922695,36.0,4.0,206.0,24.0,242.0,-3.45,
720575940630435468,central,unknown,0.0,2.3042094806590355e-09,24.31622506356525,229.0,15.0,41.0,3.0,270.0,-4.11,
720575940633155226,central,Kenyon_Cell,0.0,0.0,24.74739483543921,82.0,7.0,28.0,3.0,110.0,-3.02,
720575940615657119,sensory,olfactory,0.0,1.1975060548788667e-09,25.07878067097349,38.0,4.0,168.0,10.0,206.0,-0.0,
720575940643804832,central,LHLN,0.0,1.9359444985686668e-10,24.7794747830038,382.0,25.0,127.0,14.0,509.0,-3.1,
720575940613396130,sensory,olfactory,0.0,0.0,25.12541536693197,57.0,7.0,139.0,8.0,196.0,-0.0,
720575940640855715,central,unknown,0.0,0.0,23.74215222747808,662.0,49.0,746.0,44.0,1408.0,-4.81,
720575940639020707,central,Kenyon_Cell,0.0,0.0,24.66774030586913,133.0,7.0,15.0,1.0,148.0,-3.29,
720575940632434340,central,Kenyon_Cell,0.0,0.0,24.626553820343712,102.0,7.0,15.0,1.0,117.0,-3.12,
720575940604352172,central,ALPN,2.0646980210286645e-05,1.1497090336350905e-05,24.42862693668166,1769.0,125.0,3908.0,234.0,5677.0,-2.55,
720575940613494447,central,LHLN,0.0,0.0,24.59399082732618,182.0,14.0,255.0,18.0,437.0,-3.07,
720575940612347571,central,ALLN,0.0,1.3549317604317631e-06,24.640306438952948,3481.0,139.0,3552.0,151.0,7033.0,-4.02,
720575940621326006,central,unknown,0.0,3.591849805896712e-07,21.879759873676445,201.0,21.0,61.0,7.0,262.0,-5.45,
720575940623586999,central,Kenyon_Cell,0.0,0.0,24.589760713621047,102.0,7.0,12.0,1.0,114.0,-3.08,
720575940616017593,central,unknown,0.0,1.6682539863338396e-10,23.28766984949604,75.0,6.0,674.0,35.0,749.0,-4.06,
720575940606514878,central,unknown,0.0,0.0,22.75274092216672,144.0,14.0,156.0,9.0,300.0,-4.89,
720575940634990271,central,unknown,0.0,2.30111367333332e-09,24.51102003581748,69.0,9.0,32.0,6.0,101.0,-3.55,
720575940623750852,sensory,olfactory,0.0,0.0,24.0,0.0,0.0,10.0,2.0,10.0,-0.0,
720575940624537284,descending,unknown,0.0,2.98177621018135e-10,20.85751850347936,297.0,19.0,34.0,3.0,331.0,-5.41,
720575940615886534,central,LHCENT,0.0,4.898699581731021e-08,23.35955045631041,2186.0,142.0,2060.0,158.0,4246.0,-4.56,
720575940622800589,central,Kenyon_Cell,0.0,0.0,24.736471027203088,174.0,7.0,12.0,1.0,186.0,-3.0,
720575940619097816,sensory,olfactory,0.0,8.61041644455439e-10,25.09522336790318,6.0,1.0,32.0,3.0,38.0,-0.0,
720575940623062749,sensory,olfactory,0.0,0.0,25.13260159031792,45.0,6.0,85.0,6.0,130.0,-0.0,
720575940623619805,visual_projection,unknown,0.0,7.933045039429211e-07,20.71647382436317,66.0,4.0,1502.0,48.0,1568.0,-4.21,
720575940632729313,sensory,olfactory,0.0,0.0,25.135806210349596,11.0,2.0,33.0,4.0,44.0,-0.0,
720575940616902374,central,Kenyon_Cell,0.0,0.0,24.677611607461323,128.0,6.0,17.0,1.0,145.0,-3.27,
720575940624144107,central,Kenyon_Cell,0.0,3.1015768845829296e-11,24.654832969401102,184.0,11.0,35.0,2.0,219.0,-3.44,
720575940620244719,central,unknown,0.0,7.140776319161898e-09,24.44553385719705,249.0,20.0,137.0,13.0,386.0,-3.43,
720575940620408560,sensory,olfactory,0.0,0.0,24.0,0.0,0.0,77.0,4.0,77.0,-0.0,
720575940631680763,sensory,olfactory,0.0,2.613048613785647e-10,25.112272274116947,15.0,2.0,162.0,12.0,177.0,-0.0,
720575940627060476,sensory,olfactory,0.0,0.0,25.11293191483717,36.0,6.0,131.0,9.0,167.0,-0.0,
720575940623030015,central,Kenyon_Cell,0.0,1.397141095085972e-09,24.06201623574383,49.0,5.0,20.0,2.0,69.0,-4.14,
720575940621424397,sensory,olfactory,0.0,1.6725015937823092e-09,25.122603749161502,51.0,7.0,134.0,9.0,185.0,-0.0,
720575940627912464,central,Kenyon_Cell,0.0,0.0,24.393670894850835,49.0,5.0,26.0,1.0,75.0,-3.95,
720575940628600592,central,unknown,0.0,0.0,22.411406053201876,29.0,4.0,67.0,3.0,96.0,-5.57,
720575940627486485,central,unknown,0.0,0.0,22.486756136990717,139.0,9.0,260.0,23.0,399.0,-4.68,
720575940612740886,central,Kenyon_Cell,0.0,1.8394074023845983e-10,24.31250375643603,62.0,4.0,35.0,2.0,97.0,-3.56,
720575940633515801,central,unknown,0.0,0.0,23.00262357931725,44.0,6.0,718.0,42.0,762.0,-3.82,
720575940625520412,sensory,olfactory,0.0,0.0,24.0,0.0,0.0,64.0,5.0,64.0,-0.0,
720575940627912492,central,Kenyon_Cell,0.0,0.0,24.058624900521583,62.0,5.0,19.0,1.0,81.0,-4.26,
720575940631549743,central,Kenyon_Cell,0.0,8.227190468435112e-10,24.46929838233584,66.0,4.0,53.0,4.0,119.0,-3.49,
720575940638824245,central,unknown,0.0,0.0,23.426561086355523,109.0,15.0,46.0,6.0,155.0,-5.37,
720575940631451449,central,unknown,0.0,0.0,24.624315046329308,163.0,15.0,51.0,7.0,214.0,-3.22,
720575940625946430,sensory,olfactory,0.0,0.0,25.071203119437357,87.0,9.0,108.0,10.0,195.0,-0.0,
720575940624275262,central,unknown,0.0,1.7441443123133234e-09,24.08576851735928,32.0,4.0,10.0,1.0,42.0,-3.87,
720575940628174674,central,unknown,0.0,6.002360631673852e-09,24.789469065289985,23.0,4.0,27.0,3.0,50.0,-2.94,
720575940627158866,central,Kenyon_Cell,0.0,0.0,24.725404365742754,206.0,7.0,34.0,1.0,240.0,-3.11,
720575940620146523,sensory,olfactory,0.0,0.0,25.12044839585747,21.0,3.0,74.0,9.0,95.0,-0.0,
720575940615952221,central,unknown,0.0,1.2488337512673053e-08,24.34238844630853,394.0,47.0,266.0,25.0,660.0,-3.63,
720575940621784926,central,Kenyon_Cell,0.0,0.0,24.48973724525388,109.0,8.0,33.0,1.0,142.0,-3.43,
720575940617328477,central,Kenyon_Cell,0.0,0.0,24.79339092806192,124.0,5.0,28.0,2.0,152.0,-2.94,
720575940634466144,central,unknown,0.0,6.850637756725447e-10,23.917545500322973,30.0,4.0,161.0,13.0,191.0,-4.38,
720575940631058280,central,unknown,0.0,6.161999503095188e-08,21.771873598048124,332.0,16.0,213.0,15.0,545.0,-5.67,
720575940628993900,sensory,olfactory,0.0,5.3233446875826046e-08,25.119292083283185,14.0,2.0,166.0,11.0,180.0,-0.0,
720575940620179309,central,Kenyon_Cell,0.0,0.0,24.700713444076943,94.0,7.0,33.0,3.0,127.0,-3.14,
720575940637087599,central,unknown,0.0,0.0,23.33157196899401,155.0,12.0,99.0,7.0,254.0,-4.63,
720575940635416431,central,unknown,0.0,0.0,23.43542555031222,107.0,14.0,13.0,2.0,120.0,-3.86,
720575940630271862,sensory,hygrosensory,0.0,0.0,24.64621326820841,206.0,17.0,503.0,32.0,709.0,-3.33,
720575940649342841,central,unknown,0.0,1.057803019462999e-09,20.54170660895721,82.0,5.0,75.0,8.0,157.0,-5.4,
720575940629452670,sensory,olfactory,0.0,0.0,24.0,0.0,0.0,61.0,5.0,61.0,-0.0,
720575940630763390,sensory,olfactory,0.0,9.46823549734519e-08,25.147470945387667,141.0,10.0,316.0,25.0,457.0,-0.0,
720575940650751873,sensory,thermosensory,0.0,2.3313156084621292e-09,24.2256839870209,240.0,17.0,46.0,7.0,286.0,-3.87,
720575940604974978,central,ALPN,0.0,3.730629097794117e-11,24.113521017124725,41.0,4.0,258.0,16.0,299.0,-3.2,
720575940621129607,central,LHCENT,1.9865599945753667e-06,1.8906606910994217e-08,23.71047555152077,2287.0,174.0,2376.0,182.0,4663.0,-4.26,
720575940621358984,central,Kenyon_Cell,0.0,0.0,24.73081454790122,110.0,6.0,41.0,2.0,151.0,-3.36,
720575940624406408,central,unknown,0.0,9.91678666116041e-08,24.37352141611713,68.0,9.0,77.0,7.0,145.0,-3.96,
720575940641904525,central,unknown,0.0,1.4266976080662992e-07,20.87943691112328,178.0,13.0,408.0,21.0,586.0,-5.4,
720575940625913743,central,unknown,0.0,3.1532698326593123e-10,21.94135605615381,30.0,4.0,23.0,3.0,53.0,-6.61,
720575940625749904,central,unknown,0.0,0.0,23.884871053010176,172.0,21.0,96.0,12.0,268.0,-4.53,
720575940610873237,sensory,olfactory,0.0,6.155925276677938e-10,25.11607854157672,81.0,8.0,172.0,9.0,253.0,-0.0,
720575940613167007,central,ALPN,1.667386022113591e-05,1.2570619088348296e-06,24.935757764211505,1786.0,96.0,3137.0,179.0,4923.0,-1.71,
720575940641773472,central,ALLN,0.0,2.106175148931425e-09,22.97160907419564,117.0,14.0,355.0,13.0,472.0,-4.34,
720575940653078433,central,Kenyon_Cell,0.0,0.0,24.622983955824797,120.0,8.0,24.0,1.0,144.0,-3.15,
720575940620212133,central,unknown,0.0,3.3645422377195273e-09,24.02782862404315,663.0,35.0,421.0,38.0,1084.0,-4.64,
720575940621424549,central,unknown,0.0,0.0,22.895722758337428,48.0,6.0,72.0,6.0,120.0,-5.76,
720575940620474278,central,unknown,0.0,4.7120509275598006e-07,19.54674323797009,212.0,17.0,230.0,15.0,442.0,-6.0,
720575940622833577,sensory,olfactory,0.0,0.0,25.135581131928248,25.0,4.0,49.0,3.0,74.0,-0.0,
720575940635678638,central,unknown,0.0,1.2115802830341616e-06,22.627873180788388,57.0,6.0,52.0,5.0,109.0,-5.0,
720575940634826676,central,unknown,2.6487466594338224e-08,1.53996898804292e-10,20.940873206841,1147.0,26.0,1602.0,48.0,2749.0,-6.38,
720575940620277686,central,unknown,0.0,1.266004467698206e-10,24.565607787553567,240.0,18.0,93.0,10.0,333.0,-3.77,
720575940618442681,central,unknown,0.0,1.3202386298781077e-07,22.261118370259616,326.0,19.0,165.0,9.0,491.0,-4.82,
720575940625127354,sensory,olfactory,0.0,0.0,25.135716697549384,92.0,11.0,160.0,7.0,252.0,-0.0,
720575940630665157,central,unknown,0.0,0.0,24.20905985827256,43.0,6.0,10.0,2.0,53.0,-4.06,
720575940623914954,central,Kenyon_Cell,0.0,0.0,24.581510446058505,116.0,8.0,28.0,1.0,144.0,-3.19,
720575940625586122,central,ALPN,0.0,6.202806543648955e-07,24.45834704374792,713.0,28.0,819.0,40.0,1532.0,-3.34,
720575940631975884,central,ALLN,0.0,7.986202713668509e-07,24.63218243140304,1646.0,120.0,2356.0,135.0,4002.0,-3.44,
720575940617885643,central,ALPN,0.0,3.885039630187267e-09,24.89618643468732,42.0,5.0,74.0,9.0,116.0,-2.8,
720575940617328596,central,unknown,0.0,0.0,22.9171415611096,22.0,4.0,10.0,2.0,32.0,-5.15,
720575940622112726,sensory,hygrosensory,0.0,0.0,24.644602388537105,357.0,29.0,265.0,24.0,622.0,-3.63,
720575940642658267,central,unknown,0.0,3.761231752134528e-08,24.200853714682,671.0,50.0,193.0,18.0,864.0,-3.94,
720575940628404188,central,Kenyon_Cell,0.0,0.0,24.085219921338872,32.0,3.0,28.0,1.0,60.0,-3.83,
720575940614936543,central,unknown,0.0,0.0,23.039591220303983,22.0,3.0,6.0,1.0,28.0,-3.32,
720575940637743076,central,unknown,5.562367984811027e-07,3.402616406020187e-08,22.127489577030502,472.0,25.0,557.0,21.0,1029.0,-5.2,
720575940616902630,central,Kenyon_Cell,0.0,0.0,24.676460247204293,112.0,8.0,21.0,1.0,133.0,-3.01,
720575940638201833,central,unknown,2.6487466594338224e-08,1.3318967494109574e-07,21.26949532807374,353.0,15.0,188.0,11.0,541.0,-5.65,
720575940623489002,central,unknown,0.0,8.384786054594526e-08,20.92353742625675,175.0,16.0,79.0,4.0,254.0,-5.6,
720575940624308203,central,unknown,0.0,7.313699989227856e-08,24.42949890603085,357.0,23.0,84.0,7.0,441.0,-3.49,
720575940628371441,central,unknown,0.0,2.5233361165053622e-08,24.48742918953996,583.0,53.0,265.0,29.0,848.0,-3.21,
720575940630697979,central,unknown,0.0,3.340349967612986e-06,24.498893121297616,1573.0,84.0,192.0,21.0,1765.0,-3.74,
720575940624013309,central,Kenyon_Cell,0.0,3.1015768845829296e-11,24.6025343935981,126.0,9.0,20.0,2.0,146.0,-3.48,
720575940614117374,sensory,olfactory,0.0,0.0,24.0,0.0,0.0,24.0,3.0,24.0,-0.0,
720575940614248446,central,Kenyon_Cell,0.0,0.0,24.7497629130504,153.0,9.0,26.0,1.0,179.0,-2.96,
720575940622964735,central,unknown,0.0,0.0,23.29920977061314,60.0,9.0,30.0,2.0,90.0,-4.46,
720575940628404227,central,unknown,0.0,1.2696538824466952e-08,20.952115738247365,483.0,29.0,178.0,14.0,661.0,-6.15,
720575940610185221,sensory,olfactory,0.0,3.1816215777003027e-09,25.16060754079873,374.0,29.0,933.0,38.0,1307.0,-0.0,
720575940628895750,central,unknown,8.396526910405218e-06,1.758803728269322e-07,22.542490816666337,2160.0,99.0,982.0,54.0,3142.0,-5.36,
720575940626601994,central,ALPN,0.0,1.5766266372523093e-07,24.720881956686057,283.0,34.0,439.0,34.0,722.0,-2.43,
720575940609890315,central,ALLN,0.0,1.355704748893705e-06,24.629124763443407,547.0,24.0,991.0,37.0,1538.0,-2.64,
720575940627290122,central,unknown,0.0,2.4593747998457028e-11,24.120529091527857,124.0,14.0,158.0,17.0,282.0,-3.83,
720575940614313996,central,Kenyon_Cell,0.0,6.937193631850485e-10,24.357700346241,61.0,3.0,69.0,5.0,130.0,-3.41,
720575940627257361,central,unknown,0.0,5.01301491168426e-10,24.601873570993813,223.0,21.0,60.0,9.0,283.0,-3.29,
720575940627290129,central,unknown,0.0,4.6573815854525885e-07,22.04215425209029,79.0,10.0,444.0,28.0,523.0,-5.07,
720575940631255058,central,unknown,0.0,3.273251092205713e-08,23.02123867835261,220.0,23.0,19.0,1.0,239.0,-5.1,
720575940617754653,sensory,olfactory,0.0,0.0,25.066172788066368,10.0,2.0,62.0,6.0,72.0,-0.0,
720575940617295901,central,ALLN,3.443370657263969e-06,3.475873385193623e-07,25.052211912980987,951.0,48.0,909.0,24.0,1860.0,-1.28,
720575940618901533,central,ALPN,0.0,6.70100944043247e-10,24.29989984115294,29.0,5.0,201.0,15.0,230.0,-3.3,
720575940645214243,sensory,olfactory,0.0,0.0,25.13160322929536,14.0,2.0,92.0,7.0,106.0,-0.0,
720575940622538790,sensory,olfactory,0.0,0.0,24.0,0.0,0.0,5.0,1.0,5.0,-0.0,
720575940631943213,sensory,olfactory,0.0,0.0,25.10494651903749,32.0,5.0,96.0,5.0,128.0,-0.0,
720575940632696877,central,Kenyon_Cell,0.0,0.0,24.49711710658226,52.0,4.0,40.0,3.0,92.0,-3.36,
720575940620343345,central,unknown,0.0,0.0,22.007043302596355,578.0,16.0,298.0,21.0,876.0,-6.12,
720575940645345332,sensory,olfactory,0.0,0.0,25.11830692132841,55.0,5.0,177.0,13.0,232.0,-0.0,
720575940646852660,central,DAN,0.0,0.0,23.62816906693505,1470.0,73.0,53.0,9.0,1523.0,-5.01,
720575940631877688,central,LHLN,0.0,3.0074598320090323e-08,24.61102336801989,754.0,54.0,433.0,43.0,1187.0,-3.43,
720575940639053885,sensory,olfactory,0.0,7.3172331578330225e-09,25.117101699196752,84.0,9.0,203.0,13.0,287.0,-0.0,
720575940615526466,central,LHLN,0.0,0.0,24.57235759802392,354.0,36.0,318.0,33.0,672.0,-3.44,
720575940614871106,central,ALPN,0.0,9.946460008196616e-10,22.48848217599596,837.0,36.0,361.0,35.0,1198.0,-4.64,
720575940632991815,descending,unknown,0.0,0.0,19.720369930344305,61.0,2.0,0.0,0.0,61.0,-5.5,
720575940627716168,central,unknown,0.0,2.061257581591406e-07,20.51141786095865,173.0,8.0,470.0,33.0,643.0,-4.98,
720575940624046153,central,Kenyon_Cell,0.0,0.0,24.407131935034208,122.0,10.0,23.0,1.0,145.0,-3.6,
720575940624701513,central,unknown,0.0,0.0,23.15242136654291,113.0,11.0,24.0,4.0,137.0,-5.07,
720575940617623632,central,Kenyon_Cell,0.0,0.0,24.741971917636945,106.0,6.0,18.0,1.0,124.0,-2.91,
720575940616345686,central,ALPN,0.0,3.1986647017677724e-06,23.980781261889376,978.0,50.0,853.0,47.0,1831.0,-4.05,
720575940616673366,central,unknown,0.0,8.793610717909277e-08,22.765403000793007,622.0,35.0,131.0,11.0,753.0,-5.39,
720575940620310625,central,Kenyon_Cell,0.0,0.0,24.623796314163577,130.0,7.0,22.0,1.0,152.0,-3.13,
720575940631287912,central,ALLN,0.0,9.994981988932903e-08,24.68432381072543,3352.0,134.0,3248.0,149.0,6600.0,-3.93,
720575940633188459,central,Kenyon_Cell,0.0,0.0,24.550924030378475,106.0,5.0,17.0,1.0,123.0,-3.28,
720575940630272108,central,Kenyon_Cell,0.0,0.0,24.776882268766887,134.0,8.0,15.0,1.0,149.0,-2.77,
720575940611856498,central,ALPN,0.0,2.1241366083873398e-07,24.76562072631572,64.0,8.0,308.0,31.0,372.0,-3.24,
720575940620638335,central,ALPN,0.0,2.686591636909128e-07,24.413225929254075,128.0,11.0,160.0,21.0,288.0,-2.77,
720575940638496896,central,Kenyon_Cell,0.0,0.0,24.53105447562336,114.0,6.0,21.0,1.0,135.0,-3.18,
720575940640757888,central,unknown,0.0,0.0,22.235170541813147,27.0,3.0,30.0,3.0,57.0,-5.34,
720575940619163783,sensory,olfactory,0.0,5.642638410958087e-09,25.118557370430445,5.0,1.0,67.0,7.0,72.0,-0.0,
720575940617918603,central,ALLN,0.0,1.3604433448400994e-09,24.101673326379974,180.0,19.0,364.0,29.0,544.0,-4.24,
720575940641609869,central,ALLN,0.0,1.0246124974427102e-08,24.73075822846871,60.0,6.0,242.0,20.0,302.0,-3.49,
720575940618180766,central,unknown,0.0,0.0,24.138992427473383,100.0,11.0,65.0,5.0,165.0,-4.17,
720575940615166111,central,unknown,9.091822908506597e-05,1.003613236491268e-09,23.581572995859798,2918.0,97.0,1877.0,102.0,4795.0,-4.58,
720575940618344606,ascending,AN,0.0,1.12179473554796e-07,22.65905882856992,299.0,14.0,890.0,53.0,1189.0,-4.73,
720575940638791843,central,unknown,0.0,1.899301097933633e-09,23.83780219492033,177.0,17.0,314.0,20.0,491.0,-4.68,
720575940621457577,central,Kenyon_Cell,0.0,0.0,24.757583333565915,90.0,6.0,15.0,1.0,105.0,-2.99,
720575940632697005,central,unknown,0.0,1.859222465911857e-09,24.343399961887297,145.0,11.0,22.0,4.0,167.0,-3.99,
720575940632008877,central,unknown,0.0,3.5497590232853745e-10,24.272145189979582,23.0,4.0,39.0,4.0,62.0,-3.57,
720575940604876977,sensory,olfactory,0.0,0.0,25.154788183670256,16.0,3.0,43.0,2.0,59.0,-0.0,
720575940604352689,sensory,olfactory,0.0,2.9141426581238074e-09,25.10309966619656,62.0,7.0,115.0,8.0,177.0,-0.0,
720575940608252082,central,LHCENT,3.132142924780495e-05,4.856613948986179e-08,23.889037683628437,3572.0,177.0,2454.0,163.0,6026.0,-4.21,
720575940620802230,sensory,olfactory,0.0,6.074324948291191e-10,25.124213528644017,33.0,5.0,215.0,15.0,248.0,-0.0,
720575940622276791,sensory,olfactory,0.0,1.1664558766473766e-08,25.12817948539215,105.0,10.0,167.0,9.0,272.0,-0.0,
720575940632303807,central,unknown,0.0,0.0,21.47739064105265,190.0,17.0,242.0,33.0,432.0,-5.89,
720575940642134216,central,unknown,0.0,2.30447101237628e-08,20.759250838792408,141.0,10.0,75.0,9.0,216.0,-6.16,
720575940625651914,central,unknown,0.0,0.0,24.628701402167533,24.0,3.0,7.0,1.0,31.0,-2.87,
720575940609792206,sensory,hygrosensory,0.0,0.0,24.65898239874029,272.0,26.0,452.0,35.0,724.0,-3.93,
720575940613527761,central,unknown,5.165055985895954e-07,4.704849215603663e-06,21.48407380342585,578.0,29.0,699.0,36.0,1277.0,-5.07,
720575940616673497,central,Kenyon_Cell,0.0,0.0,24.67287004825603,100.0,8.0,21.0,1.0,121.0,-3.15,
720575940640331995,sensory,olfactory,0.0,2.613048613785647e-10,25.1179807166183,26.0,3.0,150.0,13.0,176.0,-0.0,
720575940632172770,central,Kenyon_Cell,0.0,0.0,24.50596903580221,80.0,6.0,31.0,2.0,111.0,-3.52,
720575940633680098,central,LHLN,0.0,7.42095128580482e-10,24.561032252178677,183.0,17.0,146.0,13.0,329.0,-3.57,
720575940624832743,central,ALLN,0.0,4.342782066060145e-07,24.64326917473942,2228.0,128.0,2676.0,135.0,4904.0,-3.46,
720575940639152361,descending,unknown,7.89326504511279e-06,3.151160258358314e-07,20.60621659920364,524.0,16.0,790.0,32.0,1314.0,-5.45,
720575940623554796,central,unknown,0.0,4.321747208649479e-07,19.791018698947823,51.0,5.0,36.0,4.0,87.0,-4.8,
720575940624668908,central,unknown,0.0,0.0,24.500696877987348,356.0,26.0,158.0,11.0,514.0,-3.44,
720575940652128502,central,unknown,0.0,2.777066812527223e-09,23.963639141156456,680.0,41.0,267.0,23.0,947.0,-5.17,
720575940622735615,central,Kenyon_Cell,0.0,0.0,24.492205717826355,79.0,6.0,22.0,1.0,101.0,-3.74,
720575940628928771,central,LHLN,0.0,4.755181113127644e-09,24.60526035332346,201.0,20.0,151.0,14.0,352.0,-3.23,
720575940627683588,central,unknown,0.0,4.682877063303559e-07,21.50175282683105,220.0,19.0,326.0,14.0,546.0,-4.48,
720575940620572933,sensory,olfactory,0.0,0.0,25.116052747855733,31.0,4.0,48.0,4.0,79.0,-0.0,
720575940627585286,central,Kenyon_Cell,0.0,0.0,24.7379211006445,101.0,8.0,11.0,1.0,112.0,-2.77,
720575940606974219,sensory,olfactory,0.0,0.0,25.122048919128577,39.0,5.0,107.0,8.0,146.0,-0.0,
720575940614576396,central,ALPN,0.0,0.0,23.835867418212377,19.0,3.0,13.0,2.0,32.0,-4.27,
720575940608383243,central,Kenyon_Cell,0.0,0.0,24.680655381501804,126.0,7.0,23.0,1.0,149.0,-3.18,
720575940628142352,central,ALLN,0.0,8.22592130258951e-11,23.97426759527796,16.0,2.0,138.0,18.0,154.0,-3.99,
720575940626012433,sensory,olfactory,0.0,0.0,24.0,0.0,0.0,59.0,4.0,59.0,-0.0,
720575940619360532,sensory,olfactory,0.0,2.694648942172394e-10,25.088843178386863,13.0,2.0,65.0,6.0,78.0,-0.0,
720575940620245268,central,unknown,0.0,1.6461020214905273e-08,23.522266092102107,781.0,41.0,457.0,29.0,1238.0,-5.14,
720575940621654298,sensory,olfactory,0.0,7.167347087968123e-08,25.12024278766557,42.0,4.0,310.0,17.0,352.0,-0.0,
720575940622047514,central,unknown,0.0,0.0,23.562678989781435,183.0,16.0,75.0,9.0,258.0,-5.34,
720575940617034013,sensory,olfactory,0.0,0.0,25.094947757483403,11.0,2.0,104.0,10.0,115.0,-0.0,
720575940626864414,central,Kenyon_Cell,0.0,0.0,24.639341611262413,123.0,9.0,23.0,1.0,146.0,-3.08,
720575940643477796,sensory,olfactory,0.0,0.0,25.104758439031578,26.0,4.0,57.0,6.0,83.0,-0.0,
720575940617984297,sensory,olfactory,0.0,2.1342939642470355e-09,25.177948592550017,23.0,3.0,49.0,4.0,72.0,-0.0,
720575940628437291,descending,unknown,5.2974933188676455e-08,1.1337161854410854e-07,19.9553755586108,1515.0,40.0,269.0,7.0,1784.0,-5.87,
720575940632336685,central,Kenyon_Cell,0.0,0.0,24.675184878018584,142.0,8.0,14.0,1.0,156.0,-3.18,
720575940618541361,central,unknown,0.0,9.560211627292834e-10,21.881430356586897,6.0,1.0,10.0,1.0,16.0,-2.34,
720575940615723314,central,unknown,7.257565846848673e-05,2.9106047068295257e-06,21.96834143950424,2096.0,62.0,1490.0,43.0,3586.0,-5.04,
720575940631615800,sensory,olfactory,0.0,0.0,24.0,0.0,0.0,6.0,1.0,6.0,-0.0,
720575940631877944,central,unknown,0.0,0.0,24.673994728596234,17.0,3.0,5.0,1.0,22.0,-3.63,
720575940631189817,central,unknown,3.973119989150733e-08,2.63826307924608e-07,21.109469382595226,647.0,23.0,297.0,10.0,944.0,-5.46,
720575940629453116,sensory,olfactory,0.0,2.3397727013835686e-10,25.12303934381793,63.0,6.0,324.0,20.0,387.0,-0.0,
720575940639349053,central,unknown,0.0,2.607149930527358e-09,24.173800704948388,380.0,20.0,158.0,16.0,538.0,-4.68,
720575940631353671,central,unknown,0.0,1.2428175295449815e-10,23.77723514699793,225.0,30.0,128.0,15.0,353.0,-4.2,
720575940633221447,central,unknown,0.0,1.9316336384707228e-08,24.49243268926665,221.0,15.0,110.0,12.0,331.0,-3.12,
720575940632107335,central,DAN,0.0,0.0,23.38878925985961,859.0,68.0,61.0,5.0,920.0,-5.21,
720575940624963917,sensory,olfactory,0.0,0.0,25.143490536194992,10.0,2.0,75.0,6.0,85.0,-0.0,
720575940626569554,ascending,AN,4.900181319952571e-07,3.023383433142229e-07,21.750529246256065,523.0,7.0,1125.0,48.0,1648.0,-6.36,
720575940632566099,central,unknown,0.0,3.6079921796280123e-08,22.702749851531205,212.0,20.0,46.0,4.0,258.0,-5.03,
720575940619917653,central,unknown,0.0,0.0,23.05484856603102,247.0,20.0,14.0,2.0,261.0,-5.2,
720575940615723350,sensory,olfactory,0.0,8.747071687047131e-09,25.130174196577247,126.0,10.0,170.0,13.0,296.0,-0.0,
720575940633778528,central,unknown,0.0,5.93550497400832e-09,20.492004031602114,141.0,8.0,377.0,15.0,518.0,-6.35,
720575940614871402,central,Kenyon_Cell,0.0,0.0,24.677299127191887,144.0,7.0,22.0,1.0,166.0,-3.22,
720575940614281578,central,unknown,0.0,9.099903119031063e-10,23.482239833191556,13.0,2.0,12.0,2.0,25.0,-3.82,
720575940628961644,sensory,olfactory,0.0,1.0787540645837974e-10,25.155378514781138,59.0,9.0,488.0,29.0,547.0,-0.0,
720575940620573037,central,unknown,0.0,4.016779393101683e-07,23.988172767504853,1146.0,59.0,178.0,12.0,1324.0,-4.46,
720575940643707246,sensory,hygrosensory,0.0,6.823721225184188e-08,24.59507354226181,42.0,6.0,131.0,14.0,173.0,-3.8,
720575940643281262,central,Kenyon_Cell,0.0,0.0,23.86743868969601,83.0,5.0,19.0,2.0,102.0,-4.3,
720575940610218360,central,Kenyon_Cell,0.0,0.0,24.617054308623068,112.0,6.0,19.0,1.0,131.0,-3.03,
720575940658321793,central,Kenyon_Cell,0.0,0.0,24.71012811982231,125.0,8.0,19.0,1.0,144.0,-3.06,
720575940618606983,sensory,olfactory,0.0,7.783431354676537e-08,25.18850747104908,20.0,3.0,165.0,11.0,185.0,-0.0,
720575940622440840,sensory,olfactory,0.0,0.0,25.113998667012915,26.0,3.0,119.0,9.0,145.0,-0.0,
720575940632795532,central,ALLN,0.0001567130961054,6.362887295746973e-05,24.72291758260521,11245.0,663.0,18517.0,1108.0,29762.0,-2.35,
720575940630731148,central,Kenyon_Cell,0.0,0.0,24.751477924673463,131.0,6.0,31.0,1.0,162.0,-2.88,
720575940616804753,central,Kenyon_Cell,0.0,0.0,24.598440854062535,116.0,8.0,26.0,1.0,142.0,-3.69,
720575940616378769,central,unknown,0.0,6.933305268646224e-10,23.760415387803587,302.0,14.0,244.0,20.0,546.0,-5.13,
720575940613003669,central,unknown,0.0,3.694340181070751e-10,24.331104498285228,112.0,14.0,71.0,11.0,183.0,-4.16,
720575940616018326,central,unknown,0.0,5.223782607399651e-09,23.56834448694773,237.0,26.0,26.0,4.0,263.0,-4.24,
720575940634663319,central,unknown,0.0,0.0,24.571668080610795,661.0,48.0,214.0,20.0,875.0,-3.38,
720575940614740374,central,unknown,0.0,2.1500082593445785e-07,20.031218944391952,213.0,14.0,158.0,5.0,371.0,-5.83,
720575940610906521,central,Kenyon_Cell,0.0,0.0,24.56431486685084,108.0,6.0,12.0,1.0,120.0,-3.39,
720575940633024924,sensory,olfactory,0.0,2.3397727013835686e-10,25.05044377443761,109.0,10.0,155.0,13.0,264.0,-0.0,
720575940614314399,central,unknown,0.0,0.0,23.24289628308327,139.0,16.0,226.0,20.0,365.0,-5.04,
720575940631353764,sensory,olfactory,0.0,1.214864989658238e-09,25.11813946396835,31.0,4.0,144.0,12.0,175.0,-0.0,
720575940632435108,central,unknown,0.0,6.78593475250202e-10,24.559926334648207,250.0,23.0,120.0,11.0,370.0,-3.74,
720575940614150567,central,unknown,0.0,1.828896502942401e-10,23.4045521094312,165.0,18.0,101.0,5.0,266.0,-4.23,
720575940628896168,central,unknown,2.516309326462131e-07,4.182750904818282e-09,23.76887966234789,1834.0,86.0,1628.0,70.0,3462.0,-4.64,
720575940636531118,central,unknown,0.0,0.0,24.545251451791824,52.0,6.0,90.0,6.0,142.0,-3.16,
720575940633909695,sensory,olfactory,0.0,0.0,25.09602501942981,17.0,2.0,35.0,3.0,52.0,-0.0,
720575940633713087,sensory,olfactory,0.0,0.0,25.12084865849817,15.0,2.0,81.0,10.0,96.0,-0.0,
720575940629518786,central,unknown,0.0,3.117635773768952e-09,24.33338728897968,212.0,18.0,71.0,10.0,283.0,-3.55,
720575940643543496,central,unknown,6.754303981556247e-07,3.920382297179382e-07,21.04665520453705,651.0,25.0,497.0,25.0,1148.0,-5.58,
720575940606056905,central,ALLN,0.0,7.257958171943077e-07,24.688783153986623,3996.0,148.0,3840.0,162.0,7836.0,-3.57,
720575940622604749,sensory,olfactory,0.0,7.250042850960099e-09,25.127087187429986,116.0,12.0,174.0,13.0,290.0,-0.0,
720575940630895055,central,ALPN,0.0,1.0506625757688571e-06,24.858437514010262,739.0,72.0,1210.0,109.0,1949.0,-1.89,
720575940630862287,central,Kenyon_Cell,0.0,0.0,24.40344326195052,66.0,5.0,21.0,1.0,87.0,-3.57,
720575940630927823,central,unknown,0.0,0.0,24.037256254643275,245.0,20.0,164.0,15.0,409.0,-3.73,
720575940616640980,central,unknown,0.0,0.0,24.155432547601336,206.0,16.0,5.0,1.0,211.0,-3.71,
720575940607990229,central,ALPN,8.091921044570327e-06,2.752044931008289e-05,24.691317759540794,1005.0,73.0,1476.0,100.0,2481.0,-1.97,
720575940629977559,sensory,olfactory,0.0,8.350946756393734e-08,25.109865101873744,27.0,4.0,123.0,7.0,150.0,-0.0,
720575940641282523,sensory,olfactory,0.0,0.0,25.15067612524473,5.0,1.0,39.0,3.0,44.0,-0.0,
720575940628994524,sensory,olfactory,0.0,0.0,25.20715995953165,16.0,3.0,56.0,5.0,72.0,-0.0,
720575940622375389,sensory,olfactory,0.0,3.3103331056424946e-08,25.174124482927063,61.0,6.0,508.0,22.0,569.0,-0.0,
720575940633254370,central,unknown,0.0,7.546754676903191e-09,24.129947542958924,105.0,13.0,35.0,5.0,140.0,-3.82,
720575940633614818,central,unknown,0.0,4.045294276701997e-08,23.524195989143937,363.0,18.0,79.0,11.0,442.0,-5.69,
720575940624210407,sensory,olfactory,0.0,5.393770322918987e-11,25.16849751403849,10.0,2.0,44.0,5.0,54.0,-0.0,
720575940623784428,central,unknown,0.0,0.0,23.997088943342693,145.0,16.0,157.0,15.0,302.0,-3.95,
720575940620605940,central,unknown,0.0,2.7591111035768976e-10,21.91641272326961,114.0,8.0,108.0,9.0,222.0,-4.79,
720575940619491828,central,unknown,0.0,0.0,21.425746542155828,114.0,12.0,109.0,12.0,223.0,-5.6,
720575940628601344,sensory,olfactory,0.0,1.0361991430916472e-09,25.14670166921806,326.0,19.0,970.0,36.0,1296.0,-0.0,
720575940630174208,sensory,olfactory,0.0,1.0787540645837974e-10,25.142999844428445,57.0,6.0,58.0,7.0,115.0,-0.0,
720575940620900869,central,unknown,0.0,1.828896502942401e-10,23.60347240371092,188.0,19.0,21.0,4.0,209.0,-4.02,
720575940626930186,central,Kenyon_Cell,0.0,0.0,24.459400941144253,138.0,8.0,23.0,1.0,161.0,-3.48,
720575940607793675,central,Kenyon_Cell,0.0,0.0,24.515259027409883,84.0,7.0,26.0,2.0,110.0,-3.03,
720575940627192337,central,unknown,4.370431988065807e-07,2.15125183279486e-06,24.444871853102025,1312.0,47.0,181.0,16.0,1493.0,-3.45,
720575940620671512,sensory,olfactory,0.0,0.0,25.106096975073108,17.0,3.0,76.0,4.0,93.0,-0.0,
720575940633221657,sensory,olfactory,0.0,4.1628404713957965e-10,25.186006853963715,6.0,1.0,44.0,4.0,50.0,-0.0,
720575940621326874,sensory,olfactory,0.0,4.5123075021386386e-10,25.11491227328727,41.0,6.0,110.0,7.0,151.0,-0.0,
720575940626930206,central,LHLN,0.0,0.0,24.65404809445003,262.0,20.0,198.0,19.0,460.0,-3.05,
720575940633483807,central,ALLN,5.019374919627093e-06,1.7567519241853905e-06,24.68964446269809,4680.0,203.0,3576.0,269.0,8256.0,-3.23,
720575940646263331,central,Kenyon_Cell,0.0,0.0,24.65471078215997,97.0,6.0,18.0,1.0,115.0,-3.04,
720575940643183140,sensory,olfactory,0.0,6.074324948291191e-10,25.097502645712524,44.0,4.0,172.0,11.0,216.0,-0.0,
720575940644362788,central,ALLN,1.5097855958772789e-06,4.887486532202549e-06,24.589629392105124,2950.0,147.0,905.0,71.0,3855.0,-3.46,
720575940645673508,central,unknown,0.0,0.0,24.23431530692844,620.0,39.0,278.0,25.0,898.0,-3.64,
720575940624570917,central,Kenyon_Cell,0.0,0.0,24.66945341979237,88.0,6.0,15.0,1.0,103.0,-3.1,
720575940616903209,sensory,olfactory,0.0,2.613048613785647e-10,25.126400440313446,20.0,3.0,68.0,6.0,88.0,-0.0,
720575940629518892,sensory,olfactory,0.0,0.0,25.112922540269548,53.0,6.0,161.0,11.0,214.0,-0.0,
720575940632271405,central,LHLN,0.0,4.248802909547726e-09,24.71967320325408,307.0,11.0,109.0,14.0,416.0,-2.96,
720575940610611758,sensory,olfactory,0.0,0.0,24.0,0.0,0.0,18.0,3.0,18.0,-0.0,
720575940646197812,central,unknown,0.0,1.1577614416124075e-06,24.478374799731878,290.0,30.0,59.0,7.0,349.0,-3.37,
720575940628732471,central,Kenyon_Cell,0.0,0.0,24.760514652422245,121.0,9.0,27.0,1.0,148.0,-2.92,
720575940626143806,central,ALPN,4.006229322393656e-05,1.4556454486408876e-05,24.787865056896862,3501.0,192.0,7131.0,406.0,10632.0,-2.54,
720575940618574400,central,LHLN,0.0,7.979161105326814e-10,24.744701566582307,91.0,11.0,76.0,9.0,167.0,-3.11,
720575940629256779,central,unknown,0.0,2.455386629095165e-07,21.23017446328792,311.0,18.0,15.0,1.0,326.0,-5.15,
720575940623030861,sensory,hygrosensory,0.0,8.438912257910766e-08,24.620926318129825,29.0,5.0,165.0,15.0,194.0,-3.73,
720575940639021646,central,LHLN,0.0,0.0,24.723373486881396,637.0,42.0,241.0,19.0,878.0,-3.22,
720575940628634191,central,LHLN,0.0,3.420837555149872e-08,24.36376358720725,556.0,27.0,80.0,12.0,636.0,-3.52,
720575940617853524,central,Kenyon_Cell,0.0,0.0,24.391832845237523,149.0,8.0,22.0,1.0,171.0,-3.45,
720575940626700889,central,Kenyon_Cell,0.0,0.0,24.355406443334047,116.0,7.0,23.0,2.0,139.0,-3.62,
720575940626831961,central,unknown,0.0,0.0,24.25997534370385,70.0,7.0,110.0,12.0,180.0,-4.48,
720575940617394781,central,unknown,0.0,0.0,24.25125808695357,101.0,12.0,79.0,9.0,180.0,-3.94,
720575940620737121,central,Kenyon_Cell,0.0,0.0,24.507962739250274,111.0,5.0,30.0,2.0,141.0,-3.52,
720575940633156203,central,ALLN,0.0,5.8671153044123616e-08,24.277472434117787,54.0,7.0,249.0,23.0,303.0,-3.21,
720575940634860143,sensory,olfactory,0.0,3.4612763345055437e-10,25.0883822082052,9.0,1.0,157.0,11.0,166.0,-0.0,
720575940634991215,sensory,olfactory,0.0,0.0,25.095261559954505,10.0,2.0,65.0,4.0,75.0,-0.0,
720575940613003889,central,unknown,0.0,0.0,24.50325912510216,151.0,17.0,73.0,8.0,224.0,-3.39,
720575940640791155,central,unknown,0.0,0.0,23.514862011137406,40.0,7.0,7.0,1.0,47.0,-4.55,
720575940627946106,central,unknown,0.0,7.440299605151187e-11,24.43738143734296,364.0,26.0,60.0,9.0,424.0,-3.63,
720575940626668165,central,Kenyon_Cell,0.0,0.0,24.727709045911567,101.0,7.0,15.0,1.0,116.0,-3.31,
720575940630960780,sensory,olfactory,0.0,0.0,24.0,0.0,0.0,30.0,3.0,30.0,-0.0,
720575940622441107,sensory,olfactory,0.0,4.114529059880567e-09,25.07141008429359,5.0,1.0,60.0,4.0,65.0,-0.0,
720575940611496597,central,unknown,0.0,4.0117182741850136e-08,23.86040747590279,380.0,30.0,41.0,5.0,421.0,-4.03,
720575940627159704,sensory,olfactory,0.0,0.0,24.0,0.0,0.0,23.0,4.0,23.0,-0.0,
720575940634303132,central,ALLN,2.197135354000356e-05,4.302954111739293e-06,24.658818623346065,2393.0,110.0,843.0,53.0,3236.0,-2.99,
720575940614707874,central,unknown,0.0,0.0,24.502249836181228,77.0,10.0,40.0,2.0,117.0,-3.41,
720575940614544034,central,Kenyon_Cell,0.0,0.0,24.51250065981255,99.0,8.0,22.0,1.0,121.0,-3.41,
720575940611857066,central,unknown,0.0,0.0,22.64047431777541,99.0,11.0,83.0,8.0,182.0,-5.61,
720575940635515572,central,unknown,2.3838719934904402e-07,5.990203503410968e-07,24.468399630027577,1048.0,65.0,412.0,30.0,1460.0,-3.7,
720575940624243388,central,Kenyon_Cell,0.0,1.8394074023845986e-10,24.556396857229878,53.0,4.0,63.0,5.0,116.0,-3.45,
720575940622342852,sensory,olfactory,0.0,0.0,24.0,0.0,0.0,81.0,7.0,81.0,-0.0,
720575940622473924,central,unknown,0.0,0.0,21.73585497482529,54.0,7.0,123.0,9.0,177.0,-5.45,
720575940615133894,central,Kenyon_Cell,0.0,0.0,24.54236896429337,139.0,4.0,23.0,2.0,162.0,-3.54,
720575940642495176,central,unknown,0.0,2.773453160259873e-07,23.730400228792828,64.0,7.0,39.0,6.0,103.0,-4.14,
720575940615002833,central,unknown,0.0,2.0509246017243094e-07,23.94605321126023,339.0,31.0,143.0,12.0,482.0,-4.69,
720575940609399506,central,Kenyon_Cell,0.0,0.0,24.35879377386735,60.0,4.0,32.0,1.0,92.0,-3.75,
720575940617296601,central,unknown,0.0,0.0,24.416809198918088,111.0,18.0,0.0,0.0,111.0,-3.25,
720575940616575705,central,unknown,0.0,1.3408528508819924e-07,21.72344221018447,171.0,9.0,12.0,2.0,183.0,-4.77,
720575940615068383,central,Kenyon_Cell,0.0,0.0,24.474011087830824,75.0,7.0,15.0,1.0,90.0,-3.56,
720575940633352929,central,unknown,0.0,2.641127107983958e-09,23.529358554182807,174.0,16.0,184.0,14.0,358.0,-5.43,
720575940613167845,central,ALLN,0.0,2.2974180459963117e-09,24.99202163251228,10.0,2.0,49.0,5.0,59.0,-1.66,
720575940617362150,sensory,olfactory,0.0,3.4612763345055437e-10,25.149195107593645,40.0,5.0,125.0,10.0,165.0,-0.0,
720575940611988197,central,unknown,0.0,0.0,20.952209141408414,68.0,4.0,143.0,3.0,211.0,-4.94,
720575940637973225,central,Kenyon_Cell,0.0,0.0,24.724283294509185,97.0,5.0,31.0,1.0,128.0,-2.97,
720575940613692141,central,LHLN,0.0,2.3862582517421823e-11,24.55253837934617,137.0,16.0,59.0,5.0,196.0,-3.44,
720575940613364461,central,Kenyon_Cell,0.0,3.7906276011976156e-10,23.777407685592998,28.0,2.0,15.0,2.0,43.0,-4.37,
720575940628536055,central,Kenyon_Cell,0.0,0.0,24.48671567088549,85.0,7.0,36.0,2.0,121.0,-3.47,
720575940629388026,central,Kenyon_Cell,0.0,0.0,24.77247872742328,116.0,8.0,16.0,1.0,132.0,-2.94,
720575940617820929,central,Kenyon_Cell,0.0,0.0,24.355218285065103,143.0,11.0,36.0,2.0,179.0,-4.26,
720575940622211845,sensory,olfactory,0.0,1.4747977883493044e-07,25.150610878824107,79.0,7.0,496.0,26.0,575.0,-0.0,
720575940624964362,sensory,olfactory,0.0,0.0,25.06926345026378,25.0,3.0,99.0,8.0,124.0,-0.0,
720575940627454730,central,unknown,0.0,4.0681688195443535e-09,20.059033406863907,151.0,11.0,29.0,5.0,180.0,-5.64,
720575940628044560,sensory,olfactory,0.0,6.074324948291191e-10,25.097260665148976,13.0,2.0,100.0,7.0,113.0,-0.0,
720575940633156377,central,unknown,0.0,0.0,22.04318784435644,314.0,17.0,76.0,10.0,390.0,-6.21,
720575940619819802,central,unknown,0.0,5.773543876973754e-09,21.597134127546813,84.0,7.0,129.0,12.0,213.0,-6.06,
720575940617067305,sensory,olfactory,0.0,0.0,25.127489241294388,40.0,4.0,199.0,15.0,239.0,-0.0,
720575940616903465,sensory,olfactory,0.0,5.054860037087448e-11,25.151228895694857,42.0,5.0,37.0,4.0,79.0,-0.0,
720575940629814060,central,Kenyon_Cell,0.0,0.0,24.487093127066288,82.0,4.0,44.0,3.0,126.0,-3.19,
720575940615953202,central,DAN,0.0,5.3883477736188206e-09,21.836357419303237,1172.0,61.0,498.0,47.0,1670.0,-5.51,
720575940638432053,central,unknown,0.0,1.324373329716911e-10,23.84742697615746,210.0,23.0,36.0,4.0,246.0,-4.54,
720575940618902326,central,unknown,7.270809580145842e-06,1.9103718206963094e-08,22.0609646667143,1582.0,65.0,387.0,21.0,1969.0,-5.57,
720575940616805179,central,unknown,0.0,3.08516103713007e-08,24.39119124550773,338.0,36.0,24.0,3.0,362.0,-4.11,
720575940637449023,central,ALPN,0.0,8.687360876607077e-06,23.51181371357841,969.0,38.0,730.0,51.0,1699.0,-4.69,
720575940637711167,central,unknown,0.0,1.923261801247672e-08,24.131773812913902,385.0,36.0,114.0,9.0,499.0,-4.25,
720575940618181445,central,Kenyon_Cell,0.0,0.0,24.503873597181613,151.0,8.0,24.0,2.0,175.0,-3.43,
720575940638006086,central,ALLN,0.0,7.403903861524365e-08,24.7277456687398,136.0,14.0,708.0,42.0,844.0,-3.07,
720575940620573516,central,LHLN,0.0,0.0,24.416055972783155,195.0,17.0,91.0,10.0,286.0,-3.36,
720575940632271697,central,LHLN,0.0,1.4692014774922958e-10,24.50326620979356,195.0,16.0,203.0,21.0,398.0,-3.26,
720575940626307922,sensory,olfactory,0.0,0.0,24.0,0.0,0.0,76.0,9.0,76.0,-0.0,
720575940627585874,central,unknown,0.0,0.0,19.19542740813004,166.0,4.0,21.0,2.0,187.0,-6.26,
720575940609137500,visual_centrifugal,unknown,0.0,0.0,19.378356545501983,174.0,17.0,14.0,2.0,188.0,-5.95,
720575940617165661,central,Kenyon_Cell,0.0,0.0,24.314381449804618,41.0,4.0,26.0,1.0,67.0,-4.18,
720575940635777893,central,unknown,0.0,1.7748795116426875e-10,24.042720040980985,45.0,7.0,17.0,2.0,62.0,-3.87,
720575940628372327,sensory,olfactory,0.0,0.0,25.141525662871462,20.0,3.0,62.0,7.0,82.0,-0.0,
720575940629388135,sensory,gustatory,0.0,0.0,21.725425999075718,5.0,1.0,29.0,4.0,34.0,-2.78,
720575940629912428,central,ALLN,0.0,1.88820241246276e-10,24.080661722318943,21.0,2.0,196.0,21.0,217.0,-3.63,
720575940613397362,central,unknown,0.0,0.0,24.470133377223068,226.0,15.0,64.0,5.0,290.0,-3.23,
720575940621359988,central,unknown,0.0,2.3264207973791516e-08,24.75558865399699,410.0,24.0,162.0,14.0,572.0,-3.2,
720575940621097855,central,Kenyon_Cell,0.0,0.0,24.635638619349084,103.0,5.0,15.0,1.0,118.0,-2.98,
720575940608285570,central,unknown,0.0,7.394774808184881e-08,24.55689851419477,182.0,20.0,92.0,8.0,274.0,-3.3,
720575940646853508,central,unknown,0.0,0.0,22.707949134213848,58.0,7.0,11.0,1.0,69.0,-5.52,
720575940620311430,central,Kenyon_Cell,0.0,0.0,24.225752173841528,41.0,2.0,41.0,3.0,82.0,-4.36,
720575940615134091,central,unknown,0.0,1.701582473963454e-07,22.835463315155085,280.0,34.0,76.0,7.0,356.0,-5.44,
720575940618574749,descending,unknown,3.5625642569384917e-06,1.4171753418148893e-06,20.600344352063384,1788.0,49.0,21.0,2.0,1809.0,-5.22,
720575940627454888,sensory,olfactory,0.0,6.074324948291191e-10,25.12090951601936,46.0,5.0,153.0,9.0,199.0,-0.0,
720575940604418988,central,ALPN,2.6487466594338224e-08,3.9506979715519986e-08,23.60594888910625,626.0,51.0,910.0,62.0,1536.0,-4.67,
720575940637612974,descending,unknown,0.0,1.0720838674943762e-08,20.404101061800183,115.0,11.0,144.0,10.0,259.0,-5.7,
720575940620082096,sensory,olfactory,0.0,0.0,24.0,0.0,0.0,55.0,8.0,55.0,-0.0,
720575940606548914,central,unknown,0.0,1.2324460270159351e-08,23.926082407462445,358.0,20.0,376.0,38.0,734.0,-4.89,
720575940622474165,central,Kenyon_Cell,0.0,0.0,24.597167985422796,97.0,7.0,21.0,2.0,118.0,-3.41,
720575940622343094,central,unknown,0.0,7.883174581648281e-11,22.767404857947792,162.0,17.0,309.0,20.0,471.0,-5.29,
720575940605565886,central,Kenyon_Cell,0.0,0.0,24.445850135253615,85.0,7.0,27.0,2.0,112.0,-3.5,
720575940634991551,central,unknown,0.0,5.376398739212928e-10,23.306653930733635,134.0,16.0,71.0,4.0,205.0,-4.53,
720575940621196224,central,ALPN,0.0,1.981029795696987e-07,23.79173845997073,787.0,61.0,1440.0,81.0,2227.0,-4.85,
720575940629486530,central,unknown,0.0,1.2407800641314544e-10,24.03537262784129,170.0,19.0,57.0,8.0,227.0,-4.01,
720575940624440260,central,unknown,0.0,0.0,21.50370834747456,5.0,1.0,12.0,1.0,17.0,-2.33,
720575940624079821,central,ALLN,0.0,3.6496174428911664e-08,25.05531512012658,192.0,24.0,986.0,78.0,1178.0,-1.59,
720575940639415248,sensory,olfactory,0.0,5.393770322918987e-11,25.132330153103656,54.0,9.0,166.0,8.0,220.0,-0.0,
720575940617493460,central,unknown,4.1346935353761967e-05,1.894065229026395e-07,24.195079000732147,1891.0,72.0,1172.0,46.0,3063.0,-4.11,
720575940611791834,sensory,olfactory,0.0,0.0,24.0,0.0,0.0,38.0,5.0,38.0,-0.0,
720575940614642655,central,LHLN,0.0,0.0,24.459887276689244,10.0,2.0,43.0,6.0,53.0,-3.97,
720575940602977248,central,LHLN,0.0,9.654728744243928e-09,24.623412959355644,696.0,30.0,564.0,62.0,1260.0,-3.23,
720575940629594106,central,unknown,0.0,2.447043215263276e-07,22.158551360050197,473.0,38.0,966.0,42.0,1439.0,-5.1,
720575940624538599,central,unknown,5.165055985895954e-07,6.559254236932604e-07,19.920160769752787,195.0,16.0,361.0,23.0,556.0,-5.71,
720575940623358954,sensory,olfactory,0.0,1.0439072268478002e-07,25.10890095114761,12.0,2.0,93.0,14.0,105.0,-0.0,
720575940618214383,central,ALPN,0.0,1.0799802222277e-10,24.62120609488915,56.0,6.0,77.0,12.0,133.0,-3.21,
720575940619623407,central,unknown,1.3243733297169113e-07,4.350691180710536e-07,21.942698213713044,344.0,26.0,1012.0,40.0,1356.0,-5.5,
720575940623129587,sensory,olfactory,0.0,1.2027788790647424e-08,25.131121039626247,45.0,5.0,175.0,12.0,220.0,-0.0,
720575940652063734,central,ALLN,0.0,4.543388115094708e-08,24.239376153687505,101.0,10.0,439.0,30.0,540.0,-4.45,
720575940629584887,central,unknown,0.0,3.5836307180162504e-08,19.409602422660612,191.0,7.0,50.0,8.0,241.0,-5.94,
720575940630666234,central,unknown,0.0,6.585964011488961e-10,20.86442488830215,213.0,23.0,171.0,11.0,384.0,-5.88,
720575940628077568,central,ALPN,1.417079462797095e-06,1.2667421080287417e-06,24.887913953809903,1035.0,74.0,2379.0,157.0,3414.0,-1.68,
720575940617034753,central,Kenyon_Cell,0.0,0.0,24.723035351078916,97.0,8.0,23.0,1.0,120.0,-2.93,
720575940629355520,central,unknown,0.0,4.42934223985589e-11,22.07266313645775,327.0,26.0,360.0,12.0,687.0,-5.68,
720575940623981576,sensory,olfactory,0.0,1.1698863506917843e-10,25.057567375542195,91.0,13.0,107.0,8.0,198.0,-0.0,
720575940614380556,central,unknown,0.0,0.0,24.595605255541784,51.0,6.0,23.0,4.0,74.0,-3.8,
720575940631223314,central,unknown,0.0,0.0,23.15502068642268,34.0,6.0,48.0,3.0,82.0,-5.06,
720575940626996252,sensory,olfactory,0.0,0.0,25.0883822082052,6.0,1.0,19.0,2.0,25.0,-0.0,
720575940621753377,central,ALPN,0.0,7.229604450684943e-07,23.59520280815329,970.0,73.0,2529.0,157.0,3499.0,-4.17,
720575940617853986,central,unknown,0.0001489919995931,6.906281951771418e-08,24.12661542659847,2640.0,105.0,1434.0,76.0,4074.0,-4.15,
720575940623916071,central,ALPN,0.0,1.1879529174364113e-08,23.498401427957194,459.0,35.0,1050.0,57.0,1509.0,-4.99,
720575940613528616,central,unknown,0.0,3.8506813419734715e-08,19.98172333917217,61.0,8.0,45.0,4.0,106.0,-5.9,
720575940627586091,sensory,olfactory,0.0,8.124989752864485e-11,25.13068437794925,32.0,3.0,122.0,8.0,154.0,-0.0,
720575940618869814,central,unknown,0.0,2.392701179350639e-09,24.562517762522187,123.0,11.0,122.0,9.0,245.0,-3.36,
720575940630142007,central,unknown,0.0,1.2429400817708292e-07,21.47024017621885,285.0,24.0,284.0,15.0,569.0,-5.36,
720575940632009784,central,unknown,0.0,3.0820274603961316e-09,23.095037945807277,192.0,18.0,31.0,5.0,223.0,-4.46,
720575940638989375,visual_projection,unknown,0.0,2.0780164330846325e-08,19.747621062352355,45.0,4.0,982.0,28.0,1027.0,-5.38,
720575940617821248,central,LHLN,0.0,1.918319328023454e-09,24.57284786749792,97.0,10.0,63.0,6.0,160.0,-3.28,
720575940609203268,central,Kenyon_Cell,0.0,0.0,24.68694793529969,91.0,5.0,30.0,1.0,121.0,-3.05,
720575940630600775,central,unknown,0.0,0.0,21.367948855840854,182.0,15.0,72.0,7.0,254.0,-6.56,
720575940621491276,central,unknown,0.0,0.0,23.962415124995204,217.0,16.0,81.0,8.0,298.0,-4.27,
720575940624702541,sensory,olfactory,0.0,0.0,24.0,0.0,0.0,58.0,7.0,58.0,-0.0,
720575940617854036,central,Kenyon_Cell,0.0,0.0,24.68433209837986,89.0,5.0,20.0,1.0,109.0,-3.14,
720575940628864087,central,unknown,0.0,3.491361602089787e-09,24.573760302824603,546.0,40.0,423.0,37.0,969.0,-3.36,
720575940635122783,central,unknown,0.0,0.0,24.459664348403404,244.0,24.0,107.0,11.0,351.0,-3.67,
720575940622998627,central,unknown,0.0,1.364987075185475e-06,19.17546005438051,317.0,25.0,651.0,46.0,968.0,-6.17,
720575940636105829,central,unknown,0.0,4.5823941768556045e-10,23.90057926745227,305.0,28.0,39.0,3.0,344.0,-4.29,
720575940629421159,descending,unknown,0.0,1.5399990340767886e-07,21.2036465880308,683.0,27.0,76.0,4.0,759.0,-5.4,
720575940631321704,central,ALON,0.0003033477111716,0.0003265751097424,24.143345130452,740.0,62.0,2147.0,80.0,2887.0,-2.55,
720575940630043756,central,unknown,0.0,0.0,22.78695960360028,88.0,8.0,40.0,3.0,128.0,-4.89,
720575940611890289,central,unknown,0.0,0.0,21.78962299929094,326.0,27.0,261.0,15.0,587.0,-5.1,
720575940621163636,central,Kenyon_Cell,0.0,0.0,24.48990722714608,80.0,5.0,26.0,2.0,106.0,-3.4,
720575940636171383,central,Kenyon_Cell,0.0,0.0,24.58925648399362,105.0,6.0,29.0,2.0,134.0,-3.19,
720575940622015612,central,Kenyon_Cell,0.0,0.0,24.53488768537669,148.0,9.0,24.0,1.0,172.0,-3.35,
720575940639939712,central,unknown,0.0,1.3439156497627322e-09,22.888034882059305,439.0,40.0,349.0,25.0,788.0,-4.86,
720575940618574983,sensory,hygrosensory,0.0,5.683904134903636e-08,24.63920918442747,17.0,3.0,251.0,23.0,268.0,-3.5,
720575940626865289,sensory,olfactory,0.0,0.0,25.104870474161874,42.0,5.0,160.0,11.0,202.0,-0.0,
720575940621786250,central,unknown,0.0,1.182476187247242e-10,23.12064235254195,110.0,11.0,66.0,5.0,176.0,-4.62,
720575940640398477,central,ALPN,2.97983999186305e-06,1.3988123333486718e-06,24.90398260671983,425.0,49.0,1233.0,107.0,1658.0,-1.78,
720575940624014483,central,ALIN,1.3243733297169112e-08,1.7922728180510506e-07,23.740216913453747,732.0,38.0,649.0,37.0,1381.0,-5.19,
720575940628372635,sensory,olfactory,0.0,0.0,25.117632173210765,37.0,6.0,90.0,7.0,127.0,-0.0,
720575940618640542,sensory,olfactory,0.0,1.1975060548788667e-09,25.09448055141825,48.0,6.0,179.0,11.0,227.0,-0.0,
720575940643544224,central,Kenyon_Cell,0.0,0.0,24.72835384104723,138.0,9.0,33.0,2.0,171.0,-3.03,
720575940642921632,central,unknown,0.0,0.0,22.895841950939715,93.0,10.0,73.0,5.0,166.0,-5.23,
720575940639382691,central,unknown,0.0,6.7677476462487165e-09,24.41112439191683,194.0,21.0,69.0,7.0,263.0,-3.4,
720575940618738853,sensory,olfactory,0.0,0.0,24.0,0.0,0.0,67.0,10.0,67.0,-0.0,
720575940620311718,central,ALLN,0.0,0.0,24.773612027026424,314.0,26.0,85.0,7.0,399.0,-2.23,
720575940620541099,descending,unknown,1.7826065017989624e-05,6.309658273928986e-07,22.016322944635743,1446.0,42.0,439.0,9.0,1885.0,-5.06,
720575940632108205,sensory,olfactory,0.0,7.0396082307771064e-09,25.16349464571832,43.0,6.0,126.0,11.0,169.0,-0.0,
720575940606319794,central,unknown,0.0,0.0,22.19903416817708,23.0,3.0,19.0,2.0,42.0,-5.82,
720575940616117433,central,unknown,0.0,6.47402121594895e-08,23.649779226239296,22.0,4.0,59.0,9.0,81.0,-4.02,
720575940605664446,central,Kenyon_Cell,0.0,0.0,24.592239625685743,43.0,5.0,20.0,1.0,63.0,-3.34,
720575940621556928,sensory,olfactory,0.0,0.0,24.0,0.0,0.0,34.0,5.0,34.0,-0.0,
720575940619754699,central,unknown,4.635306654009189e-07,6.454180141358843e-09,23.031525196131717,1723.0,56.0,1529.0,90.0,3252.0,-5.73,
720575940613954769,central,Kenyon_Cell,0.0,0.0,24.369647972474823,44.0,4.0,17.0,1.0,61.0,-3.29,
720575940609924306,sensory,olfactory,0.0,4.0202216303583235e-09,25.15754616594513,377.0,28.0,782.0,32.0,1159.0,-0.0,
720575940617395412,central,Kenyon_Cell,0.0,6.656044109547111e-09,24.49930555447716,78.0,6.0,36.0,3.0,114.0,-3.34,
720575940607958229,sensory,olfactory,0.0,0.0,24.0,0.0,0.0,21.0,3.0,21.0,-0.0,
720575940629617879,central,ALLN,0.0,0.0,24.205249992080077,25.0,4.0,253.0,22.0,278.0,-4.69,
720575940604714208,central,unknown,0.0,3.9660882395495927e-10,24.0346298181204,60.0,8.0,31.0,4.0,91.0,-3.32,
720575940613233891,central,unknown,0.0,0.0,24.299822195307428,145.0,16.0,92.0,12.0,237.0,-3.41,
720575940625521899,central,ALPN,0.0,0.0,23.883037622761023,40.0,4.0,208.0,17.0,248.0,-4.03,
720575940620475630,central,Kenyon_Cell,0.0,0.0,24.3012992787026,69.0,4.0,31.0,1.0,100.0,-3.81,
720575940627619057,central,unknown,0.0,0.0,23.408598639031744,1111.0,58.0,385.0,30.0,1496.0,-4.78,
720575940620705012,sensory,olfactory,0.0,0.0,25.112832730467584,38.0,4.0,151.0,9.0,189.0,-0.0,
720575940640955637,central,ALLN,2.4050619667659103e-05,7.795946395385722e-07,24.60456598400301,3092.0,125.0,2402.0,111.0,5494.0,-3.49,
720575940627160322,central,ALPN,4.5955754541176815e-06,1.0060619010060946e-06,24.827445763341423,1581.0,101.0,3516.0,207.0,5097.0,-1.94,
720575940626439426,central,LHLN,0.0,4.477694621439744e-09,24.58117049818792,103.0,12.0,133.0,15.0,236.0,-3.16,
720575940609269001,central,ALON,0.0,8.603074281909225e-05,24.358444229326015,792.0,53.0,1393.0,79.0,2185.0,-3.56,
720575940627291402,central,unknown,0.0,0.0,24.31838582351723,203.0,17.0,51.0,3.0,254.0,-3.41,
720575940615101708,central,Kenyon_Cell,0.0,0.0,24.74523889819448,138.0,8.0,19.0,1.0,157.0,-2.95,
720575940624243982,central,Kenyon_Cell,0.0,0.0,24.437212677465915,89.0,4.0,19.0,1.0,108.0,-3.37,
720575940626111761,sensory,olfactory,0.0,1.5042350751946088e-07,25.11503595762948,101.0,10.0,259.0,15.0,360.0,-0.0,
720575940622081306,central,unknown,0.0,1.7471553673816664e-08,23.570346915505983,269.0,29.0,141.0,10.0,410.0,-4.74,
720575940614053149,sensory,olfactory,0.0,0.0,25.137187565504316,37.0,3.0,204.0,13.0,241.0,-0.0,
720575940606385440,central,ALLN,0.0,3.517551259453467e-07,24.36422371522975,666.0,53.0,1369.0,87.0,2035.0,-3.91,
720575940622966054,sensory,olfactory,0.0,0.0,24.0,0.0,0.0,23.0,4.0,23.0,-0.0,
720575940612971816,sensory,olfactory,0.0,0.0,24.0,0.0,0.0,69.0,7.0,69.0,-0.0,
720575940624276784,central,Kenyon_Cell,0.0,0.0,24.729683495162146,105.0,6.0,14.0,1.0,119.0,-3.04,
720575940613987635,central,Kenyon_Cell,0.0,0.0,24.64578347331489,109.0,7.0,22.0,1.0,131.0,-2.82,
720575940646919476,central,unknown,0.0,1.6284704316885023e-08,23.874459499396654,279.0,17.0,206.0,18.0,485.0,-4.4,
720575940630961464,central,Kenyon_Cell,0.0,0.0,24.69431488526982,105.0,8.0,18.0,1.0,123.0,-2.84,
720575940631584057,central,Kenyon_Cell,0.0,0.0,24.63544989920092,129.0,7.0,28.0,1.0,157.0,-3.03,
720575940630797624,central,unknown,0.0,8.624847654710413e-09,21.71334726572917,766.0,14.0,170.0,12.0,936.0,-5.52,
720575940637711686,central,unknown,0.0,2.838663067135009e-07,21.38313940304581,583.0,30.0,232.0,15.0,815.0,-5.88,
720575940623457609,sensory,olfactory,0.0,0.0,25.118557370430445,9.0,1.0,58.0,5.0,67.0,-0.0,
720575940630928715,central,ALPN,0.0,1.5481523596108657e-07,24.995971107494995,740.0,47.0,1129.0,83.0,1869.0,-1.76,
720575940639022414,sensory,olfactory,0.0,5.064432291179501e-10,25.09612560554241,55.0,8.0,152.0,9.0,207.0,-0.0,
720575940631911761,sensory,olfactory,0.0,5.905929946007584e-10,25.093209872348343,25.0,3.0,53.0,5.0,78.0,-0.0,
720575940633320785,central,unknown,0.0,9.133609170461455e-11,23.40983756308813,167.0,11.0,240.0,13.0,407.0,-4.79,
720575940639186264,sensory,olfactory,0.0,0.0,25.0883822082052,9.0,1.0,27.0,2.0,36.0,-0.0,
720575940625784153,central,ALPN,9.509000507367424e-06,2.8448700914641394e-06,24.662678759785138,1238.0,88.0,3901.0,279.0,5139.0,-2.3,
720575940620148059,sensory,olfactory,0.0,1.1683409491432585e-07,25.135666535972085,105.0,8.0,318.0,21.0,423.0,-0.0,
720575940633353568,sensory,olfactory,0.0,0.0,25.111442515861903,19.0,2.0,55.0,7.0,74.0,-0.0,
720575940610907490,central,Kenyon_Cell,0.0,0.0,24.56368552158517,67.0,5.0,19.0,1.0,86.0,-3.41,
720575940624473444,central,Kenyon_Cell,0.0,0.0,24.727460932266183,152.0,8.0,44.0,2.0,196.0,-3.04,
720575940627684713,central,unknown,0.0,0.0,21.91441688933202,83.0,9.0,24.0,2.0,107.0,-5.34,
720575940607040881,central,unknown,0.0,0.0,23.73614691210169,150.0,16.0,57.0,7.0,207.0,-4.64,
720575940636171639,central,Kenyon_Cell,0.0,0.0,24.701261029265904,144.0,8.0,33.0,2.0,177.0,-3.02,
720575940636302711,central,Kenyon_Cell,0.0,0.0,24.297599290069837,55.0,4.0,41.0,2.0,96.0,-3.82,
720575940630830458,central,LHLN,0.0,1.1027583465979715e-09,24.676426352921595,200.0,11.0,104.0,9.0,304.0,-3.35,
720575940629060986,central,unknown,0.0,0.0,23.273673388547124,259.0,25.0,134.0,10.0,393.0,-4.72,
720575940621589887,central,unknown,3.012949325105973e-05,1.0003880791871892e-09,23.58465472182762,2353.0,75.0,1742.0,99.0,4095.0,-4.48,
720575940606680450,central,unknown,0.0,2.3333715785400452e-08,22.902250197127916,229.0,11.0,72.0,9.0,301.0,-4.68,
720575940619689350,sensory,olfactory,0.0,6.34721267623496e-08,25.21916528977069,5.0,1.0,42.0,7.0,47.0,-0.0,
720575940626996632,sensory,olfactory,0.0,0.0,24.0,0.0,0.0,7.0,1.0,7.0,-0.0,
720575940634107292,central,Kenyon_Cell,0.0,0.0,24.771216913003432,103.0,8.0,23.0,1.0,126.0,-2.85,
720575940644494752,descending,unknown,2.5626623930022236e-05,9.791368707844453e-07,21.387752635147457,2398.0,55.0,689.0,25.0,3087.0,-5.98,
720575940620541349,central,ALLN,7.429734379711871e-06,2.553832281088657e-05,24.589866093554487,893.0,88.0,1879.0,62.0,2772.0,-1.92,
720575940627455400,sensory,olfactory,0.0,0.0,24.0,0.0,0.0,64.0,4.0,64.0,-0.0,
720575940625718696,central,Kenyon_Cell,0.0,0.0,24.730710117863843,63.0,5.0,24.0,1.0,87.0,-3.09,
720575940626144680,central,Kenyon_Cell,0.0,0.0,24.55863790622883,61.0,5.0,39.0,1.0,100.0,-3.49,
720575940635286958,central,Kenyon_Cell,0.0,0.0,24.678076111108084,88.0,6.0,20.0,1.0,108.0,-3.09,
720575940612251055,central,unknown,0.0,1.1855239357754625e-06,22.80297122257203,34.0,4.0,19.0,3.0,53.0,-4.99,
720575940605992369,central,unknown,0.0,1.0030913624174277e-08,24.46178999439252,259.0,29.0,27.0,5.0,286.0,-3.63,
720575940606483890,sensory,olfactory,0.0,0.0,24.0,0.0,0.0,39.0,3.0,39.0,-0.0,
720575940621327798,central,unknown,0.0,3.7092439869701885e-10,23.786123956585,191.0,22.0,63.0,6.0,254.0,-4.19,
720575940605664702,central,Kenyon_Cell,0.0,0.0,24.78426821601384,163.0,7.0,37.0,2.0,200.0,-2.68,
720575940604550590,central,Kenyon_Cell,0.0,0.0,24.628740112501884,64.0,6.0,40.0,1.0,104.0,-3.34,
720575940609957315,central,unknown,1.889880741506032e-05,3.438873396441611e-06,20.02766448560787,243.0,17.0,1005.0,29.0,1248.0,-5.52,
720575940631027148,central,Kenyon_Cell,0.0,0.0,24.555314691307075,104.0,8.0,19.0,1.0,123.0,-3.34,
720575940639448528,sensory,olfactory,0.0,0.0,25.166153724185985,23.0,3.0,73.0,4.0,96.0,-0.0,
720575940611988946,central,unknown,0.0,0.0,24.1896269748864,191.0,22.0,35.0,5.0,226.0,-3.89,
720575940612120026,central,unknown,0.0,1.5545800710625032e-08,24.52124311308223,193.0,20.0,316.0,27.0,509.0,-3.5,
720575940604714464,central,LHLN,1.4832981292829405e-06,8.230747932206613e-09,24.486543455823465,1468.0,63.0,870.0,66.0,2338.0,-3.22,
720575940632731105,sensory,olfactory,0.0,1.170156086905575e-08,25.152850683534737,10.0,2.0,68.0,7.0,78.0,-0.0,
720575940603174368,central,Kenyon_Cell,0.0,3.243917301895026e-10,24.39116855605,52.0,4.0,36.0,2.0,88.0,-3.56,
720575940638006756,central,unknown,0.0,0.0,24.6250110010342,107.0,10.0,93.0,5.0,200.0,-3.3,
720575940611104229,central,Kenyon_Cell,0.0,7.581255202395231e-10,24.250049377482743,74.0,6.0,62.0,5.0,136.0,-3.99,
720575940624473575,central,unknown,0.0,1.554227428263235e-09,22.979764485564218,67.0,6.0,15.0,2.0,82.0,-5.2,
720575940624309739,central,LHLN,0.0,1.6869009086938355e-10,24.39861891873133,134.0,12.0,149.0,13.0,283.0,-3.34,
720575940614741485,central,LHLN,0.0,0.0,24.624360451486957,258.0,24.0,103.0,10.0,361.0,-3.69,
720575940621589999,central,unknown,0.0,2.1732411081888186e-07,22.335865278881485,319.0,31.0,166.0,14.0,485.0,-5.2,
720575940621491696,central,Kenyon_Cell,0.0,0.0,24.635725165802864,86.0,6.0,22.0,1.0,108.0,-3.05,
720575940612185586,central,unknown,0.0,0.0,23.294537135841395,765.0,37.0,962.0,33.0,1727.0,-5.33,
720575940631617017,central,unknown,1.4554862893588854e-05,4.520196790145348e-07,20.071870173354657,264.0,16.0,1896.0,25.0,2160.0,-5.75,
720575940620344837,central,Kenyon_Cell,0.0,0.0,24.572035953642285,111.0,6.0,31.0,2.0,142.0,-3.12,
720575940623851015,sensory,olfactory,0.0,0.0,24.0,0.0,0.0,27.0,4.0,27.0,-0.0,
720575940622212615,central,unknown,0.0,2.252459621600728e-10,24.41493398923203,16.0,2.0,42.0,6.0,58.0,-3.29,
720575940622278157,central,Kenyon_Cell,0.0,0.0,24.659390308447616,133.0,8.0,21.0,1.0,154.0,-3.02,
720575940627193363,central,unknown,0.0,7.670045126342392e-10,24.567884187345253,498.0,46.0,140.0,16.0,638.0,-3.12,
720575940612840982,central,unknown,0.0001573885265035,5.8585886901726655e-06,22.83024574453096,2186.0,85.0,971.0,65.0,3157.0,-4.92,
720575940631879193,central,Kenyon_Cell,0.0,0.0,23.972213613934503,34.0,3.0,22.0,1.0,56.0,-4.18,
720575940621196826,sensory,olfactory,0.0,0.0,24.0,0.0,0.0,25.0,4.0,25.0,-0.0,
720575940614053405,sensory,olfactory,0.0,0.0,25.123505167655885,30.0,3.0,138.0,8.0,168.0,-0.0,
720575940632370719,central,Kenyon_Cell,0.0,0.0,24.677322866285287,110.0,5.0,31.0,3.0,141.0,-3.19,
720575940622736934,sensory,olfactory,0.0,0.0,25.1067202043851,50.0,6.0,148.0,8.0,198.0,-0.0,
720575940632239661,sensory,olfactory,0.0,0.0,25.096321063129263,20.0,2.0,38.0,4.0,58.0,-0.0,
720575940609891886,central,ALPN,5.82724265075441e-07,8.928334126025773e-07,24.78677199758173,380.0,44.0,666.0,69.0,1046.0,-2.0,
720575940632501805,central,LHLN,0.0,9.837684785026854e-08,24.58812268669348,217.0,17.0,174.0,20.0,391.0,-3.45,
720575940610514478,central,LHLN,0.0,0.0,24.79229010228875,303.0,11.0,64.0,10.0,367.0,-2.82,
720575940632829485,central,unknown,0.0,8.652091289139242e-09,24.55575225255645,163.0,20.0,40.0,6.0,203.0,-3.03,
720575940615757362,sensory,olfactory,0.0,0.0,25.118557370430445,8.0,1.0,90.0,7.0,98.0,-0.0,
720575940615265843,central,unknown,0.0,4.4575339257169206e-10,23.87770022914601,156.0,16.0,78.0,8.0,234.0,-4.95,
720575940639219253,central,unknown,0.0,0.0,24.364904051046324,84.0,7.0,50.0,6.0,134.0,-4.32,
720575940618509878,central,unknown,0.0,8.81909047977909e-08,23.963865229643844,722.0,48.0,860.0,76.0,1582.0,-4.25,
720575940631518776,central,unknown,0.0,2.647148643537285e-08,20.339720852163826,132.0,8.0,317.0,26.0,449.0,-6.25,
720575940615527995,central,Kenyon_Cell,0.0,9.527865681416628e-11,24.47969223132888,56.0,3.0,52.0,3.0,108.0,-3.77,
720575940630109756,central,Kenyon_Cell,0.0,0.0,24.613736324161067,98.0,7.0,21.0,2.0,119.0,-3.0,
720575940635745855,sensory,olfactory,0.0,0.0,25.11164839515484,16.0,2.0,74.0,3.0,90.0,-0.0,
720575940637810239,central,Kenyon_Cell,0.0,0.0,24.64222630392136,124.0,8.0,35.0,2.0,159.0,-2.99,
720575940637089343,visual_projection,unknown,0.0,0.0,18.775463530591523,47.0,6.0,39.0,4.0,86.0,-5.95,
720575940631387719,central,Kenyon_Cell,0.0,3.1015768845829296e-11,24.64627565835065,118.0,7.0,25.0,2.0,143.0,-3.2,
720575940622147148,central,Kenyon_Cell,0.0,0.0,24.472364685544267,72.0,4.0,42.0,2.0,114.0,-3.48,
720575940633058897,central,Kenyon_Cell,0.0,0.0,24.72985427763515,151.0,9.0,23.0,1.0,174.0,-3.01,
720575940618116693,central,unknown,0.0,9.699432030584692e-09,24.339354398041184,300.0,33.0,151.0,16.0,451.0,-4.03,
720575940616773206,central,unknown,0.0,0.0,24.244835639859637,195.0,23.0,181.0,10.0,376.0,-3.8,
720575940622048862,central,unknown,5.82724265075441e-07,4.421502560190999e-07,21.516020859651125,1526.0,61.0,1380.0,79.0,2906.0,-6.01,
720575940635057759,central,unknown,0.0,5.983217608397611e-09,23.920815080972943,226.0,26.0,167.0,17.0,393.0,-4.64,
720575940628471392,central,Kenyon_Cell,0.0,0.0,24.311575802687383,49.0,4.0,35.0,3.0,84.0,-3.69,
720575940620574305,sensory,olfactory,0.0,4.4110743929984475e-09,25.12701325631881,99.0,11.0,159.0,11.0,258.0,-0.0,
720575940606746214,central,unknown,0.0,0.0,24.38513890177754,59.0,8.0,27.0,3.0,86.0,-4.15,
720575940628602471,central,unknown,0.0,0.0,23.698727917495194,264.0,23.0,379.0,19.0,643.0,-4.45,
720575940636270199,central,unknown,0.0,0.0,24.50094948028032,157.0,17.0,45.0,6.0,202.0,-3.56,
720575940606680706,central,Kenyon_Cell,0.0,0.0,24.11936720686021,33.0,3.0,69.0,5.0,102.0,-4.43,
720575940607041154,central,unknown,0.0,4.3494166374318645e-10,23.73395421651636,256.0,24.0,615.0,40.0,871.0,-4.99,
720575940623130248,central,unknown,0.0,9.158365874988901e-10,23.988059012605937,29.0,4.0,19.0,3.0,48.0,-2.88,
720575940641119885,sensory,olfactory,0.0,0.0,25.10276993610156,8.0,1.0,75.0,6.0,83.0,-0.0,
720575940613594783,central,unknown,0.0,1.4511800327689486e-08,22.107714332395183,48.0,6.0,15.0,2.0,63.0,-5.09,
720575940615429791,central,unknown,0.0,0.0,24.241192779162592,55.0,5.0,43.0,4.0,98.0,-3.12,
720575940654194337,sensory,olfactory,0.0,3.1278962471203966e-10,25.13180837544937,37.0,5.0,104.0,7.0,141.0,-0.0,
720575940654849697,sensory,olfactory,0.0,0.0,24.0,0.0,0.0,54.0,9.0,54.0,-0.0,
720575940614774434,central,ALLN,0.0,1.874744725520868e-07,24.33895593188626,155.0,12.0,289.0,13.0,444.0,-3.14,
720575940653276833,central,Kenyon_Cell,0.0,0.0,24.75101324836872,152.0,8.0,30.0,1.0,182.0,-2.97,
720575940639022755,central,Kenyon_Cell,0.0,0.0,24.46144742394205,112.0,7.0,22.0,1.0,134.0,-3.7,
720575940613791399,central,ALLN,0.0,1.516447304837393e-07,23.628666411761365,214.0,18.0,560.0,28.0,774.0,-4.64,
720575940621655723,central,unknown,0.0,2.1360860156724372e-10,24.529948364616303,90.0,8.0,65.0,8.0,155.0,-3.36,
720575940620476075,central,LHLN,0.0,0.0,24.02859739327973,232.0,19.0,199.0,16.0,431.0,-3.47,
720575940613889711,central,unknown,0.0,0.0,24.45994820821478,144.0,15.0,82.0,8.0,226.0,-3.82,
720575940606123698,central,Kenyon_Cell,0.0,1.3148520253925337e-08,24.350608463550387,49.0,6.0,36.0,4.0,85.0,-3.82,
720575940624211640,sensory,olfactory,0.0,0.0,24.0,0.0,0.0,95.0,11.0,95.0,-0.0,
720575940603829950,central,unknown,0.0,9.133241337755522e-08,21.17749596242635,87.0,7.0,6.0,1.0,93.0,-5.3,
720575940634992319,central,unknown,0.0,0.0,24.599837644365824,78.0,7.0,37.0,4.0,115.0,-3.49,
720575940628831938,central,unknown,0.0,1.828896502942401e-10,24.393089689255923,347.0,33.0,106.0,14.0,453.0,-3.32,
720575940630765253,central,unknown,0.0,2.679854389003024e-09,22.837181451098875,159.0,15.0,139.0,14.0,298.0,-5.23,
720575940640759504,central,LHLN,0.0,0.0,24.635750666023995,210.0,16.0,23.0,4.0,233.0,-3.41,
720575940638662352,central,Kenyon_Cell,0.0,0.0,23.918127819777148,51.0,4.0,49.0,3.0,100.0,-4.56,
720575940617363156,central,Kenyon_Cell,0.0,0.0,24.609084383052792,128.0,7.0,25.0,1.0,153.0,-2.98,
720575940608810709,central,Kenyon_Cell,0.0,0.0,24.469400917102785,91.0,7.0,28.0,1.0,119.0,-3.4,
720575940608974549,central,unknown,0.0,1.0809496896118643e-09,24.215326079025928,106.0,13.0,69.0,6.0,175.0,-3.79,
720575940628569815,central,Kenyon_Cell,0.0,0.0,24.51427535892549,193.0,8.0,18.0,1.0,211.0,-3.6,
720575940635614942,central,Kenyon_Cell,0.0,0.0,24.427503311199747,98.0,7.0,19.0,1.0,117.0,-3.55,
720575940614184671,sensory,olfactory,0.0,8.361474164696327e-08,25.128134451877788,49.0,6.0,243.0,17.0,292.0,-0.0,
720575940632338145,central,Kenyon_Cell,0.0,0.0,24.388426777129748,53.0,4.0,43.0,3.0,96.0,-3.89,
720575940611661541,central,Kenyon_Cell,0.0,0.0,24.70564450807173,88.0,6.0,21.0,1.0,109.0,-3.0,
720575940620639982,central,LHLN,0.0,0.0,24.763230716737368,143.0,8.0,63.0,9.0,206.0,-3.39,
720575940620508912,central,unknown,0.0,0.0,21.54442940561355,52.0,7.0,0.0,0.0,52.0,-5.07,
720575940640923381,central,Kenyon_Cell,0.0,0.0,24.24435100873616,113.0,6.0,15.0,1.0,128.0,-3.9,
720575940652064502,sensory,olfactory,0.0,6.074324948291191e-10,25.110610688162247,41.0,4.0,162.0,15.0,203.0,-0.0,
720575940630044409,sensory,olfactory,0.0,4.889484146252507e-10,25.084714174916083,12.0,2.0,108.0,8.0,120.0,-0.0,
720575940628864762,central,unknown,0.0,2.2911335232489113e-08,24.44014730070621,117.0,16.0,66.0,8.0,183.0,-3.26,
720575940614283006,central,Kenyon_Cell,0.0,0.0,24.57259973645569,67.0,4.0,21.0,1.0,88.0,-3.06,
720575940617035521,central,Kenyon_Cell,0.0,0.0,24.66473297463353,143.0,9.0,24.0,1.0,167.0,-3.24,
720575940628766467,central,Kenyon_Cell,0.0,0.0,24.566618838106272,95.0,5.0,45.0,1.0,140.0,-3.28,
720575940628766480,central,unknown,0.0,2.0633589703924118e-07,24.315249639431816,545.0,49.0,283.0,25.0,828.0,-3.53,
720575940620345108,central,unknown,0.0,4.5858329376691884e-10,21.591579471262584,379.0,15.0,182.0,10.0,561.0,-5.81,
720575940622081818,central,unknown,0.0,0.0,24.14540675806209,129.0,11.0,39.0,5.0,168.0,-4.17,
720575940631912223,central,unknown,0.0,0.0,20.93806777015429,53.0,5.0,6.0,1.0,59.0,-5.04,
720575940623032102,sensory,olfactory,0.0,7.530471877120168e-08,25.09770150205448,24.0,3.0,106.0,7.0,130.0,-0.0,
720575940613791528,central,unknown,0.0,0.0,24.167553312571624,86.0,11.0,0.0,0.0,86.0,-3.5,
720575940632829741,central,LHLN,0.0,6.257584918801025e-09,24.737999608801584,262.0,27.0,181.0,20.0,443.0,-3.24,
720575940618903345,sensory,olfactory,0.0,6.074324948291191e-10,25.114575237228628,64.0,7.0,181.0,14.0,245.0,-0.0,
720575940613463859,central,unknown,0.0,0.0,24.469010253548024,57.0,7.0,45.0,7.0,102.0,-3.44,
720575940618149686,central,ALIN,0.0,1.974297868818398e-06,22.46736189389481,682.0,63.0,1056.0,50.0,1738.0,-5.16,
720575940629749559,central,unknown,0.0,0.0,22.89963212689304,130.0,12.0,14.0,2.0,144.0,-5.26,
720575940615528251,central,Kenyon_Cell,0.0,0.0,24.62892687268672,117.0,6.0,21.0,2.0,138.0,-3.32,
720575940630011708,central,Kenyon_Cell,0.0,0.0,24.656908378791226,160.0,9.0,30.0,1.0,190.0,-3.32,
720575940639711037,central,unknown,0.0,2.182322257085752e-09,24.620828784982542,283.0,14.0,149.0,18.0,432.0,-3.7,
720575940624473918,central,unknown,0.0,1.1384297963182618e-10,22.042269178719756,321.0,28.0,188.0,19.0,509.0,-5.88,
720575940609892164,central,unknown,3.708245323207351e-07,1.3688688946184108e-07,24.634896271203747,1271.0,64.0,679.0,55.0,1950.0,-3.26,
720575940630339403,central,unknown,0.0,1.1052198830611695e-08,23.857918308229205,198.0,14.0,141.0,12.0,339.0,-3.84,
720575940622245708,central,Kenyon_Cell,0.0,0.0,24.47186722338955,150.0,6.0,22.0,1.0,172.0,-3.57,
720575940632272721,central,LHLN,0.0,5.830893361953034e-09,24.49686202251041,160.0,17.0,198.0,27.0,358.0,-3.95,
720575940638957400,sensory,olfactory,0.0,0.0,25.123837653242045,24.0,4.0,92.0,9.0,116.0,-0.0,
720575940632371040,central,Kenyon_Cell,0.0,0.0,24.018511912593183,42.0,5.0,43.0,4.0,85.0,-4.82,
720575940634697573,central,unknown,0.0,0.0,22.91684612296158,90.0,8.0,14.0,2.0,104.0,-5.21,
720575940636335984,central,Kenyon_Cell,0.0,0.0,24.459100764566987,146.0,10.0,23.0,1.0,169.0,-3.34,
720575940637712243,central,ALPN,3.708245323207351e-07,9.492206130507132e-06,23.47345132662023,1194.0,69.0,1876.0,107.0,3070.0,-4.54,
720575940615659381,sensory,olfactory,0.0,5.393770322918987e-11,25.123300604112163,50.0,7.0,114.0,4.0,164.0,-0.0,
720575940630273910,central,unknown,0.0,2.7798500668657737e-08,23.43722161495211,271.0,21.0,141.0,13.0,412.0,-4.85,
720575940637056887,central,ALPN,8.493206163474552e-05,9.52449200475266e-06,24.837501938338363,4274.0,137.0,7686.0,394.0,11960.0,-2.34,
720575940621098879,sensory,olfactory,0.0,0.0,24.0,0.0,0.0,48.0,8.0,48.0,-0.0,
720575940658814849,sensory,olfactory,0.0,0.0,24.0,0.0,0.0,59.0,8.0,59.0,-0.0,
720575940660912001,central,ALPN,0.0,0.0,23.879635137628373,50.0,5.0,195.0,16.0,245.0,-3.48,
720575940623064968,central,LHLN,0.0,1.6197702286711062e-08,24.606642373869825,289.0,26.0,251.0,24.0,540.0,-3.43,
720575940617494417,central,unknown,0.0,8.183133734894853e-09,24.38949660382813,425.0,18.0,356.0,23.0,781.0,-4.16,
720575940610908053,central,unknown,0.0,9.550769204689264e-11,22.799258624644203,181.0,13.0,303.0,23.0,484.0,-5.84,
720575940613201814,sensory,olfactory,0.0,0.0,25.11037779650427,13.0,2.0,177.0,13.0,190.0,-0.0,
720575940626833304,central,unknown,0.0,2.8798490497838417e-10,24.402040913051454,319.0,34.0,39.0,5.0,358.0,-3.12,
720575940654129057,central,Kenyon_Cell,0.0,1.690337606630472e-09,24.17974440017743,63.0,5.0,41.0,3.0,104.0,-4.54,
720575940640858019,central,ALON,0.0,1.7329961429774992e-05,23.41472830529033,82.0,11.0,325.0,20.0,407.0,-3.79,
720575940639023011,central,Kenyon_Cell,0.0,0.0,24.74454277956027,91.0,6.0,24.0,1.0,115.0,-3.2,
720575940622540713,sensory,olfactory,0.0,0.0,24.0,0.0,0.0,49.0,3.0,49.0,-0.0,
720575940632698797,central,ALPN,5.859027610667615e-05,1.0157604085855778e-05,24.755175138895343,3818.0,170.0,6297.0,302.0,10115.0,-2.57,
720575940632928173,central,Kenyon_Cell,0.0,0.0,24.63868265536165,137.0,7.0,33.0,3.0,170.0,-3.33,
720575940636008366,central,unknown,0.0,0.0,21.795024123319138,49.0,6.0,85.0,4.0,134.0,-5.62,
720575940610088883,central,unknown,0.0,4.721996214526619e-09,21.2827677786863,316.0,14.0,55.0,6.0,371.0,-5.64,
720575940635549620,descending,unknown,0.0,1.3637055047130044e-07,23.361165597120884,266.0,31.0,148.0,13.0,414.0,-4.8,
720575940623065013,sensory,hygrosensory,0.0,4.266034036825547e-08,24.72291758260521,8.0,1.0,198.0,20.0,206.0,-3.35,
720575940625686458,central,LHLN,0.0,0.0,24.598781552094803,257.0,21.0,83.0,7.0,340.0,-3.14,
720575940624637884,central,Kenyon_Cell,0.0,0.0,24.681091894045966,96.0,5.0,15.0,1.0,111.0,-3.13,
720575940629913538,central,unknown,0.0,5.889345773044471e-09,24.78372444929314,250.0,23.0,121.0,16.0,371.0,-3.18,
720575940630339525,sensory,olfactory,0.0,0.0,25.118557370430445,7.0,1.0,65.0,9.0,72.0,-0.0,
720575940622540749,central,unknown,0.0,0.0,24.187289454902896,164.0,15.0,41.0,6.0,205.0,-4.31,
720575940612087758,ascending,AN,0.0,6.932152542636487e-07,22.94457983234516,307.0,24.0,1440.0,84.0,1747.0,-4.42,
720575940623458262,central,unknown,0.0,0.0,23.074090071797915,80.0,9.0,78.0,7.0,158.0,-4.71,
720575940628766679,central,Kenyon_Cell,0.0,0.0,24.720284693578595,97.0,7.0,18.0,1.0,115.0,-3.19,
720575940614676447,sensory,olfactory,0.0,0.0,25.097917586145915,51.0,7.0,126.0,7.0,177.0,-0.0,
720575940631650274,central,Kenyon_Cell,0.0,0.0,24.727880743067185,102.0,5.0,21.0,1.0,123.0,-2.99,
720575940611694565,central,Kenyon_Cell,0.0,0.0,24.535124807905632,101.0,5.0,35.0,3.0,136.0,-3.69,
720575940627390440,central,ALLN,0.0,0.0,24.662678759785138,6.0,1.0,145.0,16.0,151.0,-3.3,
720575940622606315,central,Kenyon_Cell,0.0,0.0,24.530959448534887,67.0,5.0,32.0,1.0,99.0,-3.43,
720575940614610925,central,ALPN,0.0,2.071883766517913e-09,24.72898178293317,72.0,9.0,258.0,28.0,330.0,-2.57,
720575940652490742,central,unknown,0.0,5.774407933943113e-09,23.641265306355915,190.0,17.0,490.0,38.0,680.0,-4.62,
720575940623491069,central,Kenyon_Cell,0.0,0.0,24.775460185504546,111.0,6.0,33.0,3.0,144.0,-2.99,
720575940608188427,descending,unknown,7.01917864749963e-07,1.1463465390694962e-07,19.65888372557673,1184.0,37.0,69.0,2.0,1253.0,-6.06,
720575940632403986,central,ALLN,0.0004345798644133,0.0004209026630438,24.868931412634424,14477.0,937.0,10185.0,518.0,24662.0,-1.6,
720575940626243614,central,unknown,0.0,1.279392887399626e-07,19.972885060233217,418.0,24.0,72.0,6.0,490.0,-5.91,
720575940617166882,sensory,olfactory,0.0,0.0,25.12014392909641,14.0,2.0,30.0,2.0,44.0,-0.0,
720575940617986089,sensory,hygrosensory,0.0,1.5507884422914648e-11,24.672194665994283,270.0,24.0,529.0,39.0,799.0,-3.7,
720575940645576756,sensory,olfactory,0.0,0.0,24.0,0.0,0.0,59.0,4.0,59.0,-0.0,
720575940633059381,sensory,thermosensory,0.0,7.812801951607597e-09,24.65531622241104,275.0,22.0,315.0,19.0,590.0,-3.57,
720575940630110263,central,LHLN,0.0,1.925268765820404e-09,24.510437592861354,1421.0,70.0,241.0,28.0,1662.0,-3.65,
720575940631650361,central,Kenyon_Cell,0.0,0.0,24.44648452462523,158.0,10.0,26.0,1.0,184.0,-3.9,
720575940638990397,central,Kenyon_Cell,0.0,0.0,24.63443668285606,121.0,7.0,17.0,1.0,138.0,-3.03,
720575940639645757,central,unknown,0.0,2.847962785853478e-09,24.283089711932885,43.0,6.0,49.0,8.0,92.0,-3.55,
720575940622245953,central,unknown,0.0,0.0,24.56741246209486,180.0,20.0,63.0,8.0,243.0,-3.19,
720575940631453763,central,Kenyon_Cell,0.0,0.0,24.543166122023,108.0,9.0,23.0,1.0,131.0,-3.26,
720575940631388231,central,Kenyon_Cell,0.0,1.268446468160964e-09,24.099861321775343,54.0,5.0,28.0,2.0,82.0,-3.29,
720575940621688926,central,Kenyon_Cell,0.0,0.0,24.719803702295543,86.0,7.0,26.0,2.0,112.0,-3.09,
720575940634992735,central,Kenyon_Cell,0.0,0.0,24.28090526110361,62.0,5.0,17.0,1.0,79.0,-3.09,
720575940620574817,sensory,olfactory,0.0,0.0,25.114300800886998,38.0,4.0,135.0,12.0,173.0,-0.0,
720575940626210916,central,unknown,0.0,1.6583167809188902e-08,21.033810740576197,264.0,21.0,224.0,14.0,488.0,-5.5,
720575940628635751,ascending,AN,0.0,2.084749721098385e-08,19.787632964018105,114.0,9.0,554.0,21.0,668.0,-5.81,
720575940644429934,sensory,olfactory,0.0,0.0,24.0,0.0,0.0,12.0,2.0,12.0,-0.0,
720575940636401776,central,ALPN,0.0,2.6658078295428966e-10,24.01294085110837,91.0,12.0,296.0,24.0,387.0,-4.15,
720575940612907121,central,ALLN,0.0,7.864808675803824e-07,24.63308819809897,2356.0,136.0,2315.0,134.0,4671.0,-3.55,
720575940616577141,central,unknown,0.0,0.0,24.10209862125008,226.0,24.0,35.0,4.0,261.0,-3.89,
720575940630077558,central,ALLN,2.118997327547058e-07,4.686104402198296e-07,24.983649943605563,802.0,40.0,365.0,16.0,1167.0,-1.88,
720575940609171576,central,Kenyon_Cell,0.0,0.0,24.419569385854548,76.0,5.0,38.0,1.0,114.0,-3.75,
720575940621328508,central,unknown,0.0,1.0600498260287217e-08,22.32313678760732,215.0,15.0,168.0,14.0,383.0,-5.59,
720575940629454974,sensory,olfactory,0.0,0.0,25.12206704762364,21.0,3.0,33.0,4.0,54.0,-0.0,
720575940621000831,central,unknown,0.0,5.638055798976388e-08,20.99375209017937,750.0,39.0,157.0,11.0,907.0,-6.02,
720575940645544068,central,Kenyon_Cell,0.0,0.0,24.170710549170217,119.0,5.0,28.0,2.0,147.0,-4.79,
720575940619690118,sensory,olfactory,0.0,0.0,24.0,0.0,0.0,23.0,3.0,23.0,-0.0,
720575940620378246,central,Kenyon_Cell,0.0,0.0,24.710510833178738,148.0,7.0,25.0,1.0,173.0,-3.03,
720575940622999688,central,unknown,0.0,1.364079365135674e-09,22.97756650877649,1672.0,120.0,2408.0,99.0,4080.0,-4.93,
720575940624834697,central,ALPN,1.0992298636650365e-06,2.990812854086847e-06,24.56228538502831,516.0,63.0,888.0,66.0,1404.0,-1.96,
720575940614774923,central,ALPN,0.0,7.343166344510512e-09,24.04129026275998,89.0,12.0,270.0,25.0,359.0,-4.09,
720575940624736400,sensory,olfactory,0.0,0.0,24.0,0.0,0.0,33.0,4.0,33.0,-0.0,
720575940617166993,central,unknown,3.973119989150734e-07,7.238214634200389e-08,21.78190439034144,884.0,42.0,156.0,9.0,1040.0,-5.1,
720575940626800792,sensory,olfactory,0.0,0.0,24.0,0.0,0.0,36.0,4.0,36.0,-0.0,
720575940612284569,central,ALPN,1.0197674638820215e-06,5.926000435656056e-07,24.27232693176115,3874.0,240.0,6848.0,357.0,10722.0,-4.13,
720575940614709410,central,LHLN,0.0,6.116017820572489e-09,24.49095071207164,475.0,35.0,241.0,28.0,716.0,-3.7,
720575940639121571,central,ALPN,2.145484794141396e-06,1.997097139704266e-06,24.88836807155179,699.0,84.0,630.0,69.0,1329.0,-1.25,
720575940614348962,central,unknown,0.0,0.0,22.3378141913674,104.0,9.0,83.0,9.0,187.0,-6.25,
720575940622540969,sensory,olfactory,0.0,3.4612763345055437e-10,25.14886337980214,22.0,4.0,65.0,6.0,87.0,-0.0,
720575940639056061,central,Kenyon_Cell,0.0,0.0,24.639640647830905,115.0,8.0,35.0,3.0,150.0,-3.02,
720575940621590720,sensory,olfactory,0.0,0.0,25.09607327706776,20.0,3.0,76.0,4.0,96.0,-0.0,
720575940619591872,sensory,olfactory,0.0,0.0,24.0,0.0,0.0,97.0,13.0,97.0,-0.0,
720575940609237187,central,mAL,0.0,2.827440437702325e-09,23.689432444578365,169.0,17.0,200.0,15.0,369.0,-4.26,
720575940614742214,sensory,olfactory,0.0,3.577105733370333e-09,25.10276993610156,5.0,1.0,109.0,10.0,114.0,-0.0,
720575940628209863,central,LHLN,0.0,5.362402985704849e-10,24.56097217968284,285.0,21.0,724.0,45.0,1009.0,-3.43,
720575940625293514,sensory,thermosensory,0.0,4.1357818950210405e-07,23.9066244013398,285.0,14.0,517.0,24.0,802.0,-4.29,
720575940624113866,central,unknown,0.0,0.0,22.85388831679977,122.0,11.0,17.0,2.0,139.0,-5.05,
720575940610318542,sensory,olfactory,0.0,0.0,24.0,0.0,0.0,93.0,8.0,93.0,-0.0,
720575940611137742,central,unknown,1.059498663773529e-07,2.6702215143138424e-06,24.524299946240337,1177.0,48.0,138.0,12.0,1315.0,-3.38,
720575940613234897,central,unknown,0.0,0.0,23.45111151096471,185.0,14.0,21.0,3.0,206.0,-5.11,
720575940615856345,sensory,thermosensory,3.6022954568299985e-06,3.339076169864264e-07,24.66158807342668,338.0,21.0,1335.0,52.0,1673.0,-3.39,
720575940612120794,central,unknown,0.0,0.0,24.05732341575328,277.0,28.0,115.0,11.0,392.0,-4.17,
720575940629455068,sensory,olfactory,0.0,0.0,24.0,0.0,0.0,43.0,5.0,43.0,-0.0,
720575940639121636,central,ALIN,0.0,1.2944361226477736e-07,23.80794436894088,352.0,27.0,1049.0,46.0,1401.0,-4.04,
720575940616642790,central,ALLN,0.0,0.0,24.42490736798286,28.0,5.0,186.0,21.0,214.0,-3.93,
720575940618707183,central,Kenyon_Cell,0.0,0.0,24.676340073426875,146.0,7.0,31.0,2.0,177.0,-3.13,
720575940639088885,sensory,olfactory,0.0,0.0,25.11328728249579,24.0,3.0,53.0,5.0,77.0,-0.0,
720575940623393038,central,Kenyon_Cell,0.0,0.0,24.619618181877303,133.0,5.0,27.0,1.0,160.0,-3.1,
720575940627947792,central,Kenyon_Cell,0.0,0.0,24.673754132771258,112.0,9.0,16.0,1.0,128.0,-3.14,
720575940625162515,sensory,olfactory,0.0,0.0,25.132218368762626,24.0,2.0,131.0,11.0,155.0,-0.0,
720575940622311704,central,ALPN,0.0,1.5234314497557038e-07,24.17979301154289,96.0,13.0,373.0,45.0,469.0,-2.46,
720575940618051867,central,unknown,0.0,0.0,24.66329519141625,349.0,29.0,75.0,9.0,424.0,-3.36,
720575940626342174,central,ALLN,0.0,3.294345561686866e-07,24.64519044887765,2937.0,125.0,3027.0,144.0,5964.0,-4.03,
720575940643152164,central,ALPN,0.0,8.277333310730694e-10,24.95167527182235,32.0,4.0,245.0,28.0,277.0,-2.22,
720575940615004456,central,unknown,0.0,1.3143167270814956e-08,24.327531844252974,207.0,26.0,73.0,8.0,280.0,-3.62,
720575940617986345,sensory,hygrosensory,0.0,0.0,24.667598906488035,325.0,30.0,617.0,41.0,942.0,-3.59,
720575940630864170,central,ALLN,0.0,1.284882969263481e-10,24.854692842188555,27.0,4.0,419.0,36.0,446.0,-3.15,
720575940627849515,central,unknown,0.0,0.0,20.14283744298247,236.0,9.0,0.0,0.0,236.0,-5.87,
720575940613103912,central,unknown,0.0,0.0,24.350353856821275,7.0,1.0,38.0,4.0,45.0,-3.04,
720575940631978287,central,unknown,0.0,2.7695490693198884e-09,24.57627482199084,23.0,4.0,67.0,6.0,90.0,-3.24,
720575940630634799,central,Kenyon_Cell,0.0,1.87774650016934e-09,24.25563135577369,49.0,4.0,48.0,4.0,97.0,-4.22,
720575940619297073,central,Kenyon_Cell,0.0,0.0,24.63158686819307,131.0,6.0,21.0,1.0,152.0,-3.08,
720575940615692594,sensory,olfactory,0.0,0.0,24.0,0.0,0.0,40.0,5.0,40.0,-0.0,
720575940625457456,central,unknown,0.0,1.4744740457465902e-09,23.582559340293653,741.0,67.0,184.0,10.0,925.0,-4.81,
720575940644987188,central,unknown,0.0,1.7634979914659927e-09,24.10122551985004,164.0,15.0,106.0,8.0,270.0,-4.42,
720575940636893493,central,unknown,0.0,3.342073506145818e-07,22.04341893047796,304.0,23.0,135.0,11.0,439.0,-5.55,
720575940632043832,sensory,olfactory,0.0,0.0,24.0,0.0,0.0,57.0,5.0,57.0,-0.0,
720575940630044985,central,Kenyon_Cell,0.0,0.0,24.75851371178037,128.0,9.0,25.0,2.0,153.0,-2.96,
720575940633813309,sensory,olfactory,0.0,0.0,25.046402143378508,12.0,2.0,41.0,5.0,53.0,-0.0,
720575940618182981,central,Kenyon_Cell,0.0,0.0,24.45056309618777,102.0,9.0,22.0,1.0,124.0,-3.3,
720575940626571592,sensory,olfactory,0.0,0.0,25.127832091310296,31.0,5.0,75.0,6.0,106.0,-0.0,
720575940620869964,central,unknown,0.0,2.8142085603303545e-10,23.360363317065787,12.0,2.0,192.0,11.0,204.0,-4.18,
720575940619821392,central,unknown,0.0,9.560211627292834e-10,21.652829654557145,272.0,23.0,1088.0,62.0,1360.0,-4.81,
720575940630733137,central,Kenyon_Cell,0.0,0.0,24.662101283599988,118.0,5.0,13.0,1.0,131.0,-2.91,
720575940619723088,central,Kenyon_Cell,0.0,0.0,24.522146466103425,63.0,6.0,22.0,2.0,85.0,-3.56,
720575940621033808,central,unknown,0.0,0.0,21.673663702233267,105.0,16.0,109.0,5.0,214.0,-5.63,
720575940628504919,central,ALPN,0.0,3.661659868872664e-10,24.040159833390824,83.0,11.0,115.0,12.0,198.0,-4.78,
720575940638007640,central,unknown,0.0,0.0,24.35006749013971,111.0,13.0,85.0,5.0,196.0,-3.81,
720575940634698079,central,unknown,0.0,5.573441649455917e-08,24.23459066150357,1029.0,64.0,285.0,19.0,1314.0,-3.52,
720575940634141024,central,Kenyon_Cell,0.0,0.0,24.55247889610192,152.0,7.0,20.0,1.0,172.0,-3.25,
720575940605436262,central,Kenyon_Cell,0.0,0.0,24.465233393225496,66.0,3.0,17.0,1.0,83.0,-3.31,
720575940636991856,central,Kenyon_Cell,0.0,1.7984554069195327e-09,24.507512304655965,90.0,6.0,52.0,4.0,142.0,-3.08,
720575940650885497,central,unknown,1.059498663773529e-07,1.9757947768815385e-07,24.4463409069442,901.0,55.0,239.0,19.0,1140.0,-3.45,
720575940621164927,central,ALLN,1.059498663773529e-07,6.644853718050477e-09,23.615973205854484,303.0,16.0,409.0,22.0,712.0,-4.8,
720575940640006528,central,Kenyon_Cell,0.0,0.0,24.684614787420653,159.0,8.0,21.0,1.0,180.0,-3.22,
720575940641251712,central,unknown,0.0,1.1701974431099724e-08,24.476299969296072,94.0,10.0,80.0,8.0,174.0,-3.48,
720575940607697282,sensory,olfactory,0.0,0.0,24.0,0.0,0.0,24.0,4.0,24.0,-0.0,
720575940660093313,central,unknown,0.0,3.991289235774292e-07,24.644652999209008,132.0,14.0,45.0,5.0,177.0,-3.47,
720575940616315281,central,unknown,0.0,7.697184933379942e-07,24.0465248101618,246.0,22.0,88.0,11.0,334.0,-4.81,
720575940613824914,central,ALPN,0.0,1.0499476865791897e-07,24.6236830121738,171.0,17.0,320.0,30.0,491.0,-3.39,
720575940622737812,central,Kenyon_Cell,0.0,0.0,24.18299364580092,41.0,5.0,19.0,1.0,60.0,-3.81,
720575940611498389,central,unknown,0.0,0.0,24.240411119340617,173.0,17.0,113.0,11.0,286.0,-3.91,
720575940633289111,central,Kenyon_Cell,0.0,0.0,24.758784326874707,84.0,6.0,26.0,1.0,110.0,-2.99,
720575940653703585,central,unknown,0.0,3.7309553682716425e-09,21.609650184626105,165.0,12.0,11.0,2.0,176.0,-5.1,
720575940639449507,sensory,olfactory,0.0,1.5063314795909226e-08,25.031272289491724,41.0,5.0,129.0,12.0,170.0,-0.0,
720575940620181925,central,unknown,0.0,0.0,24.67595632177564,48.0,6.0,9.0,1.0,57.0,-2.56,
720575940633026989,central,unknown,0.0,0.0,24.554769148574533,159.0,15.0,64.0,6.0,223.0,-3.55,
720575940631388589,central,unknown,0.0,2.0391877651362472e-08,20.64436636773901,67.0,5.0,77.0,6.0,144.0,-5.0,
720575940623688119,central,unknown,0.0,0.0,20.286577988022007,361.0,9.0,173.0,13.0,534.0,-6.41,
720575940623360440,central,unknown,0.0,2.59685801221788e-07,22.041896382360957,33.0,5.0,43.0,6.0,76.0,-3.66,
720575940638564797,sensory,olfactory,0.0,4.37091343372275e-08,25.09207163641927,65.0,7.0,173.0,13.0,238.0,-0.0,
720575940633190847,central,ALPN,2.434198180019683e-05,4.1864383444425176e-06,24.853673635739337,3303.0,129.0,6086.0,249.0,9389.0,-1.88,
720575940609040835,sensory,olfactory,0.0,0.0,24.0,0.0,0.0,52.0,8.0,52.0,-0.0,
720575940623163844,central,Kenyon_Cell,0.0,0.0,24.58361817503889,91.0,6.0,27.0,2.0,118.0,-3.3,
720575940623032781,central,Kenyon_Cell,0.0,0.0,24.71514295147861,148.0,7.0,18.0,1.0,166.0,-2.99,
720575940617462228,central,unknown,0.0,0.0,24.43369170972704,58.0,8.0,165.0,17.0,223.0,-3.66,
720575940622082518,sensory,thermosensory,0.0,5.76971006467023e-09,24.662412672738544,250.0,10.0,447.0,27.0,697.0,-3.27,
720575940605927904,central,unknown,0.0,3.751181008648472e-09,23.54796447267981,241.0,25.0,81.0,9.0,322.0,-4.31,
720575940632273378,central,Kenyon_Cell,0.0,0.0,24.58519367207203,84.0,7.0,36.0,2.0,120.0,-3.1,
720575940635353592,central,Kenyon_Cell,0.0,0.0,24.75105245659329,95.0,5.0,34.0,2.0,129.0,-3.04,
720575940630667770,central,unknown,0.0,1.0227082448958888e-09,24.40225794154072,205.0,13.0,52.0,6.0,257.0,-3.18,
720575940629029370,central,Kenyon_Cell,0.0,0.0,24.47178002297265,123.0,8.0,19.0,1.0,142.0,-3.59,
720575940621885957,central,unknown,0.0,1.6218780798717323e-06,24.53667072575345,1516.0,82.0,142.0,16.0,1658.0,-3.63,
720575940607369737,central,unknown,0.0,2.8227396124837767e-09,23.413501547803644,171.0,11.0,308.0,23.0,479.0,-4.81,
720575940626965002,central,Kenyon_Cell,0.0,0.0,24.59254987177213,145.0,9.0,20.0,1.0,165.0,-3.43,
720575940622836237,central,Kenyon_Cell,0.0,0.0,24.65639740953324,141.0,7.0,29.0,2.0,170.0,-3.16,
720575940627915280,central,Kenyon_Cell,0.0,0.0,24.709226529609523,96.0,7.0,14.0,1.0,110.0,-3.12,
720575940632371737,central,Kenyon_Cell,0.0,5.300792910367582e-09,24.115713240304647,70.0,4.0,57.0,3.0,127.0,-4.2,
720575940613792296,central,unknown,3.26722900441162e-05,3.4599340148828806e-09,23.805366305190876,2040.0,98.0,2042.0,73.0,4082.0,-4.68,
720575940628406828,central,Kenyon_Cell,0.0,0.0,24.15263493237516,43.0,3.0,32.0,1.0,75.0,-4.48,
720575940632830509,central,LHLN,0.0,0.0,24.61533563986556,70.0,6.0,76.0,9.0,146.0,-2.79,
720575940626047536,sensory,olfactory,0.0,0.0,25.10276993610156,5.0,1.0,28.0,4.0,33.0,-0.0,
720575940625457712,central,LHLN,0.0,9.152721285555515e-10,24.497934732548654,382.0,21.0,111.0,15.0,493.0,-3.13,
720575940625097274,central,ALPN,0.0,0.0,24.858517371890297,34.0,4.0,196.0,19.0,230.0,-2.93,
720575940615758395,sensory,olfactory,0.0,0.0,25.118557370430445,9.0,1.0,46.0,5.0,55.0,-0.0,
720575940629226044,sensory,olfactory,0.0,6.460357705936152e-11,25.30330905917756,27.0,4.0,76.0,10.0,103.0,-0.0,
720575940628800060,central,unknown,0.0,0.0,24.33052951049708,141.0,19.0,0.0,0.0,141.0,-4.1,
720575940617036352,central,Kenyon_Cell,0.0,0.0,24.27462680080627,47.0,3.0,30.0,1.0,77.0,-3.64,
720575940615332418,central,Kenyon_Cell,0.0,3.2892490983933985e-10,24.63010774363791,40.0,4.0,51.0,3.0,91.0,-3.46,
720575940631388743,central,Kenyon_Cell,0.0,0.0,24.53091756789501,155.0,7.0,18.0,1.0,173.0,-3.44,
720575940624310857,central,unknown,0.0,2.037497430333709e-10,20.32401941116854,52.0,6.0,145.0,4.0,197.0,-5.14,
720575940626833994,central,unknown,0.0,1.0260205488147506e-09,22.464058242427683,57.0,9.0,57.0,5.0,114.0,-3.5,
720575940627948111,sensory,olfactory,0.0,0.0,25.11702807995286,12.0,2.0,86.0,9.0,98.0,-0.0,
720575940628210255,sensory,olfactory,0.0,0.0,24.0,0.0,0.0,60.0,5.0,60.0,-0.0,
720575940630995537,central,unknown,0.0,0.0,24.26186752204875,21.0,4.0,21.0,3.0,42.0,-2.97,
720575940616151638,sensory,olfactory,0.0,6.417259606429166e-08,25.11194283255302,30.0,3.0,111.0,7.0,141.0,-0.0,
720575940621263457,sensory,olfactory,0.0,0.0,25.15067612524473,5.0,1.0,84.0,12.0,89.0,-0.0,
720575940635419237,sensory,olfactory,0.0,1.2276074952140242e-07,25.17939063868428,58.0,6.0,378.0,20.0,436.0,-0.0,
720575940635288165,central,unknown,0.0,1.01257448052948e-09,22.18272508280563,69.0,5.0,175.0,11.0,244.0,-5.39,
720575940628374121,central,Kenyon_Cell,0.0,0.0,24.66850339531319,77.0,7.0,18.0,1.0,95.0,-3.07,
720575940614218346,central,Kenyon_Cell,0.0,0.0,24.72120891588108,76.0,6.0,29.0,2.0,105.0,-2.96,
720575940631585388,central,unknown,0.0,1.5113890281801666e-09,24.40371816183868,30.0,4.0,66.0,9.0,96.0,-2.99,
720575940634468975,sensory,olfactory,0.0,1.7548295260376763e-10,25.133519679091577,18.0,2.0,77.0,5.0,95.0,-0.0,
720575940619756148,central,Kenyon_Cell,0.0,0.0,24.459968141376805,81.0,5.0,32.0,2.0,113.0,-3.46,
720575940630274678,central,unknown,0.0,2.5829370334266057e-07,24.065916604845672,286.0,28.0,37.0,4.0,323.0,-4.52,
720575940618609275,central,unknown,0.0,0.0,23.741414984230204,457.0,29.0,237.0,17.0,694.0,-4.92,
720575940621820540,central,ALPN,0.0,1.82303015530469e-07,24.460946314720527,210.0,25.0,626.0,40.0,836.0,-3.42,
720575940615856779,sensory,olfactory,0.0,0.0,25.052170771093326,12.0,2.0,82.0,6.0,94.0,-0.0,
720575940624442000,sensory,olfactory,0.0,0.0,25.15661377182216,42.0,5.0,75.0,5.0,117.0,-0.0,
720575940623196819,central,unknown,0.0,0.0,24.552731556768315,179.0,17.0,130.0,13.0,309.0,-3.45,
720575940626997912,sensory,olfactory,0.0,0.0,25.13556177372031,45.0,5.0,112.0,10.0,157.0,-0.0,
720575940615594658,central,ALPN,0.0,1.7353116683533662e-08,24.50550123094268,1711.0,99.0,1339.0,72.0,3050.0,-3.98,
720575940632437412,central,LHLN,0.0,2.1593749593935003e-08,24.47731887454474,309.0,24.0,309.0,31.0,618.0,-3.73,
720575940605993649,central,unknown,0.0,0.0,23.793017600008977,70.0,9.0,48.0,4.0,118.0,-3.4,
720575940607206066,central,unknown,0.0,1.9166249632460147e-10,24.140795795323257,451.0,22.0,139.0,12.0,590.0,-4.77,
720575940611957427,central,unknown,1.986559994575367e-07,4.486038322757947e-07,23.233593476117697,758.0,48.0,320.0,12.0,1078.0,-4.92,
720575940622705335,sensory,olfactory,0.0,0.0,25.10221116697505,11.0,2.0,122.0,10.0,133.0,-0.0,
720575940615398075,sensory,olfactory,0.0,6.670772910012686e-10,25.1357315282866,72.0,9.0,215.0,17.0,287.0,-0.0,
720575940624245436,central,unknown,0.0,2.0079693471691383e-08,21.320927842975703,66.0,7.0,200.0,16.0,266.0,-5.64,
720575940639285949,central,unknown,0.0,3.8543384602378353e-07,19.50284603729397,11.0,2.0,24.0,2.0,35.0,-3.39,
720575940630799042,central,ALIN,0.0,3.585704285471734e-07,23.68710923795266,555.0,30.0,655.0,35.0,1210.0,-5.08,
720575940616413894,central,unknown,1.4872712492720912e-05,3.600284603794713e-07,23.91646126219325,2404.0,124.0,1183.0,60.0,3587.0,-4.57,
720575940619821771,central,unknown,0.0,0.0,24.408370587681148,48.0,8.0,61.0,6.0,109.0,-3.81,
720575940614087377,central,unknown,0.0,0.0,23.15522951898208,28.0,4.0,12.0,2.0,40.0,-3.8,
720575940622607069,central,unknown,0.0,2.5819104210995237e-08,24.381570092161255,536.0,43.0,137.0,9.0,673.0,-3.64,
720575940604682976,central,unknown,0.0,0.0,24.138404966035488,167.0,16.0,65.0,3.0,232.0,-3.91,
720575940632404706,sensory,olfactory,0.0,6.074324948291191e-10,25.11144492242895,24.0,4.0,155.0,12.0,179.0,-0.0,
720575940612448997,central,unknown,0.0,1.2362762235671014e-07,24.712334202162864,817.0,58.0,382.0,35.0,1199.0,-3.49,
720575940613530349,central,unknown,0.0,3.1392450110204266e-08,24.155770830436555,457.0,44.0,150.0,13.0,607.0,-4.09,
720575940612219629,central,unknown,0.0,0.0,22.85420498795562,47.0,5.0,153.0,9.0,200.0,-4.19,
720575940620673776,sensory,olfactory,0.0,0.0,24.0,0.0,0.0,23.0,4.0,23.0,-0.0,
720575940621656816,central,unknown,0.0,0.0,20.781398444983697,213.0,12.0,81.0,5.0,294.0,-5.49,
720575940621689584,central,unknown,0.0,7.661131133616775e-08,24.546732875355406,118.0,12.0,82.0,8.0,200.0,-3.17,
720575940621787892,central,unknown,0.0,1.438134438706422e-09,22.80835024960126,146.0,17.0,51.0,7.0,197.0,-5.54,
720575940621755124,central,LHCENT,0.0,0.0,23.753186171686178,117.0,14.0,52.0,7.0,169.0,-4.07,
720575940650525430,central,unknown,0.0,0.0,24.30577779154856,228.0,15.0,66.0,5.0,294.0,-3.33,
720575940635386616,central,Kenyon_Cell,0.0,0.0,24.6735852834082,148.0,9.0,28.0,1.0,176.0,-3.03,
720575940627784442,central,unknown,0.0,0.0,22.5477333728528,79.0,9.0,5.0,1.0,84.0,-5.23,
720575940623557373,central,unknown,0.0,0.0,22.4887344728699,112.0,13.0,435.0,19.0,547.0,-5.64,
720575940614120190,sensory,olfactory,0.0,0.0,25.12921831627008,11.0,2.0,110.0,8.0,121.0,-0.0,
720575940613858046,central,unknown,0.0,0.0,23.69150775352106,59.0,9.0,13.0,2.0,72.0,-3.96,
720575940628538112,central,Kenyon_Cell,0.0,0.0,24.51463408478044,173.0,10.0,33.0,2.0,206.0,-3.4,
720575940629127936,central,Kenyon_Cell,0.0,0.0,24.502453857968444,119.0,8.0,24.0,2.0,143.0,-3.41,
720575940624671490,sensory,olfactory,0.0,0.0,24.0,0.0,0.0,108.0,9.0,108.0,-0.0,
720575940626965258,central,unknown,0.0,3.5903567401566417e-10,24.415680975258613,227.0,17.0,40.0,4.0,267.0,-3.55,
720575940626768656,central,ALPN,0.0,2.1556235780728776e-10,24.48586409424605,50.0,5.0,389.0,21.0,439.0,-4.18,
720575940628800277,sensory,olfactory,0.0,3.921443787102004e-09,25.142965680804704,98.0,9.0,206.0,14.0,304.0,-0.0,
720575940612743958,central,Kenyon_Cell,0.0,1.193687343764229e-08,24.483199128724785,75.0,3.0,54.0,4.0,129.0,-3.62,
720575940614054685,sensory,olfactory,0.0,0.0,25.14186321473966,7.0,1.0,22.0,3.0,29.0,-0.0,
720575940622934817,central,unknown,0.0,7.269426980058488e-09,19.583928622604624,137.0,9.0,51.0,5.0,188.0,-5.49,
720575940643906340,sensory,olfactory,0.0,1.448894630281096e-07,25.192652769623184,203.0,21.0,308.0,25.0,511.0,-0.0,
720575940623131433,central,Kenyon_Cell,0.0,0.0,24.272956553626397,44.0,4.0,29.0,1.0,73.0,-3.67,
720575940627817260,sensory,olfactory,0.0,8.124989752864485e-11,25.130478433478068,41.0,5.0,162.0,12.0,203.0,-0.0,
720575940646921012,central,unknown,1.5892479956602933e-07,3.0301736602043693e-09,23.6748939491886,402.0,33.0,245.0,15.0,647.0,-4.63,
720575940618609462,central,ALPN,0.0,0.0,24.725113444247096,96.0,8.0,100.0,11.0,196.0,-3.26,
720575940631880505,central,LHLN,0.0,5.631435401619264e-09,24.751808465203496,749.0,54.0,133.0,16.0,882.0,-3.2,
720575940625818426,sensory,olfactory,0.0,0.0,25.12481936643253,24.0,3.0,80.0,7.0,104.0,-0.0,
720575940616020795,central,ALPN,6.621866648584556e-08,2.859535546348776e-06,24.87825119338665,756.0,86.0,729.0,72.0,1485.0,-1.44,
720575940628407098,central,unknown,0.0,0.0,23.64041355719264,66.0,10.0,45.0,6.0,111.0,-4.1,
720575940628013898,central,unknown,0.0,7.358999857643034e-10,24.4270277618355,34.0,5.0,27.0,3.0,61.0,-3.22,
720575940621493068,ascending,AN,5.959679983726101e-07,1.3734029083035966e-07,21.944488465926,511.0,10.0,865.0,45.0,1376.0,-6.46,
720575940627948367,sensory,olfactory,0.0,0.0,25.072346298824748,7.0,1.0,74.0,7.0,81.0,-0.0,
720575940618806101,sensory,olfactory,0.0,0.0,24.0,0.0,0.0,72.0,6.0,72.0,-0.0,
720575940630569815,sensory,olfactory,0.0,0.0,25.14186321473966,7.0,1.0,43.0,4.0,50.0,-0.0,
720575940631683927,central,ALPN,1.5124343425367128e-05,1.876179572972696e-05,25.01315261415405,4255.0,198.0,1106.0,62.0,5361.0,-1.29,
720575940621820763,central,unknown,0.0,0.0,24.27017453810874,52.0,5.0,13.0,2.0,65.0,-3.31,
720575940633781088,central,unknown,0.0,1.6952929361020819e-09,20.982131065061072,118.0,12.0,30.0,3.0,148.0,-5.25,
720575940620116833,central,unknown,4.370431988065807e-07,1.6286979003365e-07,22.01102956192338,125.0,8.0,870.0,36.0,995.0,-4.77,
720575940625490788,central,Kenyon_Cell,0.0,0.0,24.69562857217108,112.0,6.0,31.0,2.0,143.0,-3.19,
720575940624409444,central,unknown,0.0,0.0,23.48582798605587,179.0,16.0,107.0,6.0,286.0,-5.66,
720575940635157355,central,LHLN,0.0,4.8923469873917084e-09,24.662402633510094,205.0,15.0,228.0,29.0,433.0,-3.18,
720575940629521260,sensory,olfactory,0.0,7.543531449369869e-09,25.10354264051075,40.0,7.0,58.0,5.0,98.0,-0.0,
720575940628669292,central,unknown,0.0,4.854396437658587e-10,24.121080575583512,73.0,6.0,108.0,7.0,181.0,-4.02,
720575940636992368,central,MBON,2.3189777003343117e-05,2.1585952091452078e-07,23.46671445382377,3301.0,255.0,1233.0,34.0,4534.0,-4.86,
720575940611662706,sensory,olfactory,0.0,6.074324948291191e-10,25.113733670902725,34.0,4.0,126.0,12.0,160.0,-0.0,
720575940630340474,central,ALLN,0.0,2.1889640068370982e-05,24.61512014116703,1265.0,105.0,609.0,28.0,1874.0,-2.2,
720575940620182399,central,Kenyon_Cell,0.0,0.0,24.43169577999386,89.0,5.0,19.0,1.0,108.0,-2.91,
720575940639974272,central,Kenyon_Cell,0.0,0.0,24.714228216583628,141.0,8.0,28.0,2.0,169.0,-3.01,
720575940625163139,central,Kenyon_Cell,0.0,0.0,23.784454516427896,34.0,2.0,33.0,1.0,67.0,-4.36,
720575940619559815,central,unknown,0.0,2.664184464554857e-07,20.715759890788885,550.0,25.0,300.0,9.0,850.0,-6.12,
720575940626867081,sensory,olfactory,0.0,1.1975060548788667e-09,25.07890995986248,42.0,6.0,128.0,8.0,170.0,-0.0,
720575940622771082,central,Kenyon_Cell,0.0,0.0,24.445533614611453,111.0,8.0,17.0,1.0,128.0,-3.54,
720575940622050186,central,Kenyon_Cell,0.0,0.0,24.437619953399047,87.0,6.0,19.0,1.0,106.0,-3.47,
720575940630078348,central,Kenyon_Cell,0.0,0.0,24.674975588481413,108.0,5.0,21.0,1.0,129.0,-3.05,
720575940636599182,sensory,olfactory,0.0,0.0,25.13422530920769,32.0,5.0,133.0,12.0,165.0,-0.0,
720575940635026330,central,unknown,0.0,0.0,23.08815548700631,26.0,5.0,32.0,2.0,58.0,-4.36,
720575940644004768,central,ALPN,3.1652522580234177e-06,1.4687843898519072e-06,24.87350977000719,984.0,73.0,2105.0,140.0,3089.0,-2.05,
720575940644725664,central,unknown,0.0,2.2210577197806056e-08,20.681012770853187,107.0,13.0,85.0,6.0,192.0,-5.68,
720575940614677410,central,unknown,0.0,0.0,23.43427763014141,135.0,14.0,22.0,2.0,157.0,-4.73,
720575940604126129,central,Kenyon_Cell,0.0,0.0,24.61569739712918,108.0,6.0,13.0,1.0,121.0,-3.32,
720575940605305777,central,ALLN,0.0,9.086169927915551e-10,24.02485509692386,12.0,2.0,184.0,24.0,196.0,-3.99,
720575940635517876,central,unknown,0.0,9.560211627292834e-10,22.37344908010522,335.0,29.0,38.0,6.0,373.0,-5.13,
720575940623262645,central,unknown,0.0,0.0,23.00125613216993,272.0,16.0,113.0,5.0,385.0,-5.17,
720575940623262652,central,unknown,3.443370657263969e-07,3.181259859168863e-07,21.18851336084121,418.0,15.0,67.0,3.0,485.0,-5.46,
720575940619789248,sensory,olfactory,0.0,5.115689625248667e-09,25.11879878785905,130.0,14.0,185.0,14.0,315.0,-0.0,
720575940620411841,central,Kenyon_Cell,0.0,0.0,24.596492774699296,66.0,5.0,16.0,1.0,82.0,-3.13,
720575940629488578,central,unknown,0.0,0.0,23.15356029813858,108.0,11.0,70.0,6.0,178.0,-4.8,
720575940609237955,central,unknown,0.0,0.0,24.27051321259593,127.0,16.0,72.0,8.0,199.0,-3.92,
720575940622574532,central,ALPN,8.025702378084481e-06,7.7699594841549e-07,24.854348424625133,420.0,45.0,1047.0,91.0,1467.0,-2.1,
720575940630963141,central,LHLN,0.0,0.0,24.653897573743063,26.0,4.0,68.0,10.0,94.0,-3.41,
720575940615529414,central,ALPN,1.909746341451786e-05,1.8138317953365243e-07,24.66870027788126,1660.0,50.0,2267.0,104.0,3927.0,-2.92,
720575940627129290,central,ALPN,2.2487859138593157e-05,3.3341296753017484e-07,24.648160620362766,3143.0,102.0,1722.0,59.0,4865.0,-3.61,
720575940632765388,sensory,olfactory,0.0,0.0,24.0,0.0,0.0,77.0,11.0,77.0,-0.0,
720575940631978956,central,ALLN,0.0,1.2075075678752956e-08,24.834736904259227,13.0,2.0,102.0,15.0,115.0,-3.12,
720575940640433104,central,unknown,0.0,0.0,24.345414383551702,416.0,22.0,162.0,13.0,578.0,-3.62,
720575940610941906,central,unknown,0.0,8.31819476255714e-08,21.97490636162386,680.0,36.0,122.0,16.0,802.0,-5.65,
720575940616938470,sensory,olfactory,0.0,5.393770322918987e-11,25.146443492344183,32.0,4.0,175.0,11.0,207.0,-0.0,
720575940623229927,central,Kenyon_Cell,0.0,0.0,24.71743140516659,131.0,8.0,23.0,1.0,154.0,-3.25,
720575940621558762,central,unknown,0.0,1.639075903114989e-11,21.280466116906737,430.0,22.0,303.0,25.0,733.0,-6.3,
720575940625032171,central,unknown,0.0,3.00239128263482e-09,21.836102237161757,468.0,17.0,177.0,9.0,645.0,-6.09,
720575940635452408,central,Kenyon_Cell,0.0,0.0,24.525115779462283,68.0,5.0,12.0,1.0,80.0,-3.2,
720575940624704514,central,unknown,0.0,0.0,22.506736251180836,41.0,4.0,56.0,5.0,97.0,-4.93,
720575940624344072,central,unknown,0.0,1.4979113149687574e-08,23.51451733838951,602.0,52.0,185.0,11.0,787.0,-4.16,
720575940627719184,central,ALPN,0.0,8.741738149946609e-11,24.73172293099522,98.0,12.0,331.0,29.0,429.0,-2.88,
720575940619559956,sensory,olfactory,0.0,0.0,24.0,0.0,0.0,67.0,6.0,67.0,-0.0,
720575940619953172,central,unknown,0.0,6.424285300577086e-09,24.46267798444576,396.0,36.0,138.0,14.0,534.0,-3.45,
720575940625261598,central,unknown,0.0,0.0,21.932975676395404,28.0,3.0,0.0,0.0,28.0,-4.73,
720575940617987113,sensory,hygrosensory,0.0,0.0,24.52586210078695,145.0,13.0,411.0,26.0,556.0,-3.36,
720575940629947439,central,ALPN,0.0,9.665007661972013e-08,24.793879542884376,297.0,30.0,467.0,39.0,764.0,-2.44,
720575940631782447,central,Kenyon_Cell,0.0,5.630035003582213e-10,24.2403912484904,48.0,4.0,29.0,2.0,77.0,-3.57,
720575940616053810,central,unknown,0.0,0.0,24.39854382444394,145.0,14.0,39.0,5.0,184.0,-3.48,
720575940638434357,sensory,olfactory,0.0,0.0,25.087035158608003,22.0,4.0,59.0,6.0,81.0,-0.0,
720575940631061559,central,unknown,0.0,0.0,24.149445311309293,121.0,13.0,38.0,4.0,159.0,-4.53,
720575940616905787,central,unknown,0.0,1.8653145488970577e-10,23.382981240303742,111.0,10.0,134.0,4.0,245.0,-4.02,
720575940626015294,central,Kenyon_Cell,0.0,0.0,24.52707422767026,131.0,7.0,21.0,1.0,152.0,-3.67,
720575940621821004,sensory,olfactory,0.0,0.0,25.118288750262632,37.0,6.0,55.0,4.0,92.0,-0.0,
720575940637647950,central,unknown,0.0,6.990755620342583e-09,22.837178658599846,456.0,26.0,2483.0,108.0,2939.0,-5.73,
720575940628407375,sensory,olfactory,0.0,6.074324948291191e-10,25.10758104592645,67.0,7.0,173.0,10.0,240.0,-0.0,
720575940621100117,sensory,olfactory,0.0,0.0,25.142134887118814,88.0,10.0,143.0,9.0,231.0,-0.0,
720575940629587031,sensory,olfactory,0.0,0.0,24.0,0.0,0.0,54.0,9.0,54.0,-0.0,
720575940637910106,central,ALPN,0.0,6.34736442168706e-07,24.480678602987027,1616.0,73.0,1886.0,118.0,3502.0,-3.47,
720575940620543067,sensory,olfactory,0.0,0.0,24.0,0.0,0.0,78.0,8.0,78.0,-0.0,
720575940618019933,central,unknown,5.5491242515138576e-06,2.323298246323987e-10,22.35497865684305,1273.0,41.0,1724.0,72.0,2997.0,-5.87,
720575940618970209,central,unknown,0.0,0.0,23.93427290628856,18.0,2.0,5.0,1.0,23.0,-4.17,
720575940626080868,central,Kenyon_Cell,0.0,0.0,24.35872335477846,124.0,8.0,20.0,1.0,144.0,-3.49,
720575940630996072,sensory,olfactory,0.0,0.0,25.05887556187361,5.0,1.0,43.0,7.0,48.0,-0.0,
720575940629849196,central,Kenyon_Cell,0.0,0.0,24.5055160874715,118.0,6.0,28.0,2.0,146.0,-3.06,
720575940640728179,central,unknown,0.0,0.0,24.06943524800417,242.0,22.0,48.0,7.0,290.0,-4.01,
720575940620477556,sensory,olfactory,0.0,6.34721267623496e-08,25.21916528977069,6.0,1.0,50.0,7.0,56.0,-0.0,
720575940630209658,sensory,olfactory,0.0,0.0,24.0,0.0,0.0,24.0,3.0,24.0,-0.0,
720575940621788284,central,unknown,0.0,1.3229015271666176e-09,24.146863476054545,63.0,7.0,6.0,1.0,69.0,-3.45,
720575940659274881,sensory,olfactory,0.0,0.0,24.0,0.0,0.0,44.0,5.0,44.0,-0.0,
720575940622771338,central,Kenyon_Cell,0.0,0.0,24.765640264388555,109.0,7.0,37.0,2.0,146.0,-2.85,
720575940629783692,central,unknown,0.0,9.241488317677163e-10,23.949468843832904,33.0,6.0,66.0,9.0,99.0,-3.67,
720575940624147600,sensory,olfactory,0.0,0.0,24.0,0.0,0.0,93.0,6.0,93.0,-0.0,
720575940613563538,sensory,olfactory,0.0,0.0,24.0,0.0,0.0,78.0,10.0,78.0,-0.0,
720575940622509203,sensory,olfactory,0.0,0.0,25.10930572844077,48.0,5.0,173.0,13.0,221.0,-0.0,
720575940635092122,central,ALLN,0.0,3.8950807388150655e-08,24.61210097660472,87.0,13.0,532.0,36.0,619.0,-3.3,
720575940632994970,central,ALPN,0.0,0.0,24.88771134224633,20.0,2.0,79.0,11.0,99.0,-3.01,
720575940633552028,central,ALPN,0.0,0.0,23.409586253959205,163.0,13.0,165.0,19.0,328.0,-4.63,
720575940617626781,sensory,olfactory,0.0,0.0,24.0,0.0,0.0,84.0,11.0,84.0,-0.0,
720575940615431327,central,unknown,0.0,2.252459621600728e-10,24.64797204919289,186.0,15.0,54.0,6.0,240.0,-3.21,
720575940654490785,central,unknown,0.0,7.629314845085286e-10,20.8543869311894,412.0,15.0,120.0,10.0,532.0,-6.15,
720575940613301410,central,Kenyon_Cell,0.0,0.0,24.76732097055472,115.0,10.0,19.0,1.0,134.0,-2.85,
720575940632634532,descending,unknown,0.0,2.3632117264837381e-07,20.636206397662814,124.0,11.0,102.0,9.0,226.0,-5.05,
720575940621460645,central,Kenyon_Cell,0.0,1.22317593500998e-09,24.37017627270591,43.0,4.0,40.0,3.0,83.0,-3.59,
720575940613727399,central,Kenyon_Cell,0.0,0.0,24.234924744653693,69.0,6.0,38.0,3.0,107.0,-3.6,
720575940626769064,sensory,olfactory,0.0,0.0,25.10276993610156,5.0,1.0,110.0,7.0,115.0,-0.0,
720575940611237034,sensory,olfactory,0.0,6.074324948291191e-10,25.115864382265343,34.0,4.0,54.0,4.0,88.0,-0.0,
720575940619297963,sensory,olfactory,0.0,3.365981294144676e-10,25.097370472154942,17.0,3.0,116.0,11.0,133.0,-0.0,
720575940619003051,central,Kenyon_Cell,0.0,0.0,24.637005619750813,122.0,7.0,21.0,1.0,143.0,-3.11,
720575940613203119,central,ALPN,0.0,1.2718246525562414e-06,24.147312466219905,1816.0,133.0,3591.0,231.0,5407.0,-4.67,
720575940611728563,central,Kenyon_Cell,0.0,0.0,24.627426731331266,56.0,4.0,34.0,2.0,90.0,-3.33,
720575940622542007,central,Kenyon_Cell,0.0,0.0,24.74682123502632,138.0,7.0,32.0,1.0,170.0,-2.89,
720575940624737464,central,Kenyon_Cell,0.0,0.0,24.693403792152782,111.0,7.0,36.0,2.0,147.0,-3.17,
720575940627031226,central,ALLN,0.0,5.2771559981895474e-08,24.28236166242684,214.0,18.0,600.0,29.0,814.0,-3.68,
720575940617299131,central,ALLN,2.516309326462131e-07,2.3626010898883017e-06,24.59542801010704,3679.0,184.0,4025.0,156.0,7704.0,-3.5,
720575940639057085,central,Kenyon_Cell,0.0,0.0,24.695974716937176,107.0,7.0,16.0,1.0,123.0,-3.06,
720575940606682302,central,unknown,0.0,0.0,24.18073744454139,73.0,5.0,14.0,2.0,87.0,-3.98,
720575940619658433,central,Kenyon_Cell,0.0,0.0,24.523516916267155,83.0,7.0,20.0,1.0,103.0,-3.27,
720575940621919428,central,Kenyon_Cell,0.0,0.0,24.327332461240744,50.0,3.0,48.0,3.0,98.0,-3.61,
720575940630275269,central,ALPN,0.0,2.486534900990507e-07,23.19831866812699,294.0,17.0,524.0,34.0,818.0,-5.04,
720575940628210887,central,unknown,0.0001184254631432,1.637793995174686e-07,24.058685829612475,2121.0,84.0,1272.0,68.0,3393.0,-4.09,
720575940619723979,central,Kenyon_Cell,0.0,0.0,24.6576301642806,105.0,7.0,25.0,1.0,130.0,-2.98,
720575940623099085,central,unknown,0.0,2.945357590354308e-09,23.63104389133092,308.0,25.0,134.0,11.0,442.0,-5.44,
720575940611990738,sensory,olfactory,0.0,0.0,25.135072494095574,68.0,7.0,145.0,7.0,213.0,-0.0,
720575940632437971,sensory,olfactory,0.0,0.0,24.0,0.0,0.0,18.0,3.0,18.0,-0.0,
720575940634207443,central,ALPN,0.0,0.0,24.537843317924324,112.0,13.0,268.0,20.0,380.0,-3.65,
720575940611794138,central,unknown,0.0,0.0,24.10338134397358,177.0,15.0,212.0,22.0,389.0,-4.24,
720575940604486880,central,unknown,0.0,0.0,21.64106781471546,64.0,8.0,27.0,3.0,91.0,-5.52,
720575940631651554,central,unknown,0.0,1.0120395679855604e-07,21.858582847633983,157.0,15.0,300.0,13.0,457.0,-5.28,
720575940611204323,central,Kenyon_Cell,0.0,0.0,23.80428190877969,26.0,2.0,28.0,2.0,54.0,-4.3,
720575940623721703,sensory,olfactory,0.0,6.074324948291191e-10,25.115299291639,30.0,4.0,130.0,11.0,160.0,-0.0,
720575940614710509,visual_centrifugal,unknown,0.0,0.0,19.54857484829872,538.0,20.0,29.0,4.0,567.0,-6.0,
720575940623983859,central,unknown,7.678716565698651e-05,2.95374569687077e-06,22.63004148177727,1362.0,38.0,945.0,31.0,2307.0,-5.15,
720575940639483125,central,Kenyon_Cell,0.0,0.0,24.59618082269145,123.0,6.0,15.0,1.0,138.0,-3.2,
720575940624180479,central,ALLN,0.0,1.0141650829335929e-07,24.60682342659876,296.0,13.0,666.0,31.0,962.0,-2.87,
720575940626179334,sensory,olfactory,0.0,2.2601290305990925e-08,25.168152215743568,37.0,4.0,282.0,18.0,319.0,-0.0,
720575940624344328,central,unknown,0.0,0.0,24.29482588588353,475.0,38.0,128.0,15.0,603.0,-3.47,
720575940608386315,central,Kenyon_Cell,0.0,0.0,24.5843719982319,105.0,8.0,23.0,1.0,128.0,-3.14,
720575940627326229,central,unknown,0.0,1.7896936888066368e-10,23.918653251523047,137.0,16.0,11.0,1.0,148.0,-4.46,
720575940623000858,central,ALLN,0.0001034600445174,5.327322998275223e-05,24.75734172232169,11128.0,654.0,17519.0,1017.0,28647.0,-2.15,
720575940625851676,central,unknown,0.0,0.0,21.935364786990235,66.0,9.0,133.0,6.0,199.0,-4.62,
720575940645610787,central,unknown,0.0,0.0,22.751909654421592,114.0,8.0,48.0,6.0,162.0,-5.69,
720575940624540967,central,unknown,0.0,3.7424803081148715e-09,24.17607834411415,184.0,16.0,60.0,7.0,244.0,-4.24,
720575940622804263,central,unknown,0.0,0.0,23.5134328677291,143.0,12.0,152.0,8.0,295.0,-5.24,
720575940630013228,central,unknown,0.0,6.054482617685702e-08,24.59767596763561,151.0,13.0,135.0,14.0,286.0,-2.97,
720575940625655088,central,Kenyon_Cell,0.0,0.0,24.77079161475447,99.0,5.0,26.0,1.0,125.0,-2.85,
720575940618937649,sensory,olfactory,0.0,0.0,24.0,0.0,0.0,25.0,4.0,25.0,-0.0,
720575940617102646,central,unknown,0.0,0.0,22.02512498369047,76.0,7.0,5.0,1.0,81.0,-4.63,
720575940631061815,central,unknown,0.0,6.0493900048419624e-09,24.710343490948134,278.0,24.0,124.0,15.0,402.0,-3.07,
720575940631782712,central,Kenyon_Cell,0.0,6.937193631850485e-10,24.211803731337803,68.0,4.0,67.0,5.0,135.0,-4.26,
720575940627129672,sensory,olfactory,0.0,0.0,24.0,0.0,0.0,23.0,3.0,23.0,-0.0,
720575940626834762,central,Kenyon_Cell,0.0,1.0109720074174895e-10,24.35444722869642,54.0,4.0,22.0,2.0,76.0,-3.64,
720575940639024462,sensory,olfactory,0.0,3.5465564263221e-09,25.11923686547205,19.0,3.0,109.0,8.0,128.0,-0.0,
720575940638664014,central,ALLN,0.0,1.2187953157723098e-07,24.398775988620763,232.0,30.0,151.0,15.0,383.0,-4.0,
720575940628538703,central,unknown,0.0,0.0,22.601486851310923,289.0,16.0,85.0,5.0,374.0,-5.08,
720575940625589593,sensory,olfactory,0.0,0.0,24.0,0.0,0.0,60.0,4.0,60.0,-0.0,
720575940635059551,central,unknown,0.0,3.793420567917079e-08,24.171320298084662,117.0,11.0,135.0,15.0,252.0,-3.48,
720575940604978534,central,Kenyon_Cell,0.0,0.0,24.509265149962648,95.0,7.0,26.0,1.0,121.0,-3.31,
720575940631618920,central,ALLN,0.0,3.1609548691310103e-09,24.145804541995457,131.0,15.0,426.0,22.0,557.0,-4.6,
720575940633224555,central,Kenyon_Cell,0.0,0.0,24.31608113008836,46.0,4.0,44.0,3.0,90.0,-3.81,
720575940635157867,central,unknown,0.0,0.0,24.24272891530816,216.0,18.0,133.0,16.0,349.0,-3.47,
720575940630242668,central,LHLN,0.0,0.0,24.69027990800894,192.0,14.0,42.0,6.0,234.0,-3.36,
720575940635944303,central,LHLN,0.0,0.0,24.69398187426084,80.0,10.0,49.0,6.0,129.0,-3.43,
720575940625884541,sensory,olfactory,0.0,0.0,25.118557370430445,6.0,1.0,79.0,6.0,85.0,-0.0,
720575940627096957,central,unknown,2.683180366006462e-05,4.201627458606193e-06,21.391796647691557,1141.0,37.0,568.0,39.0,1709.0,-5.43,
720575940638860672,sensory,olfactory,0.0,0.0,24.0,0.0,0.0,105.0,13.0,105.0,-0.0,
720575940659996033,sensory,olfactory,0.0,0.0,24.0,0.0,0.0,8.0,1.0,8.0,-0.0,
720575940639417728,central,unknown,2.374601380182422e-05,4.65724456925203e-07,21.44070401958143,782.0,35.0,947.0,26.0,1729.0,-5.59,
720575940620445062,central,ALPN,0.0,1.0320434803731671e-06,22.275421806839223,407.0,14.0,1561.0,65.0,1968.0,-5.06,
720575940623132040,central,unknown,0.0,1.4858095451978429e-08,21.884655001850117,129.0,14.0,23.0,3.0,152.0,-5.59,
720575940615497099,central,unknown,0.0,0.0,23.90094112464032,194.0,16.0,17.0,3.0,211.0,-4.78,
720575940615955851,central,unknown,0.0,0.0,24.17485240437593,21.0,3.0,21.0,3.0,42.0,-3.97,
720575940635157902,central,unknown,0.0,0.0,23.709484215022226,113.0,13.0,21.0,2.0,134.0,-4.48,
720575940614612374,central,unknown,0.0,1.7963418768293304e-09,24.04486431854197,744.0,48.0,141.0,13.0,885.0,-4.7,
720575940626769304,sensory,olfactory,0.0,1.1438731106496989e-08,25.16304742656188,87.0,10.0,432.0,29.0,519.0,-0.0,
720575940628342171,central,unknown,0.0,0.0,22.50588709462456,650.0,40.0,583.0,14.0,1233.0,-5.34,
720575940654851489,sensory,olfactory,0.0,0.0,25.05706942895492,6.0,1.0,32.0,3.0,38.0,-0.0,
720575940615366055,central,ALPN,2.0951586076121536e-05,7.458393987329631e-06,24.86881400969871,4728.0,144.0,7656.0,287.0,12384.0,-2.03,
720575940620805545,sensory,olfactory,0.0,0.0,25.09597286821091,20.0,3.0,101.0,11.0,121.0,-0.0,
720575940621952425,central,Kenyon_Cell,0.0,0.0,24.620723421832626,99.0,6.0,26.0,1.0,125.0,-3.18,
720575940636665262,central,Kenyon_Cell,0.0,1.1629040333460295e-09,24.20299383261701,46.0,4.0,48.0,4.0,94.0,-3.83,
720575940620510640,central,unknown,0.0,1.0922162829798024e-08,21.19980001904693,75.0,9.0,22.0,3.0,97.0,-5.14,
720575940608124338,central,ALPN,2.6712610060390095e-05,7.154216168283393e-07,24.71383325374103,3522.0,119.0,1509.0,61.0,5031.0,-3.32,
720575940624508341,sensory,olfactory,0.0,0.0,25.21916528977069,9.0,1.0,71.0,8.0,80.0,-0.0,
720575940623787445,sensory,olfactory,0.0,0.0,25.13499353151233,32.0,5.0,84.0,7.0,116.0,-0.0,
720575940627228090,central,unknown,0.0,4.438484283934043e-10,24.018042524889363,32.0,6.0,148.0,4.0,180.0,-3.96,
720575940624180668,sensory,olfactory,0.0,0.0,24.0,0.0,0.0,57.0,6.0,57.0,-0.0,
720575940628702658,sensory,olfactory,0.0,6.074324948291191e-10,25.11114429007778,45.0,5.0,190.0,15.0,235.0,-0.0,
720575940615955910,central,unknown,0.0,0.0,24.555479363418847,123.0,13.0,62.0,7.0,185.0,-3.57,
720575940606715337,central,Kenyon_Cell,0.0,0.0,24.67890647913215,165.0,7.0,23.0,1.0,188.0,-3.18,
720575940607894985,central,unknown,0.0,3.1015768845829296e-11,23.997131866712927,78.0,13.0,32.0,3.0,110.0,-4.38,
720575940629489103,central,Kenyon_Cell,0.0,0.0,24.36841654135356,43.0,3.0,36.0,2.0,79.0,-3.99,
720575940609533394,central,unknown,0.0,0.0,22.958685251566237,182.0,16.0,38.0,4.0,220.0,-5.22,
720575940610680274,central,ALLN,0.0,1.4094805141266589e-08,24.31713119342212,279.0,26.0,345.0,29.0,624.0,-3.31,
720575940617201113,central,Kenyon_Cell,0.0,0.0,24.51434112368101,85.0,6.0,25.0,1.0,110.0,-3.33,
720575940631193052,central,ALPN,4.237994655094116e-06,1.1323212720249244e-06,24.844334695522164,1228.0,86.0,2603.0,173.0,3831.0,-2.0,
720575940624311787,central,LHLN,0.0,0.0,24.50968460849585,203.0,13.0,61.0,7.0,264.0,-3.52,
720575940627588593,central,Kenyon_Cell,0.0,0.0,24.45853409009312,118.0,6.0,19.0,1.0,137.0,-3.61,
720575940641842677,sensory,olfactory,0.0,0.0,24.0,0.0,0.0,10.0,2.0,10.0,-0.0,
720575940629521914,central,unknown,0.0,3.1937226677890903e-09,24.086294050757868,338.0,29.0,28.0,3.0,366.0,-4.63,
720575940624049661,central,Kenyon_Cell,0.0,0.0,24.553867086165017,95.0,6.0,24.0,1.0,119.0,-3.15,
720575940625819138,central,ALPN,0.0,1.830901189832241e-09,24.39167286988216,86.0,10.0,349.0,29.0,435.0,-4.09,
720575940626572802,central,unknown,0.0,8.46213945176634e-08,22.492728451310462,267.0,19.0,257.0,22.0,524.0,-5.32,
720575940623623687,sensory,olfactory,0.0,0.0,24.0,0.0,0.0,102.0,9.0,102.0,-0.0,
720575940607927817,sensory,olfactory,0.0,3.6544318327804798e-09,25.136362493038614,120.0,9.0,196.0,12.0,316.0,-0.0,
720575940606649865,central,ALPN,5.66831785118838e-06,3.35301987261737e-06,24.83978821007432,859.0,95.0,760.0,72.0,1619.0,-1.58,
720575940626540042,central,Kenyon_Cell,0.0,0.0,24.67108777167852,111.0,6.0,21.0,1.0,132.0,-3.21,
720575940623164941,central,unknown,0.0,0.0,19.017097485846246,87.0,8.0,23.0,3.0,110.0,-5.52,
720575940624770574,central,Kenyon_Cell,0.0,0.0,24.46840957253473,64.0,6.0,19.0,2.0,83.0,-3.3,
720575940629620239,central,Kenyon_Cell,0.0,0.0,24.752137544783142,107.0,7.0,22.0,1.0,129.0,-2.95,
720575940631193106,central,unknown,0.0,0.0,24.61787472798693,444.0,42.0,86.0,10.0,530.0,-3.6,
720575940625753621,central,Kenyon_Cell,0.0,0.0,24.630331741111867,103.0,6.0,21.0,1.0,124.0,-2.89,
720575940645709335,central,Kenyon_Cell,0.0,0.0,24.62564311104805,112.0,7.0,37.0,2.0,149.0,-3.25,
720575940626867742,central,Kenyon_Cell,0.0,0.0,24.357649530145576,60.0,4.0,31.0,1.0,91.0,-3.66,
720575940626310686,central,ALLN,0.0,0.0,24.677229257812428,5.0,1.0,237.0,29.0,242.0,-4.13,
720575940604093984,central,Kenyon_Cell,0.0,0.0,24.807971955823263,111.0,5.0,28.0,2.0,139.0,-3.01,
720575940637255221,central,Kenyon_Cell,0.0,0.0,24.23261685237918,134.0,7.0,28.0,1.0,162.0,-4.32,
720575940625720890,sensory,olfactory,0.0,2.0578157024822134e-10,25.15365671009497,11.0,2.0,77.0,8.0,88.0,-0.0,
720575940617561669,central,ALON,7.946239978301468e-08,4.425063355639747e-05,23.988423284778488,199.0,22.0,576.0,35.0,775.0,-2.82,
720575940637222470,central,Kenyon_Cell,0.0,0.0,24.204197139074648,53.0,4.0,40.0,2.0,93.0,-3.73,
720575940622149196,central,Kenyon_Cell,0.0,0.0,24.71282594129516,157.0,9.0,36.0,2.0,193.0,-2.81,
720575940622116428,central,Kenyon_Cell,0.0,0.0,24.01027682459758,24.0,3.0,28.0,2.0,52.0,-4.56,
720575940637943374,central,ALPN,1.3468876763220989e-05,9.040629683640606e-06,24.780502284731053,1227.0,94.0,1995.0,141.0,3222.0,-2.24,
720575940616578646,central,Kenyon_Cell,0.0,0.0,24.444880479488518,105.0,7.0,19.0,1.0,124.0,-3.51,
720575940619331163,sensory,olfactory,0.0,9.620715967703469e-09,25.109739202233698,16.0,3.0,142.0,8.0,158.0,-0.0,
720575940611040866,central,unknown,0.0,0.0,24.59159633243983,138.0,12.0,5.0,1.0,143.0,-3.0,
720575940614219370,central,Kenyon_Cell,0.0,0.0,24.60743840844313,107.0,6.0,20.0,1.0,127.0,-3.35,
720575940629489260,central,unknown,0.0,0.0,21.89161705497545,1003.0,34.0,1527.0,23.0,2530.0,-5.75,
720575940637419120,central,unknown,0.0,1.6713358144753672e-07,23.51609642233409,454.0,38.0,122.0,16.0,576.0,-4.13,
720575940615956085,sensory,olfactory,0.0,0.0,25.03819819237836,5.0,1.0,45.0,5.0,50.0,-0.0,
720575940626048637,sensory,olfactory,0.0,2.2881830206203576e-10,25.16446692720811,12.0,2.0,111.0,7.0,123.0,-0.0,
720575940607043202,central,unknown,0.0,6.805202590344537e-08,24.58025666806828,339.0,37.0,163.0,17.0,502.0,-3.73,
720575940618610311,sensory,olfactory,0.0,6.362763704582469e-08,25.124139605349924,15.0,2.0,40.0,5.0,55.0,-0.0,
720575940627752585,central,unknown,0.0,4.545574865918475e-09,22.206105963125605,225.0,19.0,40.0,6.0,265.0,-5.63,
720575940617496209,central,unknown,0.0,0.0,24.82447970591267,78.0,6.0,61.0,7.0,139.0,-2.91,
720575940614416018,central,Kenyon_Cell,0.0,0.0,24.597829383047376,82.0,6.0,31.0,1.0,113.0,-3.03,
720575940633093786,central,unknown,0.0,0.0,21.700046056546995,136.0,11.0,104.0,9.0,240.0,-4.52,
720575940617234077,sensory,olfactory,0.0,0.0,25.11593903555134,49.0,6.0,119.0,7.0,168.0,-0.0,
720575940619560606,central,unknown,0.0,1.1053798372751586e-07,21.351080506218366,43.0,6.0,42.0,2.0,85.0,-5.27,
720575940613531295,central,unknown,0.0,8.007837640194396e-09,22.54677971369981,303.0,24.0,46.0,7.0,349.0,-5.21,
720575940639352483,central,unknown,0.0,0.0,18.850594232374647,159.0,12.0,204.0,14.0,363.0,-5.55,
720575940632635053,central,unknown,0.0,0.0,24.71227413329213,74.0,8.0,26.0,4.0,100.0,-3.36,
720575940636698286,central,Kenyon_Cell,0.0,0.0,24.711784884836604,107.0,7.0,20.0,1.0,127.0,-2.84,
720575940622542517,central,Kenyon_Cell,0.0,0.0,24.420558660611917,73.0,5.0,29.0,1.0,102.0,-3.53,
720575940624803511,central,unknown,0.0,0.0,23.06840747477942,162.0,17.0,156.0,11.0,318.0,-4.78,
720575940625098423,central,unknown,0.0,0.0,24.77165006212931,45.0,7.0,33.0,3.0,78.0,-3.03,
720575940616185531,descending,unknown,0.0,4.076475834110717e-07,19.385665616608613,137.0,8.0,104.0,6.0,241.0,-5.86,
720575940604552894,sensory,olfactory,0.0,0.0,25.1055490729865,7.0,1.0,52.0,6.0,59.0,-0.0,
720575940609533635,sensory,olfactory,0.0,0.0,25.138778056608945,5.0,1.0,40.0,5.0,45.0,-0.0,
720575940607698627,central,Kenyon_Cell,0.0,0.0,24.33488372041695,48.0,3.0,33.0,2.0,81.0,-4.03,
720575940614055622,central,unknown,0.0,0.0,23.412853504589663,112.0,13.0,46.0,5.0,158.0,-4.64,
720575940628211399,central,unknown,0.0,1.6159566447878028e-10,24.55695371079945,247.0,21.0,184.0,18.0,431.0,-3.48,
720575940632536780,central,Kenyon_Cell,0.0,0.0,24.65397046053208,73.0,5.0,18.0,1.0,91.0,-2.96,
720575940608845525,central,ALPN,2.357384526896102e-06,2.7159257000904027e-06,24.920031967341707,1053.0,75.0,2340.0,169.0,3393.0,-1.58,
720575940629587671,central,ALPN,0.0,6.152000439072132e-07,24.11494364289351,17.0,3.0,125.0,16.0,142.0,-3.68,
720575940616578777,sensory,olfactory,0.0,0.0,25.0883822082052,9.0,1.0,84.0,9.0,93.0,-0.0,
720575940620936925,central,Kenyon_Cell,0.0,1.8394074023845986e-10,24.377997028365822,48.0,3.0,48.0,4.0,96.0,-4.02,
720575940624770791,central,ALPN,0.0,6.504645878680378e-07,23.672402010216683,1038.0,70.0,2127.0,129.0,3165.0,-4.25,
720575940623230698,central,unknown,0.0,7.773516976543055e-06,24.59800557063176,471.0,39.0,220.0,23.0,691.0,-3.32,
720575940628080369,central,unknown,0.0,0.0,24.41834280959817,97.0,8.0,23.0,2.0,120.0,-3.47,
720575940611696370,sensory,olfactory,0.0,0.0,25.092947594406585,21.0,3.0,69.0,6.0,90.0,-0.0,
720575940630734587,sensory,olfactory,0.0,2.8278883239940542e-09,25.115126660697623,39.0,5.0,118.0,7.0,157.0,-0.0,
720575940607960843,sensory,olfactory,0.0,8.45914809499381e-08,25.116145322619406,68.0,6.0,370.0,21.0,438.0,-0.0,
720575940607239947,sensory,olfactory,0.0,0.0,25.11177009029939,27.0,3.0,150.0,14.0,177.0,-0.0,
720575940629423887,central,unknown,0.0,0.0,21.759250359879463,34.0,3.0,0.0,0.0,34.0,-5.32,
720575940644759319,central,Kenyon_Cell,0.0,0.0,24.59583765858818,112.0,9.0,23.0,1.0,135.0,-3.18,
720575940633650969,central,unknown,0.0,3.361353628723125e-11,24.520062999488744,248.0,21.0,126.0,15.0,374.0,-3.26,
720575940618086173,central,unknown,0.0,1.0895539368452748e-08,24.59239408378044,156.0,16.0,115.0,15.0,271.0,-3.09,
720575940617692962,central,Kenyon_Cell,0.0,0.0,24.58863419126827,147.0,8.0,18.0,1.0,165.0,-3.36,
720575940625590053,central,unknown,0.0,0.0,24.177078009515103,342.0,28.0,58.0,5.0,400.0,-4.23,
720575940624901927,central,unknown,0.0,4.0514971004313194e-08,24.08387839260824,273.0,23.0,54.0,6.0,327.0,-4.1,
720575940629980972,central,LHLN,0.0,1.6387120170551852e-08,24.57288036893097,490.0,40.0,125.0,14.0,615.0,-3.66,
720575940632340269,central,unknown,0.0,0.0,20.6388122012238,131.0,9.0,0.0,0.0,131.0,-5.92,
720575940638402357,sensory,olfactory,0.0,8.362507968911546e-10,25.111810535004896,63.0,7.0,197.0,16.0,260.0,-0.0,
720575940631422776,central,unknown,0.0,0.0,23.288593348592663,247.0,13.0,103.0,7.0,350.0,-5.1,
720575940625393466,central,unknown,0.0,0.0,24.15429749235579,44.0,6.0,24.0,2.0,68.0,-4.51,
720575940615825211,sensory,olfactory,0.0,0.0,25.120762365876544,12.0,2.0,79.0,6.0,91.0,-0.0,
720575940618217280,central,unknown,0.0,0.0,23.159820801129733,1102.0,34.0,1707.0,67.0,2809.0,-5.65,
720575940613793602,central,Kenyon_Cell,0.0,0.0,24.639654844034848,128.0,6.0,35.0,3.0,163.0,-3.33,
720575940609894212,central,LHCENT,0.0,0.0,24.32624277477609,633.0,32.0,327.0,33.0,960.0,-3.71,
720575940619134789,central,unknown,1.1614754101617311e-05,1.856774230467784e-08,22.96814764666861,4096.0,185.0,2904.0,124.0,7000.0,-5.06,
720575940637124422,central,Kenyon_Cell,0.0,9.527865681416628e-11,24.1141502984974,54.0,3.0,57.0,3.0,111.0,-4.61,
720575940626999114,central,Kenyon_Cell,0.0,0.0,24.602558149886644,130.0,7.0,19.0,1.0,149.0,-3.49,
720575940628408143,sensory,olfactory,0.0,3.4612763345055437e-10,25.11962312607409,26.0,3.0,122.0,10.0,148.0,-0.0,
720575940619855696,central,Kenyon_Cell,0.0,0.0,24.71345387085095,172.0,8.0,30.0,1.0,202.0,-3.13,
720575940631619409,central,ALPN,0.0,1.6495025730047756e-08,24.713992012152005,105.0,9.0,258.0,30.0,363.0,-3.4,
720575940619593552,central,unknown,0.0,0.0,24.45371203021131,12.0,2.0,25.0,4.0,37.0,-3.03,
720575940621231966,central,unknown,0.0,0.0,23.328309778478022,128.0,10.0,115.0,9.0,243.0,-5.26,
720575940620576609,central,unknown,0.0,0.0,24.42132023404221,487.0,38.0,81.0,12.0,568.0,-3.65,
720575940621002593,central,LHLN,0.0,0.0,24.393634390433892,79.0,9.0,116.0,10.0,195.0,-3.41,
720575940627195748,central,LHLN,0.0,8.329392010798186e-11,24.461251475583182,345.0,24.0,254.0,17.0,599.0,-3.51,
720575940626081636,central,Kenyon_Cell,0.0,0.0,24.64334692189532,165.0,9.0,39.0,2.0,204.0,-3.07,
720575940626179940,central,unknown,0.0,0.0,21.76185248266673,81.0,5.0,0.0,0.0,81.0,-4.82,
720575940644530030,sensory,olfactory,0.0,0.0,24.0,0.0,0.0,53.0,7.0,53.0,-0.0,
720575940643448686,central,Kenyon_Cell,0.0,0.0,24.744351295598523,127.0,6.0,33.0,2.0,160.0,-3.05,
720575940645381998,central,unknown,0.0,0.0,24.289031259915504,42.0,6.0,49.0,5.0,91.0,-4.11,
720575940640794483,central,LHLN,0.0,0.0,24.677200026264856,111.0,11.0,142.0,15.0,253.0,-3.37,
720575940629423994,sensory,olfactory,0.0,2.237652912381711e-09,25.093547314624704,10.0,2.0,36.0,3.0,46.0,-0.0,
720575940659832705,central,unknown,0.0,1.0387683148662476e-08,23.354112722271253,92.0,11.0,76.0,6.0,168.0,-4.19,
720575940660160385,central,unknown,0.0,5.587596837607627e-09,24.04088633525313,230.0,20.0,40.0,4.0,270.0,-4.84,
720575940624934787,central,unknown,0.0,0.0,24.34403289166358,166.0,13.0,124.0,12.0,290.0,-3.25,
720575940648200068,central,unknown,0.0,1.120358999527192e-08,23.715407913470564,173.0,18.0,160.0,12.0,333.0,-4.09,
720575940618839942,central,Kenyon_Cell,0.0,0.0,24.579261951629498,130.0,9.0,30.0,2.0,160.0,-3.19,
720575940624967561,ascending,AN,0.0,3.3487094430272485e-08,21.20661553795815,6.0,1.0,47.0,4.0,53.0,-2.43,
720575940625360784,sensory,olfactory,0.0,0.0,25.134663529755606,19.0,3.0,120.0,7.0,139.0,-0.0,
720575940624934800,central,Kenyon_Cell,0.0,0.0,24.635570554723326,75.0,7.0,18.0,1.0,93.0,-3.31,
720575940624574356,central,unknown,0.0,3.145870707964373e-07,23.02015768551201,78.0,8.0,38.0,3.0,116.0,-4.23,
720575940614842262,sensory,hygrosensory,0.0,2.234452861849985e-09,24.618170597626403,65.0,5.0,229.0,14.0,294.0,-3.64,
720575940633323415,central,Kenyon_Cell,0.0,0.0,24.271534743386777,30.0,2.0,39.0,3.0,69.0,-4.19,
720575940634208151,central,LHLN,0.0,2.078345199787851e-09,24.645270492144203,596.0,34.0,180.0,23.0,776.0,-3.3,
720575940612384665,central,Kenyon_Cell,0.0,0.0,24.620171980804564,81.0,6.0,16.0,1.0,97.0,-3.05,
720575940628277147,sensory,olfactory,0.0,7.863169607448758e-08,25.14893579033274,208.0,13.0,325.0,21.0,533.0,-0.0,
720575940639451043,sensory,olfactory,0.0,0.0,25.09113252366072,29.0,3.0,94.0,9.0,123.0,-0.0,
720575940619298731,sensory,olfactory,0.0,3.4612763345055437e-10,25.11353515125941,18.0,3.0,106.0,13.0,124.0,-0.0,
720575940619429803,sensory,olfactory,0.0,7.106603838485212e-08,25.11848044365912,26.0,3.0,173.0,9.0,199.0,-0.0,
720575940619954091,central,Kenyon_Cell,0.0,0.0,24.655685411324367,70.0,5.0,16.0,1.0,86.0,-2.93,
720575940605929394,sensory,olfactory,0.0,5.3618353429834464e-11,25.1145673565066,24.0,4.0,133.0,9.0,157.0,-0.0,
720575940612319155,central,ALIN,0.0,6.172899899160388e-09,21.843503998822467,37.0,6.0,279.0,17.0,316.0,-4.66,
720575940623984567,central,unknown,0.0,0.0,24.615065610437632,91.0,8.0,81.0,8.0,172.0,-3.14,
720575940624738232,central,Kenyon_Cell,0.0,0.0,24.582274116190348,150.0,8.0,32.0,2.0,182.0,-3.2,
720575940619954112,central,ALLN,0.0,1.0071406517972659e-09,24.6943729833254,26.0,2.0,84.0,8.0,110.0,-3.32,
720575940622673860,descending,unknown,0.0,1.0946690824015e-08,20.771775443516194,1910.0,63.0,58.0,7.0,1968.0,-5.88,
720575940604880841,central,unknown,0.0,0.0,23.01915237760661,208.0,17.0,26.0,4.0,234.0,-5.41,
720575940625328074,central,unknown,0.0,0.0,23.755303134447352,136.0,15.0,247.0,24.0,383.0,-4.7,
720575940618512331,sensory,olfactory,0.0,0.0,25.156117958895987,31.0,5.0,59.0,5.0,90.0,-0.0,
720575940619757515,central,unknown,0.0,7.469242907257172e-09,23.564387395493775,297.0,27.0,259.0,18.0,556.0,-5.14,
720575940631783372,central,unknown,0.0,2.4292280745001e-07,21.14883812725541,35.0,5.0,221.0,21.0,256.0,-4.61,
720575940610287566,sensory,olfactory,0.0,2.5990700219320183e-09,25.113962755102552,50.0,5.0,250.0,16.0,300.0,-0.0,
720575940632733651,sensory,olfactory,0.0,2.613048613785647e-10,25.10276993610156,6.0,1.0,84.0,11.0,90.0,-0.0,
720575940608845781,central,LHLN,0.0,1.0227082448958888e-09,24.604956850373878,82.0,8.0,97.0,11.0,179.0,-3.23,
720575940610254810,central,unknown,0.0,0.0,23.39999402382218,7.0,1.0,32.0,4.0,39.0,-4.01,
720575940604389344,central,unknown,0.0,0.0,23.50058888199397,27.0,5.0,15.0,2.0,42.0,-3.92,
720575940623067114,central,Kenyon_Cell,0.0,0.0,24.686446931810647,76.0,6.0,24.0,1.0,100.0,-3.3,
720575940622411760,visual_projection,unknown,0.0,0.0,20.40832736512791,11.0,2.0,45.0,5.0,56.0,-4.42,
720575940623820787,central,unknown,0.0,1.4215074854298001e-07,21.36222041543588,521.0,22.0,43.0,3.0,564.0,-5.73,
720575940631095289,ascending,AN,1.059498663773529e-07,5.444274083080964e-09,21.352205444998944,89.0,3.0,798.0,37.0,887.0,-6.57,
720575940629522426,central,unknown,0.0,0.0,23.08630272034998,95.0,10.0,109.0,12.0,204.0,-4.56,
720575940629620731,sensory,olfactory,0.0,0.0,25.10276993610156,8.0,1.0,78.0,6.0,86.0,-0.0,
720575940627982332,central,unknown,1.5892479956602934e-06,3.298082701232829e-07,23.828098055010912,1668.0,110.0,902.0,78.0,2570.0,-4.85,
720575940627818499,central,unknown,0.0,2.29550339603009e-09,22.285840873170173,160.0,12.0,5.0,1.0,165.0,-4.89,
720575940621625349,sensory,olfactory,0.0,2.613048613785647e-10,25.1213473858798,17.0,3.0,70.0,8.0,87.0,-0.0,
720575940623788040,central,ALLN,3.973119989150733e-08,1.024343600877428e-05,24.65206126088225,8292.0,407.0,5975.0,343.0,14267.0,-2.83,
720575940608583689,central,unknown,0.0,0.0,24.365022127775667,81.0,7.0,7.0,1.0,88.0,-3.25,
720575940614383628,central,unknown,0.0,1.8005601035449882e-08,22.914359932831,44.0,4.0,43.0,6.0,87.0,-4.49,
720575940627654677,central,unknown,4.635306654009189e-07,5.722936633581161e-10,24.084215358786683,615.0,35.0,435.0,43.0,1050.0,-4.63,
720575940612024342,sensory,olfactory,0.0,0.0,25.110202097555508,15.0,3.0,56.0,6.0,71.0,-0.0,
720575940620740632,central,unknown,0.0,4.811608392480371e-09,23.87515072000882,10.0,2.0,71.0,6.0,81.0,-3.55,
720575940616546333,sensory,olfactory,0.0,3.929603819940679e-09,25.12587613943232,106.0,10.0,153.0,10.0,259.0,-0.0,
720575940625852446,sensory,olfactory,0.0,0.0,25.122507598811325,12.0,2.0,94.0,10.0,106.0,-0.0,
720575940632504351,central,unknown,0.0,0.0,21.231211665265604,431.0,18.0,37.0,5.0,468.0,-5.87,
720575940617857053,central,Kenyon_Cell,0.0,0.0,24.325995575973383,36.0,3.0,27.0,2.0,63.0,-3.58,
720575940645316643,central,unknown,0.0,0.0,23.65601578260079,113.0,12.0,156.0,15.0,269.0,-4.72,
720575940625393701,central,unknown,0.0,9.217732159171579e-10,24.19651713820465,101.0,14.0,45.0,5.0,146.0,-3.39,
720575940631586858,central,ALLN,9.98577490606551e-06,3.786016706217532e-06,24.68569502923721,3106.0,155.0,3531.0,200.0,6637.0,-3.65,
720575940630571052,central,ALLN,0.0,2.784680700978957e-06,24.683504934171687,4153.0,143.0,3050.0,154.0,7203.0,-3.89,
720575940610189358,sensory,olfactory,0.0,6.074324948291191e-10,25.11215102220262,19.0,3.0,50.0,5.0,69.0,-0.0,
720575940609271854,central,Kenyon_Cell,0.0,0.0,24.53135378559291,96.0,8.0,20.0,1.0,116.0,-3.32,
720575940624345136,central,unknown,0.0,7.585359629640093e-08,23.257923524126824,56.0,6.0,13.0,1.0,69.0,-4.79,
720575940619298865,central,Kenyon_Cell,0.0,0.0,24.728279029233,154.0,7.0,23.0,1.0,177.0,-2.98,
720575940616054834,central,unknown,0.0,3.355795070471565e-09,22.09588835067592,371.0,17.0,77.0,7.0,448.0,-5.6,
720575940626507834,central,ALPN,0.0,8.193441506032675e-10,24.21659393065499,65.0,7.0,206.0,16.0,271.0,-3.28,
720575940616349755,central,Kenyon_Cell,0.0,0.0,24.70979133815224,91.0,6.0,11.0,1.0,102.0,-3.15,
720575940637255743,sensory,olfactory,0.0,0.0,24.0,0.0,0.0,69.0,9.0,69.0,-0.0,
720575940629424195,sensory,olfactory,0.0,0.0,25.12736083633284,24.0,2.0,84.0,8.0,108.0,-0.0,
720575940631062603,central,Kenyon_Cell,0.0,0.0,24.5998442500668,103.0,7.0,29.0,1.0,132.0,-3.09,
720575940621396044,sensory,olfactory,0.0,2.0603722855013754e-09,25.093968692373227,30.0,5.0,113.0,10.0,143.0,-0.0,
720575940619921488,central,unknown,0.0,1.5816616613643493e-08,22.391892269422208,847.0,52.0,76.0,10.0,923.0,-5.29,
720575940632275025,central,unknown,0.0,0.0,24.399946549938527,190.0,23.0,66.0,9.0,256.0,-3.36,
720575940632635475,central,Kenyon_Cell,0.0,1.9423079969495526e-10,24.273140765159965,56.0,3.0,38.0,2.0,94.0,-4.23,
720575940616480852,sensory,olfactory,0.0,0.0,25.10290847494004,20.0,3.0,100.0,7.0,120.0,-0.0,
720575940625492057,sensory,olfactory,0.0,0.0,25.11126136743549,15.0,3.0,80.0,10.0,95.0,-0.0,
720575940625164377,central,unknown,0.0,3.3668136012038485e-10,23.766633302349256,33.0,4.0,13.0,2.0,46.0,-5.09,
720575940638009434,central,unknown,0.0,1.4529951302189024e-08,20.73623118935967,235.0,16.0,616.0,39.0,851.0,-6.06,
720575940608059484,central,unknown,0.0,5.411002503305592e-08,24.54503961934246,350.0,23.0,394.0,28.0,744.0,-3.61,
720575940621953118,central,unknown,0.0,6.983411803354393e-09,24.336140027930245,20.0,3.0,78.0,8.0,98.0,-3.38,
720575940630603884,central,unknown,0.0,0.0,24.20942707068108,121.0,14.0,65.0,6.0,186.0,-3.65,
720575940631586924,central,unknown,0.0,7.750641331423878e-09,23.99906591530266,119.0,9.0,46.0,7.0,165.0,-3.4,
720575940629260406,central,Kenyon_Cell,0.0,7.518969436500936e-10,23.86985684451649,31.0,3.0,69.0,4.0,100.0,-4.69,
720575940630210682,sensory,olfactory,0.0,0.0,25.0883822082052,6.0,1.0,14.0,2.0,20.0,-0.0,
720575940621166719,sensory,olfactory,0.0,6.8423011949812225e-09,25.083708139919292,77.0,10.0,218.0,17.0,295.0,-0.0,
720575940627097733,central,Kenyon_Cell,0.0,0.0,23.829284206769746,26.0,2.0,45.0,4.0,71.0,-4.69,
720575940618184839,central,Kenyon_Cell,0.0,0.0,24.558521105108525,118.0,6.0,21.0,1.0,139.0,-3.06,
720575940626868361,sensory,olfactory,0.0,5.393770322918987e-11,25.198449315784263,19.0,3.0,81.0,8.0,100.0,-0.0,
720575940626376841,central,unknown,0.0,0.0,21.629680104189628,75.0,5.0,30.0,3.0,105.0,-5.53,
720575940631423116,central,ALLN,0.0,1.438536773102102e-06,24.66607664980782,3257.0,150.0,3226.0,164.0,6483.0,-3.71,
720575940640401549,central,Kenyon_Cell,0.0,0.0,24.691304257869685,126.0,8.0,25.0,2.0,151.0,-3.03,
720575940630407308,central,unknown,0.0,0.0,23.929263807510456,40.0,5.0,79.0,7.0,119.0,-4.0,
720575940626606223,sensory,olfactory,0.0,0.0,25.21916528977069,6.0,1.0,68.0,8.0,74.0,-0.0,
720575940627720335,central,ALIN,0.0,3.3969532901042834e-09,23.155639217803035,210.0,24.0,656.0,40.0,866.0,-5.08,
720575940631160972,central,unknown,0.0,0.0,23.82378527914391,366.0,25.0,101.0,9.0,467.0,-5.02,
720575940611532949,central,Kenyon_Cell,0.0,0.0,24.65368853066272,136.0,9.0,32.0,2.0,168.0,-2.95,
720575940611762329,sensory,olfactory,0.0,1.0246359327982996e-08,25.117315185441285,81.0,8.0,444.0,31.0,525.0,-0.0,
720575940633323674,central,Kenyon_Cell,0.0,0.0,24.526655097907334,82.0,4.0,31.0,2.0,113.0,-3.03,
720575940620904614,central,unknown,0.0,0.0,22.879399016583925,223.0,23.0,178.0,20.0,401.0,-5.74,
720575940627720360,central,unknown,0.0,8.596116796146709e-11,24.27994591919272,219.0,19.0,172.0,13.0,391.0,-3.77,
720575940622182569,central,LHCENT,1.1720703967994664e-05,1.588586465439163e-09,23.224519513730574,515.0,35.0,1981.0,84.0,2496.0,-4.62,
720575940636698798,central,Kenyon_Cell,0.0,0.0,24.6775621954951,112.0,7.0,19.0,1.0,131.0,-2.81,
720575940605733042,central,unknown,0.0,0.0,23.12955205554077,44.0,5.0,70.0,4.0,114.0,-4.98,
720575940623919287,central,unknown,0.0,1.398142304785481e-07,22.682691009549277,609.0,41.0,168.0,11.0,777.0,-5.32,
720575940616579257,central,ALLN,0.0,7.3924540580728155e-09,23.865467995208757,309.0,16.0,419.0,23.0,728.0,-4.88,
720575940639058109,central,Kenyon_Cell,0.0,0.0,24.564651135549216,137.0,11.0,40.0,2.0,177.0,-3.23,
720575940640172221,central,unknown,0.0,1.3399428745872076e-07,21.10932289580896,153.0,17.0,70.0,6.0,223.0,-4.92,
720575940622477508,sensory,olfactory,0.0,1.0787540645837974e-10,25.139220279164245,111.0,9.0,199.0,17.0,310.0,-0.0,
720575940644366536,sensory,olfactory,0.0,0.0,24.0,0.0,0.0,47.0,5.0,47.0,-0.0,
720575940605995209,central,Kenyon_Cell,0.0,7.040208724436477e-10,24.499410012670538,62.0,5.0,53.0,4.0,115.0,-3.8,
720575940618840280,central,ALPN,0.0,3.795481654213254e-09,24.868833592497108,56.0,3.0,85.0,7.0,141.0,-2.88,
720575940616546521,sensory,olfactory,0.0,0.0,24.0,0.0,0.0,41.0,6.0,41.0,-0.0,
720575940630407388,central,ALLN,8.628292243105676e-05,8.604027886116958e-05,24.77774998887505,6331.0,474.0,4288.0,240.0,10619.0,-2.19,
720575940621363421,central,unknown,0.0,0.0,23.30771752256213,86.0,7.0,95.0,7.0,181.0,-3.15,
720575940633389281,sensory,olfactory,0.0,0.0,25.099523986681696,18.0,3.0,67.0,5.0,85.0,-0.0,
720575940619495664,central,Kenyon_Cell,0.0,0.0,24.431708185876968,76.0,6.0,21.0,1.0,97.0,-3.65,
720575940618512624,sensory,thermosensory,0.0,1.8004720779455284e-08,24.69856352040602,290.0,18.0,713.0,38.0,1003.0,-3.43,
720575940621560052,central,Kenyon_Cell,0.0,0.0,24.610641684406247,129.0,7.0,19.0,1.0,148.0,-3.24,
720575940641220853,central,unknown,3.443370657263969e-07,5.684005706939533e-11,23.373099478533533,1816.0,101.0,1853.0,114.0,3669.0,-4.94,
720575940639844597,central,unknown,0.0,2.4685623778419082e-08,24.3258179665746,141.0,17.0,61.0,7.0,202.0,-3.67,
720575940629981440,central,MBON,1.6899003687187788e-05,1.5116257028431758e-07,22.89398865935409,2130.0,148.0,2051.0,37.0,4181.0,-5.13,
720575940624935182,central,Kenyon_Cell,0.0,0.0,24.49499677067751,88.0,7.0,17.0,1.0,105.0,-3.19,
720575940625164558,central,unknown,0.0,0.0,19.69738439960409,20.0,3.0,77.0,4.0,97.0,-3.72,
720575940627654933,central,unknown,0.0,4.614402436632768e-09,24.02893126008832,339.0,31.0,191.0,15.0,530.0,-3.68,
720575940646037783,central,ALLN,0.0,0.0,24.491832336026945,95.0,10.0,36.0,3.0,131.0,-3.47,
720575940618021147,central,Kenyon_Cell,0.0,0.0,24.69170804832772,90.0,7.0,21.0,1.0,111.0,-3.13,
720575940626901278,central,Kenyon_Cell,0.0,1.1961653337182615e-09,24.03282599783344,34.0,3.0,28.0,2.0,62.0,-4.2,
720575940643842340,sensory,olfactory,0.0,0.0,25.104220092267308,64.0,7.0,158.0,10.0,222.0,-0.0,
720575940632832301,central,unknown,0.0,2.579027392270596e-08,24.264807139876403,274.0,29.0,113.0,16.0,387.0,-3.77,
720575940615792946,central,LHLN,0.0,0.0,24.579401654890987,280.0,23.0,76.0,7.0,356.0,-3.26,
720575940639090997,central,Kenyon_Cell,0.0,0.0,24.538321303053596,97.0,5.0,19.0,1.0,116.0,-3.14,
720575940617496886,sensory,olfactory,0.0,2.613048613785647e-10,25.11940803786546,19.0,3.0,113.0,13.0,132.0,-0.0,
720575940617922870,central,Kenyon_Cell,0.0,0.0,24.639144807339093,123.0,7.0,20.0,1.0,143.0,-3.12,
720575940631587129,central,Kenyon_Cell,0.0,0.0,24.66504330471816,86.0,7.0,24.0,1.0,110.0,-3.15,
720575940613794114,sensory,thermosensory,0.0,1.6765908259457537e-08,24.62294634824381,327.0,23.0,608.0,34.0,935.0,-3.4,
720575940615924037,central,LHLN,0.0,1.0663932851861025e-07,24.37309597182748,331.0,28.0,337.0,34.0,668.0,-3.59,
720575940637747526,sensory,olfactory,0.0,1.7725137683449323e-09,25.06611459784464,5.0,1.0,52.0,6.0,57.0,-0.0,
720575940621429068,sensory,olfactory,0.0,2.740541242734912e-08,25.079519264844343,25.0,4.0,147.0,10.0,172.0,-0.0,
720575940623362380,central,ALLN,0.0,2.1257689072801007e-08,24.104947998890097,203.0,21.0,127.0,13.0,330.0,-4.36,
720575940631619921,central,ALLN,0.0,6.459803680172376e-07,24.65018521867066,2090.0,128.0,2753.0,155.0,4843.0,-3.41,
720575940627327314,sensory,olfactory,0.0,0.0,24.0,0.0,0.0,37.0,5.0,37.0,-0.0,
720575940614711638,sensory,hygrosensory,0.0,5.662073741323312e-08,24.69985218734389,18.0,2.0,234.0,20.0,252.0,-3.29,
720575940639517016,sensory,olfactory,0.0,0.0,25.12708696277256,20.0,3.0,40.0,3.0,60.0,-0.0,
720575940637387098,sensory,olfactory,0.0,0.0,25.036027787410788,5.0,1.0,35.0,4.0,40.0,-0.0,
720575940617496925,central,ALIN,2.3838719934904402e-07,2.5848497476699148e-05,23.35270498420259,109.0,11.0,1464.0,76.0,1573.0,-3.78,
720575940626082148,central,Kenyon_Cell,0.0,0.0,24.471940777393836,87.0,5.0,17.0,1.0,104.0,-3.43,
720575940626180452,central,unknown,0.0,1.5184190300054397e-08,24.02661608413934,431.0,35.0,219.0,22.0,650.0,-4.63,
720575940628244841,sensory,olfactory,0.0,0.0,24.0,0.0,0.0,5.0,1.0,5.0,-0.0,
720575940629162348,central,Kenyon_Cell,0.0,0.0,24.53245123856333,46.0,3.0,21.0,1.0,67.0,-3.67,
720575940612647282,central,Kenyon_Cell,0.0,0.0,24.724077013984456,105.0,7.0,19.0,1.0,124.0,-3.18,
720575940639287667,sensory,olfactory,0.0,0.0,25.108499256036666,63.0,6.0,322.0,18.0,385.0,-0.0,
720575940615629173,sensory,olfactory,0.0,0.0,25.10276993610156,5.0,1.0,167.0,13.0,172.0,-0.0,
720575940648397177,central,unknown,0.0,0.0,22.201913424623143,135.0,15.0,47.0,4.0,182.0,-5.46,
720575940660914561,central,ALON,0.0,2.070476691096794e-06,23.637814191266525,482.0,27.0,321.0,17.0,803.0,-4.54,
720575940647020932,central,unknown,9.27061330801838e-08,3.6339126611657197e-07,24.278490866722283,841.0,45.0,399.0,32.0,1240.0,-3.64,
720575940621658502,central,Kenyon_Cell,0.0,0.0,24.572345861577045,88.0,6.0,28.0,1.0,116.0,-3.11,
720575940618250630,central,unknown,0.0,9.649700756749053e-08,22.51267796716273,320.0,32.0,76.0,9.0,396.0,-5.02,
720575940625066388,central,LHLN,0.0,1.3458101063234822e-09,24.52571737193197,287.0,27.0,153.0,16.0,440.0,-3.64,
720575940624017812,central,unknown,0.0,0.0,24.14045121805897,161.0,16.0,0.0,0.0,161.0,-3.59,
720575940629752219,central,ALPN,0.0,8.562458786551393e-09,23.56005632897388,483.0,28.0,382.0,26.0,865.0,-4.79,
720575940615104927,central,ALPN,1.5892479956602933e-07,1.0687212280269231e-06,24.047562998017465,188.0,15.0,654.0,38.0,842.0,-2.25,
720575940614777247,central,Kenyon_Cell,0.0,0.0,24.328070976650984,78.0,4.0,14.0,1.0,92.0,-3.54,
720575940621396390,sensory,olfactory,0.0,0.0,24.0,0.0,0.0,12.0,2.0,12.0,-0.0,
720575940627163560,sensory,olfactory,0.0,3.9377638527793536e-09,25.118052101783853,98.0,11.0,158.0,10.0,256.0,-0.0,
720575940612450730,central,Kenyon_Cell,0.0,0.0,24.52788585665056,120.0,8.0,20.0,1.0,140.0,-3.25,
720575940612483498,central,unknown,0.0,0.0,24.178597927228875,294.0,23.0,45.0,5.0,339.0,-4.34,
720575940619463088,central,Kenyon_Cell,0.0,0.0,24.22223259192188,48.0,3.0,38.0,4.0,86.0,-4.69,
720575940606126514,sensory,olfactory,0.0,0.0,25.09918207755277,12.0,2.0,101.0,11.0,113.0,-0.0,
720575940611959219,central,unknown,0.0,0.0,24.0494778079326,75.0,11.0,88.0,7.0,163.0,-3.94,
720575940621167030,central,Kenyon_Cell,0.0,0.0,24.66364791739203,125.0,8.0,18.0,1.0,143.0,-3.12,
720575940627261882,central,LHLN,0.0,5.637109284860405e-10,24.538626067473707,443.0,33.0,136.0,14.0,579.0,-3.48,
720575940626672058,descending,unknown,0.0,7.364464942791203e-09,19.50181603253025,251.0,14.0,169.0,8.0,420.0,-5.44,
720575940639680957,central,ALPN,1.880610128198014e-06,5.824836194936919e-07,24.888947261802585,364.0,42.0,1242.0,99.0,1606.0,-2.1,
720575940620577217,sensory,olfactory,0.0,0.0,25.13459234195189,17.0,3.0,96.0,8.0,113.0,-0.0,
720575940613466577,sensory,olfactory,0.0,3.1278962471203966e-10,25.13155655406857,52.0,6.0,167.0,9.0,219.0,-0.0,
720575940615858644,central,Kenyon_Cell,0.0,0.0,24.30647046217648,111.0,7.0,24.0,1.0,135.0,-4.19,
720575940608682453,central,Kenyon_Cell,0.0,0.0,24.57457169346196,97.0,8.0,25.0,1.0,122.0,-3.18,
720575940629883351,central,unknown,0.0,7.552727745950541e-07,24.40581911456365,408.0,34.0,172.0,15.0,580.0,-3.45,
720575940630276567,central,unknown,0.0,1.1608554975777402e-08,23.80102221205849,163.0,15.0,53.0,7.0,216.0,-4.5,
720575940616612313,central,unknown,0.0,1.7285129391735492e-10,21.81319136084352,219.0,22.0,154.0,16.0,373.0,-5.84,
720575940617398745,central,unknown,0.0,0.0,21.52795246155336,47.0,3.0,246.0,19.0,293.0,-5.09,
720575940614220269,central,unknown,0.0,0.0,21.85163898601097,46.0,5.0,80.0,3.0,126.0,-5.48,
720575940620511732,sensory,olfactory,0.0,0.0,25.14860862687233,51.0,7.0,102.0,9.0,153.0,-0.0,
720575940630538752,sensory,olfactory,0.0,0.0,24.0,0.0,0.0,21.0,3.0,21.0,-0.0,
720575940617038337,central,Kenyon_Cell,0.0,0.0,24.64319172015642,98.0,7.0,21.0,1.0,119.0,-3.03,
720575940627687940,central,Kenyon_Cell,0.0,0.0,24.70132437053477,96.0,5.0,16.0,1.0,112.0,-2.9,
720575940628834832,central,ALPN,0.0,4.6222755580894814e-10,24.520044320131024,88.0,9.0,191.0,18.0,279.0,-3.35,
720575940625754643,sensory,olfactory,0.0,0.0,25.105318448903997,27.0,4.0,152.0,8.0,179.0,-0.0,
720575940627196435,central,unknown,0.0,1.2983635985698327e-06,24.596684549469835,1099.0,58.0,184.0,17.0,1283.0,-3.21,
720575940626737685,sensory,olfactory,0.0,5.393770322918987e-11,25.12890707634116,71.0,8.0,118.0,6.0,189.0,-0.0,
720575940628802069,central,unknown,0.0,4.6578915927757684e-07,19.32986185129324,53.0,4.0,518.0,9.0,571.0,-5.63,
720575940617333275,sensory,olfactory,0.0,0.0,24.0,0.0,0.0,32.0,5.0,32.0,-0.0,
720575940626967070,central,unknown,0.0,3.1286402119326605e-10,24.735825853412308,74.0,8.0,42.0,6.0,116.0,-3.01,
720575940604783136,descending,unknown,1.8541226616036761e-07,1.256649130638217e-07,21.102015445173706,333.0,21.0,81.0,6.0,414.0,-5.7,
720575940646431267,central,LHLN,0.0,1.74487959361218e-09,24.582832426858385,472.0,39.0,113.0,13.0,585.0,-3.84,
720575940644629028,central,unknown,0.0,1.4564697093254934e-08,23.607122541440525,384.0,31.0,441.0,43.0,825.0,-4.96,
720575940623067686,central,unknown,0.0,0.0,21.95119656522765,575.0,41.0,19.0,3.0,594.0,-5.91,
720575940630833706,central,Kenyon_Cell,0.0,0.0,24.696265611327608,103.0,7.0,17.0,1.0,120.0,-3.08,
720575940629457452,central,unknown,0.0,0.0,23.68567890367904,119.0,10.0,98.0,9.0,217.0,-4.69,
720575940632734253,central,Kenyon_Cell,0.0,0.0,24.6319079825386,118.0,6.0,24.0,2.0,142.0,-3.12,
720575940632799789,central,unknown,0.0,0.0,24.47500690285641,99.0,11.0,80.0,8.0,179.0,-3.78,
720575940637846069,sensory,olfactory,0.0,0.0,25.118557370430445,6.0,1.0,92.0,7.0,98.0,-0.0,
720575940626508346,central,unknown,0.0,0.0,24.527503002005904,80.0,9.0,24.0,4.0,104.0,-3.25,
720575940615465531,central,LHLN,0.0,0.0,24.31795691515116,95.0,10.0,108.0,16.0,203.0,-2.99,
720575940639124029,central,unknown,7.946239978301468e-08,4.266933142237446e-08,21.631380888241893,444.0,35.0,301.0,14.0,745.0,-5.28,
720575940626115134,central,ALLN,2.3375189269503484e-05,2.795170484244561e-05,24.63016726089486,2264.0,94.0,1100.0,101.0,3364.0,-3.39,
720575940618218048,central,unknown,0.0,1.0599563286127394e-09,21.081241808291782,38.0,4.0,50.0,6.0,88.0,-4.61,
720575940638304838,central,unknown,0.0,7.060919297890704e-09,24.65410237643946,368.0,39.0,114.0,12.0,482.0,-3.36,
720575940622084681,sensory,olfactory,0.0,2.9962933905496574e-08,25.14004543235161,76.0,7.0,491.0,19.0,567.0,-0.0,
720575940626999882,central,Kenyon_Cell,0.0,0.0,24.39967885965211,54.0,5.0,24.0,1.0,78.0,-3.77,
720575940630374987,central,unknown,0.0,0.0,24.24034982878548,51.0,5.0,35.0,3.0,86.0,-3.06,
720575940632013387,central,unknown,0.0,4.644097366226522e-07,21.761519347861867,347.0,24.0,384.0,22.0,731.0,-5.45,
720575940639025742,central,unknown,0.0,0.0,24.45318600976629,64.0,8.0,36.0,4.0,100.0,-3.9,
720575940626803279,central,Kenyon_Cell,0.0,1.8394074023845983e-10,24.482456001183856,63.0,3.0,49.0,4.0,112.0,-3.56,
720575940618185296,central,Kenyon_Cell,0.0,0.0,24.766014073001365,85.0,5.0,29.0,2.0,114.0,-3.21,
720575940631620177,sensory,olfactory,0.0,0.0,25.18971876743752,6.0,1.0,85.0,6.0,91.0,-0.0,
720575940626868818,sensory,olfactory,0.0,0.0,25.15799571251818,39.0,4.0,65.0,4.0,104.0,-0.0,
720575940633356883,central,ALPN,0.0,1.8394074023845986e-10,23.76944275561784,319.0,22.0,391.0,18.0,710.0,-4.41,
720575940618938964,sensory,olfactory,0.0,2.346469174359957e-10,25.31998714410792,11.0,2.0,51.0,6.0,62.0,-0.0,
720575940633356881,central,unknown,0.0,1.2381406755798092e-09,22.95441256377924,359.0,38.0,454.0,46.0,813.0,-5.06,
720575940639910488,central,unknown,0.0,0.0,23.42907072991539,192.0,25.0,49.0,5.0,241.0,-4.15,
720575940608158300,central,Kenyon_Cell,0.0,0.0,24.74621346012164,115.0,7.0,17.0,1.0,132.0,-2.93,
720575940621298270,central,ALLN,0.0,1.2523907479241958e-06,24.687353188980428,4005.0,167.0,3957.0,172.0,7962.0,-3.68,
720575940614285930,central,unknown,0.0,0.0,21.45783596152267,108.0,11.0,79.0,6.0,187.0,-6.65,
720575940616546933,central,unknown,0.0,0.0,24.733078391225803,166.0,17.0,38.0,6.0,204.0,-2.98,
720575940615072373,central,Kenyon_Cell,0.0,0.0,24.28593178397781,41.0,3.0,44.0,2.0,85.0,-3.71,
720575940650822265,sensory,olfactory,0.0,0.0,25.118557370430445,6.0,1.0,28.0,4.0,34.0,-0.0,
720575940620642940,descending,unknown,5.727914651025641e-05,6.879501691130342e-07,21.74365301435148,630.0,22.0,484.0,12.0,1114.0,-5.03,
720575940620675711,sensory,olfactory,0.0,9.350745881972861e-08,25.115553462736493,32.0,4.0,257.0,16.0,289.0,-0.0,
720575940607011458,central,unknown,0.0,0.0,24.52174317153163,139.0,11.0,150.0,15.0,289.0,-3.41,
720575940626147971,sensory,olfactory,0.0,0.0,25.10747430571358,42.0,5.0,99.0,5.0,141.0,-0.0,
720575940623428234,central,unknown,0.0,7.055266986544232e-09,24.09677402736435,267.0,22.0,54.0,7.0,321.0,-4.65,
720575940633422490,sensory,olfactory,0.0,0.0,25.16241974523968,58.0,5.0,181.0,9.0,239.0,-0.0,
720575940628933275,central,ALLN,0.0,2.0499813012741253e-08,24.39417983390817,82.0,11.0,164.0,16.0,246.0,-4.4,
720575940634208924,central,unknown,0.0,5.113541224479444e-10,24.448774050911485,111.0,12.0,75.0,8.0,186.0,-3.18,
720575940634045084,central,Kenyon_Cell,0.0,0.0,24.72321449531474,157.0,6.0,19.0,1.0,176.0,-3.06,
720575940632898204,central,unknown,0.0,0.0,24.346753941615123,43.0,6.0,50.0,5.0,93.0,-4.25,
720575940653705889,central,unknown,0.0,4.896336806198148e-09,22.97721131915968,279.0,12.0,62.0,7.0,341.0,-5.51,
720575940619397797,central,unknown,0.0,7.794513109698314e-08,21.82087226552156,544.0,14.0,183.0,13.0,727.0,-5.83,
720575940619430571,sensory,olfactory,0.0,7.106603838485212e-08,25.13027818634589,10.0,2.0,212.0,13.0,222.0,-0.0,
720575940619791019,sensory,olfactory,0.0,2.6778373298122782e-09,25.067120212470883,106.0,10.0,171.0,13.0,277.0,-0.0,
720575940635126452,sensory,olfactory,0.0,0.0,25.1338793840851,19.0,3.0,41.0,3.0,60.0,-0.0,
720575940622281399,sensory,olfactory,0.0,1.4931704267419554e-08,25.130086345366507,84.0,10.0,149.0,8.0,233.0,-0.0,
720575940626672314,central,unknown,0.0,7.365026861434414e-07,20.25191095606872,79.0,6.0,608.0,22.0,687.0,-5.83,
720575940619659969,central,Kenyon_Cell,0.0,0.0,24.553768733021226,99.0,7.0,26.0,1.0,125.0,-3.32,
720575940607896265,central,LHLN,0.0,4.9555869657817315e-09,24.23798528637642,167.0,17.0,146.0,18.0,313.0,-3.55,
720575940640205520,central,unknown,0.0,1.356894587662291e-09,22.56487732189237,24.0,4.0,73.0,8.0,97.0,-4.61,
720575940608977621,central,LHLN,0.0,7.461258195588233e-11,24.57071249779748,1104.0,39.0,608.0,46.0,1712.0,-3.07,
720575940620675800,central,LHLN,0.0,1.8384403471072907e-09,24.6172920361554,226.0,14.0,57.0,5.0,283.0,-2.99,
720575940631390940,central,unknown,0.0,1.6893047513035087e-09,24.378005500916128,120.0,14.0,33.0,3.0,153.0,-3.77,
720575940631161570,central,ALPN,2.145484794141396e-06,1.7570310712859878e-07,24.88504410843393,1550.0,90.0,1291.0,114.0,2841.0,-2.21,
720575940623854311,sensory,olfactory,0.0,0.0,25.20147546224875,21.0,3.0,41.0,5.0,62.0,-0.0,
720575940627950312,sensory,olfactory,0.0,0.0,25.1055490729865,5.0,1.0,86.0,8.0,91.0,-0.0,
720575940627983080,central,unknown,0.0,3.8844004569189345e-09,24.469422993158048,337.0,22.0,256.0,26.0,593.0,-3.74,
720575940619725551,central,unknown,0.0,0.0,24.518587286198613,531.0,40.0,73.0,8.0,604.0,-3.54,
720575940628703993,sensory,olfactory,0.0,1.4605441197875574e-08,25.17319183968507,48.0,5.0,130.0,15.0,178.0,-0.0,
720575940630604537,central,unknown,0.0,1.170342542611526e-08,24.39892400544726,331.0,37.0,74.0,9.0,405.0,-3.64,
720575940617038593,sensory,olfactory,0.0,0.0,25.127393858422906,28.0,4.0,124.0,8.0,152.0,-0.0,
720575940622248709,sensory,olfactory,0.0,0.0,24.0,0.0,0.0,7.0,1.0,7.0,-0.0,
720575940623002373,central,unknown,0.0,0.0,23.924759662639904,47.0,7.0,49.0,5.0,96.0,-4.6,
720575940624149256,central,Kenyon_Cell,0.0,3.243917301895026e-10,24.32615814892238,41.0,3.0,25.0,2.0,66.0,-3.79,
720575940607765257,central,unknown,0.0,1.404735516927185e-08,20.592154689625584,70.0,6.0,52.0,3.0,122.0,-4.58,
720575940626213642,sensory,olfactory,0.0,2.613048613785647e-10,25.12287109576981,48.0,5.0,203.0,13.0,251.0,-0.0,
720575940623461134,central,Kenyon_Cell,0.0,0.0,24.51667443198004,97.0,8.0,23.0,2.0,120.0,-3.42,
720575940627196691,central,unknown,0.0,3.430077235083299e-07,24.489400578719813,1463.0,113.0,424.0,33.0,1887.0,-3.48,
720575940622674712,central,unknown,0.0,9.952377958022543e-10,24.67577368570068,163.0,11.0,84.0,11.0,247.0,-2.93,
720575940614548253,sensory,olfactory,0.0,0.0,25.13787503683304,26.0,3.0,167.0,13.0,193.0,-0.0,
720575940618087197,central,ALPN,0.0,0.0,24.85720421519203,24.0,2.0,118.0,12.0,142.0,-2.49,
720575940645808931,sensory,olfactory,0.0,6.326566858461844e-08,25.18620852282596,44.0,5.0,218.0,20.0,262.0,-0.0,
720575940620020534,central,unknown,0.0,1.3653333296050628e-10,22.068000736193987,304.0,16.0,262.0,22.0,566.0,-5.44,
720575940629130039,central,unknown,0.0,3.249746185318101e-07,23.53737217982974,54.0,5.0,12.0,2.0,66.0,-4.48,
720575940632243019,central,ALPN,0.0,2.270723742681242e-07,24.83800309200396,73.0,10.0,379.0,36.0,452.0,-1.79,
720575940639025998,sensory,olfactory,0.0,9.900039880828136e-10,25.0857460327464,21.0,3.0,120.0,9.0,141.0,-0.0,
720575940637190990,central,Kenyon_Cell,0.0,0.0,24.39200505836368,43.0,3.0,17.0,1.0,60.0,-3.7,
720575940628343634,central,ALLN,2.8434295389022083e-05,6.168302959139866e-07,24.655852808976636,2921.0,102.0,2560.0,104.0,5481.0,-3.24,
720575940620249941,central,ALLN,4.277725854985623e-06,8.194070985128216e-07,25.052268653606603,835.0,35.0,936.0,39.0,1771.0,-1.7,
720575940614908758,central,LHLN,0.0,2.597410114348036e-08,24.49116604912945,651.0,49.0,227.0,27.0,878.0,-3.57,
720575940609010524,central,unknown,0.0,1.2857993492397195e-10,20.395896558240462,69.0,9.0,65.0,4.0,134.0,-5.0,
720575940633553760,sensory,olfactory,0.0,2.2881830206203576e-10,25.13677034226766,23.0,4.0,79.0,7.0,102.0,-0.0,
720575940629326695,central,unknown,0.0,0.0,24.52701454608264,54.0,7.0,78.0,10.0,132.0,-3.34,
720575940630440808,central,Kenyon_Cell,0.0,0.0,24.491236045763525,116.0,8.0,14.0,1.0,130.0,-3.39,
720575940630276972,sensory,olfactory,0.0,0.0,24.0,0.0,0.0,12.0,2.0,12.0,-0.0,
720575940620741485,central,Kenyon_Cell,0.0,0.0,24.568767351216582,58.0,6.0,23.0,2.0,81.0,-3.45,
720575940620577652,central,Kenyon_Cell,0.0,0.0,24.34714472596154,37.0,3.0,56.0,4.0,93.0,-3.86,
720575940616940405,sensory,olfactory,0.0,3.315800871991768e-09,25.10276993610156,8.0,1.0,37.0,4.0,45.0,-0.0,
720575940629162870,sensory,olfactory,0.0,5.787390198305473e-10,25.15067612524473,9.0,1.0,72.0,6.0,81.0,-0.0,
720575940629588854,sensory,olfactory,0.0,0.0,25.13956050936716,30.0,4.0,161.0,11.0,191.0,-0.0,
720575940635323255,sensory,olfactory,0.0,1.7220832889108776e-09,25.11547930812696,10.0,2.0,59.0,5.0,69.0,-0.0,
720575940618021755,central,ALLN,0.0,8.863659615171085e-07,23.825264923188698,237.0,19.0,907.0,43.0,1144.0,-4.46,
720575940618873723,central,Kenyon_Cell,0.0,0.0,24.116777314272863,40.0,3.0,35.0,1.0,75.0,-3.55,
720575940628769662,sensory,olfactory,0.0,3.6020287486239994e-08,25.098055334699367,81.0,11.0,207.0,14.0,288.0,-0.0,
720575940638894976,sensory,olfactory,0.0,0.0,25.086290069837176,11.0,2.0,143.0,11.0,154.0,-0.0,
720575940635978638,sensory,olfactory,0.0,1.703795711958646e-09,25.097351170137088,52.0,8.0,113.0,9.0,165.0,-0.0,
720575940636633998,central,unknown,0.0,0.0,22.561568834894697,185.0,21.0,27.0,3.0,212.0,-5.15,
720575940626410392,central,unknown,0.0,0.0,24.524099395427196,106.0,15.0,39.0,3.0,145.0,-3.44,
720575940644465568,visual_projection,unknown,0.0,8.058039459370419e-07,22.312558867671218,724.0,44.0,881.0,45.0,1605.0,-4.67,
720575940638960547,central,Kenyon_Cell,0.0,0.0,24.485856937623943,153.0,10.0,17.0,1.0,170.0,-3.55,
720575940622150569,central,unknown,0.0,1.08017937105462e-09,23.5710368658164,131.0,10.0,74.0,8.0,205.0,-4.88,
720575940632144813,central,Kenyon_Cell,0.0,1.772602098559616e-09,24.20310212796319,47.0,5.0,60.0,4.0,107.0,-3.79,
720575940620348342,sensory,olfactory,0.0,0.0,24.0,0.0,0.0,29.0,5.0,29.0,-0.0,
720575940620774326,sensory,olfactory,0.0,0.0,25.04345888408376,5.0,1.0,58.0,5.0,63.0,-0.0,
720575940623756215,central,Kenyon_Cell,0.0,0.0,24.171838066448693,37.0,2.0,23.0,1.0,60.0,-4.07,
720575940615957433,central,Kenyon_Cell,0.0,0.0,24.14685084670805,37.0,2.0,32.0,1.0,69.0,-4.04,
720575940635945919,central,ALLN,0.0008858998077142,2.947110777908328e-05,24.67947959698849,7788.0,249.0,10847.0,247.0,18635.0,-3.09,
720575940634962879,central,unknown,0.0,8.330844960827815e-08,23.076841297244997,746.0,56.0,668.0,52.0,1414.0,-5.31,
720575940633062335,central,unknown,0.0,0.0,22.803885262364727,183.0,10.0,239.0,10.0,422.0,-5.21,
720575940632308684,sensory,olfactory,0.0,0.0,25.10276993610156,5.0,1.0,95.0,11.0,100.0,-0.0,
720575940623100877,central,unknown,0.0,4.911768977235719e-08,24.396846459211208,401.0,29.0,1104.0,78.0,1505.0,-3.99,
720575940609633230,central,unknown,0.0,0.0,23.072487078180387,22.0,3.0,251.0,30.0,273.0,-4.4,
720575940631227343,central,unknown,0.0,2.1333448761792356e-08,24.69803456810294,252.0,23.0,184.0,16.0,436.0,-3.18,
720575940611369938,sensory,olfactory,0.0,0.0,25.139589549949267,28.0,5.0,71.0,4.0,99.0,-0.0,
720575940619168728,central,LHLN,0.0,4.032275929145753e-09,24.68881600210814,284.0,16.0,229.0,14.0,513.0,-2.89,
720575940634733537,sensory,olfactory,0.0,3.7043908184265216e-08,25.129873416049143,38.0,5.0,199.0,15.0,237.0,-0.0,
720575940613041123,central,Kenyon_Cell,0.0,1.3935393384398541e-09,23.73170470169783,30.0,3.0,52.0,3.0,82.0,-4.49,
720575940624247787,central,unknown,0.0,0.0,23.62903175483503,865.0,55.0,167.0,6.0,1032.0,-4.47,
720575940612615149,sensory,olfactory,0.0,4.8559159462834e-08,25.10612346147743,54.0,6.0,166.0,13.0,220.0,-0.0,
720575940622871540,central,unknown,0.0,0.0,22.03834184327267,620.0,27.0,628.0,36.0,1248.0,-6.14,
720575940639484917,central,unknown,0.0,0.0,21.355097020768746,28.0,2.0,68.0,6.0,96.0,-4.29,
720575940634078200,central,Kenyon_Cell,0.0,0.0,23.69837901548972,50.0,4.0,14.0,1.0,64.0,-5.16,
720575940629326841,sensory,olfactory,0.0,6.535176685800067e-08,25.110958860639187,31.0,4.0,132.0,12.0,163.0,-0.0,
720575940613237758,central,Kenyon_Cell,0.0,0.0,24.56739221590917,167.0,8.0,36.0,2.0,203.0,-3.2,
720575940614089726,descending,unknown,0.0,0.0,19.988366078683917,156.0,12.0,0.0,0.0,156.0,-5.88,
720575940617038849,central,Kenyon_Cell,0.0,0.0,24.76755995962694,108.0,6.0,16.0,1.0,124.0,-2.84,
720575940621921285,central,unknown,0.0,0.0,23.854453316481884,2529.0,90.0,1105.0,49.0,3634.0,-4.84,
720575940628376586,central,unknown,0.0,3.7954932899680574e-08,22.59388794212399,244.0,31.0,78.0,8.0,322.0,-5.06,
720575940615171084,sensory,olfactory,0.0,3.4612763345055437e-10,25.0883822082052,7.0,1.0,65.0,7.0,72.0,-0.0,
720575940617104396,central,unknown,0.0,2.3503345516080547e-09,20.21113432180145,29.0,4.0,56.0,4.0,85.0,-4.72,
720575940632505359,central,ALLN,3.2950408443356754e-05,1.3184831372505332e-05,24.61752199567902,3285.0,151.0,1213.0,76.0,4498.0,-3.17,
720575940626410515,central,unknown,0.0,1.3940771891756959e-10,24.333058571361654,71.0,9.0,36.0,5.0,107.0,-4.07,
720575940619725844,sensory,olfactory,0.0,6.074324948291191e-10,25.15232204788048,43.0,7.0,104.0,8.0,147.0,-0.0,
720575940619136020,central,unknown,0.0,0.0,23.188033576970277,121.0,9.0,333.0,12.0,454.0,-4.45,
720575940627491861,central,Kenyon_Cell,0.0,0.0,24.69631138513247,86.0,5.0,16.0,1.0,102.0,-3.28,
720575940622085146,central,unknown,0.0,1.765831106289215e-10,24.50110438166959,25.0,4.0,15.0,2.0,40.0,-3.66,
720575940605078560,central,ALLN,0.0,1.0081740289410912e-09,24.12624791726713,241.0,17.0,321.0,22.0,562.0,-4.19,
720575940613073960,central,unknown,0.0,0.0,23.54027824720893,178.0,21.0,133.0,6.0,311.0,-4.73,
720575940616055858,central,unknown,0.0,0.0,22.984323738687863,1087.0,23.0,259.0,16.0,1346.0,-5.62,
720575940640304181,central,unknown,0.0,1.7710865560103135e-10,22.04768344773704,54.0,5.0,32.0,3.0,86.0,-4.57,
720575940639124533,central,Kenyon_Cell,0.0,0.0,24.699890870722815,137.0,7.0,21.0,1.0,158.0,-2.71,
720575940631555128,central,Kenyon_Cell,0.0,0.0,24.426217257145087,117.0,7.0,34.0,2.0,151.0,-3.52,
720575940631718969,central,Kenyon_Cell,0.0,0.0,24.4812063456593,81.0,4.0,30.0,2.0,111.0,-3.18,
720575940616121403,central,unknown,0.0,0.0,22.776093736191847,87.0,11.0,0.0,0.0,87.0,-4.8,
720575940629064764,central,ALLN,0.0,0.0,24.107327192987896,300.0,30.0,164.0,17.0,464.0,-4.33,
720575940638075967,central,unknown,0.0,0.0,24.46303181138405,210.0,15.0,33.0,3.0,243.0,-3.25,
720575940617825344,central,Kenyon_Cell,0.0,0.0,24.51635696554075,144.0,7.0,31.0,2.0,175.0,-2.96,
720575940621167681,central,unknown,1.417079462797095e-06,9.15271730026408e-08,24.4613025935429,3657.0,156.0,358.0,38.0,4015.0,-3.21,
720575940610124868,sensory,olfactory,0.0,2.3397727013835686e-10,25.14373494009016,101.0,13.0,149.0,14.0,250.0,-0.0,
720575940623526985,central,ALLN,0.0,0.0,24.59474804922564,129.0,16.0,56.0,7.0,185.0,-3.1,
720575940628966479,central,LHLN,0.0,0.0,24.656501662767365,183.0,16.0,77.0,10.0,260.0,-3.35,
720575940633324627,visual_projection,unknown,0.0,3.435294217997763e-09,17.92000066698244,28.0,4.0,329.0,21.0,357.0,-5.17,
720575940617792596,central,Kenyon_Cell,0.0,0.0,24.57832005290566,139.0,7.0,26.0,2.0,165.0,-3.24,
720575940616711254,central,Kenyon_Cell,0.0,0.0,24.561492391594857,128.0,11.0,26.0,2.0,154.0,-3.4,
720575940630146135,central,Kenyon_Cell,0.0,0.0,24.26024110396709,66.0,5.0,13.0,1.0,79.0,-3.35,
720575940618447965,central,unknown,0.0,0.0,23.655572497346917,685.0,43.0,303.0,25.0,988.0,-4.72,
720575940634078303,sensory,olfactory,0.0,1.1243202076377908e-10,25.12330786461801,52.0,8.0,123.0,5.0,175.0,-0.0,
720575940634209376,central,Kenyon_Cell,0.0,0.0,24.34817949864873,59.0,5.0,30.0,1.0,89.0,-3.67,
720575940636470373,central,unknown,0.0,0.0,24.2448509099991,207.0,14.0,57.0,6.0,264.0,-3.23,
720575940631620712,sensory,olfactory,0.0,2.8030306539551073e-10,25.11102792312598,10.0,2.0,90.0,6.0,100.0,-0.0,
720575940620020845,sensory,olfactory,0.0,0.0,25.21916528977069,7.0,1.0,55.0,7.0,62.0,-0.0,
720575940612615282,central,unknown,0.0,2.4593747998457028e-11,24.49784280554262,47.0,6.0,55.0,5.0,102.0,-2.89,
720575940612680818,central,Kenyon_Cell,0.0,0.0,24.57420609292132,82.0,6.0,18.0,1.0,100.0,-3.43,
720575940610157688,central,ALLN,0.0,1.4498516982971266e-07,24.486089496337705,766.0,65.0,1514.0,92.0,2280.0,-3.77,
720575940610649208,central,unknown,0.0,9.697263946364397e-09,22.237004200943836,185.0,19.0,117.0,10.0,302.0,-5.24,
720575940649020537,central,Kenyon_Cell,0.0,0.0,24.59356869625104,89.0,8.0,23.0,1.0,112.0,-3.41,
720575940616744059,central,unknown,0.0,1.1168469127140987e-09,23.266408394072645,472.0,20.0,776.0,26.0,1248.0,-4.11,
720575940621823100,central,unknown,0.0,6.239912861319623e-08,20.46283606692328,55.0,7.0,42.0,6.0,97.0,-5.32,
720575940627590266,central,unknown,0.0,0.0,20.57914761071629,12.0,2.0,189.0,22.0,201.0,-5.89,
720575940621528191,central,unknown,0.0,0.0,23.52330027069291,84.0,8.0,6.0,1.0,90.0,-5.21,
720575940646136964,sensory,olfactory,0.0,4.471340233655899e-09,25.170866729253557,13.0,2.0,53.0,5.0,66.0,-0.0,
720575940646661252,central,ALPN,0.0,2.7169456476495023e-09,24.447047347817318,633.0,53.0,617.0,52.0,1250.0,-3.85,
720575940623264906,central,ALPN,0.0,0.0,23.561643915203504,376.0,15.0,357.0,12.0,733.0,-4.76,
720575940624673936,sensory,hygrosensory,0.0,3.3138646822678185e-07,24.66867206205047,87.0,8.0,154.0,16.0,241.0,-3.23,
720575940623068308,central,Kenyon_Cell,0.0,0.0,24.759511764294032,110.0,7.0,20.0,2.0,130.0,-2.88,
720575940625656980,central,unknown,5.694805317782718e-07,1.017109789016548e-06,21.815229723928677,494.0,31.0,404.0,19.0,898.0,-4.78,
720575940616121501,central,Kenyon_Cell,0.0,0.0,24.456680471960382,129.0,9.0,30.0,1.0,159.0,-3.49,
720575940613434530,central,Kenyon_Cell,0.0,0.0,24.574133142802747,100.0,7.0,29.0,2.0,129.0,-3.05,
720575940638731427,central,ALLN,0.0,1.86070095756484e-08,24.72815169203504,37.0,6.0,253.0,25.0,290.0,-3.38,
720575940621331621,central,Kenyon_Cell,0.0,0.0,24.613074407638557,123.0,7.0,28.0,1.0,151.0,-3.17,
720575940612549799,central,unknown,0.0,0.0,22.4989167237055,90.0,8.0,124.0,10.0,214.0,-5.67,
720575940636699822,central,unknown,0.0,0.0,23.80995538256547,305.0,23.0,27.0,4.0,332.0,-5.06,
720575940613303471,central,unknown,0.0,3.9703859647275494e-08,20.9989947414028,386.0,24.0,721.0,34.0,1107.0,-5.44,
720575940620250294,sensory,olfactory,0.0,0.0,25.095878598032684,22.0,3.0,85.0,10.0,107.0,-0.0,
720575940615859385,central,Kenyon_Cell,0.0,0.0,24.58807965945271,146.0,8.0,20.0,1.0,166.0,-3.37,
720575940614614203,central,Kenyon_Cell,0.0,0.0,24.05857037684188,48.0,3.0,24.0,2.0,72.0,-3.93,
720575940638469309,central,Kenyon_Cell,0.0,0.0,24.65100982297009,111.0,6.0,19.0,1.0,130.0,-2.94,
720575940634799295,central,Kenyon_Cell,0.0,0.0,24.79276670744076,100.0,6.0,18.0,1.0,118.0,-3.04,
720575940608978115,central,unknown,0.0,0.0,23.30894670407974,66.0,8.0,103.0,8.0,169.0,-5.14,
720575940625951946,central,unknown,0.0,0.0,22.2824879478919,148.0,16.0,31.0,2.0,179.0,-5.02,
720575940629621975,central,Kenyon_Cell,0.0,0.0,24.4499994682851,51.0,5.0,18.0,1.0,69.0,-3.26,
720575940621921501,sensory,olfactory,0.0,3.6676990465425205e-09,25.12269912967575,11.0,2.0,78.0,7.0,89.0,-0.0,
720575940615859423,central,LHLN,0.0,5.21356801775671e-08,24.50034819834344,363.0,32.0,168.0,19.0,531.0,-3.43,
720575940623592682,central,unknown,2.820915192297021e-06,1.7764841557245472e-08,24.473957672482857,398.0,29.0,984.0,74.0,1382.0,-3.42,
720575940630736123,central,unknown,1.7230097019617013e-05,3.8056000841188363e-07,24.47751703479817,2445.0,127.0,833.0,60.0,3278.0,-3.2,
720575940630080763,central,ALLN,0.0,1.8768588775184123e-09,24.601654574795106,36.0,5.0,239.0,20.0,275.0,-3.86,
720575940623396093,central,Kenyon_Cell,0.0,0.0,24.6731775005516,136.0,7.0,31.0,2.0,167.0,-3.01,
720575940628868352,sensory,olfactory,0.0,3.315800871991768e-09,25.124282763210395,11.0,2.0,62.0,7.0,73.0,-0.0,
720575940627000582,sensory,olfactory,0.0,5.186064740639818e-08,25.159165634694048,338.0,22.0,896.0,34.0,1234.0,-0.0,
720575940626738438,central,unknown,0.0,0.0,24.36876000272708,73.0,8.0,24.0,4.0,97.0,-3.6,
720575940614778124,sensory,olfactory,0.0,2.5990700219320183e-09,25.135433814664403,50.0,6.0,176.0,15.0,226.0,-0.0,
720575940621462797,central,Kenyon_Cell,0.0,0.0,24.39684616660072,41.0,3.0,23.0,1.0,64.0,-3.5,
720575940630539535,central,unknown,2.103104847590455e-05,8.821744993173898e-07,21.73307169286908,408.0,24.0,117.0,7.0,525.0,-5.8,
720575940627492117,central,Kenyon_Cell,0.0,0.0,24.490410242877577,129.0,8.0,27.0,2.0,156.0,-3.41,
720575940622609690,central,unknown,1.1919359967452201e-07,3.192293477342321e-08,23.941781481684163,670.0,36.0,751.0,62.0,1421.0,-4.55,
720575940617825563,sensory,olfactory,0.0,8.69313398381794e-09,25.1130504061303,100.0,11.0,122.0,9.0,222.0,-0.0,
720575940614548765,sensory,olfactory,0.0,0.0,25.115954025070216,52.0,5.0,204.0,13.0,256.0,-0.0,
720575940626640158,central,Kenyon_Cell,0.0,0.0,24.488723281075305,47.0,4.0,22.0,1.0,69.0,-3.53,
720575940630572319,central,unknown,0.0,0.0,23.34528804978026,261.0,15.0,70.0,11.0,331.0,-5.59,
720575940622052641,central,unknown,0.0,0.0,24.0493609253418,312.0,30.0,51.0,3.0,363.0,-4.66,
720575940613729576,central,Kenyon_Cell,0.0,0.0,24.7123604300233,55.0,3.0,21.0,1.0,76.0,-3.14,
720575940617989417,sensory,olfactory,0.0,0.0,25.129051185537428,31.0,4.0,204.0,11.0,235.0,-0.0,
720575940612910376,central,unknown,0.0,2.937954530741097e-09,22.892068589960832,225.0,15.0,344.0,25.0,569.0,-5.12,
720575940629589292,central,ALLN,0.0,0.0,23.830428364404572,299.0,23.0,226.0,11.0,525.0,-4.38,
720575940616056114,central,unknown,0.0,2.238627551818357e-07,24.22437549587556,705.0,60.0,346.0,24.0,1051.0,-4.01,
720575940613991731,central,unknown,0.0,1.0534764597194253e-07,21.998153576583967,180.0,15.0,94.0,9.0,274.0,-5.46,
720575940645186868,central,Kenyon_Cell,0.0,0.0,24.601584060782567,108.0,8.0,37.0,2.0,145.0,-3.07,
720575940615204146,central,unknown,0.0,0.0,22.41398112541242,38.0,4.0,88.0,6.0,126.0,-5.81,
720575940632735033,central,unknown,0.0,0.0,23.722381448378812,618.0,39.0,228.0,27.0,846.0,-4.87,
720575940631260476,central,unknown,0.0,0.0,24.437342594909776,178.0,18.0,10.0,1.0,188.0,-3.17,
720575940626279742,central,unknown,0.0,0.0,19.6933645314322,18.0,2.0,57.0,3.0,75.0,-4.98,
720575940609568068,central,unknown,0.0,0.0,24.4545268158702,164.0,22.0,19.0,3.0,183.0,-3.72,
720575940628311370,central,unknown,0.0,0.0,23.29122408127204,71.0,12.0,13.0,2.0,84.0,-4.31,
720575940638567758,central,Kenyon_Cell,0.0,0.0,24.766250870754774,106.0,7.0,27.0,2.0,133.0,-3.03,
720575940628573519,central,ALLN,2.3534114069069517e-05,3.1769759968494724e-05,24.60874870957493,1262.0,105.0,720.0,34.0,1982.0,-2.53,
720575940615892310,central,unknown,0.0,1.7521008662403532e-08,21.12644854240082,122.0,15.0,52.0,7.0,174.0,-5.23,
720575940631915863,central,LHLN,0.0,0.0,24.71040415471696,268.0,20.0,366.0,35.0,634.0,-3.02,
720575940620283227,central,Kenyon_Cell,0.0,0.0,24.62080375715499,83.0,8.0,16.0,1.0,99.0,-3.09,
720575940634373471,central,unknown,0.0,1.920995485241197e-09,20.612655495939386,133.0,8.0,145.0,13.0,278.0,-6.16,
720575940633259360,sensory,olfactory,0.0,1.1662119367025295e-09,25.089780295184745,44.0,6.0,134.0,9.0,178.0,-0.0,
720575940622118241,central,unknown,0.0,0.0,23.60103812812453,109.0,9.0,91.0,12.0,200.0,-4.96,
720575940636470629,central,unknown,0.0,0.0,23.777653481039994,398.0,25.0,727.0,34.0,1125.0,-4.83,
720575940636306789,central,Kenyon_Cell,0.0,3.3363851861252485e-10,24.276783078346664,87.0,5.0,38.0,3.0,125.0,-3.92,
720575940638764403,central,unknown,3.310933324292278e-07,4.578815102030694e-09,22.03051548902457,604.0,24.0,794.0,44.0,1398.0,-5.8,
720575940637126007,descending,unknown,1.5998429822980286e-05,1.2447244352216585e-06,21.45469895489217,684.0,20.0,268.0,12.0,952.0,-5.34,
720575940635749751,central,unknown,0.0,1.4006977585505515e-10,20.05518784539326,131.0,7.0,59.0,4.0,190.0,-5.93,
720575940628901246,central,Kenyon_Cell,0.0,0.0,24.396951999117768,90.0,7.0,21.0,1.0,111.0,-3.54,
720575940628082053,visual_centrifugal,unknown,0.0,0.0,18.944594709642672,92.0,9.0,11.0,1.0,103.0,-5.81,
720575940620381575,central,unknown,0.0,8.188311362995316e-09,21.34616391252878,144.0,12.0,41.0,3.0,185.0,-5.68,
720575940623003016,central,Kenyon_Cell,0.0,0.0,24.70719881435995,79.0,5.0,22.0,1.0,101.0,-3.03,
720575940636110222,central,ALLN,0.0,0.0,24.26293802458206,9.0,1.0,49.0,8.0,58.0,-3.83,
720575940637683086,central,unknown,0.0,0.0,23.287819183846,62.0,8.0,64.0,5.0,126.0,-5.47,
720575940624739728,sensory,olfactory,0.0,6.670772910012686e-10,25.13160234144453,136.0,8.0,305.0,20.0,441.0,-0.0,
720575940616908177,central,ALLN,0.0,3.354508361375915e-07,24.63889078662503,2776.0,120.0,2867.0,133.0,5643.0,-4.2,
720575940613860754,sensory,olfactory,0.0,0.0,24.999182823952093,9.0,1.0,57.0,3.0,66.0,-0.0,
720575940625493400,central,ALPN,5.376955718650659e-06,2.0910660859911923e-06,24.80010957798484,782.0,70.0,1129.0,94.0,1911.0,-1.4,
720575940635094426,sensory,olfactory,0.0,0.0,25.129540004114613,51.0,6.0,101.0,7.0,152.0,-0.0,
720575940653542817,sensory,olfactory,0.0,0.0,25.09127479465584,19.0,3.0,101.0,9.0,120.0,-0.0,
720575940613762466,central,ALPN,0.0,0.0,23.991526038371347,66.0,10.0,221.0,21.0,287.0,-4.37,
720575940637846947,central,ALLN,0.0,3.390499073625021e-09,24.727191720354465,16.0,3.0,51.0,6.0,67.0,-3.2,
720575940621659563,sensory,thermosensory,0.0,7.517876406724381e-07,24.08507572442885,368.0,15.0,686.0,24.0,1054.0,-4.04,
720575940635159982,sensory,olfactory,0.0,0.0,25.10202637932905,36.0,5.0,227.0,16.0,263.0,-0.0,
720575940620840368,central,ALPN,0.0,1.426889643301272e-08,24.82241438884334,102.0,9.0,249.0,20.0,351.0,-3.01,
720575940607208882,central,LHLN,0.0,0.0,24.615998598578937,107.0,9.0,86.0,8.0,193.0,-3.36,
720575940620217782,sensory,olfactory,0.0,0.0,25.109905194666307,44.0,4.0,181.0,12.0,225.0,-0.0,
720575940621987255,central,Kenyon_Cell,0.0,0.0,24.645576566820168,88.0,6.0,19.0,1.0,107.0,-3.1,
720575940617366969,central,Kenyon_Cell,0.0,0.0,24.587980711486427,104.0,8.0,27.0,1.0,131.0,-3.26,
720575940625952186,central,unknown,0.0,3.341746731379416e-08,22.185662563416177,389.0,29.0,341.0,23.0,730.0,-5.92,
720575940638993853,central,Kenyon_Cell,0.0,0.0,24.12450958757039,79.0,5.0,21.0,1.0,100.0,-4.33,
720575940639878589,central,ALLN,0.0,6.645353039556465e-10,24.15853615190259,541.0,43.0,349.0,19.0,890.0,-4.29,
720575940619759041,central,unknown,0.0,0.0,22.955452004331192,94.0,12.0,101.0,5.0,195.0,-4.64,
720575940629097922,central,ALPN,9.919556239579664e-06,7.87998468470939e-06,24.57825390903581,387.0,44.0,1475.0,109.0,1862.0,-2.09,
720575940609240515,central,unknown,0.0,3.6390816729068558e-09,23.49529501281217,418.0,28.0,95.0,10.0,513.0,-4.7,
720575940623199684,central,unknown,0.0,0.0,23.429368964032545,219.0,17.0,102.0,11.0,321.0,-4.21,
720575940642106824,central,Kenyon_Cell,0.0,0.0,24.62515064576618,107.0,6.0,25.0,2.0,132.0,-3.1,
720575940643941832,central,unknown,0.0,4.75784159026038e-09,22.68129006628815,451.0,38.0,1209.0,34.0,1660.0,-5.13,
720575940632014284,sensory,olfactory,0.0,9.268888629387129e-08,25.136643658071463,156.0,11.0,415.0,25.0,571.0,-0.0,
720575940624084429,central,ALLN,0.0,1.7710020873124085e-07,24.530950082768875,274.0,10.0,672.0,26.0,946.0,-2.92,
720575940610059726,sensory,olfactory,0.0,3.9132837542633306e-09,25.142981576306035,85.0,7.0,104.0,9.0,189.0,-0.0,
720575940630932943,central,LHLN,0.0,8.122380597983332e-08,24.60142533798547,265.0,21.0,191.0,18.0,456.0,-3.48,
720575940640697808,central,ALPN,1.225045329988143e-05,6.452800839254681e-06,24.82140889240561,746.0,55.0,1360.0,105.0,2106.0,-1.45,
720575940612713937,central,unknown,0.0,0.0,24.640735451055765,38.0,5.0,17.0,3.0,55.0,-3.49,
720575940640566736,central,Kenyon_Cell,0.0,0.0,24.670819012936583,72.0,7.0,15.0,1.0,87.0,-3.01,
720575940633587148,central,unknown,0.0,0.0,24.56869531883755,127.0,13.0,75.0,7.0,202.0,-3.34,
720575940617334228,central,Kenyon_Cell,0.0,0.0,24.46942532331948,147.0,7.0,31.0,1.0,178.0,-3.13,
720575940611403226,central,unknown,0.0,9.834585505713159e-10,23.81248701435468,446.0,27.0,758.0,42.0,1204.0,-4.74,
720575940622675421,descending,unknown,0.0,8.553346825981476e-07,23.44188981387274,120.0,16.0,109.0,10.0,229.0,-4.44,
720575940637355497,sensory,olfactory,0.0,0.0,24.0,0.0,0.0,55.0,5.0,55.0,-0.0,
720575940623265258,sensory,olfactory,0.0,2.601765859559865e-09,25.094375337318773,125.0,13.0,219.0,17.0,344.0,-0.0,
720575940621725168,central,unknown,0.0,0.0,24.52267094277453,38.0,2.0,12.0,2.0,50.0,-3.84,
720575940631719417,central,unknown,0.0,0.0,22.73586586471956,342.0,25.0,253.0,17.0,595.0,-5.84,
720575940626378242,central,ALLN,8.078677311273158e-07,3.32332075312118e-06,24.57992316696433,2441.0,101.0,931.0,57.0,3372.0,-3.54,
720575940628147718,central,Kenyon_Cell,0.0,0.0,24.74034162013144,147.0,6.0,14.0,1.0,161.0,-3.0,
720575940608192009,central,unknown,0.0,0.0,22.3825719106453,47.0,6.0,5.0,1.0,52.0,-4.89,
720575940626607626,sensory,olfactory,0.0,3.5428766628922914e-10,25.120459641744848,42.0,5.0,83.0,8.0,125.0,-0.0,
720575940607667723,central,unknown,0.0,0.0,20.604839636288165,450.0,26.0,1127.0,36.0,1577.0,-5.91,
720575940626705937,central,unknown,0.0,3.1532698326593123e-10,22.145584674838982,82.0,6.0,112.0,5.0,194.0,-6.28,
720575940627197459,central,LHLN,0.0,3.9430649712602965e-10,24.620043226231484,606.0,44.0,273.0,27.0,879.0,-3.39,
720575940622773784,central,Kenyon_Cell,0.0,0.0,24.62036921342256,85.0,6.0,18.0,1.0,103.0,-3.16,
720575940621692440,central,Kenyon_Cell,0.0,0.0,24.05516153450934,59.0,5.0,53.0,3.0,112.0,-4.38,
720575940619071005,central,ALPN,5.672290971177531e-05,5.397340301648907e-06,24.82147430780886,5897.0,190.0,7730.0,322.0,13627.0,-2.05,
720575940625853989,central,Kenyon_Cell,0.0,0.0,24.679180376107407,126.0,8.0,24.0,1.0,150.0,-2.75,
720575940622675494,central,ALPN,0.0,0.0,24.77656967845334,107.0,7.0,277.0,31.0,384.0,-3.12,
720575940629917228,central,Kenyon_Cell,0.0,0.0,24.36619227778539,116.0,8.0,21.0,2.0,137.0,-3.13,
720575940629294636,central,Kenyon_Cell,0.0,0.0,24.672793629045117,110.0,7.0,20.0,1.0,130.0,-3.02,
720575940631260716,central,unknown,0.0,0.0,22.52406709024325,857.0,59.0,15.0,3.0,872.0,-5.35,
720575940632014383,central,unknown,0.0,7.422448814153448e-09,24.63400837250827,149.0,20.0,22.0,4.0,171.0,-3.29,
720575940615237170,central,Kenyon_Cell,0.0,0.0,24.77762224555283,91.0,6.0,26.0,2.0,117.0,-3.01,
720575940617498166,sensory,olfactory,0.0,0.0,25.118557370430445,9.0,1.0,50.0,8.0,59.0,-0.0,
720575940627295802,central,Kenyon_Cell,0.0,0.0,23.95571920778025,30.0,2.0,33.0,2.0,63.0,-3.97,
720575940616482363,sensory,olfactory,0.0,1.2392549220655478e-09,25.11775233931037,64.0,9.0,182.0,11.0,246.0,-0.0,
720575940625329726,central,Kenyon_Cell,0.0,0.0,24.64779007337429,158.0,7.0,22.0,1.0,180.0,-3.11,
720575940638633535,central,ALPN,3.089762978229554e-05,3.870594121140212e-06,24.849578606432612,2554.0,127.0,3607.0,205.0,6161.0,-1.93,
720575940618022469,central,unknown,0.0,1.4221641715655218e-08,24.513595648483587,245.0,21.0,106.0,13.0,351.0,-3.24,
720575940627787343,sensory,olfactory,0.0,0.0,24.0,0.0,0.0,105.0,8.0,105.0,-0.0,
720575940632407635,central,Kenyon_Cell,0.0,0.0,24.639538097878592,139.0,8.0,24.0,1.0,163.0,-3.23,
720575940617629270,central,ALLN,0.0,3.151675905484989e-07,24.569763156870707,435.0,34.0,1019.0,41.0,1454.0,-3.65,
720575940626411097,sensory,olfactory,0.0,0.0,25.10276993610156,7.0,1.0,29.0,4.0,36.0,-0.0,
720575940627656281,central,unknown,0.0,1.0975851166967075e-09,24.534936397072272,205.0,26.0,50.0,4.0,255.0,-3.19,
720575940625133145,central,unknown,0.0,0.0,21.808497126339088,175.0,11.0,407.0,15.0,582.0,-6.0,
720575940632964704,central,Kenyon_Cell,0.0,0.0,24.746537818766868,114.0,6.0,21.0,1.0,135.0,-3.16,
720575940628246121,sensory,olfactory,0.0,0.0,25.13247498494504,17.0,3.0,78.0,8.0,95.0,-0.0,
720575940614155882,sensory,olfactory,0.0,3.178607288594528e-06,25.1484047306773,40.0,6.0,180.0,12.0,220.0,-0.0,
720575940635291247,central,Kenyon_Cell,0.0,0.0,24.744017334347863,85.0,6.0,38.0,3.0,123.0,-3.07,
720575940611370610,central,Kenyon_Cell,0.0,0.0,24.741360619570088,96.0,8.0,24.0,1.0,120.0,-3.01,
720575940634537591,central,unknown,0.0,4.1703033371994596e-08,24.65721652728489,402.0,16.0,280.0,21.0,682.0,-3.74,
720575940610584184,central,unknown,9.005738642074996e-07,1.3691151117451068e-07,19.67143464187258,1161.0,61.0,1097.0,55.0,2258.0,-5.9,
720575940638535296,central,Kenyon_Cell,0.0,0.0,24.684621069299794,99.0,7.0,15.0,1.0,114.0,-3.04,
720575940606357122,sensory,olfactory,0.0,0.0,25.2017800353906,22.0,3.0,87.0,5.0,109.0,-0.0,
720575940626312835,central,unknown,0.0,3.993594581703042e-07,24.25421678518981,857.0,41.0,218.0,22.0,1075.0,-3.92,
720575940607012482,central,LHLN,0.0,2.5514505212334665e-10,24.664571839123397,85.0,10.0,73.0,9.0,158.0,-3.51,
720575940636241550,central,ALLN,5.2445183856789685e-06,4.52097903677215e-07,24.650139038749916,2330.0,91.0,764.0,50.0,3094.0,-3.41,
720575940624641680,sensory,olfactory,0.0,0.0,25.113511383205694,26.0,3.0,102.0,8.0,128.0,-0.0,
720575940635651735,central,Kenyon_Cell,0.0,0.0,24.68828370397844,96.0,6.0,18.0,1.0,114.0,-3.01,
720575940617825949,central,unknown,0.0,0.0,23.133389272306943,242.0,25.0,96.0,6.0,338.0,-5.81,
720575940617334430,central,Kenyon_Cell,0.0,0.0,24.6934545055472,129.0,6.0,28.0,1.0,157.0,-3.25,
720575940631752356,central,ALPN,0.0,0.0,24.690612499633108,107.0,11.0,90.0,9.0,197.0,-3.53,
720575940613271219,central,ALPN,2.913621325377205e-07,7.585654943623289e-07,24.83203706938656,719.0,24.0,905.0,58.0,1624.0,-2.72,
720575940621332150,central,LHLN,0.0,1.8205540996362835e-09,24.67377943573892,480.0,28.0,129.0,18.0,609.0,-3.21,
720575940625657530,sensory,olfactory,0.0,9.249234931394519e-08,25.115547136048853,54.0,5.0,359.0,19.0,413.0,-0.0,
720575940623986364,central,ALPN,0.0,4.404552817110097e-07,21.816560125529445,9.0,1.0,153.0,18.0,162.0,-3.83,
720575940632571583,central,ALPN,0.0,3.374705251873561e-07,24.74734801438404,136.0,17.0,379.0,29.0,515.0,-2.43,
720575940633554636,central,unknown,2.503065593164962e-06,4.77196368031015e-07,22.448245758963328,266.0,13.0,886.0,21.0,1152.0,-4.52,
720575940623298253,sensory,olfactory,0.0,0.0,24.0,0.0,0.0,13.0,2.0,13.0,-0.0,
720575940611469006,central,unknown,0.0,2.0884759290687767e-09,24.577736164450062,230.0,21.0,59.0,10.0,289.0,-3.26,
720575940630933199,central,LHLN,0.0,3.1696522687041167e-10,24.687096336520675,365.0,30.0,179.0,19.0,544.0,-3.15,
720575940622642893,central,unknown,0.0,1.8338773313628448e-08,24.265595153921502,147.0,14.0,16.0,2.0,163.0,-3.83,
720575940610682578,sensory,olfactory,0.0,0.0,25.118557370430445,7.0,1.0,74.0,4.0,81.0,-0.0,
720575940632637139,sensory,olfactory,0.0,1.2311850553355875e-09,25.106975880482075,70.0,7.0,150.0,10.0,220.0,-0.0,
720575940617498324,central,unknown,0.0,5.113541224479444e-10,24.35725713978965,142.0,12.0,66.0,6.0,208.0,-3.56,
720575940629229271,central,unknown,6.356991982641173e-07,5.350164039114008e-07,23.47940422952393,229.0,12.0,134.0,13.0,363.0,-4.78,
720575940617137881,central,Kenyon_Cell,0.0,0.0,24.50260433830756,106.0,6.0,17.0,2.0,123.0,-3.24,
720575940641386203,central,unknown,0.0,0.0,21.81806941960859,216.0,21.0,1174.0,72.0,1390.0,-4.99,
720575940615302879,sensory,olfactory,0.0,5.393770322918987e-11,25.1326884566973,66.0,8.0,196.0,9.0,262.0,-0.0,
720575940633128673,central,unknown,0.0,9.058855678923307e-10,24.35332159715923,122.0,12.0,130.0,15.0,252.0,-3.67,
720575940627951336,central,unknown,0.0,0.0,24.32465688599268,49.0,6.0,113.0,9.0,162.0,-3.34,
720575940638666473,central,unknown,0.0,8.493360330558013e-10,23.135934164589926,112.0,8.0,57.0,9.0,169.0,-4.3,
720575940612058861,central,unknown,0.0,3.5506593709965006e-10,22.780198750952508,196.0,10.0,59.0,4.0,255.0,-4.95,
720575940621037296,central,unknown,0.0,6.334811428740895e-10,23.94998063061745,250.0,26.0,49.0,6.0,299.0,-4.74,
720575940641779445,sensory,olfactory,0.0,0.0,24.0,0.0,0.0,13.0,2.0,13.0,-0.0,
720575940640894709,central,unknown,0.0,5.988459570517336e-08,24.32434049569003,481.0,47.0,88.0,9.0,569.0,-3.71,
720575940640468725,central,Kenyon_Cell,0.0,0.0,24.562871603226004,74.0,6.0,47.0,1.0,121.0,-3.49,
720575940628934403,central,unknown,0.0,8.799165611101219e-09,24.14910775733868,133.0,16.0,41.0,7.0,174.0,-4.0,
720575940643417879,central,Kenyon_Cell,0.0,0.0,24.52351698144194,143.0,7.0,17.0,1.0,160.0,-3.61,
720575940645089059,central,Kenyon_Cell,0.0,0.0,24.745080302790868,131.0,7.0,30.0,1.0,161.0,-2.94,
720575940644597540,central,unknown,0.0,2.1734324723062564e-08,24.682568034752457,185.0,22.0,17.0,3.0,202.0,-2.95,
720575940623986469,central,Kenyon_Cell,0.0,3.7906276011976156e-10,24.0715407275111,37.0,4.0,32.0,2.0,69.0,-3.7,
720575940629884715,central,unknown,0.0,5.430242277194795e-09,24.38936441515133,151.0,19.0,121.0,16.0,272.0,-3.58,
720575940628868907,central,unknown,0.0,0.0,24.30769511330645,264.0,19.0,79.0,7.0,343.0,-4.34,
720575940629327660,central,unknown,0.0,1.0330589864362367e-09,23.87310063086124,80.0,12.0,71.0,7.0,151.0,-3.91,
720575940615073587,central,ALLN,0.0,2.04470781257374e-06,24.84267813643194,468.0,50.0,1547.0,95.0,2015.0,-1.6,
720575940647907124,central,unknown,0.0,1.3421671043565534e-08,23.993675043879414,1422.0,99.0,588.0,54.0,2010.0,-4.26,
720575940630146871,central,unknown,1.2978858631225727e-05,1.820911449681355e-08,21.770340635288587,1565.0,56.0,1066.0,30.0,2631.0,-5.71,
720575940626607930,central,unknown,0.0,1.8488000055544e-07,24.125177712971496,82.0,9.0,20.0,3.0,102.0,-3.83,
720575940637323071,central,unknown,9.27061330801838e-08,3.887814438713102e-07,21.07619055020713,284.0,14.0,77.0,4.0,361.0,-5.61,
720575940620775233,central,Kenyon_Cell,0.0,6.101922776410777e-10,24.30195081405396,53.0,3.0,42.0,2.0,95.0,-4.52,
720575940621102913,central,unknown,0.0,0.0,23.619840226012307,94.0,13.0,54.0,4.0,148.0,-4.12,
720575940627132232,central,ALLN,0.0,6.59479902442327e-08,24.35058740873961,126.0,14.0,210.0,21.0,336.0,-3.93,
720575940624609101,central,Kenyon_Cell,0.0,0.0,24.640542452705603,128.0,9.0,20.0,1.0,148.0,-3.13,
720575940628868943,central,Kenyon_Cell,0.0,0.0,24.593728038111752,49.0,4.0,12.0,1.0,61.0,-3.28,
720575940636077919,central,unknown,0.0,0.0,23.52396583533333,66.0,8.0,261.0,15.0,327.0,-4.27,
720575940614647658,sensory,olfactory,0.0,0.0,24.0,0.0,0.0,112.0,12.0,112.0,-0.0,
720575940645941102,sensory,olfactory,0.0,0.0,24.0,0.0,0.0,80.0,9.0,80.0,-0.0,
720575940645023598,central,unknown,0.0,2.4787367147119646e-09,24.309541478971926,306.0,26.0,59.0,8.0,365.0,-4.3,
720575940629524342,sensory,olfactory,0.0,6.074324948291191e-10,25.09560194776945,10.0,2.0,103.0,12.0,113.0,-0.0,
720575940647088004,sensory,olfactory,0.0,3.960260609980422e-09,25.12702918396831,101.0,11.0,153.0,8.0,254.0,-0.0,
720575940627066757,central,ALLN,3.8406826561790427e-07,1.3502580567248144e-07,25.048635164890168,953.0,49.0,1145.0,26.0,2098.0,-1.37,
720575940623331210,central,Kenyon_Cell,0.0,3.7906276011976156e-10,23.913437855408212,55.0,3.0,65.0,5.0,120.0,-4.5,
720575940632080268,central,unknown,0.0,0.0,23.948146662232595,292.0,22.0,13.0,2.0,305.0,-4.96,
720575940616417169,sensory,olfactory,0.0,0.0,24.0,0.0,0.0,102.0,5.0,102.0,-0.0,
720575940629163931,central,unknown,0.0,6.028215343810919e-07,24.542158053376323,844.0,53.0,159.0,15.0,1003.0,-3.21,
720575940614483879,central,unknown,0.0,4.4872699416627365e-09,23.585053190001187,1197.0,64.0,262.0,17.0,1459.0,-4.63,
720575940604456876,central,unknown,0.0,1.448162760676467e-07,22.19169208841406,210.0,11.0,15.0,2.0,225.0,-4.67,
720575940605702065,central,unknown,0.0,0.0,24.58094034105108,150.0,17.0,79.0,11.0,229.0,-3.31,
720575940623953845,central,unknown,0.0,1.5947943164233023e-09,24.414294026497625,528.0,44.0,55.0,7.0,583.0,-3.65,
720575940623462328,central,Kenyon_Cell,0.0,0.0,24.57470442127656,51.0,4.0,30.0,1.0,81.0,-3.21,
720575940615794619,sensory,olfactory,0.0,0.0,25.135333078095357,5.0,1.0,38.0,3.0,43.0,-0.0,
720575940633915327,sensory,olfactory,0.0,4.923984365839157e-08,25.098482216823417,61.0,8.0,200.0,15.0,261.0,-0.0,
720575940620349376,central,Kenyon_Cell,0.0,0.0,24.72295244792487,138.0,7.0,34.0,2.0,172.0,-2.87,
720575940643516360,central,Kenyon_Cell,0.0,0.0,24.536561867251905,59.0,6.0,22.0,1.0,81.0,-3.44,
720575940623986634,central,unknown,0.0,6.542762814820859e-09,20.68300389836991,126.0,9.0,63.0,6.0,189.0,-6.11,
720575940608978901,central,unknown,0.0,0.0,24.251806356743,48.0,5.0,48.0,4.0,96.0,-3.75,
720575940618252249,central,unknown,0.0,7.187347685105154e-08,24.051345564763864,863.0,56.0,129.0,11.0,992.0,-4.74,
720575940621529053,sensory,olfactory,0.0,0.0,24.0,0.0,0.0,38.0,6.0,38.0,-0.0,
720575940637618142,descending,unknown,0.0,1.0030889898197635e-06,20.20467993591318,133.0,10.0,85.0,4.0,218.0,-4.99,
720575940632342497,central,Kenyon_Cell,0.0,0.0,24.05547665503451,37.0,3.0,57.0,3.0,94.0,-4.43,
720575940639191017,central,unknown,0.0,1.772021861274033e-07,24.006055754339567,1299.0,60.0,437.0,31.0,1736.0,-4.42,
720575940612321266,central,LHLN,0.0,8.358112018131895e-08,24.700328481461185,752.0,58.0,157.0,16.0,909.0,-3.09,
720575940611698674,central,unknown,0.0,3.231715586134373e-07,22.642672045512345,226.0,20.0,116.0,13.0,342.0,-4.65,
720575940620840948,central,unknown,1.059498663773529e-07,2.262836711975364e-06,21.1390820673072,260.0,27.0,1698.0,54.0,1958.0,-5.03,
720575940652101622,sensory,olfactory,0.0,0.0,25.07663234785113,10.0,2.0,65.0,3.0,75.0,-0.0,
720575940628443127,central,unknown,0.0,0.0,20.71850963411489,73.0,6.0,63.0,7.0,136.0,-5.28,
720575940634570744,sensory,olfactory,0.0,0.0,24.0,0.0,0.0,74.0,8.0,74.0,-0.0,
720575940613337086,sensory,olfactory,0.0,2.613048613785647e-10,25.13532259927335,21.0,3.0,112.0,11.0,133.0,-0.0,
720575940623036415,central,Kenyon_Cell,0.0,0.0,24.360452587337065,37.0,2.0,34.0,2.0,71.0,-3.76,
720575940626509830,central,Kenyon_Cell,0.0,0.0,24.694431285301796,87.0,5.0,21.0,1.0,108.0,-3.13,
720575940608716809,descending,unknown,4.383675721362976e-06,8.971966715966925e-07,21.048151076616627,241.0,9.0,405.0,26.0,646.0,-4.95,
720575940626083850,central,unknown,0.0,0.0,23.291284563557845,140.0,12.0,44.0,7.0,184.0,-4.92,
720575940627197971,central,unknown,0.0,1.805375885204983e-08,23.47254149616408,957.0,53.0,537.0,27.0,1494.0,-5.09,
720575940625002526,central,Kenyon_Cell,0.0,1.56918517053289e-09,24.358355779341867,41.0,3.0,51.0,4.0,92.0,-3.6,
720575940603899936,central,unknown,0.0,0.0,21.42776767530389,78.0,3.0,53.0,6.0,131.0,-4.73,
720575940642926628,central,Kenyon_Cell,0.0,0.0,24.66688069135952,73.0,6.0,15.0,1.0,88.0,-2.98,
720575940613795880,central,unknown,0.0,0.0,22.77767521438568,378.0,28.0,90.0,8.0,468.0,-5.47,
720575940611960872,central,Kenyon_Cell,0.0,1.966408583593634e-09,24.284977734697662,53.0,3.0,40.0,3.0,93.0,-4.08,
720575940623233065,central,unknown,7.946239978301468e-08,4.0306267277451445e-07,24.066456553598197,143.0,16.0,127.0,14.0,270.0,-3.75,
720575940629557292,sensory,olfactory,0.0,2.613048613785647e-10,25.12222699167696,59.0,5.0,137.0,6.0,196.0,-0.0,
720575940625625136,central,Kenyon_Cell,0.0,0.0,24.05153128589774,38.0,3.0,27.0,2.0,65.0,-4.26,
720575940638666805,sensory,olfactory,0.0,0.0,25.10799639553064,41.0,5.0,150.0,8.0,191.0,-0.0,
720575940617433142,sensory,olfactory,0.0,1.5340228560941157e-08,25.164108252481217,370.0,26.0,878.0,30.0,1248.0,-0.0,
720575940630147127,central,unknown,0.0,1.5766349163296562e-10,24.007410237761395,164.0,18.0,107.0,11.0,271.0,-4.31,
720575940629688375,central,unknown,0.0,1.4905068877855868e-07,22.581995103789502,159.0,11.0,124.0,13.0,283.0,-5.26,
720575940631490616,central,unknown,0.0,0.0,24.353862465911885,194.0,16.0,22.0,2.0,216.0,-4.23,
720575940625821758,sensory,olfactory,0.0,3.6544318327804798e-09,25.126630121804894,106.0,10.0,174.0,11.0,280.0,-0.0,
720575940624773182,central,Kenyon_Cell,0.0,0.0,24.67022972601633,123.0,7.0,33.0,2.0,156.0,-3.24,
720575940631588931,central,unknown,0.0,3.993387665461499e-10,24.02604695516869,291.0,25.0,158.0,14.0,449.0,-4.45,
720575940637913158,central,Kenyon_Cell,0.0,1.1303674668392064e-08,24.3994264798779,65.0,6.0,58.0,5.0,123.0,-3.97,
720575940625657928,sensory,hygrosensory,0.0,0.0,24.55831381965671,151.0,13.0,138.0,11.0,289.0,-3.55,
720575940629917771,central,unknown,0.0,8.827841075026053e-10,24.54951933134627,130.0,11.0,108.0,7.0,238.0,-3.14,
720575940637683790,central,Kenyon_Cell,0.0,0.0,24.598903491642112,100.0,6.0,30.0,2.0,130.0,-3.15,
720575940637618254,central,Kenyon_Cell,0.0,0.0,24.319012876529044,50.0,3.0,26.0,2.0,76.0,-4.27,
720575940632342611,central,unknown,0.0,1.0380727935859097e-07,23.76069823846162,295.0,25.0,39.0,5.0,334.0,-4.24,
720575940630704211,central,ALLN,0.0,0.0,23.320265902240703,177.0,14.0,235.0,18.0,412.0,-4.19,
720575940616220765,sensory,olfactory,0.0,0.0,24.0,0.0,0.0,84.0,11.0,84.0,-0.0,
720575940620644446,sensory,hygrosensory,0.0,0.0,24.509487774247027,196.0,15.0,195.0,16.0,391.0,-3.64,
720575940621332574,central,Kenyon_Cell,0.0,0.0,24.5129401269659,95.0,5.0,28.0,2.0,123.0,-3.21,
720575940634538080,sensory,olfactory,0.0,0.0,25.18971876743752,5.0,1.0,42.0,6.0,47.0,-0.0,
720575940610846818,central,Kenyon_Cell,0.0,0.0,24.754625453762365,127.0,8.0,12.0,1.0,139.0,-2.88,
720575940636504165,central,unknown,0.0,0.0,24.62048617734304,28.0,3.0,7.0,1.0,35.0,-3.08,
720575940615696490,sensory,olfactory,0.0,2.8429643817172434e-09,25.153896085461497,311.0,19.0,545.0,23.0,856.0,-0.0,
720575940613664874,sensory,olfactory,0.0,2.104875732894804e-09,25.162068055540374,364.0,23.0,862.0,33.0,1226.0,-0.0,
720575940634865771,central,unknown,0.0,5.992654238861403e-08,24.719838468616985,112.0,13.0,100.0,11.0,212.0,-2.82,
720575940620382317,central,Kenyon_Cell,0.0,0.0,24.17571618818698,43.0,4.0,38.0,2.0,81.0,-4.19,
720575940635717743,central,Kenyon_Cell,0.0,0.0,24.06145104533889,35.0,4.0,45.0,5.0,80.0,-4.22,
720575940629098618,sensory,olfactory,0.0,7.822778750486473e-09,25.1468428035065,73.0,9.0,104.0,9.0,177.0,-0.0,
720575940622413948,central,unknown,0.0,8.97395555710675e-07,21.67831841254854,197.0,15.0,320.0,19.0,517.0,-5.4,
720575940629000318,sensory,olfactory,0.0,1.0613454574326635e-07,25.10785814798788,31.0,5.0,130.0,8.0,161.0,-0.0,
720575940647153796,central,Kenyon_Cell,0.0,0.0,24.00009203052645,38.0,3.0,24.0,2.0,62.0,-4.47,
720575940626247823,central,ALPN,3.2447146578064323e-06,6.468085044686755e-06,24.617504303716466,622.0,69.0,851.0,60.0,1473.0,-1.61,
720575940614549650,central,Kenyon_Cell,0.0,0.0,24.26362595821928,59.0,4.0,24.0,1.0,83.0,-3.88,
720575940623331475,central,Kenyon_Cell,0.0,0.0,24.689244062468223,154.0,7.0,23.0,1.0,177.0,-3.1,
720575940622839956,central,Kenyon_Cell,0.0,0.0,24.5401681515732,91.0,6.0,15.0,1.0,106.0,-3.32,
720575940610977941,central,unknown,0.0,0.0,24.0407403840576,42.0,7.0,79.0,6.0,121.0,-3.42,
720575940638077091,central,unknown,0.0,2.107092234452532e-08,23.293169891485324,161.0,18.0,89.0,11.0,250.0,-4.97,
720575940631687332,central,Kenyon_Cell,0.0,0.0,24.656628534271444,112.0,8.0,27.0,2.0,139.0,-2.99,
720575940612747434,sensory,olfactory,0.0,0.0,24.0,0.0,0.0,5.0,1.0,5.0,-0.0,
720575940634013869,sensory,olfactory,0.0,2.359642082646519e-08,25.136462779923765,125.0,9.0,489.0,26.0,614.0,-0.0,
720575940612714671,central,Kenyon_Cell,0.0,0.0,24.68776536867034,98.0,6.0,21.0,1.0,119.0,-3.39,
720575940605604030,central,unknown,0.0,6.593795863553641e-10,22.33475849679164,669.0,59.0,315.0,14.0,984.0,-5.68,
720575940620382400,central,unknown,0.0,2.166543943489988e-09,24.117934832300687,251.0,22.0,133.0,8.0,384.0,-4.06,
720575940619169985,sensory,olfactory,0.0,8.444108297298294e-10,25.080267213443012,113.0,12.0,182.0,14.0,295.0,-0.0,
720575940639158480,central,Kenyon_Cell,0.0,6.937193631850485e-10,24.488329313309684,53.0,4.0,65.0,6.0,118.0,-3.37,
720575940609929426,sensory,olfactory,0.0,0.0,25.131619020592293,31.0,4.0,73.0,8.0,104.0,-0.0,
720575940607471829,central,unknown,0.0,0.0,23.60762372882782,63.0,9.0,22.0,2.0,85.0,-4.97,
720575940623233238,central,unknown,0.0,2.999807105311263e-09,20.011321866829675,134.0,12.0,800.0,32.0,934.0,-6.34,
720575940616646873,central,Kenyon_Cell,0.0,0.0,24.428337181510518,100.0,7.0,25.0,1.0,125.0,-3.53,
720575940615303391,central,ALLN,0.0,2.0182438761030658e-07,24.59287959820938,509.0,54.0,1110.0,93.0,1619.0,-3.54,
720575940633293025,descending,unknown,0.0,7.545367220653483e-07,20.316068937239777,330.0,20.0,50.0,6.0,380.0,-5.52,
720575940612714723,central,ALPN,4.52803241430212e-05,3.821254251541285e-05,24.55841576049873,1136.0,84.0,2058.0,126.0,3194.0,-2.71,
720575940611502309,central,unknown,0.0,4.6469239639189857e-10,23.65847951211551,228.0,20.0,492.0,30.0,720.0,-4.87,
720575940617400550,central,LHLN,0.0,3.9768980552700854e-08,24.78170877186912,357.0,23.0,258.0,26.0,615.0,-2.96,
720575940621398254,central,ALLN,3.448668150582837e-05,5.788680927225063e-06,24.616387946054655,4996.0,225.0,4687.0,228.0,9683.0,-3.08,
720575940620611822,central,Kenyon_Cell,0.0,0.0,24.66677003594529,91.0,5.0,19.0,1.0,110.0,-3.27,
720575940621201647,central,unknown,0.0,7.532016511205284e-08,21.54178435488588,138.0,13.0,480.0,15.0,618.0,-5.68,
720575940620480751,central,unknown,0.0,0.0,21.53488958931765,122.0,11.0,67.0,6.0,189.0,-6.31,
720575940629164283,central,Kenyon_Cell,0.0,0.0,24.40255456439128,42.0,3.0,28.0,2.0,70.0,-3.51,
720575940628934915,central,unknown,0.0,0.0,23.256920812823328,73.0,8.0,149.0,11.0,222.0,-4.56,
720575940627230986,central,Kenyon_Cell,0.0,2.0475437088197182e-09,24.103717693454573,46.0,3.0,50.0,4.0,96.0,-3.88,
720575940644237591,sensory,olfactory,0.0,5.393770322918987e-11,25.12389971245802,51.0,6.0,102.0,7.0,153.0,-0.0,
720575940635095321,sensory,olfactory,0.0,0.0,24.0,0.0,0.0,52.0,5.0,52.0,-0.0,
720575940635128089,central,unknown,0.0,1.943907771161803e-09,23.9610049144531,361.0,25.0,261.0,26.0,622.0,-3.84,
720575940625461534,central,Kenyon_Cell,0.0,0.0,24.40217485130425,33.0,2.0,26.0,1.0,59.0,-3.96,
720575940630999327,central,Kenyon_Cell,0.0,0.0,24.717989413771107,84.0,4.0,29.0,1.0,113.0,-3.14,
720575940646433059,central,unknown,0.0,3.335759007235184e-07,23.08296183944145,39.0,6.0,56.0,6.0,95.0,-4.37,
720575940626051367,central,ALLN,0.0,2.454238657340221e-08,24.439159431183832,200.0,17.0,675.0,31.0,875.0,-3.66,
720575940630769962,central,Kenyon_Cell,0.0,0.0,24.698465480343128,76.0,6.0,23.0,1.0,99.0,-2.89,
720575940626936107,central,LHLN,0.0,2.7403877455231637e-09,24.6575441625186,98.0,10.0,90.0,13.0,188.0,-3.1,
720575940632736045,central,Kenyon_Cell,0.0,0.0,24.48906306427289,101.0,6.0,14.0,1.0,115.0,-3.43,
720575940631228719,sensory,olfactory,0.0,0.0,25.119513964314063,51.0,8.0,80.0,5.0,131.0,-0.0,
720575940616778038,central,unknown,0.0,4.456320820528014e-08,21.793706446344792,120.0,5.0,124.0,4.0,244.0,-5.72,
720575940629721399,sensory,olfactory,0.0,4.584750810249337e-09,25.134742211269277,13.0,2.0,45.0,5.0,58.0,-0.0,
720575940633817405,sensory,olfactory,0.0,0.0,25.123389997095583,43.0,4.0,171.0,13.0,214.0,-0.0,
720575940625330494,central,Kenyon_Cell,0.0,0.0,24.64198713213256,137.0,6.0,27.0,1.0,164.0,-3.1,
720575940630933827,central,unknown,0.0,0.0,23.315828946822887,224.0,19.0,80.0,9.0,304.0,-5.23,
720575940637749574,central,ALPN,0.0,6.009735784046921e-09,24.90298116059769,32.0,4.0,83.0,7.0,115.0,-2.59,
720575940631425361,sensory,olfactory,0.0,0.0,25.12160240863592,18.0,3.0,49.0,6.0,67.0,-0.0,
720575940617695572,sensory,olfactory,0.0,7.79444152527283e-11,25.10624648007131,157.0,15.0,190.0,16.0,347.0,-0.0,
720575940626510169,central,unknown,9.27061330801838e-08,2.50550243126452e-07,22.23781064241064,954.0,50.0,496.0,32.0,1450.0,-5.35,
720575940621529435,central,ALPN,1.807769595063584e-05,4.11540256683417e-06,24.79502803185629,3749.0,137.0,5898.0,308.0,9647.0,-2.12,
720575940607865180,sensory,olfactory,0.0,0.0,25.09544852549785,43.0,5.0,108.0,6.0,151.0,-0.0,
720575940617007453,sensory,olfactory,0.0,2.613048613785647e-10,25.125588765605944,19.0,2.0,159.0,13.0,178.0,-0.0,
720575940621398366,sensory,olfactory,0.0,1.214864989658238e-09,25.13261253229557,42.0,6.0,151.0,9.0,193.0,-0.0,
720575940621922654,central,Kenyon_Cell,0.0,0.0,24.60163611754662,127.0,8.0,38.0,2.0,165.0,-3.08,
720575940635586912,central,unknown,0.0,1.9071590758329667e-08,24.621090816157587,385.0,40.0,105.0,10.0,490.0,-3.34,
720575940619891041,sensory,olfactory,0.0,0.0,25.11174951550817,97.0,9.0,130.0,12.0,227.0,-0.0,
720575940607930716,central,Kenyon_Cell,0.0,0.0,24.610527245849177,87.0,7.0,22.0,1.0,109.0,-3.12,
720575940625559908,central,unknown,0.0,1.7028097235036777e-08,22.65129899823733,219.0,16.0,114.0,9.0,333.0,-5.17,
720575940645220718,central,Kenyon_Cell,0.0,0.0,24.56588111092153,93.0,8.0,39.0,3.0,132.0,-3.41,
720575940622479732,central,unknown,0.0,0.0,21.076169473560704,99.0,4.0,17.0,2.0,116.0,-5.16,
720575940630770042,central,ALPN,0.0001091548498352,1.1169293311352136e-05,24.884096265803496,7715.0,201.0,12298.0,428.0,20013.0,-1.82,
720575940622512522,sensory,olfactory,0.0,0.0,25.096737156836674,19.0,2.0,41.0,5.0,60.0,-0.0,
720575940630278540,central,unknown,0.0,0.0,22.129439091914605,29.0,4.0,50.0,2.0,79.0,-6.21,
720575940614549906,central,Kenyon_Cell,0.0,0.0,24.54494145387259,111.0,7.0,21.0,2.0,132.0,-3.26,
720575940622971283,central,unknown,0.0,0.0,22.51106002227449,415.0,27.0,17.0,3.0,432.0,-5.47,
720575940622840211,central,ALPN,0.0,0.0,24.81564738366434,33.0,5.0,125.0,15.0,158.0,-2.76,
720575940624642452,central,unknown,0.0,5.9115756675937625e-08,24.58069663286569,264.0,21.0,166.0,17.0,430.0,-3.54,
720575940609962389,central,ALPN,0.0,9.955886973814682e-10,24.72345620818872,43.0,6.0,89.0,12.0,132.0,-3.07,
720575940614943126,central,unknown,0.0,6.751523144913835e-10,23.859551661243174,452.0,24.0,503.0,47.0,955.0,-5.15,
720575940626805147,central,unknown,0.0,1.5977836898290494e-08,21.713650267597565,190.0,12.0,134.0,9.0,324.0,-5.34,
720575940642599328,sensory,olfactory,0.0,5.9397748527106114e-08,25.161287972819576,382.0,24.0,798.0,32.0,1180.0,-0.0,
720575940605309361,central,ALPN,4.173100361937987e-05,1.0017998628399628e-05,24.8313890595097,1275.0,75.0,1777.0,135.0,3052.0,-1.62,
720575940624019893,central,LHLN,0.0,5.636612164799401e-10,24.47887780870274,404.0,20.0,28.0,4.0,432.0,-3.17,
720575940623102396,central,Kenyon_Cell,0.0,0.0,24.404995607871427,98.0,6.0,23.0,1.0,121.0,-3.74,
720575940605702590,central,unknown,0.0,2.067732111323554e-09,24.545956061600016,178.0,19.0,78.0,11.0,256.0,-3.49,
720575940608979395,central,unknown,0.0,5.604864201187821e-09,22.70581205481708,107.0,9.0,19.0,3.0,126.0,-5.57,
720575940618645963,sensory,olfactory,0.0,0.0,25.09522336790318,5.0,1.0,60.0,5.0,65.0,-0.0,
720575940610683342,central,unknown,0.0,0.0,23.1739558628469,95.0,10.0,15.0,2.0,110.0,-5.06,
720575940615631321,central,unknown,0.0,7.546147284002904e-09,23.032110262204142,173.0,9.0,197.0,10.0,370.0,-4.83,
720575940641550811,central,unknown,0.0,1.6768548361060633e-08,24.586259812884997,216.0,18.0,103.0,15.0,319.0,-3.31,
720575940612190693,central,Kenyon_Cell,0.0,0.0,24.405639645718505,100.0,9.0,27.0,2.0,127.0,-3.54,
720575940620382704,sensory,olfactory,0.0,6.750414582529204e-10,25.07981863435973,22.0,3.0,79.0,9.0,101.0,-0.0,
720575940630737403,sensory,olfactory,0.0,0.0,24.0,0.0,0.0,6.0,1.0,6.0,-0.0,
720575940629131772,central,LHCENT,0.0,1.416977729880375e-07,23.695410464677465,1927.0,158.0,1493.0,122.0,3420.0,-4.52,
720575940625461762,central,unknown,0.0,1.389247678492806e-09,23.223632697480426,125.0,12.0,73.0,7.0,198.0,-4.95,
720575940624740878,central,Kenyon_Cell,0.0,0.0,24.73708023237548,119.0,6.0,24.0,2.0,143.0,-2.93,
720575940624773646,central,Kenyon_Cell,0.0,0.0,24.46422486269061,98.0,7.0,17.0,1.0,115.0,-3.51,
720575940628181520,central,ALPN,1.3641045296084185e-06,1.2858376063847926e-07,24.9342223278638,1507.0,86.0,1733.0,126.0,3240.0,-2.11,
720575940626182673,central,unknown,0.0,3.07993797608584e-10,24.595896962736813,94.0,9.0,39.0,5.0,133.0,-3.23,
720575940631261714,central,LHLN,0.0,4.268687073609795e-09,24.56924405590616,247.0,16.0,104.0,16.0,351.0,-3.08,
720575940630671890,central,Kenyon_Cell,0.0,0.0,24.59319331531463,49.0,4.0,23.0,2.0,72.0,-3.18,
720575940625035790,central,unknown,0.0,2.427987122668312e-07,24.18169343480218,608.0,46.0,123.0,11.0,731.0,-4.52,
720575940625953317,central,LHLN,0.0,1.2539221097818793e-08,24.560830025332944,688.0,50.0,352.0,33.0,1040.0,-3.43,
720575940613337640,central,Kenyon_Cell,0.0,0.0,24.243769029386684,40.0,2.0,31.0,2.0,71.0,-4.13,
720575940630868525,central,Kenyon_Cell,0.0,0.0,23.743758325685917,21.0,2.0,16.0,1.0,37.0,-4.58,
720575940610486830,central,unknown,0.0,4.876810236188705e-07,24.107927060229137,261.0,29.0,181.0,12.0,442.0,-4.28,
720575940639126069,central,Kenyon_Cell,0.0,0.0,24.765879533702144,98.0,5.0,18.0,1.0,116.0,-2.79,
720575940630966840,central,Kenyon_Cell,0.0,0.0,24.467729375438445,69.0,4.0,19.0,1.0,88.0,-3.29,
720575940630049337,central,Kenyon_Cell,0.0,0.0,24.764530246111534,91.0,7.0,35.0,2.0,126.0,-3.06,
720575940626248250,central,unknown,0.0,4.046108602774941e-09,21.21523022926168,410.0,15.0,861.0,32.0,1271.0,-6.14,
720575940616254016,sensory,olfactory,0.0,8.480339230457976e-08,25.104053146688813,20.0,3.0,172.0,11.0,192.0,-0.0,
720575940614844994,sensory,olfactory,0.0,1.734241199316819e-09,25.143230483302755,75.0,7.0,388.0,24.0,463.0,-0.0,
720575940631458371,central,Kenyon_Cell,0.0,0.0,24.677249186690656,72.0,6.0,14.0,1.0,86.0,-3.05,
720575940626608712,central,unknown,0.0,0.0,24.150302447480748,84.0,11.0,55.0,4.0,139.0,-4.24,
720575940627722826,central,unknown,0.0,0.0,24.388024166843284,59.0,10.0,27.0,4.0,86.0,-3.8,
720575940627264082,central,Kenyon_Cell,0.0,0.0,24.428231774497437,52.0,4.0,14.0,1.0,66.0,-3.31,
720575940632375891,central,unknown,0.0,5.6425528923696146e-08,24.30008965691979,221.0,21.0,16.0,2.0,237.0,-3.5,
720575940616483414,central,unknown,0.0,0.0,22.065712406333063,312.0,18.0,144.0,9.0,456.0,-5.63,
720575940624839257,central,Kenyon_Cell,0.0,0.0,24.69166860446143,83.0,5.0,37.0,3.0,120.0,-3.4,
720575940621922910,central,Kenyon_Cell,0.0,0.0,24.714931710856774,152.0,8.0,27.0,1.0,179.0,-3.21,
720575940634702431,sensory,olfactory,0.0,5.84943175345892e-11,25.16278898216869,5.0,1.0,10.0,2.0,15.0,-0.0,
720575940605309542,sensory,olfactory,0.0,0.0,25.10014839242326,33.0,5.0,154.0,11.0,187.0,-0.0,
720575940605407846,central,Kenyon_Cell,0.0,0.0,24.283774662066534,106.0,6.0,16.0,1.0,122.0,-3.64,
720575940631196264,central,unknown,0.0,4.323147906266733e-09,23.270227300524244,463.0,32.0,174.0,10.0,637.0,-4.76,
720575940629787244,central,Kenyon_Cell,0.0,0.0,24.69787582769938,106.0,5.0,24.0,2.0,130.0,-3.09,
720575940630606444,central,unknown,0.0,3.741097826873373e-07,22.8152807572714,1027.0,46.0,131.0,12.0,1158.0,-5.38,
720575940643517038,central,ALPN,0.0,1.2781703069334755e-09,24.689079827409703,49.0,4.0,277.0,26.0,326.0,-3.09,
720575940638208627,central,Kenyon_Cell,0.0,1.1416793305437104e-08,24.396681360561303,43.0,3.0,29.0,2.0,72.0,-3.58,
720575940634800759,central,Kenyon_Cell,0.0,2.285163865027278e-09,24.09257583447984,49.0,4.0,58.0,3.0,107.0,-3.6,
720575940623463036,central,unknown,0.0,3.098096349417934e-09,22.148748384377747,302.0,21.0,1446.0,73.0,1748.0,-4.96,
720575940626575997,central,unknown,0.0,3.802539687088288e-07,22.214515887723145,239.0,14.0,67.0,4.0,306.0,-4.59,
720575940621103743,central,ALPN,7.813802645329776e-07,1.4279180285569507e-06,24.33753183669224,383.0,38.0,1210.0,66.0,1593.0,-2.41,
720575940606947970,central,Kenyon_Cell,0.0,0.0,24.02875187979575,100.0,6.0,28.0,1.0,128.0,-4.71,
720575940646236804,central,unknown,0.0,1.102867734942043e-09,21.99296080955008,114.0,5.0,139.0,17.0,253.0,-5.61,
720575940632081036,central,unknown,0.0,4.545466056000901e-08,24.207278733992656,323.0,34.0,127.0,13.0,450.0,-3.84,
720575940632539788,descending,unknown,0.0,1.5837156094326204e-09,20.01694629913286,1138.0,39.0,10.0,2.0,1148.0,-6.02,
720575940623528595,central,unknown,0.0,3.8735838025030484e-08,23.83862347494996,1195.0,88.0,594.0,66.0,1789.0,-4.56,
720575940623594132,central,unknown,0.0,0.0,24.2699148560464,106.0,12.0,60.0,10.0,166.0,-3.68,
720575940634276506,central,LHLN,0.0,5.0764008475494715e-09,24.698539315696408,78.0,8.0,86.0,8.0,164.0,-3.13,
720575940643812000,central,LHCENT,0.0,2.1548362930231674e-10,24.415777633467005,390.0,18.0,156.0,15.0,546.0,-3.24,
720575940644467360,descending,unknown,2.3467895402583663e-05,1.7968718009325031e-06,21.64759131578355,387.0,14.0,479.0,29.0,866.0,-4.84,
720575940631687844,central,Kenyon_Cell,0.0,0.0,24.54401335881989,105.0,7.0,28.0,3.0,133.0,-3.1,
720575940625724072,central,Kenyon_Cell,0.0,0.0,24.53714842413469,56.0,6.0,17.0,1.0,73.0,-3.25,
720575940619367083,sensory,olfactory,0.0,0.0,25.058861700187855,5.0,1.0,35.0,6.0,40.0,-0.0,
720575940613796527,central,Kenyon_Cell,0.0,0.0,24.724223630351226,107.0,9.0,20.0,1.0,127.0,-2.9,
720575940625953466,sensory,olfactory,0.0,0.0,24.0,0.0,0.0,48.0,5.0,48.0,-0.0,
720575940638339773,sensory,olfactory,0.0,7.033783251410948e-10,25.124132428186588,96.0,9.0,219.0,11.0,315.0,-0.0,
720575940610519747,sensory,olfactory,0.0,0.0,25.12640865965612,32.0,3.0,212.0,16.0,244.0,-0.0,
720575940629557957,central,Kenyon_Cell,0.0,0.0,24.396646752032563,51.0,4.0,19.0,1.0,70.0,-4.13,
720575940611175118,central,LHLN,0.0,7.342804861396318e-09,24.5330991252379,307.0,27.0,247.0,27.0,554.0,-3.57,
720575940632113871,central,LHLN,0.0,3.9703861982197456e-10,24.74225938364104,107.0,8.0,77.0,10.0,184.0,-2.85,
720575940629951183,central,unknown,0.0,0.0,23.135449247716732,79.0,9.0,202.0,9.0,281.0,-4.61,
720575940615959252,central,Kenyon_Cell,0.0,0.0,24.54262503489112,128.0,5.0,30.0,1.0,158.0,-3.33,
720575940615271124,central,unknown,0.0,5.147719516688846e-09,22.505925076106266,41.0,6.0,83.0,7.0,124.0,-4.08,
720575940612387555,sensory,olfactory,0.0,0.0,24.0,0.0,0.0,50.0,8.0,50.0,-0.0,
720575940624085739,central,Kenyon_Cell,0.0,0.0,24.480092863131304,113.0,9.0,18.0,1.0,131.0,-3.4,
720575940619793134,sensory,olfactory,0.0,5.850780434527875e-09,25.150254087458418,13.0,2.0,27.0,3.0,40.0,-0.0,
720575940630442745,sensory,olfactory,0.0,0.0,24.0,0.0,0.0,67.0,11.0,67.0,-0.0,
720575940629918459,sensory,olfactory,0.0,0.0,25.24678925991962,8.0,1.0,78.0,7.0,86.0,-0.0,
720575940628837124,central,unknown,0.0,2.7536427576355082e-08,24.576471499546635,333.0,20.0,268.0,20.0,601.0,-3.38,
720575940627690246,central,ALLN,0.0,1.7717611982640805e-06,24.69471407699229,4645.0,175.0,3698.0,172.0,8343.0,-3.45,
720575940627264262,sensory,hygrosensory,0.0,1.7346893412020935e-09,24.6151804549486,69.0,6.0,448.0,19.0,517.0,-3.84,
720575940623594248,sensory,olfactory,0.0,0.0,25.14186321473966,7.0,1.0,90.0,6.0,97.0,-0.0,
720575940625494792,central,unknown,0.0,8.22592130258951e-11,23.484553347922382,796.0,66.0,144.0,11.0,940.0,-4.61,
720575940623004429,central,Kenyon_Cell,0.0,0.0,24.486968044840616,102.0,5.0,25.0,1.0,127.0,-3.49,
720575940620448532,sensory,olfactory,0.0,0.0,24.0,0.0,0.0,69.0,7.0,69.0,-0.0,
720575940627493653,central,Kenyon_Cell,0.0,0.0,24.52284710475828,74.0,4.0,17.0,1.0,91.0,-3.54,
720575940615992091,central,unknown,0.0,0.0,21.94538816599813,104.0,11.0,7.0,1.0,111.0,-4.54,
720575940642894628,descending,unknown,1.059498663773529e-07,3.1935629169266227e-08,20.60963920408148,212.0,14.0,138.0,6.0,350.0,-5.76,
720575940629295916,central,Kenyon_Cell,0.0,0.0,24.674530432228813,109.0,8.0,18.0,1.0,127.0,-3.16,
720575940628476716,central,Kenyon_Cell,0.0,0.0,24.04724472853113,43.0,3.0,51.0,5.0,94.0,-4.12,
720575940615336754,central,unknown,0.0,2.863261297004776e-07,22.475444977590453,69.0,7.0,122.0,8.0,191.0,-4.58,
720575940645450548,central,Kenyon_Cell,0.0,1.8394074023845986e-10,24.552772365807343,90.0,5.0,63.0,3.0,153.0,-3.52,
720575940630704953,sensory,olfactory,0.0,0.0,25.118557370430445,6.0,1.0,97.0,8.0,103.0,-0.0,
720575940628443962,visual_centrifugal,unknown,0.0,0.0,21.77890146444348,64.0,6.0,0.0,0.0,64.0,-4.77,
720575940631589689,central,Kenyon_Cell,0.0,0.0,24.37835892434652,63.0,6.0,18.0,1.0,81.0,-3.93,
720575940639683389,central,unknown,0.0,9.282349292384388e-09,24.01092768945708,271.0,24.0,117.0,11.0,388.0,-4.52,
720575940614714178,central,ALPN,1.3243733297169112e-08,4.592840511939792e-07,24.888081032179425,1553.0,96.0,1627.0,132.0,3180.0,-2.27,
720575940613403458,central,Kenyon_Cell,0.0,0.0,24.702233062971786,75.0,6.0,24.0,2.0,99.0,-3.22,
720575940621988684,central,unknown,0.0,6.073054421243056e-08,24.069531588594668,29.0,5.0,25.0,2.0,54.0,-3.59,
720575940625888089,sensory,olfactory,0.0,0.0,24.0,0.0,0.0,23.0,3.0,23.0,-0.0,
720575940623037283,sensory,olfactory,0.0,0.0,24.0,0.0,0.0,26.0,5.0,26.0,-0.0,
720575940609143672,central,Kenyon_Cell,0.0,0.0,24.204552113712204,48.0,4.0,25.0,1.0,73.0,-3.91,
720575940625757053,sensory,olfactory,0.0,0.0,25.17047590296368,31.0,4.0,65.0,3.0,96.0,-0.0,
720575940660196225,central,unknown,0.0,1.2016277061584386e-08,24.480106610784144,717.0,45.0,171.0,16.0,888.0,-3.67,
720575940623594378,central,unknown,0.0,7.94462183244839e-10,22.723371795171182,121.0,11.0,118.0,13.0,239.0,-4.39,
720575940631524236,central,unknown,0.0,5.98521140605826e-08,22.607111562393204,146.0,16.0,65.0,4.0,211.0,-5.1,
720575940642108301,central,Kenyon_Cell,0.0,7.082210319341769e-11,24.493988111869925,34.0,3.0,55.0,5.0,89.0,-3.45,
720575940641977229,central,unknown,2.3375189269503484e-05,5.019711405313914e-07,22.83041988168141,664.0,33.0,250.0,13.0,914.0,-5.09,
720575940626674584,central,Kenyon_Cell,0.0,0.0,24.732205179746337,150.0,10.0,20.0,1.0,170.0,-3.04,
720575940614255522,sensory,olfactory,0.0,0.0,25.09522336790318,5.0,1.0,23.0,4.0,28.0,-0.0,
720575940620153765,descending,unknown,0.0,1.3315797378799e-08,20.63934584237752,965.0,45.0,41.0,3.0,1006.0,-5.54,
720575940619269029,central,unknown,0.0,3.7363528146099385e-07,24.444918452702524,142.0,16.0,99.0,8.0,241.0,-3.77,
720575940613436327,central,unknown,0.0,1.3029606092947415e-09,20.700346916035507,124.0,14.0,65.0,5.0,189.0,-5.67,
720575940612551594,central,ALPN,0.0,4.8690195945474676e-11,23.891176078718622,651.0,46.0,1321.0,49.0,1972.0,-4.86,
720575940620252075,central,unknown,3.973119989150733e-08,1.8537698032212643e-08,23.28990624558575,2339.0,80.0,1915.0,98.0,4254.0,-5.13,
720575940618875819,central,Kenyon_Cell,0.0,0.0,24.07279415272932,55.0,4.0,53.0,3.0,108.0,-4.54,
720575940636734382,central,unknown,0.0,4.077864492704957e-09,23.21065500723846,17.0,2.0,96.0,6.0,113.0,-3.83,
720575940620219329,central,unknown,0.0,3.6495062022266922e-09,21.222359317827475,158.0,9.0,197.0,8.0,355.0,-6.14,
720575940622054340,central,Kenyon_Cell,0.0,0.0,24.57250433028105,121.0,10.0,42.0,3.0,163.0,-3.31,
720575940627067847,central,unknown,0.0,2.8868755124567388e-08,22.836566185000887,160.0,11.0,39.0,4.0,199.0,-4.97,
720575940624413642,central,unknown,0.0,3.843713094412232e-08,22.321275584788754,165.0,16.0,305.0,15.0,470.0,-5.29,
720575940640732112,central,LHLN,8.078677311273158e-07,0.0,24.70997851457796,320.0,18.0,196.0,21.0,516.0,-2.98,
720575940617368532,central,Kenyon_Cell,0.0,0.0,24.51311954964933,70.0,5.0,35.0,1.0,105.0,-3.94,
720575940623528925,central,ALPN,3.891008842708285e-05,1.8975457559005056e-06,24.909885964990394,5210.0,135.0,8737.0,366.0,13947.0,-2.04,
720575940636963806,central,unknown,0.0,4.714081006597218e-08,22.872125618675845,544.0,25.0,297.0,25.0,841.0,-5.61,
720575940613632997,ascending,AN,0.0,1.1627563383301423e-08,19.31853482141408,147.0,7.0,423.0,19.0,570.0,-6.07,
720575940627264488,central,Kenyon_Cell,0.0,0.0,24.438311468691182,76.0,6.0,24.0,1.0,100.0,-3.22,
720575940624544748,central,unknown,0.0,1.2242806730150585e-08,23.289861024925493,707.0,61.0,274.0,24.0,981.0,-4.9,
720575940612879341,central,Kenyon_Cell,0.0,0.0,24.517784487852712,84.0,7.0,15.0,1.0,99.0,-3.53,
720575940620612590,central,Kenyon_Cell,0.0,0.0,24.63003097929871,132.0,7.0,28.0,1.0,160.0,-3.28,
720575940640830453,central,ALLN,0.0,2.177969064136842e-06,24.67474483582505,4842.0,182.0,4841.0,208.0,9683.0,-3.51,
720575940652200950,central,Kenyon_Cell,0.0,7.040208724436477e-10,24.46867107193239,68.0,3.0,40.0,3.0,108.0,-3.92,
720575940627985402,central,Kenyon_Cell,0.0,0.0,24.657062751386448,111.0,7.0,19.0,1.0,130.0,-3.11,
720575940621530117,descending,unknown,0.0,3.30606379028782e-07,19.775117722570428,21.0,2.0,6.0,1.0,27.0,-4.57,
720575940624348168,central,unknown,0.0,4.2562227675478206e-10,24.006569696430734,204.0,27.0,40.0,5.0,244.0,-4.51,
720575940608291849,central,unknown,0.0,0.0,24.13185154545861,45.0,5.0,15.0,2.0,60.0,-3.98,
720575940607177739,central,Kenyon_Cell,0.0,0.0,24.444528559137016,33.0,3.0,26.0,1.0,59.0,-3.72,
720575940623004685,central,Kenyon_Cell,0.0,0.0,24.723415234547872,105.0,6.0,26.0,2.0,131.0,-3.0,
720575940621661197,central,Kenyon_Cell,0.0,7.040208724436477e-10,24.250021014163323,40.0,3.0,53.0,5.0,93.0,-4.28,
720575940623889421,central,LHCENT,0.0,7.19792994072079e-10,21.797857414051705,543.0,22.0,2284.0,64.0,2827.0,-5.93,
720575940626805777,central,unknown,0.0,1.3588697317557025e-07,22.312066440333048,138.0,13.0,40.0,3.0,178.0,-5.01,
720575940627166225,central,LHLN,0.0,3.08765094948679e-10,24.510853441648337,176.0,14.0,219.0,18.0,395.0,-3.47,
720575940626674707,sensory,olfactory,0.0,2.494111732046913e-11,25.113597195744823,77.0,9.0,147.0,8.0,224.0,-0.0,
720575940628706325,central,unknown,9.124932241749516e-06,2.324505013131712e-07,20.682234584739863,914.0,26.0,333.0,20.0,1247.0,-5.97,
720575940633785369,central,Kenyon_Cell,0.0,0.0,23.29161744933221,85.0,5.0,20.0,2.0,105.0,-5.59,
720575940626117662,central,unknown,0.0,0.0,23.164720929963725,249.0,26.0,121.0,7.0,370.0,-4.5,
720575940629918762,sensory,olfactory,0.0,8.355192722269331e-09,25.14330630834629,122.0,11.0,208.0,13.0,330.0,-0.0,
720575940631295018,central,Kenyon_Cell,0.0,0.0,24.736790170748638,151.0,9.0,26.0,1.0,177.0,-3.02,
720575940614386738,central,Kenyon_Cell,0.0,0.0,24.67396080315781,134.0,7.0,26.0,1.0,160.0,-3.19,
720575940616844347,sensory,olfactory,0.0,0.0,24.0,0.0,0.0,59.0,6.0,59.0,-0.0,
720575940628837436,sensory,olfactory,0.0,0.0,25.103298977209143,25.0,4.0,35.0,4.0,60.0,-0.0,
720575940621136961,central,unknown,0.0,3.811191404025125e-08,23.785764862300216,297.0,16.0,112.0,13.0,409.0,-4.59,
720575940611077188,central,unknown,6.621866648584556e-08,0.0,23.374503135510043,828.0,64.0,695.0,20.0,1523.0,-4.9,
720575940638667846,sensory,olfactory,0.0,0.0,25.10276993610156,8.0,1.0,43.0,5.0,51.0,-0.0,
720575940624577613,central,Kenyon_Cell,0.0,0.0,24.617212286799667,122.0,9.0,29.0,1.0,151.0,-3.4,
720575940627526735,sensory,olfactory,0.0,5.5918345774901945e-09,25.14327807277951,100.0,9.0,107.0,8.0,207.0,-0.0,
720575940630836305,central,unknown,0.0,0.0,21.78690494562204,82.0,10.0,18.0,2.0,100.0,-5.01,
720575940618777684,central,unknown,0.0,5.0098017501165015e-08,20.324264296087872,126.0,7.0,65.0,8.0,191.0,-5.55,
720575940630541399,central,unknown,0.0,1.2475489836132123e-09,24.36703883986194,105.0,11.0,19.0,3.0,124.0,-3.38,
720575940639028312,sensory,olfactory,0.0,0.0,24.0,0.0,0.0,5.0,1.0,5.0,-0.0,
720575940637258842,central,unknown,0.0,7.060087015791479e-08,23.19003734886551,160.0,18.0,164.0,21.0,324.0,-5.08,
720575940607439964,central,ALPN,1.0542011704546612e-05,1.3633056013058852e-06,24.88050276825524,1458.0,97.0,1494.0,125.0,2952.0,-2.22,
720575940618482781,central,unknown,0.0,6.37183576167179e-08,24.09085838559104,387.0,35.0,48.0,6.0,435.0,-4.47,
720575940633883744,sensory,olfactory,0.0,3.635955295926645e-09,25.158047084645496,429.0,27.0,969.0,32.0,1398.0,-0.0,
720575940622054497,central,ALLN,0.0,2.2497535108631543e-06,24.68411243464658,2814.0,101.0,938.0,50.0,3752.0,-3.33,
720575940610847842,central,Kenyon_Cell,0.0,0.0,24.447428548101893,73.0,5.0,19.0,1.0,92.0,-3.65,
720575940629853292,central,Kenyon_Cell,0.0,0.0,24.59983963460058,121.0,6.0,25.0,1.0,146.0,-3.1,
720575940619531373,central,ALPN,1.4700543959857714e-06,3.39875368021488e-07,24.904942788945696,1481.0,88.0,1632.0,127.0,3113.0,-1.99,
720575940645024878,central,LHLN,0.0,6.065328614158762e-10,24.69627795080956,429.0,26.0,95.0,12.0,524.0,-3.38,
720575940635325551,central,unknown,0.0,0.0,22.87755807792187,178.0,18.0,85.0,9.0,263.0,-4.64,
720575940637783155,central,unknown,0.0,0.0,22.37117548661114,25.0,2.0,0.0,0.0,25.0,-4.17,
720575940639421555,central,Kenyon_Cell,0.0,0.0,24.73740899010761,94.0,5.0,23.0,1.0,117.0,-2.67,
720575940649153657,central,unknown,0.0,1.1537754439345424e-07,20.39730888107026,154.0,7.0,136.0,6.0,290.0,-5.98,
720575940648236153,central,unknown,0.0,0.0,23.844298007865333,141.0,14.0,232.0,23.0,373.0,-4.75,
720575940629296254,sensory,olfactory,0.0,9.133609170461455e-10,24.947853149940737,10.0,2.0,64.0,6.0,74.0,-0.0,
720575940659770497,sensory,olfactory,0.0,0.0,25.108096095665854,32.0,4.0,103.0,8.0,135.0,-0.0,
720575940620121223,central,unknown,0.0,6.202520848601268e-09,24.237054264438623,66.0,10.0,10.0,2.0,76.0,-3.88,
720575940623463562,central,unknown,0.0,0.0,23.969849977670258,100.0,12.0,141.0,5.0,241.0,-3.83,
720575940616746123,central,Kenyon_Cell,0.0,0.0,23.87431050222636,43.0,3.0,31.0,2.0,74.0,-4.08,
720575940631295116,sensory,olfactory,0.0,0.0,25.11909715452795,36.0,5.0,105.0,7.0,141.0,-0.0,
720575940622775443,central,unknown,0.0,3.4251716440290606e-09,24.398529726199968,248.0,22.0,73.0,9.0,321.0,-3.66,
720575940611830937,sensory,olfactory,0.0,6.074324948291191e-10,25.14006485435023,39.0,5.0,180.0,11.0,219.0,-0.0,
720575940644238496,central,Kenyon_Cell,0.0,0.0,24.582820641801924,54.0,4.0,43.0,1.0,97.0,-3.33,
720575940638962851,central,Kenyon_Cell,0.0,0.0,24.661044733951854,89.0,7.0,29.0,1.0,118.0,-2.9,
720575940620809381,sensory,olfactory,0.0,0.0,25.14186321473966,6.0,1.0,10.0,2.0,16.0,-0.0,
720575940614485159,central,unknown,0.0,2.3433790879153875e-08,24.602118407504687,432.0,30.0,180.0,17.0,612.0,-3.15,
720575940618876075,central,Kenyon_Cell,0.0,0.0,24.407212873558485,41.0,3.0,28.0,2.0,69.0,-3.98,
720575940619465904,central,Kenyon_Cell,0.0,0.0,24.732245632867425,174.0,12.0,36.0,3.0,210.0,-2.92,
720575940621202608,central,Kenyon_Cell,0.0,0.0,24.404853010847305,154.0,6.0,28.0,2.0,182.0,-3.7,
720575940606751922,central,ALLN,0.0,4.26051425039394e-07,24.63670345255871,1490.0,100.0,2069.0,127.0,3559.0,-3.46,
720575940621399222,central,unknown,0.0,0.0,24.63793711176776,18.0,2.0,64.0,11.0,82.0,-3.36,
720575940621792438,central,ALPN,0.0,7.636043154349528e-08,24.536850805942034,22.0,3.0,206.0,16.0,228.0,-4.02,
720575940616156347,central,unknown,0.0,0.0,24.338877492168685,33.0,3.0,70.0,4.0,103.0,-3.98,
720575940621333696,central,ALPN,1.7481727952263227e-06,1.1132279192224958e-06,24.668430248764743,363.0,41.0,1196.0,95.0,1559.0,-2.85,
720575940619760833,central,unknown,0.0,0.0,22.298524556563866,40.0,4.0,36.0,3.0,76.0,-5.64,
720575940627920071,central,Kenyon_Cell,0.0,0.0,24.4914492204952,46.0,5.0,35.0,2.0,81.0,-3.49,
720575940619662539,central,unknown,0.0,0.0,22.64858249907557,512.0,55.0,39.0,4.0,551.0,-4.6,
720575940610323674,central,Kenyon_Cell,0.0,0.0,24.73784622290705,114.0,8.0,26.0,2.0,140.0,-3.07,
720575940641289435,central,unknown,0.0,0.0,24.57066033326786,122.0,13.0,57.0,6.0,179.0,-3.37,
720575940631688417,central,unknown,0.0,0.0,23.475890439596903,83.0,9.0,12.0,2.0,95.0,-4.62,
720575940632835298,central,Kenyon_Cell,0.0,0.0,24.473358100982622,83.0,7.0,16.0,1.0,99.0,-3.14,
720575940637226212,sensory,olfactory,0.0,0.0,25.127551880733392,27.0,4.0,77.0,7.0,104.0,-0.0,
720575940623824106,central,ALON,0.0,2.239092652651121e-05,24.121577404628542,184.0,20.0,583.0,41.0,767.0,-3.23,
720575940624086251,central,Kenyon_Cell,0.0,0.0,24.30792554355909,42.0,3.0,21.0,2.0,63.0,-3.79,
720575940620023024,sensory,olfactory,0.0,8.107586639242751e-08,25.16073317924057,188.0,17.0,289.0,18.0,477.0,-0.0,
720575940609963248,central,Kenyon_Cell,0.0,0.0,24.60224103823871,113.0,8.0,29.0,2.0,142.0,-3.24,
720575940630508793,sensory,olfactory,0.0,0.0,24.0,0.0,0.0,49.0,5.0,49.0,-0.0,
720575940629099770,sensory,olfactory,0.0,8.541082479940887e-08,25.10426808379411,31.0,3.0,141.0,11.0,172.0,-0.0,
720575940630738171,sensory,olfactory,0.0,0.0,25.063636899633167,113.0,13.0,226.0,20.0,339.0,-0.0,
720575940628673786,sensory,olfactory,0.0,0.0,25.113756809107777,46.0,6.0,125.0,10.0,171.0,-0.0,
720575940627035388,central,ALPN,5.999411183617607e-06,3.1259149923915085e-06,24.91666960674646,760.0,87.0,858.0,83.0,1618.0,-1.53,
720575940628444410,central,unknown,0.0,0.0,22.388146310485165,41.0,6.0,29.0,3.0,70.0,-4.6,
720575940616713473,sensory,olfactory,0.0,0.0,25.12218073983077,22.0,3.0,102.0,7.0,124.0,-0.0,
720575940625298690,sensory,olfactory,0.0,0.0,24.0,0.0,0.0,84.0,9.0,84.0,-0.0,
720575940627133702,central,unknown,0.0,7.524848464300632e-11,23.569579409137727,162.0,13.0,224.0,19.0,386.0,-4.85,
720575940622972167,sensory,olfactory,0.0,8.958955930633045e-10,25.12649216199007,72.0,10.0,154.0,8.0,226.0,-0.0,
720575940606915849,sensory,olfactory,0.0,1.4743319767318946e-07,25.177998758149936,174.0,12.0,433.0,27.0,607.0,-0.0,
720575940608619787,central,unknown,0.0,1.536660680750773e-10,24.552767661936613,369.0,35.0,145.0,14.0,514.0,-3.37,
720575940628608272,central,Kenyon_Cell,0.0,0.0,23.810518783393547,34.0,2.0,44.0,3.0,78.0,-3.86,
720575940626183443,sensory,olfactory,0.0,0.0,25.0883822082052,5.0,1.0,25.0,4.0,30.0,-0.0,
720575940645680407,central,ALPN,0.0,2.0410263138279644e-10,24.727488474541023,259.0,22.0,282.0,23.0,541.0,-3.46,
720575940605441312,central,Kenyon_Cell,0.0,1.2116468162830434e-09,23.96742227887263,71.0,5.0,44.0,3.0,115.0,-5.02,
720575940624250160,central,Kenyon_Cell,0.0,0.0,24.666112890713517,129.0,10.0,35.0,2.0,164.0,-3.04,
720575940637619509,sensory,olfactory,0.0,5.642638410958087e-09,25.118557370430445,5.0,1.0,48.0,3.0,53.0,-0.0,
720575940640372021,central,ALPN,5.455093745103957e-05,3.3550894532642257e-07,24.66946597424428,3050.0,107.0,1537.0,54.0,4587.0,-3.49,
720575940631655737,central,Kenyon_Cell,0.0,3.354686487244501e-09,24.56529367020419,101.0,4.0,28.0,2.0,129.0,-3.07,
720575940626773306,central,unknown,0.0,3.313554227908249e-09,24.33599646675148,65.0,10.0,22.0,3.0,87.0,-3.9,
720575940626707770,central,unknown,0.0,2.376718051869605e-09,24.462559971027545,153.0,11.0,140.0,13.0,293.0,-3.3,
720575940638143805,central,Kenyon_Cell,0.0,0.0,24.648053244820087,166.0,8.0,24.0,1.0,190.0,-3.23,
720575940622021953,central,unknown,0.0,0.0,19.91826384694256,124.0,7.0,130.0,9.0,254.0,-6.19,
720575940614583618,sensory,olfactory,0.0,0.0,24.0,0.0,0.0,11.0,1.0,11.0,-0.0,
720575940630902083,central,Kenyon_Cell,0.0,0.0,24.586957523066943,83.0,8.0,21.0,1.0,104.0,-3.38,
720575940623496521,sensory,olfactory,0.0,6.074324948291191e-10,25.11493123246576,53.0,6.0,153.0,9.0,206.0,-0.0,
720575940627559759,central,Kenyon_Cell,0.0,0.0,24.568156783517058,105.0,10.0,19.0,1.0,124.0,-3.28,
720575940628346194,central,ALPN,0.0,0.0,22.41337896276211,89.0,9.0,12.0,2.0,101.0,-4.4,
720575940632638803,central,unknown,0.0,0.0,23.450088717925304,154.0,20.0,48.0,6.0,202.0,-4.65,
720575940630738263,central,unknown,0.0,0.0,21.727872115426063,91.0,10.0,62.0,3.0,153.0,-5.69,
720575940625855833,sensory,olfactory,0.0,0.0,25.10276993610156,5.0,1.0,59.0,5.0,64.0,-0.0,
720575940620514651,central,unknown,0.0,8.33277358758063e-07,24.498571761554352,146.0,17.0,72.0,7.0,218.0,-3.31,
720575940608193884,central,ALIN,0.0,9.4641092391437e-10,23.22421770769673,182.0,21.0,649.0,48.0,831.0,-5.13,
720575940620154206,central,Kenyon_Cell,0.0,0.0,24.501344646506347,51.0,4.0,29.0,2.0,80.0,-3.4,
720575940620055905,sensory,olfactory,0.0,0.0,25.126334989268145,13.0,2.0,33.0,4.0,46.0,-0.0,
720575940618843489,central,unknown,0.0,2.617287635636029e-10,23.55597561512744,188.0,18.0,64.0,6.0,252.0,-5.31,
720575940636505445,central,LHLN,0.0,6.240828580879017e-10,24.77152538242914,153.0,14.0,49.0,6.0,202.0,-2.96,
720575940628641127,central,unknown,1.3243733297169112e-08,7.077289428037175e-08,19.75472873720967,355.0,22.0,294.0,11.0,649.0,-5.89,
720575940631229800,sensory,olfactory,0.0,9.750597811089575e-08,25.118557370430445,5.0,1.0,28.0,5.0,33.0,-0.0,
720575940627494249,sensory,olfactory,0.0,0.0,24.0,0.0,0.0,38.0,2.0,38.0,-0.0,
720575940631328104,central,ALPN,7.257565846848673e-06,1.5953594733459391e-06,24.83314076062522,730.0,68.0,1482.0,106.0,2212.0,-1.72,
720575940630607212,central,LHLN,0.0,1.2963273306656826e-08,24.58387895950652,457.0,33.0,216.0,24.0,673.0,-3.47,
720575940631623020,central,unknown,0.0,0.0,24.103913993929822,440.0,32.0,115.0,10.0,555.0,-4.04,
720575940645221742,central,Kenyon_Cell,0.0,0.0,24.64625106998563,128.0,8.0,30.0,3.0,158.0,-3.58,
720575940612945266,central,unknown,0.0,2.229131884029716e-08,23.858164082761107,691.0,50.0,221.0,13.0,912.0,-4.44,
720575940612846962,central,Kenyon_Cell,0.0,1.0062263490396584e-09,24.316138916483503,54.0,5.0,30.0,2.0,84.0,-3.71,
720575940649809273,descending,unknown,1.1919359967452201e-07,3.014528306032305e-07,21.408305347147422,374.0,17.0,113.0,8.0,487.0,-5.2,
720575940618483067,central,unknown,0.0,1.5697619487899135e-07,22.88842800489646,117.0,11.0,14.0,2.0,131.0,-4.42,
720575940626216317,central,Kenyon_Cell,0.0,0.0,24.491162340500903,78.0,5.0,18.0,1.0,96.0,-3.63,
720575940608324994,sensory,olfactory,0.0,0.0,25.14065650273757,23.0,3.0,94.0,6.0,117.0,-0.0,
720575940605834626,sensory,olfactory,0.0,2.613048613785647e-10,25.120147756284844,20.0,3.0,86.0,8.0,106.0,-0.0,
720575940606850434,central,Kenyon_Cell,0.0,0.0,24.53888345149836,43.0,4.0,17.0,1.0,60.0,-3.37,
720575940606162306,central,unknown,0.0,0.0,23.73276047901322,41.0,7.0,41.0,2.0,82.0,-3.99,
720575940619531654,central,unknown,0.0,0.0,23.299622111385347,141.0,10.0,280.0,12.0,421.0,-4.54,
720575940619498887,sensory,olfactory,0.0,0.0,24.0,0.0,0.0,77.0,11.0,77.0,-0.0,
720575940625790352,central,unknown,0.0,4.413240257486795e-08,22.944324786639264,157.0,16.0,81.0,7.0,238.0,-5.3,
720575940611437973,sensory,olfactory,0.0,0.0,25.128888201339883,12.0,2.0,40.0,5.0,52.0,-0.0,
720575940617172381,sensory,olfactory,0.0,0.0,24.0,0.0,0.0,57.0,7.0,57.0,-0.0,
720575940654921121,central,LHLN,0.0,7.355928786229902e-10,24.543569707210096,1026.0,60.0,137.0,16.0,1163.0,-3.5,
720575940638832035,central,unknown,0.0,0.0,24.33174025725324,361.0,33.0,102.0,14.0,463.0,-3.75,
720575940613207471,central,unknown,0.0,0.0,23.140224689785533,382.0,29.0,207.0,19.0,589.0,-5.3,
720575940619761072,sensory,olfactory,0.0,0.0,25.090734662367613,34.0,5.0,94.0,7.0,128.0,-0.0,
720575940606227890,sensory,olfactory,0.0,0.0,24.0,0.0,0.0,53.0,8.0,53.0,-0.0,
720575940612355507,central,ALPN,2.251434660518749e-07,1.807940567311068e-06,24.39943525108271,602.0,52.0,1057.0,77.0,1659.0,-2.27,
720575940617205179,central,ALLN,6.102712303335527e-05,9.46709463875695e-06,24.677229257812428,3624.0,133.0,3151.0,132.0,6775.0,-3.13,
720575940626052540,central,unknown,0.0,1.2564493384730816e-07,21.974944742907887,285.0,17.0,66.0,7.0,351.0,-5.15,
720575940614682043,central,unknown,0.0,3.318901608431466e-09,23.39766087260984,335.0,25.0,233.0,16.0,568.0,-4.85,
720575940640175549,central,unknown,0.0,7.833586921310494e-07,22.79589819377556,153.0,11.0,66.0,6.0,219.0,-4.8,
720575940615828923,central,unknown,0.0,2.0720984004343958e-09,24.114177544382567,81.0,11.0,90.0,8.0,171.0,-3.82,
720575940622972365,central,Kenyon_Cell,0.0,0.0,24.72204389654018,95.0,7.0,24.0,1.0,119.0,-3.16,
720575940639487440,sensory,olfactory,0.0,0.0,25.10989974146071,27.0,4.0,150.0,10.0,177.0,-0.0,
720575940609570258,central,unknown,0.0,0.0,22.94747397273982,41.0,4.0,26.0,3.0,67.0,-5.16,
720575940620744152,central,unknown,0.0,0.0,20.62120049682509,23.0,3.0,24.0,3.0,47.0,-5.28,
720575940635850206,central,Kenyon_Cell,0.0,0.0,24.63882755251598,158.0,7.0,16.0,1.0,174.0,-3.15,
720575940632114658,central,Kenyon_Cell,0.0,1.0830836325634091e-09,24.513134308044297,43.0,3.0,42.0,3.0,85.0,-3.69,
720575940613502435,sensory,olfactory,0.0,0.0,24.0,0.0,0.0,19.0,3.0,19.0,-0.0,
720575940616910310,central,Kenyon_Cell,0.0,0.0,24.194566689601725,90.0,6.0,31.0,1.0,121.0,-3.76,
720575940628739560,central,ALPN,3.559915510279057e-05,7.6696603593874e-06,24.85408905840669,2343.0,111.0,4307.0,241.0,6650.0,-1.94,
720575940612879853,central,Kenyon_Cell,0.0,0.0,24.381069412755604,54.0,4.0,29.0,2.0,83.0,-4.1,
720575940626904561,central,Kenyon_Cell,0.0,0.0,24.50514502744666,60.0,4.0,40.0,2.0,100.0,-3.24,
720575940624152051,central,unknown,0.0,6.235847356289144e-07,20.55043136962861,166.0,19.0,267.0,12.0,433.0,-5.57,
720575940622906867,central,Kenyon_Cell,0.0,0.0,24.6228329334682,107.0,6.0,21.0,1.0,128.0,-3.03,
720575940623398397,central,Kenyon_Cell,0.0,0.0,24.667572468737536,96.0,6.0,27.0,1.0,123.0,-3.15,
720575940623103487,central,Kenyon_Cell,0.0,0.0,24.529756282171743,99.0,6.0,25.0,1.0,124.0,-2.94,
720575940629263872,sensory,olfactory,0.0,0.0,25.14186321473966,6.0,1.0,81.0,5.0,87.0,-0.0,
720575940617795073,central,Kenyon_Cell,0.0,0.0,24.576533689018383,106.0,6.0,19.0,1.0,125.0,-3.52,
720575940617696769,central,Kenyon_Cell,0.0,0.0,24.61651574180779,99.0,6.0,21.0,1.0,120.0,-3.01,
720575940623037965,central,unknown,0.0,0.0,24.57466454051097,73.0,9.0,9.0,1.0,82.0,-3.77,
720575940627363349,sensory,olfactory,0.0,2.6371907376570743e-09,25.113503090774174,64.0,8.0,115.0,7.0,179.0,-0.0,
720575940644238871,central,ALPN,0.0,0.0,24.431443611805975,664.0,57.0,672.0,60.0,1336.0,-3.74,
720575940620383768,central,unknown,0.0,3.905584785382065e-09,22.569007805693392,98.0,7.0,189.0,10.0,287.0,-4.84,
720575940631393823,sensory,olfactory,0.0,0.0,25.097715518443493,17.0,2.0,108.0,8.0,125.0,-0.0,
720575940630738463,central,unknown,0.0,0.0,21.30272240133714,27.0,3.0,142.0,8.0,169.0,-5.59,
720575940622448166,central,ALPN,0.0,1.6795200747445623e-08,24.67537192842888,307.0,28.0,371.0,26.0,678.0,-3.86,
720575940631229999,central,unknown,0.0,0.0,23.58153295070909,78.0,7.0,124.0,7.0,202.0,-4.8,
720575940631459385,central,unknown,0.0,4.975796773797142e-09,24.23509227269698,151.0,17.0,91.0,11.0,242.0,-3.73,
720575940616844859,sensory,olfactory,0.0,0.0,24.0,0.0,0.0,25.0,3.0,25.0,-0.0,
720575940631164476,central,ALLN,0.0,9.214482385767245e-09,24.346527673020123,278.0,25.0,711.0,35.0,989.0,-3.92,
720575940638078527,central,unknown,0.0,4.246458664372228e-09,23.875295175004084,588.0,31.0,485.0,26.0,1073.0,-4.84,
720575940637849151,central,Kenyon_Cell,0.0,0.0,24.644070592709205,111.0,9.0,39.0,2.0,150.0,-2.97,
720575940618647104,central,unknown,0.0,0.0,24.814316408736858,37.0,3.0,10.0,2.0,47.0,-3.16,
720575940613338690,central,unknown,0.0,4.840572602038827e-10,22.69956558762596,176.0,17.0,185.0,11.0,361.0,-5.39,
720575940611110468,central,Kenyon_Cell,0.0,0.0,24.265417279074715,50.0,4.0,33.0,2.0,83.0,-3.52,
720575940616189509,central,Kenyon_Cell,0.0,0.0,24.66320903617504,111.0,8.0,25.0,2.0,136.0,-3.29,
720575940624184905,central,unknown,0.0,0.0,24.52920370181883,47.0,6.0,19.0,3.0,66.0,-3.04,
720575940638733902,central,unknown,0.0,5.678319683364226e-09,21.242084225153487,116.0,7.0,81.0,9.0,197.0,-5.41,
720575940632671827,central,unknown,0.0,1.147137244985299e-09,24.24251404170677,91.0,12.0,80.0,11.0,171.0,-3.64,
720575940618319444,visual_projection,unknown,0.0,2.8142085603303545e-10,20.141993054626237,47.0,5.0,288.0,21.0,335.0,-5.33,
720575940631852627,central,unknown,0.0,6.246430823317334e-09,21.465235413005036,345.0,22.0,153.0,7.0,498.0,-5.57,
720575940630050391,central,unknown,0.0,0.0,24.39490170068309,445.0,28.0,218.0,17.0,663.0,-3.52,
720575940629067351,central,Kenyon_Cell,0.0,1.0329457822829871e-09,24.38805512337321,77.0,5.0,60.0,5.0,137.0,-3.85,
720575940630181463,central,unknown,0.0,2.711812056087009e-10,23.261775310740465,29.0,3.0,20.0,3.0,49.0,-4.29,
720575940617172573,central,Kenyon_Cell,0.0,3.7906276011976156e-10,24.463705554858738,56.0,3.0,49.0,4.0,105.0,-3.64,
720575940629263975,central,Kenyon_Cell,0.0,0.0,24.60526504652626,97.0,9.0,21.0,1.0,118.0,-3.11,
720575940632835688,central,ALLN,0.0,1.3229503884431406e-06,24.770260509027104,1763.0,121.0,3358.0,288.0,5121.0,-2.51,
720575940636767856,sensory,olfactory,0.0,3.03599670303322e-09,25.16311667126613,322.0,22.0,657.0,26.0,979.0,-0.0,
720575940611208817,central,Kenyon_Cell,0.0,0.0,24.21054359821856,113.0,7.0,30.0,2.0,143.0,-4.09,
720575940611208818,sensory,olfactory,0.0,2.494111732046913e-11,25.12720732287082,62.0,8.0,188.0,11.0,250.0,-0.0,
720575940610487928,central,unknown,0.0,7.841476908543363e-09,24.156971956789807,496.0,28.0,352.0,38.0,848.0,-4.66,
720575940610258552,central,unknown,0.0,4.118331859758117e-09,20.555267482269265,129.0,6.0,49.0,2.0,178.0,-5.14,
720575940626216573,central,Kenyon_Cell,0.0,0.0,24.66797896393714,138.0,10.0,20.0,1.0,158.0,-3.18,
720575940620482182,central,unknown,0.0,2.4593747998457028e-11,24.427854178812098,744.0,61.0,253.0,27.0,997.0,-3.47,
720575940634703511,central,unknown,0.0,1.8122102113129652e-08,24.55466753045967,82.0,11.0,65.0,8.0,147.0,-3.36,
720575940634048154,central,unknown,0.0,0.0,23.667859287454984,254.0,15.0,207.0,14.0,461.0,-5.02,
720575940617598621,sensory,olfactory,0.0,0.0,25.091237895679686,17.0,3.0,98.0,12.0,115.0,-0.0,
720575940654069409,sensory,olfactory,0.0,0.0,25.08570628048668,11.0,2.0,45.0,7.0,56.0,-0.0,
720575940652562081,central,ALLN,0.0,8.077486197114436e-10,23.68067899461945,215.0,21.0,268.0,13.0,483.0,-4.22,
720575940638963363,central,Kenyon_Cell,0.0,0.0,24.683321922336965,117.0,7.0,16.0,1.0,133.0,-3.31,
720575940614485671,central,unknown,0.0,2.1713927816436222e-09,24.420744508418878,410.0,37.0,200.0,16.0,610.0,-3.55,
720575940611372714,central,ALPN,3.79896489629296e-05,2.354828254854985e-06,24.895171641372706,1251.0,112.0,1290.0,106.0,2541.0,-1.52,
720575940631885485,sensory,olfactory,0.0,3.698983499504772e-08,25.080951475333784,71.0,10.0,183.0,14.0,254.0,-0.0,
720575940633884333,central,ALPN,0.0,2.3447772798594882e-07,24.508271391633308,58.0,8.0,431.0,44.0,489.0,-2.33,
720575940636473006,central,LHLN,0.0,4.129907798094411e-09,24.53886175945777,130.0,10.0,30.0,4.0,160.0,-2.9,
720575940613863087,central,LHLN,0.0,3.515097149981069e-10,24.61804918703935,267.0,17.0,69.0,9.0,336.0,-3.14,
720575940619466416,central,Kenyon_Cell,0.0,0.0,24.68217291575865,123.0,8.0,31.0,2.0,154.0,-3.08,
720575940606949042,sensory,olfactory,0.0,0.0,24.0,0.0,0.0,51.0,7.0,51.0,-0.0,
720575940606621362,central,Kenyon_Cell,0.0,0.0,24.62276047450977,132.0,9.0,31.0,1.0,163.0,-3.05,
720575940619007664,central,ALLN,0.0,0.0,23.391313364281796,250.0,15.0,353.0,9.0,603.0,-4.26,
720575940623955637,central,ALLN,0.0,4.443235825985832e-07,24.540031793556224,2357.0,95.0,1305.0,114.0,3662.0,-3.66,
720575940623922869,central,ALPN,0.0,0.0,24.96373789577375,50.0,6.0,173.0,15.0,223.0,-2.83,
720575940623791799,central,unknown,0.0,9.725801029767002e-10,24.08342322911996,413.0,35.0,217.0,19.0,630.0,-4.53,
720575940619695809,central,Kenyon_Cell,0.0,1.6604162755947867e-09,24.689970408873403,62.0,5.0,53.0,4.0,115.0,-3.12,
720575940629591746,sensory,olfactory,0.0,3.4612763345055437e-10,25.11037184059672,22.0,3.0,96.0,10.0,118.0,-0.0,
720575940632868563,central,ALPN,4.105557322122425e-07,2.1718374883083202e-07,24.67382886379329,298.0,30.0,782.0,75.0,1080.0,-2.73,
720575940618319577,central,unknown,0.0,0.0,24.07907109011418,6.0,1.0,51.0,8.0,57.0,-3.03,
720575940616222438,central,Kenyon_Cell,0.0,0.0,23.45731153341476,25.0,2.0,30.0,2.0,55.0,-4.45,
720575940623267559,sensory,olfactory,0.0,8.418254581549792e-08,25.16979677314432,159.0,14.0,337.0,22.0,496.0,-0.0,
720575940619204335,central,unknown,0.0,0.0,21.219065959566507,93.0,8.0,54.0,6.0,147.0,-6.43,
720575940611471090,central,Kenyon_Cell,0.0,0.0,24.60184568965831,119.0,8.0,29.0,1.0,148.0,-3.22,
720575940627265274,central,ALPN,0.0,2.6102727950825386e-06,24.4631273890488,553.0,50.0,852.0,64.0,1405.0,-2.05,
720575940629559034,central,unknown,0.0,4.057493225916277e-09,24.40106611432379,103.0,10.0,92.0,6.0,195.0,-3.53,
720575940631688955,central,unknown,0.0,2.8312258003137442e-08,22.510414684373856,114.0,12.0,78.0,8.0,192.0,-5.24,
720575940626347778,central,unknown,0.0,1.1570257279131186e-06,24.62146818924718,195.0,22.0,109.0,10.0,304.0,-3.24,
720575940627822340,central,unknown,0.0,8.613646764298055e-10,24.266346011276145,441.0,46.0,135.0,8.0,576.0,-3.77,
720575940621629189,sensory,olfactory,0.0,0.0,25.135801831385947,13.0,2.0,108.0,8.0,121.0,-0.0,
720575940622972686,central,Kenyon_Cell,0.0,0.0,24.22405530749629,57.0,4.0,21.0,1.0,78.0,-3.64,
720575940628510480,central,unknown,0.0,4.4682549162426e-08,23.33288082154855,634.0,61.0,234.0,24.0,868.0,-4.81,
720575940626937617,central,ALPN,0.0,2.3446393411684653e-07,24.49150782650472,76.0,7.0,569.0,59.0,645.0,-3.76,
720575940627592977,central,unknown,0.0,1.4205325946674822e-09,24.28601266742773,135.0,9.0,33.0,5.0,168.0,-3.28,
720575940625430302,central,Kenyon_Cell,0.0,0.0,24.40546839888209,59.0,5.0,37.0,2.0,96.0,-3.56,
720575940631754527,central,Kenyon_Cell,0.0,0.0,24.5638352181719,72.0,6.0,22.0,1.0,94.0,-3.39,
720575940625561374,central,Kenyon_Cell,0.0,4.5671538231507355e-09,23.76740418810173,41.0,3.0,51.0,4.0,92.0,-4.68,
720575940622055201,central,unknown,9.27061330801838e-08,0.0,24.101837700125216,57.0,3.0,66.0,2.0,123.0,-4.02,
720575940604589856,central,unknown,0.0,0.0,19.739578319560657,5.0,1.0,0.0,0.0,5.0,-3.6,
720575940612650792,central,Kenyon_Cell,0.0,0.0,24.39060613937779,39.0,3.0,34.0,1.0,73.0,-3.77,
720575940629952300,central,unknown,0.0,0.0,23.0870837756704,739.0,34.0,692.0,37.0,1431.0,-5.44,
720575940613961522,central,ALPN,0.0,2.362876510616724e-08,24.6467409546375,82.0,8.0,333.0,34.0,415.0,-3.2,
720575940616025906,central,unknown,0.0,9.416703773905354e-09,24.69388718674429,84.0,14.0,38.0,6.0,122.0,-3.52,
720575940626282298,sensory,olfactory,0.0,7.325811627369722e-10,25.10307714701959,69.0,8.0,336.0,18.0,405.0,-0.0,
720575940639094589,central,unknown,0.0,7.897876631271404e-09,23.275968296741414,305.0,16.0,647.0,37.0,952.0,-5.03,
720575940625987390,central,unknown,0.0,0.0,23.38312951417892,110.0,9.0,66.0,9.0,176.0,-4.77,
720575940617041728,sensory,thermosensory,0.0,8.915431130025221e-07,24.63154858123381,370.0,22.0,1000.0,45.0,1370.0,-3.7,
720575940619761473,sensory,olfactory,0.0,7.82815821932908e-09,25.0277544755122,35.0,5.0,105.0,10.0,140.0,-0.0,
720575940638472006,central,Kenyon_Cell,0.0,0.0,23.979817124258982,36.0,3.0,29.0,3.0,65.0,-3.75,
720575940619925328,central,unknown,0.0,0.0,24.30663514696207,44.0,5.0,23.0,3.0,67.0,-4.02,
720575940639684440,central,Kenyon_Cell,0.0,0.0,24.075280743660866,48.0,4.0,36.0,1.0,84.0,-3.82,
720575940607637340,sensory,olfactory,0.0,0.0,25.095259330042097,21.0,2.0,10.0,2.0,31.0,-0.0,
720575940636505957,central,unknown,0.0,0.0,23.349646244702868,260.0,26.0,202.0,9.0,462.0,-4.73,
720575940613666666,sensory,olfactory,0.0,0.0,25.12540242404912,32.0,5.0,95.0,6.0,127.0,-0.0,
720575940629985132,central,unknown,0.0,2.6174331156634838e-08,22.341641830480512,49.0,5.0,99.0,11.0,148.0,-3.84,
720575940643977070,sensory,olfactory,0.0,7.924741738820253e-09,25.153436167468776,107.0,10.0,223.0,17.0,330.0,-0.0,
720575940629952374,central,Kenyon_Cell,0.0,0.0,24.774146081662337,123.0,6.0,21.0,1.0,144.0,-2.93,
720575940649154425,sensory,olfactory,0.0,6.074324948291191e-10,25.082513928421623,38.0,5.0,166.0,11.0,204.0,-0.0,
720575940630607738,descending,unknown,7.946239978301468e-08,1.6385253179616158e-07,20.141847590708117,812.0,32.0,130.0,8.0,942.0,-5.89,
720575940621825916,central,unknown,0.0,9.684467321822668e-09,20.751039886139573,123.0,9.0,58.0,7.0,181.0,-5.52,
720575940661114753,central,ALPN,0.0,1.6782938066403424e-06,24.511733345655568,1568.0,118.0,2242.0,156.0,3810.0,-3.68,
720575940648564612,central,LHCENT,0.0,5.386927642575398e-09,22.91220887667136,634.0,45.0,1908.0,107.0,2542.0,-5.19,
720575940622186376,central,unknown,0.0,0.0,21.24484103746412,114.0,11.0,534.0,31.0,648.0,-5.46,
720575940632803212,central,ALLN,0.0,1.0071406517972659e-09,24.648282801728783,29.0,5.0,90.0,8.0,119.0,-3.15,
720575940636571534,central,unknown,0.0,5.7072433290116155e-09,24.493178834774085,449.0,54.0,230.0,20.0,679.0,-3.76,
720575940625692560,central,Kenyon_Cell,0.0,0.0,24.581029361667905,131.0,7.0,21.0,1.0,152.0,-3.42,
720575940622972820,sensory,thermosensory,0.0,8.469543782924735e-08,24.687589250773204,57.0,4.0,440.0,22.0,497.0,-3.35,
720575940633032599,central,Kenyon_Cell,0.0,0.0,24.15290020533137,37.0,3.0,39.0,1.0,76.0,-3.55,
720575940613863330,central,Kenyon_Cell,0.0,0.0,24.67345578872205,125.0,9.0,22.0,1.0,147.0,-3.15,
720575940640634787,central,Kenyon_Cell,0.0,0.0,24.384244070070167,73.0,5.0,18.0,1.0,91.0,-3.48,
720575940614518690,central,unknown,0.0,9.638095455049721e-08,21.442115656400293,364.0,26.0,86.0,7.0,450.0,-5.52,
720575940618418085,central,Kenyon_Cell,0.0,0.0,24.76962833554397,109.0,5.0,35.0,2.0,144.0,-2.89,
720575940625823656,central,ALPN,0.0,0.0,24.8291940160159,61.0,4.0,148.0,13.0,209.0,-2.95,
720575940621137833,sensory,olfactory,0.0,8.228883451979178e-08,25.216121102966635,31.0,5.0,185.0,13.0,216.0,-0.0,
720575940621072297,sensory,olfactory,0.0,0.0,25.118200061659845,20.0,3.0,106.0,7.0,126.0,-0.0,
720575940632704941,central,Kenyon_Cell,0.0,4.4426839006816823e-10,24.44058493568593,45.0,3.0,46.0,4.0,91.0,-4.07,
720575940613011375,sensory,olfactory,0.0,4.0577242962270406e-10,25.12906369085548,43.0,7.0,77.0,8.0,120.0,-0.0,
720575940620056496,sensory,olfactory,0.0,0.0,25.11924492368778,12.0,2.0,84.0,9.0,96.0,-0.0,
720575940613437359,sensory,olfactory,0.0,0.0,25.113742332918516,34.0,5.0,86.0,7.0,120.0,-0.0,
720575940612159411,central,unknown,0.0,5.160496670146257e-07,22.55648641298023,285.0,29.0,133.0,15.0,418.0,-4.82,
720575940633294796,central,ALLN,2.493794979856944e-05,9.926456886047796e-05,24.74773478290039,6563.0,512.0,4412.0,256.0,10975.0,-2.16,
720575940623136717,central,ALLN,1.2713983965282346e-06,2.881014463911949e-06,24.658726505039404,1983.0,132.0,2391.0,133.0,4374.0,-3.46,
720575940622448589,central,ALPN,4.9266687865469095e-06,6.3541913889466175e-06,24.31404037413468,465.0,43.0,1056.0,102.0,1521.0,-2.1,
720575940611373006,central,unknown,0.0,0.0,24.769421923282422,31.0,4.0,13.0,2.0,44.0,-3.03,
720575940614092753,central,unknown,0.0,2.278659393622263e-08,24.36601177590106,363.0,31.0,67.0,10.0,430.0,-3.72,
720575940612683729,central,unknown,0.0,0.0,23.03000511982441,57.0,7.0,81.0,4.0,138.0,-5.29,
720575940623366102,central,ALIN,0.0,5.705068232967385e-06,23.637720738954588,532.0,26.0,732.0,19.0,1264.0,-4.2,
720575940604131296,central,Kenyon_Cell,0.0,0.0,24.73608650401107,115.0,6.0,34.0,2.0,149.0,-2.98,
720575940631328738,central,unknown,0.0,4.865300154256283e-09,19.44132300492842,254.0,11.0,82.0,6.0,336.0,-6.38,
720575940624021483,central,Kenyon_Cell,0.0,0.0,24.43375791642928,42.0,3.0,28.0,2.0,70.0,-3.66,
720575940619401199,sensory,olfactory,0.0,3.315800871991768e-09,25.10276993610156,6.0,1.0,26.0,2.0,32.0,-0.0,
720575940612093938,central,unknown,0.0,1.2621838005086631e-08,22.167594173606293,163.0,14.0,49.0,5.0,212.0,-5.62,
720575940629428215,descending,unknown,2.434198180019683e-05,2.8704528239808696e-07,21.7836934475466,909.0,24.0,320.0,10.0,1229.0,-5.29,
720575940630247418,central,unknown,3.3506645241837854e-06,1.4057401097814257e-07,23.45918280531475,1289.0,49.0,3732.0,202.0,5021.0,-4.81,
720575940630411259,central,Kenyon_Cell,0.0,0.0,24.269970433908195,45.0,4.0,27.0,1.0,72.0,-3.43,
720575940624054280,central,unknown,0.0,4.024055093867068e-09,23.93256576202792,595.0,38.0,253.0,21.0,848.0,-4.88,
720575940609406985,central,ALLN,0.0,0.0,24.480031864913723,197.0,18.0,112.0,8.0,309.0,-3.59,
720575940627200010,central,Kenyon_Cell,0.0,0.0,24.55419352074156,107.0,5.0,26.0,1.0,133.0,-3.34,
720575940624349192,central,unknown,0.0,0.0,24.459837604840395,164.0,18.0,160.0,14.0,324.0,-3.33,
720575940608456715,central,Kenyon_Cell,0.0,0.0,24.74849755000476,89.0,6.0,20.0,1.0,109.0,-3.09,
720575940627101706,central,Kenyon_Cell,0.0,0.0,24.632808410128437,107.0,9.0,30.0,1.0,137.0,-2.93,
720575940627888144,central,unknown,1.9468287946838595e-06,1.039397375528168e-06,21.846403577947537,1110.0,41.0,1383.0,77.0,2493.0,-5.46,
720575940646074391,central,unknown,0.0,2.3002788801439328e-10,22.71427918740961,332.0,17.0,256.0,16.0,588.0,-5.86,
720575940632377375,central,Kenyon_Cell,0.0,0.0,24.5029228066161,74.0,5.0,16.0,1.0,90.0,-3.44,
720575940643846180,central,unknown,0.0,0.0,21.69752114047433,81.0,5.0,26.0,3.0,107.0,-4.69,
720575940625954853,central,unknown,0.0,5.659831077416853e-08,24.636261665892903,195.0,23.0,21.0,4.0,216.0,-3.2,
720575940623071270,sensory,olfactory,0.0,0.0,24.0,0.0,0.0,24.0,4.0,24.0,-0.0,
720575940632737837,central,Kenyon_Cell,0.0,0.0,24.251994545939077,36.0,3.0,36.0,2.0,72.0,-3.68,
720575940632115247,central,Kenyon_Cell,0.0,0.0,24.58076010282996,86.0,7.0,28.0,2.0,114.0,-3.3,
720575940627822647,central,ALPN,0.0,0.0,24.730200225795933,86.0,11.0,167.0,17.0,253.0,-3.63,
720575940628641847,central,Kenyon_Cell,0.0,0.0,24.29119247509708,59.0,3.0,47.0,4.0,106.0,-3.86,
720575940620679233,sensory,olfactory,0.0,0.0,25.133699501886355,17.0,2.0,96.0,5.0,113.0,-0.0,
720575940609865796,central,LHLN,0.0,3.730629097794117e-11,24.63405648829162,90.0,9.0,47.0,7.0,137.0,-3.04,
720575940630411339,sensory,olfactory,0.0,0.0,25.10207334288855,27.0,3.0,102.0,9.0,129.0,-0.0,
720575940625233997,central,unknown,0.0,0.0,24.248217802136622,54.0,2.0,8.0,1.0,62.0,-4.01,
720575940628641871,sensory,olfactory,0.0,0.0,25.13481690140052,23.0,4.0,85.0,7.0,108.0,-0.0,
720575940620875861,central,ALPN,0.0,0.0,25.048635164890168,6.0,1.0,435.0,26.0,441.0,-2.37,
720575940617730141,sensory,olfactory,0.0,0.0,24.0,0.0,0.0,5.0,1.0,5.0,-0.0,
720575940621006945,central,unknown,0.0,6.410299103400544e-08,24.564905823897572,663.0,49.0,113.0,16.0,776.0,-3.29,
720575940604852326,central,unknown,0.0,0.0,21.39497467354107,41.0,6.0,32.0,4.0,73.0,-5.11,
720575940628314217,sensory,olfactory,0.0,0.0,24.0,0.0,0.0,26.0,4.0,26.0,-0.0,
720575940611012721,central,unknown,0.0,0.0,23.93342871077246,77.0,8.0,39.0,5.0,116.0,-5.09,
720575940634703987,sensory,olfactory,0.0,0.0,25.109109951525795,15.0,3.0,43.0,3.0,58.0,-0.0,
720575940649154681,central,ALLN,0.0,3.118838214616709e-07,24.268294533294057,165.0,16.0,406.0,46.0,571.0,-3.89,
720575940626675837,central,ALPN,1.7481727952263227e-06,9.023219921701724e-07,24.300711050833552,2878.0,115.0,5260.0,210.0,8138.0,-3.97,
720575940628674686,sensory,olfactory,0.0,0.0,25.07885905322061,11.0,2.0,38.0,3.0,49.0,-0.0,
720575940620253311,sensory,olfactory,0.0,1.0927606467499889e-07,25.138509268932484,30.0,3.0,240.0,15.0,270.0,-0.0,
720575940639979648,central,Kenyon_Cell,0.0,0.0,24.68128748507883,111.0,6.0,32.0,2.0,143.0,-3.05,
720575940646598788,central,Kenyon_Cell,0.0,0.0,24.541442644526025,111.0,6.0,10.0,1.0,121.0,-3.35,
720575940619597958,central,unknown,0.0,0.0,23.953646252372124,80.0,9.0,46.0,5.0,126.0,-4.65,
720575940626282633,sensory,olfactory,0.0,2.261102421320138e-09,25.148175797716554,80.0,11.0,180.0,8.0,260.0,-0.0,
720575940616616075,central,Kenyon_Cell,0.0,0.0,23.790301161198453,44.0,3.0,29.0,1.0,73.0,-4.35,
720575940640503949,central,unknown,0.0,0.0,24.43503204463501,162.0,12.0,17.0,2.0,179.0,-3.84,
720575940627724431,central,unknown,0.0,1.586981951998784e-09,24.61579903757203,93.0,11.0,52.0,6.0,145.0,-3.17,
720575940616026262,central,unknown,0.0,0.0,24.779172171770803,74.0,6.0,78.0,9.0,152.0,-3.01,
720575940615043222,descending,unknown,8.423014376999556e-06,3.6219727393827836e-07,19.979859965202596,687.0,33.0,124.0,5.0,811.0,-5.6,
720575940638963875,central,Kenyon_Cell,0.0,0.0,24.639006938123043,98.0,6.0,17.0,1.0,115.0,-3.35,
720575940621531312,sensory,olfactory,0.0,0.0,24.0,0.0,0.0,36.0,6.0,36.0,-0.0,
720575940605343921,sensory,olfactory,0.0,6.441047813065341e-09,25.09579778253191,33.0,4.0,78.0,7.0,111.0,-0.0,
720575940621203632,central,ALPN,0.0,1.717990519243873e-07,24.14802576806472,169.0,11.0,212.0,28.0,381.0,-3.57,
720575940607146162,central,Kenyon_Cell,0.0,0.0,24.71484297553832,118.0,6.0,25.0,1.0,143.0,-3.18,
720575940618844353,central,Kenyon_Cell,0.0,0.0,24.333535437647477,52.0,4.0,88.0,5.0,140.0,-3.88,
720575940631296204,sensory,olfactory,0.0,3.4612763345055437e-10,25.12527289300544,11.0,2.0,124.0,10.0,135.0,-0.0,
720575940611373262,central,unknown,0.0,0.0,23.820354619162764,348.0,26.0,114.0,10.0,462.0,-5.34,
720575940630902991,central,LHLN,0.0,0.0,24.807740085158347,189.0,9.0,44.0,7.0,233.0,-2.99,
720575940614944977,central,ALLN,0.0,5.799651374884506e-07,24.70353439547305,2414.0,114.0,1060.0,95.0,3474.0,-2.77,
720575940633688275,central,ALPN,0.0,3.723472772993268e-09,24.6729496792014,39.0,6.0,45.0,6.0,84.0,-3.14,
720575940618385620,central,ALLN,0.0,1.0535854970535094e-05,24.826872199539736,2774.0,193.0,4220.0,353.0,6994.0,-2.23,
720575940608227541,sensory,olfactory,0.0,6.074324948291191e-10,25.109909371426717,23.0,3.0,92.0,6.0,115.0,-0.0,
720575940622219478,sensory,olfactory,0.0,0.0,24.0,0.0,0.0,103.0,12.0,103.0,-0.0,
720575940623628509,central,unknown,0.0,0.0,22.292129870397915,13.0,2.0,0.0,0.0,13.0,-4.44,
720575940613699807,sensory,olfactory,0.0,1.1369684811429405e-08,25.08819590884588,41.0,6.0,99.0,11.0,140.0,-0.0,
720575940635883748,central,Kenyon_Cell,0.0,0.0,23.933859267440525,25.0,2.0,24.0,1.0,49.0,-4.17,
720575940622383338,sensory,olfactory,0.0,0.0,25.10276993610156,5.0,1.0,67.0,9.0,72.0,-0.0,
720575940623464683,sensory,olfactory,0.0,5.393770322918987e-11,25.11797317441813,80.0,9.0,111.0,8.0,191.0,-0.0,
720575940629494010,central,unknown,0.0,0.0,24.64793918061253,129.0,14.0,46.0,5.0,175.0,-3.09,
720575940623071485,sensory,olfactory,0.0,3.4612763345055437e-10,25.0883822082052,5.0,1.0,36.0,3.0,41.0,-0.0,
720575940613798142,central,unknown,0.0,1.036440923468776e-06,20.423371473574683,172.0,9.0,384.0,19.0,556.0,-5.82,
720575940626446594,central,LHLN,0.0,2.5028438057410465e-08,24.635665292100555,261.0,23.0,266.0,27.0,527.0,-3.14,
720575940624349448,central,unknown,0.0,4.497005450919769e-09,24.43755463076371,137.0,13.0,141.0,14.0,278.0,-3.42,
720575940608293129,central,ALPN,4.980968093065303e-05,1.787739497066826e-06,24.213462261155986,3474.0,108.0,6119.0,246.0,9593.0,-4.31,
720575940615305484,sensory,olfactory,0.0,0.0,25.0883822082052,6.0,1.0,36.0,3.0,42.0,-0.0,
720575940630411535,central,Kenyon_Cell,0.0,0.0,24.151916318686567,49.0,3.0,68.0,5.0,117.0,-3.83,
720575940628707600,sensory,olfactory,0.0,5.393770322918987e-11,25.10880531486036,63.0,8.0,104.0,7.0,167.0,-0.0,
720575940626872593,sensory,olfactory,0.0,0.0,24.0,0.0,0.0,12.0,2.0,12.0,-0.0,
720575940630575375,central,ALLN,0.0,2.827114503081267e-10,24.60659202321317,16.0,2.0,83.0,8.0,99.0,-3.68,
720575940617763099,central,unknown,0.0,1.227867252611113e-06,22.907872363693464,99.0,12.0,152.0,15.0,251.0,-4.3,
720575940627167516,descending,unknown,0.0,8.885963043083236e-09,20.52872622948726,285.0,20.0,64.0,3.0,349.0,-5.47,
720575940631591199,central,ALLN,0.0,5.306160174662563e-09,24.70723661765496,101.0,6.0,193.0,24.0,294.0,-2.42,
720575940605376800,central,unknown,0.0,0.0,24.523735778355967,54.0,5.0,57.0,5.0,111.0,-3.26,
720575940645714211,central,Kenyon_Cell,0.0,0.0,24.579614214338427,137.0,7.0,13.0,1.0,150.0,-3.53,
720575940624709925,central,Kenyon_Cell,0.0,0.0,24.49855908750863,77.0,5.0,28.0,2.0,105.0,-3.64,
720575940629723434,central,Kenyon_Cell,0.0,0.0,24.72705216228825,87.0,8.0,16.0,1.0,103.0,-2.9,
720575940628478251,sensory,olfactory,0.0,0.0,25.13538894293544,70.0,8.0,205.0,11.0,275.0,-0.0,
720575940632738093,central,Kenyon_Cell,0.0,0.0,24.70730808047032,99.0,6.0,35.0,2.0,134.0,-2.96,
720575940626741552,central,ALLN,0.0,6.197135060869682e-07,23.40023793500686,478.0,58.0,224.0,20.0,702.0,-4.31,
720575940617959729,central,Kenyon_Cell,0.0,0.0,24.784306449627103,145.0,5.0,35.0,3.0,180.0,-2.94,
720575940613798195,sensory,olfactory,0.0,5.3038807099411946e-08,25.115555766745665,110.0,7.0,567.0,32.0,677.0,-0.0,
720575940613863731,central,unknown,0.0,0.0,20.87327692833106,59.0,8.0,16.0,2.0,75.0,-5.81,
720575940639127861,central,Kenyon_Cell,0.0,0.0,24.726047087690706,137.0,5.0,27.0,2.0,164.0,-3.13,
720575940629788983,central,Kenyon_Cell,0.0,8.337899576319656e-10,24.055194348869836,55.0,4.0,65.0,4.0,120.0,-4.57,
720575940629920056,central,unknown,0.0,2.2447005588422223e-10,21.22807142683792,106.0,9.0,55.0,4.0,161.0,-5.65,
720575940616812859,central,unknown,0.0,0.0,24.102829194783848,102.0,10.0,12.0,2.0,114.0,-4.83,
720575940629821756,sensory,olfactory,0.0,6.074324948291191e-10,25.106924993862524,32.0,3.0,31.0,4.0,63.0,-0.0,
720575940637686079,central,unknown,0.0,8.495908285674243e-07,23.490139266848036,97.0,13.0,110.0,6.0,207.0,-4.35,
720575940621039952,central,unknown,9.203070268202816e-05,2.8780978715574924e-08,24.609561485941096,3533.0,91.0,1786.0,105.0,5319.0,-3.28,
720575940625889625,sensory,olfactory,0.0,4.3982108463797474e-08,25.11671105170104,21.0,3.0,187.0,15.0,208.0,-0.0,
720575940636080479,central,unknown,0.0,0.0,21.80969629874802,269.0,26.0,409.0,25.0,678.0,-5.25,
720575940622055777,central,unknown,0.0,1.752831354102588e-07,21.871335720195923,77.0,8.0,38.0,5.0,115.0,-4.16,
720575940610357602,central,unknown,0.0,0.0,21.530287096826378,463.0,27.0,207.0,21.0,670.0,-5.71,
720575940611012962,central,unknown,0.0,0.0,23.43653699155748,280.0,26.0,168.0,17.0,448.0,-5.44,
720575940626086244,central,Kenyon_Cell,0.0,0.0,24.54567361120253,70.0,6.0,38.0,2.0,108.0,-3.41,
720575940630968680,central,unknown,0.0,1.264663024981452e-07,21.876215750822805,314.0,19.0,175.0,10.0,489.0,-5.77,
720575940630313324,central,unknown,4.596899827447399e-05,1.5215557701622064e-06,23.775784103339024,365.0,25.0,139.0,14.0,504.0,-4.51,
720575940620319085,central,ALLN,0.0,2.0271228439901167e-06,23.842268878982807,214.0,17.0,845.0,44.0,1059.0,-4.27,
720575940630608236,central,unknown,6.356991982641173e-07,1.4212570452293475e-06,24.20854262769432,910.0,70.0,449.0,26.0,1359.0,-3.89,
720575940611930481,central,unknown,1.628979195551801e-06,8.512484533569036e-08,24.13567361808692,1734.0,103.0,305.0,28.0,2039.0,-4.03,
720575940621236596,central,unknown,0.0,2.6339792090566013e-10,24.36063421699138,393.0,33.0,97.0,10.0,490.0,-3.42,
720575940648139129,central,Kenyon_Cell,0.0,0.0,24.684744162212567,143.0,7.0,22.0,2.0,165.0,-3.3,
720575940629625210,central,Kenyon_Cell,0.0,0.0,24.755192959844837,99.0,5.0,29.0,1.0,128.0,-3.24,
720575940628674938,central,unknown,0.0,0.0,23.33331198380432,102.0,11.0,231.0,19.0,333.0,-5.04,
720575940626217341,central,Kenyon_Cell,0.0,0.0,24.55771276604637,81.0,6.0,32.0,2.0,113.0,-3.08,
720575940639553920,descending,unknown,0.0,1.0049108328856957e-07,20.20052249325733,103.0,5.0,7.0,1.0,110.0,-4.71,
720575940627069321,central,unknown,0.0,4.014121410178243e-09,24.383301095684917,144.0,15.0,36.0,5.0,180.0,-3.21,
720575940641323405,central,unknown,0.0,2.5941128150346232e-08,24.60650442575084,237.0,24.0,34.0,6.0,271.0,-3.25,
720575940611045781,sensory,olfactory,0.0,0.0,25.102729316073336,66.0,6.0,151.0,12.0,217.0,-0.0,
720575940611111317,central,Kenyon_Cell,0.0,0.0,24.54909966225601,77.0,5.0,26.0,2.0,103.0,-3.1,
720575940643781024,central,unknown,0.0,0.0,24.46349258782804,190.0,18.0,181.0,17.0,371.0,-3.6,
720575940638964131,central,Kenyon_Cell,0.0,0.0,24.66103232976335,138.0,8.0,28.0,2.0,166.0,-3.16,
720575940640864675,central,unknown,0.0,3.647438985538757e-10,23.07129288795844,246.0,17.0,100.0,9.0,346.0,-5.61,
720575940614486439,central,LHLN,0.0,7.845196389903524e-09,24.585077137461106,449.0,39.0,192.0,23.0,641.0,-3.18,
720575940605934001,central,Kenyon_Cell,0.0,0.0,24.43276046713052,101.0,6.0,26.0,2.0,127.0,-3.27,
720575940624677303,visual_projection,unknown,1.0992298636650365e-06,3.107991572320888e-07,22.11749993834228,302.0,12.0,1359.0,63.0,1661.0,-5.16,
720575940639095229,central,unknown,0.0,0.0,24.740554213920028,37.0,6.0,29.0,3.0,66.0,-3.19,
720575940638603709,central,unknown,1.0952567436758857e-05,3.631309330171536e-07,20.577039390416065,630.0,31.0,157.0,7.0,787.0,-5.95,
720575940629461442,descending,unknown,5.749104624301112e-05,8.055952106800064e-05,22.916157406894964,4615.0,152.0,446.0,27.0,5061.0,-4.44,
720575940610161091,central,ALLN,0.0,1.0249996695231236e-06,24.65144137370732,3426.0,145.0,3234.0,140.0,6660.0,-4.05,
720575940615764422,central,Kenyon_Cell,0.0,0.0,24.503626853306645,59.0,5.0,16.0,1.0,75.0,-3.12,
720575940640471504,central,unknown,0.0,0.0,23.145521356310248,67.0,7.0,59.0,7.0,126.0,-4.97,
720575940607932885,sensory,olfactory,0.0,1.7548295260376763e-10,25.124863144932284,29.0,4.0,90.0,8.0,119.0,-0.0,
720575940621728214,central,Kenyon_Cell,0.0,0.0,24.701388046652912,134.0,5.0,24.0,1.0,158.0,-3.44,
720575940622612957,central,unknown,0.0,0.0,24.631072734283357,77.0,11.0,51.0,6.0,128.0,-3.4,
720575940637784548,central,Kenyon_Cell,0.0,0.0,24.776043408095624,85.0,6.0,17.0,1.0,102.0,-2.97,
720575940617009638,sensory,olfactory,0.0,0.0,25.17468699469892,21.0,3.0,84.0,5.0,105.0,-0.0,
720575940627069416,visual_projection,unknown,0.0,6.067506967831218e-07,22.658261631533065,359.0,25.0,245.0,10.0,604.0,-4.6,
720575940638145001,central,LHLN,0.0,7.072652555721466e-10,24.74857767870205,192.0,16.0,74.0,12.0,266.0,-2.88,
720575940623530474,central,Kenyon_Cell,0.0,0.0,24.64506913564133,150.0,9.0,18.0,1.0,168.0,-3.42,
720575940624710122,central,unknown,0.0,0.0,23.581132432348387,211.0,14.0,122.0,8.0,333.0,-5.29,
720575940611733997,central,Kenyon_Cell,0.0,0.0,24.590625741861047,110.0,8.0,23.0,1.0,133.0,-3.24,
720575940628478449,central,unknown,0.0,5.37411100432405e-08,20.35477576312484,105.0,7.0,18.0,3.0,123.0,-5.78,
720575940623825405,central,unknown,0.0,0.0,23.895653259665647,136.0,18.0,38.0,6.0,174.0,-4.33,
720575940628281860,sensory,olfactory,0.0,0.0,25.072346298824748,5.0,1.0,22.0,4.0,27.0,-0.0,
720575940628347398,central,unknown,0.0,2.663411597786005e-10,24.42128385800283,153.0,18.0,80.0,7.0,233.0,-3.37,
720575940623792648,central,ALLN,0.0,5.678001354841241e-07,24.6443164276713,2982.0,127.0,2640.0,129.0,5622.0,-4.14,
720575940607375881,sensory,olfactory,0.0,0.0,25.077845036156724,10.0,2.0,56.0,6.0,66.0,-0.0,
720575940624054792,central,unknown,0.0,2.4285483269983428e-09,21.254603067679827,93.0,11.0,250.0,8.0,343.0,-5.24,
720575940609112587,central,ALLN,0.0,0.0,24.671015745635337,5.0,1.0,373.0,36.0,378.0,-3.38,
720575940631230994,central,LHLN,0.0,0.0,24.78810591449354,65.0,5.0,105.0,15.0,170.0,-2.66,
720575940619696660,central,Kenyon_Cell,0.0,0.0,23.788951924936267,66.0,3.0,27.0,1.0,93.0,-3.76,
720575940627429909,central,Kenyon_Cell,0.0,0.0,23.960737117186152,139.0,7.0,32.0,1.0,171.0,-4.93,
720575940621892122,central,Kenyon_Cell,0.0,0.0,24.679704917961548,144.0,9.0,35.0,2.0,179.0,-2.86,
720575940617828893,central,unknown,0.0,2.8500226213605154e-09,24.18320669570728,656.0,52.0,244.0,23.0,900.0,-4.19,
720575940621761057,central,LHLN,0.0,1.290452445457784e-09,24.52340334370084,243.0,15.0,69.0,9.0,312.0,-3.24,
720575940618353186,central,Kenyon_Cell,0.0,0.0,24.665448186137706,109.0,5.0,35.0,2.0,144.0,-3.17,
720575940646369827,central,unknown,0.0,0.0,24.44727235132956,22.0,4.0,0.0,0.0,22.0,-2.53,
720575940645059107,central,Kenyon_Cell,0.0,0.0,23.80569908353927,37.0,2.0,47.0,2.0,84.0,-4.58,
720575940613339688,central,unknown,0.0,2.290643410466327e-08,20.17632778396044,238.0,19.0,187.0,8.0,425.0,-6.02,
720575940629723690,central,Kenyon_Cell,0.0,0.0,24.634021061938185,181.0,7.0,26.0,1.0,207.0,-3.43,
720575940631460394,central,LHLN,0.0,2.9806281509289944e-08,24.610941392117457,595.0,45.0,945.0,73.0,1540.0,-3.12,
720575940628609579,central,unknown,1.2581546632310656e-06,1.7049680457053257e-07,23.893779881400143,2127.0,112.0,1187.0,65.0,3314.0,-4.3,
720575940629854764,central,Kenyon_Cell,0.0,0.0,24.48596000316963,52.0,5.0,20.0,1.0,72.0,-3.43,
720575940616256059,sensory,olfactory,0.0,1.688821659459659e-09,25.10178917562488,79.0,8.0,148.0,11.0,227.0,-0.0,
720575940618615360,central,ALPN,0.0,4.5566841525962483e-07,24.7437144797134,907.0,55.0,657.0,48.0,1564.0,-2.65,
720575940618582592,central,unknown,0.0,1.333709758995276e-09,23.819883834885857,246.0,24.0,125.0,13.0,371.0,-4.82,
720575940627102280,central,unknown,0.0,1.8276066030034707e-10,21.350328918235164,191.0,16.0,275.0,7.0,466.0,-5.64,
720575940622842441,central,unknown,0.0,1.692789527086969e-09,24.909885964990394,5.0,1.0,18.0,3.0,23.0,-3.04,
720575940619565648,sensory,olfactory,0.0,0.0,25.111544346516386,25.0,3.0,65.0,6.0,90.0,-0.0,
720575940637555288,central,unknown,0.0,0.0,21.3581227721224,36.0,4.0,8.0,1.0,44.0,-4.44,
720575940619696731,central,unknown,0.0,5.636382048089972e-08,22.835404730013703,859.0,38.0,248.0,11.0,1107.0,-5.35,
720575940615436893,central,unknown,0.0,1.057803019462999e-09,22.8059933412581,137.0,8.0,44.0,3.0,181.0,-4.63,
720575940620286558,central,Kenyon_Cell,0.0,0.0,24.675893631454915,88.0,5.0,13.0,1.0,101.0,-2.81,
720575940620319329,sensory,olfactory,0.0,0.0,25.150815490211567,42.0,5.0,79.0,4.0,121.0,-0.0,
720575940625136228,sensory,olfactory,0.0,0.0,24.0,0.0,0.0,63.0,8.0,63.0,-0.0,
720575940628970087,central,unknown,0.0,0.0,24.551379465892666,484.0,34.0,128.0,15.0,612.0,-3.65,
720575940614781546,central,Kenyon_Cell,0.0,0.0,24.55044997089841,104.0,5.0,19.0,1.0,123.0,-3.29,
720575940634704491,central,unknown,2.516309326462131e-07,1.5642326469830025e-08,20.99267950994508,636.0,23.0,115.0,7.0,751.0,-5.76,
720575940630608492,central,LHLN,0.0,0.0,24.57466147340592,193.0,12.0,120.0,10.0,313.0,-3.37,
720575940619205229,central,Kenyon_Cell,0.0,0.0,24.533828766118145,53.0,4.0,35.0,2.0,88.0,-3.59,
720575940629789292,central,Kenyon_Cell,0.0,0.0,24.528400882007844,77.0,6.0,21.0,2.0,98.0,-3.24,
720575940611242609,central,unknown,0.0,4.20378846001031e-08,22.185935573922865,229.0,15.0,161.0,12.0,390.0,-5.46,
720575940638440051,central,unknown,0.0,5.589500740495163e-08,20.652190171094947,22.0,4.0,193.0,11.0,215.0,-5.14,
720575940616551029,central,unknown,0.0,0.0,21.87157683301114,1419.0,33.0,3252.0,172.0,4671.0,-6.07,
720575940616944251,sensory,olfactory,0.0,3.4612763345055437e-10,25.12640032180101,36.0,4.0,62.0,7.0,98.0,-0.0,
720575940621204095,central,unknown,0.0,2.4949055902215964e-08,23.032156696260607,207.0,22.0,66.0,6.0,273.0,-4.48,
720575940645386884,central,Kenyon_Cell,0.0,0.0,24.23690208418818,52.0,3.0,33.0,3.0,85.0,-3.79,
720575940625529477,central,Kenyon_Cell,0.0,0.0,24.76603531761898,113.0,5.0,21.0,1.0,134.0,-2.95,
720575940621564550,central,unknown,0.0,0.0,22.85708897642876,276.0,18.0,52.0,7.0,328.0,-5.51,
720575940623465098,central,unknown,0.0,5.720835117567652e-11,24.573087434055317,314.0,24.0,101.0,13.0,415.0,-3.3,
720575940642142861,central,MBON,0.0,0.0,22.83015276727701,134.0,15.0,120.0,8.0,254.0,-5.35,
720575940635916942,sensory,hygrosensory,0.0,0.0,24.660384020802137,233.0,21.0,333.0,28.0,566.0,-3.73,
720575940612717202,central,Kenyon_Cell,0.0,0.0,24.620703783894367,89.0,7.0,19.0,1.0,108.0,-2.93,
720575940633983639,sensory,olfactory,0.0,0.0,24.0,0.0,0.0,6.0,1.0,6.0,-0.0,
720575940624611992,central,unknown,0.0,0.0,24.430357404917043,69.0,9.0,17.0,3.0,86.0,-3.31,
720575940612160153,sensory,olfactory,0.0,6.074324948291191e-10,25.10527356858474,46.0,7.0,124.0,8.0,170.0,-0.0,
720575940610751129,central,Kenyon_Cell,0.0,0.0,24.48377110367285,43.0,2.0,19.0,2.0,62.0,-4.02,
720575940618779294,central,unknown,0.0,4.6952451216481045e-09,23.514799238772813,84.0,9.0,104.0,11.0,188.0,-5.41,
720575940614159010,central,unknown,0.0,1.0113486218495174e-09,23.95444048175048,385.0,25.0,539.0,29.0,924.0,-4.71,
720575940635425460,central,Kenyon_Cell,0.0,0.0,24.67050019604385,122.0,7.0,22.0,1.0,144.0,-3.12,
720575940619434689,sensory,olfactory,0.0,8.017896659977994e-09,25.011130855678577,22.0,4.0,85.0,8.0,107.0,-0.0,
720575940630149829,central,unknown,0.0,4.157278218941172e-10,24.01581996263389,172.0,15.0,239.0,13.0,411.0,-3.94,
720575940615568070,central,unknown,0.0,7.216477380881873e-10,24.003910732022213,525.0,25.0,492.0,29.0,1017.0,-4.1,
720575940613929670,central,Kenyon_Cell,0.0,0.0,24.431192524857696,51.0,4.0,20.0,1.0,71.0,-3.59,
720575940626053834,central,unknown,0.0,0.0,23.117675892748167,81.0,9.0,46.0,6.0,127.0,-4.4,
720575940623956682,central,unknown,0.0,6.649881973270696e-09,22.076186663861947,114.0,4.0,58.0,2.0,172.0,-6.0,
720575940632410828,central,unknown,2.455388153295153e-05,1.00205041594508e-06,21.747490446400285,498.0,28.0,669.0,23.0,1167.0,-5.46,
720575940622547661,sensory,olfactory,0.0,6.155925276677938e-10,25.094890863166192,40.0,5.0,86.0,6.0,126.0,-0.0,
720575940610292430,central,ALPN,3.235444044498414e-05,7.959413924057072e-05,24.431165387376108,1564.0,94.0,1471.0,84.0,3035.0,-2.88,
720575940610456270,central,unknown,0.0,4.664058108830193e-09,20.99929419516062,36.0,5.0,11.0,2.0,47.0,-4.65,
720575940639619792,sensory,olfactory,0.0,0.0,25.097943121851458,43.0,5.0,160.0,10.0,203.0,-0.0,
720575940612881105,sensory,olfactory,0.0,0.0,25.11008742750832,13.0,2.0,86.0,11.0,99.0,-0.0,
720575940610915026,central,LHLN,0.0,1.2634347112592583e-10,24.55065885899136,687.0,54.0,210.0,26.0,897.0,-3.48,
720575940619434712,central,unknown,2.6487466594338225e-07,1.558834755871611e-06,23.29022025053732,1268.0,77.0,839.0,21.0,2107.0,-5.15,
720575940616649433,central,Kenyon_Cell,0.0,0.0,24.674143855918963,140.0,9.0,24.0,1.0,164.0,-3.34,
720575940617272025,central,unknown,0.0,9.583124816230075e-11,24.200415830834928,518.0,24.0,211.0,23.0,729.0,-4.66,
720575940621073117,central,Kenyon_Cell,0.0,2.8178155951423643e-10,24.103494509000484,27.0,2.0,26.0,2.0,53.0,-3.92,
720575940614388447,central,unknown,0.0,6.697416338258087e-09,23.12431454160755,106.0,14.0,64.0,6.0,170.0,-4.69,
720575940612586211,central,LHLN,0.0,0.0,24.48209313970696,243.0,18.0,162.0,14.0,405.0,-3.61,
720575940638046948,central,unknown,0.0,4.254575146016646e-07,24.24837894648137,714.0,59.0,83.0,9.0,797.0,-4.14,
720575940611504869,sensory,olfactory,0.0,0.0,24.0,0.0,0.0,30.0,5.0,30.0,-0.0,
720575940629854953,sensory,olfactory,0.0,0.0,25.0867038780736,21.0,3.0,109.0,9.0,130.0,-0.0,
720575940621761263,central,unknown,0.0,2.1419962013230146e-07,23.839582698760587,110.0,11.0,142.0,12.0,252.0,-3.56,
720575940620024560,sensory,olfactory,0.0,8.06050441752503e-09,25.010298735205257,30.0,4.0,110.0,11.0,140.0,-0.0,
720575940610423538,central,ALPN,0.0,0.0,24.24083836413814,46.0,5.0,27.0,3.0,73.0,-3.64,
720575940634868472,central,Kenyon_Cell,0.0,0.0,24.429657426329804,75.0,4.0,50.0,3.0,125.0,-3.98,
720575940621433599,central,unknown,0.0,5.360076074464438e-10,23.84558513206515,26.0,4.0,10.0,2.0,36.0,-3.09,
720575940630084352,central,unknown,0.0,0.0,23.37387538499341,179.0,22.0,132.0,8.0,311.0,-4.54,
720575940628347654,central,unknown,0.0,0.0,23.589451180791688,307.0,27.0,142.0,10.0,449.0,-4.53,
720575940624382727,sensory,olfactory,0.0,0.0,24.0,0.0,0.0,22.0,3.0,22.0,-0.0,
720575940623235848,sensory,olfactory,0.0,2.613048613785647e-10,25.12086246211297,39.0,4.0,118.0,10.0,157.0,-0.0,
720575940627397386,sensory,olfactory,0.0,0.0,25.0883822082052,5.0,1.0,80.0,6.0,85.0,-0.0,
720575940608588555,central,unknown,0.0,0.0,24.17564908866132,69.0,6.0,19.0,3.0,88.0,-3.6,
720575940631100175,central,Kenyon_Cell,0.0,0.0,24.720686358199625,102.0,7.0,33.0,2.0,135.0,-3.04,
720575940629494543,central,Kenyon_Cell,0.0,2.126880001512564e-09,24.68794307269369,129.0,7.0,24.0,2.0,153.0,-3.13,
720575940628478736,central,unknown,1.1919359967452201e-07,0.0,22.78338069133085,709.0,27.0,373.0,12.0,1082.0,-5.42,
720575940627364629,central,unknown,0.0,0.0,24.5053743234392,71.0,8.0,5.0,1.0,76.0,-3.41,
720575940617534235,central,Kenyon_Cell,0.0,0.0,24.601460280074537,127.0,8.0,25.0,1.0,152.0,-3.28,
720575940645714723,central,Kenyon_Cell,0.0,0.0,24.465636837764382,69.0,4.0,42.0,3.0,111.0,-3.48,
720575940624775975,central,unknown,0.0,0.0,23.65133334820698,338.0,28.0,48.0,4.0,386.0,-4.45,
720575940621433641,central,unknown,0.0,2.204362811428108e-08,24.57561778108159,214.0,20.0,21.0,4.0,235.0,-3.51,
720575940628773675,central,Kenyon_Cell,0.0,0.0,24.59834729817271,142.0,8.0,21.0,1.0,163.0,-3.13,
720575940617009970,central,unknown,5.429930651839336e-07,7.371389286468925e-07,23.257892779238347,973.0,54.0,314.0,13.0,1287.0,-4.71,
720575940628446010,central,unknown,5.66831785118838e-06,3.8814041887249604e-07,20.395240379268984,702.0,31.0,397.0,10.0,1099.0,-5.84,
720575940636998463,sensory,olfactory,0.0,0.0,24.0,0.0,0.0,87.0,7.0,87.0,-0.0,
720575940615502658,central,LHLN,0.0,2.019926358355217e-09,24.756484246122472,172.0,12.0,34.0,5.0,206.0,-3.23,
720575940631526215,central,ALLN,2.6487466594338225e-07,4.647789688096835e-07,24.425476305084366,1723.0,145.0,1465.0,46.0,3188.0,-3.24,
720575940624186185,central,unknown,0.0,2.7177569126443366e-10,23.694268063631103,399.0,40.0,149.0,16.0,548.0,-4.18,
720575940627135306,sensory,thermosensory,0.0,1.8931064290493453e-08,24.672394511954558,95.0,7.0,663.0,24.0,758.0,-3.32,
720575940624120649,central,unknown,0.0,0.0,21.45647576218549,233.0,16.0,330.0,6.0,563.0,-5.33,
720575940624677709,central,LHCENT,0.0,0.0,24.291315347025535,504.0,27.0,307.0,26.0,811.0,-3.58,
720575940639030094,sensory,olfactory,0.0,0.0,25.076793131613112,13.0,2.0,99.0,11.0,112.0,-0.0,
720575940628773711,central,unknown,0.0,0.0,23.0952702405545,193.0,18.0,520.0,15.0,713.0,-4.54,
720575940618681168,central,ALLN,0.0,6.405955266071978e-10,24.662678759785138,6.0,1.0,67.0,7.0,73.0,-3.3,
720575940631264083,central,unknown,0.0,2.2300867959995207e-07,22.33860633425065,322.0,29.0,82.0,9.0,404.0,-5.03,
720575940609932130,central,unknown,0.0,9.560211627292834e-10,22.32537193139973,40.0,6.0,14.0,2.0,54.0,-4.83,
720575940609768290,central,Kenyon_Cell,0.0,0.0,24.62911731247091,81.0,5.0,20.0,1.0,101.0,-3.34,
720575940628478823,central,unknown,0.0,2.570139425172302e-07,20.5068471215929,206.0,12.0,355.0,21.0,561.0,-5.74,
720575940628675433,central,ALIN,0.0,3.594628587488312e-07,20.925365849905702,5.0,1.0,266.0,17.0,271.0,-3.99,
720575940636343147,central,LHCENT,2.4951193531866607e-05,1.0497633218772165e-07,23.09792208835564,584.0,43.0,2105.0,83.0,2689.0,-5.05,
720575940629232492,sensory,olfactory,0.0,0.0,25.1199256714054,24.0,3.0,83.0,4.0,107.0,-0.0,
720575940644076398,sensory,olfactory,0.0,0.0,25.14070804287756,43.0,6.0,57.0,5.0,100.0,-0.0,
720575940642962286,central,ALPN,0.0,1.611470836523513e-07,24.752291764119352,21.0,2.0,274.0,29.0,295.0,-2.1,
720575940620483444,central,unknown,0.0,6.461612849458848e-09,21.153817920507667,151.0,11.0,15.0,2.0,166.0,-5.13,
720575940621302644,central,unknown,0.0,0.0,21.87620753776695,54.0,8.0,14.0,2.0,68.0,-5.19,
720575940630510454,central,unknown,0.0,0.0,23.712124417198904,245.0,24.0,47.0,4.0,292.0,-4.17,
720575940615961461,central,unknown,0.0,2.7586446672490082e-08,21.97299821272282,94.0,6.0,15.0,3.0,109.0,-6.32,
720575940618746747,central,Kenyon_Cell,0.0,0.0,24.455538106703543,90.0,4.0,17.0,1.0,107.0,-3.43,
720575940618648443,central,unknown,0.0,4.622814519911151e-09,23.60896680741321,112.0,6.0,189.0,11.0,301.0,-4.67,
720575940658101121,central,Kenyon_Cell,0.0,0.0,23.933857528226817,22.0,2.0,16.0,2.0,38.0,-4.53,
720575940620123015,central,unknown,0.0,2.5514505212334665e-10,24.54454194623724,109.0,13.0,77.0,5.0,186.0,-3.58,
720575940619434887,central,Kenyon_Cell,0.0,0.0,24.23866266416252,95.0,7.0,17.0,1.0,112.0,-4.0,
720575940641979277,sensory,olfactory,0.0,6.074324948291191e-10,25.11827665882075,67.0,8.0,190.0,10.0,257.0,-0.0,
720575940611767189,central,unknown,0.0,9.336469117532186e-09,22.693465763804777,203.0,13.0,194.0,11.0,397.0,-5.23,
720575940634606490,central,unknown,0.0,3.5927071711115904e-08,20.373795872994528,92.0,9.0,214.0,12.0,306.0,-6.11,
720575940612553642,central,unknown,0.0,0.0,24.458570374290783,260.0,29.0,151.0,12.0,411.0,-3.29,
720575940620614571,sensory,olfactory,0.0,0.0,24.0,0.0,0.0,5.0,1.0,5.0,-0.0,
720575940605180849,central,Kenyon_Cell,0.0,0.0,24.59125843574416,53.0,5.0,19.0,1.0,72.0,-3.22,
720575940610784179,central,Kenyon_Cell,0.0,0.0,24.19606660661781,43.0,3.0,34.0,2.0,77.0,-4.0,
720575940616092603,central,Kenyon_Cell,0.0,0.0,24.56093131275982,134.0,6.0,19.0,1.0,153.0,-3.6,
720575940618517440,central,Kenyon_Cell,0.0,0.0,24.631829420659024,63.0,5.0,18.0,1.0,81.0,-3.39,
720575940629199810,sensory,olfactory,0.0,0.0,25.24678925991962,5.0,1.0,113.0,10.0,118.0,-0.0,
720575940629068741,central,ALLN,0.0,0.0,24.705842972176946,162.0,15.0,91.0,7.0,253.0,-2.46,
720575940618746827,central,unknown,0.0,2.979815239546691e-08,21.2891155467527,30.0,5.0,19.0,2.0,49.0,-5.05,
720575940623137741,central,ALPN,0.0,1.3165536650987904e-08,24.576170029728782,109.0,13.0,626.0,53.0,735.0,-3.69,
720575940623104973,central,unknown,0.0,9.217732159171579e-10,24.646450611765086,122.0,14.0,46.0,7.0,168.0,-3.49,
720575940610849742,central,Kenyon_Cell,0.0,0.0,24.13199873746724,75.0,5.0,9.0,1.0,84.0,-3.93,
720575940640078800,central,unknown,0.0,0.0,24.241046996152896,243.0,13.0,70.0,10.0,313.0,-4.16,
720575940613864401,central,ALPN,1.4832981292829405e-06,1.4724290146131664e-07,23.850344266028305,156.0,12.0,892.0,82.0,1048.0,-3.2,
720575940617501652,central,unknown,0.0,2.3945862842585796e-08,24.682659765816425,89.0,10.0,55.0,7.0,144.0,-3.26,
720575940612127706,central,unknown,0.0,2.663411597786005e-10,24.038989752777866,1127.0,91.0,237.0,23.0,1364.0,-4.1,
720575940637686750,central,unknown,0.0,6.21237459312152e-07,21.498195307742662,179.0,11.0,667.0,26.0,846.0,-5.6,
720575940633557986,sensory,olfactory,0.0,0.0,25.101230010204315,10.0,2.0,23.0,3.0,33.0,-0.0,
720575940611111907,sensory,olfactory,0.0,0.0,25.128999482900376,42.0,3.0,44.0,3.0,86.0,-0.0,
720575940617534438,central,Kenyon_Cell,0.0,0.0,24.56635927480208,128.0,7.0,24.0,2.0,152.0,-3.42,
720575940628184040,sensory,olfactory,0.0,5.1484763333474946e-11,25.12939259503932,15.0,2.0,114.0,11.0,129.0,-0.0,
720575940626643944,central,Kenyon_Cell,0.0,0.0,24.70314406233796,97.0,7.0,22.0,1.0,119.0,-3.18,
720575940623629292,sensory,gustatory,0.0,0.0,22.318489065050585,5.0,1.0,0.0,0.0,5.0,-4.91,
720575940621597678,central,Kenyon_Cell,0.0,0.0,24.59617909295752,137.0,8.0,22.0,1.0,159.0,-3.28,
720575940620418032,sensory,olfactory,0.0,2.6664458624925212e-08,25.12245894755017,56.0,9.0,136.0,13.0,192.0,-0.0,
720575940652104694,descending,unknown,0.0,7.693252559010699e-09,20.19173545883278,56.0,8.0,48.0,1.0,104.0,-5.47,
720575940628839419,central,LHLN,0.0,0.0,24.730331196699925,187.0,16.0,144.0,15.0,331.0,-3.23,
720575940626480124,sensory,olfactory,0.0,0.0,24.0,0.0,0.0,55.0,5.0,55.0,-0.0,
720575940628347910,central,unknown,0.0,0.0,22.846652523871104,94.0,9.0,93.0,9.0,187.0,-5.37,
720575940621466637,central,unknown,0.0,0.0,22.824867806134773,33.0,5.0,106.0,5.0,139.0,-4.69,
720575940624776206,central,Kenyon_Cell,0.0,0.0,24.362347069480933,60.0,5.0,44.0,3.0,104.0,-3.95,
720575940627168273,central,unknown,0.0,1.2275054811714406e-07,24.04390086426913,136.0,13.0,68.0,7.0,204.0,-3.74,
720575940627692565,central,unknown,5.032618652924262e-07,1.6852935191485252e-08,23.747149515741057,3558.0,101.0,1444.0,60.0,5002.0,-5.15,
720575940627627029,central,unknown,0.0,0.0,24.66340394974384,153.0,15.0,86.0,8.0,239.0,-3.29,
720575940620057626,visual_projection,unknown,0.0,1.8197647266826334e-07,21.584339926632467,144.0,9.0,313.0,19.0,457.0,-5.64,
720575940645747747,central,Kenyon_Cell,0.0,0.0,24.690609376986227,86.0,5.0,18.0,1.0,104.0,-3.1,
720575940645682211,central,Kenyon_Cell,0.0,0.0,23.956345691682333,112.0,8.0,24.0,1.0,136.0,-4.86,
720575940623268902,central,unknown,0.0,2.436925373657016e-08,24.212756331482776,33.0,5.0,31.0,3.0,64.0,-4.14,
720575940632542253,central,unknown,0.0,0.0,23.33334980566794,226.0,16.0,198.0,16.0,424.0,-5.19,
720575940632149039,central,Kenyon_Cell,0.0,0.0,24.549502704963988,52.0,4.0,46.0,3.0,98.0,-3.42,
720575940639194165,central,unknown,0.0,5.90365036383107e-08,23.85705139104568,1068.0,78.0,734.0,69.0,1802.0,-4.76,
720575940639718453,central,unknown,0.0,0.0,21.844538968593493,131.0,7.0,0.0,0.0,131.0,-6.22,
720575940617010240,central,Kenyon_Cell,0.0,1.8394074023845986e-10,24.378812738288005,47.0,2.0,37.0,2.0,84.0,-3.68,
720575940619238465,central,unknown,0.0,0.0,23.588344653900837,41.0,5.0,23.0,4.0,64.0,-5.02,
720575940631067715,sensory,olfactory,0.0,2.218411835393266e-09,25.08472380560925,16.0,3.0,88.0,8.0,104.0,-0.0,
720575940611079236,central,ALPN,8.050865471349103e-05,1.0054337923281668e-05,24.852260978347665,4344.0,172.0,7799.0,375.0,12143.0,-2.03,
720575940631034955,central,Kenyon_Cell,0.0,0.0,24.730912766339564,81.0,7.0,31.0,1.0,112.0,-3.1,
720575940621728844,central,Kenyon_Cell,0.0,0.0,24.63397009741304,75.0,5.0,49.0,4.0,124.0,-3.12,
720575940620811340,central,Kenyon_Cell,0.0,4.4426839006816823e-10,24.154637717134385,50.0,3.0,53.0,3.0,103.0,-4.75,
720575940631624785,central,unknown,0.0,1.0599563286127394e-09,20.233351164697595,82.0,8.0,118.0,6.0,200.0,-5.58,
720575940629724247,sensory,olfactory,0.0,0.0,25.136900448797004,11.0,2.0,63.0,5.0,74.0,-0.0,
720575940639915096,central,unknown,0.0,2.108501610821818e-09,24.060387078372514,64.0,9.0,64.0,10.0,128.0,-3.9,
720575940625235033,central,Kenyon_Cell,0.0,0.0,24.21595396523793,30.0,3.0,37.0,3.0,67.0,-4.21,
720575940630281319,central,LHLN,0.0,5.751638004206346e-08,24.67820398052334,383.0,29.0,229.0,23.0,612.0,-3.09,
720575940628708460,central,Kenyon_Cell,0.0,0.0,24.595318672545385,119.0,7.0,19.0,2.0,138.0,-3.14,
720575940639554675,central,Kenyon_Cell,0.0,0.0,24.50793523161534,117.0,9.0,32.0,1.0,149.0,-2.94,
720575940637293687,central,unknown,0.0,2.9144724209333193e-09,22.555034473711917,270.0,23.0,451.0,41.0,721.0,-5.72,
720575940626513027,central,Kenyon_Cell,0.0,0.0,24.670281610242565,101.0,7.0,23.0,1.0,124.0,-2.89,
720575940621401222,descending,unknown,1.3243733297169113e-07,6.127598453058002e-07,21.940597230374248,558.0,29.0,221.0,22.0,779.0,-5.62,
720575940619828359,central,Kenyon_Cell,0.0,0.0,24.59822175208439,108.0,5.0,29.0,2.0,137.0,-3.25,
720575940623137930,sensory,olfactory,0.0,0.0,24.0,0.0,0.0,43.0,7.0,43.0,-0.0,
720575940616551563,sensory,olfactory,0.0,0.0,25.13712127685704,23.0,4.0,64.0,6.0,87.0,-0.0,
720575940631919756,central,Kenyon_Cell,0.0,0.0,24.698490313815608,77.0,8.0,26.0,2.0,103.0,-3.12,
720575940617436305,central,Kenyon_Cell,0.0,0.0,24.553455871245628,142.0,8.0,24.0,1.0,166.0,-3.18,
720575940611013785,central,Kenyon_Cell,0.0,0.0,24.71625383019768,148.0,9.0,25.0,2.0,173.0,-2.93,
720575940628380827,sensory,olfactory,0.0,0.0,25.085438293460488,10.0,2.0,5.0,1.0,15.0,-0.0,
720575940617567390,central,Kenyon_Cell,0.0,0.0,24.467114351549,105.0,8.0,20.0,1.0,125.0,-3.56,
720575940620057758,central,LHCENT,3.5625642569384917e-06,2.8874753878290037e-08,23.618429691356766,3049.0,127.0,2501.0,94.0,5550.0,-4.53,
720575940612619431,central,unknown,0.0,8.753018151279341e-09,23.7215905677964,66.0,8.0,32.0,5.0,98.0,-4.0,
720575940621860009,sensory,olfactory,0.0,0.0,25.12186336653272,41.0,4.0,87.0,7.0,128.0,-0.0,
720575940634574004,sensory,olfactory,0.0,2.613048613785647e-10,25.13784001777534,15.0,3.0,109.0,8.0,124.0,-0.0,
720575940605705406,central,unknown,0.0,6.160610036379863e-07,24.464897581170657,362.0,39.0,151.0,9.0,513.0,-3.49,
720575940629265602,sensory,olfactory,0.0,0.0,24.0,0.0,0.0,57.0,5.0,57.0,-0.0,
720575940607900867,central,Kenyon_Cell,0.0,0.0,24.83582667174957,129.0,8.0,14.0,1.0,143.0,-2.81,
720575940629724354,central,Kenyon_Cell,0.0,0.0,24.57256447005833,125.0,6.0,22.0,1.0,147.0,-3.4,
720575940632575180,central,unknown,0.0,1.6341964568901196e-07,24.520504920610158,406.0,46.0,271.0,30.0,677.0,-3.93,
720575940623137997,central,ALLN,0.0,3.655824356491551e-07,24.64247095018385,3133.0,135.0,3333.0,154.0,6466.0,-3.9,
720575940612521166,central,unknown,0.0,1.4164420638683538e-10,23.92063428496438,151.0,15.0,132.0,7.0,283.0,-3.9,
720575940639751376,central,unknown,0.0,7.796591909010374e-10,22.4560820865182,333.0,24.0,151.0,13.0,484.0,-5.47,
720575940610686162,sensory,olfactory,0.0,9.364491361657325e-08,25.123823936311474,186.0,15.0,366.0,22.0,552.0,-0.0,
720575940617534676,sensory,olfactory,0.0,5.141296215474814e-08,25.15993260370151,352.0,24.0,982.0,40.0,1334.0,-0.0,
720575940622548182,central,unknown,0.0,3.955908699541642e-09,24.432829865264928,572.0,48.0,158.0,17.0,730.0,-3.84,
720575940619271384,central,Kenyon_Cell,0.0,5.747271049759154e-10,23.80919591615216,34.0,3.0,22.0,2.0,56.0,-4.28,
720575940612062426,central,ALPN,0.0,8.117402013715945e-08,24.621429122311767,174.0,16.0,303.0,25.0,477.0,-3.12,
720575940604493024,central,Kenyon_Cell,0.0,0.0,24.74104886233396,173.0,11.0,18.0,1.0,191.0,-2.95,
720575940633165025,central,ALPN,3.072546124943234e-06,4.265163722455506e-06,24.319679481556214,291.0,37.0,1426.0,121.0,1717.0,-2.45,
720575940638113001,central,LHLN,0.0,1.786101396929629e-08,24.54046711543172,302.0,20.0,255.0,27.0,557.0,-3.66,
720575940637949161,central,Kenyon_Cell,0.0,0.0,24.49253676658981,133.0,6.0,29.0,2.0,162.0,-3.14,
720575940638080233,central,unknown,0.0,0.0,23.373277976163006,185.0,19.0,14.0,2.0,199.0,-4.89,
720575940618714351,central,Kenyon_Cell,0.0,0.0,24.569378654781268,106.0,7.0,21.0,1.0,127.0,-3.52,
720575940620451056,central,unknown,0.0,6.190090930636434e-09,21.368064862941605,84.0,9.0,83.0,8.0,167.0,-5.33,
720575940618878191,central,unknown,0.0,0.0,24.05360862561275,146.0,15.0,6.0,1.0,152.0,-3.54,
720575940629724411,sensory,olfactory,0.0,0.0,25.118557370430445,5.0,1.0,93.0,9.0,98.0,-0.0,
720575940627528964,sensory,olfactory,0.0,0.0,25.112404718901985,68.0,7.0,84.0,7.0,152.0,-0.0,
720575940629495046,central,unknown,0.0,0.0,24.45263772818701,144.0,12.0,113.0,10.0,257.0,-3.67,
720575940631002386,central,Kenyon_Cell,0.0,0.0,24.734330328169847,110.0,7.0,21.0,1.0,131.0,-3.05,
720575940626513171,central,Kenyon_Cell,0.0,0.0,24.598044520289967,116.0,9.0,19.0,1.0,135.0,-3.0,
720575940620221716,central,unknown,0.0,4.109444228499416e-08,24.46160878492925,614.0,39.0,318.0,30.0,932.0,-3.27,
720575940621729050,central,unknown,0.0,3.3005977296980352e-09,23.069370564908983,447.0,25.0,205.0,10.0,652.0,-5.19,
720575940605410592,central,unknown,0.0,5.749969639551781e-07,24.47435117482485,511.0,47.0,203.0,17.0,714.0,-3.4,
720575940621335841,sensory,olfactory,0.0,0.0,25.16278898216869,5.0,1.0,34.0,6.0,39.0,-0.0,
720575940644961588,central,ALPN,9.138175975046688e-06,6.555280040368317e-06,24.89998158159206,1058.0,111.0,1502.0,119.0,2560.0,-1.43,
720575940638932277,central,LHLN,0.0,1.8340832539743356e-10,24.574790495906857,185.0,15.0,129.0,12.0,314.0,-3.34,
720575940625431866,central,ALPN,2.4500906599762857e-06,3.557484241098763e-07,24.933038134278544,944.0,68.0,1186.0,99.0,2130.0,-1.74,
720575940625431870,central,ALPN,5.82724265075441e-07,1.7099400825669425e-06,24.2931274148393,942.0,79.0,2244.0,109.0,3186.0,-4.32,
720575940626283838,central,unknown,0.0,0.0,24.540412983731304,186.0,16.0,81.0,9.0,267.0,-3.15,
720575940636114239,central,Kenyon_Cell,0.0,1.8394074023845983e-10,24.150564108190917,35.0,3.0,27.0,3.0,62.0,-3.81,
720575940614257986,sensory,olfactory,0.0,0.0,25.14938234271865,44.0,8.0,99.0,7.0,143.0,-0.0,
720575940615503170,central,unknown,0.0,1.8649450366542508e-08,24.22839130840678,471.0,34.0,38.0,6.0,509.0,-4.15,
720575940627594568,central,DAN,4.502869321037498e-07,0.0,23.592070440921606,1531.0,177.0,835.0,51.0,2366.0,-4.56,
720575940617665876,central,unknown,0.0,5.040454050690265e-10,24.32654099371324,60.0,8.0,27.0,3.0,87.0,-3.31,
720575940616486230,central,ALLN,1.3243733297169113e-07,1.4102344833501544e-06,24.585183769510905,2572.0,103.0,1893.0,96.0,4465.0,-3.36,
720575940616322397,sensory,olfactory,0.0,0.0,24.0,0.0,0.0,58.0,3.0,58.0,-0.0,
720575940636507493,central,unknown,0.0,0.0,23.600793660841333,133.0,14.0,45.0,6.0,178.0,-4.92,
720575940628348265,central,unknown,2.6487466594338224e-08,1.1328964383751893e-07,20.6837531894502,604.0,40.0,1361.0,39.0,1965.0,-5.84,
720575940635196779,central,unknown,0.0,1.5415855944874842e-08,21.84366291323216,112.0,12.0,329.0,25.0,441.0,-4.92,
720575940630281580,central,unknown,0.0,0.0,23.61334697027957,319.0,23.0,161.0,12.0,480.0,-4.66,
720575940621368685,sensory,olfactory,0.0,0.0,24.0,0.0,0.0,44.0,6.0,44.0,-0.0,
720575940620909933,central,unknown,0.0,8.906132785103921e-09,24.11899331725356,376.0,20.0,456.0,28.0,832.0,-4.76,
720575940612914546,central,LHLN,0.0,0.0,24.56714538424724,108.0,9.0,153.0,14.0,261.0,-3.46,
720575940630183286,central,ALLN,0.0,1.0081839235201212e-06,24.68355340646187,4197.0,169.0,4049.0,163.0,8246.0,-3.91,
720575940629396858,central,unknown,0.0,0.0,24.649147427137976,80.0,10.0,40.0,5.0,120.0,-3.58,
720575940618648955,central,unknown,0.0,2.4033613823337562e-08,23.13819625865076,503.0,21.0,697.0,56.0,1200.0,-4.0,
720575940639260032,sensory,olfactory,0.0,0.0,25.054942010720165,10.0,2.0,71.0,6.0,81.0,-0.0,
720575940637883776,central,unknown,0.0,1.6793461209966512e-08,22.17129913007932,47.0,3.0,101.0,8.0,148.0,-4.69,
720575940606590338,central,ALPN,8.860057575806136e-06,1.3409878395807495e-06,24.86590059549552,1294.0,83.0,2035.0,151.0,3329.0,-1.96,
720575940625497488,central,Kenyon_Cell,0.0,0.0,24.654652222132924,129.0,8.0,25.0,2.0,154.0,-3.2,
720575940617207185,central,ALPN,5.4087406785638654e-05,6.022864187976839e-06,24.894528517875997,3430.0,138.0,6779.0,303.0,10209.0,-1.95,
720575940611702165,central,Kenyon_Cell,0.0,0.0,24.75503071771084,102.0,8.0,29.0,2.0,131.0,-2.87,
720575940635229591,central,unknown,0.0,1.1715698965324693e-07,22.608664636780954,470.0,34.0,230.0,20.0,700.0,-4.4,
720575940626218392,central,unknown,0.0,5.294389987697493e-10,22.334485680012165,409.0,22.0,386.0,24.0,795.0,-5.75,
720575940617665950,sensory,hygrosensory,0.0,1.3249651949209308e-10,24.6744516321145,285.0,25.0,494.0,35.0,779.0,-3.56,
720575940614880671,sensory,olfactory,0.0,5.99812014019636e-08,25.12595063246208,17.0,2.0,129.0,9.0,146.0,-0.0,
720575940643814816,central,unknown,0.0,3.798591136327885e-09,24.516722039046908,183.0,19.0,100.0,14.0,283.0,-3.25,
720575940614258082,sensory,olfactory,0.0,0.0,24.0,0.0,0.0,30.0,4.0,30.0,-0.0,
720575940632378788,central,unknown,0.0,0.0,24.61491780165765,248.0,22.0,46.0,6.0,294.0,-3.63,
720575940620123558,sensory,olfactory,0.0,0.0,25.109927661372694,11.0,2.0,45.0,4.0,56.0,-0.0,
720575940623236521,central,unknown,0.0,0.0,22.3210631736277,117.0,9.0,111.0,9.0,228.0,-4.74,
720575940613668266,central,unknown,2.9440819119606937e-05,1.146153038116749e-07,21.89531191552461,1081.0,48.0,857.0,22.0,1938.0,-5.45,
720575940619795883,central,Kenyon_Cell,0.0,0.0,24.100363344728272,50.0,3.0,12.0,1.0,62.0,-2.97,
720575940623334837,sensory,olfactory,0.0,0.0,24.0,0.0,0.0,37.0,5.0,37.0,-0.0,
720575940623465909,central,ALPN,0.0,1.9814264464747486e-08,24.63901351469793,199.0,23.0,707.0,70.0,906.0,-3.49,
720575940623367607,sensory,olfactory,0.0,0.0,25.080331718828106,43.0,6.0,115.0,9.0,158.0,-0.0,
720575940623203767,central,Kenyon_Cell,0.0,0.0,24.45386706540574,94.0,7.0,21.0,1.0,115.0,-3.44,
720575940615962043,central,Kenyon_Cell,0.0,0.0,24.67171036568904,105.0,5.0,25.0,2.0,130.0,-2.89,
720575940630511055,sensory,olfactory,0.0,8.51897855979323e-10,25.11608307414748,66.0,7.0,160.0,11.0,226.0,-0.0,
720575940630281687,central,LHLN,0.0,1.2610313927071237e-08,24.1697492881781,157.0,12.0,159.0,19.0,316.0,-3.95,
720575940616650201,central,Kenyon_Cell,0.0,0.0,24.781085349932315,129.0,5.0,25.0,2.0,154.0,-2.87,
720575940628151772,central,LHLN,0.0,2.061870695557471e-08,24.7439077545011,132.0,11.0,40.0,6.0,172.0,-2.73,
720575940623203805,central,unknown,0.0001795717797763,3.351348061598039e-06,22.64665315165528,2523.0,92.0,1152.0,63.0,3675.0,-5.0,
720575940636048862,central,Kenyon_Cell,0.0,0.0,24.26689944845436,32.0,3.0,36.0,3.0,68.0,-3.85,
720575940603870688,sensory,olfactory,0.0,0.0,24.0,0.0,0.0,6.0,1.0,6.0,-0.0,
720575940624514535,central,Kenyon_Cell,0.0,0.0,24.674877106614016,89.0,8.0,28.0,1.0,117.0,-3.24,
720575940612455917,sensory,olfactory,0.0,1.8230853043029455e-09,25.13295708449632,119.0,10.0,420.0,29.0,539.0,-0.0,
720575940629593585,central,unknown,0.0,4.4951907264320334e-10,22.41519866160182,57.0,7.0,94.0,11.0,151.0,-4.12,
720575940629233145,central,Kenyon_Cell,0.0,3.7906276011976156e-10,24.39232633294912,44.0,2.0,67.0,3.0,111.0,-3.59,
720575940623400445,central,Kenyon_Cell,0.0,0.0,24.47829089020297,101.0,7.0,32.0,2.0,133.0,-3.44,
720575940629986816,central,unknown,1.3243733297169113e-07,1.2364999874594506e-07,22.088488084263027,895.0,42.0,256.0,14.0,1151.0,-5.14,
720575940619075073,sensory,hygrosensory,0.0,2.896939485960215e-07,24.661216334827056,66.0,7.0,120.0,11.0,186.0,-3.17,
720575940626316802,central,Kenyon_Cell,0.0,0.0,24.491709838860803,92.0,5.0,17.0,1.0,109.0,-3.22,
720575940627987974,central,unknown,0.0,2.131042978462861e-09,24.413535738848008,467.0,49.0,187.0,20.0,654.0,-3.62,
720575940624875018,central,unknown,0.0,6.010904743644468e-10,20.88366105939023,87.0,10.0,177.0,23.0,264.0,-5.69,
720575940608589323,central,unknown,0.0,5.586762702510029e-07,24.45102084508392,488.0,43.0,705.0,52.0,1193.0,-3.66,
720575940624121358,sensory,olfactory,0.0,2.613048613785647e-10,25.11679504927429,22.0,3.0,161.0,14.0,183.0,-0.0,
720575940624940558,central,Kenyon_Cell,0.0,0.0,24.731432376497743,189.0,8.0,22.0,1.0,211.0,-3.05,
720575940619632148,sensory,olfactory,0.0,2.8658710813171348e-08,25.20391825056605,45.0,4.0,510.0,23.0,555.0,-0.0,
720575940615994907,sensory,olfactory,0.0,3.790271189321063e-09,25.176085780211487,35.0,4.0,85.0,6.0,120.0,-0.0,
720575940617141789,sensory,olfactory,0.0,1.647281570500483e-09,25.08589568807242,36.0,6.0,124.0,8.0,160.0,-0.0,
720575940621762081,central,ALPN,2.118997327547058e-07,6.373457960969204e-08,23.97794464929905,903.0,60.0,500.0,25.0,1403.0,-4.59,
720575940622089761,central,unknown,1.3243733297169112e-08,8.248196797272532e-07,22.572070773853763,723.0,49.0,238.0,13.0,961.0,-4.93,
720575940621041185,central,unknown,0.0,0.0,21.280854025519428,101.0,7.0,34.0,4.0,135.0,-6.87,
720575940624514599,central,unknown,0.0,1.4239377289261705e-06,24.61217220731528,105.0,8.0,82.0,11.0,187.0,-3.3,
720575940628839979,central,unknown,0.0,0.0,23.90863604149029,193.0,20.0,72.0,10.0,265.0,-3.73,
720575940608130606,central,ALPN,0.0,7.687354077006587e-10,24.57159659508404,74.0,6.0,116.0,13.0,190.0,-4.21,
720575940614618683,central,ALLN,0.0,3.3995218242320753e-09,24.30504562819128,35.0,5.0,195.0,13.0,230.0,-3.83,
720575940638670397,central,unknown,0.0,0.0,23.050601470135195,173.0,13.0,16.0,2.0,189.0,-5.98,
720575940621467212,central,unknown,0.0,0.0,22.802003893306274,119.0,11.0,78.0,7.0,197.0,-4.9,
720575940623793741,sensory,thermosensory,0.0,1.6667806531330363e-08,24.664870163315523,331.0,22.0,619.0,32.0,950.0,-3.61,
720575940629888599,sensory,olfactory,0.0,0.0,24.999182823952093,7.0,1.0,50.0,4.0,57.0,-0.0,
720575940639686232,central,Kenyon_Cell,0.0,2.145436282089948e-09,24.32222958819169,65.0,4.0,52.0,4.0,117.0,-3.59,
720575940629397079,central,Kenyon_Cell,0.0,0.0,24.28776203009847,29.0,2.0,34.0,2.0,63.0,-3.61,
720575940608392796,central,LHLN,0.0,2.269214715984699e-09,24.60738203548854,649.0,35.0,558.0,49.0,1207.0,-3.37,
720575940633034336,central,Kenyon_Cell,0.0,0.0,23.98096825266354,26.0,3.0,30.0,1.0,56.0,-4.13,
720575940644765294,central,unknown,0.0,0.0,23.55148591099424,59.0,8.0,10.0,2.0,69.0,-4.51,
720575940636999280,central,unknown,0.0,2.8145497126777226e-07,20.96040977671155,495.0,33.0,265.0,18.0,760.0,-5.96,
720575940611210865,central,Kenyon_Cell,0.0,0.0,24.71988317736067,108.0,6.0,25.0,1.0,133.0,-3.11,
720575940629921398,central,Kenyon_Cell,0.0,0.0,24.55546906921302,91.0,9.0,21.0,1.0,112.0,-3.38,
720575940625956483,central,ALLN,0.0,7.185574946250059e-08,24.44132190381235,52.0,9.0,101.0,12.0,153.0,-3.88,
720575940626579075,central,unknown,0.0,0.0,23.09142577400267,190.0,20.0,262.0,22.0,452.0,-5.19,
720575940626382473,central,unknown,0.0,0.0,22.72744516448618,46.0,6.0,85.0,6.0,131.0,-5.36,
720575940613865110,central,unknown,0.0,1.0711775479979756e-08,21.609642340200608,107.0,14.0,216.0,11.0,323.0,-5.07,
720575940628709019,central,unknown,1.165448530150882e-06,2.1561547774670439e-10,21.398852745823817,535.0,25.0,602.0,8.0,1137.0,-5.3,
720575940620091038,central,unknown,0.0,5.1658688078188916e-08,22.22523240127046,649.0,16.0,855.0,27.0,1504.0,-5.66,
720575940615437983,central,LHLN,0.0,5.532640084756366e-09,24.3103399169848,154.0,17.0,39.0,5.0,193.0,-3.5,
720575940613897890,central,Kenyon_Cell,0.0,0.0,24.601831392366844,115.0,6.0,19.0,1.0,134.0,-3.1,
720575940627431080,sensory,olfactory,0.0,0.0,25.123089495114066,14.0,2.0,83.0,7.0,97.0,-0.0,
720575940632805037,central,Kenyon_Cell,0.0,0.0,24.468990604126027,148.0,8.0,33.0,1.0,181.0,-2.99,
720575940631527085,central,unknown,0.0,0.0,24.754153016916018,43.0,4.0,5.0,1.0,48.0,-3.2,
720575940604919473,central,ALPN,0.0,2.2742004098884377e-08,24.77495829502696,45.0,7.0,229.0,11.0,274.0,-1.93,
720575940622352055,central,LHLN,0.0,1.692029483346536e-09,24.514326041604424,157.0,17.0,104.0,10.0,261.0,-3.33,
720575940626022074,central,DAN,2.6487466594338224e-08,3.175490527420188e-09,23.540012344276168,741.0,45.0,477.0,53.0,1218.0,-4.54,
720575940634836671,central,Kenyon_Cell,0.0,0.0,24.61483341981213,89.0,4.0,18.0,1.0,107.0,-3.24,
720575940607672003,central,unknown,0.0,0.0,22.486642052424425,6.0,1.0,7.0,1.0,13.0,-4.56,
720575940622646980,central,Kenyon_Cell,0.0,0.0,24.43028544994854,58.0,3.0,44.0,2.0,102.0,-3.76,
720575940629298885,central,Kenyon_Cell,0.0,0.0,24.607939293046453,97.0,6.0,25.0,1.0,122.0,-3.27,
720575940620385997,central,unknown,0.0,0.0,21.90055239554937,34.0,2.0,54.0,4.0,88.0,-4.52,
720575940632510163,sensory,olfactory,0.0,0.0,24.0,0.0,0.0,49.0,5.0,49.0,-0.0,
720575940620418774,central,Kenyon_Cell,0.0,4.1157847815796637e-10,24.0099774044258,28.0,2.0,37.0,2.0,65.0,-3.89,
720575940621696747,central,ALPN,3.8274389228818735e-06,5.356205605516128e-06,24.395441619864265,276.0,38.0,1347.0,110.0,1623.0,-2.6,
720575940614291181,ascending,AN,9.27061330801838e-08,7.146477083743453e-07,20.30641332776859,262.0,14.0,378.0,21.0,640.0,-5.7,
720575940620058350,central,Kenyon_Cell,0.0,0.0,24.722586987739884,131.0,7.0,38.0,2.0,169.0,-3.0,
720575940626874097,central,Kenyon_Cell,0.0,5.294565718249314e-10,24.317141441811454,49.0,4.0,56.0,4.0,105.0,-3.69,
720575940629200631,central,Kenyon_Cell,0.0,0.0,24.430189017855334,100.0,5.0,19.0,1.0,119.0,-3.38,
720575940624187133,central,LHLN,0.0,1.5706885818233891e-09,24.653252827503703,128.0,10.0,33.0,5.0,161.0,-3.26,
720575940625825538,sensory,olfactory,0.0,0.0,24.0,0.0,0.0,56.0,8.0,56.0,-0.0,
720575940608360203,central,unknown,0.0,0.0,23.72321664079042,75.0,10.0,0.0,0.0,75.0,-3.48,
720575940615798540,central,Kenyon_Cell,0.0,7.133973120633912e-10,24.24284649301687,61.0,6.0,25.0,2.0,86.0,-3.94,
720575940630642447,sensory,olfactory,0.0,6.074324948291191e-10,25.102138306112572,24.0,4.0,192.0,13.0,216.0,-0.0,
720575940627595024,sensory,olfactory,0.0,0.0,25.10162975825422,73.0,6.0,141.0,8.0,214.0,-0.0,
720575940619403028,sensory,olfactory,0.0,5.077406056980615e-10,25.05007170646852,11.0,2.0,164.0,10.0,175.0,-0.0,
720575940627332885,sensory,olfactory,0.0,0.0,25.15067612524473,5.0,1.0,37.0,6.0,42.0,-0.0,
720575940612587286,central,Kenyon_Cell,0.0,0.0,24.605951848140517,60.0,4.0,18.0,1.0,78.0,-3.15,
720575940616748827,central,Kenyon_Cell,0.0,0.0,23.926165271453296,48.0,3.0,44.0,1.0,92.0,-4.63,
720575940605411104,central,unknown,0.0,0.0,23.51410349784121,232.0,10.0,66.0,7.0,298.0,-5.08,
720575940624547622,central,MBIN,7.416490646414702e-07,3.3018107953465255e-07,23.92737446364208,37163.0,1515.0,32312.0,1485.0,69475.0,-3.99,
720575940624449318,central,unknown,0.0,0.0,22.96655659011006,2555.0,123.0,153.0,24.0,2708.0,-5.5,
720575940631461674,central,unknown,0.0,5.7629539990866895e-09,24.436813484553067,135.0,19.0,103.0,12.0,238.0,-3.25,
720575940628217643,central,Kenyon_Cell,0.0,0.0,24.484110894250065,127.0,7.0,25.0,2.0,152.0,-3.27,
720575940629856044,central,Kenyon_Cell,0.0,0.0,24.54776710974618,103.0,6.0,24.0,1.0,127.0,-3.39,
720575940618846001,central,Kenyon_Cell,0.0,0.0,24.472717764066484,67.0,4.0,20.0,1.0,87.0,-3.38,
720575940617895744,sensory,olfactory,0.0,3.577105733370333e-09,25.10276993610156,7.0,1.0,48.0,6.0,55.0,-0.0,
720575940619337536,central,ALPN,9.813606373202312e-06,4.926872401666994e-07,24.913581027714716,1113.0,69.0,1525.0,120.0,2638.0,-1.62,
720575940615405378,central,Kenyon_Cell,0.0,0.0,24.53226918383728,64.0,5.0,19.0,1.0,83.0,-3.71,
720575940628086607,sensory,olfactory,0.0,0.0,24.0,0.0,0.0,25.0,4.0,25.0,-0.0,
720575940639588184,central,unknown,0.0,8.953940104353624e-08,24.314440249967515,1287.0,75.0,526.0,42.0,1813.0,-3.78,
720575940637982552,central,unknown,0.0,0.0,22.89138217632162,93.0,10.0,28.0,4.0,121.0,-5.59,
720575940622843747,central,unknown,6.621866648584556e-08,2.1440848240894933e-07,22.16354463203421,1033.0,49.0,268.0,26.0,1301.0,-5.41,
720575940626087780,central,Kenyon_Cell,0.0,0.0,24.64766903926152,121.0,9.0,20.0,1.0,141.0,-2.99,
720575940629364583,central,unknown,0.0,0.0,24.564646351780013,57.0,8.0,22.0,3.0,79.0,-3.68,
720575940634967915,sensory,olfactory,0.0,0.0,25.21916528977069,5.0,1.0,47.0,6.0,52.0,-0.0,
720575940619075437,central,ALPN,0.0,0.0,24.78892923620573,33.0,4.0,97.0,13.0,130.0,-2.7,
720575940644667246,sensory,olfactory,0.0,2.613048613785647e-10,25.11984969155757,32.0,5.0,183.0,14.0,215.0,-0.0,
720575940645093230,central,unknown,0.0,0.0,24.03843624123275,250.0,23.0,5.0,1.0,255.0,-4.6,
720575940610457457,central,unknown,0.0,0.0,23.621340590354222,108.0,17.0,14.0,2.0,122.0,-4.6,
720575940620255092,sensory,olfactory,0.0,0.0,24.0,0.0,0.0,19.0,3.0,19.0,-0.0,
720575940638474112,central,Kenyon_Cell,0.0,0.0,24.623723902714147,112.0,8.0,26.0,1.0,138.0,-3.14,
720575940659019649,central,unknown,1.1919359967452201e-07,1.6771491784076004e-06,21.97327050450128,888.0,11.0,533.0,14.0,1421.0,-5.91,
720575940626349957,sensory,olfactory,0.0,0.0,25.12086296047964,34.0,3.0,38.0,4.0,72.0,-0.0,
720575940641423245,central,unknown,0.0,3.1835897348964217e-11,22.508548818039003,325.0,20.0,82.0,6.0,407.0,-5.99,
720575940627431311,sensory,olfactory,0.0,0.0,25.1052629353484,46.0,6.0,151.0,13.0,197.0,-0.0,
720575940628316047,central,ALPN,5.761023984268564e-06,2.272308144132855e-07,24.977816660418508,988.0,58.0,1586.0,118.0,2574.0,-1.78,
720575940617273233,central,unknown,0.0,0.0,21.308888998381946,12.0,2.0,54.0,4.0,66.0,-3.19,
720575940627726223,central,LHLN,0.0,0.0,24.638511380776517,165.0,11.0,62.0,7.0,227.0,-3.15,
720575940622581651,sensory,hygrosensory,0.0,4.41061804908534e-07,24.70268026614829,75.0,6.0,96.0,10.0,171.0,-3.01,
720575940635983770,central,ALPN,1.4289988227645472e-05,1.6542956884608514e-06,24.779348107169216,5265.0,141.0,7668.0,338.0,12933.0,-2.55,
720575940634935194,central,Kenyon_Cell,0.0,7.040208724436477e-10,24.19160904016528,66.0,5.0,57.0,5.0,123.0,-4.42,
720575940633984924,central,unknown,0.0,7.351782399430203e-06,24.43837397320699,1753.0,66.0,243.0,23.0,1996.0,-3.45,
720575940619992997,central,unknown,0.0,0.0,24.416365903433828,1187.0,90.0,192.0,18.0,1379.0,-3.82,
720575940605312945,central,Kenyon_Cell,0.0,0.0,24.50674562444354,111.0,7.0,26.0,1.0,137.0,-3.59,
720575940606001074,sensory,olfactory,0.0,4.463776161272733e-09,25.14229484843352,107.0,10.0,143.0,11.0,250.0,-0.0,
720575940612882355,central,unknown,0.0,5.460345735541696e-10,22.223291963598,190.0,7.0,97.0,8.0,287.0,-5.66,
720575940635492276,central,unknown,0.0,7.586525794216762e-09,22.12899209426128,528.0,34.0,51.0,8.0,579.0,-5.33,
720575940629036997,central,Kenyon_Cell,0.0,6.937193631850485e-10,24.44095072282977,34.0,4.0,52.0,3.0,86.0,-3.63,
720575940619108299,central,unknown,0.0,0.0,24.093141204382125,18.0,1.0,47.0,4.0,65.0,-4.01,
720575940608884693,central,unknown,0.0,1.054254878041869e-09,24.180556297413965,119.0,13.0,141.0,11.0,260.0,-3.57,
720575940630282199,central,unknown,0.0,0.0,24.58328043681945,91.0,6.0,58.0,3.0,149.0,-3.28,
720575940630544348,central,unknown,0.0,2.188420070629196e-08,21.260398410573345,89.0,9.0,31.0,2.0,120.0,-5.18,
720575940624711655,central,Kenyon_Cell,0.0,0.0,24.56767875873454,70.0,8.0,24.0,1.0,94.0,-2.91,
720575940627857384,central,Kenyon_Cell,0.0,0.0,24.54984689128141,114.0,7.0,26.0,1.0,140.0,-3.5,
720575940624023539,central,unknown,0.0,5.1062622633360205e-09,22.361614916806055,176.0,19.0,47.0,6.0,223.0,-5.6,
720575940651646966,central,unknown,2.7811839924055134e-07,6.727222469829358e-07,21.657735720477703,242.0,17.0,362.0,18.0,604.0,-5.18,
720575940652335094,central,unknown,0.0,0.0,23.821122382091968,176.0,17.0,135.0,15.0,311.0,-4.52,
720575940629561338,central,unknown,2.3375189269503484e-05,3.3439259798545662e-06,24.32925458171148,1671.0,100.0,335.0,22.0,2006.0,-3.69,
