root_id,betweenness,rank
720575940635945919,0.0008858998077142362,1
720575940618757666,0.0005578392902100602,2
720575940614956072,0.0005251471345659982,3
720575940613590501,0.00043946680199996265,4
720575940632403986,0.00043457986441330725,5
720575940615189465,0.0004058939380916389,6
720575940638288447,0.0003867037685440409,7
720575940634773951,0.0003322985121592702,8
720575940646576436,0.00030491047170072447,9
720575940631321704,0.0003033477111716585,10
720575940622726271,0.000246214245727671,11
720575940623636701,0.00023640063935446865,12
720575940618308825,0.00019296119413975395,13
720575940623203805,0.00017957177977631598,14
720575940612840982,0.00015738852650355772,15
720575940632795532,0.0001567130961054021,16
720575940617853986,0.0001489919995931525,17
720575940613804259,0.00014655515266647338,18
720575940628455942,0.00012233236446595108,19
720575940623862015,0.00011914062474133333,20
720575940628210887,0.0001184254631432862,21
720575940630770042,0.00010915484983526782,22
720575940623000858,0.0001034600445174851,23
720575940628695043,0.00010038749839254186,24
720575940623322921,9.740765840067882e-05,25
720575940628023685,9.477215547454217e-05,26
720575940621039952,9.203070268202816e-05,27
720575940615166111,9.091822908506595e-05,28
720575940626535973,8.754107709428783e-05,29
720575940630407388,8.628292243105676e-05,30
720575940637056887,8.493206163474552e-05,31
720575940635362460,8.283955177379279e-05,32
720575940611079236,8.050865471349103e-05,33
720575940628789525,7.844263231913265e-05,34
720575940640971995,7.787315178735438e-05,35
720575940623983859,7.678716565698651e-05,36
720575940612003441,7.321135766675085e-05,37
720575940615723314,7.257565846848673e-05,38
720575940648669060,6.558296728758144e-05,39
720575940628352850,6.556972355428427e-05,40
720575940628586283,6.549026115450126e-05,41
720575940609282825,6.396723182532682e-05,42
720575940617205179,6.102712303335527e-05,43
720575940603464672,5.9596799837261e-05,44
720575940636873791,5.874920090624218e-05,45
720575940632698797,5.859027610667615e-05,46
720575940629461442,5.749104624301112e-05,47
720575940620642940,5.727914651025641e-05,48
720575940619071005,5.672290971177531e-05,49
720575940637594334,5.588855451405365e-05,50
720575940640372021,5.455093745103957e-05,51
720575940617207185,5.4087406785638654e-05,52
720575940628425990,5.365036358683207e-05,53
720575940628467611,5.26968147894359e-05,54
720575940647075619,5.101486066069542e-05,55
720575940640031360,5.0922154527615236e-05,56
720575940618886710,4.983616839724737e-05,57
720575940608293129,4.980968093065303e-05,58
720575940617098385,4.953156253141248e-05,59
720575940625871408,4.615441054063436e-05,60
720575940630313324,4.596899827447399e-05,61
720575940610694098,4.590277960798814e-05,62
720575940635119723,4.5717367341827776e-05,63
720575940612714723,4.5280324143021194e-05,64
720575940631842360,4.5134643076752336e-05,65
720575940624057853,4.27905022831534e-05,66
720575940626624275,4.239319028423833e-05,67
720575940605309361,4.173100361937987e-05,68
720575940617493460,4.1346935353761967e-05,69
720575940610209378,4.101584202133274e-05,70
720575940630549370,4.088340468836105e-05,71
720575940631538028,4.085691722176671e-05,72
720575940630546540,4.052582388933748e-05,73
720575940626143806,4.006229322393656e-05,74
720575940606762686,3.998283082415355e-05,75
720575940623528925,3.8910088427082854e-05,76
720575940641148149,3.8075733229361197e-05,77
720575940611372714,3.79896489629296e-05,78
720575940614756589,3.7466521497691415e-05,79
720575940611379569,3.720164683174803e-05,80
720575940613940074,3.692352843250749e-05,81
720575940605494560,3.6817578566130135e-05,82
720575940617668747,3.668514123315844e-05,83
720575940637136752,3.620836683446035e-05,84
720575940628739560,3.559915510279057e-05,85
720575940618295454,3.534752417014436e-05,86
720575940621545606,3.524157430376701e-05,87
720575940617179451,3.506940577090381e-05,88
720575940616980737,3.472506870517741e-05,89
720575940621398254,3.448668150582837e-05,90
720575940637966682,3.393044470734726e-05,91
720575940628750248,3.34006953754605e-05,92
720575940632505359,3.2950408443356754e-05,93
720575940634949311,3.288418977687091e-05,94
720575940613792296,3.26722900441162e-05,95
720575940627796298,3.26722900441162e-05,96
720575940610292430,3.235444044498414e-05,97
720575940627042064,3.2116053245635096e-05,98
720575940626818085,3.155981644715399e-05,99
720575940608252082,3.132142924780495e-05,100
720575940607155890,3.100357964867289e-05,101
720575940616758322,3.097709218207855e-05,102
720575940638633535,3.089762978229554e-05,103
720575940629662208,3.081816738251252e-05,104
720575940627281594,3.0685730049540835e-05,105
720575940613258221,3.039436791700311e-05,106
720575940630024566,3.0235443117437082e-05,107
720575940621589887,3.012949325105973e-05,108
720575940621551854,2.999705591808804e-05,109
720575940613668266,2.9440819119606937e-05,110
720575940619517233,2.8844851121234326e-05,111
720575940634545890,2.871903565491122e-05,112
720575940628343634,2.8434295389022083e-05,113
720575940639080765,2.835483298923907e-05,114
720575940632167085,2.7957520990323996e-05,115
720575940623875819,2.712316579260234e-05,116
720575940619537201,2.7096678326008003e-05,117
720575940627096957,2.683180366006462e-05,118
720575940608124338,2.6712610060390098e-05,119
720575940612461461,2.5719330063102415e-05,120
720575940644494752,2.5626623930022233e-05,121
720575940630689388,2.5030655931649622e-05,122
720575940635807130,2.5030655931649622e-05,123
720575940636343147,2.4951193531866607e-05,124
720575940633294796,2.4937949798569437e-05,125
720575940642506459,2.488497486538076e-05,126
720575940632410828,2.4553881532951535e-05,127
720575940629428215,2.434198180019683e-05,128
720575940633190847,2.434198180019683e-05,129
720575940616079035,2.4236031933819477e-05,130
720575940640955637,2.4050619667659106e-05,131
720575940605154988,2.3931426067984586e-05,132
720575940631708973,2.387845113479591e-05,133
720575940639417728,2.374601380182422e-05,134
720575940618594022,2.3693038868635542e-05,135
720575940638803790,2.3666551402041204e-05,136
720575940648650884,2.357384526896102e-05,137
720575940646192692,2.3534114069069513e-05,138
720575940628573519,2.3534114069069513e-05,139
720575940631967506,2.3481139135880837e-05,140
720575940644467360,2.3467895402583666e-05,141
720575940624986407,2.3441407935989328e-05,142
720575940626115134,2.3375189269503484e-05,143
720575940638744804,2.3375189269503484e-05,144
720575940630907434,2.3375189269503484e-05,145
720575940629561338,2.3375189269503484e-05,146
720575940641977229,2.3375189269503484e-05,147
720575940615607207,2.3375189269503484e-05,148
720575940612046286,2.3361945536206313e-05,149
720575940630160384,2.3322214336314808e-05,150
720575940619455448,2.3308970603017637e-05,151
720575940625454162,2.324275193653179e-05,152
720575940636992368,2.3189777003343114e-05,153
720575940616169578,2.296463353729124e-05,154
720575940622161366,2.266002767145635e-05,155
720575940645537902,2.2633540204862012e-05,156
720575940631865228,2.2593809004970506e-05,157
720575940627129290,2.2487859138593154e-05,158
720575940656090017,2.2355421805621463e-05,159
720575940634303132,2.1971353540003557e-05,160
720575940621256212,2.1097267142390394e-05,161
720575940607451081,2.1084023409093227e-05,162
720575940630539535,2.103104847590455e-05,163
720575940615366055,2.0951586076121536e-05,164
720575940604352172,2.0646980210286645e-05,165
720575940639638086,1.9269631947381056e-05,166
720575940627480586,1.922990074748955e-05,167
720575940629240263,1.9203413280895213e-05,168
720575940627604327,1.9203413280895213e-05,169
720575940615529414,1.909746341451786e-05,170
720575940619895125,1.9070975947923522e-05,171
720575940609957315,1.8898807415060322e-05,172
720575940631275181,1.8859076215168816e-05,173
720575940620931312,1.8859076215168816e-05,174
720575940613579943,1.8554470349333926e-05,175
720575940618263365,1.821013328360753e-05,176
720575940621529435,1.807769595063584e-05,177
720575940605780140,1.791877115106981e-05,178
720575940624879911,1.7852552484583962e-05,179
720575940620541099,1.7826065017989624e-05,180
720575940610530606,1.761416528523492e-05,181
720575940619928429,1.7574434085343413e-05,182
720575940609460491,1.742875301907455e-05,183
720575940630736123,1.7230097019617013e-05,184
720575940622633716,1.7044684753456646e-05,185
720575940627223614,1.7018197286862308e-05,186
720575940617552541,1.6938734887079293e-05,187
720575940637526190,1.6912247420484955e-05,188
720575940629981440,1.6899003687187788e-05,189
720575940613167007,1.667386022113591e-05,190
720575940624911548,1.6316279422112345e-05,191
720575940628059722,1.62500607556265e-05,192
720575940637126007,1.5998429822980286e-05,193
720575940624861989,1.5707067690442566e-05,194
720575940618819668,1.566733649055106e-05,195
720575940629502251,1.5614361557362385e-05,196
720575940605842656,1.5349486891419e-05,197
720575940614137809,1.5164074625258634e-05,198
720575940640804853,1.5164074625258634e-05,199
720575940631683927,1.5124343425367127e-05,200
720575940661089921,1.4925687425909589e-05,201
720575940616413894,1.4872712492720912e-05,202
720575940608199748,1.4554862893588854e-05,203
720575940631617017,1.4554862893588854e-05,204
720575940613583001,1.4303231960942641e-05,205
720575940635983770,1.4289988227645472e-05,206
720575940623444715,1.4223769561159627e-05,207
720575940618865112,1.3972138628513412e-05,208
720575940648570244,1.386618876213606e-05,209
720575940612699761,1.37205076958672e-05,210
720575940630914858,1.3627801562787016e-05,211
720575940637943374,1.3468876763220987e-05,212
720575940608898005,1.3442389296626649e-05,213
720575940614727903,1.2992102364522898e-05,214
720575940630146871,1.2978858631225729e-05,215
720575940652115446,1.2952371164631391e-05,216
720575940617781383,1.238289063285312e-05,217
720575940610100437,1.225045329988143e-05,218
720575940640697808,1.225045329988143e-05,219
720575940649045369,1.2197478366692753e-05,220
720575940630778428,1.2118015966909738e-05,221
720575940624206472,1.1985578633938046e-05,222
720575940628524292,1.178692263448051e-05,223
720575940622182569,1.1720703967994664e-05,224
720575940619134789,1.1614754101617311e-05,225
720575940623902471,1.1561779168428635e-05,226
720575940624661552,1.1535291701834297e-05,227
720575940631930828,1.1296904502485253e-05,228
720575940617343316,1.1283660769188084e-05,229
720575940633626337,1.1177710902810731e-05,230
720575940621123113,1.103202983654187e-05,231
720575940638603709,1.0952567436758855e-05,232
720575940635082871,1.0839995703732919e-05,233
720575940626986885,1.0674449037518304e-05,234
720575940607439964,1.0542011704546613e-05,235
720575940623707575,1.0277137038603232e-05,236
720575940615160386,1.0012262372659848e-05,237
720575940631586858,9.98577490606551e-06,238
720575940618277184,9.946043706174003e-06,239
720575940629097922,9.919556239579664e-06,240
720575940619337536,9.813606373202312e-06,241
720575940603985952,9.681169040230621e-06,242
720575940622368792,9.535487973961761e-06,243
720575940625784153,9.509000507367423e-06,244
720575940631054634,9.376563174395732e-06,245
720575940611944914,9.336831974504225e-06,246
720575940613419695,9.323588241207055e-06,247
720575940630493818,9.297100774612717e-06,248
720575940633170643,9.297100774612717e-06,249
720575940619637780,9.244125841424041e-06,250
720575940624330281,9.151419708343856e-06,251
720575940644961588,9.138175975046687e-06,252
720575940628706325,9.124932241749517e-06,253
720575940631105580,9.045469841966503e-06,254
720575940642086389,9.032226108669334e-06,255
720575940613524903,8.899788775697643e-06,256
720575940606590338,8.860057575806136e-06,257
720575940635933119,8.489233043485401e-06,258
720575940619864047,8.449501843593894e-06,259
720575940615043222,8.423014376999556e-06,260
720575940628895750,8.396526910405218e-06,261
720575940631274770,8.330308243919372e-06,262
720575940630914304,8.290577044027865e-06,263
720575940636316023,8.264089577433527e-06,264
720575940620173737,8.171383444353341e-06,265
720575940607990229,8.091921044570327e-06,266
720575940628514832,8.03894611138165e-06,267
720575940622574532,8.025702378084481e-06,268
720575940628238023,7.946239978301467e-06,269
720575940623945404,7.919752511707129e-06,270
720575940639152361,7.89326504511279e-06,271
720575940624359432,7.880021311815621e-06,272
720575940630097103,7.800558912032607e-06,273
720575940635047672,7.61514664587224e-06,274
720575940622785062,7.5886591792779015e-06,275
720575940637623780,7.5886591792779015e-06,276
720575940621746676,7.575415445980732e-06,277
720575940605102694,7.482709312900548e-06,278
720575940620541349,7.4297343797118716e-06,279
720575940623387786,7.4164906464147025e-06,280
720575940621500865,7.323784513334519e-06,281
720575940627927573,7.297297046740181e-06,282
720575940618902326,7.2708095801458425e-06,283
720575940631328104,7.257565846848673e-06,284
720575940623581930,7.231078380254335e-06,285
720575940614326162,7.204590913659997e-06,286
720575940608970197,6.979447447608122e-06,287
720575940637628762,6.926472514419445e-06,288
720575940622324991,6.899985047825107e-06,289
720575940633804212,6.674841581773233e-06,290
720575940637098352,6.595379181990218e-06,291
720575940628136347,6.356991982641174e-06,292
720575940634939327,6.3437482493440046e-06,293
720575940631462200,6.171579716480806e-06,294
720575940630086698,6.092117316697792e-06,295
720575940620068518,6.078873583400623e-06,296
720575940627035388,5.999411183617607e-06,297
720575940616824588,5.972923717023269e-06,298
720575940628316047,5.761023984268564e-06,299
720575940628446010,5.66831785118838e-06,300
720575940606649865,5.66831785118838e-06,301
720575940625419495,5.655074117891211e-06,302
720575940619772525,5.615342917999704e-06,303
720575940637009636,5.562367984811027e-06,304
720575940618019933,5.5491242515138576e-06,305
720575940610669614,5.443174385136505e-06,306
720575940625493400,5.376955718650659e-06,307
720575940638624189,5.271005852273307e-06,308
720575940636241550,5.2445183856789685e-06,309
720575940627708688,5.178299719193123e-06,310
720575940620595053,5.138568519301616e-06,311
720575940617175965,5.045862386221431e-06,312
720575940629377132,5.045862386221431e-06,313
720575940634156755,5.019374919627093e-06,314
720575940633483807,5.019374919627093e-06,315
720575940622448589,4.9266687865469095e-06,316
720575940628283560,4.9134250532497404e-06,317
720575940631742156,4.886937586655402e-06,318
720575940610375214,4.847206386763895e-06,319
720575940622811430,4.833962653466726e-06,320
720575940626498566,4.7677439869808805e-06,321
720575940619061662,4.714769053792204e-06,322
720575940626694288,4.648550387306359e-06,323
720575940627160322,4.5955754541176815e-06,324
720575940610048981,4.569087987523343e-06,325
720575940620199962,4.569087987523343e-06,326
720575940646682676,4.529356787631836e-06,327
720575940617688093,4.529356787631836e-06,328
720575940637231593,4.489625587740329e-06,329
720575940622726663,4.47638185444316e-06,330
720575940604431584,4.47638185444316e-06,331
720575940627772009,4.4631381211459906e-06,332
720575940637633678,4.423406921254483e-06,333
720575940631547729,4.410163187957314e-06,334
720575940608716809,4.383675721362976e-06,335
720575940620249941,4.277725854985623e-06,336
720575940618499238,4.277725854985623e-06,337
720575940630131663,4.237994655094116e-06,338
720575940631193052,4.237994655094116e-06,339
720575940632720026,4.237994655094116e-06,340
720575940619280705,4.1452885220139324e-06,341
720575940647473796,4.1452885220139324e-06,342
720575940614770498,4.105557322122424e-06,343
720575940628035543,3.893657589367719e-06,344
720575940608176258,3.853926389476212e-06,345
720575940638128474,3.853926389476212e-06,346
720575940635468991,3.8274389228818735e-06,347
720575940621696747,3.8274389228818735e-06,348
720575940624001321,3.774463989693197e-06,349
720575940625564676,3.7347327898016894e-06,350
720575940624515571,3.668514123315844e-06,351
720575940615856345,3.6022954568299985e-06,352
720575940614065676,3.6022954568299985e-06,353
720575940620057758,3.5625642569384913e-06,354
720575940603231916,3.5625642569384913e-06,355
720575940618574749,3.5625642569384913e-06,356
720575940617295901,3.443370657263969e-06,357
720575940620437339,3.443370657263969e-06,358
720575940615394719,3.4301269239668e-06,359
720575940617642832,3.3771519907781236e-06,360
720575940630247418,3.3506645241837854e-06,361
720575940610505170,3.3374207908866163e-06,362
720575940608545219,3.297689590995109e-06,363
720575940625352852,3.2579583911036014e-06,364
720575940626247823,3.2447146578064323e-06,365
720575940644004768,3.1652522580234177e-06,366
720575940633165025,3.072546124943234e-06,367
720575940613345442,3.059302391646065e-06,368
720575940620124295,2.993083725160219e-06,369
720575940635604581,2.993083725160219e-06,370
720575940640398477,2.97983999186305e-06,371
720575940629733626,2.940108791971543e-06,372
720575940636489140,2.9268650586743737e-06,373
720575940635664046,2.8606463921885283e-06,374
720575940634710629,2.83415892559419e-06,375
720575940623592682,2.820915192297021e-06,376
720575940612197374,2.807671458999852e-06,377
720575940659611777,2.7679402591083442e-06,378
720575940614309535,2.7679402591083442e-06,379
720575940637208718,2.754696525811175e-06,380
720575940604407468,2.754696525811175e-06,381
720575940619456728,2.728209059216837e-06,382
720575940625014928,2.728209059216837e-06,383
720575940637469254,2.609015459542315e-06,384
720575940621533985,2.569284259650808e-06,385
720575940633554636,2.503065593164962e-06,386
720575940606722249,2.476578126570624e-06,387
720575940625431866,2.4500906599762857e-06,388
720575940607687260,2.4103594600847784e-06,389
720575940611703080,2.370628260193271e-06,390
720575940641536987,2.357384526896102e-06,391
720575940608845525,2.357384526896102e-06,392
720575940623650823,2.330897060301764e-06,393
720575940606769609,2.3176533270045948e-06,394
720575940624680172,2.291165860410256e-06,395
720575940630644727,2.277922127113087e-06,396
720575940634229615,2.277922127113087e-06,397
720575940623303108,2.277922127113087e-06,398
720575940609447179,2.264678393815918e-06,399
720575940610052266,2.264678393815918e-06,400
720575940644473760,2.251434660518749e-06,401
720575940631161570,2.145484794141396e-06,402
720575940634771552,2.145484794141396e-06,403
720575940639121571,2.145484794141396e-06,404
720575940618591764,2.09250986095272e-06,405
720575940622287142,2.013047461169705e-06,406
720575940617903168,2.013047461169705e-06,407
720575940621129607,1.9865599945753667e-06,408
720575940627888144,1.9468287946838595e-06,409
720575940630720763,1.9335850613866904e-06,410
720575940637666446,1.893853861495183e-06,411
720575940639680957,1.880610128198014e-06,412
720575940629009513,1.8673663949008447e-06,413
720575940627844734,1.8143914617121684e-06,414
720575940621333696,1.7481727952263227e-06,415
720575940626675837,1.7481727952263227e-06,416
720575940638343238,1.7349290619291536e-06,417
720575940611022515,1.7216853286319845e-06,418
720575940618461121,1.6951978620376463e-06,419
720575940633593548,1.6289791955518007e-06,420
720575940611930481,1.6289791955518007e-06,421
720575940605758142,1.6157354622546316e-06,422
720575940634646753,1.6024917289574625e-06,423
720575940627982332,1.5892479956602934e-06,424
720575940623867911,1.5760042623631243e-06,425
720575940623543881,1.523029329174448e-06,426
720575940633906076,1.523029329174448e-06,427
720575940619807397,1.5097855958772787e-06,428
720575940644362788,1.5097855958772787e-06,429
720575940623739076,1.4965418625801096e-06,430
720575940619838912,1.4965418625801096e-06,431
720575940630989354,1.4965418625801096e-06,432
720575940616566133,1.4965418625801096e-06,433
720575940640032896,1.4965418625801096e-06,434
720575940624712206,1.4832981292829405e-06,435
720575940604714464,1.4832981292829405e-06,436
720575940622762995,1.4832981292829405e-06,437
720575940612732273,1.4832981292829405e-06,438
720575940613864401,1.4832981292829405e-06,439
720575940639337461,1.4832981292829405e-06,440
720575940619531373,1.4700543959857714e-06,441
720575940615623867,1.4568106626886023e-06,442
720575940628077568,1.417079462797095e-06,443
720575940621167681,1.417079462797095e-06,444
720575940628181520,1.3641045296084185e-06,445
720575940619902598,1.3641045296084185e-06,446
720575940609454603,1.3508607963112494e-06,447
720575940634751918,1.297885863122573e-06,448
720575940637209822,1.2713983965282346e-06,449
720575940623136717,1.2713983965282346e-06,450
720575940628609579,1.2581546632310656e-06,451
720575940642410020,1.2184234633395583e-06,452
720575940623598058,1.2184234633395583e-06,453
720575940630066007,1.2184234633395583e-06,454
720575940628709019,1.165448530150882e-06,455
720575940617229632,1.1389610635565435e-06,456
720575940621086996,1.1257173302593745e-06,457
720575940639172585,1.1257173302593745e-06,458
720575940624834697,1.0992298636650363e-06,459
720575940624677303,1.0992298636650363e-06,460
720575940625977802,1.0859861303678672e-06,461
720575940606337312,1.072742397070698e-06,462
720575940625110967,1.059498663773529e-06,463
720575940643863496,1.059498663773529e-06,464
720575940622070554,1.0330111971791908e-06,465
720575940612284569,1.0197674638820215e-06,466
720575940623636957,1.0065237305848524e-06,467
720575940621239679,9.800362639905143e-07,468
720575940615513086,9.800362639905143e-07,469
720575940610899666,9.800362639905143e-07,470
720575940636878254,9.800362639905143e-07,471
720575940624106442,9.667925306933452e-07,472
720575940632985261,9.40305064099007e-07,473
720575940605029036,9.270613308018378e-07,474
720575940623249043,9.138175975046687e-07,475
720575940610584184,9.005738642074996e-07,476
720575940617638946,9.005738642074996e-07,477
720575940628334342,8.608426643159923e-07,478
720575940624853031,8.608426643159923e-07,479
720575940646122804,8.608426643159923e-07,480
720575940635837887,8.475989310188232e-07,481
720575940626034819,8.475989310188232e-07,482
720575940629011655,8.343551977216541e-07,483
720575940640732112,8.078677311273158e-07,484
720575940626378242,8.078677311273158e-07,485
720575940635052127,8.078677311273158e-07,486
720575940628006296,7.813802645329776e-07,487
720575940621103743,7.813802645329776e-07,488
720575940622364184,7.548927979386393e-07,489
720575940624547622,7.416490646414702e-07,490
720575940612605667,7.151615980471321e-07,491
720575940620420544,7.01917864749963e-07,492
720575940629301248,7.01917864749963e-07,493
720575940608188427,7.01917864749963e-07,494
720575940622495401,6.886741314527938e-07,495
720575940643543496,6.754303981556247e-07,496
720575940620235796,6.489429315612865e-07,497
720575940635362716,6.489429315612865e-07,498
720575940630608236,6.356991982641173e-07,499
720575940629229271,6.356991982641173e-07,500
720575940630547909,6.224554649669482e-07,501
720575940612475598,6.092117316697791e-07,502
720575940623913364,6.092117316697791e-07,503
720575940630323303,5.959679983726101e-07,504
720575940617910848,5.959679983726101e-07,505
720575940621493068,5.959679983726101e-07,506
720575940609891886,5.82724265075441e-07,507
720575940622048862,5.82724265075441e-07,508
720575940625431870,5.82724265075441e-07,509
720575940625656980,5.694805317782718e-07,510
720575940638885429,5.562367984811027e-07,511
720575940637743076,5.562367984811027e-07,512
720575940628236169,5.562367984811027e-07,513
720575940635462324,5.429930651839336e-07,514
720575940617009970,5.429930651839336e-07,515
720575940624538599,5.165055985895954e-07,516
720575940613527761,5.165055985895954e-07,517
720575940627349860,5.032618652924262e-07,518
720575940627692565,5.032618652924262e-07,519
720575940617452500,5.032618652924262e-07,520
720575940623450564,5.032618652924262e-07,521
720575940626569554,4.900181319952571e-07,522
720575940629312300,4.900181319952571e-07,523
720575940615808029,4.7677439869808805e-07,524
720575940612306786,4.635306654009189e-07,525
720575940630983954,4.635306654009189e-07,526
720575940627654677,4.635306654009189e-07,527
720575940619754699,4.635306654009189e-07,528
720575940613418547,4.502869321037498e-07,529
720575940627594568,4.502869321037498e-07,530
720575940625176506,4.502869321037498e-07,531
720575940647952948,4.370431988065807e-07,532
720575940627192337,4.370431988065807e-07,533
720575940620116833,4.370431988065807e-07,534
720575940617182779,4.237994655094116e-07,535
720575940629701737,4.237994655094116e-07,536
720575940623146701,4.237994655094116e-07,537
720575940632868563,4.105557322122425e-07,538
720575940617166993,3.9731199891507335e-07,539
720575940660051073,3.8406826561790427e-07,540
720575940627066757,3.8406826561790427e-07,541
720575940624694601,3.8406826561790427e-07,542
720575940623050334,3.8406826561790427e-07,543
720575940609892164,3.708245323207351e-07,544
720575940626533634,3.708245323207351e-07,545
720575940637712243,3.708245323207351e-07,546
720575940614492397,3.5758079902356603e-07,547
720575940623605943,3.5758079902356603e-07,548
720575940641220853,3.443370657263969e-07,549
720575940623262652,3.443370657263969e-07,550
720575940620390592,3.443370657263969e-07,551
720575940640249296,3.443370657263969e-07,552
720575940627728149,3.310933324292278e-07,553
720575940608345778,3.310933324292278e-07,554
720575940638764403,3.310933324292278e-07,555
720575940612635050,3.310933324292278e-07,556
720575940623041549,3.1784959913205866e-07,557
720575940631268882,3.1784959913205866e-07,558
720575940623707831,3.0460586583488957e-07,559
720575940614429165,3.0460586583488957e-07,560
720575940613271219,2.913621325377205e-07,561
720575940625253193,2.913621325377205e-07,562
720575940622656536,2.913621325377205e-07,563
720575940622917381,2.7811839924055134e-07,564
720575940651646966,2.7811839924055134e-07,565
720575940629244359,2.7811839924055134e-07,566
720575940619434712,2.6487466594338225e-07,567
720575940631526215,2.6487466594338225e-07,568
720575940614079715,2.6487466594338225e-07,569
720575940634704491,2.516309326462131e-07,570
720575940628896168,2.516309326462131e-07,571
720575940617299131,2.516309326462131e-07,572
720575940620129415,2.3838719934904402e-07,573
720575940632825389,2.3838719934904402e-07,574
720575940617496925,2.3838719934904402e-07,575
720575940635515572,2.3838719934904402e-07,576
720575940627249171,2.251434660518749e-07,577
720575940612355507,2.251434660518749e-07,578
720575940632815315,2.251434660518749e-07,579
720575940619670352,2.118997327547058e-07,580
720575940630077558,2.118997327547058e-07,581
720575940629450106,2.118997327547058e-07,582
720575940620266406,2.118997327547058e-07,583
720575940621762081,2.118997327547058e-07,584
720575940641464309,1.9865599945753668e-07,585
720575940611957427,1.9865599945753668e-07,586
720575940605400096,1.9865599945753668e-07,587
720575940619385765,1.9865599945753668e-07,588
720575940614298986,1.8541226616036756e-07,589
720575940633499548,1.8541226616036756e-07,590
720575940604783136,1.8541226616036756e-07,591
720575940631801671,1.8541226616036756e-07,592
720575940620887536,1.7216853286319845e-07,593
720575940616855225,1.7216853286319845e-07,594
720575940619651920,1.7216853286319845e-07,595
720575940660217985,1.5892479956602933e-07,596
720575940615104927,1.5892479956602933e-07,597
720575940619411147,1.5892479956602933e-07,598
720575940627826760,1.5892479956602933e-07,599
720575940630098284,1.5892479956602933e-07,600
720575940646921012,1.5892479956602933e-07,601
720575940638840629,1.5892479956602933e-07,602
720575940605119776,1.5892479956602933e-07,603
720575940629144987,1.5892479956602933e-07,604
720575940617917760,1.4568106626886024e-07,605
720575940621440859,1.4568106626886024e-07,606
720575940635960943,1.4568106626886024e-07,607
720575940630359290,1.4568106626886024e-07,608
720575940624108361,1.4568106626886024e-07,609
720575940614474407,1.4568106626886024e-07,610
720575940629986816,1.3243733297169113e-07,611
720575940616486230,1.3243733297169113e-07,612
720575940619623407,1.3243733297169113e-07,613
720575940609060420,1.3243733297169113e-07,614
720575940621401222,1.3243733297169113e-07,615
720575940640803200,1.3243733297169113e-07,616
720575940606806473,1.3243733297169113e-07,617
720575940630151484,1.3243733297169113e-07,618
720575940614344354,1.3243733297169113e-07,619
720575940618436672,1.3243733297169113e-07,620
720575940615460255,1.2581546632310656e-07,621
720575940622609690,1.1919359967452201e-07,622
720575940611344078,1.1919359967452201e-07,623
720575940616798779,1.1919359967452201e-07,624
720575940637464691,1.1919359967452201e-07,625
720575940649809273,1.1919359967452201e-07,626
720575940628200506,1.1919359967452201e-07,627
720575940628478736,1.1919359967452201e-07,628
720575940659019649,1.1919359967452201e-07,629
720575940632754003,1.1919359967452201e-07,630
720575940631154396,1.1919359967452201e-07,631
720575940631095289,1.059498663773529e-07,632
720575940626952537,1.059498663773529e-07,633
720575940642894628,1.059498663773529e-07,634
720575940637574515,1.059498663773529e-07,635
720575940620840948,1.059498663773529e-07,636
720575940615669972,1.059498663773529e-07,637
720575940622334448,1.059498663773529e-07,638
720575940650885497,1.059498663773529e-07,639
720575940612542742,1.059498663773529e-07,640
720575940611137742,1.059498663773529e-07,641
720575940631347011,1.059498663773529e-07,642
720575940621164927,1.059498663773529e-07,643
720575940619644336,9.932799972876834e-08,644
720575940637864355,9.270613308018378e-08,645
720575940647020932,9.270613308018378e-08,646
720575940637736006,9.270613308018378e-08,647
720575940614291181,9.270613308018378e-08,648
720575940617745821,9.270613308018378e-08,649
720575940637323071,9.270613308018378e-08,650
720575940623547133,9.270613308018378e-08,651
720575940622055201,9.270613308018378e-08,652
720575940626510169,9.270613308018378e-08,653
720575940633927359,7.946239978301467e-08,654
720575940620813989,7.946239978301467e-08,655
720575940639124029,7.946239978301467e-08,656
720575940623468228,7.946239978301467e-08,657
720575940617561669,7.946239978301467e-08,658
720575940630607738,7.946239978301467e-08,659
720575940622894616,7.946239978301467e-08,660
720575940623233065,7.946239978301467e-08,661
720575940635967886,7.946239978301467e-08,662
720575940618932603,7.946239978301467e-08,663
720575940605423806,7.946239978301467e-08,664
720575940632416298,7.946239978301467e-08,665
720575940629023131,7.946239978301467e-08,666
720575940611077188,6.621866648584556e-08,667
720575940608628419,6.621866648584556e-08,668
720575940622843747,6.621866648584556e-08,669
720575940627044885,6.621866648584556e-08,670
720575940616020795,6.621866648584556e-08,671
720575940621673852,6.621866648584556e-08,672
720575940628792323,6.621866648584556e-08,673
720575940637611365,5.297493318867645e-08,674
720575940629955372,5.297493318867645e-08,675
720575940628437291,5.297493318867645e-08,676
720575940624863015,5.297493318867645e-08,677
720575940628954954,5.297493318867645e-08,678
720575940632261423,5.297493318867645e-08,679
720575940623455239,5.297493318867645e-08,680
720575940623788040,3.973119989150733e-08,681
720575940620189790,3.973119989150733e-08,682
720575940631189817,3.973119989150733e-08,683
720575940619863125,3.973119989150733e-08,684
720575940611671506,3.973119989150733e-08,685
720575940626030776,3.973119989150733e-08,686
720575940620252075,3.973119989150733e-08,687
720575940628259407,2.6487466594338224e-08,688
720575940630914511,2.6487466594338224e-08,689
720575940634826676,2.6487466594338224e-08,690
720575940624425715,2.6487466594338224e-08,691
720575940615409150,2.6487466594338224e-08,692
720575940626022074,2.6487466594338224e-08,693
720575940626690334,2.6487466594338224e-08,694
720575940630250860,2.6487466594338224e-08,695
720575940636167280,2.6487466594338224e-08,696
720575940628348265,2.6487466594338224e-08,697
720575940638201833,2.6487466594338224e-08,698
720575940616077874,2.6487466594338224e-08,699
720575940626224280,2.6487466594338224e-08,700
720575940604418988,2.6487466594338224e-08,701
720575940630921027,1.3243733297169112e-08,702
720575940623901695,1.3243733297169112e-08,703
720575940622089761,1.3243733297169112e-08,704
720575940628641127,1.3243733297169112e-08,705
720575940634325087,1.3243733297169112e-08,706
720575940620981072,1.3243733297169112e-08,707
720575940614714178,1.3243733297169112e-08,708
720575940623781127,1.3243733297169112e-08,709
720575940635138911,1.3243733297169112e-08,710
720575940606218528,1.3243733297169112e-08,711
720575940625990277,1.3243733297169112e-08,712
720575940611849187,1.3243733297169112e-08,713
720575940623617973,1.3243733297169112e-08,714
720575940624014483,1.3243733297169112e-08,715
720575940610836885,1.3243733297169112e-08,716
720575940629279544,1.3243733297169112e-08,717
720575940635249332,1.3243733297169112e-08,718
720575940614926790,0.0,719
720575940633213591,0.0,720
720575940630496975,0.0,721
720575940643361390,0.0,722
720575940619097816,0.0,723
720575940628674686,0.0,724
720575940615747259,0.0,725
720575940628453946,0.0,726
720575940633543650,0.0,727
720575940627911415,0.0,728
720575940636841840,0.0,729
720575940607927817,0.0,730
720575940629098618,0.0,731
720575940617234077,0.0,732
720575940605309542,0.0,733
720575940629498306,0.0,734
720575940622276791,0.0,735
720575940633509949,0.0,736
720575940631217782,0.0,737
720575940628621316,0.0,738
720575940628723578,0.0,739
720575940634839487,0.0,740
720575940612704802,0.0,741
720575940627817260,0.0,742
720575940635596901,0.0,743
720575940614155882,0.0,744
720575940616546333,0.0,745
720575940605381065,0.0,746
720575940631925132,0.0,747
720575940613970147,0.0,748
720575940629588854,0.0,749
720575940637472053,0.0,750
720575940630664273,0.0,751
720575940635323255,0.0,752
720575940623613149,0.0,753
720575940639080526,0.0,754
720575940629539269,0.0,755
720575940614255522,0.0,756
720575940614735372,0.0,757
720575940620015201,0.0,758
720575940633311328,0.0,759
720575940647097732,0.0,760
720575940623358954,0.0,761
720575940619702337,0.0,762
720575940631900697,0.0,763
720575940629454974,0.0,764
720575940625821758,0.0,765
720575940627528964,0.0,766
720575940629350782,0.0,767
720575940619280110,0.0,768
720575940647088004,0.0,769
720575940627526735,0.0,770
720575940619804582,0.0,771
720575940620071872,0.0,772
720575940614559163,0.0,773
720575940640282869,0.0,774
720575940624711655,0.0,775
720575940615289759,0.0,776
720575940623311804,0.0,777
720575940624274685,0.0,778
720575940612755665,0.0,779
720575940624761331,0.0,780
720575940629593585,0.0,781
720575940625977870,0.0,782
720575940622042373,0.0,783
720575940608606475,0.0,784
720575940622192822,0.0,785
720575940627592977,0.0,786
720575940609533394,0.0,787
720575940631447879,0.0,788
720575940618181445,0.0,789
720575940610895826,0.0,790
720575940606009801,0.0,791
720575940625853989,0.0,792
720575940618731934,0.0,793
720575940603167916,0.0,794
720575940627559759,0.0,795
720575940619756148,0.0,796
720575940621051312,0.0,797
720575940614825622,0.0,798
720575940628363642,0.0,799
720575940613237758,0.0,800
720575940616009729,0.0,801
720575940627200010,0.0,802
720575940630917573,0.0,803
720575940643956168,0.0,804
720575940604961894,0.0,805
720575940614605458,0.0,806
720575940615021930,0.0,807
720575940614777247,0.0,808
720575940643812000,0.0,809
720575940624224526,0.0,810
720575940623118519,0.0,811
720575940633286068,0.0,812
720575940626672314,0.0,813
720575940624915128,0.0,814
720575940620719832,0.0,815
720575940634197172,0.0,816
720575940638216420,0.0,817
720575940635180956,0.0,818
720575940624175565,0.0,819
720575940633333986,0.0,820
720575940620445062,0.0,821
720575940616376287,0.0,822
720575940620144304,0.0,823
720575940649153657,0.0,824
720575940617575760,0.0,825
720575940627632428,0.0,826
720575940624592217,0.0,827
720575940639625286,0.0,828
720575940631498819,0.0,829
720575940634617952,0.0,830
720575940626158364,0.0,831
720575940618522673,0.0,832
720575940629893162,0.0,833
720575940630080763,0.0,834
720575940623824106,0.0,835
720575940640559165,0.0,836
720575940621089780,0.0,837
720575940621315293,0.0,838
720575940628499322,0.0,839
720575940649501817,0.0,840
720575940642284704,0.0,841
720575940628800277,0.0,842
720575940618645963,0.0,843
720575940636599182,0.0,844
720575940614548765,0.0,845
720575940645541155,0.0,846
720575940623062749,0.0,847
720575940643977070,0.0,848
720575940627253865,0.0,849
720575940618512331,0.0,850
720575940620805545,0.0,851
720575940632792089,0.0,852
720575940623235848,0.0,853
720575940612901807,0.0,854
720575940615639199,0.0,855
720575940622586367,0.0,856
720575940611881139,0.0,857
720575940617480121,0.0,858
720575940621385893,0.0,859
720575940625328074,0.0,860
720575940616786065,0.0,861
720575940616921129,0.0,862
720575940617984297,0.0,863
720575940615994907,0.0,864
720575940631898961,0.0,865
720575940635562096,0.0,866
720575940627249764,0.0,867
720575940631912223,0.0,868
720575940608364636,0.0,869
720575940638007640,0.0,870
720575940639202467,0.0,871
720575940629184630,0.0,872
720575940629709250,0.0,873
720575940636521573,0.0,874
720575940653705889,0.0,875
720575940610683342,0.0,876
720575940633439851,0.0,877
720575940617684054,0.0,878
720575940631629866,0.0,879
720575940616144470,0.0,880
720575940637612974,0.0,881
720575940616723549,0.0,882
720575940618337985,0.0,883
720575940605792434,0.0,884
720575940614306814,0.0,885
720575940632803212,0.0,886
720575940614495093,0.0,887
720575940624422643,0.0,888
720575940629233145,0.0,889
720575940623465098,0.0,890
720575940618394453,0.0,891
720575940630399995,0.0,892
720575940621892122,0.0,893
720575940604997152,0.0,894
720575940603455846,0.0,895
720575940627833860,0.0,896
720575940632144813,0.0,897
720575940625497488,0.0,898
720575940627493653,0.0,899
720575940612576254,0.0,900
720575940632197935,0.0,901
720575940607930716,0.0,902
720575940628724284,0.0,903
720575940640566736,0.0,904
720575940624637884,0.0,905
720575940620411841,0.0,906
720575940641362907,0.0,907
720575940630360377,0.0,908
720575940627140348,0.0,909
720575940635397880,0.0,910
720575940615785228,0.0,911
720575940632303073,0.0,912
720575940629244154,0.0,913
720575940622665707,0.0,914
720575940630155083,0.0,915
720575940627173192,0.0,916
720575940621832001,0.0,917
720575940627454730,0.0,918
720575940619553329,0.0,919
720575940622387677,0.0,920
720575940634992319,0.0,921
720575940613452525,0.0,922
720575940638936885,0.0,923
720575940615802674,0.0,924
720575940630273910,0.0,925
720575940613364461,0.0,926
720575940617617494,0.0,927
720575940608904312,0.0,928
720575940618011604,0.0,929
720575940610206387,0.0,930
720575940637949161,0.0,931
720575940611035365,0.0,932
720575940637810239,0.0,933
720575940624245436,0.0,934
720575940646768419,0.0,935
720575940632495052,0.0,936
720575940620566808,0.0,937
720575940619834965,0.0,938
720575940613690031,0.0,939
720575940632635053,0.0,940
720575940616315281,0.0,941
720575940610922202,0.0,942
720575940626893834,0.0,943
720575940610287566,0.0,944
720575940616189509,0.0,945
720575940626865289,0.0,946
720575940629317991,0.0,947
720575940633909695,0.0,948
720575940629911084,0.0,949
720575940636505445,0.0,950
720575940620326336,0.0,951
720575940623071485,0.0,952
720575940631084684,0.0,953
720575940623503945,0.0,954
720575940638339773,0.0,955
720575940612951789,0.0,956
720575940626643944,0.0,957
720575940620329152,0.0,958
720575940606915849,0.0,959
720575940614778124,0.0,960
720575940628277147,0.0,961
720575940620472046,0.0,962
720575940614755478,0.0,963
720575940630754252,0.0,964
720575940631957319,0.0,965
720575940614833567,0.0,966
720575940603556198,0.0,967
720575940635072111,0.0,968
720575940626737685,0.0,969
720575940622436277,0.0,970
720575940604978534,0.0,971
720575940606963586,0.0,972
720575940625207019,0.0,973
720575940636675817,0.0,974
720575940626550504,0.0,975
720575940637626084,0.0,976
720575940615398075,0.0,977
720575940649133945,0.0,978
720575940609929426,0.0,979
720575940613017059,0.0,980
720575940627150090,0.0,981
720575940626225941,0.0,982
720575940632434340,0.0,983
720575940620148059,0.0,984
720575940623721703,0.0,985
720575940621613918,0.0,986
720575940604876977,0.0,987
720575940628044560,0.0,988
720575940630196588,0.0,989
720575940629178108,0.0,990
720575940631512376,0.0,991
720575940611237034,0.0,992
720575940620522305,0.0,993
720575940615681366,0.0,994
720575940619093524,0.0,995
720575940624859834,0.0,996
720575940619314964,0.0,997
720575940610873237,0.0,998
720575940619675056,0.0,999
720575940619331163,0.0,1000
720575940606869513,0.0,1001
720575940617380241,0.0,1002
720575940630682927,0.0,1003
720575940630278540,0.0,1004
720575940631964503,0.0,1005
720575940632336685,0.0,1006
720575940615957433,0.0,1007
720575940621650303,0.0,1008
720575940606662322,0.0,1009
720575940619899527,0.0,1010
720575940622168712,0.0,1011
720575940631575855,0.0,1012
720575940611685273,0.0,1013
720575940621701104,0.0,1014
720575940623339495,0.0,1015
720575940636624014,0.0,1016
720575940629287132,0.0,1017
720575940631490616,0.0,1018
720575940626124743,0.0,1019
720575940628238473,0.0,1020
720575940610637786,0.0,1021
720575940610403448,0.0,1022
720575940619559815,0.0,1023
720575940627932412,0.0,1024
720575940613167845,0.0,1025
720575940621952425,0.0,1026
720575940626082148,0.0,1027
720575940615961461,0.0,1028
720575940620440559,0.0,1029
720575940610823141,0.0,1030
720575940633366483,0.0,1031
720575940620128282,0.0,1032
720575940623437838,0.0,1033
720575940628934403,0.0,1034
720575940628588587,0.0,1035
720575940624043107,0.0,1036
720575940626446594,0.0,1037
720575940623126200,0.0,1038
720575940640759504,0.0,1039
720575940622651389,0.0,1040
720575940630384635,0.0,1041
720575940621953118,0.0,1042
720575940626080868,0.0,1043
720575940619357275,0.0,1044
720575940616121501,0.0,1045
720575940619743680,0.0,1046
720575940640451280,0.0,1047
720575940643266208,0.0,1048
720575940616296763,0.0,1049
720575940630819599,0.0,1050
720575940638593102,0.0,1051
720575940631767353,0.0,1052
720575940628072721,0.0,1053
720575940617052450,0.0,1054
720575940619968647,0.0,1055
720575940645714211,0.0,1056
720575940644157463,0.0,1057
720575940615959252,0.0,1058
720575940608564233,0.0,1059
720575940621784926,0.0,1060
720575940616701657,0.0,1061
720575940622021953,0.0,1062
720575940625913743,0.0,1063
720575940606385440,0.0,1064
720575940623010253,0.0,1065
720575940654927777,0.0,1066
720575940645680407,0.0,1067
720575940620638335,0.0,1068
720575940619417620,0.0,1069
720575940613509010,0.0,1070
720575940623011720,0.0,1071
720575940609149394,0.0,1072
720575940619898759,0.0,1073
720575940639166336,0.0,1074
720575940629236183,0.0,1075
720575940627079557,0.0,1076
720575940622054340,0.0,1077
720575940616101994,0.0,1078
720575940630836305,0.0,1079
720575940609347448,0.0,1080
720575940611837809,0.0,1081
720575940636741488,0.0,1082
720575940624928574,0.0,1083
720575940639100760,0.0,1084
720575940625345584,0.0,1085
720575940608889902,0.0,1086
720575940623994701,0.0,1087
720575940622880588,0.0,1088
720575940616121403,0.0,1089
720575940610907490,0.0,1090
720575940620750716,0.0,1091
720575940624934787,0.0,1092
720575940624473444,0.0,1093
720575940620840368,0.0,1094
720575940637869284,0.0,1095
720575940608177988,0.0,1096
720575940619466416,0.0,1097
720575940645186868,0.0,1098
720575940624308203,0.0,1099
720575940631448913,0.0,1100
720575940629724354,0.0,1101
720575940624829479,0.0,1102
720575940615257823,0.0,1103
720575940617648507,0.0,1104
720575940636698798,0.0,1105
720575940617577617,0.0,1106
720575940626895442,0.0,1107
720575940659323521,0.0,1108
720575940626394767,0.0,1109
720575940618492224,0.0,1110
720575940636023438,0.0,1111
720575940622557022,0.0,1112
720575940608407049,0.0,1113
720575940624514535,0.0,1114
720575940615133894,0.0,1115
720575940607041154,0.0,1116
720575940606319794,0.0,1117
720575940625993656,0.0,1118
720575940606922674,0.0,1119
720575940631631929,0.0,1120
720575940620226470,0.0,1121
720575940652490742,0.0,1122
720575940609226702,0.0,1123
720575940626853245,0.0,1124
720575940613914774,0.0,1125
720575940620036417,0.0,1126
720575940612723409,0.0,1127
720575940624749258,0.0,1128
720575940612615149,0.0,1129
720575940616295110,0.0,1130
720575940613941533,0.0,1131
720575940608605705,0.0,1132
720575940629336770,0.0,1133
720575940620358336,0.0,1134
720575940618640542,0.0,1135
720575940624061116,0.0,1136
720575940625235033,0.0,1137
720575940619440816,0.0,1138
720575940632613549,0.0,1139
720575940620522155,0.0,1140
720575940630450852,0.0,1141
720575940615443103,0.0,1142
720575940616295069,0.0,1143
720575940638249917,0.0,1144
720575940658795137,0.0,1145
720575940611440793,0.0,1146
720575940626769304,0.0,1147
720575940612887154,0.0,1148
720575940636364133,0.0,1149
720575940621292726,0.0,1150
720575940644607854,0.0,1151
720575940618729350,0.0,1152
720575940612846962,0.0,1153
720575940621987255,0.0,1154
720575940628394716,0.0,1155
720575940629108094,0.0,1156
720575940626864414,0.0,1157
720575940620469742,0.0,1158
720575940628687259,0.0,1159
720575940616903465,0.0,1160
720575940627135306,0.0,1161
720575940611377893,0.0,1162
720575940616311513,0.0,1163
720575940630963141,0.0,1164
720575940613961522,0.0,1165
720575940631782447,0.0,1166
720575940627045636,0.0,1167
720575940636114239,0.0,1168
720575940633932951,0.0,1169
720575940618131505,0.0,1170
720575940626803279,0.0,1171
720575940607012482,0.0,1172
720575940638731427,0.0,1173
720575940621462797,0.0,1174
720575940619954091,0.0,1175
720575940616377942,0.0,1176
720575940623572164,0.0,1177
720575940629294636,0.0,1178
720575940636991856,0.0,1179
720575940620981274,0.0,1180
720575940631619409,0.0,1181
720575940627431311,0.0,1182
720575940607626453,0.0,1183
720575940637728063,0.0,1184
720575940635114347,0.0,1185
720575940622972820,0.0,1186
720575940621620229,0.0,1187
720575940620459702,0.0,1188
720575940617041728,0.0,1189
720575940627534339,0.0,1190
720575940631335417,0.0,1191
720575940636643832,0.0,1192
720575940621659563,0.0,1193
720575940621309534,0.0,1194
720575940619964916,0.0,1195
720575940610214613,0.0,1196
720575940624527091,0.0,1197
720575940616799547,0.0,1198
720575940626653214,0.0,1199
720575940612570595,0.0,1200
720575940622389735,0.0,1201
720575940637954532,0.0,1202
720575940621251818,0.0,1203
720575940627014949,0.0,1204
720575940617422641,0.0,1205
720575940617015750,0.0,1206
720575940642871240,0.0,1207
720575940637069757,0.0,1208
720575940613222835,0.0,1209
720575940621466637,0.0,1210
720575940620030384,0.0,1211
720575940632271405,0.0,1212
720575940614043699,0.0,1213
720575940615657119,0.0,1214
720575940620121223,0.0,1215
720575940630037036,0.0,1216
720575940626792025,0.0,1217
720575940629275898,0.0,1218
720575940615255993,0.0,1219
720575940625732196,0.0,1220
720575940620096097,0.0,1221
720575940637725272,0.0,1222
720575940616117433,0.0,1223
720575940609905220,0.0,1224
720575940636066167,0.0,1225
720575940628697872,0.0,1226
720575940635767524,0.0,1227
720575940620283227,0.0,1228
720575940608971989,0.0,1229
720575940611116386,0.0,1230
720575940634546807,0.0,1231
720575940608810709,0.0,1232
720575940627446415,0.0,1233
720575940610218360,0.0,1234
720575940621649396,0.0,1235
720575940605993649,0.0,1236
720575940632429732,0.0,1237
720575940633203225,0.0,1238
720575940614009827,0.0,1239
720575940622625097,0.0,1240
720575940622457028,0.0,1241
720575940614634786,0.0,1242
720575940615380530,0.0,1243
720575940621291852,0.0,1244
720575940620774326,0.0,1245
720575940653829537,0.0,1246
720575940641119885,0.0,1247
720575940614742214,0.0,1248
720575940631737005,0.0,1249
720575940634574004,0.0,1250
720575940631911761,0.0,1251
720575940628599595,0.0,1252
720575940625383155,0.0,1253
720575940632356066,0.0,1254
720575940624689336,0.0,1255
720575940622196518,0.0,1256
720575940639025998,0.0,1257
720575940630620747,0.0,1258
720575940631014703,0.0,1259
720575940621767629,0.0,1260
720575940629009769,0.0,1261
720575940651502070,0.0,1262
720575940621914381,0.0,1263
720575940624121358,0.0,1264
720575940639004032,0.0,1265
720575940631934023,0.0,1266
720575940619360532,0.0,1267
720575940620654145,0.0,1268
720575940649394553,0.0,1269
720575940633837247,0.0,1270
720575940631941587,0.0,1271
720575940631737261,0.0,1272
720575940617022277,0.0,1273
720575940617166882,0.0,1274
720575940604352689,0.0,1275
720575940623646537,0.0,1276
720575940626282633,0.0,1277
720575940635146926,0.0,1278
720575940614110375,0.0,1279
720575940617038593,0.0,1280
720575940608667460,0.0,1281
720575940638455459,0.0,1282
720575940625709720,0.0,1283
720575940614634346,0.0,1284
720575940645211939,0.0,1285
720575940614842262,0.0,1286
720575940625889625,0.0,1287
720575940621625349,0.0,1288
720575940642455200,0.0,1289
720575940624084429,0.0,1290
720575940625657530,0.0,1291
720575940632308684,0.0,1292
720575940642599328,0.0,1293
720575940638667846,0.0,1294
720575940629423994,0.0,1295
720575940654194337,0.0,1296
720575940624500519,0.0,1297
720575940619974193,0.0,1298
720575940628358406,0.0,1299
720575940605834626,0.0,1300
720575940614430102,0.0,1301
720575940606001074,0.0,1302
720575940626529448,0.0,1303
720575940617390036,0.0,1304
720575940628158875,0.0,1305
720575940633611234,0.0,1306
720575940628217643,0.0,1307
720575940617695572,0.0,1308
720575940629917228,0.0,1309
720575940617807517,0.0,1310
720575940619565648,0.0,1311
720575940657858433,0.0,1312
720575940620828912,0.0,1313
720575940629088450,0.0,1314
720575940621878021,0.0,1315
720575940617908820,0.0,1316
720575940612717202,0.0,1317
720575940610059726,0.0,1318
720575940621658502,0.0,1319
720575940619115845,0.0,1320
720575940631406547,0.0,1321
720575940629164283,0.0,1322
720575940605565886,0.0,1323
720575940613258975,0.0,1324
720575940611960872,0.0,1325
720575940646514740,0.0,1326
720575940612019442,0.0,1327
720575940612740886,0.0,1328
720575940608148693,0.0,1329
720575940630013228,0.0,1330
720575940625901002,0.0,1331
720575940622082518,0.0,1332
720575940645386884,0.0,1333
720575940611056846,0.0,1334
720575940643931336,0.0,1335
720575940620555252,0.0,1336
720575940633367377,0.0,1337
720575940633642391,0.0,1338
720575940628894970,0.0,1339
720575940637226212,0.0,1340
720575940625855833,0.0,1341
720575940615659381,0.0,1342
720575940609590596,0.0,1343
720575940633353568,0.0,1344
720575940614880671,0.0,1345
720575940630990756,0.0,1346
720575940617895744,0.0,1347
720575940617436305,0.0,1348
720575940620319329,0.0,1349
720575940621378580,0.0,1350
720575940617496886,0.0,1351
720575940612881105,0.0,1352
720575940628419804,0.0,1353
720575940618464802,0.0,1354
720575940631388589,0.0,1355
720575940619440878,0.0,1356
720575940619539182,0.0,1357
720575940623438571,0.0,1358
720575940624290539,0.0,1359
720575940617368532,0.0,1360
720575940632351457,0.0,1361
720575940612821727,0.0,1362
720575940639278325,0.0,1363
720575940628675433,0.0,1364
720575940615838662,0.0,1365
720575940625765306,0.0,1366
720575940628834832,0.0,1367
720575940617327590,0.0,1368
720575940604486880,0.0,1369
720575940639534451,0.0,1370
720575940626002494,0.0,1371
720575940619658433,0.0,1372
720575940626640158,0.0,1373
720575940626086244,0.0,1374
720575940627479829,0.0,1375
720575940605452064,0.0,1376
720575940624428019,0.0,1377
720575940605252041,0.0,1378
720575940614427055,0.0,1379
720575940635404724,0.0,1380
720575940626425682,0.0,1381
720575940630420985,0.0,1382
720575940623586999,0.0,1383
720575940620407628,0.0,1384
720575940634710879,0.0,1385
720575940638607805,0.0,1386
720575940616504977,0.0,1387
720575940642030477,0.0,1388
720575940618304670,0.0,1389
720575940612339370,0.0,1390
720575940638440051,0.0,1391
720575940615356347,0.0,1392
720575940612607953,0.0,1393
720575940619723088,0.0,1394
720575940629522426,0.0,1395
720575940626982799,0.0,1396
720575940620499115,0.0,1397
720575940631964130,0.0,1398
720575940610514478,0.0,1399
720575940638567758,0.0,1400
720575940624570917,0.0,1401
720575940633808665,0.0,1402
720575940608663765,0.0,1403
720575940609865796,0.0,1404
720575940634657431,0.0,1405
720575940631108179,0.0,1406
720575940629723434,0.0,1407
720575940618953630,0.0,1408
720575940631868999,0.0,1409
720575940621689584,0.0,1410
720575940617873728,0.0,1411
720575940637559182,0.0,1412
720575940634032376,0.0,1413
720575940620605940,0.0,1414
720575940617501652,0.0,1415
720575940623409959,0.0,1416
720575940626674584,0.0,1417
720575940623889421,0.0,1418
720575940630192682,0.0,1419
720575940654500257,0.0,1420
720575940625724072,0.0,1421
720575940644512791,0.0,1422
720575940622594601,0.0,1423
720575940632737837,0.0,1424
720575940626518302,0.0,1425
720575940624421148,0.0,1426
720575940625273116,0.0,1427
720575940625413395,0.0,1428
720575940631549202,0.0,1429
720575940625305884,0.0,1430
720575940620783898,0.0,1431
720575940618326292,0.0,1432
720575940635432855,0.0,1433
720575940623538951,0.0,1434
720575940639468160,0.0,1435
720575940607369737,0.0,1436
720575940643846180,0.0,1437
720575940635286958,0.0,1438
720575940629036997,0.0,1439
720575940623735310,0.0,1440
720575940640123008,0.0,1441
720575940621966827,0.0,1442
720575940624036339,0.0,1443
720575940618926319,0.0,1444
720575940624300984,0.0,1445
720575940638535296,0.0,1446
720575940631687332,0.0,1447
720575940627726223,0.0,1448
720575940604924606,0.0,1449
720575940617137881,0.0,1450
720575940622278157,0.0,1451
720575940619003051,0.0,1452
720575940626216317,0.0,1453
720575940624528314,0.0,1454
720575940611611378,0.0,1455
720575940614791018,0.0,1456
720575940619902117,0.0,1457
720575940627081994,0.0,1458
720575940627537753,0.0,1459
720575940612087758,0.0,1460
720575940625182341,0.0,1461
720575940629488578,0.0,1462
720575940618777684,0.0,1463
720575940604935340,0.0,1464
720575940634849460,0.0,1465
720575940603899936,0.0,1466
720575940642383520,0.0,1467
720575940625451920,0.0,1468
720575940638229080,0.0,1469
720575940632115247,0.0,1470
720575940606865330,0.0,1471
720575940629971191,0.0,1472
720575940623030015,0.0,1473
720575940625994728,0.0,1474
720575940632728476,0.0,1475
720575940609137500,0.0,1476
720575940624597228,0.0,1477
720575940624884920,0.0,1478
720575940624361230,0.0,1479
720575940604319078,0.0,1480
720575940633212556,0.0,1481
720575940620244719,0.0,1482
720575940653332385,0.0,1483
720575940622116428,0.0,1484
720575940615386324,0.0,1485
720575940613942301,0.0,1486
720575940639179709,0.0,1487
720575940619075073,0.0,1488
720575940637870820,0.0,1489
720575940627101706,0.0,1490
720575940629007230,0.0,1491
720575940619354417,0.0,1492
720575940629141095,0.0,1493
720575940633566690,0.0,1494
720575940616196898,0.0,1495
720575940636504165,0.0,1496
720575940627915280,0.0,1497
720575940620459910,0.0,1498
720575940639684440,0.0,1499
720575940633186530,0.0,1500
720575940617704219,0.0,1501
720575940615237170,0.0,1502
720575940626689176,0.0,1503
720575940624264340,0.0,1504
720575940619933269,0.0,1505
720575940619964788,0.0,1506
720575940638642547,0.0,1507
720575940629249591,0.0,1508
720575940624365500,0.0,1509
720575940613191591,0.0,1510
720575940628225323,0.0,1511
720575940614053149,0.0,1512
720575940629349164,0.0,1513
720575940636227696,0.0,1514
720575940638962851,0.0,1515
720575940620685739,0.0,1516
720575940612362663,0.0,1517
720575940612374757,0.0,1518
720575940654436769,0.0,1519
720575940648931705,0.0,1520
720575940621788284,0.0,1521
720575940641243125,0.0,1522
720575940629326695,0.0,1523
720575940627383890,0.0,1524
720575940654929057,0.0,1525
720575940630719173,0.0,1526
720575940623119454,0.0,1527
720575940619936639,0.0,1528
720575940620495484,0.0,1529
720575940638963875,0.0,1530
720575940616502017,0.0,1531
720575940613752999,0.0,1532
720575940618353186,0.0,1533
720575940616438085,0.0,1534
720575940624695335,0.0,1535
720575940623068308,0.0,1536
720575940634865771,0.0,1537
720575940639127861,0.0,1538
720575940626724946,0.0,1539
720575940605236866,0.0,1540
720575940622735615,0.0,1541
720575940623331475,0.0,1542
720575940631379783,0.0,1543
720575940626161154,0.0,1544
720575940620181925,0.0,1545
720575940628685884,0.0,1546
720575940622356835,0.0,1547
720575940630679895,0.0,1548
720575940616210333,0.0,1549
720575940627478427,0.0,1550
720575940642495176,0.0,1551
720575940608360203,0.0,1552
720575940627958889,0.0,1553
720575940643517038,0.0,1554
720575940639110389,0.0,1555
720575940617819728,0.0,1556
720575940626729515,0.0,1557
720575940620243621,0.0,1558
720575940641536397,0.0,1559
720575940619108299,0.0,1560
720575940617989417,0.0,1561
720575940625402501,0.0,1562
720575940624180479,0.0,1563
720575940617128705,0.0,1564
720575940609890315,0.0,1565
720575940630953423,0.0,1566
720575940612619431,0.0,1567
720575940650844150,0.0,1568
720575940617104396,0.0,1569
720575940642962286,0.0,1570
720575940619087645,0.0,1571
720575940633778528,0.0,1572
720575940603453286,0.0,1573
720575940610456270,0.0,1574
720575940615992091,0.0,1575
720575940610254810,0.0,1576
720575940637087039,0.0,1577
720575940626213642,0.0,1578
720575940610864533,0.0,1579
720575940639076669,0.0,1580
720575940628246121,0.0,1581
720575940621629189,0.0,1582
720575940617056064,0.0,1583
720575940635081464,0.0,1584
720575940634702431,0.0,1585
720575940614548253,0.0,1586
720575940623771580,0.0,1587
720575940617067305,0.0,1588
720575940653542817,0.0,1589
720575940634468975,0.0,1590
720575940623366102,0.0,1591
720575940631228719,0.0,1592
720575940616670242,0.0,1593
720575940621335841,0.0,1594
720575940620511732,0.0,1595
720575940611117425,0.0,1596
720575940634781620,0.0,1597
720575940618855344,0.0,1598
720575940629587671,0.0,1599
720575940633727339,0.0,1600
720575940624620952,0.0,1601
720575940635211115,0.0,1602
720575940660912001,0.0,1603
720575940624310857,0.0,1604
720575940620474278,0.0,1605
720575940615049578,0.0,1606
720575940633802045,0.0,1607
720575940628632143,0.0,1608
720575940626452120,0.0,1609
720575940633857687,0.0,1610
720575940612918930,0.0,1611
720575940624158352,0.0,1612
720575940608824530,0.0,1613
720575940624223888,0.0,1614
720575940630384246,0.0,1615
720575940626053834,0.0,1616
720575940612638866,0.0,1617
720575940620468718,0.0,1618
720575940636627960,0.0,1619
720575940638871128,0.0,1620
720575940610658766,0.0,1621
720575940624030478,0.0,1622
720575940631301715,0.0,1623
720575940618562950,0.0,1624
720575940627271762,0.0,1625
720575940626091602,0.0,1626
720575940629951183,0.0,1627
720575940627172936,0.0,1628
720575940617899584,0.0,1629
720575940640477603,0.0,1630
720575940630275269,0.0,1631
720575940628876860,0.0,1632
720575940628254263,0.0,1633
720575940621814054,0.0,1634
720575940628909623,0.0,1635
720575940638936629,0.0,1636
720575940612110042,0.0,1637
720575940633175196,0.0,1638
720575940638116723,0.0,1639
720575940620028788,0.0,1640
720575940620356468,0.0,1641
720575940629009786,0.0,1642
720575940624294800,0.0,1643
720575940627643398,0.0,1644
720575940621479295,0.0,1645
720575940638509952,0.0,1646
720575940621607093,0.0,1647
720575940633884333,0.0,1648
720575940629947439,0.0,1649
720575940616480852,0.0,1650
720575940629728988,0.0,1651
720575940621638534,0.0,1652
720575940650525430,0.0,1653
720575940620193472,0.0,1654
720575940622060426,0.0,1655
720575940615474875,0.0,1656
720575940640175549,0.0,1657
720575940619439792,0.0,1658
720575940620979888,0.0,1659
720575940638983401,0.0,1660
720575940623087821,0.0,1661
720575940616949406,0.0,1662
720575940616891958,0.0,1663
720575940615116207,0.0,1664
720575940621825916,0.0,1665
720575940644725664,0.0,1666
720575940605513417,0.0,1667
720575940614570793,0.0,1668
720575940645722660,0.0,1669
720575940617290713,0.0,1670
720575940605264305,0.0,1671
720575940635916942,0.0,1672
720575940624923655,0.0,1673
720575940624431288,0.0,1674
720575940610952089,0.0,1675
720575940605029250,0.0,1676
720575940633660898,0.0,1677
720575940629728732,0.0,1678
720575940619420838,0.0,1679
720575940617244116,0.0,1680
720575940631203276,0.0,1681
720575940616017593,0.0,1682
720575940629507450,0.0,1683
720575940619375701,0.0,1684
720575940630966840,0.0,1685
720575940606967730,0.0,1686
720575940616222438,0.0,1687
720575940629849196,0.0,1688
720575940621023297,0.0,1689
720575940622163197,0.0,1690
720575940617201113,0.0,1691
720575940621709132,0.0,1692
720575940631798888,0.0,1693
720575940626163518,0.0,1694
720575940631388231,0.0,1695
720575940624758771,0.0,1696
720575940619111883,0.0,1697
720575940625819138,0.0,1698
720575940615436893,0.0,1699
720575940625775336,0.0,1700
720575940612058861,0.0,1701
720575940618292785,0.0,1702
720575940628584783,0.0,1703
720575940621137833,0.0,1704
720575940632284717,0.0,1705
720575940629270060,0.0,1706
720575940627598891,0.0,1707
720575940649342841,0.0,1708
720575940631399978,0.0,1709
720575940627133702,0.0,1710
720575940641704077,0.0,1711
720575940622625279,0.0,1712
720575940623044109,0.0,1713
720575940639314229,0.0,1714
720575940640172221,0.0,1715
720575940630023680,0.0,1716
720575940634460055,0.0,1717
720575940626779644,0.0,1718
720575940621946945,0.0,1719
720575940608379915,0.0,1720
720575940624791527,0.0,1721
720575940646386308,0.0,1722
720575940638389437,0.0,1723
720575940617986089,0.0,1724
720575940603820716,0.0,1725
720575940626886933,0.0,1726
720575940617665950,0.0,1727
720575940630106309,0.0,1728
720575940645431075,0.0,1729
720575940620603489,0.0,1730
720575940611068053,0.0,1731
720575940638487384,0.0,1732
720575940622403881,0.0,1733
720575940626584904,0.0,1734
720575940619298731,0.0,1735
720575940632677145,0.0,1736
720575940624369968,0.0,1737
720575940645325603,0.0,1738
720575940639053885,0.0,1739
720575940628024107,0.0,1740
720575940628390811,0.0,1741
720575940611208818,0.0,1742
720575940613507946,0.0,1743
720575940631227343,0.0,1744
720575940621286405,0.0,1745
720575940619681600,0.0,1746
720575940610519747,0.0,1747
720575940620986022,0.0,1748
720575940630219567,0.0,1749
720575940632432184,0.0,1750
720575940631638034,0.0,1751
720575940611762329,0.0,1752
720575940611157466,0.0,1753
720575940626831961,0.0,1754
720575940620303732,0.0,1755
720575940628769662,0.0,1756
720575940635118943,0.0,1757
720575940622675421,0.0,1758
720575940622604749,0.0,1759
720575940617046785,0.0,1760
720575940620382704,0.0,1761
720575940613798195,0.0,1762
720575940623787445,0.0,1763
720575940628581123,0.0,1764
720575940638069875,0.0,1765
720575940652993953,0.0,1766
720575940612105586,0.0,1767
720575940622977799,0.0,1768
720575940626607626,0.0,1769
720575940607459849,0.0,1770
720575940607085323,0.0,1771
720575940628810512,0.0,1772
720575940624595132,0.0,1773
720575940621590720,0.0,1774
720575940629380034,0.0,1775
720575940622262593,0.0,1776
720575940624442000,0.0,1777
720575940629153274,0.0,1778
720575940615305484,0.0,1779
720575940631268114,0.0,1780
720575940639287667,0.0,1781
720575940618869814,0.0,1782
720575940616551563,0.0,1783
720575940614184671,0.0,1784
720575940632624813,0.0,1785
720575940615917580,0.0,1786
720575940643240904,0.0,1787
720575940649154425,0.0,1788
720575940626565907,0.0,1789
720575940623971848,0.0,1790
720575940635159982,0.0,1791
720575940626674707,0.0,1792
720575940633211031,0.0,1793
720575940608313611,0.0,1794
720575940621398366,0.0,1795
720575940622624234,0.0,1796
720575940626601093,0.0,1797
720575940629338750,0.0,1798
720575940617094429,0.0,1799
720575940626299678,0.0,1800
720575940637002574,0.0,1801
720575940620886704,0.0,1802
720575940639186264,0.0,1803
720575940629591746,0.0,1804
720575940613785041,0.0,1805
720575940629248044,0.0,1806
720575940625583204,0.0,1807
720575940617454114,0.0,1808
720575940620802230,0.0,1809
720575940631203896,0.0,1810
720575940641372112,0.0,1811
720575940615798540,0.0,1812
720575940616151638,0.0,1813
720575940623032102,0.0,1814
720575940639427416,0.0,1815
720575940629064764,0.0,1816
720575940620196628,0.0,1817
720575940619864912,0.0,1818
720575940625813081,0.0,1819
720575940607206066,0.0,1820
720575940636975582,0.0,1821
720575940621585507,0.0,1822
720575940620831265,0.0,1823
720575940619791019,0.0,1824
720575940621654298,0.0,1825
720575940626976522,0.0,1826
720575940628749111,0.0,1827
720575940624828464,0.0,1828
720575940622891923,0.0,1829
720575940620686324,0.0,1830
720575940623242900,0.0,1831
720575940610081746,0.0,1832
720575940611662706,0.0,1833
720575940619844534,0.0,1834
720575940616713473,0.0,1835
720575940620675711,0.0,1836
720575940610756814,0.0,1837
720575940623464683,0.0,1838
720575940627983080,0.0,1839
720575940627318696,0.0,1840
720575940633024924,0.0,1841
720575940621761263,0.0,1842
720575940623831054,0.0,1843
720575940631467591,0.0,1844
720575940621618721,0.0,1845
720575940616358715,0.0,1846
720575940635277998,0.0,1847
720575940623942119,0.0,1848
720575940623482355,0.0,1849
720575940611837041,0.0,1850
720575940617916061,0.0,1851
720575940630580183,0.0,1852
720575940630912975,0.0,1853
720575940626886025,0.0,1854
720575940630891791,0.0,1855
720575940624473575,0.0,1856
720575940640078800,0.0,1857
720575940605411104,0.0,1858
720575940630957509,0.0,1859
720575940610457457,0.0,1860
720575940637068400,0.0,1861
720575940620881005,0.0,1862
720575940628013898,0.0,1863
720575940639727861,0.0,1864
720575940640115675,0.0,1865
720575940645344110,0.0,1866
720575940639099992,0.0,1867
720575940619603024,0.0,1868
720575940631223314,0.0,1869
720575940634466144,0.0,1870
720575940628029592,0.0,1871
720575940613360554,0.0,1872
720575940618442681,0.0,1873
720575940622519372,0.0,1874
720575940623567945,0.0,1875
720575940623797321,0.0,1876
720575940621044701,0.0,1877
720575940639309390,0.0,1878
720575940643573284,0.0,1879
720575940612240918,0.0,1880
720575940605376800,0.0,1881
720575940625354904,0.0,1882
720575940631432403,0.0,1883
720575940631727308,0.0,1884
720575940625337546,0.0,1885
720575940631956397,0.0,1886
720575940622748868,0.0,1887
720575940623594132,0.0,1888
720575940633320785,0.0,1889
720575940617272025,0.0,1890
720575940639219253,0.0,1891
720575940605742002,0.0,1892
720575940626812072,0.0,1893
720575940610886610,0.0,1894
720575940638772387,0.0,1895
720575940625894552,0.0,1896
720575940634414231,0.0,1897
720575940614327442,0.0,1898
720575940615113867,0.0,1899
720575940637756349,0.0,1900
720575940630621391,0.0,1901
720575940617145483,0.0,1902
720575940620454849,0.0,1903
720575940621044863,0.0,1904
720575940625665149,0.0,1905
720575940628436282,0.0,1906
720575940621896653,0.0,1907
720575940622781389,0.0,1908
720575940614229159,0.0,1909
720575940627264082,0.0,1910
720575940620883917,0.0,1911
720575940632196935,0.0,1912
720575940624157675,0.0,1913
720575940612190693,0.0,1914
720575940619373551,0.0,1915
720575940624331272,0.0,1916
720575940608383243,0.0,1917
720575940612590754,0.0,1918
720575940625408333,0.0,1919
720575940615802598,0.0,1920
720575940621919428,0.0,1921
720575940631024682,0.0,1922
720575940623315347,0.0,1923
720575940614523871,0.0,1924
720575940621581802,0.0,1925
720575940636291429,0.0,1926
720575940633773849,0.0,1927
720575940646229283,0.0,1928
720575940631508598,0.0,1929
720575940622289919,0.0,1930
720575940621929471,0.0,1931
720575940614982654,0.0,1932
720575940619608625,0.0,1933
720575940623223245,0.0,1934
720575940614342038,0.0,1935
720575940645556334,0.0,1936
720575940628130325,0.0,1937
720575940630753662,0.0,1938
720575940630078348,0.0,1939
720575940620904614,0.0,1940
720575940621331621,0.0,1941
720575940623321226,0.0,1942
720575940645599268,0.0,1943
720575940618473808,0.0,1944
720575940639067108,0.0,1945
720575940613213151,0.0,1946
720575940605619744,0.0,1947
720575940631141699,0.0,1948
720575940630541399,0.0,1949
720575940620179309,0.0,1950
720575940631934348,0.0,1951
720575940623119496,0.0,1952
720575940631387719,0.0,1953
720575940625271845,0.0,1954
720575940617038337,0.0,1955
720575940633673497,0.0,1956
720575940630392684,0.0,1957
720575940633142170,0.0,1958
720575940634847863,0.0,1959
720575940630440808,0.0,1960
720575940621433599,0.0,1961
720575940619119782,0.0,1962
720575940639349053,0.0,1963
720575940618839942,0.0,1964
720575940611489010,0.0,1965
720575940624709925,0.0,1966
720575940617038849,0.0,1967
720575940615146562,0.0,1968
720575940639624253,0.0,1969
720575940632950241,0.0,1970
720575940631498040,0.0,1971
720575940623282175,0.0,1972
720575940613050577,0.0,1973
720575940652941217,0.0,1974
720575940645686564,0.0,1975
720575940612599215,0.0,1976
720575940605694752,0.0,1977
720575940615310604,0.0,1978
720575940606496011,0.0,1979
720575940614642655,0.0,1980
720575940625851676,0.0,1981
720575940612099309,0.0,1982
720575940619280981,0.0,1983
720575940629761591,0.0,1984
720575940618746747,0.0,1985
720575940651434486,0.0,1986
720575940621743860,0.0,1987
720575940634709217,0.0,1988
720575940633151057,0.0,1989
720575940631230994,0.0,1990
720575940634953055,0.0,1991
720575940639117912,0.0,1992
720575940625306603,0.0,1993
720575940629494543,0.0,1994
720575940618344606,0.0,1995
720575940624660825,0.0,1996
720575940624413642,0.0,1997
720575940613103912,0.0,1998
720575940631769145,0.0,1999
720575940612434661,0.0,2000
720575940617876048,0.0,2001
720575940626700889,0.0,2002
720575940618210614,0.0,2003
720575940622224836,0.0,2004
720575940629532098,0.0,2005
720575940629499330,0.0,2006
720575940606201278,0.0,2007
720575940614196667,0.0,2008
720575940614131131,0.0,2009
720575940624682426,0.0,2010
720575940619996582,0.0,2011
720575940640837027,0.0,2012
720575940639073370,0.0,2013
720575940626451864,0.0,2014
720575940626582842,0.0,2015
720575940621467212,0.0,2016
720575940610669042,0.0,2017
720575940624574356,0.0,2018
720575940637887872,0.0,2019
720575940635757936,0.0,2020
720575940620422494,0.0,2021
720575940621307230,0.0,2022
720575940639100248,0.0,2023
720575940616654166,0.0,2024
720575940621438284,0.0,2025
720575940610002244,0.0,2026
720575940635157902,0.0,2027
720575940604240416,0.0,2028
720575940622343094,0.0,2029
720575940610755481,0.0,2030
720575940619298865,0.0,2031
720575940618146619,0.0,2032
720575940624520999,0.0,2033
720575940659832705,0.0,2034
720575940623396093,0.0,2035
720575940636520805,0.0,2036
720575940646346548,0.0,2037
720575940653078433,0.0,2038
720575940630789071,0.0,2039
720575940631688955,0.0,2040
720575940609881749,0.0,2041
720575940635899566,0.0,2042
720575940617820929,0.0,2043
720575940628226604,0.0,2044
720575940623174953,0.0,2045
720575940620177517,0.0,2046
720575940613348246,0.0,2047
720575940614524127,0.0,2048
720575940641386203,0.0,2049
720575940630366684,0.0,2050
720575940634154140,0.0,2051
720575940621560052,0.0,2052
720575940622930957,0.0,2053
720575940618142813,0.0,2054
720575940624406408,0.0,2055
720575940627239946,0.0,2056
720575940605407846,0.0,2057
720575940611623661,0.0,2058
720575940608644654,0.0,2059
720575940631919756,0.0,2060
720575940610562713,0.0,2061
720575940627483179,0.0,2062
720575940621912346,0.0,2063
720575940621589999,0.0,2064
720575940630036332,0.0,2065
720575940627079080,0.0,2066
720575940613991731,0.0,2067
720575940630049337,0.0,2068
720575940618609462,0.0,2069
720575940630067968,0.0,2070
720575940625329726,0.0,2071
720575940622655949,0.0,2072
720575940621545968,0.0,2073
720575940636698286,0.0,2074
720575940616887611,0.0,2075
720575940639979648,0.0,2076
720575940633271191,0.0,2077
720575940620725720,0.0,2078
720575940625773605,0.0,2079
720575940636561641,0.0,2080
720575940624849040,0.0,2081
720575940630864170,0.0,2082
720575940608471563,0.0,2083
720575940622949069,0.0,2084
720575940626779722,0.0,2085
720575940614871402,0.0,2086
720575940625286473,0.0,2087
720575940613180591,0.0,2088
720575940603882720,0.0,2089
720575940615271124,0.0,2090
720575940635353592,0.0,2091
720575940618821067,0.0,2092
720575940635399160,0.0,2093
720575940628478251,0.0,2094
720575940617577797,0.0,2095
720575940625341880,0.0,2096
720575940621873677,0.0,2097
720575940637637208,0.0,2098
720575940621424397,0.0,2099
720575940627737073,0.0,2100
720575940634818296,0.0,2101
720575940615490502,0.0,2102
720575940611437973,0.0,2103
720575940634078303,0.0,2104
720575940622509203,0.0,2105
720575940623801276,0.0,2106
720575940618531544,0.0,2107
720575940615302879,0.0,2108
720575940624096708,0.0,2109
720575940638872629,0.0,2110
720575940639451043,0.0,2111
720575940634483704,0.0,2112
720575940605661361,0.0,2113
720575940633080033,0.0,2114
720575940631842119,0.0,2115
720575940614212514,0.0,2116
720575940612634009,0.0,2117
720575940626879484,0.0,2118
720575940631931183,0.0,2119
720575940615089970,0.0,2120
720575940620882714,0.0,2121
720575940628993900,0.0,2122
720575940622204612,0.0,2123
720575940620621665,0.0,2124
720575940639116496,0.0,2125
720575940610189358,0.0,2126
720575940625342648,0.0,2127
720575940628837436,0.0,2128
720575940615613396,0.0,2129
720575940622547661,0.0,2130
720575940622512522,0.0,2131
720575940627431080,0.0,2132
720575940625502595,0.0,2133
720575940631313455,0.0,2134
720575940607960843,0.0,2135
720575940605328230,0.0,2136
720575940614105342,0.0,2137
720575940629453116,0.0,2138
720575940648191609,0.0,2139
720575940620634537,0.0,2140
720575940622477508,0.0,2141
720575940661296001,0.0,2142
720575940643002528,0.0,2143
720575940624716746,0.0,2144
720575940622961604,0.0,2145
720575940626984274,0.0,2146
720575940626879996,0.0,2147
720575940623267559,0.0,2148
720575940639506776,0.0,2149
720575940626996252,0.0,2150
720575940644902179,0.0,2151
720575940622360358,0.0,2152
720575940631450451,0.0,2153
720575940633509407,0.0,2154
720575940639415248,0.0,2155
720575940612898161,0.0,2156
720575940616482363,0.0,2157
720575940619674795,0.0,2158
720575940620418032,0.0,2159
720575940633991263,0.0,2160
720575940629677509,0.0,2161
720575940619434689,0.0,2162
720575940628168847,0.0,2163
720575940653295009,0.0,2164
720575940616254016,0.0,2165
720575940612160153,0.0,2166
720575940608508228,0.0,2167
720575940611773354,0.0,2168
720575940629049335,0.0,2169
720575940619451233,0.0,2170
720575940641174747,0.0,2171
720575940619674840,0.0,2172
720575940624030734,0.0,2173
720575940624555838,0.0,2174
720575940635184485,0.0,2175
720575940646540910,0.0,2176
720575940619891041,0.0,2177
720575940618903345,0.0,2178
720575940626571592,0.0,2179
720575940621821004,0.0,2180
720575940632192799,0.0,2181
720575940649429625,0.0,2182
720575940621844137,0.0,2183
720575940621766680,0.0,2184
720575940631240296,0.0,2185
720575940622581651,0.0,2186
720575940627150991,0.0,2187
720575940611990738,0.0,2188
720575940621373680,0.0,2189
720575940607872604,0.0,2190
720575940628061968,0.0,2191
720575940628660224,0.0,2192
720575940625442192,0.0,2193
720575940626575997,0.0,2194
720575940624964362,0.0,2195
720575940628908548,0.0,2196
720575940624491402,0.0,2197
720575940628029180,0.0,2198
720575940627322088,0.0,2199
720575940638678179,0.0,2200
720575940629000318,0.0,2201
720575940619725844,0.0,2202
720575940630642447,0.0,2203
720575940636093541,0.0,2204
720575940641592973,0.0,2205
720575940622039551,0.0,2206
720575940615719029,0.0,2207
720575940625946430,0.0,2208
720575940627811995,0.0,2209
720575940643757422,0.0,2210
720575940634606490,0.0,2211
720575940615723350,0.0,2212
720575940614236575,0.0,2213
720575940628624956,0.0,2214
720575940620110830,0.0,2215
720575940616944251,0.0,2216
720575940617058521,0.0,2217
720575940646250275,0.0,2218
720575940621014292,0.0,2219
720575940624934800,0.0,2220
720575940630174208,0.0,2221
720575940605528422,0.0,2222
720575940624041447,0.0,2223
720575940628407375,0.0,2224
720575940614676447,0.0,2225
720575940649098105,0.0,2226
720575940627067847,0.0,2227
720575940626632837,0.0,2228
720575940613736941,0.0,2229
720575940638822515,0.0,2230
720575940617141789,0.0,2231
720575940628777466,0.0,2232
720575940612559587,0.0,2233
720575940621396044,0.0,2234
720575940628599746,0.0,2235
720575940628380827,0.0,2236
720575940611830937,0.0,2237
720575940616179286,0.0,2238
720575940623043069,0.0,2239
720575940609417995,0.0,2240
720575940628071939,0.0,2241
720575940631353764,0.0,2242
720575940613011375,0.0,2243
720575940617825563,0.0,2244
720575940627606375,0.0,2245
720575940646094388,0.0,2246
720575940630424121,0.0,2247
720575940628981036,0.0,2248
720575940632404706,0.0,2249
720575940635944303,0.0,2250
720575940615171084,0.0,2251
720575940613740950,0.0,2252
720575940630101497,0.0,2253
720575940621922910,0.0,2254
720575940631450764,0.0,2255
720575940638666805,0.0,2256
720575940611369938,0.0,2257
720575940617313846,0.0,2258
720575940627996315,0.0,2259
720575940644076398,0.0,2260
720575940620719743,0.0,2261
720575940624062612,0.0,2262
720575940616866049,0.0,2263
720575940620217782,0.0,2264
720575940616275174,0.0,2265
720575940627947792,0.0,2266
720575940632224031,0.0,2267
720575940616526292,0.0,2268
720575940628205417,0.0,2269
720575940621100117,0.0,2270
720575940621808227,0.0,2271
720575940623638967,0.0,2272
720575940618539422,0.0,2273
720575940621860009,0.0,2274
720575940624739728,0.0,2275
720575940626170826,0.0,2276
720575940619812487,0.0,2277
720575940623151339,0.0,2278
720575940616566745,0.0,2279
720575940617739333,0.0,2280
720575940626111761,0.0,2281
720575940621809276,0.0,2282
720575940639068112,0.0,2283
720575940629524342,0.0,2284
720575940611111907,0.0,2285
720575940629707068,0.0,2286
720575940640100440,0.0,2287
720575940638922099,0.0,2288
720575940609884258,0.0,2289
720575940631474316,0.0,2290
720575940630210682,0.0,2291
720575940640027637,0.0,2292
720575940619638950,0.0,2293
720575940611161237,0.0,2294
720575940619429803,0.0,2295
720575940623045117,0.0,2296
720575940626282298,0.0,2297
720575940605343921,0.0,2298
720575940635214734,0.0,2299
720575940626107800,0.0,2300
720575940622705335,0.0,2301
720575940624853276,0.0,2302
720575940612319155,0.0,2303
720575940624304432,0.0,2304
720575940614378463,0.0,2305
720575940628673786,0.0,2306
720575940625581208,0.0,2307
720575940630696645,0.0,2308
720575940613885506,0.0,2309
720575940619397797,0.0,2310
720575940628431671,0.0,2311
720575940627948111,0.0,2312
720575940626698568,0.0,2313
720575940633259360,0.0,2314
720575940624853600,0.0,2315
720575940620250294,0.0,2316
720575940621897496,0.0,2317
720575940645345332,0.0,2318
720575940628132943,0.0,2319
720575940626057853,0.0,2320
720575940641979277,0.0,2321
720575940617308673,0.0,2322
720575940624484866,0.0,2323
720575940627454888,0.0,2324
720575940626589053,0.0,2325
720575940634023860,0.0,2326
720575940614257986,0.0,2327
720575940633471839,0.0,2328
720575940619385583,0.0,2329
720575940606974219,0.0,2330
720575940627675535,0.0,2331
720575940629611996,0.0,2332
720575940619441345,0.0,2333
720575940621326874,0.0,2334
720575940631998511,0.0,2335
720575940628429056,0.0,2336
720575940635126452,0.0,2337
720575940627397386,0.0,2338
720575940616578777,0.0,2339
720575940625492057,0.0,2340
720575940627595024,0.0,2341
720575940611885541,0.0,2342
720575940628372635,0.0,2343
720575940615257395,0.0,2344
720575940628452711,0.0,2345
720575940630713029,0.0,2346
720575940620096238,0.0,2347
720575940633731435,0.0,2348
720575940630734587,0.0,2349
720575940648236153,0.0,2350
720575940621204095,0.0,2351
720575940625154283,0.0,2352
720575940626582088,0.0,2353
720575940626199059,0.0,2354
720575940623087859,0.0,2355
720575940630547019,0.0,2356
720575940634057976,0.0,2357
720575940634937951,0.0,2358
720575940634217061,0.0,2359
720575940636052080,0.0,2360
720575940628882450,0.0,2361
720575940611682533,0.0,2362
720575940620814913,0.0,2363
720575940614426799,0.0,2364
720575940610486830,0.0,2365
720575940617681822,0.0,2366
720575940608053852,0.0,2367
720575940632239661,0.0,2368
720575940619169985,0.0,2369
720575940631595562,0.0,2370
720575940648681860,0.0,2371
720575940629830508,0.0,2372
720575940607932885,0.0,2373
720575940620202111,0.0,2374
720575940620993193,0.0,2375
720575940610724306,0.0,2376
720575940616439697,0.0,2377
720575940621823100,0.0,2378
720575940617362150,0.0,2379
720575940616185531,0.0,2380
720575940629253948,0.0,2381
720575940620572933,0.0,2382
720575940627370027,0.0,2383
720575940631067715,0.0,2384
720575940614919709,0.0,2385
720575940627585874,0.0,2386
720575940620705012,0.0,2387
720575940615541810,0.0,2388
720575940624958757,0.0,2389
720575940621611614,0.0,2390
720575940631706107,0.0,2391
720575940629584887,0.0,2392
720575940634013869,0.0,2393
720575940626183443,0.0,2394
720575940617341597,0.0,2395
720575940613999263,0.0,2396
720575940654926497,0.0,2397
720575940620159659,0.0,2398
720575940621175472,0.0,2399
720575940622540969,0.0,2400
720575940624943800,0.0,2401
720575940630260439,0.0,2402
720575940638804669,0.0,2403
720575940605250238,0.0,2404
720575940615809366,0.0,2405
720575940611844886,0.0,2406
720575940639025742,0.0,2407
720575940615768693,0.0,2408
720575940628823674,0.0,2409
720575940630285007,0.0,2410
720575940630107131,0.0,2411
720575940627363349,0.0,2412
720575940626357586,0.0,2413
720575940624348168,0.0,2414
720575940649228665,0.0,2415
720575940613437359,0.0,2416
720575940612991381,0.0,2417
720575940628303183,0.0,2418
720575940616915686,0.0,2419
720575940620225264,0.0,2420
720575940638974848,0.0,2421
720575940609819512,0.0,2422
720575940619506481,0.0,2423
720575940643477796,0.0,2424
720575940610357602,0.0,2425
720575940628694019,0.0,2426
720575940632351513,0.0,2427
720575940620024560,0.0,2428
720575940612444645,0.0,2429
720575940660160385,0.0,2430
720575940611982322,0.0,2431
720575940620133568,0.0,2432
720575940624470247,0.0,2433
720575940616256059,0.0,2434
720575940628632702,0.0,2435
720575940619150040,0.0,2436
720575940621072297,0.0,2437
720575940635593358,0.0,2438
720575940623090412,0.0,2439
720575940619320768,0.0,2440
720575940622526355,0.0,2441
720575940617433142,0.0,2442
720575940610108002,0.0,2443
720575940646136964,0.0,2444
720575940629343799,0.0,2445
720575940654069409,0.0,2446
720575940621740493,0.0,2447
720575940629373148,0.0,2448
720575940626147971,0.0,2449
720575940632108205,0.0,2450
720575940628976887,0.0,2451
720575940622831541,0.0,2452
720575940627707753,0.0,2453
720575940635999918,0.0,2454
720575940635705963,0.0,2455
720575940646088324,0.0,2456
720575940622987007,0.0,2457
720575940626202237,0.0,2458
720575940614844994,0.0,2459
720575940608227541,0.0,2460
720575940620392374,0.0,2461
720575940625383299,0.0,2462
720575940646037783,0.0,2463
720575940623799335,0.0,2464
720575940629577319,0.0,2465
720575940619519727,0.0,2466
720575940638165875,0.0,2467
720575940620177601,0.0,2468
720575940638097983,0.0,2469
720575940629821756,0.0,2470
720575940612590102,0.0,2471
720575940617034013,0.0,2472
720575940639487440,0.0,2473
720575940638564797,0.0,2474
720575940632854156,0.0,2475
720575940629854953,0.0,2476
720575940621124033,0.0,2477
720575940623496521,0.0,2478
720575940611045781,0.0,2479
720575940613053393,0.0,2480
720575940610015586,0.0,2481
720575940604103200,0.0,2482
720575940616857757,0.0,2483
720575940639121636,0.0,2484
720575940631943213,0.0,2485
720575940623981576,0.0,2486
720575940628408143,0.0,2487
720575940612633494,0.0,2488
720575940625733351,0.0,2489
720575940629326841,0.0,2490
720575940612024342,0.0,2491
720575940614831291,0.0,2492
720575940631306284,0.0,2493
720575940638773693,0.0,2494
720575940629677655,0.0,2495
720575940621182889,0.0,2496
720575940625028380,0.0,2497
720575940626980358,0.0,2498
720575940626876945,0.0,2499
720575940628702658,0.0,2500
720575940622060040,0.0,2501
720575940619761473,0.0,2502
720575940624037052,0.0,2503
720575940628202089,0.0,2504
720575940630411339,0.0,2505
720575940620319085,0.0,2506
720575940619277733,0.0,2507
720575940622833577,0.0,2508
720575940638402357,0.0,2509
720575940631296204,0.0,2510
720575940614014431,0.0,2511
720575940609577518,0.0,2512
720575940607637340,0.0,2513
720575940630514191,0.0,2514
720575940622046633,0.0,2515
720575940646672260,0.0,2516
720575940623265258,0.0,2517
720575940623084170,0.0,2518
720575940603356128,0.0,2519
720575940615281361,0.0,2520
720575940608273163,0.0,2521
720575940642921632,0.0,2522
720575940605427134,0.0,2523
720575940603659488,0.0,2524
720575940609228809,0.0,2525
720575940631797315,0.0,2526
720575940658539905,0.0,2527
720575940625127354,0.0,2528
720575940618343734,0.0,2529
720575940631964371,0.0,2530
720575940618238109,0.0,2531
720575940623607527,0.0,2532
720575940626240522,0.0,2533
720575940622736934,0.0,2534
720575940645824035,0.0,2535
720575940629154810,0.0,2536
720575940617479169,0.0,2537
720575940622099294,0.0,2538
720575940607865180,0.0,2539
720575940614102930,0.0,2540
720575940632014284,0.0,2541
720575940629567473,0.0,2542
720575940626631441,0.0,2543
720575940632637139,0.0,2544
720575940635955903,0.0,2545
720575940651553014,0.0,2546
720575940627316303,0.0,2547
720575940629060986,0.0,2548
720575940644237591,0.0,2549
720575940629099770,0.0,2550
720575940655010209,0.0,2551
720575940616923905,0.0,2552
720575940626997912,0.0,2553
720575940630132754,0.0,2554
720575940625044743,0.0,2555
720575940652064502,0.0,2556
720575940604704870,0.0,2557
720575940632193055,0.0,2558
720575940629521260,0.0,2559
720575940634860143,0.0,2560
720575940626726730,0.0,2561
720575940631393823,0.0,2562
720575940634035863,0.0,2563
720575940622972167,0.0,2564
720575940630763390,0.0,2565
720575940620574817,0.0,2566
720575940653892257,0.0,2567
720575940626618696,0.0,2568
720575940623122957,0.0,2569
720575940629918762,0.0,2570
720575940629710444,0.0,2571
720575940622332771,0.0,2572
720575940623129587,0.0,2573
720575940613798142,0.0,2574
720575940612674257,0.0,2575
720575940626856721,0.0,2576
720575940633509471,0.0,2577
720575940620143525,0.0,2578
720575940631549743,0.0,2579
720575940635153294,0.0,2580
720575940614283006,0.0,2581
720575940626874097,0.0,2582
720575940629260406,0.0,2583
720575940626901278,0.0,2584
720575940631019468,0.0,2585
720575940604483040,0.0,2586
720575940625937797,0.0,2587
720575940628367836,0.0,2588
720575940627230986,0.0,2589
720575940637372894,0.0,2590
720575940658101121,0.0,2591
720575940621166719,0.0,2592
720575940621944583,0.0,2593
720575940618873723,0.0,2594
720575940642108301,0.0,2595
720575940639543715,0.0,2596
720575940621913897,0.0,2597
720575940623351443,0.0,2598
720575940624994941,0.0,2599
720575940630733137,0.0,2600
720575940609651554,0.0,2601
720575940609097058,0.0,2602
720575940630561484,0.0,2603
720575940630868525,0.0,2604
720575940628002822,0.0,2605
720575940612384665,0.0,2606
720575940637190990,0.0,2607
720575940623756215,0.0,2608
720575940625715733,0.0,2609
720575940628868943,0.0,2610
720575940612714671,0.0,2611
720575940619026241,0.0,2612
720575940638626613,0.0,2613
720575940618306112,0.0,2614
720575940609066030,0.0,2615
720575940625718696,0.0,2616
720575940622894349,0.0,2617
720575940631351619,0.0,2618
720575940617857053,0.0,2619
720575940621554815,0.0,2620
720575940626834762,0.0,2621
720575940621073117,0.0,2622
720575940608456715,0.0,2623
720575940632725459,0.0,2624
720575940639274574,0.0,2625
720575940620577652,0.0,2626
720575940627687940,0.0,2627
720575940613929670,0.0,2628
720575940632465945,0.0,2629
720575940609921230,0.0,2630
720575940622698825,0.0,2631
720575940623878327,0.0,2632
720575940626316802,0.0,2633
720575940632558675,0.0,2634
720575940612766102,0.0,2635
720575940616746123,0.0,2636
720575940614240766,0.0,2637
720575940610669786,0.0,2638
720575940627450385,0.0,2639
720575940628071409,0.0,2640
720575940622135501,0.0,2641
720575940636685894,0.0,2642
720575940624660313,0.0,2643
720575940622864920,0.0,2644
720575940620418774,0.0,2645
720575940614862230,0.0,2646
720575940626403400,0.0,2647
720575940624601236,0.0,2648
720575940630139599,0.0,2649
720575940627920071,0.0,2650
720575940618671495,0.0,2651
720575940612019570,0.0,2652
720575940620039956,0.0,2653
720575940626363791,0.0,2654
720575940614313996,0.0,2655
720575940629347791,0.0,2656
720575940619254448,0.0,2657
720575940638662352,0.0,2658
720575940635452408,0.0,2659
720575940623353013,0.0,2660
720575940625576080,0.0,2661
720575940609203268,0.0,2662
720575940617366969,0.0,2663
720575940641403021,0.0,2664
720575940623413384,0.0,2665
720575940636325865,0.0,2666
720575940617030178,0.0,2667
720575940639483125,0.0,2668
720575940644221038,0.0,2669
720575940635883748,0.0,2670
720575940634800759,0.0,2671
720575940630411259,0.0,2672
720575940638561102,0.0,2673
720575940639158480,0.0,2674
720575940629541187,0.0,2675
720575940641079029,0.0,2676
720575940633224555,0.0,2677
720575940610773171,0.0,2678
720575940637835839,0.0,2679
720575940628103806,0.0,2680
720575940637222470,0.0,2681
720575940624149256,0.0,2682
720575940643501472,0.0,2683
720575940647153796,0.0,2684
720575940628694991,0.0,2685
720575940605664446,0.0,2686
720575940646263331,0.0,2687
720575940629814060,0.0,2688
720575940607330499,0.0,2689
720575940624597788,0.0,2690
720575940611204323,0.0,2691
720575940618572422,0.0,2692
720575940634296951,0.0,2693
720575940625740169,0.0,2694
720575940625561374,0.0,2695
720575940608015627,0.0,2696
720575940627295802,0.0,2697
720575940633034336,0.0,2698
720575940625163139,0.0,2699
720575940630722757,0.0,2700
720575940603174368,0.0,2701
720575940627912492,0.0,2702
720575940627097733,0.0,2703
720575940620923980,0.0,2704
720575940630430495,0.0,2705
720575940643830126,0.0,2706
720575940629346103,0.0,2707
720575940617496209,0.0,2708
720575940623164941,0.0,2709
720575940621514509,0.0,2710
720575940608211268,0.0,2711
720575940626139560,0.0,2712
720575940638990397,0.0,2713
720575940606850434,0.0,2714
720575940635425460,0.0,2715
720575940609586901,0.0,2716
720575940614567611,0.0,2717
720575940637898429,0.0,2718
720575940614378143,0.0,2719
720575940608978901,0.0,2720
720575940616599069,0.0,2721
720575940653723809,0.0,2722
720575940620400116,0.0,2723
720575940620269039,0.0,2724
720575940628444410,0.0,2725
720575940630138679,0.0,2726
720575940619925328,0.0,2727
720575940616140171,0.0,2728
720575940625119625,0.0,2729
720575940641904525,0.0,2730
720575940626527577,0.0,2731
720575940614936543,0.0,2732
720575940646221108,0.0,2733
720575940625446181,0.0,2734
720575940621290605,0.0,2735
720575940627870952,0.0,2736
720575940612306138,0.0,2737
720575940631639570,0.0,2738
720575940630738463,0.0,2739
720575940632000993,0.0,2740
720575940612870381,0.0,2741
720575940637973225,0.0,2742
720575940622039501,0.0,2743
720575940621692440,0.0,2744
720575940613751186,0.0,2745
720575940633155226,0.0,2746
720575940617157049,0.0,2747
720575940626692485,0.0,2748
720575940625185149,0.0,2749
720575940633803104,0.0,2750
720575940607375881,0.0,2751
720575940603430112,0.0,2752
720575940622440840,0.0,2753
720575940620740632,0.0,2754
720575940619188139,0.0,2755
720575940619843520,0.0,2756
720575940629182402,0.0,2757
720575940605890505,0.0,2758
720575940628953088,0.0,2759
720575940614993932,0.0,2760
720575940622268454,0.0,2761
720575940639088885,0.0,2762
720575940637112390,0.0,2763
720575940635342949,0.0,2764
720575940614383628,0.0,2765
720575940629388135,0.0,2766
720575940623317261,0.0,2767
720575940628691260,0.0,2768
720575940639668541,0.0,2769
720575940617650407,0.0,2770
720575940646484020,0.0,2771
720575940627935996,0.0,2772
720575940621349590,0.0,2773
720575940632532511,0.0,2774
720575940637124422,0.0,2775
720575940628134915,0.0,2776
720575940633289111,0.0,2777
720575940608708875,0.0,2778
720575940632034700,0.0,2779
720575940620611822,0.0,2780
720575940626075422,0.0,2781
720575940610142869,0.0,2782
720575940613911186,0.0,2783
720575940622147148,0.0,2784
720575940625614224,0.0,2785
720575940625019481,0.0,2786
720575940626494663,0.0,2787
720575940637143262,0.0,2788
720575940612042981,0.0,2789
720575940622070004,0.0,2790
720575940611160930,0.0,2791
720575940634259819,0.0,2792
720575940618236283,0.0,2793
720575940619819802,0.0,2794
720575940619973211,0.0,2795
720575940623318566,0.0,2796
720575940618989982,0.0,2797
720575940605620670,0.0,2798
720575940620956144,0.0,2799
720575940610409170,0.0,2800
720575940624763850,0.0,2801
720575940626756117,0.0,2802
720575940630852138,0.0,2803
720575940623479178,0.0,2804
720575940607765257,0.0,2805
720575940640851189,0.0,2806
720575940613666666,0.0,2807
720575940623447188,0.0,2808
720575940627510409,0.0,2809
720575940605686886,0.0,2810
720575940607685700,0.0,2811
720575940629443628,0.0,2812
720575940623610919,0.0,2813
720575940631639058,0.0,2814
720575940636193758,0.0,2815
720575940638623677,0.0,2816
720575940628443127,0.0,2817
720575940621530117,0.0,2818
720575940615978902,0.0,2819
720575940626985738,0.0,2820
720575940618895414,0.0,2821
720575940617712438,0.0,2822
720575940635678638,0.0,2823
720575940610012024,0.0,2824
720575940625871741,0.0,2825
720575940610700181,0.0,2826
720575940618990507,0.0,2827
720575940629055340,0.0,2828
720575940630688709,0.0,2829
720575940621716067,0.0,2830
720575940632738093,0.0,2831
720575940631555128,0.0,2832
720575940611196110,0.0,2833
720575940618868273,0.0,2834
720575940632458195,0.0,2835
720575940635175023,0.0,2836
720575940630754221,0.0,2837
720575940618924965,0.0,2838
720575940629899511,0.0,2839
720575940632652002,0.0,2840
720575940615405378,0.0,2841
720575940643544224,0.0,2842
720575940634703987,0.0,2843
720575940628304113,0.0,2844
720575940623116585,0.0,2845
720575940608633045,0.0,2846
720575940628398295,0.0,2847
720575940622737812,0.0,2848
720575940613713704,0.0,2849
720575940622789611,0.0,2850
720575940610926762,0.0,2851
720575940628924887,0.0,2852
720575940603853792,0.0,2853
720575940637089343,0.0,2854
720575940620363885,0.0,2855
720575940624963917,0.0,2856
720575940628372327,0.0,2857
720575940631406673,0.0,2858
720575940620822593,0.0,2859
720575940632389688,0.0,2860
720575940638469309,0.0,2861
720575940630726085,0.0,2862
720575940654879137,0.0,2863
720575940638422480,0.0,2864
720575940620101614,0.0,2865
720575940639672192,0.0,2866
720575940639434704,0.0,2867
720575940627902440,0.0,2868
720575940636256398,0.0,2869
720575940604852326,0.0,2870
720575940612664273,0.0,2871
720575940620134932,0.0,2872
720575940626688529,0.0,2873
720575940614203916,0.0,2874
720575940622494215,0.0,2875
720575940627311108,0.0,2876
720575940616858086,0.0,2877
720575940630063575,0.0,2878
720575940633668031,0.0,2879
720575940624296376,0.0,2880
720575940623870389,0.0,2881
720575940628142352,0.0,2882
720575940634364311,0.0,2883
720575940605305777,0.0,2884
720575940612700450,0.0,2885
720575940619367083,0.0,2886
720575940607239947,0.0,2887
720575940633817405,0.0,2888
720575940610605530,0.0,2889
720575940623059347,0.0,2890
720575940612879853,0.0,2891
720575940632830509,0.0,2892
720575940625508752,0.0,2893
720575940631275821,0.0,2894
720575940618299712,0.0,2895
720575940617087325,0.0,2896
720575940624402204,0.0,2897
720575940639285949,0.0,2898
720575940626892687,0.0,2899
720575940649691513,0.0,2900
720575940606929282,0.0,2901
720575940608158300,0.0,2902
720575940619842580,0.0,2903
720575940618627207,0.0,2904
720575940611110468,0.0,2905
720575940624577613,0.0,2906
720575940614869387,0.0,2907
720575940630488827,0.0,2908
720575940629735163,0.0,2909
720575940624951020,0.0,2910
720575940624066279,0.0,2911
720575940628478449,0.0,2912
720575940611812835,0.0,2913
720575940619260737,0.0,2914
720575940636171639,0.0,2915
720575940614089726,0.0,2916
720575940607059634,0.0,2917
720575940617854036,0.0,2918
720575940608588555,0.0,2919
720575940613301410,0.0,2920
720575940628561111,0.0,2921
720575940623491069,0.0,2922
720575940630399340,0.0,2923
720575940613257664,0.0,2924
720575940618876075,0.0,2925
720575940655589025,0.0,2926
720575940621674108,0.0,2927
720575940649428601,0.0,2928
720575940621149812,0.0,2929
720575940638844504,0.0,2930
720575940627048018,0.0,2931
720575940631930415,0.0,2932
720575940644644387,0.0,2933
720575940606682302,0.0,2934
720575940640757888,0.0,2935
720575940623248883,0.0,2936
720575940616826001,0.0,2937
720575940605290441,0.0,2938
720575940622428087,0.0,2939
720575940622696447,0.0,2940
720575940629548282,0.0,2941
720575940617482169,0.0,2942
720575940654973089,0.0,2943
720575940622198664,0.0,2944
720575940603751857,0.0,2945
720575940609950869,0.0,2946
720575940629397079,0.0,2947
720575940637404750,0.0,2948
720575940624770574,0.0,2949
720575940622926472,0.0,2950
720575940623509256,0.0,2951
720575940620378246,0.0,2952
720575940614380556,0.0,2953
720575940630044985,0.0,2954
720575940629388026,0.0,2955
720575940604131296,0.0,2956
720575940640877965,0.0,2957
720575940621688926,0.0,2958
720575940619940523,0.0,2959
720575940621021892,0.0,2960
720575940625249618,0.0,2961
720575940636356836,0.0,2962
720575940626828574,0.0,2963
720575940639686232,0.0,2964
720575940631002386,0.0,2965
720575940629515306,0.0,2966
720575940635777893,0.0,2967
720575940620862273,0.0,2968
720575940644744864,0.0,2969
720575940645858948,0.0,2970
720575940625164558,0.0,2971
720575940626279742,0.0,2972
720575940628164222,0.0,2973
720575940619136020,0.0,2974
720575940631801401,0.0,2975
720575940645858868,0.0,2976
720575940621413926,0.0,2977
720575940627808232,0.0,2978
720575940632461074,0.0,2979
720575940621282774,0.0,2980
720575940608044501,0.0,2981
720575940628173623,0.0,2982
720575940609168732,0.0,2983
720575940612506994,0.0,2984
720575940618218048,0.0,2985
720575940610798946,0.0,2986
720575940619746907,0.0,2987
720575940632063396,0.0,2988
720575940622495114,0.0,2989
720575940649430393,0.0,2990
720575940645236078,0.0,2991
720575940621023809,0.0,2992
720575940639484917,0.0,2993
720575940621413670,0.0,2994
720575940617973021,0.0,2995
720575940645747747,0.0,2996
720575940614899061,0.0,2997
720575940624405228,0.0,2998
720575940640304181,0.0,2999
720575940616138811,0.0,3000
720575940646416419,0.0,3001
720575940632370719,0.0,3002
720575940609271854,0.0,3003
720575940639013210,0.0,3004
720575940620210854,0.0,3005
720575940628590595,0.0,3006
720575940626919409,0.0,3007
720575940623708135,0.0,3008
720575940632915937,0.0,3009
720575940615385055,0.0,3010
720575940614008785,0.0,3011
720575940624302008,0.0,3012
720575940624663427,0.0,3013
720575940618970209,0.0,3014
720575940619651019,0.0,3015
720575940649012857,0.0,3016
720575940640634787,0.0,3017
720575940616924902,0.0,3018
720575940617713206,0.0,3019
720575940626937617,0.0,3020
720575940618076214,0.0,3021
720575940632371040,0.0,3022
720575940624275262,0.0,3023
720575940611059609,0.0,3024
720575940630995537,0.0,3025
720575940636561636,0.0,3026
720575940639023011,0.0,3027
720575940637118527,0.0,3028
720575940606603186,0.0,3029
720575940623085495,0.0,3030
720575940625215416,0.0,3031
720575940623183763,0.0,3032
720575940619828359,0.0,3033
720575940652837793,0.0,3034
720575940635110286,0.0,3035
720575940622232458,0.0,3036
720575940646120324,0.0,3037
720575940613974890,0.0,3038
720575940635011935,0.0,3039
720575940627147578,0.0,3040
720575940631571247,0.0,3041
720575940616923945,0.0,3042
720575940621413158,0.0,3043
720575940612251055,0.0,3044
720575940627364629,0.0,3045
720575940623706867,0.0,3046
720575940635900773,0.0,3047
720575940625477150,0.0,3048
720575940621618859,0.0,3049
720575940628076038,0.0,3050
720575940608928324,0.0,3051
720575940630411535,0.0,3052
720575940615336754,0.0,3053
720575940631997068,0.0,3054
720575940630620812,0.0,3055
720575940619855696,0.0,3056
720575940630915748,0.0,3057
720575940624174323,0.0,3058
720575940616572299,0.0,3059
720575940609633230,0.0,3060
720575940608979395,0.0,3061
720575940612713937,0.0,3062
720575940607983369,0.0,3063
720575940604963686,0.0,3064
720575940614728351,0.0,3065
720575940629621975,0.0,3066
720575940630973779,0.0,3067
720575940634684664,0.0,3068
720575940650740982,0.0,3069
720575940617034753,0.0,3070
720575940636135543,0.0,3071
720575940604389344,0.0,3072
720575940630593644,0.0,3073
720575940612647282,0.0,3074
720575940612587286,0.0,3075
720575940621820763,0.0,3076
720575940627585286,0.0,3077
720575940625050826,0.0,3078
720575940619873472,0.0,3079
720575940636519598,0.0,3080
720575940633188459,0.0,3081
720575940621577152,0.0,3082
720575940626991771,0.0,3083
720575940628147718,0.0,3084
720575940618214383,0.0,3085
720575940622134285,0.0,3086
720575940626197532,0.0,3087
720575940629985132,0.0,3088
720575940613156015,0.0,3089
720575940623576141,0.0,3090
720575940638026842,0.0,3091
720575940612009074,0.0,3092
720575940606045314,0.0,3093
720575940618701703,0.0,3094
720575940615825211,0.0,3095
720575940614053405,0.0,3096
720575940621921501,0.0,3097
720575940632646114,0.0,3098
720575940626307922,0.0,3099
720575940622342852,0.0,3100
720575940627159704,0.0,3101
720575940622441107,0.0,3102
720575940630960780,0.0,3103
720575940610611758,0.0,3104
720575940641282523,0.0,3105
720575940637783155,0.0,3106
720575940633713087,0.0,3107
720575940630704953,0.0,3108
720575940623457609,0.0,3109
720575940625884541,0.0,3110
720575940625818426,0.0,3111
720575940615758395,0.0,3112
720575940625162515,0.0,3113
720575940627590266,0.0,3114
720575940610682578,0.0,3115
720575940635745855,0.0,3116
720575940606126514,0.0,3117
720575940614120190,0.0,3118
720575940620055905,0.0,3119
720575940637846069,0.0,3120
720575940619430571,0.0,3121
720575940615757362,0.0,3122
720575940631425361,0.0,3123
720575940629724411,0.0,3124
720575940650822265,0.0,3125
720575940626349957,0.0,3126
720575940629232492,0.0,3127
720575940634991215,0.0,3128
720575940614711638,0.0,3129
720575940623065013,0.0,3130
720575940619690118,0.0,3131
720575940644429934,0.0,3132
720575940645576756,0.0,3133
720575940624508341,0.0,3134
720575940626606223,0.0,3135
720575940634967915,0.0,3136
720575940620020845,0.0,3137
720575940620477556,0.0,3138
720575940622540713,0.0,3139
720575940658814849,0.0,3140
720575940621098879,0.0,3141
720575940632906055,0.0,3142
720575940623956682,0.0,3143
720575940624211640,0.0,3144
720575940654849697,0.0,3145
720575940620082096,0.0,3146
720575940611791834,0.0,3147
720575940624702541,0.0,3148
720575940618738853,0.0,3149
720575940621556928,0.0,3150
720575940607958229,0.0,3151
720575940607672003,0.0,3152
720575940622966054,0.0,3153
720575940621196826,0.0,3154
720575940618681168,0.0,3155
720575940627390440,0.0,3156
720575940630575375,0.0,3157
720575940619689350,0.0,3158
720575940626996632,0.0,3159
720575940627455400,0.0,3160
720575940606483890,0.0,3161
720575940623851015,0.0,3162
720575940612971816,0.0,3163
720575940623192675,0.0,3164
720575940616704581,0.0,3165
720575940638855733,0.0,3166
720575940630991308,0.0,3167
720575940615983510,0.0,3168
720575940613729576,0.0,3169
720575940615885195,0.0,3170
720575940634399071,0.0,3171
720575940630532439,0.0,3172
720575940622212615,0.0,3173
720575940609112587,0.0,3174
720575940628174674,0.0,3175
720575940618080566,0.0,3176
720575940627157135,0.0,3177
720575940620406900,0.0,3178
720575940617498166,0.0,3179
720575940639030094,0.0,3180
720575940619463088,0.0,3181
720575940610751129,0.0,3182
720575940632704941,0.0,3183
720575940629423887,0.0,3184
720575940626993001,0.0,3185
720575940630630248,0.0,3186
720575940610412386,0.0,3187
720575940608184156,0.0,3188
720575940618556587,0.0,3189
720575940612149014,0.0,3190
720575940628565776,0.0,3191
720575940623224555,0.0,3192
720575940634365620,0.0,3193
720575940611591829,0.0,3194
720575940614344755,0.0,3195
720575940629424195,0.0,3196
720575940620679233,0.0,3197
720575940631229800,0.0,3198
720575940620253311,0.0,3199
720575940630339525,0.0,3200
720575940637619509,0.0,3201
720575940631615800,0.0,3202
720575940626012433,0.0,3203
720575940619163783,0.0,3204
720575940622538790,0.0,3205
720575940614117374,0.0,3206
720575940604974978,0.0,3207
720575940629452670,0.0,3208
720575940625520412,0.0,3209
720575940620408560,0.0,3210
720575940619883124,0.0,3211
720575940630368965,0.0,3212
720575940651864822,0.0,3213
720575940627452668,0.0,3214
720575940633940761,0.0,3215
720575940620538806,0.0,3216
720575940618802123,0.0,3217
720575940616934361,0.0,3218
720575940623750852,0.0,3219
720575940616475732,0.0,3220
720575940615394463,0.0,3221
720575940620833985,0.0,3222
720575940622439704,0.0,3223
720575940638594374,0.0,3224
720575940632335953,0.0,3225
720575940632041043,0.0,3226
720575940625684057,0.0,3227
720575940621554693,0.0,3228
720575940625298690,0.0,3229
720575940612650792,0.0,3230
720575940630508793,0.0,3231
720575940639028312,0.0,3232
720575940616844347,0.0,3233
720575940607177739,0.0,3234
720575940622842441,0.0,3235
720575940623037283,0.0,3236
720575940625888089,0.0,3237
720575940620448532,0.0,3238
720575940630442745,0.0,3239
720575940612387555,0.0,3240
720575940625953466,0.0,3241
720575940630737403,0.0,3242
720575940618418085,0.0,3243
720575940624736400,0.0,3244
720575940626217341,0.0,3245
720575940614470567,0.0,3246
720575940625461534,0.0,3247
720575940635095321,0.0,3248
720575940612747434,0.0,3249
720575940634538080,0.0,3250
720575940616220765,0.0,3251
720575940619445696,0.0,3252
720575940623036415,0.0,3253
720575940634570744,0.0,3254
720575940621529053,0.0,3255
720575940615794619,0.0,3256
720575940616417169,0.0,3257
720575940620875861,0.0,3258
720575940645941102,0.0,3259
720575940622646980,0.0,3260
720575940624384007,0.0,3261
720575940633983639,0.0,3262
720575940625136228,0.0,3263
720575940626872593,0.0,3264
720575940622219478,0.0,3265
720575940621531312,0.0,3266
720575940628314217,0.0,3267
720575940617730141,0.0,3268
720575940623071270,0.0,3269
720575940618319577,0.0,3270
720575940629888599,0.0,3271
720575940606949042,0.0,3272
720575940627332885,0.0,3273
720575940616844859,0.0,3274
720575940624382727,0.0,3275
720575940614583618,0.0,3276
720575940627494249,0.0,3277
720575940619498887,0.0,3278
720575940617172381,0.0,3279
720575940606227890,0.0,3280
720575940645264750,0.0,3281
720575940623728647,0.0,3282
720575940627720360,0.0,3283
720575940614953878,0.0,3284
720575940647956276,0.0,3285
720575940621684358,0.0,3286
720575940625343690,0.0,3287
720575940631876805,0.0,3288
720575940632107335,0.0,3289
720575940627572484,0.0,3290
720575940638791843,0.0,3291
720575940627549205,0.0,3292
720575940646880820,0.0,3293
720575940620809381,0.0,3294
720575940629263872,0.0,3295
720575940623594248,0.0,3296
720575940623854311,0.0,3297
720575940632437971,0.0,3298
720575940617626781,0.0,3299
720575940613563538,0.0,3300
720575940624147600,0.0,3301
720575940659274881,0.0,3302
720575940630209658,0.0,3303
720575940620543067,0.0,3304
720575940629587031,0.0,3305
720575940619559956,0.0,3306
720575940632765388,0.0,3307
720575940630569815,0.0,3308
720575940614647658,0.0,3309
720575940626800792,0.0,3310
720575940629557957,0.0,3311
720575940619591872,0.0,3312
720575940610318542,0.0,3313
720575940629455068,0.0,3314
720575940615692594,0.0,3315
720575940632043832,0.0,3316
720575940618806101,0.0,3317
720575940607697282,0.0,3318
720575940609040835,0.0,3319
720575940628406828,0.0,3320
720575940628210255,0.0,3321
720575940621263457,0.0,3322
720575940620673776,0.0,3323
720575940624671490,0.0,3324
720575940614054685,0.0,3325
720575940620869964,0.0,3326
720575940641779445,0.0,3327
720575940623298253,0.0,3328
720575940627787343,0.0,3329
720575940644238496,0.0,3330
720575940645797742,0.0,3331
720575940637355497,0.0,3332
720575940613860754,0.0,3333
720575940620348342,0.0,3334
720575940629162870,0.0,3335
720575940630276972,0.0,3336
720575940622248709,0.0,3337
720575940627950312,0.0,3338
720575940631620177,0.0,3339
720575940617333275,0.0,3340
720575940630538752,0.0,3341
720575940618937649,0.0,3342
720575940627129672,0.0,3343
720575940625589593,0.0,3344
720575940638860672,0.0,3345
720575940659996033,0.0,3346
720575940654851489,0.0,3347
720575940624180668,0.0,3348
720575940641842677,0.0,3349
720575940621396390,0.0,3350
720575940626310686,0.0,3351
720575940604552894,0.0,3352
720575940644530030,0.0,3353
720575940637255743,0.0,3354
720575940644366536,0.0,3355
720575940616546521,0.0,3356
720575940627327314,0.0,3357
720575940628244841,0.0,3358
720575940623623687,0.0,3359
720575940623530474,0.0,3360
720575940623331210,0.0,3361
720575940643448686,0.0,3362
720575940614176927,0.0,3363
720575940616929241,0.0,3364
720575940622663629,0.0,3365
720575940622761864,0.0,3366
720575940650581881,0.0,3367
720575940604182374,0.0,3368
720575940627480363,0.0,3369
720575940616601345,0.0,3370
720575940617486081,0.0,3371
720575940642651611,0.0,3372
720575940632562387,0.0,3373
720575940623986364,0.0,3374
720575940627451388,0.0,3375
720575940614110866,0.0,3376
720575940633280107,0.0,3377
720575940611424882,0.0,3378
720575940613783106,0.0,3379
720575940630461994,0.0,3380
720575940614569414,0.0,3381
720575940625430302,0.0,3382
720575940608277852,0.0,3383
720575940615650646,0.0,3384
720575940623629292,0.0,3385
720575940637965621,0.0,3386
720575940646911284,0.0,3387
720575940644683031,0.0,3388
720575940611357938,0.0,3389
720575940627813892,0.0,3390
720575940609399506,0.0,3391
720575940624990782,0.0,3392
720575940616045106,0.0,3393
720575940616012322,0.0,3394
720575940617552418,0.0,3395
720575940625490788,0.0,3396
720575940632920545,0.0,3397
720575940615750075,0.0,3398
720575940637387098,0.0,3399
720575940630824239,0.0,3400
720575940625645968,0.0,3401
720575940616831349,0.0,3402
720575940621943139,0.0,3403
720575940637846947,0.0,3404
720575940631978956,0.0,3405
720575940619954112,0.0,3406
720575940634199732,0.0,3407
720575940625781009,0.0,3408
720575940637510121,0.0,3409
720575940614996018,0.0,3410
720575940633313376,0.0,3411
720575940625187586,0.0,3412
720575940624243982,0.0,3413
720575940613359266,0.0,3414
720575940613161267,0.0,3415
720575940631650274,0.0,3416
720575940616536209,0.0,3417
720575940627284123,0.0,3418
720575940619649195,0.0,3419
720575940635803822,0.0,3420
720575940622467293,0.0,3421
720575940630331643,0.0,3422
720575940623122685,0.0,3423
720575940645220718,0.0,3424
720575940636302711,0.0,3425
720575940616698769,0.0,3426
720575940646583172,0.0,3427
720575940634884971,0.0,3428
720575940624694078,0.0,3429
720575940628888375,0.0,3430
720575940644191012,0.0,3431
720575940625233997,0.0,3432
720575940631057209,0.0,3433
720575940623481608,0.0,3434
720575940621581061,0.0,3435
720575940616239873,0.0,3436
720575940624012692,0.0,3437
720575940631083769,0.0,3438
720575940637965028,0.0,3439
720575940619205229,0.0,3440
720575940645610787,0.0,3441
720575940619760833,0.0,3442
720575940618533403,0.0,3443
720575940630428227,0.0,3444
720575940631247431,0.0,3445
720575940638915160,0.0,3446
720575940626594435,0.0,3447
720575940629543644,0.0,3448
720575940614308146,0.0,3449
720575940631713384,0.0,3450
720575940630011708,0.0,3451
720575940649536121,0.0,3452
720575940630497142,0.0,3453
720575940632530207,0.0,3454
720575940619418304,0.0,3455
720575940621449933,0.0,3456
720575940625283770,0.0,3457
720575940636753118,0.0,3458
720575940629511383,0.0,3459
720575940613127343,0.0,3460
720575940612930710,0.0,3461
720575940638719064,0.0,3462
720575940624210407,0.0,3463
720575940625360784,0.0,3464
720575940632731105,0.0,3465
720575940629721399,0.0,3466
720575940622269734,0.0,3467
720575940619793134,0.0,3468
720575940608324994,0.0,3469
720575940626868818,0.0,3470
720575940616938470,0.0,3471
720575940633221657,0.0,3472
720575940626201512,0.0,3473
720575940616076219,0.0,3474
720575940630952901,0.0,3475
720575940617616345,0.0,3476
720575940621728214,0.0,3477
720575940623973356,0.0,3478
720575940611988197,0.0,3479
720575940625612425,0.0,3480
720575940632001607,0.0,3481
720575940629445626,0.0,3482
720575940628728796,0.0,3483
720575940630665157,0.0,3484
720575940632362015,0.0,3485
720575940611985174,0.0,3486
720575940624641680,0.0,3487
720575940629384953,0.0,3488
720575940631903299,0.0,3489
720575940611002803,0.0,3490
720575940630301523,0.0,3491
720575940610380970,0.0,3492
720575940611984114,0.0,3493
720575940633250530,0.0,3494
720575940639118653,0.0,3495
720575940631620712,0.0,3496
720575940626048637,0.0,3497
720575940627857384,0.0,3498
720575940620373697,0.0,3499
720575940613622312,0.0,3500
720575940640262645,0.0,3501
720575940638099940,0.0,3502
720575940639836624,0.0,3503
720575940626860487,0.0,3504
720575940614932898,0.0,3505
720575940616798784,0.0,3506
720575940636002679,0.0,3507
720575940646783284,0.0,3508
720575940623130248,0.0,3509
720575940611373006,0.0,3510
720575940630958673,0.0,3511
720575940613201814,0.0,3512
720575940608283147,0.0,3513
720575940628281860,0.0,3514
720575940627948367,0.0,3515
720575940612737233,0.0,3516
720575940619684299,0.0,3517
720575940630465420,0.0,3518
720575940625484602,0.0,3519
720575940627910160,0.0,3520
720575940629162348,0.0,3521
720575940622479732,0.0,3522
720575940631350743,0.0,3523
720575940636110222,0.0,3524
720575940634955188,0.0,3525
720575940619062686,0.0,3526
720575940623085850,0.0,3527
720575940618145147,0.0,3528
720575940624133925,0.0,3529
720575940631711021,0.0,3530
720575940621192436,0.0,3531
720575940625288423,0.0,3532
720575940613337640,0.0,3533
720575940624839257,0.0,3534
720575940607698627,0.0,3535
720575940617328477,0.0,3536
720575940605431840,0.0,3537
720575940626730058,0.0,3538
720575940628184040,0.0,3539
720575940609533635,0.0,3540
720575940629724247,0.0,3541
720575940645214243,0.0,3542
720575940631318609,0.0,3543
720575940639509336,0.0,3544
720575940635708267,0.0,3545
720575940638559440,0.0,3546
720575940615332418,0.0,3547
720575940613196781,0.0,3548
720575940624960522,0.0,3549
720575940632333395,0.0,3550
720575940619029589,0.0,3551
720575940614147178,0.0,3552
720575940616778038,0.0,3553
720575940628565114,0.0,3554
720575940629908350,0.0,3555
720575940643407520,0.0,3556
720575940621792438,0.0,3557
720575940636165743,0.0,3558
720575940628137577,0.0,3559
720575940611229170,0.0,3560
720575940610999794,0.0,3561
720575940624598460,0.0,3562
720575940604675430,0.0,3563
720575940622009676,0.0,3564
720575940622085146,0.0,3565
720575940639114557,0.0,3566
720575940611327254,0.0,3567
720575940626138378,0.0,3568
720575940612375761,0.0,3569
720575940620993718,0.0,3570
720575940621728844,0.0,3571
720575940635935343,0.0,3572
720575940617165661,0.0,3573
720575940634107292,0.0,3574
720575940604412588,0.0,3575
720575940621124289,0.0,3576
720575940637639396,0.0,3577
720575940626826005,0.0,3578
720575940619388062,0.0,3579
720575940635706219,0.0,3580
720575940618493073,0.0,3581
720575940630374987,0.0,3582
720575940645059107,0.0,3583
720575940621648861,0.0,3584
720575940609393732,0.0,3585
720575940625384521,0.0,3586
720575940629644375,0.0,3587
720575940620733166,0.0,3588
720575940637618254,0.0,3589
720575940629489103,0.0,3590
720575940618647104,0.0,3591
720575940632338145,0.0,3592
720575940636134775,0.0,3593
720575940630999327,0.0,3594
720575940630336057,0.0,3595
720575940621423999,0.0,3596
720575940618610311,0.0,3597
720575940637906502,0.0,3598
720575940652101622,0.0,3599
720575940625651914,0.0,3600
720575940635838565,0.0,3601
720575940624894052,0.0,3602
720575940627679306,0.0,3603
720575940639442595,0.0,3604
720575940617720221,0.0,3605
720575940605929394,0.0,3606
720575940621429068,0.0,3607
720575940632758041,0.0,3608
720575940617172573,0.0,3609
720575940627777265,0.0,3610
720575940618700573,0.0,3611
720575940617390149,0.0,3612
720575940605180849,0.0,3613
720575940631034955,0.0,3614
720575940623881801,0.0,3615
720575940639246195,0.0,3616
720575940629296254,0.0,3617
720575940627941242,0.0,3618
720575940623747086,0.0,3619
720575940622075928,0.0,3620
720575940621226661,0.0,3621
720575940622007472,0.0,3622
720575940630979781,0.0,3623
720575940608192009,0.0,3624
720575940619245121,0.0,3625
720575940632172770,0.0,3626
720575940630189624,0.0,3627
720575940619998740,0.0,3628
720575940617509521,0.0,3629
720575940625521899,0.0,3630
720575940614604962,0.0,3631
720575940637282167,0.0,3632
720575940628420106,0.0,3633
720575940606498313,0.0,3634
720575940639094589,0.0,3635
720575940645303918,0.0,3636
720575940627586091,0.0,3637
720575940614898037,0.0,3638
720575940617969961,0.0,3639
720575940633813309,0.0,3640
720575940618960555,0.0,3641
720575940619318619,0.0,3642
720575940618574983,0.0,3643
720575940612800153,0.0,3644
720575940617541081,0.0,3645
720575940626500745,0.0,3646
720575940644968215,0.0,3647
720575940622915030,0.0,3648
720575940613084625,0.0,3649
720575940629783692,0.0,3650
720575940638807485,0.0,3651
720575940630358748,0.0,3652
720575940631434722,0.0,3653
720575940631567129,0.0,3654
720575940637333214,0.0,3655
720575940612757210,0.0,3656
720575940609218258,0.0,3657
720575940638733902,0.0,3658
720575940639695568,0.0,3659
720575940613528616,0.0,3660
720575940635749751,0.0,3661
720575940615252786,0.0,3662
720575940619075437,0.0,3663
720575940624914108,0.0,3664
720575940625176250,0.0,3665
720575940632634532,0.0,3666
720575940626672058,0.0,3667
720575940652104694,0.0,3668
720575940621388969,0.0,3669
720575940640205520,0.0,3670
720575940619589217,0.0,3671
720575940604994336,0.0,3672
720575940617665876,0.0,3673
720575940631253778,0.0,3674
720575940620260980,0.0,3675
720575940630648438,0.0,3676
720575940639669592,0.0,3677
720575940637293687,0.0,3678
720575940623472264,0.0,3679
720575940616462987,0.0,3680
720575940621302644,0.0,3681
720575940630544348,0.0,3682
720575940627240783,0.0,3683
720575940629248374,0.0,3684
720575940627448860,0.0,3685
720575940624054792,0.0,3686
720575940629894391,0.0,3687
720575940629075191,0.0,3688
720575940634537591,0.0,3689
720575940623242476,0.0,3690
720575940638053609,0.0,3691
720575940617540838,0.0,3692
720575940614984927,0.0,3693
720575940610113905,0.0,3694
720575940617376980,0.0,3695
720575940611085518,0.0,3696
720575940642968776,0.0,3697
720575940628190407,0.0,3698
720575940618884289,0.0,3699
720575940615345339,0.0,3700
720575940634373471,0.0,3701
720575940626027964,0.0,3702
720575940646853508,0.0,3703
720575940628397138,0.0,3704
720575940623150369,0.0,3705
720575940609653572,0.0,3706
720575940633662615,0.0,3707
720575940659844225,0.0,3708
720575940621538431,0.0,3709
720575940612534681,0.0,3710
720575940619705983,0.0,3711
720575940623880427,0.0,3712
720575940623965513,0.0,3713
720575940609163986,0.0,3714
720575940637050933,0.0,3715
720575940628374121,0.0,3716
720575940611856498,0.0,3717
720575940604808736,0.0,3718
720575940624651704,0.0,3719
720575940627284234,0.0,3720
720575940624440260,0.0,3721
720575940628420008,0.0,3722
720575940629337470,0.0,3723
720575940632102564,0.0,3724
720575940616459637,0.0,3725
720575940611698674,0.0,3726
720575940638446936,0.0,3727
720575940636841286,0.0,3728
720575940613793602,0.0,3729
720575940630510454,0.0,3730
720575940614067507,0.0,3731
720575940613051699,0.0,3732
720575940625667365,0.0,3733
720575940638482877,0.0,3734
720575940636560730,0.0,3735
720575940628823299,0.0,3736
720575940640094592,0.0,3737
720575940619593552,0.0,3738
720575940635695022,0.0,3739
720575940618657950,0.0,3740
720575940631048267,0.0,3741
720575940617180445,0.0,3742
720575940614199914,0.0,3743
720575940639209013,0.0,3744
720575940613355423,0.0,3745
720575940621460645,0.0,3746
720575940624555815,0.0,3747
720575940614610925,0.0,3748
720575940637632654,0.0,3749
720575940616852763,0.0,3750
720575940626917393,0.0,3751
720575940614219370,0.0,3752
720575940630833706,0.0,3753
720575940606773705,0.0,3754
720575940630793413,0.0,3755
720575940624330248,0.0,3756
720575940616627851,0.0,3757
720575940618277681,0.0,3758
720575940624264462,0.0,3759
720575940632149039,0.0,3760
720575940635670128,0.0,3761
720575940608544011,0.0,3762
720575940623386762,0.0,3763
720575940617317305,0.0,3764
720575940608177929,0.0,3765
720575940605551038,0.0,3766
720575940639889141,0.0,3767
720575940618075733,0.0,3768
720575940629746626,0.0,3769
720575940628669292,0.0,3770
720575940617942326,0.0,3771
720575940624851726,0.0,3772
720575940631576109,0.0,3773
720575940626010042,0.0,3774
720575940621423604,0.0,3775
720575940611012721,0.0,3776
720575940616812859,0.0,3777
720575940630089031,0.0,3778
720575940621201647,0.0,3779
720575940622132553,0.0,3780
720575940626784533,0.0,3781
720575940631651554,0.0,3782
720575940617485083,0.0,3783
720575940622375389,0.0,3784
720575940618938964,0.0,3785
720575940626179334,0.0,3786
720575940625720890,0.0,3787
720575940649134969,0.0,3788
720575940613875858,0.0,3789
720575940621019120,0.0,3790
720575940639448528,0.0,3791
720575940609785208,0.0,3792
720575940645808931,0.0,3793
720575940628564350,0.0,3794
720575940631527085,0.0,3795
720575940621146294,0.0,3796
720575940630519035,0.0,3797
720575940627343108,0.0,3798
720575940626633960,0.0,3799
720575940629483095,0.0,3800
720575940639043637,0.0,3801
720575940616139606,0.0,3802
720575940632030412,0.0,3803
720575940629625210,0.0,3804
720575940622140257,0.0,3805
720575940611471090,0.0,3806
720575940607793675,0.0,3807
720575940620687832,0.0,3808
720575940620659489,0.0,3809
720575940607146162,0.0,3810
720575940634163552,0.0,3811
720575940631307053,0.0,3812
720575940624740878,0.0,3813
720575940639020707,0.0,3814
720575940618722475,0.0,3815
720575940616428917,0.0,3816
720575940628269391,0.0,3817
720575940639057085,0.0,3818
720575940624563075,0.0,3819
720575940631342476,0.0,3820
720575940615019231,0.0,3821
720575940654647457,0.0,3822
720575940631502392,0.0,3823
720575940615903121,0.0,3824
720575940624291728,0.0,3825
720575940626585481,0.0,3826
720575940629632894,0.0,3827
720575940635170679,0.0,3828
720575940632889313,0.0,3829
720575940632714465,0.0,3830
720575940631624785,0.0,3831
720575940639594611,0.0,3832
720575940623865597,0.0,3833
720575940629829391,0.0,3834
720575940633302809,0.0,3835
720575940619549611,0.0,3836
720575940622473924,0.0,3837
720575940617398745,0.0,3838
720575940623380556,0.0,3839
720575940630189911,0.0,3840
720575940623603495,0.0,3841
720575940612167794,0.0,3842
720575940626410515,0.0,3843
720575940624521022,0.0,3844
720575940620997409,0.0,3845
720575940634733537,0.0,3846
720575940613776179,0.0,3847
720575940623100877,0.0,3848
720575940610956334,0.0,3849
720575940628781828,0.0,3850
720575940608432760,0.0,3851
720575940646236804,0.0,3852
720575940644542574,0.0,3853
720575940629141607,0.0,3854
720575940623943404,0.0,3855
720575940634432919,0.0,3856
720575940626179940,0.0,3857
720575940631435345,0.0,3858
720575940620687425,0.0,3859
720575940630288440,0.0,3860
720575940608884693,0.0,3861
720575940624095246,0.0,3862
720575940607580171,0.0,3863
720575940616165377,0.0,3864
720575940610906521,0.0,3865
720575940632536780,0.0,3866
720575940623914954,0.0,3867
720575940620741485,0.0,3868
720575940610070442,0.0,3869
720575940613183717,0.0,3870
720575940637469347,0.0,3871
720575940620010409,0.0,3872
720575940636579817,0.0,3873
720575940614661749,0.0,3874
720575940627818499,0.0,3875
720575940631390940,0.0,3876
720575940612593617,0.0,3877
720575940643311245,0.0,3878
720575940627822647,0.0,3879
720575940631336930,0.0,3880
720575940637169636,0.0,3881
720575940623486858,0.0,3882
720575940624323342,0.0,3883
720575940610499779,0.0,3884
720575940626354954,0.0,3885
720575940617483318,0.0,3886
720575940623322697,0.0,3887
720575940626047536,0.0,3888
720575940633475991,0.0,3889
720575940653764257,0.0,3890
720575940620056496,0.0,3891
720575940622281399,0.0,3892
720575940607818965,0.0,3893
720575940630044409,0.0,3894
720575940632364881,0.0,3895
720575940619419757,0.0,3896
720575940617874150,0.0,3897
720575940643404744,0.0,3898
720575940640331995,0.0,3899
720575940633422490,0.0,3900
720575940638894976,0.0,3901
720575940620146523,0.0,3902
720575940639517016,0.0,3903
720575940617351990,0.0,3904
720575940621325338,0.0,3905
720575940631295116,0.0,3906
720575940616886228,0.0,3907
720575940615629173,0.0,3908
720575940616903209,0.0,3909
720575940618759128,0.0,3910
720575940626769064,0.0,3911
720575940639024462,0.0,3912
720575940616940405,0.0,3913
720575940606108862,0.0,3914
720575940628783003,0.0,3915
720575940637849151,0.0,3916
720575940629244227,0.0,3917
720575940629854764,0.0,3918
720575940619552561,0.0,3919
720575940646433059,0.0,3920
720575940620230497,0.0,3921
720575940620195610,0.0,3922
720575940641936584,0.0,3923
720575940613987635,0.0,3924
720575940628714358,0.0,3925
720575940620948340,0.0,3926
720575940623930211,0.0,3927
720575940617841437,0.0,3928
720575940615955851,0.0,3929
720575940624039560,0.0,3930
720575940624716581,0.0,3931
720575940631991082,0.0,3932
720575940624126768,0.0,3933
720575940634028151,0.0,3934
720575940638009434,0.0,3935
720575940639352483,0.0,3936
720575940645917492,0.0,3937
720575940620096341,0.0,3938
720575940623594378,0.0,3939
720575940631237433,0.0,3940
720575940643152164,0.0,3941
720575940613824914,0.0,3942
720575940618897693,0.0,3943
720575940639003470,0.0,3944
720575940648397177,0.0,3945
720575940628478823,0.0,3946
720575940630811449,0.0,3947
720575940611696370,0.0,3948
720575940635094426,0.0,3949
720575940612140781,0.0,3950
720575940631680763,0.0,3951
720575940629977559,0.0,3952
720575940622383338,0.0,3953
720575940612204723,0.0,3954
720575940626411097,0.0,3955
720575940622063871,0.0,3956
720575940633389281,0.0,3957
720575940644028452,0.0,3958
720575940618696920,0.0,3959
720575940620577217,0.0,3960
720575940607221771,0.0,3961
720575940626356306,0.0,3962
720575940619576912,0.0,3963
720575940642936264,0.0,3964
720575940620671512,0.0,3965
720575940604700006,0.0,3966
720575940636187054,0.0,3967
720575940625852446,0.0,3968
720575940606357122,0.0,3969
720575940629518892,0.0,3970
720575940607811420,0.0,3971
720575940613337086,0.0,3972
720575940636754533,0.0,3973
720575940621285452,0.0,3974
720575940617645652,0.0,3975
720575940603911340,0.0,3976
720575940638422387,0.0,3977
720575940620932717,0.0,3978
720575940639182680,0.0,3979
720575940617598621,0.0,3980
720575940630947176,0.0,3981
720575940621456349,0.0,3982
720575940628641871,0.0,3983
720575940625485657,0.0,3984
720575940628790142,0.0,3985
720575940624227509,0.0,3986
720575940627163560,0.0,3987
720575940632733651,0.0,3988
720575940622363332,0.0,3989
720575940628009771,0.0,3990
720575940619297963,0.0,3991
720575940630662737,0.0,3992
720575940615711093,0.0,3993
720575940644316360,0.0,3994
720575940609586645,0.0,3995
720575940639022414,0.0,3996
720575940628868352,0.0,3997
720575940630105851,0.0,3998
720575940611218418,0.0,3999
720575940629620731,0.0,4000
720575940622230310,0.0,4001
720575940613466577,0.0,4002
720575940644667246,0.0,4003
720575940617007453,0.0,4004
720575940630726095,0.0,4005
720575940627239848,0.0,4006
720575940619401199,0.0,4007
720575940630105931,0.0,4008
720575940659770497,0.0,4009
720575940638881907,0.0,4010
720575940616203067,0.0,4011
720575940641039067,0.0,4012
720575940629557292,0.0,4013
720575940637784548,0.0,4014
720575940626199324,0.0,4015
720575940629856044,0.0,4016
720575940632531231,0.0,4017
720575940625513616,0.0,4018
720575940641015285,0.0,4019
720575940632964704,0.0,4020
720575940611040866,0.0,4021
720575940613975455,0.0,4022
720575940633934772,0.0,4023
720575940626949909,0.0,4024
720575940620305499,0.0,4025
720575940625655088,0.0,4026
720575940612680818,0.0,4027
720575940619637845,0.0,4028
720575940631763779,0.0,4029
720575940620429317,0.0,4030
720575940615980338,0.0,4031
720575940621597678,0.0,4032
720575940624041545,0.0,4033
720575940631741613,0.0,4034
720575940619423398,0.0,4035
720575940644490276,0.0,4036
720575940629539834,0.0,4037
720575940620623725,0.0,4038
720575940628355843,0.0,4039
720575940640125568,0.0,4040
720575940627082298,0.0,4041
720575940624786675,0.0,4042
720575940616930629,0.0,4043
720575940624935182,0.0,4044
720575940616929766,0.0,4045
720575940630269404,0.0,4046
720575940641084405,0.0,4047
720575940603747616,0.0,4048
720575940630902083,0.0,4049
720575940638472006,0.0,4050
720575940631502509,0.0,4051
720575940633565154,0.0,4052
720575940622558941,0.0,4053
720575940622773784,0.0,4054
720575940611210865,0.0,4055
720575940623872263,0.0,4056
720575940611873242,0.0,4057
720575940610036834,0.0,4058
720575940631827527,0.0,4059
720575940619770228,0.0,4060
720575940623003016,0.0,4061
720575940645450548,0.0,4062
720575940628651575,0.0,4063
720575940622528951,0.0,4064
720575940621616776,0.0,4065
720575940610847842,0.0,4066
720575940636490894,0.0,4067
720575940625929790,0.0,4068
720575940617324433,0.0,4069
720575940617010240,0.0,4070
720575940629119737,0.0,4071
720575940638208627,0.0,4072
720575940636048862,0.0,4073
720575940634948703,0.0,4074
720575940630557967,0.0,4075
720575940634678895,0.0,4076
720575940608152021,0.0,4077
720575940611229297,0.0,4078
720575940632135249,0.0,4079
720575940606893186,0.0,4080
720575940623986634,0.0,4081
720575940634027383,0.0,4082
720575940620227589,0.0,4083
720575940612789219,0.0,4084
720575940607393033,0.0,4085
720575940612439269,0.0,4086
720575940632679379,0.0,4087
720575940627353426,0.0,4088
720575940614427567,0.0,4089
720575940632679341,0.0,4090
720575940604662700,0.0,4091
720575940615004456,0.0,4092
720575940632991815,0.0,4093
720575940645089059,0.0,4094
720575940619028289,0.0,4095
720575940639735613,0.0,4096
720575940632203823,0.0,4097
720575940632532255,0.0,4098
720575940632617164,0.0,4099
720575940621802751,0.0,4100
720575940619672656,0.0,4101
720575940633596826,0.0,4102
720575940625156901,0.0,4103
720575940630190411,0.0,4104
720575940614832543,0.0,4105
720575940656077473,0.0,4106
720575940638677070,0.0,4107
720575940641369808,0.0,4108
720575940638719104,0.0,4109
720575940612166553,0.0,4110
720575940610990821,0.0,4111
720575940604550590,0.0,4112
720575940618043973,0.0,4113
720575940636335984,0.0,4114
720575940608767957,0.0,4115
720575940612879341,0.0,4116
720575940610471522,0.0,4117
720575940634045084,0.0,4118
720575940620936925,0.0,4119
720575940624243388,0.0,4120
720575940624651507,0.0,4121
720575940613218344,0.0,4122
720575940625541168,0.0,4123
720575940629871146,0.0,4124
720575940623735482,0.0,4125
720575940620866036,0.0,4126
720575940614544034,0.0,4127
720575940628060934,0.0,4128
720575940617940048,0.0,4129
720575940619821771,0.0,4130
720575940621872645,0.0,4131
720575940621017840,0.0,4132
720575940615346363,0.0,4133
720575940622186376,0.0,4134
720575940628125339,0.0,4135
720575940628498161,0.0,4136
720575940610861554,0.0,4137
720575940617812696,0.0,4138
720575940627102280,0.0,4139
720575940633538018,0.0,4140
720575940629271596,0.0,4141
720575940623233238,0.0,4142
720575940627218882,0.0,4143
720575940622917927,0.0,4144
720575940617511169,0.0,4145
720575940627636476,0.0,4146
720575940629468716,0.0,4147
720575940626081636,0.0,4148
720575940630292695,0.0,4149
720575940632835298,0.0,4150
720575940630696443,0.0,4151
720575940620612590,0.0,4152
720575940624894308,0.0,4153
720575940619903215,0.0,4154
720575940618203707,0.0,4155
720575940623449015,0.0,4156
720575940618888016,0.0,4157
720575940606680450,0.0,4158
720575940625002526,0.0,4159
720575940634622303,0.0,4160
720575940659323009,0.0,4161
720575940628504919,0.0,4162
720575940626522184,0.0,4163
720575940627286545,0.0,4164
720575940614037533,0.0,4165
720575940619051009,0.0,4166
720575940634648568,0.0,4167
720575940622363588,0.0,4168
720575940629409580,0.0,4169
720575940625805084,0.0,4170
720575940620920831,0.0,4171
720575940613613619,0.0,4172
720575940629912428,0.0,4173
720575940636942302,0.0,4174
720575940628207047,0.0,4175
720575940646609028,0.0,4176
720575940618953217,0.0,4177
720575940631077369,0.0,4178
720575940619117039,0.0,4179
720575940625670602,0.0,4180
720575940615578043,0.0,4181
720575940616331679,0.0,4182
720575940623264906,0.0,4183
720575940613436327,0.0,4184
720575940631642937,0.0,4185
720575940614037910,0.0,4186
720575940624359828,0.0,4187
720575940627114492,0.0,4188
720575940607001986,0.0,4189
720575940620565673,0.0,4190
720575940632009784,0.0,4191
720575940627603733,0.0,4192
720575940622655782,0.0,4193
720575940625261598,0.0,4194
720575940614037811,0.0,4195
720575940629274935,0.0,4196
720575940627243322,0.0,4197
720575940614573674,0.0,4198
720575940614087377,0.0,4199
720575940629963116,0.0,4200
720575940617118016,0.0,4201
720575940631879193,0.0,4202
720575940606621362,0.0,4203
720575940618087197,0.0,4204
720575940616910310,0.0,4205
720575940607198898,0.0,4206
720575940627931466,0.0,4207
720575940630651223,0.0,4208
720575940617871680,0.0,4209
720575940639443328,0.0,4210
720575940639022755,0.0,4211
720575940632635475,0.0,4212
720575940624044873,0.0,4213
720575940654483873,0.0,4214
720575940610307374,0.0,4215
720575940645993348,0.0,4216
720575940632113871,0.0,4217
720575940623871928,0.0,4218
720575940620277686,0.0,4219
720575940620177275,0.0,4220
720575940626102628,0.0,4221
720575940608344331,0.0,4222
720575940642624200,0.0,4223
720575940624085739,0.0,4224
720575940643473056,0.0,4225
720575940613920159,0.0,4226
720575940624265998,0.0,4227
720575940622830856,0.0,4228
720575940659857025,0.0,4229
720575940618110021,0.0,4230
720575940628888796,0.0,4231
720575940654129057,0.0,4232
720575940608535747,0.0,4233
720575940614308002,0.0,4234
720575940609220291,0.0,4235
720575940623554796,0.0,4236
720575940618541361,0.0,4237
720575940638666473,0.0,4238
720575940624704514,0.0,4239
720575940621870886,0.0,4240
720575940644974644,0.0,4241
720575940616363963,0.0,4242
720575940610793395,0.0,4243
720575940638989375,0.0,4244
720575940623619805,0.0,4245
720575940630356473,0.0,4246
720575940632264223,0.0,4247
720575940612968103,0.0,4248
720575940622627466,0.0,4249
720575940635288165,0.0,4250
720575940623546638,0.0,4251
720575940606680706,0.0,4252
720575940632098375,0.0,4253
720575940630912908,0.0,4254
720575940630716286,0.0,4255
720575940639661939,0.0,4256
720575940633557986,0.0,4257
720575940624366835,0.0,4258
720575940625613514,0.0,4259
720575940630996072,0.0,4260
720575940610694866,0.0,4261
720575940608663253,0.0,4262
720575940608583689,0.0,4263
720575940621870204,0.0,4264
720575940625461762,0.0,4265
720575940612071130,0.0,4266
720575940623441629,0.0,4267
720575940620721903,0.0,4268
720575940624785139,0.0,4269
720575940616756993,0.0,4270
720575940653703585,0.0,4271
720575940621650721,0.0,4272
720575940615708466,0.0,4273
720575940619783548,0.0,4274
720575940624532979,0.0,4275
720575940612606673,0.0,4276
720575940635614942,0.0,4277
720575940621973018,0.0,4278
720575940634078200,0.0,4279
720575940628476716,0.0,4280
720575940627264488,0.0,4281
720575940622694182,0.0,4282
720575940622972686,0.0,4283
720575940616616075,0.0,4284
720575940626820395,0.0,4285
720575940648139129,0.0,4286
720575940603520172,0.0,4287
720575940619916368,0.0,4288
720575940616156347,0.0,4289
720575940620472235,0.0,4290
720575940623268902,0.0,4291
720575940634992735,0.0,4292
720575940615847005,0.0,4293
720575940607900867,0.0,4294
720575940618606160,0.0,4295
720575940620897389,0.0,4296
720575940632696877,0.0,4297
720575940637749574,0.0,4298
720575940624467812,0.0,4299
720575940617036352,0.0,4300
720575940621399222,0.0,4301
720575940639309902,0.0,4302
720575940615068383,0.0,4303
720575940618840280,0.0,4304
720575940614533226,0.0,4305
720575940636684378,0.0,4306
720575940618036765,0.0,4307
720575940622263832,0.0,4308
720575940630062587,0.0,4309
720575940627576488,0.0,4310
720575940620463536,0.0,4311
720575940629839863,0.0,4312
720575940630067255,0.0,4313
720575940604810016,0.0,4314
720575940621871484,0.0,4315
720575940613041123,0.0,4316
720575940631056971,0.0,4317
720575940625317139,0.0,4318
720575940614207850,0.0,4319
720575940614793026,0.0,4320
720575940627912464,0.0,4321
720575940618371777,0.0,4322
720575940631930060,0.0,4323
720575940618959576,0.0,4324
720575940625671426,0.0,4325
720575940618036509,0.0,4326
720575940631012664,0.0,4327
720575940630464843,0.0,4328
720575940639728984,0.0,4329
720575940639974272,0.0,4330
720575940612564338,0.0,4331
720575940615611793,0.0,4332
720575940614890902,0.0,4333
720575940634224023,0.0,4334
720575940613449122,0.0,4335
720575940636734382,0.0,4336
720575940615527995,0.0,4337
720575940624940558,0.0,4338
720575940616955229,0.0,4339
720575940618336239,0.0,4340
720575940639645757,0.0,4341
720575940628404188,0.0,4342
720575940627342138,0.0,4343
720575940619477809,0.0,4344
720575940627964715,0.0,4345
720575940621804329,0.0,4346
720575940613481256,0.0,4347
720575940622295832,0.0,4348
720575940626064138,0.0,4349
720575940618180766,0.0,4350
720575940625539786,0.0,4351
720575940626457290,0.0,4352
720575940642022088,0.0,4353
720575940619903664,0.0,4354
720575940621167030,0.0,4355
720575940609553419,0.0,4356
720575940616800780,0.0,4357
720575940631058280,0.0,4358
720575940627017259,0.0,4359
720575940626031132,0.0,4360
720575940624917031,0.0,4361
720575940632388138,0.0,4362
720575940616378769,0.0,4363
720575940629832252,0.0,4364
720575940630716995,0.0,4365
720575940630094444,0.0,4366
720575940621148781,0.0,4367
720575940615032406,0.0,4368
720575940618648443,0.0,4369
720575940620057626,0.0,4370
720575940604284337,0.0,4371
720575940611292330,0.0,4372
720575940618691742,0.0,4373
720575940623377555,0.0,4374
720575940608291849,0.0,4375
720575940619445382,0.0,4376
720575940628787984,0.0,4377
720575940620952779,0.0,4378
720575940626930186,0.0,4379
720575940614825026,0.0,4380
720575940650946425,0.0,4381
720575940627211307,0.0,4382
720575940628326417,0.0,4383
720575940605101758,0.0,4384
720575940612829663,0.0,4385
720575940618901533,0.0,4386
720575940637183454,0.0,4387
720575940614726546,0.0,4388
720575940625834900,0.0,4389
720575940611089331,0.0,4390
720575940623147959,0.0,4391
720575940620952523,0.0,4392
720575940631143383,0.0,4393
720575940622492637,0.0,4394
720575940623137741,0.0,4395
720575940622567659,0.0,4396
720575940625146882,0.0,4397
720575940618404510,0.0,4398
720575940617381681,0.0,4399
720575940626768656,0.0,4400
720575940621203632,0.0,4401
720575940621725168,0.0,4402
720575940636096948,0.0,4403
720575940652063734,0.0,4404
720575940621351412,0.0,4405
720575940619353766,0.0,4406
720575940609171576,0.0,4407
720575940619723979,0.0,4408
720575940606796722,0.0,4409
720575940622339549,0.0,4410
720575940630682449,0.0,4411
720575940619155541,0.0,4412
720575940632195887,0.0,4413
720575940630862287,0.0,4414
720575940608682453,0.0,4415
720575940617623632,0.0,4416
720575940646369827,0.0,4417
720575940612203699,0.0,4418
720575940621528191,0.0,4419
720575940644870679,0.0,4420
720575940624305642,0.0,4421
720575940630419983,0.0,4422
720575940613909555,0.0,4423
720575940614707874,0.0,4424
720575940624357896,0.0,4425
720575940627153513,0.0,4426
720575940629961219,0.0,4427
720575940622668031,0.0,4428
720575940619160861,0.0,4429
720575940620822049,0.0,4430
720575940637747526,0.0,4431
720575940626651624,0.0,4432
720575940645381998,0.0,4433
720575940615215923,0.0,4434
720575940629837563,0.0,4435
720575940621260020,0.0,4436
720575940639553920,0.0,4437
720575940632166881,0.0,4438
720575940616744059,0.0,4439
720575940626422513,0.0,4440
720575940623407850,0.0,4441
720575940638579428,0.0,4442
720575940621163636,0.0,4443
720575940645377668,0.0,4444
720575940633402082,0.0,4445
720575940632736045,0.0,4446
720575940619358257,0.0,4447
720575940626439426,0.0,4448
720575940630902991,0.0,4449
720575940629706362,0.0,4450
720575940618263197,0.0,4451
720575940623964820,0.0,4452
720575940618211742,0.0,4453
720575940627546897,0.0,4454
720575940605557438,0.0,4455
720575940639267406,0.0,4456
720575940619319512,0.0,4457
720575940614416018,0.0,4458
720575940616646873,0.0,4459
720575940614036019,0.0,4460
720575940622792423,0.0,4461
720575940630846019,0.0,4462
720575940615581126,0.0,4463
720575940639139280,0.0,4464
720575940630181463,0.0,4465
720575940626593618,0.0,4466
720575940625504868,0.0,4467
720575940629043817,0.0,4468
720575940626782845,0.0,4469
720575940639693373,0.0,4470
720575940631468335,0.0,4471
720575940609594574,0.0,4472
720575940603829950,0.0,4473
720575940628082053,0.0,4474
720575940624980261,0.0,4475
720575940617476386,0.0,4476
720575940615608588,0.0,4477
720575940631305164,0.0,4478
720575940634155731,0.0,4479
720575940627405052,0.0,4480
720575940612433614,0.0,4481
720575940618606983,0.0,4482
720575940629918459,0.0,4483
720575940626868361,0.0,4484
720575940629199810,0.0,4485
720575940631978287,0.0,4486
720575940624967561,0.0,4487
720575940622211845,0.0,4488
720575940616205405,0.0,4489
720575940625814274,0.0,4490
720575940631174431,0.0,4491
720575940631413585,0.0,4492
720575940628994524,0.0,4493
720575940629842681,0.0,4494
720575940625757053,0.0,4495
720575940633938657,0.0,4496
720575940622084681,0.0,4497
720575940619632148,0.0,4498
720575940626530564,0.0,4499
720575940642780832,0.0,4500
720575940628553731,0.0,4501
720575940617009638,0.0,4502
720575940632729313,0.0,4503
720575940613347793,0.0,4504
720575940640020944,0.0,4505
720575940614724038,0.0,4506
720575940634941887,0.0,4507
720575940621778646,0.0,4508
720575940616198587,0.0,4509
720575940623014328,0.0,4510
720575940615892310,0.0,4511
720575940621343142,0.0,4512
720575940631239076,0.0,4513
720575940614887830,0.0,4514
720575940614429078,0.0,4515
720575940610529656,0.0,4516
720575940631752356,0.0,4517
720575940634194588,0.0,4518
720575940632123695,0.0,4519
720575940615903547,0.0,4520
720575940629895484,0.0,4521
720575940625608329,0.0,4522
720575940624390477,0.0,4523
720575940619491828,0.0,4524
720575940619704656,0.0,4525
720575940619835733,0.0,4526
720575940626218392,0.0,4527
720575940608571145,0.0,4528
720575940629502506,0.0,4529
720575940615615929,0.0,4530
720575940626719570,0.0,4531
720575940646097175,0.0,4532
720575940616440098,0.0,4533
720575940613727399,0.0,4534
720575940622653795,0.0,4535
720575940635075179,0.0,4536
720575940616303105,0.0,4537
720575940637826623,0.0,4538
720575940620385997,0.0,4539
720575940637883776,0.0,4540
720575940629470726,0.0,4541
720575940626226690,0.0,4542
720575940625749258,0.0,4543
720575940618997297,0.0,4544
720575940619154891,0.0,4545
720575940616578646,0.0,4546
720575940639172560,0.0,4547
720575940621414676,0.0,4548
720575940622067113,0.0,4549
720575940639554675,0.0,4550
720575940622542517,0.0,4551
720575940607154955,0.0,4552
720575940635213998,0.0,4553
720575940621845018,0.0,4554
720575940629518786,0.0,4555
720575940619978266,0.0,4556
720575940619738612,0.0,4557
720575940611153370,0.0,4558
720575940614220269,0.0,4559
720575940616691156,0.0,4560
720575940608969667,0.0,4561
720575940617674141,0.0,4562
720575940620744152,0.0,4563
720575940612758934,0.0,4564
720575940651425782,0.0,4565
720575940648246649,0.0,4566
720575940649622905,0.0,4567
720575940611532949,0.0,4568
720575940618135198,0.0,4569
720575940621363421,0.0,4570
720575940628443962,0.0,4571
720575940617273233,0.0,4572
720575940603233248,0.0,4573
720575940630290629,0.0,4574
720575940638474112,0.0,4575
720575940613692141,0.0,4576
720575940616475717,0.0,4577
720575940608313301,0.0,4578
720575940635291247,0.0,4579
720575940624184905,0.0,4580
720575940614311079,0.0,4581
720575940618659998,0.0,4582
720575940611652374,0.0,4583
720575940624227917,0.0,4584
720575940618133072,0.0,4585
720575940616953467,0.0,4586
720575940607090306,0.0,4587
720575940606729858,0.0,4588
720575940621880541,0.0,4589
720575940620273344,0.0,4590
720575940624021483,0.0,4591
720575940623037965,0.0,4592
720575940616673497,0.0,4593
720575940608407305,0.0,4594
720575940629952374,0.0,4595
720575940631584057,0.0,4596
720575940623212170,0.0,4597
720575940626849423,0.0,4598
720575940624891941,0.0,4599
720575940624776206,0.0,4600
720575940615980850,0.0,4601
720575940627228090,0.0,4602
720575940618517440,0.0,4603
720575940610784179,0.0,4604
720575940654675873,0.0,4605
720575940637737021,0.0,4606
720575940631782712,0.0,4607
720575940618886336,0.0,4608
720575940628257914,0.0,4609
720575940621343838,0.0,4610
720575940621540446,0.0,4611
720575940619795883,0.0,4612
720575940627543624,0.0,4613
720575940630560505,0.0,4614
720575940620932684,0.0,4615
720575940624195559,0.0,4616
720575940630093174,0.0,4617
720575940630584079,0.0,4618
720575940634385247,0.0,4619
720575940614576396,0.0,4620
720575940629535610,0.0,4621
720575940631688417,0.0,4622
720575940626422659,0.0,4623
720575940616575705,0.0,4624
720575940620041125,0.0,4625
720575940621048758,0.0,4626
720575940606663625,0.0,4627
720575940612549799,0.0,4628
720575940629535738,0.0,4629
720575940626619411,0.0,4630
720575940621966369,0.0,4631
720575940625625136,0.0,4632
720575940626904561,0.0,4633
720575940611578794,0.0,4634
720575940635499888,0.0,4635
720575940638645592,0.0,4636
720575940628290895,0.0,4637
720575940639366478,0.0,4638
720575940627144010,0.0,4639
720575940628561628,0.0,4640
720575940631764281,0.0,4641
720575940620178141,0.0,4642
720575940630608492,0.0,4643
720575940632681773,0.0,4644
720575940626855171,0.0,4645
720575940623131433,0.0,4646
720575940625898780,0.0,4647
720575940623047950,0.0,4648
720575940613463859,0.0,4649
720575940633058897,0.0,4650
720575940623998563,0.0,4651
720575940605559986,0.0,4652
720575940625355281,0.0,4653
720575940644940835,0.0,4654
720575940627547153,0.0,4655
720575940624738232,0.0,4656
720575940620182399,0.0,4657
720575940621376756,0.0,4658
720575940634811743,0.0,4659
720575940627492117,0.0,4660
720575940636679390,0.0,4661
720575940639202532,0.0,4662
720575940625177836,0.0,4663
720575940627120536,0.0,4664
720575940619445464,0.0,4665
720575940620197104,0.0,4666
720575940627739225,0.0,4667
720575940612856342,0.0,4668
720575940621616133,0.0,4669
720575940627321146,0.0,4670
720575940638578510,0.0,4671
720575940612062426,0.0,4672
720575940631758111,0.0,4673
720575940626658570,0.0,4674
720575940637791721,0.0,4675
720575940638046948,0.0,4676
720575940627275602,0.0,4677
720575940609739669,0.0,4678
720575940618225566,0.0,4679
720575940613226989,0.0,4680
720575940620029575,0.0,4681
720575940611504869,0.0,4682
720575940607471829,0.0,4683
720575940611104229,0.0,4684
720575940626312835,0.0,4685
720575940621521663,0.0,4686
720575940622104097,0.0,4687
720575940630428921,0.0,4688
720575940626347778,0.0,4689
720575940632128908,0.0,4690
720575940633552028,0.0,4691
720575940623064968,0.0,4692
720575940611454833,0.0,4693
720575940611285454,0.0,4694
720575940614792554,0.0,4695
720575940607040881,0.0,4696
720575940631662147,0.0,4697
720575940608364124,0.0,4698
720575940621812006,0.0,4699
720575940635850206,0.0,4700
720575940630604537,0.0,4701
720575940614701730,0.0,4702
720575940618482781,0.0,4703
720575940605441312,0.0,4704
720575940612907121,0.0,4705
720575940606836169,0.0,4706
720575940635307256,0.0,4707
720575940638444861,0.0,4708
720575940637932009,0.0,4709
720575940616264148,0.0,4710
720575940625584265,0.0,4711
720575940617586757,0.0,4712
720575940628055558,0.0,4713
720575940624589548,0.0,4714
720575940625777040,0.0,4715
720575940642658267,0.0,4716
720575940644156695,0.0,4717
720575940617918603,0.0,4718
720575940622642893,0.0,4719
720575940621183768,0.0,4720
720575940638853454,0.0,4721
720575940614774923,0.0,4722
720575940632715859,0.0,4723
720575940629521914,0.0,4724
720575940621449221,0.0,4725
720575940616008309,0.0,4726
720575940631588931,0.0,4727
720575940625698096,0.0,4728
720575940623041732,0.0,4729
720575940632275025,0.0,4730
720575940612615282,0.0,4731
720575940613785139,0.0,4732
720575940638638406,0.0,4733
720575940626988574,0.0,4734
720575940617092569,0.0,4735
720575940609114436,0.0,4736
720575940631986499,0.0,4737
720575940621185050,0.0,4738
720575940614586690,0.0,4739
720575940636080479,0.0,4740
720575940617077056,0.0,4741
720575940644465568,0.0,4742
720575940614518690,0.0,4743
720575940638149744,0.0,4744
720575940630982442,0.0,4745
720575940639686973,0.0,4746
720575940617939613,0.0,4747
720575940631875896,0.0,4748
720575940632193420,0.0,4749
720575940625334970,0.0,4750
720575940618022469,0.0,4751
720575940617839389,0.0,4752
720575940609143672,0.0,4753
720575940635508404,0.0,4754
720575940638006086,0.0,4755
720575940620197652,0.0,4756
720575940624345136,0.0,4757
720575940605992369,0.0,4758
720575940616577141,0.0,4759
720575940610403813,0.0,4760
720575940634298975,0.0,4761
720575940630158140,0.0,4762
720575940608970453,0.0,4763
720575940631423116,0.0,4764
720575940619946661,0.0,4765
720575940617911104,0.0,4766
720575940634715743,0.0,4767
720575940622150569,0.0,4768
720575940632342497,0.0,4769
720575940606751922,0.0,4770
720575940637910106,0.0,4771
720575940605995209,0.0,4772
720575940615594658,0.0,4773
720575940604908972,0.0,4774
720575940638642502,0.0,4775
720575940631267858,0.0,4776
720575940639017050,0.0,4777
720575940631448680,0.0,4778
720575940629266767,0.0,4779
720575940618996382,0.0,4780
720575940624710122,0.0,4781
720575940624095496,0.0,4782
720575940631783372,0.0,4783
720575940630797624,0.0,4784
720575940626826392,0.0,4785
720575940621640363,0.0,4786
720575940606149321,0.0,4787
720575940618649920,0.0,4788
720575940636470373,0.0,4789
720575940629439238,0.0,4790
720575940623273254,0.0,4791
720575940631619921,0.0,4792
720575940622804263,0.0,4793
720575940623791799,0.0,4794
720575940625709401,0.0,4795
720575940621638149,0.0,4796
720575940631877944,0.0,4797
720575940628815120,0.0,4798
720575940617819170,0.0,4799
720575940633563679,0.0,4800
720575940624205353,0.0,4801
720575940623319334,0.0,4802
720575940641243381,0.0,4803
720575940643008968,0.0,4804
720575940627987974,0.0,4805
720575940630958277,0.0,4806
720575940627369960,0.0,4807
720575940634975423,0.0,4808
720575940621926765,0.0,4809
720575940632904043,0.0,4810
720575940614092753,0.0,4811
720575940631271251,0.0,4812
720575940633635298,0.0,4813
720575940631962705,0.0,4814
720575940627946106,0.0,4815
720575940622484182,0.0,4816
720575940636488110,0.0,4817
720575940639181365,0.0,4818
720575940612127706,0.0,4819
720575940625767568,0.0,4820
720575940614367715,0.0,4821
720575940628864087,0.0,4822
720575940626174564,0.0,4823
720575940631260716,0.0,4824
720575940618609275,0.0,4825
720575940620301677,0.0,4826
720575940635492276,0.0,4827
720575940636576948,0.0,4828
720575940633906588,0.0,4829
720575940635122783,0.0,4830
720575940630003472,0.0,4831
720575940609570258,0.0,4832
720575940623825405,0.0,4833
720575940618626171,0.0,4834
720575940614376615,0.0,4835
720575940637509190,0.0,4836
720575940618604352,0.0,4837
720575940607233458,0.0,4838
720575940634048154,0.0,4839
720575940614709410,0.0,4840
720575940611092036,0.0,4841
720575940623428234,0.0,4842
720575940633177570,0.0,4843
720575940632542253,0.0,4844
720575940630579052,0.0,4845
720575940620892781,0.0,4846
720575940635539448,0.0,4847
720575940624405235,0.0,4848
720575940619875060,0.0,4849
720575940618843489,0.0,4850
720575940605625958,0.0,4851
720575940636999280,0.0,4852
720575940639892824,0.0,4853
720575940639844597,0.0,4854
720575940628753999,0.0,4855
720575940620172272,0.0,4856
720575940636477541,0.0,4857
720575940620305502,0.0,4858
720575940629056411,0.0,4859
720575940619472225,0.0,4860
720575940606123698,0.0,4861
720575940659429761,0.0,4862
720575940630057728,0.0,4863
720575940619441112,0.0,4864
720575940621009505,0.0,4865
720575940615090444,0.0,4866
720575940619007664,0.0,4867
720575940625435792,0.0,4868
720575940636291941,0.0,4869
720575940627265274,0.0,4870
720575940620205147,0.0,4871
720575940629925111,0.0,4872
720575940604961126,0.0,4873
720575940625944266,0.0,4874
720575940643693000,0.0,4875
720575940617228315,0.0,4876
720575940624514599,0.0,4877
720575940623307447,0.0,4878
720575940635717743,0.0,4879
720575940629671802,0.0,4880
720575940619931119,0.0,4881
720575940628236200,0.0,4882
720575940634935194,0.0,4883
720575940617765405,0.0,4884
720575940628569815,0.0,4885
720575940608241365,0.0,4886
720575940608635913,0.0,4887
720575940621346932,0.0,4888
720575940611772514,0.0,4889
720575940625987390,0.0,4890
720575940619966885,0.0,4891
720575940629499130,0.0,4892
720575940604874208,0.0,4893
720575940623463036,0.0,4894
720575940624918972,0.0,4895
720575940634116448,0.0,4896
720575940615274838,0.0,4897
720575940616799035,0.0,4898
720575940632818221,0.0,4899
720575940623284009,0.0,4900
720575940624344072,0.0,4901
720575940622102554,0.0,4902
720575940628336401,0.0,4903
720575940612531370,0.0,4904
720575940619927893,0.0,4905
720575940620775233,0.0,4906
720575940616092603,0.0,4907
720575940620811340,0.0,4908
720575940620623201,0.0,4909
720575940609904196,0.0,4910
720575940623205303,0.0,4911
720575940617537570,0.0,4912
720575940639711037,0.0,4913
720575940636562921,0.0,4914
720575940610951577,0.0,4915
720575940628270235,0.0,4916
720575940630634799,0.0,4917
720575940646431267,0.0,4918
720575940638304838,0.0,4919
720575940638964131,0.0,4920
720575940616564853,0.0,4921
720575940640986075,0.0,4922
720575940623196819,0.0,4923
720575940624609101,0.0,4924
720575940639116888,0.0,4925
720575940612521166,0.0,4926
720575940625781541,0.0,4927
720575940644759319,0.0,4928
720575940612450730,0.0,4929
720575940633932569,0.0,4930
720575940620519339,0.0,4931
720575940613776543,0.0,4932
720575940634207443,0.0,4933
720575940626930206,0.0,4934
720575940632805037,0.0,4935
720575940640314190,0.0,4936
720575940644907543,0.0,4937
720575940612575230,0.0,4938
720575940623542972,0.0,4939
720575940621292126,0.0,4940
720575940631710604,0.0,4941
720575940632160593,0.0,4942
720575940620554843,0.0,4943
720575940634698079,0.0,4944
720575940623972756,0.0,4945
720575940617334228,0.0,4946
720575940614076211,0.0,4947
720575940612504434,0.0,4948
720575940607043202,0.0,4949
720575940618893366,0.0,4950
720575940632123439,0.0,4951
720575940616306210,0.0,4952
720575940622697196,0.0,4953
720575940619168728,0.0,4954
720575940630063671,0.0,4955
720575940620310625,0.0,4956
720575940624328200,0.0,4957
720575940640646864,0.0,4958
720575940604341216,0.0,4959
720575940646667828,0.0,4960
720575940615217375,0.0,4961
720575940636665262,0.0,4962
720575940619474548,0.0,4963
720575940608619787,0.0,4964
720575940630225403,0.0,4965
720575940615569723,0.0,4966
720575940626958878,0.0,4967
720575940619078091,0.0,4968
720575940634235744,0.0,4969
720575940608281180,0.0,4970
720575940627077714,0.0,4971
720575940628007676,0.0,4972
720575940627193363,0.0,4973
720575940604941234,0.0,4974
720575940617079257,0.0,4975
720575940631193106,0.0,4976
720575940609870449,0.0,4977
720575940637693503,0.0,4978
720575940611512293,0.0,4979
720575940624104265,0.0,4980
720575940646682756,0.0,4981
720575940639150013,0.0,4982
720575940624668908,0.0,4983
720575940625956483,0.0,4984
720575940654924961,0.0,4985
720575940632006481,0.0,4986
720575940627719184,0.0,4987
720575940648683908,0.0,4988
720575940628794371,0.0,4989
720575940631388743,0.0,4990
720575940610739930,0.0,4991
720575940636431022,0.0,4992
720575940643104456,0.0,4993
720575940615945414,0.0,4994
720575940632734253,0.0,4995
720575940637938522,0.0,4996
720575940625251401,0.0,4997
720575940618714351,0.0,4998
720575940620497286,0.0,4999
720575940633907607,0.0,5000
720575940608501316,0.0,5001
720575940621820540,0.0,5002
720575940614785130,0.0,5003
720575940642212552,0.0,5004
720575940645097838,0.0,5005
720575940624335851,0.0,5006
720575940617692962,0.0,5007
720575940625183309,0.0,5008
720575940604126129,0.0,5009
720575940641251712,0.0,5010
720575940646354211,0.0,5011
720575940635050394,0.0,5012
720575940615978802,0.0,5013
720575940611286990,0.0,5014
720575940612692672,0.0,5015
720575940643756704,0.0,5016
720575940630558316,0.0,5017
720575940611331251,0.0,5018
720575940634208924,0.0,5019
720575940629172736,0.0,5020
720575940629486530,0.0,5021
720575940640151741,0.0,5022
720575940638075967,0.0,5023
720575940623004429,0.0,5024
720575940627985402,0.0,5025
720575940631499587,0.0,5026
720575940628538112,0.0,5027
720575940625405072,0.0,5028
720575940626023001,0.0,5029
720575940631763523,0.0,5030
720575940637509941,0.0,5031
720575940614371986,0.0,5032
720575940628773675,0.0,5033
720575940618886454,0.0,5034
720575940630918930,0.0,5035
720575940616467061,0.0,5036
720575940624943292,0.0,5037
720575940635114591,0.0,5038
720575940637970921,0.0,5039
720575940646916148,0.0,5040
720575940632841539,0.0,5041
720575940619620852,0.0,5042
720575940615059752,0.0,5043
720575940620044190,0.0,5044
720575940637711167,0.0,5045
720575940650929273,0.0,5046
720575940617176413,0.0,5047
720575940633317713,0.0,5048
720575940636609166,0.0,5049
720575940630973125,0.0,5050
720575940632816301,0.0,5051
720575940620344837,0.0,5052
720575940630069504,0.0,5053
720575940636505957,0.0,5054
720575940639173173,0.0,5055
720575940627996422,0.0,5056
720575940623742956,0.0,5057
720575940640844195,0.0,5058
720575940627724431,0.0,5059
720575940621491696,0.0,5060
720575940614671978,0.0,5061
720575940632692307,0.0,5062
720575940605410592,0.0,5063
720575940631765571,0.0,5064
720575940619914837,0.0,5065
720575940632890681,0.0,5066
720575940609619666,0.0,5067
720575940628174279,0.0,5068
720575940607229397,0.0,5069
720575940646895924,0.0,5070
720575940635416431,0.0,5071
720575940634575796,0.0,5072
720575940646535476,0.0,5073
720575940629299500,0.0,5074
720575940632036492,0.0,5075
720575940619898971,0.0,5076
720575940613403458,0.0,5077
720575940605934001,0.0,5078
720575940627994008,0.0,5079
720575940625823656,0.0,5080
720575940628887887,0.0,5081
720575940632793645,0.0,5082
720575940643063200,0.0,5083
720575940624167165,0.0,5084
720575940614388447,0.0,5085
720575940627431848,0.0,5086
720575940627480853,0.0,5087
720575940642288269,0.0,5088
720575940622009889,0.0,5089
720575940637316029,0.0,5090
720575940624288520,0.0,5091
720575940611090244,0.0,5092
720575940616503157,0.0,5093
720575940623102396,0.0,5094
720575940619749579,0.0,5095
720575940635953343,0.0,5096
720575940620500673,0.0,5097
720575940623444676,0.0,5098
720575940622840211,0.0,5099
720575940639683389,0.0,5100
720575940627174419,0.0,5101
720575940611959219,0.0,5102
720575940646919476,0.0,5103
720575940629058203,0.0,5104
720575940635092122,0.0,5105
720575940645403939,0.0,5106
720575940635964271,0.0,5107
720575940621241008,0.0,5108
720575940613494447,0.0,5109
720575940635068255,0.0,5110
720575940620686761,0.0,5111
720575940616095517,0.0,5112
720575940608386315,0.0,5113
720575940614614203,0.0,5114
720575940620573516,0.0,5115
720575940622926104,0.0,5116
720575940629669623,0.0,5117
720575940620007457,0.0,5118
720575940631908712,0.0,5119
720575940611098517,0.0,5120
720575940631585388,0.0,5121
720575940619146837,0.0,5122
720575940621019457,0.0,5123
720575940623400445,0.0,5124
720575940646197812,0.0,5125
720575940628970087,0.0,5126
720575940622548182,0.0,5127
720575940622352055,0.0,5128
720575940630168636,0.0,5129
720575940645024878,0.0,5130
720575940630258572,0.0,5131
720575940646598788,0.0,5132
720575940623514638,0.0,5133
720575940616203637,0.0,5134
720575940630671890,0.0,5135
720575940629804544,0.0,5136
720575940628151772,0.0,5137
720575940624487975,0.0,5138
720575940628218155,0.0,5139
720575940620587503,0.0,5140
720575940624677709,0.0,5141
720575940609894212,0.0,5142
720575940635821801,0.0,5143
720575940629675902,0.0,5144
720575940605947569,0.0,5145
720575940635116383,0.0,5146
720575940620552539,0.0,5147
720575940606761161,0.0,5148
720575940639021646,0.0,5149
720575940621471732,0.0,5150
720575940642967662,0.0,5151
720575940612499097,0.0,5152
720575940617571997,0.0,5153
720575940620454848,0.0,5154
720575940631272719,0.0,5155
720575940629398316,0.0,5156
720575940633984924,0.0,5157
720575940627257361,0.0,5158
720575940630933199,0.0,5159
720575940622979475,0.0,5160
720575940618574400,0.0,5161
720575940611175118,0.0,5162
720575940617158868,0.0,5163
720575940615431327,0.0,5164
720575940613637785,0.0,5165
720575940613867682,0.0,5166
720575940615000426,0.0,5167
720575940643371424,0.0,5168
720575940629921398,0.0,5169
720575940625433488,0.0,5170
720575940634463083,0.0,5171
720575940627588593,0.0,5172
720575940611648209,0.0,5173
720575940627628548,0.0,5174
720575940615094284,0.0,5175
720575940626698377,0.0,5176
720575940639836288,0.0,5177
720575940625318531,0.0,5178
720575940631295018,0.0,5179
720575940624302520,0.0,5180
720575940641066229,0.0,5181
720575940617821248,0.0,5182
720575940617476052,0.0,5183
720575940623576909,0.0,5184
720575940628342171,0.0,5185
720575940630272108,0.0,5186
720575940620628463,0.0,5187
720575940611527544,0.0,5188
720575940632065164,0.0,5189
720575940624975760,0.0,5190
720575940639018147,0.0,5191
720575940614673058,0.0,5192
720575940641961869,0.0,5193
720575940620594415,0.0,5194
720575940625572240,0.0,5195
720575940616310751,0.0,5196
720575940625330494,0.0,5197
720575940623969684,0.0,5198
720575940620737121,0.0,5199
720575940606335106,0.0,5200
720575940642193608,0.0,5201
720575940623218687,0.0,5202
720575940634276506,0.0,5203
720575940612626966,0.0,5204
720575940629669879,0.0,5205
720575940635334044,0.0,5206
720575940634384224,0.0,5207
720575940618038813,0.0,5208
720575940613434530,0.0,5209
720575940639124533,0.0,5210
720575940624917432,0.0,5211
720575940631502136,0.0,5212
720575940606730076,0.0,5213
720575940625910354,0.0,5214
720575940626509830,0.0,5215
720575940617048925,0.0,5216
720575940631710860,0.0,5217
720575940614386738,0.0,5218
720575940634970559,0.0,5219
720575940636625806,0.0,5220
720575940621457577,0.0,5221
720575940632081036,0.0,5222
720575940613557288,0.0,5223
720575940629901819,0.0,5224
720575940614636450,0.0,5225
720575940628766480,0.0,5226
720575940627343377,0.0,5227
720575940611724437,0.0,5228
720575940622775443,0.0,5229
720575940627737365,0.0,5230
720575940629883351,0.0,5231
720575940622949837,0.0,5232
720575940627684713,0.0,5233
720575940617904208,0.0,5234
720575940633573836,0.0,5235
720575940617257985,0.0,5236
720575940629155227,0.0,5237
720575940613530349,0.0,5238
720575940636508644,0.0,5239
720575940636963806,0.0,5240
720575940624206121,0.0,5241
720575940630168892,0.0,5242
720575940633781088,0.0,5243
720575940614682043,0.0,5244
720575940622081306,0.0,5245
720575940618250630,0.0,5246
720575940629127936,0.0,5247
720575940633940947,0.0,5248
720575940632052194,0.0,5249
720575940629200631,0.0,5250
720575940633231827,0.0,5251
720575940644733806,0.0,5252
720575940620258480,0.0,5253
720575940611622826,0.0,5254
720575940625465802,0.0,5255
720575940623368644,0.0,5256
720575940628831938,0.0,5257
720575940618878191,0.0,5258
720575940620900869,0.0,5259
720575940622732493,0.0,5260
720575940637050084,0.0,5261
720575940624662798,0.0,5262
720575940636820958,0.0,5263
720575940616546933,0.0,5264
720575940639673715,0.0,5265
720575940615512130,0.0,5266
720575940608990677,0.0,5267
720575940636588430,0.0,5268
720575940632829741,0.0,5269
720575940622167766,0.0,5270
720575940653460385,0.0,5271
720575940606715337,0.0,5272
720575940639126069,0.0,5273
720575940619269029,0.0,5274
720575940644541640,0.0,5275
720575940642253453,0.0,5276
720575940624462228,0.0,5277
720575940617334430,0.0,5278
720575940629928439,0.0,5279
720575940605621024,0.0,5280
720575940622270391,0.0,5281
720575940621202608,0.0,5282
720575940630452495,0.0,5283
720575940609908548,0.0,5284
720575940643536919,0.0,5285
720575940637934308,0.0,5286
720575940626252273,0.0,5287
720575940621018977,0.0,5288
720575940627969359,0.0,5289
720575940618595894,0.0,5290
720575940616597977,0.0,5291
720575940623919287,0.0,5292
720575940627383569,0.0,5293
720575940613588246,0.0,5294
720575940608956373,0.0,5295
720575940617208354,0.0,5296
720575940631758393,0.0,5297
720575940604985888,0.0,5298
720575940616673366,0.0,5299
720575940623489002,0.0,5300
720575940630336634,0.0,5301
720575940610504750,0.0,5302
720575940614467751,0.0,5303
720575940622673860,0.0,5304
720575940620381575,0.0,5305
720575940621475610,0.0,5306
720575940622722659,0.0,5307
720575940631134738,0.0,5308
720575940628080369,0.0,5309
720575940629342458,0.0,5310
720575940611546794,0.0,5311
720575940618027803,0.0,5312
720575940610698052,0.0,5313
720575940613865110,0.0,5314
720575940620488539,0.0,5315
720575940630917623,0.0,5316
720575940608281412,0.0,5317
720575940635561335,0.0,5318
720575940625952186,0.0,5319
720575940624631788,0.0,5320
720575940612882355,0.0,5321
720575940630001884,0.0,5322
720575940631905080,0.0,5323
720575940615606489,0.0,5324
720575940612344490,0.0,5325
720575940611351514,0.0,5326
720575940628538703,0.0,5327
720575940629963068,0.0,5328
720575940628716926,0.0,5329
720575940624803511,0.0,5330
720575940629980972,0.0,5331
720575940622411760,0.0,5332
720575940635565816,0.0,5333
720575940608601865,0.0,5334
720575940619870622,0.0,5335
720575940625843262,0.0,5336
720575940618098459,0.0,5337
720575940625066388,0.0,5338
720575940614562867,0.0,5339
720575940619979387,0.0,5340
720575940631003723,0.0,5341
720575940622746150,0.0,5342
720575940618125893,0.0,5343
720575940622871540,0.0,5344
720575940634025111,0.0,5345
720575940622493949,0.0,5346
720575940631422776,0.0,5347
720575940608819780,0.0,5348
720575940622697496,0.0,5349
720575940635111449,0.0,5350
720575940609381897,0.0,5351
720575940621328508,0.0,5352
720575940620550705,0.0,5353
720575940615955910,0.0,5354
720575940631461674,0.0,5355
720575940660093313,0.0,5356
720575940625826352,0.0,5357
720575940622451273,0.0,5358
720575940608537027,0.0,5359
720575940628808186,0.0,5360
720575940610185221,0.0,5361
720575940609924306,0.0,5362
720575940625013175,0.0,5363
720575940628677114,0.0,5364
720575940619245648,0.0,5365
720575940629646974,0.0,5366
720575940635493044,0.0,5367
720575940623922869,0.0,5368
720575940606767806,0.0,5369
720575940612961686,0.0,5370
720575940632335129,0.0,5371
720575940608362418,0.0,5372
720575940626382473,0.0,5373
720575940617035521,0.0,5374
720575940616902374,0.0,5375
720575940624599444,0.0,5376
720575940622889997,0.0,5377
720575940628644855,0.0,5378
720575940625925458,0.0,5379
720575940613003889,0.0,5380
720575940622392790,0.0,5381
720575940604093984,0.0,5382
720575940632200749,0.0,5383
720575940624450035,0.0,5384
720575940611013785,0.0,5385
720575940653276833,0.0,5386
720575940622996360,0.0,5387
720575940608971221,0.0,5388
720575940624784115,0.0,5389
720575940615713478,0.0,5390
720575940619909461,0.0,5391
720575940618471261,0.0,5392
720575940610896338,0.0,5393
720575940605705406,0.0,5394
720575940631275601,0.0,5395
720575940615506242,0.0,5396
720575940623458262,0.0,5397
720575940618116693,0.0,5398
720575940654878113,0.0,5399
720575940626818250,0.0,5400
720575940634819167,0.0,5401
720575940623002373,0.0,5402
720575940626132030,0.0,5403
720575940640791155,0.0,5404
720575940614423038,0.0,5405
720575940622836237,0.0,5406
720575940613791528,0.0,5407
720575940617475284,0.0,5408
720575940612506595,0.0,5409
720575940613784386,0.0,5410
720575940659400577,0.0,5411
720575940632008877,0.0,5412
720575940625309882,0.0,5413
720575940621487088,0.0,5414
720575940638938712,0.0,5415
720575940625924618,0.0,5416
720575940629926159,0.0,5417
720575940644258327,0.0,5418
720575940621304325,0.0,5419
720575940622881805,0.0,5420
720575940652403446,0.0,5421
720575940633186771,0.0,5422
720575940616105302,0.0,5423
720575940622972365,0.0,5424
720575940613058802,0.0,5425
720575940621321412,0.0,5426
720575940613119459,0.0,5427
720575940623009549,0.0,5428
720575940622058364,0.0,5429
720575940613531295,0.0,5430
720575940624746510,0.0,5431
720575940616564829,0.0,5432
720575940627146186,0.0,5433
720575940611242609,0.0,5434
720575940620157307,0.0,5435
720575940624191181,0.0,5436
720575940616376891,0.0,5437
720575940617011579,0.0,5438
720575940638179699,0.0,5439
720575940620103590,0.0,5440
720575940630928715,0.0,5441
720575940642046453,0.0,5442
720575940627768409,0.0,5443
720575940612096370,0.0,5444
720575940635690670,0.0,5445
720575940639479366,0.0,5446
720575940608626697,0.0,5447
720575940618753445,0.0,5448
720575940625440100,0.0,5449
720575940620107399,0.0,5450
720575940626435330,0.0,5451
720575940627273226,0.0,5452
720575940632735033,0.0,5453
720575940621811482,0.0,5454
720575940632171857,0.0,5455
720575940627631125,0.0,5456
720575940616295541,0.0,5457
720575940615975474,0.0,5458
720575940630050391,0.0,5459
720575940620551021,0.0,5460
720575940615014184,0.0,5461
720575940631728431,0.0,5462
720575940630003195,0.0,5463
720575940604821950,0.0,5464
720575940618682782,0.0,5465
720575940620465904,0.0,5466
720575940616815005,0.0,5467
720575940619895329,0.0,5468
720575940626002575,0.0,5469
720575940624336647,0.0,5470
720575940627111752,0.0,5471
720575940621000831,0.0,5472
720575940614710509,0.0,5473
720575940610505006,0.0,5474
720575940637569870,0.0,5475
720575940616101789,0.0,5476
720575940623764967,0.0,5477
720575940624140424,0.0,5478
720575940611644529,0.0,5479
720575940640735629,0.0,5480
720575940615831947,0.0,5481
720575940659577217,0.0,5482
720575940621730175,0.0,5483
720575940607749077,0.0,5484
720575940625310014,0.0,5485
720575940617825949,0.0,5486
720575940625686458,0.0,5487
720575940626661501,0.0,5488
720575940625415178,0.0,5489
720575940619676224,0.0,5490
720575940628952579,0.0,5491
720575940630281319,0.0,5492
720575940631208466,0.0,5493
720575940615183071,0.0,5494
720575940609908270,0.0,5495
720575940605039788,0.0,5496
720575940625772688,0.0,5497
720575940646735156,0.0,5498
720575940638154805,0.0,5499
720575940620159070,0.0,5500
720575940623828999,0.0,5501
720575940615184863,0.0,5502
720575940621231966,0.0,5503
720575940637300708,0.0,5504
720575940617306717,0.0,5505
720575940617828893,0.0,5506
720575940628928771,0.0,5507
720575940645093230,0.0,5508
720575940621740833,0.0,5509
720575940610941906,0.0,5510
720575940623099085,0.0,5511
720575940652734625,0.0,5512
720575940615924037,0.0,5513
720575940612120026,0.0,5514
720575940610073412,0.0,5515
720575940606833794,0.0,5516
720575940638832035,0.0,5517
720575940615885766,0.0,5518
720575940630618711,0.0,5519
720575940623067686,0.0,5520
720575940637665626,0.0,5521
720575940632272721,0.0,5522
720575940606246334,0.0,5523
720575940620370158,0.0,5524
720575940617400550,0.0,5525
720575940628347910,0.0,5526
720575940632671827,0.0,5527
720575940620576609,0.0,5528
720575940639939712,0.0,5529
720575940616053810,0.0,5530
720575940622612957,0.0,5531
720575940617475028,0.0,5532
720575940627166225,0.0,5533
720575940612499609,0.0,5534
720575940633680098,0.0,5535
720575940624789125,0.0,5536
720575940620096065,0.0,5537
720575940635059551,0.0,5538
720575940625376329,0.0,5539
720575940614437886,0.0,5540
720575940624338068,0.0,5541
720575940608462684,0.0,5542
720575940631942341,0.0,5543
720575940640894709,0.0,5544
720575940625012301,0.0,5545
720575940639175869,0.0,5546
720575940620828165,0.0,5547
720575940644623396,0.0,5548
720575940633994391,0.0,5549
720575940617452689,0.0,5550
720575940614150567,0.0,5551
720575940632638803,0.0,5552
720575940608512046,0.0,5553
720575940631623020,0.0,5554
720575940631796803,0.0,5555
720575940618256833,0.0,5556
720575940621433641,0.0,5557
720575940631135488,0.0,5558
720575940621505883,0.0,5559
720575940627627029,0.0,5560
720575940633254370,0.0,5561
720575940624023539,0.0,5562
720575940613791399,0.0,5563
720575940631164476,0.0,5564
720575940640858019,0.0,5565
720575940634127456,0.0,5566
720575940621009840,0.0,5567
720575940631511436,0.0,5568
720575940622618867,0.0,5569
720575940616211013,0.0,5570
720575940628404227,0.0,5571
720575940631328738,0.0,5572
720575940610088883,0.0,5573
720575940654490785,0.0,5574
720575940624860362,0.0,5575
720575940631631564,0.0,5576
720575940615930299,0.0,5577
720575940628185538,0.0,5578
720575940631586924,0.0,5579
720575940626833994,0.0,5580
720575940640728179,0.0,5581
720575940623321638,0.0,5582
720575940616913822,0.0,5583
720575940626657802,0.0,5584
720575940621327798,0.0,5585
720575940628311370,0.0,5586
720575940628371441,0.0,5587
720575940616018326,0.0,5588
720575940605927904,0.0,5589
720575940617473748,0.0,5590
720575940623288467,0.0,5591
720575940660196225,0.0,5592
720575940618849841,0.0,5593
720575940635958639,0.0,5594
720575940638673478,0.0,5595
720575940637696858,0.0,5596
720575940637067888,0.0,5597
720575940622027527,0.0,5598
720575940632137636,0.0,5599
720575940623439996,0.0,5600
720575940631143213,0.0,5601
720575940613782796,0.0,5602
720575940618162773,0.0,5603
720575940628983963,0.0,5604
720575940625210969,0.0,5605
720575940631459385,0.0,5606
720575940625681681,0.0,5607
720575940649154681,0.0,5608
720575940632692051,0.0,5609
720575940627367189,0.0,5610
720575940640864675,0.0,5611
720575940610536494,0.0,5612
720575940614159010,0.0,5613
720575940628237705,0.0,5614
720575940619245016,0.0,5615
720575940639505792,0.0,5616
720575940609027523,0.0,5617
720575940635776101,0.0,5618
720575940618930737,0.0,5619
720575940616905787,0.0,5620
720575940610864338,0.0,5621
720575940620916939,0.0,5622
720575940618534977,0.0,5623
720575940628695056,0.0,5624
720575940625779075,0.0,5625
720575940626599420,0.0,5626
720575940630666234,0.0,5627
720575940630991500,0.0,5628
720575940607878601,0.0,5629
720575940623972533,0.0,5630
720575940626524056,0.0,5631
720575940630043756,0.0,5632
720575940626685962,0.0,5633
720575940630617386,0.0,5634
720575940619940693,0.0,5635
720575940633356881,0.0,5636
720575940617910017,0.0,5637
720575940634952299,0.0,5638
720575940614659690,0.0,5639
720575940619821392,0.0,5640
720575940645673508,0.0,5641
720575940616651193,0.0,5642
720575940624974266,0.0,5643
720575940616356281,0.0,5644
720575940620386742,0.0,5645
720575940634771892,0.0,5646
720575940636246446,0.0,5647
720575940620390848,0.0,5648
720575940615952221,0.0,5649
720575940623230698,0.0,5650
720575940618699037,0.0,5651
720575940614953565,0.0,5652
720575940620482182,0.0,5653
720575940633304913,0.0,5654
720575940630125884,0.0,5655
720575940614175742,0.0,5656
720575940627619057,0.0,5657
720575940613339688,0.0,5658
720575940635026330,0.0,5659
720575940615134091,0.0,5660
720575940629539628,0.0,5661
720575940614062503,0.0,5662
720575940628802069,0.0,5663
720575940639785379,0.0,5664
720575940629050234,0.0,5665
720575940611502309,0.0,5666
720575940621833054,0.0,5667
720575940624544748,0.0,5668
720575940637258842,0.0,5669
720575940637683086,0.0,5670
720575940628602471,0.0,5671
720575940628510480,0.0,5672
720575940629995319,0.0,5673
720575940616565109,0.0,5674
720575940622920074,0.0,5675
720575940623393038,0.0,5676
720575940609963248,0.0,5677
720575940628914692,0.0,5678
720575940639382691,0.0,5679
720575940616786833,0.0,5680
720575940612803094,0.0,5681
720575940637913158,0.0,5682
720575940649020537,0.0,5683
720575940624956348,0.0,5684
720575940630769962,0.0,5685
720575940626144680,0.0,5686
720575940630945335,0.0,5687
720575940617479202,0.0,5688
720575940630571052,0.0,5689
720575940608176452,0.0,5690
720575940614238114,0.0,5691
720575940617972253,0.0,5692
720575940638492349,0.0,5693
720575940637419120,0.0,5694
720575940618654016,0.0,5695
720575940626031493,0.0,5696
720575940631899223,0.0,5697
720575940626423171,0.0,5698
720575940661114753,0.0,5699
720575940633938349,0.0,5700
720575940611661541,0.0,5701
720575940634208151,0.0,5702
720575940620565313,0.0,5703
720575940605436262,0.0,5704
720575940618761250,0.0,5705
720575940628954112,0.0,5706
720575940640830453,0.0,5707
720575940615060290,0.0,5708
720575940605421442,0.0,5709
720575940633212441,0.0,5710
720575940616345686,0.0,5711
720575940627690246,0.0,5712
720575940618561403,0.0,5713
720575940635586912,0.0,5714
720575940636359275,0.0,5715
720575940632390731,0.0,5716
720575940612803606,0.0,5717
720575940622209404,0.0,5718
720575940621298270,0.0,5719
720575940634034839,0.0,5720
720575940608997571,0.0,5721
720575940638963363,0.0,5722
720575940614218346,0.0,5723
720575940622054497,0.0,5724
720575940626833304,0.0,5725
720575940623390186,0.0,5726
720575940621097855,0.0,5727
720575940623067114,0.0,5728
720575940621332150,0.0,5729
720575940630183286,0.0,5730
720575940660217473,0.0,5731
720575940619297073,0.0,5732
720575940615303391,0.0,5733
720575940606056905,0.0,5734
720575940631587129,0.0,5735
720575940621456127,0.0,5736
720575940625906088,0.0,5737
720575940628429626,0.0,5738
720575940628322780,0.0,5739
720575940615631321,0.0,5740
720575940627420668,0.0,5741
720575940616538944,0.0,5742
720575940611610737,0.0,5743
720575940623820787,0.0,5744
720575940617371732,0.0,5745
720575940608392796,0.0,5746
720575940623969717,0.0,5747
720575940620660207,0.0,5748
720575940625953317,0.0,5749
720575940631287912,0.0,5750
720575940630258391,0.0,5751
720575940618373701,0.0,5752
720575940646508852,0.0,5753
720575940610915026,0.0,5754
720575940608989909,0.0,5755
720575940608116316,0.0,5756
720575940617470932,0.0,5757
720575940615526466,0.0,5758
720575940640030592,0.0,5759
720575940622090316,0.0,5760
720575940629823563,0.0,5761
720575940610872014,0.0,5762
720575940626889491,0.0,5763
720575940627167516,0.0,5764
720575940622413948,0.0,5765
720575940631915863,0.0,5766
720575940635012238,0.0,5767
720575940629913538,0.0,5768
720575940615253215,0.0,5769
720575940613489617,0.0,5770
720575940632197930,0.0,5771
720575940623901447,0.0,5772
720575940627249480,0.0,5773
720575940644704160,0.0,5774
720575940654921121,0.0,5775
720575940606853250,0.0,5776
720575940639076954,0.0,5777
720575940623289087,0.0,5778
720575940621763475,0.0,5779
720575940658321793,0.0,5780
720575940641593051,0.0,5781
720575940631497078,0.0,5782
720575940628914436,0.0,5783
720575940622245953,0.0,5784
720575940632994970,0.0,5785
720575940613645541,0.0,5786
720575940616902630,0.0,5787
720575940623781965,0.0,5788
720575940614944977,0.0,5789
720575940621612159,0.0,5790
720575940620423104,0.0,5791
720575940623462328,0.0,5792
720575940632925409,0.0,5793
720575940630285563,0.0,5794
720575940641289435,0.0,5795
720575940628954344,0.0,5796
720575940620505435,0.0,5797
720575940617885643,0.0,5798
720575940618458513,0.0,5799
720575940628420264,0.0,5800
720575940628822248,0.0,5801
720575940625694857,0.0,5802
720575940638583869,0.0,5803
720575940621926536,0.0,5804
720575940613795880,0.0,5805
720575940626793305,0.0,5806
720575940612321266,0.0,5807
720575940626600067,0.0,5808
720575940631966545,0.0,5809
720575940627326229,0.0,5810
720575940628983887,0.0,5811
720575940614908758,0.0,5812
720575940606725833,0.0,5813
720575940631460394,0.0,5814
720575940604921446,0.0,5815
720575940620913773,0.0,5816
720575940616056114,0.0,5817
720575940615510338,0.0,5818
720575940613254627,0.0,5819
720575940616987097,0.0,5820
720575940612448997,0.0,5821
720575940634707607,0.0,5822
720575940642151565,0.0,5823
720575940630147127,0.0,5824
720575940630407308,0.0,5825
720575940639230692,0.0,5826
720575940636508517,0.0,5827
720575940627196691,0.0,5828
720575940611672785,0.0,5829
720575940637683790,0.0,5830
720575940623976521,0.0,5831
720575940610849742,0.0,5832
720575940624049661,0.0,5833
720575940626033838,0.0,5834
720575940626223633,0.0,5835
720575940615257942,0.0,5836
720575940615528251,0.0,5837
720575940633493660,0.0,5838
720575940630600775,0.0,5839
720575940620480751,0.0,5840
720575940614285930,0.0,5841
720575940655891617,0.0,5842
720575940605032550,0.0,5843
720575940619059102,0.0,5844
720575940615143563,0.0,5845
720575940625334424,0.0,5846
720575940634083479,0.0,5847
720575940631011328,0.0,5848
720575940625032171,0.0,5849
720575940607667723,0.0,5850
720575940614684822,0.0,5851
720575940611113109,0.0,5852
720575940624482452,0.0,5853
720575940614673826,0.0,5854
720575940605604030,0.0,5855
720575940628376586,0.0,5856
720575940630005147,0.0,5857
720575940631264083,0.0,5858
720575940611857066,0.0,5859
720575940626664553,0.0,5860
720575940631704716,0.0,5861
720575940608074370,0.0,5862
720575940631396675,0.0,5863
720575940616025906,0.0,5864
720575940608295032,0.0,5865
720575940634706035,0.0,5866
720575940643797408,0.0,5867
720575940639891288,0.0,5868
720575940640125312,0.0,5869
720575940613493485,0.0,5870
720575940612483498,0.0,5871
720575940622052641,0.0,5872
720575940622659847,0.0,5873
720575940627709583,0.0,5874
720575940615778610,0.0,5875
720575940612120794,0.0,5876
720575940615265843,0.0,5877
720575940626410392,0.0,5878
720575940639588184,0.0,5879
720575940615905931,0.0,5880
720575940617932189,0.0,5881
720575940614468007,0.0,5882
720575940632080268,0.0,5883
720575940627195748,0.0,5884
720575940621414900,0.0,5885
720575940619997342,0.0,5886
720575940627075977,0.0,5887
720575940618599478,0.0,5888
720575940631061559,0.0,5889
720575940615438495,0.0,5890
720575940606641538,0.0,5891
720575940625590053,0.0,5892
720575940630955205,0.0,5893
720575940630110263,0.0,5894
720575940636571534,0.0,5895
720575940639095229,0.0,5896
720575940632832301,0.0,5897
720575940634688151,0.0,5898
720575940620236052,0.0,5899
720575940617911041,0.0,5900
720575940627197459,0.0,5901
720575940621809755,0.0,5902
720575940625749904,0.0,5903
720575940637832937,0.0,5904
720575940639140329,0.0,5905
720575940622658317,0.0,5906
720575940625679408,0.0,5907
720575940621921285,0.0,5908
720575940605688608,0.0,5909
720575940659150977,0.0,5910
720575940630916650,0.0,5911
720575940652562081,0.0,5912
720575940605078560,0.0,5913
720575940621009023,0.0,5914
720575940619696731,0.0,5915
720575940615746316,0.0,5916
720575940630610042,0.0,5917
720575940641550811,0.0,5918
720575940618593600,0.0,5919
720575940638085695,0.0,5920
720575940612044750,0.0,5921
720575940625025207,0.0,5922
720575940627046693,0.0,5923
720575940611128782,0.0,5924
720575940624665068,0.0,5925
720575940610977941,0.0,5926
720575940639210072,0.0,5927
720575940613213165,0.0,5928
720575940647907124,0.0,5929
720575940625926693,0.0,5930
720575940624344328,0.0,5931
720575940616559477,0.0,5932
720575940621336873,0.0,5933
720575940637966938,0.0,5934
720575940624351273,0.0,5935
720575940621006945,0.0,5936
720575940611451598,0.0,5937
720575940612794134,0.0,5938
720575940629805950,0.0,5939
720575940637610566,0.0,5940
720575940634334675,0.0,5941
720575940624309739,0.0,5942
720575940608235529,0.0,5943
720575940614374034,0.0,5944
720575940617977684,0.0,5945
720575940613022367,0.0,5946
720575940608932803,0.0,5947
720575940635054687,0.0,5948
720575940629892311,0.0,5949
720575940619896656,0.0,5950
720575940634231653,0.0,5951
720575940623925577,0.0,5952
720575940635549620,0.0,5953
720575940624694798,0.0,5954
720575940605396926,0.0,5955
720575940645221742,0.0,5956
720575940628217899,0.0,5957
720575940622619332,0.0,5958
720575940626961694,0.0,5959
720575940627069321,0.0,5960
720575940617394781,0.0,5961
720575940625898121,0.0,5962
720575940605702590,0.0,5963
720575940622930456,0.0,5964
720575940639915096,0.0,5965
720575940632271697,0.0,5966
720575940617540509,0.0,5967
720575940620454790,0.0,5968
720575940620382400,0.0,5969
720575940628123535,0.0,5970
720575940636481637,0.0,5971
720575940604762028,0.0,5972
720575940625457712,0.0,5973
720575940624100681,0.0,5974
720575940625107127,0.0,5975
720575940634194783,0.0,5976
720575940627237651,0.0,5977
720575940620523947,0.0,5978
720575940620817261,0.0,5979
720575940633040813,0.0,5980
720575940617390429,0.0,5981
720575940611498389,0.0,5982
720575940626608712,0.0,5983
720575940639204661,0.0,5984
720575940612532121,0.0,5985
720575940637664357,0.0,5986
720575940633128673,0.0,5987
720575940636077919,0.0,5988
720575940632753619,0.0,5989
720575940639751376,0.0,5990
720575940624449318,0.0,5991
720575940612331250,0.0,5992
720575940622201046,0.0,5993
720575940636838256,0.0,5994
720575940610769506,0.0,5995
720575940612260323,0.0,5996
720575940608978115,0.0,5997
720575940626416205,0.0,5998
720575940633107607,0.0,5999
720575940630281580,0.0,6000
720575940636998463,0.0,6001
720575940614866235,0.0,6002
720575940625825538,0.0,6003
720575940604589856,0.0,6004
720575940632510163,0.0,6005
720575940603870688,0.0,6006
720575940623334837,0.0,6007
720575940614258082,0.0,6008
720575940621368685,0.0,6009
720575940616322397,0.0,6010
720575940629265602,0.0,6011
720575940623137930,0.0,6012
720575940633446943,0.0,6013
720575940626480124,0.0,6014
720575940620614571,0.0,6015
720575940620255092,0.0,6016
720575940613502435,0.0,6017
720575940628086607,0.0,6018
720575940612031986,0.0,6019
720575940622733133,0.0,6020
720575940650480374,0.0,6021
720575940638639174,0.0,6022
720575940619445451,0.0,6023
720575940618582592,0.0,6024
720575940623237161,0.0,6025
720575940610766456,0.0,6026
720575940630169660,0.0,6027
720575940631659461,0.0,6028
720575940620846027,0.0,6029
720575940646043683,0.0,6030
720575940631494687,0.0,6031
720575940616463477,0.0,6032
720575940631003151,0.0,6033
720575940631305004,0.0,6034
720575940622457443,0.0,6035
720575940651758838,0.0,6036
720575940631907159,0.0,6037
720575940630251791,0.0,6038
720575940624079821,0.0,6039
720575940639892413,0.0,6040
720575940614113682,0.0,6041
720575940637602650,0.0,6042
720575940620311718,0.0,6043
720575940638775118,0.0,6044
720575940623302669,0.0,6045
720575940616900130,0.0,6046
720575940637461082,0.0,6047
720575940614717452,0.0,6048
720575940627202058,0.0,6049
720575940632835688,0.0,6050
720575940631467050,0.0,6051
720575940614943126,0.0,6052
720575940620569953,0.0,6053
720575940625133145,0.0,6054
720575940630913221,0.0,6055
720575940611373262,0.0,6056
720575940621712990,0.0,6057
720575940639624307,0.0,6058
720575940631101548,0.0,6059
720575940633614818,0.0,6060
720575940621370484,0.0,6061
720575940607894985,0.0,6062
720575940615405718,0.0,6063
720575940619258417,0.0,6064
720575940631429165,0.0,6065
720575940630950351,0.0,6066
720575940633735063,0.0,6067
720575940605007276,0.0,6068
720575940623309862,0.0,6069
720575940623528595,0.0,6070
720575940620044935,0.0,6071
720575940631182354,0.0,6072
720575940644629028,0.0,6073
720575940621424549,0.0,6074
720575940652477942,0.0,6075
720575940621037296,0.0,6076
720575940633156377,0.0,6077
720575940615249314,0.0,6078
720575940621383077,0.0,6079
720575940627197971,0.0,6080
720575940606548914,0.0,6081
720575940634915691,0.0,6082
720575940633293025,0.0,6083
720575940615537041,0.0,6084
720575940623764007,0.0,6085
720575940627779983,0.0,6086
720575940624201033,0.0,6087
720575940638212166,0.0,6088
720575940612468594,0.0,6089
720575940611867629,0.0,6090
720575940619937872,0.0,6091
720575940638055487,0.0,6092
720575940612945266,0.0,6093
720575940627728009,0.0,6094
720575940619403841,0.0,6095
720575940611413733,0.0,6096
720575940630317942,0.0,6097
720575940612403685,0.0,6098
720575940628868907,0.0,6099
720575940619548209,0.0,6100
720575940620533339,0.0,6101
720575940614998270,0.0,6102
720575940611012962,0.0,6103
720575940635961711,0.0,6104
720575940626180452,0.0,6105
720575940618551481,0.0,6106
720575940638432053,0.0,6107
720575940631248711,0.0,6108
720575940613212141,0.0,6109
720575940634708887,0.0,6110
720575940644846615,0.0,6111
720575940638612294,0.0,6112
720575940618509878,0.0,6113
720575940620472454,0.0,6114
720575940634792884,0.0,6115
720575940619992997,0.0,6116
720575940614662517,0.0,6117
720575940631877688,0.0,6118
720575940619953172,0.0,6119
720575940604274534,0.0,6120
720575940629999148,0.0,6121
720575940615503938,0.0,6122
720575940607128412,0.0,6123
720575940625760318,0.0,6124
720575940627103802,0.0,6125
720575940638022515,0.0,6126
720575940634809455,0.0,6127
720575940631160972,0.0,6128
720575940641592795,0.0,6129
720575940626043218,0.0,6130
720575940630282297,0.0,6131
720575940627890231,0.0,6132
720575940615859423,0.0,6133
720575940627368250,0.0,6134
720575940617213652,0.0,6135
720575940625494792,0.0,6136
720575940630697979,0.0,6137
720575940637524021,0.0,6138
720575940625584484,0.0,6139
720575940646142004,0.0,6140
720575940630592031,0.0,6141
720575940627214235,0.0,6142
720575940616093746,0.0,6143
720575940621441494,0.0,6144
720575940618217280,0.0,6145
720575940619547953,0.0,6146
720575940618779294,0.0,6147
720575940614204414,0.0,6148
720575940622354312,0.0,6149
720575940646852660,0.0,6150
720575940639194165,0.0,6151
720575940615455318,0.0,6152
720575940627203461,0.0,6153
720575940639135933,0.0,6154
720575940622081818,0.0,6155
720575940621226405,0.0,6156
720575940627713813,0.0,6157
720575940618715550,0.0,6158
720575940625212965,0.0,6159
720575940617291993,0.0,6160
720575940611745429,0.0,6161
720575940624409444,0.0,6162
720575940612498073,0.0,6163
720575940623568093,0.0,6164
720575940636507493,0.0,6165
720575940638670397,0.0,6166
720575940620245268,0.0,6167
720575940633953948,0.0,6168
720575940616055858,0.0,6169
720575940615438402,0.0,6170
720575940616469365,0.0,6171
720575940615886534,0.0,6172
720575940626587779,0.0,6173
720575940624292843,0.0,6174
720575940628515331,0.0,6175
720575940626778008,0.0,6176
720575940624770791,0.0,6177
720575940642015477,0.0,6178
720575940623209703,0.0,6179
720575940631633401,0.0,6180
720575940625642517,0.0,6181
720575940648633988,0.0,6182
720575940637449023,0.0,6183
720575940622675494,0.0,6184
720575940611352014,0.0,6185
720575940615708482,0.0,6186
720575940623955637,0.0,6187
720575940616579257,0.0,6188
720575940613762466,0.0,6189
720575940644743790,0.0,6190
720575940618875819,0.0,6191
720575940618552443,0.0,6192
720575940623289578,0.0,6193
720575940621753377,0.0,6194
720575940629594106,0.0,6195
720575940623113752,0.0,6196
720575940632013387,0.0,6197
720575940628533036,0.0,6198
720575940617280985,0.0,6199
720575940624358152,0.0,6200
720575940643651784,0.0,6201
720575940636551086,0.0,6202
720575940608524483,0.0,6203
720575940630281687,0.0,6204
720575940607896265,0.0,6205
720575940611514261,0.0,6206
720575940613655483,0.0,6207
720575940623792648,0.0,6208
720575940624435128,0.0,6209
720575940623916071,0.0,6210
720575940635838606,0.0,6211
720575940613203119,0.0,6212
720575940622448166,0.0,6213
720575940612347571,0.0,6214
720575940621817046,0.0,6215
720575940627271230,0.0,6216
720575940631858373,0.0,6217
720575940628059978,0.0,6218
720575940633059381,0.0,6219
720575940612637554,0.0,6220
720575940631469964,0.0,6221
720575940622793310,0.0,6222
720575940626342174,0.0,6223
720575940632913461,0.0,6224
720575940621316033,0.0,6225
720575940635934143,0.0,6226
720575940630340474,0.0,6227
720575940638664014,0.0,6228
720575940625585508,0.0,6229
720575940625022270,0.0,6230
720575940626682682,0.0,6231
720575940635066975,0.0,6232
720575940622338742,0.0,6233
720575940645372964,0.0,6234
720575940623476661,0.0,6235
720575940610161091,0.0,6236
720575940623362380,0.0,6237
720575940646661252,0.0,6238
720575940617769217,0.0,6239
720575940630217086,0.0,6240
720575940605171121,0.0,6241
720575940622771082,0.0,6242
720575940648276089,0.0,6243
720575940621585279,0.0,6244
720575940624941244,0.0,6245
720575940620232875,0.0,6246
720575940621011376,0.0,6247
720575940622236365,0.0,6248
720575940617607451,0.0,6249
720575940638824245,0.0,6250
720575940617413957,0.0,6251
720575940648564612,0.0,6252
720575940612430821,0.0,6253
720575940622118241,0.0,6254
720575940645670020,0.0,6255
720575940614595218,0.0,6256
720575940620324079,0.0,6257
720575940631347242,0.0,6258
720575940634707863,0.0,6259
720575940640942837,0.0,6260
720575940620919905,0.0,6261
720575940642142861,0.0,6262
720575940621030320,0.0,6263
720575940633580280,0.0,6264
720575940628056380,0.0,6265
720575940630599161,0.0,6266
720575940619911509,0.0,6267
720575940630622250,0.0,6268
720575940629836343,0.0,6269
720575940620528475,0.0,6270
720575940613253091,0.0,6271
720575940629496002,0.0,6272
720575940629792732,0.0,6273
720575940616760459,0.0,6274
720575940609496585,0.0,6275
720575940616197819,0.0,6276
720575940608461251,0.0,6277
720575940624832743,0.0,6278
720575940635055455,0.0,6279
720575940612785174,0.0,6280
720575940617462228,0.0,6281
720575940612202419,0.0,6282
720575940640541091,0.0,6283
720575940614463911,0.0,6284
720575940632371737,0.0,6285
720575940619695809,0.0,6286
720575940617629270,0.0,6287
720575940639056061,0.0,6288
720575940623897613,0.0,6289
720575940616569227,0.0,6290
720575940605883569,0.0,6291
720575940621763767,0.0,6292
720575940633587148,0.0,6293
720575940631603281,0.0,6294
720575940620719064,0.0,6295
720575940615876294,0.0,6296
720575940622812808,0.0,6297
720575940627712399,0.0,6298
720575940622096589,0.0,6299
720575940618112310,0.0,6300
720575940609903077,0.0,6301
720575940632389028,0.0,6302
720575940613815830,0.0,6303
720575940620981158,0.0,6304
720575940644150819,0.0,6305
720575940610427512,0.0,6306
720575940632378788,0.0,6307
720575940627286794,0.0,6308
720575940639692605,0.0,6309
720575940624187133,0.0,6310
720575940631232786,0.0,6311
720575940618259766,0.0,6312
720575940604714208,0.0,6313
720575940632829485,0.0,6314
720575940626965258,0.0,6315
720575940630895055,0.0,6316
720575940617296601,0.0,6317
720575940620476075,0.0,6318
720575940641632653,0.0,6319
720575940630927823,0.0,6320
720575940617279517,0.0,6321
720575940625056509,0.0,6322
720575940614281578,0.0,6323
720575940620462686,0.0,6324
720575940621372630,0.0,6325
720575940627080079,0.0,6326
720575940621926669,0.0,6327
720575940612049459,0.0,6328
720575940620233307,0.0,6329
720575940622811400,0.0,6330
720575940628447491,0.0,6331
720575940628862507,0.0,6332
720575940624450342,0.0,6333
720575940623567082,0.0,6334
720575940630367196,0.0,6335
720575940654810017,0.0,6336
720575940623253994,0.0,6337
720575940615021418,0.0,6338
720575940616309563,0.0,6339
720575940605391136,0.0,6340
720575940635731063,0.0,6341
720575940624166141,0.0,6342
720575940615792946,0.0,6343
720575940627605779,0.0,6344
720575940636306789,0.0,6345
720575940609378424,0.0,6346
720575940615465531,0.0,6347
720575940622428167,0.0,6348
720575940611519667,0.0,6349
720575940637694517,0.0,6350
720575940620451056,0.0,6351
720575940624274249,0.0,6352
720575940620510640,0.0,6353
720575940623011622,0.0,6354
720575940633067807,0.0,6355
720575940621988684,0.0,6356
720575940605877728,0.0,6357
720575940632350668,0.0,6358
720575940646412323,0.0,6359
720575940613233891,0.0,6360
720575940629131772,0.0,6361
720575940627693845,0.0,6362
720575940628839419,0.0,6363
720575940617208098,0.0,6364
720575940625828752,0.0,6365
720575940621222900,0.0,6366
720575940612509337,0.0,6367
720575940619253809,0.0,6368
720575940641323405,0.0,6369
720575940632697005,0.0,6370
720575940626854025,0.0,6371
720575940631953619,0.0,6372
720575940621880831,0.0,6373
720575940630520059,0.0,6374
720575940608886741,0.0,6375
720575940643041646,0.0,6376
720575940616502133,0.0,6377
720575940626607930,0.0,6378
720575940629397763,0.0,6379
720575940614483879,0.0,6380
720575940622227213,0.0,6381
720575940622105377,0.0,6382
720575940629798082,0.0,6383
720575940637688292,0.0,6384
720575940623991956,0.0,6385
720575940613898449,0.0,6386
720575940622647501,0.0,6387
720575940619010251,0.0,6388
720575940623137997,0.0,6389
720575940621542747,0.0,6390
720575940616908177,0.0,6391
720575940620847086,0.0,6392
720575940660217729,0.0,6393
720575940618149686,0.0,6394
720575940616483414,0.0,6395
720575940634663319,0.0,6396
720575940628301642,0.0,6397
720575940626881991,0.0,6398
720575940617502977,0.0,6399
720575940629528827,0.0,6400
720575940619531654,0.0,6401
720575940615770369,0.0,6402
720575940620020534,0.0,6403
720575940637711686,0.0,6404
720575940629139834,0.0,6405
720575940625559908,0.0,6406
720575940635540671,0.0,6407
720575940630020345,0.0,6408
720575940620661168,0.0,6409
720575940620514651,0.0,6410
720575940636526308,0.0,6411
720575940624186185,0.0,6412
720575940614116049,0.0,6413
720575940632417554,0.0,6414
720575940630084352,0.0,6415
720575940627822340,0.0,6416
720575940640855715,0.0,6417
720575940624602701,0.0,6418
720575940631771971,0.0,6419
720575940628349169,0.0,6420
720575940615073587,0.0,6421
720575940612992479,0.0,6422
720575940632007983,0.0,6423
720575940610408643,0.0,6424
720575940608376132,0.0,6425
720575940622745834,0.0,6426
720575940642478024,0.0,6427
720575940624699981,0.0,6428
720575940625732042,0.0,6429
720575940627449243,0.0,6430
720575940614553767,0.0,6431
720575940634721761,0.0,6432
720575940640932003,0.0,6433
720575940619112102,0.0,6434
720575940617795073,0.0,6435
720575940631792440,0.0,6436
720575940638691200,0.0,6437
720575940623461134,0.0,6438
720575940626793502,0.0,6439
720575940620779841,0.0,6440
720575940638496896,0.0,6441
720575940619709899,0.0,6442
720575940617853524,0.0,6443
720575940624773646,0.0,6444
720575940603317216,0.0,6445
720575940629072999,0.0,6446
720575940627429909,0.0,6447
720575940629529088,0.0,6448
720575940614824095,0.0,6449
720575940614549906,0.0,6450
720575940619696660,0.0,6451
720575940625781029,0.0,6452
720575940616788409,0.0,6453
720575940645714723,0.0,6454
720575940629633406,0.0,6455
720575940645682211,0.0,6456
720575940617825344,0.0,6457
720575940620196336,0.0,6458
720575940638096959,0.0,6459
720575940632342611,0.0,6460
720575940604493024,0.0,6461
720575940629706618,0.0,6462
720575940629163931,0.0,6463
720575940619545905,0.0,6464
720575940630193628,0.0,6465
720575940632189255,0.0,6466
720575940627802618,0.0,6467
720575940612327410,0.0,6468
720575940617120697,0.0,6469
720575940621922654,0.0,6470
720575940627680021,0.0,6471
720575940615858644,0.0,6472
720575940627196435,0.0,6473
720575940616805179,0.0,6474
720575940633599201,0.0,6475
720575940611476686,0.0,6476
720575940624019893,0.0,6477
720575940615503170,0.0,6478
720575940628787528,0.0,6479
720575940624794611,0.0,6480
720575940608344412,0.0,6481
720575940618385620,0.0,6482
720575940632099212,0.0,6483
720575940637999076,0.0,6484
720575940623209727,0.0,6485
720575940623928163,0.0,6486
720575940617470164,0.0,6487
720575940614719122,0.0,6488
720575940616525429,0.0,6489
720575940610921642,0.0,6490
720575940629029370,0.0,6491
720575940631666243,0.0,6492
720575940639859840,0.0,6493
720575940634141024,0.0,6494
720575940625516436,0.0,6495
720575940631036687,0.0,6496
720575940645709335,0.0,6497
720575940641361104,0.0,6498
720575940617534235,0.0,6499
720575940628708460,0.0,6500
720575940631687844,0.0,6501
720575940637255221,0.0,6502
720575940625631280,0.0,6503
720575940638993853,0.0,6504
720575940632928173,0.0,6505
720575940620717551,0.0,6506
720575940619917653,0.0,6507
720575940612429994,0.0,6508
720575940629601810,0.0,6509
720575940611728563,0.0,6510
720575940617456614,0.0,6511
720575940611208817,0.0,6512
720575940637395945,0.0,6513
720575940624699918,0.0,6514
720575940644742048,0.0,6515
720575940620759105,0.0,6516
720575940617792596,0.0,6517
720575940611053029,0.0,6518
720575940624886812,0.0,6519
720575940629676495,0.0,6520
720575940611284174,0.0,6521
720575940615713292,0.0,6522
720575940628554999,0.0,6523
720575940643623328,0.0,6524
720575940637822323,0.0,6525
720575940616368245,0.0,6526
720575940618830459,0.0,6527
720575940606947970,0.0,6528
720575940620058350,0.0,6529
720575940619421505,0.0,6530
720575940628829148,0.0,6531
720575940628901246,0.0,6532
720575940647242116,0.0,6533
720575940604991264,0.0,6534
720575940622882829,0.0,6535
720575940614784918,0.0,6536
720575940637964772,0.0,6537
720575940630987091,0.0,6538
720575940624922256,0.0,6539
720575940622245708,0.0,6540
720575940627252267,0.0,6541
720575940625860026,0.0,6542
720575940617567390,0.0,6543
720575940625902282,0.0,6544
720575940613743023,0.0,6545
720575940640923381,0.0,6546
720575940631154380,0.0,6547
720575940628843931,0.0,6548
720575940620342768,0.0,6549
720575940639071797,0.0,6550
720575940617480934,0.0,6551
720575940614180714,0.0,6552
720575940633569215,0.0,6553
720575940612185586,0.0,6554
720575940623423049,0.0,6555
720575940626579075,0.0,6556
720575940631937042,0.0,6557
720575940632091300,0.0,6558
720575940623356651,0.0,6559
720575940626567178,0.0,6560
720575940620555013,0.0,6561
720575940629908540,0.0,6562
720575940620032123,0.0,6563
720575940632059193,0.0,6564
720575940618308987,0.0,6565
720575940614314399,0.0,6566
720575940605007206,0.0,6567
720575940644597540,0.0,6568
720575940643882184,0.0,6569
720575940630933827,0.0,6570
720575940614952415,0.0,6571
720575940624155672,0.0,6572
720575940629494010,0.0,6573
720575940626022586,0.0,6574
720575940631243279,0.0,6575
720575940636524133,0.0,6576
720575940622915864,0.0,6577
720575940621885957,0.0,6578
720575940627575569,0.0,6579
720575940613257187,0.0,6580
720575940631880505,0.0,6581
720575940630093051,0.0,6582
720575940618358597,0.0,6583
720575940622462173,0.0,6584
720575940627638037,0.0,6585
720575940634962879,0.0,6586
720575940622229005,0.0,6587
720575940624335367,0.0,6588
720575940636348152,0.0,6589
720575940645316643,0.0,6590
720575940627486485,0.0,6591
720575940635128089,0.0,6592
720575940631056184,0.0,6593
720575940630566487,0.0,6594
720575940628955006,0.0,6595
720575940626694163,0.0,6596
720575940606664894,0.0,6597
720575940613207471,0.0,6598
720575940623557373,0.0,6599
720575940622203350,0.0,6600
720575940621012289,0.0,6601
720575940622971283,0.0,6602
720575940631603256,0.0,6603
720575940621033808,0.0,6604
720575940635517876,0.0,6605
720575940628358675,0.0,6606
720575940625049527,0.0,6607
720575940627221011,0.0,6608
720575940622600319,0.0,6609
720575940628697538,0.0,6610
720575940611794138,0.0,6611
720575940612551594,0.0,6612
720575940626003130,0.0,6613
720575940618447965,0.0,6614
720575940616762585,0.0,6615
720575940612700847,0.0,6616
720575940622091546,0.0,6617
720575940631975884,0.0,6618
720575940605312945,0.0,6619
720575940615846237,0.0,6620
720575940608285570,0.0,6621
720575940619930021,0.0,6622
720575940632437412,0.0,6623
720575940624250160,0.0,6624
720575940628847867,0.0,6625
720575940623117448,0.0,6626
720575940641606541,0.0,6627
720575940637592666,0.0,6628
720575940621761057,0.0,6629
720575940620639982,0.0,6630
720575940630607212,0.0,6631
720575940623398397,0.0,6632
720575940634988991,0.0,6633
720575940623291647,0.0,6634
720575940659879041,0.0,6635
720575940612920434,0.0,6636
720575940638391384,0.0,6637
720575940628837124,0.0,6638
720575940609269001,0.0,6639
720575940631840568,0.0,6640
720575940623539719,0.0,6641
720575940629884715,0.0,6642
720575940627598760,0.0,6643
720575940650946681,0.0,6644
720575940624666604,0.0,6645
720575940635022527,0.0,6646
720575940628419825,0.0,6647
720575940643804832,0.0,6648
720575940607195826,0.0,6649
720575940617470137,0.0,6650
720575940633755828,0.0,6651
720575940635361454,0.0,6652
720575940632198442,0.0,6653
720575940603871404,0.0,6654
720575940611637418,0.0,6655
720575940627660968,0.0,6656
720575940633146961,0.0,6657
720575940614486439,0.0,6658
720575940612006257,0.0,6659
720575940612099053,0.0,6660
720575940629268986,0.0,6661
720575940629044891,0.0,6662
720575940611592154,0.0,6663
720575940632375891,0.0,6664
720575940629295916,0.0,6665
720575940626283838,0.0,6666
720575940624953276,0.0,6667
720575940632433572,0.0,6668
720575940635157355,0.0,6669
720575940631792184,0.0,6670
720575940613003669,0.0,6671
720575940638113001,0.0,6672
720575940611111317,0.0,6673
720575940621236596,0.0,6674
720575940611615986,0.0,6675
720575940624811499,0.0,6676
720575940648993145,0.0,6677
720575940628920987,0.0,6678
720575940632826925,0.0,6679
720575940626745193,0.0,6680
720575940639903165,0.0,6681
720575940610397619,0.0,6682
720575940629508726,0.0,6683
720575940626083850,0.0,6684
720575940627784442,0.0,6685
720575940637624165,0.0,6686
720575940634707807,0.0,6687
720575940632741728,0.0,6688
720575940614694517,0.0,6689
720575940636490158,0.0,6690
720575940619675456,0.0,6691
720575940611086286,0.0,6692
720575940612935317,0.0,6693
720575940631719417,0.0,6694
720575940612598499,0.0,6695
720575940638078527,0.0,6696
720575940616551029,0.0,6697
720575940640945115,0.0,6698
720575940612987541,0.0,6699
720575940628514647,0.0,6700
720575940632151889,0.0,6701
720575940618755494,0.0,6702
720575940623784428,0.0,6703
720575940642134216,0.0,6704
720575940610258552,0.0,6705
720575940621246068,0.0,6706
720575940631632012,0.0,6707
720575940644978711,0.0,6708
720575940629766266,0.0,6709
720575940627186600,0.0,6710
720575940616199071,0.0,6711
720575940616622731,0.0,6712
720575940629894716,0.0,6713
720575940636633998,0.0,6714
720575940622565590,0.0,6715
720575940625790352,0.0,6716
720575940625951946,0.0,6717
720575940616925597,0.0,6718
720575940635325551,0.0,6719
720575940620749807,0.0,6720
720575940611611285,0.0,6721
720575940627172100,0.0,6722
720575940630926863,0.0,6723
720575940621088438,0.0,6724
720575940619798381,0.0,6725
720575940619759041,0.0,6726
720575940620781446,0.0,6727
720575940625237891,0.0,6728
720575940658726785,0.0,6729
720575940659316609,0.0,6730
720575940639328128,0.0,6731
720575940649650041,0.0,6732
720575940649682809,0.0,6733
720575940636256319,0.0,6734
720575940608987349,0.0,6735
720575940617062706,0.0,6736
720575940607425604,0.0,6737
720575940621371252,0.0,6738
720575940621010804,0.0,6739
720575940638410611,0.0,6740
720575940625368976,0.0,6741
720575940608215817,0.0,6742
720575940629137148,0.0,6743
720575940620193752,0.0,6744
720575940612586211,0.0,6745
720575940637477439,0.0,6746
720575940617340646,0.0,6747
720575940625586122,0.0,6748
720575940644750116,0.0,6749
720575940637296356,0.0,6750
720575940629495046,0.0,6751
720575940614741485,0.0,6752
720575940635116127,0.0,6753
720575940635958895,0.0,6754
720575940620112007,0.0,6755
720575940624537284,0.0,6756
720575940625242129,0.0,6757
720575940625393466,0.0,6758
720575940602977248,0.0,6759
720575940631181842,0.0,6760
720575940629048567,0.0,6761
720575940611469006,0.0,6762
720575940621764596,0.0,6763
720575940613397362,0.0,6764
720575940620221716,0.0,6765
720575940622977577,0.0,6766
720575940629044862,0.0,6767
720575940610565070,0.0,6768
720575940636299895,0.0,6769
720575940612439761,0.0,6770
720575940620123015,0.0,6771
720575940625606916,0.0,6772
720575940625870640,0.0,6773
720575940634697573,0.0,6774
720575940610601881,0.0,6775
720575940627711631,0.0,6776
720575940635498394,0.0,6777
720575940624701513,0.0,6778
720575940629749559,0.0,6779
720575940629432124,0.0,6780
720575940647978804,0.0,6781
720575940628219692,0.0,6782
720575940626122535,0.0,6783
720575940643129124,0.0,6784
720575940623688119,0.0,6785
720575940603676448,0.0,6786
720575940613863731,0.0,6787
720575940619896581,0.0,6788
720575940629421159,0.0,6789
720575940629688375,0.0,6790
720575940618648955,0.0,6791
720575940618229051,0.0,6792
720575940632713759,0.0,6793
720575940619238465,0.0,6794
720575940631119468,0.0,6795
720575940611773138,0.0,6796
720575940627716168,0.0,6797
720575940610469986,0.0,6798
720575940621804159,0.0,6799
720575940625532689,0.0,6800
720575940624549646,0.0,6801
720575940622878477,0.0,6802
720575940624915435,0.0,6803
720575940608765141,0.0,6804
720575940622930200,0.0,6805
720575940607641557,0.0,6806
720575940609935310,0.0,6807
720575940634643391,0.0,6808
720575940633593804,0.0,6809
720575940615112646,0.0,6810
720575940624713660,0.0,6811
720575940624549820,0.0,6812
720575940624091061,0.0,6813
720575940622961802,0.0,6814
720575940632463464,0.0,6815
720575940606756785,0.0,6816
720575940621174704,0.0,6817
720575940628635751,0.0,6818
720575940630950144,0.0,6819
720575940633921453,0.0,6820
720575940629226044,0.0,6821
720575940632571583,0.0,6822
720575940654499745,0.0,6823
720575940617865117,0.0,6824
720575940624154648,0.0,6825
720575940625543626,0.0,6826
720575940639368782,0.0,6827
720575940622565069,0.0,6828
720575940623180457,0.0,6829
720575940632799789,0.0,6830
720575940632916961,0.0,6831
720575940604398816,0.0,6832
720575940619904877,0.0,6833
720575940620128391,0.0,6834
720575940623781611,0.0,6835
720575940638080233,0.0,6836
720575940624781555,0.0,6837
720575940636231525,0.0,6838
720575940613338690,0.0,6839
720575940621749375,0.0,6840
720575940618953126,0.0,6841
720575940621052031,0.0,6842
720575940631992391,0.0,6843
720575940628318193,0.0,6844
720575940632582829,0.0,6845
720575940628319546,0.0,6846
720575940631314908,0.0,6847
720575940617290043,0.0,6848
720575940633941293,0.0,6849
720575940613670893,0.0,6850
720575940634354367,0.0,6851
720575940612727665,0.0,6852
720575940632539788,0.0,6853
720575940631207388,0.0,6854
720575940629589292,0.0,6855
720575940618428830,0.0,6856
720575940625879537,0.0,6857
720575940614522847,0.0,6858
720575940623526985,0.0,6859
720575940631618920,0.0,6860
720575940621612765,0.0,6861
720575940634776218,0.0,6862
720575940646785924,0.0,6863
720575940611845034,0.0,6864
720575940624069012,0.0,6865
720575940617963480,0.0,6866
720575940626009852,0.0,6867
720575940629548794,0.0,6868
720575940607011458,0.0,6869
720575940624311787,0.0,6870
720575940622820243,0.0,6871
720575940640503949,0.0,6872
720575940616026262,0.0,6873
720575940613889711,0.0,6874
720575940635157867,0.0,6875
720575940640745424,0.0,6876
720575940614549650,0.0,6877
720575940624166680,0.0,6878
720575940611988946,0.0,6879
720575940617160251,0.0,6880
720575940629396858,0.0,6881
720575940633026989,0.0,6882
720575940614328994,0.0,6883
720575940641562587,0.0,6884
720575940631120696,0.0,6885
720575940637599204,0.0,6886
720575940632898204,0.0,6887
720575940637277766,0.0,6888
720575940626778264,0.0,6889
720575940624043784,0.0,6890
720575940627517186,0.0,6891
720575940627677017,0.0,6892
720575940628678991,0.0,6893
720575940614396778,0.0,6894
720575940626451088,0.0,6895
720575940626497286,0.0,6896
720575940631518776,0.0,6897
720575940626508346,0.0,6898
720575940637145828,0.0,6899
720575940627372346,0.0,6900
720575940624793272,0.0,6901
720575940624737464,0.0,6902
720575940630818242,0.0,6903
720575940630523151,0.0,6904
720575940613772194,0.0,6905
720575940643814816,0.0,6906
720575940630282199,0.0,6907
720575940627121436,0.0,6908
720575940617498324,0.0,6909
720575940627951336,0.0,6910
720575940632407635,0.0,6911
720575940636531118,0.0,6912
720575940622176648,0.0,6913
720575940626133532,0.0,6914
720575940605520062,0.0,6915
720575940632817709,0.0,6916
720575940621359988,0.0,6917
720575940620590831,0.0,6918
720575940606746214,0.0,6919
720575940623403900,0.0,6920
720575940629559034,0.0,6921
720575940608845781,0.0,6922
720575940621655723,0.0,6923
720575940620815213,0.0,6924
720575940615497099,0.0,6925
720575940630667770,0.0,6926
720575940630233559,0.0,6927
720575940620861549,0.0,6928
720575940615429791,0.0,6929
720575940652335094,0.0,6930
720575940610308757,0.0,6931
720575940618469725,0.0,6932
720575940631761183,0.0,6933
720575940636426126,0.0,6934
720575940640468725,0.0,6935
720575940643417879,0.0,6936
720575940616748827,0.0,6937
720575940626468629,0.0,6938
720575940638161725,0.0,6939
720575940641773472,0.0,6940
720575940630644281,0.0,6941
720575940622311704,0.0,6942
720575940620113054,0.0,6943
720575940622358604,0.0,6944
720575940617093938,0.0,6945
720575940628186667,0.0,6946
720575940633741229,0.0,6947
720575940631201311,0.0,6948
720575940626220574,0.0,6949
720575940644308503,0.0,6950
720575940626253331,0.0,6951
720575940621196224,0.0,6952
720575940618615360,0.0,6953
720575940647703348,0.0,6954
720575940625368578,0.0,6955
720575940631960290,0.0,6956
720575940613943914,0.0,6957
720575940616783361,0.0,6958
720575940628155395,0.0,6959
720575940647472260,0.0,6960
720575940631135789,0.0,6961
720575940615770811,0.0,6962
720575940616773206,0.0,6963
720575940628211399,0.0,6964
720575940622321251,0.0,6965
720575940634703511,0.0,6966
720575940620633070,0.0,6967
720575940630484687,0.0,6968
720575940626888336,0.0,6969
720575940629497431,0.0,6970
720575940615833174,0.0,6971
720575940633036371,0.0,6972
720575940636716206,0.0,6973
720575940633036369,0.0,6974
720575940618159696,0.0,6975
720575940620343345,0.0,6976
720575940628536055,0.0,6977
720575940632689199,0.0,6978
720575940624221773,0.0,6979
720575940629694027,0.0,6980
720575940625454640,0.0,6981
720575940606433713,0.0,6982
720575940605449929,0.0,6983
720575940643516360,0.0,6984
720575940629532759,0.0,6985
720575940622403030,0.0,6986
720575940628766467,0.0,6987
720575940639058109,0.0,6988
720575940626999882,0.0,6989
720575940629578366,0.0,6990
720575940625175845,0.0,6991
720575940620889153,0.0,6992
720575940627216283,0.0,6993
720575940636270199,0.0,6994
720575940652200950,0.0,6995
720575940624276784,0.0,6996
720575940612743958,0.0,6997
720575940618051867,0.0,6998
720575940614883551,0.0,6999
720575940636473006,0.0,7000
720575940633102361,0.0,7001
720575940639964032,0.0,7002
720575940624527340,0.0,7003
720575940630848740,0.0,7004
720575940624006477,0.0,7005
720575940629263975,0.0,7006
720575940624017812,0.0,7007
720575940628620879,0.0,7008
720575940626015294,0.0,7009
720575940645023598,0.0,7010
720575940629963855,0.0,7011
720575940617877720,0.0,7012
720575940612999909,0.0,7013
720575940627022664,0.0,7014
720575940615101708,0.0,7015
720575940638960547,0.0,7016
720575940629067351,0.0,7017
720575940629620239,0.0,7018
720575940628732471,0.0,7019
720575940634916088,0.0,7020
720575940645544068,0.0,7021
720575940643398180,0.0,7022
720575940613863330,0.0,7023
720575940626364956,0.0,7024
720575940611370610,0.0,7025
720575940617453457,0.0,7026
720575940621358984,0.0,7027
720575940621764385,0.0,7028
720575940629471610,0.0,7029
720575940621736662,0.0,7030
720575940613197608,0.0,7031
720575940641609869,0.0,7032
720575940620045061,0.0,7033
720575940632501805,0.0,7034
720575940618696896,0.0,7035
720575940621280801,0.0,7036
720575940608530955,0.0,7037
720575940615568070,0.0,7038
720575940624013309,0.0,7039
720575940638145001,0.0,7040
720575940624235448,0.0,7041
720575940638034751,0.0,7042
720575940635116639,0.0,7043
720575940623404484,0.0,7044
720575940625669660,0.0,7045
720575940631353671,0.0,7046
720575940611983322,0.0,7047
720575940614792810,0.0,7048
720575940619259886,0.0,7049
720575940615859385,0.0,7050
720575940613152938,0.0,7051
720575940629631870,0.0,7052
720575940629254759,0.0,7053
720575940631100175,0.0,7054
720575940618306718,0.0,7055
720575940638447677,0.0,7056
720575940606514878,0.0,7057
720575940614348962,0.0,7058
720575940637982552,0.0,7059
720575940638379598,0.0,7060
720575940618746827,0.0,7061
720575940642193549,0.0,7062
720575940613303471,0.0,7063
720575940606046892,0.0,7064
720575940618439569,0.0,7065
720575940627087364,0.0,7066
720575940640420174,0.0,7067
720575940628155868,0.0,7068
720575940639718453,0.0,7069
720575940622128639,0.0,7070
720575940624733671,0.0,7071
720575940633062335,0.0,7072
720575940629910636,0.0,7073
720575940626705937,0.0,7074
720575940627635441,0.0,7075
720575940618405848,0.0,7076
720575940610605614,0.0,7077
720575940621057702,0.0,7078
720575940617078489,0.0,7079
720575940612919410,0.0,7080
720575940627384049,0.0,7081
720575940610885330,0.0,7082
720575940626805777,0.0,7083
720575940644914967,0.0,7084
720575940609607890,0.0,7085
720575940652258550,0.0,7086
720575940636008366,0.0,7087
720575940630149829,0.0,7088
720575940623984567,0.0,7089
720575940615437983,0.0,7090
720575940611724714,0.0,7091
720575940626376841,0.0,7092
720575940632462500,0.0,7093
720575940624795879,0.0,7094
720575940626821513,0.0,7095
720575940623121032,0.0,7096
720575940629364583,0.0,7097
720575940610493486,0.0,7098
720575940634990271,0.0,7099
720575940609237955,0.0,7100
720575940620993008,0.0,7101
720575940621002593,0.0,7102
720575940646074391,0.0,7103
720575940615247923,0.0,7104
720575940624349192,0.0,7105
720575940619511345,0.0,7106
720575940627993576,0.0,7107
720575940627291402,0.0,7108
720575940638639838,0.0,7109
720575940636069215,0.0,7110
720575940613594783,0.0,7111
720575940625336464,0.0,7112
720575940622957064,0.0,7113
720575940609932130,0.0,7114
720575940610908053,0.0,7115
720575940622888231,0.0,7116
720575940623847728,0.0,7117
720575940629489260,0.0,7118
720575940627704488,0.0,7119
720575940626649348,0.0,7120
720575940622489972,0.0,7121
720575940613234897,0.0,7122
720575940638528053,0.0,7123
720575940608193884,0.0,7124
720575940615422786,0.0,7125
720575940631269650,0.0,7126
720575940617570008,0.0,7127
720575940643906340,0.0,7128
720575940613637782,0.0,7129
720575940632854498,0.0,7130
720575940623697552,0.0,7131
720575940627465871,0.0,7132
720575940641621645,0.0,7133
720575940624901927,0.0,7134
720575940617739860,0.0,7135
720575940610487928,0.0,7136
720575940620946957,0.0,7137
720575940635969399,0.0,7138
720575940626815826,0.0,7139
720575940623465909,0.0,7140
720575940649433209,0.0,7141
720575940622812799,0.0,7142
720575940627334782,0.0,7143
720575940629676926,0.0,7144
720575940629564922,0.0,7145
720575940629661306,0.0,7146
720575940643980910,0.0,7147
720575940614605730,0.0,7148
720575940609237187,0.0,7149
720575940634695263,0.0,7150
720575940633540447,0.0,7151
720575940628071696,0.0,7152
720575940614529430,0.0,7153
720575940620866669,0.0,7154
720575940615185595,0.0,7155
720575940636893493,0.0,7156
720575940626805147,0.0,7157
720575940623132040,0.0,7158
720575940621862605,0.0,7159
720575940626433881,0.0,7160
720575940622919411,0.0,7161
720575940631078504,0.0,7162
720575940638874202,0.0,7163
720575940634616687,0.0,7164
720575940618483067,0.0,7165
720575940626976555,0.0,7166
720575940607280818,0.0,7167
720575940620519088,0.0,7168
720575940624983054,0.0,7169
720575940614104017,0.0,7170
720575940622236374,0.0,7171
720575940627439592,0.0,7172
720575940633996444,0.0,7173
720575940620624177,0.0,7174
720575940629256779,0.0,7175
720575940617123814,0.0,7176
720575940622055777,0.0,7177
720575940619654053,0.0,7178
720575940624846517,0.0,7179
720575940639032995,0.0,7180
720575940621221614,0.0,7181
720575940615767739,0.0,7182
720575940633277364,0.0,7183
720575940624695629,0.0,7184
720575940631591199,0.0,7185
720575940636105829,0.0,7186
720575940615828923,0.0,7187
720575940612465817,0.0,7188
720575940638054719,0.0,7189
720575940615059240,0.0,7190
720575940630758782,0.0,7191
720575940618601024,0.0,7192
720575940640639293,0.0,7193
720575940643941832,0.0,7194
720575940624889232,0.0,7195
720575940622790271,0.0,7196
720575940640841973,0.0,7197
720575940640471504,0.0,7198
720575940606757041,0.0,7199
720575940620028080,0.0,7200
720575940633674521,0.0,7201
720575940626999114,0.0,7202
720575940628432834,0.0,7203
720575940620231956,0.0,7204
720575940627073448,0.0,7205
720575940623032781,0.0,7206
720575940611655288,0.0,7207
720575940610933458,0.0,7208
720575940628582915,0.0,7209
720575940629917771,0.0,7210
720575940627261882,0.0,7211
720575940620226753,0.0,7212
720575940609979610,0.0,7213
720575940631451449,0.0,7214
720575940619620432,0.0,7215
720575940620141691,0.0,7216
720575940609978866,0.0,7217
720575940627045202,0.0,7218
720575940624456947,0.0,7219
720575940636401776,0.0,7220
720575940603885856,0.0,7221
720575940621241072,0.0,7222
720575940625809539,0.0,7223
720575940629091431,0.0,7224
720575940615413435,0.0,7225
720575940627849515,0.0,7226
720575940626815120,0.0,7227
720575940611098595,0.0,7228
720575940626879505,0.0,7229
720575940605028017,0.0,7230
720575940611323670,0.0,7231
720575940622014090,0.0,7232
720575940613016104,0.0,7233
720575940633156203,0.0,7234
720575940610773782,0.0,7235
720575940620624589,0.0,7236
720575940620847342,0.0,7237
720575940622813418,0.0,7238
720575940616653030,0.0,7239
720575940641360091,0.0,7240
720575940641065973,0.0,7241
720575940619274456,0.0,7242
720575940608657621,0.0,7243
720575940627731206,0.0,7244
720575940605060798,0.0,7245
720575940620286558,0.0,7246
720575940624773182,0.0,7247
720575940627491861,0.0,7248
720575940620154206,0.0,7249
720575940608437769,0.0,7250
720575940634799295,0.0,7251
720575940634868472,0.0,7252
720575940625179184,0.0,7253
720575940642106824,0.0,7254
720575940627168273,0.0,7255
720575940637402995,0.0,7256
720575940623229927,0.0,7257
720575940628864762,0.0,7258
720575940614248446,0.0,7259
720575940616892061,0.0,7260
720575940632105809,0.0,7261
720575940626712921,0.0,7262
720575940644223255,0.0,7263
720575940607185074,0.0,7264
720575940644448292,0.0,7265
720575940611477710,0.0,7266
720575940633688275,0.0,7267
720575940631038125,0.0,7268
720575940614326439,0.0,7269
720575940620224677,0.0,7270
720575940616128669,0.0,7271
720575940625393701,0.0,7272
720575940634609815,0.0,7273
720575940623927444,0.0,7274
720575940628265039,0.0,7275
720575940626916126,0.0,7276
720575940624046153,0.0,7277
720575940625772828,0.0,7278
720575940609768290,0.0,7279
720575940610846818,0.0,7280
720575940614625211,0.0,7281
720575940627650120,0.0,7282
720575940620311430,0.0,7283
720575940619358001,0.0,7284
720575940606954507,0.0,7285
720575940642926628,0.0,7286
720575940620652214,0.0,7287
720575940621444777,0.0,7288
720575940615081099,0.0,7289
720575940615262786,0.0,7290
720575940621943187,0.0,7291
720575940624144107,0.0,7292
720575940627656281,0.0,7293
720575940628484396,0.0,7294
720575940631403335,0.0,7295
720575940625097274,0.0,7296
720575940621750465,0.0,7297
720575940615152011,0.0,7298
720575940622633693,0.0,7299
720575940626524691,0.0,7300
720575940626540042,0.0,7301
720575940620067823,0.0,7302
720575940626668165,0.0,7303
720575940645334126,0.0,7304
720575940643163940,0.0,7305
720575940616642790,0.0,7306
720575940616426869,0.0,7307
720575940632625837,0.0,7308
720575940630271862,0.0,7309
720575940628703993,0.0,7310
720575940616532310,0.0,7311
720575940628953210,0.0,7312
720575940621831804,0.0,7313
720575940619219627,0.0,7314
720575940628945516,0.0,7315
720575940626553993,0.0,7316
720575940619761072,0.0,7317
720575940623353488,0.0,7318
720575940621343348,0.0,7319
720575940617754653,0.0,7320
720575940629270487,0.0,7321
720575940622682409,0.0,7322
720575940604645478,0.0,7323
720575940635978638,0.0,7324
720575940615696490,0.0,7325
720575940626051367,0.0,7326
720575940627264262,0.0,7327
720575940623274935,0.0,7328
720575940631510865,0.0,7329
720575940632091951,0.0,7330
720575940628288923,0.0,7331
720575940623943914,0.0,7332
720575940624673936,0.0,7333
720575940623367607,0.0,7334
720575940625754643,0.0,7335
720575940631041071,0.0,7336
720575940613942557,0.0,7337
720575940622564621,0.0,7338
720575940638818357,0.0,7339
720575940616924701,0.0,7340
720575940637013726,0.0,7341
720575940635419237,0.0,7342
720575940619403028,0.0,7343
720575940628690423,0.0,7344
720575940626125626,0.0,7345
720575940624045155,0.0,7346
720575940618293883,0.0,7347
720575940631630893,0.0,7348
720575940611720362,0.0,7349
720575940612455917,0.0,7350
720575940613942045,0.0,7351
720575940628391323,0.0,7352
720575940636767856,0.0,7353
720575940606698882,0.0,7354
720575940630738171,0.0,7355
720575940639449507,0.0,7356
720575940610464195,0.0,7357
720575940627154063,0.0,7358
720575940638513752,0.0,7359
720575940611905138,0.0,7360
720575940620602236,0.0,7361
720575940625868184,0.0,7362
720575940617542996,0.0,7363
720575940631925096,0.0,7364
720575940618728395,0.0,7365
720575940642936520,0.0,7366
720575940622242253,0.0,7367
720575940620023024,0.0,7368
720575940626867081,0.0,7369
720575940623030861,0.0,7370
720575940625657928,0.0,7371
720575940653913505,0.0,7372
720575940637494837,0.0,7373
720575940650751873,0.0,7374
720575940627677258,0.0,7375
720575940639099264,0.0,7376
720575940622780799,0.0,7377
720575940625795453,0.0,7378
720575940627031226,0.0,7379
720575940617249949,0.0,7380
720575940621273460,0.0,7381
720575940645226862,0.0,7382
720575940611803490,0.0,7383
720575940615283618,0.0,7384
720575940629239852,0.0,7385
720575940616194397,0.0,7386
720575940622734835,0.0,7387
720575940618946901,0.0,7388
720575940632086865,0.0,7389
720575940630972747,0.0,7390
720575940638214470,0.0,7391
720575940624642452,0.0,7392
720575940623628509,0.0,7393
720575940628600592,0.0,7394
720575940625998629,0.0,7395
720575940627211407,0.0,7396
720575940614928234,0.0,7397
720575940638477621,0.0,7398
720575940631407427,0.0,7399
720575940630612280,0.0,7400
720575940620355934,0.0,7401
720575940627000582,0.0,7402
720575940624878992,0.0,7403
720575940643707246,0.0,7404
720575940619789248,0.0,7405
720575940627214891,0.0,7406
720575940629906060,0.0,7407
720575940629965788,0.0,7408
720575940633670904,0.0,7409
720575940630511055,0.0,7410
720575940628597291,0.0,7411
720575940631885485,0.0,7412
720575940613699807,0.0,7413
720575940633372185,0.0,7414
720575940659164545,0.0,7415
720575940620574305,0.0,7416
720575940628961644,0.0,7417
720575940625148174,0.0,7418
720575940631090759,0.0,7419
720575940645728132,0.0,7420
720575940646308740,0.0,7421
720575940626256992,0.0,7422
720575940620644446,0.0,7423
720575940618784891,0.0,7424
720575940633915327,0.0,7425
720575940619243691,0.0,7426
720575940610124868,0.0,7427
720575940638957400,0.0,7428
720575940610686162,0.0,7429
720575940621482665,0.0,7430
720575940624366323,0.0,7431
720575940613118610,0.0,7432
720575940619930534,0.0,7433
720575940618894528,0.0,7434
720575940626216573,0.0,7435
720575940625763601,0.0,7436
720575940618630193,0.0,7437
720575940621875068,0.0,7438
720575940660176513,0.0,7439
720575940639905232,0.0,7440
720575940626822916,0.0,7441
720575940635271086,0.0,7442
720575940616565365,0.0,7443
720575940644987188,0.0,7444
720575940621648008,0.0,7445
720575940626883721,0.0,7446
720575940637332851,0.0,7447
720575940614719634,0.0,7448
720575940620273279,0.0,7449
720575940646773044,0.0,7450
720575940617494417,0.0,7451
720575940621849769,0.0,7452
720575940639868288,0.0,7453
720575940625529477,0.0,7454
720575940612104627,0.0,7455
720575940615941062,0.0,7456
720575940629765647,0.0,7457
720575940631718969,0.0,7458
720575940628788496,0.0,7459
720575940635119967,0.0,7460
720575940634429039,0.0,7461
720575940643497632,0.0,7462
720575940622929944,0.0,7463
720575940637412841,0.0,7464
720575940619682625,0.0,7465
720575940631483949,0.0,7466
720575940633785369,0.0,7467
720575940616140475,0.0,7468
720575940623904181,0.0,7469
720575940622149196,0.0,7470
720575940626158692,0.0,7471
720575940632652077,0.0,7472
720575940616260825,0.0,7473
720575940622800589,0.0,7474
720575940624945666,0.0,7475
720575940610542894,0.0,7476
720575940620382317,0.0,7477
720575940630877903,0.0,7478
720575940613973058,0.0,7479
720575940620349376,0.0,7480
720575940627054725,0.0,7481
720575940613954769,0.0,7482
720575940632377375,0.0,7483
720575940631740447,0.0,7484
720575940654970529,0.0,7485
720575940610509102,0.0,7486
720575940625692560,0.0,7487
720575940620567661,0.0,7488
720575940640006528,0.0,7489
720575940629788983,0.0,7490
720575940611767189,0.0,7491
720575940626946033,0.0,7492
720575940626965002,0.0,7493
720575940615764422,0.0,7494
720575940622130646,0.0,7495
720575940618294853,0.0,7496
720575940613794114,0.0,7497
720575940609792206,0.0,7498
720575940621470028,0.0,7499
720575940626681146,0.0,7500
720575940627244986,0.0,7501
720575940604168224,0.0,7502
720575940623103487,0.0,7503
720575940626581525,0.0,7504
720575940619210375,0.0,7505
720575940630284306,0.0,7506
720575940622934817,0.0,7507
720575940627771279,0.0,7508
720575940621388453,0.0,7509
720575940627269642,0.0,7510
720575940614304012,0.0,7511
720575940609406985,0.0,7512
720575940628285450,0.0,7513
720575940626182673,0.0,7514
720575940625164377,0.0,7515
720575940605037996,0.0,7516
720575940613877423,0.0,7517
720575940626117662,0.0,7518
720575940630949573,0.0,7519
720575940624349448,0.0,7520
720575940606999682,0.0,7521
720575940626164286,0.0,7522
720575940640049360,0.0,7523
720575940624611992,0.0,7524
720575940622074109,0.0,7525
720575940633672930,0.0,7526
720575940629068741,0.0,7527
720575940608496835,0.0,7528
720575940633323415,0.0,7529
720575940625507888,0.0,7530
720575940636227941,0.0,7531
720575940622307051,0.0,7532
720575940618992449,0.0,7533
720575940640093056,0.0,7534
720575940612914546,0.0,7535
720575940620537839,0.0,7536
720575940620234177,0.0,7537
720575940609880900,0.0,7538
720575940635592805,0.0,7539
720575940624695566,0.0,7540
720575940632676435,0.0,7541
720575940617209940,0.0,7542
720575940627944464,0.0,7543
720575940639197262,0.0,7544
720575940637087599,0.0,7545
720575940638148686,0.0,7546
720575940621437004,0.0,7547
720575940626936107,0.0,7548
720575940608200713,0.0,7549
720575940620239013,0.0,7550
720575940625159043,0.0,7551
720575940644869143,0.0,7552
720575940621746300,0.0,7553
720575940626516026,0.0,7554
720575940632676409,0.0,7555
720575940624975909,0.0,7556
720575940610460514,0.0,7557
720575940623793741,0.0,7558
720575940631234643,0.0,7559
720575940612661782,0.0,7560
720575940617922870,0.0,7561
720575940614485159,0.0,7562
720575940628766679,0.0,7563
720575940630961464,0.0,7564
720575940623344821,0.0,7565
720575940631732328,0.0,7566
720575940628641847,0.0,7567
720575940616790713,0.0,7568
720575940616650201,0.0,7569
720575940628385546,0.0,7570
720575940610774451,0.0,7571
720575940626698633,0.0,7572
720575940636848710,0.0,7573
720575940610323674,0.0,7574
720575940614781546,0.0,7575
720575940605664702,0.0,7576
720575940619153749,0.0,7577
720575940654972577,0.0,7578
720575940631763257,0.0,7579
720575940622771338,0.0,7580
720575940626867742,0.0,7581
720575940638888307,0.0,7582
720575940610833250,0.0,7583
720575940638053693,0.0,7584
720575940635538807,0.0,7585
720575940622169471,0.0,7586
720575940616649433,0.0,7587
720575940614143942,0.0,7588
720575940633340753,0.0,7589
720575940608987605,0.0,7590
720575940625743204,0.0,7591
720575940620723638,0.0,7592
720575940620091038,0.0,7593
720575940629696299,0.0,7594
720575940625747217,0.0,7595
720575940634658785,0.0,7596
720575940626811023,0.0,7597
720575940630493292,0.0,7598
720575940633323674,0.0,7599
720575940628239110,0.0,7600
720575940606775654,0.0,7601
720575940617509777,0.0,7602
720575940620675800,0.0,7603
720575940629853292,0.0,7604
720575940659392385,0.0,7605
720575940626404776,0.0,7606
720575940623225284,0.0,7607
720575940623707656,0.0,7608
720575940630731148,0.0,7609
720575940625672138,0.0,7610
720575940622272076,0.0,7611
720575940621935850,0.0,7612
720575940612590503,0.0,7613
720575940639421555,0.0,7614
720575940616068539,0.0,7615
720575940613897890,0.0,7616
720575940628755023,0.0,7617
720575940608535819,0.0,7618
720575940622542007,0.0,7619
720575940617696769,0.0,7620
720575940615604363,0.0,7621
720575940612169709,0.0,7622
720575940626614405,0.0,7623
720575940629508652,0.0,7624
720575940622599408,0.0,7625
720575940643869988,0.0,7626
720575940629089068,0.0,7627
720575940631700731,0.0,7628
720575940624977466,0.0,7629
720575940610680274,0.0,7630
720575940622540749,0.0,7631
720575940632094415,0.0,7632
720575940645199924,0.0,7633
720575940609962389,0.0,7634
720575940628401681,0.0,7635
720575940633515801,0.0,7636
720575940614638754,0.0,7637
720575940622165974,0.0,7638
720575940610423538,0.0,7639
720575940614618683,0.0,7640
720575940659447937,0.0,7641
720575940620814463,0.0,7642
720575940643489902,0.0,7643
720575940606731977,0.0,7644
720575940634209376,0.0,7645
720575940631458371,0.0,7646
720575940640433104,0.0,7647
720575940627132232,0.0,7648
720575940618185296,0.0,7649
720575940610406776,0.0,7650
720575940624599700,0.0,7651
720575940609318446,0.0,7652
720575940622634973,0.0,7653
720575940618464379,0.0,7654
720575940620263233,0.0,7655
720575940626967070,0.0,7656
720575940615868102,0.0,7657
720575940633799961,0.0,7658
720575940629723690,0.0,7659
720575940631964620,0.0,7660
720575940625708554,0.0,7661
720575940627441169,0.0,7662
720575940617959729,0.0,7663
720575940618021147,0.0,7664
720575940628817914,0.0,7665
720575940626371842,0.0,7666
720575940622906867,0.0,7667
720575940625098423,0.0,7668
720575940620421255,0.0,7669
720575940627572742,0.0,7670
720575940629298885,0.0,7671
720575940622839956,0.0,7672
720575940616349755,0.0,7673
720575940635537271,0.0,7674
720575940613939090,0.0,7675
720575940628889347,0.0,7676
720575940629787244,0.0,7677
720575940624290855,0.0,7678
720575940622606315,0.0,7679
720575940640401549,0.0,7680
720575940618707183,0.0,7681
720575940632273378,0.0,7682
720575940639328640,0.0,7683
720575940623871723,0.0,7684
720575940631027148,0.0,7685
720575940627722826,0.0,7686
720575940633352929,0.0,7687
720575940606611977,0.0,7688
720575940612653937,0.0,7689
720575940616370065,0.0,7690
720575940637274852,0.0,7691
720575940620153765,0.0,7692
720575940647966260,0.0,7693
720575940644766574,0.0,7694
720575940623379091,0.0,7695
720575940626087780,0.0,7696
720575940632287057,0.0,7697
720575940619465904,0.0,7698
720575940627086596,0.0,7699
720575940614666658,0.0,7700
720575940617363156,0.0,7701
720575940639191017,0.0,7702
720575940627158866,0.0,7703
720575940620925643,0.0,7704
720575940631186432,0.0,7705
720575940623163844,0.0,7706
720575940613978892,0.0,7707
720575940615754613,0.0,7708
720575940619777520,0.0,7709
720575940638143805,0.0,7710
720575940622822378,0.0,7711
720575940626265084,0.0,7712
720575940621732129,0.0,7713
720575940605702065,0.0,7714
720575940626486409,0.0,7715
720575940620653377,0.0,7716
720575940613858046,0.0,7717
720575940637686750,0.0,7718
720575940622779263,0.0,7719
720575940612203482,0.0,7720
720575940629920056,0.0,7721
720575940614740374,0.0,7722
720575940623878891,0.0,7723
720575940622998627,0.0,7724
720575940638360798,0.0,7725
720575940638077091,0.0,7726
720575940614612374,0.0,7727
720575940634943344,0.0,7728
720575940620263814,0.0,7729
720575940630572319,0.0,7730
720575940613355670,0.0,7731
720575940611403226,0.0,7732
720575940629594998,0.0,7733
720575940629955446,0.0,7734
720575940618021755,0.0,7735
720575940626074378,0.0,7736
720575940614308758,0.0,7737
720575940633831264,0.0,7738
720575940617441752,0.0,7739
720575940604403628,0.0,7740
720575940620689524,0.0,7741
720575940612856273,0.0,7742
720575940626991147,0.0,7743
720575940629693302,0.0,7744
720575940621470847,0.0,7745
720575940626707770,0.0,7746
720575940643794592,0.0,7747
720575940606179686,0.0,7748
720575940632504351,0.0,7749
720575940626052540,0.0,7750
720575940625802841,0.0,7751
720575940613414297,0.0,7752
720575940633093786,0.0,7753
720575940631255058,0.0,7754
720575940615149836,0.0,7755
720575940628356666,0.0,7756
720575940627069416,0.0,7757
720575940624951847,0.0,7758
720575940632615372,0.0,7759
720575940630166646,0.0,7760
720575940640789619,0.0,7761
720575940623962516,0.0,7762
720575940603773798,0.0,7763
720575940605608806,0.0,7764
720575940634706789,0.0,7765
720575940607869788,0.0,7766
720575940635697765,0.0,7767
720575940617328596,0.0,7768
720575940620157787,0.0,7769
720575940630512471,0.0,7770
720575940614816598,0.0,7771
720575940611428977,0.0,7772
720575940630840147,0.0,7773
720575940624632980,0.0,7774
720575940630008571,0.0,7775
720575940616229405,0.0,7776
720575940632281937,0.0,7777
720575940632707944,0.0,7778
720575940611702165,0.0,7779
720575940614443687,0.0,7780
720575940631655737,0.0,7781
720575940631261714,0.0,7782
720575940632032652,0.0,7783
720575940636620942,0.0,7784
720575940628360970,0.0,7785
720575940613049315,0.0,7786
720575940623107464,0.0,7787
720575940631203384,0.0,7788
720575940629304364,0.0,7789
720575940632265503,0.0,7790
720575940622666933,0.0,7791
720575940627631893,0.0,7792
720575940613849553,0.0,7793
720575940634903403,0.0,7794
720575940605882336,0.0,7795
720575940633032599,0.0,7796
720575940610862506,0.0,7797
720575940615962043,0.0,7798
720575940623472201,0.0,7799
720575940633496290,0.0,7800
720575940621995614,0.0,7801
720575940622920328,0.0,7802
720575940625405744,0.0,7803
720575940612166063,0.0,7804
720575940629103468,0.0,7805
720575940631898472,0.0,7806
720575940633660386,0.0,7807
720575940624693432,0.0,7808
720575940630482796,0.0,7809
720575940611228462,0.0,7810
720575940614476967,0.0,7811
720575940604663520,0.0,7812
720575940627290122,0.0,7813
720575940632651091,0.0,7814
720575940612347363,0.0,7815
720575940628608272,0.0,7816
720575940615749051,0.0,7817
720575940628634191,0.0,7818
720575940623543303,0.0,7819
720575940631503928,0.0,7820
720575940625476964,0.0,7821
720575940623119812,0.0,7822
720575940630598395,0.0,7823
720575940631692283,0.0,7824
720575940638704512,0.0,7825
720575940620917119,0.0,7826
720575940627284580,0.0,7827
720575940636470629,0.0,7828
720575940653581302,0.0,7829
720575940629431814,0.0,7830
720575940621786250,0.0,7831
720575940618660043,0.0,7832
720575940632353228,0.0,7833
720575940604276652,0.0,7834
720575940624176381,0.0,7835
720575940618326511,0.0,7836
720575940624817845,0.0,7837
720575940613632997,0.0,7838
720575940625503979,0.0,7839
720575940609010524,0.0,7840
720575940634743903,0.0,7841
720575940629874806,0.0,7842
720575940624775975,0.0,7843
720575940620129927,0.0,7844
720575940633333916,0.0,7845
720575940605733042,0.0,7846
720575940630765253,0.0,7847
720575940623199684,0.0,7848
720575940628347654,0.0,7849
720575940615204146,0.0,7850
720575940626653309,0.0,7851
720575940646415907,0.0,7852
720575940638559549,0.0,7853
720575940624100075,0.0,7854
720575940608336907,0.0,7855
720575940635545848,0.0,7856
720575940628983119,0.0,7857
720575940615406751,0.0,7858
720575940625630212,0.0,7859
720575940621765708,0.0,7860
720575940620622691,0.0,7861
720575940633613794,0.0,7862
720575940643281262,0.0,7863
720575940612853354,0.0,7864
720575940630146135,0.0,7865
720575940617947412,0.0,7866
720575940609568068,0.0,7867
720575940612593361,0.0,7868
720575940620813478,0.0,7869
720575940630759507,0.0,7870
720575940620561761,0.0,7871
720575940633650969,0.0,7872
720575940625534187,0.0,7873
720575940632399691,0.0,7874
720575940627469315,0.0,7875
720575940644765294,0.0,7876
720575940634976174,0.0,7877
720575940614652818,0.0,7878
720575940626650776,0.0,7879
720575940614325138,0.0,7880
720575940632014383,0.0,7881
720575940630435468,0.0,7882
720575940627498152,0.0,7883
720575940614871106,0.0,7884
720575940622700749,0.0,7885
720575940628338028,0.0,7886
720575940628330885,0.0,7887
720575940642810528,0.0,7888
720575940628346194,0.0,7889
720575940614921501,0.0,7890
720575940617987113,0.0,7891
720575940617986345,0.0,7892
720575940626580361,0.0,7893
720575940630624530,0.0,7894
720575940641423245,0.0,7895
720575940623236521,0.0,7896
720575940615002833,0.0,7897
720575940622189448,0.0,7898
720575940628861188,0.0,7899
720575940610511043,0.0,7900
720575940611906713,0.0,7901
720575940623280311,0.0,7902
720575940646372228,0.0,7903
720575940651079158,0.0,7904
720575940618252249,0.0,7905
720575940636261294,0.0,7906
720575940639887757,0.0,7907
720575940638770148,0.0,7908
720575940614390755,0.0,7909
720575940606624725,0.0,7910
720575940643781024,0.0,7911
720575940627645514,0.0,7912
720575940632340269,0.0,7913
720575940620483444,0.0,7914
720575940619031837,0.0,7915
720575940621656816,0.0,7916
720575940615155507,0.0,7917
720575940606776962,0.0,7918
720575940627683588,0.0,7919
720575940653351841,0.0,7920
720575940630274678,0.0,7921
720575940625457456,0.0,7922
720575940615711638,0.0,7923
720575940620573037,0.0,7924
720575940620551105,0.0,7925
720575940618331038,0.0,7926
720575940643293837,0.0,7927
720575940605641830,0.0,7928
720575940628209863,0.0,7929
720575940613211055,0.0,7930
720575940633772452,0.0,7931
720575940624200974,0.0,7932
720575940620714921,0.0,7933
720575940625957800,0.0,7934
720575940620223398,0.0,7935
720575940618888246,0.0,7936
720575940635280632,0.0,7937
720575940615668370,0.0,7938
720575940620896937,0.0,7939
720575940621776161,0.0,7940
720575940622491632,0.0,7941
720575940606267659,0.0,7942
720575940632243019,0.0,7943
720575940608341806,0.0,7944
720575940639195776,0.0,7945
720575940628906622,0.0,7946
720575940620649084,0.0,7947
720575940621828732,0.0,7948
720575940612683729,0.0,7949
720575940640935387,0.0,7950
720575940629300043,0.0,7951
720575940623141658,0.0,7952
720575940610818673,0.0,7953
720575940634018415,0.0,7954
720575940624247787,0.0,7955
720575940640129408,0.0,7956
720575940635493812,0.0,7957
720575940630315623,0.0,7958
720575940606165606,0.0,7959
720575940625035790,0.0,7960
720575940632575180,0.0,7961
720575940635057759,0.0,7962
720575940627720335,0.0,7963
720575940610702456,0.0,7964
720575940633356883,0.0,7965
720575940630946245,0.0,7966
720575940611846520,0.0,7967
720575940608977621,0.0,7968
720575940616766294,0.0,7969
720575940623953845,0.0,7970
720575940613863087,0.0,7971
720575940616561803,0.0,7972
720575940619725551,0.0,7973
720575940632435108,0.0,7974
720575940614103505,0.0,7975
720575940635001535,0.0,7976
720575940637618142,0.0,7977
720575940618931846,0.0,7978
720575940636137079,0.0,7979
720575940629681278,0.0,7980
720575940623008440,0.0,7981
720575940620205505,0.0,7982
720575940619662539,0.0,7983
720575940628382203,0.0,7984
720575940638155632,0.0,7985
720575940619084909,0.0,7986
720575940627148746,0.0,7987
720575940630385915,0.0,7988
720575940627321674,0.0,7989
720575940619597958,0.0,7990
720575940625040053,0.0,7991
720575940612817583,0.0,7992
720575940642343565,0.0,7993
720575940620467438,0.0,7994
720575940638511267,0.0,7995
720575940618912427,0.0,7996
720575940617077405,0.0,7997
720575940626951434,0.0,7998
720575940610768994,0.0,7999
720575940617395412,0.0,8000
720575940632357284,0.0,8001
720575940629789292,0.0,8002
720575940619495664,0.0,8003
720575940610960994,0.0,8004
720575940626394626,0.0,8005
720575940616964766,0.0,8006
720575940631875298,0.0,8007
720575940611733997,0.0,8008
720575940619305808,0.0,8009
720575940622013564,0.0,8010
720575940624107081,0.0,8011
720575940618182981,0.0,8012
720575940618978206,0.0,8013
720575940609240515,0.0,8014
720575940644940311,0.0,8015
720575940622890509,0.0,8016
720575940637434601,0.0,8017
720575940622650879,0.0,8018
720575940632364717,0.0,8019
720575940639013027,0.0,8020
720575940623203767,0.0,8021
720575940637788494,0.0,8022
720575940631589689,0.0,8023
720575940608603657,0.0,8024
720575940607227826,0.0,8025
720575940640415859,0.0,8026
720575940631453763,0.0,8027
720575940604568521,0.0,8028
720575940619960926,0.0,8029
720575940622944461,0.0,8030
720575940617612518,0.0,8031
720575940615540934,0.0,8032
720575940607197874,0.0,8033
720575940613623961,0.0,8034
720575940626883465,0.0,8035
720575940621061285,0.0,8036
720575940629111814,0.0,8037
720575940617021234,0.0,8038
720575940627245585,0.0,8039
720575940633625184,0.0,8040
720575940624859032,0.0,8041
720575940637148486,0.0,8042
720575940619271384,0.0,8043
720575940608801749,0.0,8044
720575940631661281,0.0,8045
720575940608573193,0.0,8046
720575940631754527,0.0,8047
720575940625800741,0.0,8048
720575940622075274,0.0,8049
720575940633210475,0.0,8050
720575940630134839,0.0,8051
720575940625753621,0.0,8052
720575940617473051,0.0,8053
720575940608130606,0.0,8054
720575940618184839,0.0,8055
720575940626513027,0.0,8056
720575940633146007,0.0,8057
720575940631062603,0.0,8058
720575940608768213,0.0,8059
720575940626513171,0.0,8060
720575940618844353,0.0,8061
720575940660914561,0.0,8062
720575940611475370,0.0,8063
720575940623927956,0.0,8064
720575940628707600,0.0,8065
720575940633553760,0.0,8066
720575940620421153,0.0,8067
720575940638683453,0.0,8068
720575940628264721,0.0,8069
720575940618512624,0.0,8070
720575940638914648,0.0,8071
720575940631632844,0.0,8072
720575940615956085,0.0,8073
720575940616398898,0.0,8074
720575940631741983,0.0,8075
720575940613664874,0.0,8076
720575940622607069,0.0,8077
720575940621904166,0.0,8078
720575940616534201,0.0,8079
720575940614691690,0.0,8080
720575940626851471,0.0,8081
720575940628599296,0.0,8082
720575940638434357,0.0,8083
720575940633671319,0.0,8084
720575940614174943,0.0,8085
720575940626534226,0.0,8086
720575940609065774,0.0,8087
720575940631566700,0.0,8088
720575940616793669,0.0,8089
720575940625958414,0.0,8090
720575940615856779,0.0,8091
720575940615322674,0.0,8092
720575940627043048,0.0,8093
720575940631167811,0.0,8094
720575940625793854,0.0,8095
720575940635513524,0.0,8096
720575940623748789,0.0,8097
720575940623360440,0.0,8098
720575940616094523,0.0,8099
720575940624663532,0.0,8100
720575940618319444,0.0,8101
720575940606010057,0.0,8102
720575940639132605,0.0,8103
720575940621747444,0.0,8104
720575940624054280,0.0,8105
720575940652128502,0.0,8106
720575940621871228,0.0,8107
720575940630606444,0.0,8108
720575940609845454,0.0,8109
720575940611124246,0.0,8110
720575940616054834,0.0,8111
720575940620997396,0.0,8112
720575940629508358,0.0,8113
720575940625107352,0.0,8114
720575940630914245,0.0,8115
720575940626949253,0.0,8116
720575940629952300,0.0,8117
720575940604919473,0.0,8118
720575940616913705,0.0,8119
720575940629151031,0.0,8120
720575940639878589,0.0,8121
720575940605915872,0.0,8122
720575940622038182,0.0,8123
720575940636523109,0.0,8124
720575940617187195,0.0,8125
720575940654932385,0.0,8126
720575940633953049,0.0,8127
720575940626907923,0.0,8128
720575940624941838,0.0,8129
720575940628260106,0.0,8130
720575940620490416,0.0,8131
720575940637806662,0.0,8132
720575940608623371,0.0,8133
720575940626449154,0.0,8134
720575940617044737,0.0,8135
720575940622649284,0.0,8136
720575940630053632,0.0,8137
720575940624745203,0.0,8138
720575940623368940,0.0,8139
720575940639260032,0.0,8140
720575940618198233,0.0,8141
720575940624120649,0.0,8142
720575940629047162,0.0,8143
720575940614357731,0.0,8144
720575940611769059,0.0,8145
720575940614041139,0.0,8146
720575940628674938,0.0,8147
720575940618663838,0.0,8148
720575940617917396,0.0,8149
720575940628627867,0.0,8150
720575940618440000,0.0,8151
720575940622516941,0.0,8152
720575940620354241,0.0,8153
720575940638006756,0.0,8154
720575940629354087,0.0,8155
720575940615953202,0.0,8156
720575940616039197,0.0,8157
720575940631923816,0.0,8158
720575940611261098,0.0,8159
720575940619024774,0.0,8160
720575940620123558,0.0,8161
720575940636809950,0.0,8162
720575940631630021,0.0,8163
720575940606705073,0.0,8164
720575940622928397,0.0,8165
720575940622590669,0.0,8166
720575940637820846,0.0,8167
720575940630109756,0.0,8168
720575940644899095,0.0,8169
720575940635386616,0.0,8170
720575940610375726,0.0,8171
720575940615677330,0.0,8172
720575940623191334,0.0,8173
720575940628392279,0.0,8174
720575940611686809,0.0,8175
720575940615072373,0.0,8176
720575940618086173,0.0,8177
720575940634836671,0.0,8178
720575940634951007,0.0,8179
720575940608505795,0.0,8180
720575940618846001,0.0,8181
720575940623971819,0.0,8182
720575940632849069,0.0,8183
720575940628829352,0.0,8184
720575940632347423,0.0,8185
720575940628839979,0.0,8186
720575940620720622,0.0,8187
720575940631319371,0.0,8188
720575940640934363,0.0,8189
720575940618727640,0.0,8190
720575940620508912,0.0,8191
720575940633324627,0.0,8192
720575940621326006,0.0,8193
720575940611114389,0.0,8194
720575940620107968,0.0,8195
720575940636607886,0.0,8196
720575940627806809,0.0,8197
720575940637686079,0.0,8198
720575940629962044,0.0,8199
720575940612093938,0.0,8200
720575940614434046,0.0,8201
720575940630142007,0.0,8202
720575940628773711,0.0,8203
720575940612498346,0.0,8204
720575940632566099,0.0,8205
720575940619522974,0.0,8206
720575940641802971,0.0,8207
720575940621041185,0.0,8208
720575940619204335,0.0,8209
720575940607690507,0.0,8210
720575940635903118,0.0,8211
720575940615155910,0.0,8212
720575940625728899,0.0,8213
720575940605412738,0.0,8214
720575940628694007,0.0,8215
720575940621680133,0.0,8216
720575940624086251,0.0,8217
720575940639090997,0.0,8218
720575940631524236,0.0,8219
720575940630352379,0.0,8220
720575940621787892,0.0,8221
720575940636699822,0.0,8222
720575940630339403,0.0,8223
720575940639594355,0.0,8224
720575940620625880,0.0,8225
720575940626248250,0.0,8226
720575940616127931,0.0,8227
720575940615210427,0.0,8228
720575940622026334,0.0,8229
720575940635036863,0.0,8230
720575940638083647,0.0,8231
720575940626744744,0.0,8232
720575940627942391,0.0,8233
720575940615246643,0.0,8234
720575940621436325,0.0,8235
720575940632413604,0.0,8236
720575940619921488,0.0,8237
720575940621102913,0.0,8238
720575940620140190,0.0,8239
720575940620192677,0.0,8240
720575940605162924,0.0,8241
720575940620175040,0.0,8242
720575940617102646,0.0,8243
720575940626210916,0.0,8244
720575940604865312,0.0,8245
720575940634461280,0.0,8246
720575940631852627,0.0,8247
720575940604456876,0.0,8248
720575940627752585,0.0,8249
720575940614489511,0.0,8250
720575940629824828,0.0,8251
720575940603889086,0.0,8252
720575940620383768,0.0,8253
720575940626928650,0.0,8254
720575940624875018,0.0,8255
720575940610332024,0.0,8256
720575940620345108,0.0,8257
720575940625388730,0.0,8258
720575940632627885,0.0,8259
720575940611094478,0.0,8260
720575940626243614,0.0,8261
720575940622657684,0.0,8262
720575940621558762,0.0,8263
720575940632303807,0.0,8264
720575940609873358,0.0,8265
720575940625583132,0.0,8266
720575940620219329,0.0,8267
720575940627370110,0.0,8268
720575940624462850,0.0,8269
720575940626323185,0.0,8270
720575940631866951,0.0,8271
720575940628879055,0.0,8272
720575940624473918,0.0,8273
720575940629824825,0.0,8274
720575940631201079,0.0,8275
720575940638475573,0.0,8276
720575940628251947,0.0,8277
720575940624649964,0.0,8278
720575940623252884,0.0,8279
720575940612219629,0.0,8280
720575940616612313,0.0,8281
720575940619434887,0.0,8282
720575940627210373,0.0,8283
720575940621308656,0.0,8284
720575940639988352,0.0,8285
720575940612266213,0.0,8286
720575940628471392,0.0,8287
720575940622050186,0.0,8288
720575940627700484,0.0,8289
720575940628407098,0.0,8290
720575940623986469,0.0,8291
720575940614229415,0.0,8292
720575940624654228,0.0,8293
720575940629726590,0.0,8294
720575940615144821,0.0,8295
720575940634510703,0.0,8296
720575940623205705,0.0,8297
720575940639691635,0.0,8298
720575940626069962,0.0,8299
720575940624663788,0.0,8300
720575940625776272,0.0,8301
720575940617763099,0.0,8302
720575940614653290,0.0,8303
720575940621755124,0.0,8304
720575940618950814,0.0,8305
720575940625681456,0.0,8306
720575940613016805,0.0,8307
720575940633331040,0.0,8308
720575940626482521,0.0,8309
720575940639917400,0.0,8310
720575940625007949,0.0,8311
720575940630696901,0.0,8312
720575940630414700,0.0,8313
720575940622674712,0.0,8314
720575940630616168,0.0,8315
720575940621807300,0.0,8316
720575940627153668,0.0,8317
720575940618955678,0.0,8318
720575940626286878,0.0,8319
720575940626738438,0.0,8320
720575940621661197,0.0,8321
720575940619640149,0.0,8322
720575940616711254,0.0,8323
720575940616343611,0.0,8324
720575940644153636,0.0,8325
720575940646289699,0.0,8326
720575940631302186,0.0,8327
720575940648200068,0.0,8328
720575940635651735,0.0,8329
720575940631061815,0.0,8330
720575940632745261,0.0,8331
720575940615502658,0.0,8332
720575940625508733,0.0,8333
720575940628684588,0.0,8334
720575940634938303,0.0,8335
720575940635006559,0.0,8336
720575940615541671,0.0,8337
720575940608969173,0.0,8338
720575940612344293,0.0,8339
720575940632114658,0.0,8340
720575940639504768,0.0,8341
720575940628630059,0.0,8342
720575940627578385,0.0,8343
720575940639072189,0.0,8344
720575940617351057,0.0,8345
720575940619048533,0.0,8346
720575940623119871,0.0,8347
720575940630830458,0.0,8348
720575940630521145,0.0,8349
720575940633599071,0.0,8350
720575940619742144,0.0,8351
720575940636510015,0.0,8352
720575940632813741,0.0,8353
720575940621939071,0.0,8354
720575940623104973,0.0,8355
720575940638932277,0.0,8356
720575940614263719,0.0,8357
720575940617534438,0.0,8358
720575940611694565,0.0,8359
720575940615320076,0.0,8360
720575940620850017,0.0,8361
720575940621226917,0.0,8362
720575940616804753,0.0,8363
720575940623510762,0.0,8364
720575940625954853,0.0,8365
720575940633988633,0.0,8366
720575940625683740,0.0,8367
720575940606162306,0.0,8368
720575940622015612,0.0,8369
720575940611052517,0.0,8370
720575940607208882,0.0,8371
720575940627059460,0.0,8372
720575940612072685,0.0,8373
720575940629477882,0.0,8374
720575940624565788,0.0,8375
720575940611394019,0.0,8376
720575940616999069,0.0,8377
720575940623287228,0.0,8378
720575940610157688,0.0,8379
720575940617534676,0.0,8380
720575940631253967,0.0,8381
720575940613396130,0.0,8382
720575940613869777,0.0,8383
720575940633074145,0.0,8384
720575940628601344,0.0,8385
720575940644238871,0.0,8386
720575940604931249,0.0,8387
720575940632821059,0.0,8388
720575940639619792,0.0,8389
720575940613809554,0.0,8390
720575940626065162,0.0,8391
720575940638778165,0.0,8392
720575940633883744,0.0,8393
720575940623369668,0.0,8394
720575940620355009,0.0,8395
720575940627290129,0.0,8396
720575940612159411,0.0,8397
720575940619560606,0.0,8398
720575940634026925,0.0,8399
720575940630852439,0.0,8400
720575940631381212,0.0,8401
720575940620617153,0.0,8402
720575940629806807,0.0,8403
720575940612910376,0.0,8404
720575940637232447,0.0,8405
720575940634183103,0.0,8406
720575940625293514,0.0,8407
720575940631725561,0.0,8408
720575940651419126,0.0,8409
720575940631260476,0.0,8410
720575940620158447,0.0,8411
720575940623902727,0.0,8412
720575940626160740,0.0,8413
720575940616572043,0.0,8414
720575940622964735,0.0,8415
720575940614774434,0.0,8416
720575940614757974,0.0,8417
720575940620917707,0.0,8418
720575940622331882,0.0,8419
720575940622112726,0.0,8420
720575940637185252,0.0,8421
720575940630704211,0.0,8422
720575940643183140,0.0,8423
720575940628933275,0.0,8424
720575940617504581,0.0,8425
720575940619937445,0.0,8426
720575940642492576,0.0,8427
720575940629617879,0.0,8428
720575940614981087,0.0,8429
720575940614677410,0.0,8430
720575940631365084,0.0,8431
720575940629235159,0.0,8432
720575940620912086,0.0,8433
720575940634132843,0.0,8434
720575940654607265,0.0,8435
720575940643842340,0.0,8436
720575940627060476,0.0,8437
720575940604414636,0.0,8438
720575940616959778,0.0,8439
720575940613353425,0.0,8440
720575940628034044,0.0,8441
720575940620551259,0.0,8442
720575940624042677,0.0,8443
720575940620191009,0.0,8444
720575940614633622,0.0,8445
720575940612553642,0.0,8446
720575940608589323,0.0,8447
720575940614485671,0.0,8448
720575940607814492,0.0,8449
720575940630164028,0.0,8450
720575940622124713,0.0,8451
720575940623938599,0.0,8452
720575940645038958,0.0,8453
720575940611736872,0.0,8454
720575940628347398,0.0,8455
720575940616640980,0.0,8456
720575940634991551,0.0,8457
720575940619540545,0.0,8458
720575940639368270,0.0,8459
720575940627996156,0.0,8460
720575940621142081,0.0,8461
720575940621491276,0.0,8462
720575940629457452,0.0,8463
720575940606659970,0.0,8464
720575940628966479,0.0,8465
720575940619767243,0.0,8466
720575940611419354,0.0,8467
720575940629929580,0.0,8468
720575940635566584,0.0,8469
720575940622438621,0.0,8470
720575940628820823,0.0,8471
720575940637647950,0.0,8472
720575940624942855,0.0,8473
720575940633365473,0.0,8474
720575940621706480,0.0,8475
720575940635919471,0.0,8476
720575940603446374,0.0,8477
720575940634320319,0.0,8478
720575940638910040,0.0,8479
720575940628800060,0.0,8480
720575940607484099,0.0,8481
720575940612137690,0.0,8482
720575940633500084,0.0,8483
720575940624540967,0.0,8484
720575940626492059,0.0,8485
720575940634808927,0.0,8486
720575940640445648,0.0,8487
720575940608059484,0.0,8488
720575940622190550,0.0,8489
720575940644709792,0.0,8490
720575940634215525,0.0,8491
720575940621332574,0.0,8492
720575940622995080,0.0,8493
720575940632447827,0.0,8494
720575940627573766,0.0,8495
720575940619659969,0.0,8496
720575940631650361,0.0,8497
720575940623004685,0.0,8498
720575940631926599,0.0,8499
720575940622474165,0.0,8500
720575940632659404,0.0,8501
720575940622930712,0.0,8502
720575940660313729,0.0,8503
720575940614128691,0.0,8504
720575940623262645,0.0,8505
720575940624483376,0.0,8506
720575940626663953,0.0,8507
720575940630971434,0.0,8508
720575940650554614,0.0,8509
720575940617032148,0.0,8510
720575940611092849,0.0,8511
720575940626191635,0.0,8512
720575940630968680,0.0,8513
720575940624681520,0.0,8514
720575940624130253,0.0,8515
720575940617307165,0.0,8516
720575940629752219,0.0,8517
720575940619757515,0.0,8518
720575940628934915,0.0,8519
720575940606139308,0.0,8520
720575940621742972,0.0,8521
720575940624113866,0.0,8522
720575940629900631,0.0,8523
720575940621564550,0.0,8524
720575940619766219,0.0,8525
720575940633221447,0.0,8526
720575940635140121,0.0,8527
720575940629837527,0.0,8528
720575940617786525,0.0,8529
720575940619571009,0.0,8530
720575940626507834,0.0,8531
720575940604880841,0.0,8532
720575940633691161,0.0,8533
720575940631629643,0.0,8534
720575940606987906,0.0,8535
720575940622047514,0.0,8536
720575940612042774,0.0,8537
720575940644815395,0.0,8538
720575940632876223,0.0,8539
720575940630233047,0.0,8540
720575940617186875,0.0,8541
720575940623463562,0.0,8542
720575940633798295,0.0,8543
720575940614055622,0.0,8544
720575940641237645,0.0,8545
720575940625765520,0.0,8546
720575940637555288,0.0,8547
720575940631229999,0.0,8548
720575940647033396,0.0,8549
720575940621739508,0.0,8550
720575940613746087,0.0,8551
720575940619686593,0.0,8552
720575940621645808,0.0,8553
720575940627972860,0.0,8554
720575940630578247,0.0,8555
720575940630738263,0.0,8556
720575940610229717,0.0,8557
720575940610649208,0.0,8558
720575940632118343,0.0,8559
720575940618224709,0.0,8560
720575940630807619,0.0,8561
720575940635196779,0.0,8562
720575940635507380,0.0,8563
720575940637956698,0.0,8564
720575940622999688,0.0,8565
720575940615255007,0.0,8566
720575940611496597,0.0,8567
720575940628917251,0.0,8568
720575940640794483,0.0,8569
720575940618652736,0.0,8570
720575940628231211,0.0,8571
720575940620227860,0.0,8572
720575940625452176,0.0,8573
720575940652114422,0.0,8574
720575940633936941,0.0,8575
720575940626601994,0.0,8576
720575940622550251,0.0,8577
720575940622109466,0.0,8578
720575940637590756,0.0,8579
720575940614476434,0.0,8580
720575940611477683,0.0,8581
720575940630135084,0.0,8582
720575940622731667,0.0,8583
720575940620561840,0.0,8584
720575940614587615,0.0,8585
720575940630242668,0.0,8586
720575940611835098,0.0,8587
720575940611890289,0.0,8588
720575940623650055,0.0,8589
720575940611376346,0.0,8590
720575940620475630,0.0,8591
720575940622353622,0.0,8592
720575940623450308,0.0,8593
720575940629347319,0.0,8594
720575940634455136,0.0,8595
720575940632315106,0.0,8596
720575940625909991,0.0,8597
720575940633413715,0.0,8598
720575940623271206,0.0,8599
720575940644472100,0.0,8600
720575940627960442,0.0,8601
720575940635229591,0.0,8602
720575940629327660,0.0,8603
720575940632544543,0.0,8604
720575940630799042,0.0,8605
720575940623056653,0.0,8606
720575940640097664,0.0,8607
720575940629709182,0.0,8608
720575940622517530,0.0,8609
720575940626941205,0.0,8610
720575940615800076,0.0,8611
720575940636523621,0.0,8612
720575940625007879,0.0,8613
720575940627825923,0.0,8614
720575940626741552,0.0,8615
720575940619376767,0.0,8616
720575940628251907,0.0,8617
720575940627629315,0.0,8618
720575940623729907,0.0,8619
720575940611966194,0.0,8620
720575940613796527,0.0,8621
720575940623041772,0.0,8622
720575940630932943,0.0,8623
720575940634170524,0.0,8624
720575940625874469,0.0,8625
720575940635511988,0.0,8626
720575940624789991,0.0,8627
720575940609719250,0.0,8628
720575940631196264,0.0,8629
720575940621307574,0.0,8630
720575940630159676,0.0,8631
720575940621729050,0.0,8632
720575940626773306,0.0,8633
720575940626949918,0.0,8634
720575940627654933,0.0,8635
720575940624763123,0.0,8636
720575940614114814,0.0,8637
720575940621667568,0.0,8638
720575940610668152,0.0,8639
720575940629845303,0.0,8640
720575940606010242,0.0,8641
720575940624152051,0.0,8642
720575940604682976,0.0,8643
720575940640551643,0.0,8644
720575940629355520,0.0,8645
720575940610762850,0.0,8646
720575940623139976,0.0,8647
720575940622288008,0.0,8648
720575940621136961,0.0,8649
720575940639910488,0.0,8650
720575940622848775,0.0,8651
720575940622779519,0.0,8652
720575940616273631,0.0,8653
720575940613073960,0.0,8654
720575940622915060,0.0,8655
720575940625079054,0.0,8656
720575940628393559,0.0,8657
720575940631046829,0.0,8658
720575940629005467,0.0,8659
720575940608974549,0.0,8660
720575940617878273,0.0,8661
720575940630603884,0.0,8662
720575940630292439,0.0,8663
720575940606563249,0.0,8664
720575940628003304,0.0,8665
720575940622681889,0.0,8666
720575940608901333,0.0,8667
720575940620078215,0.0,8668
720575940609807113,0.0,8669
720575940615448642,0.0,8670
720575940636171383,0.0,8671
720575940611673586,0.0,8672
720575940626368168,0.0,8673
720575940606769854,0.0,8674
720575940627444721,0.0,8675
720575940608214281,0.0,8676
720575940620909933,0.0,8677
720575940620212133,0.0,8678
720575940614522043,0.0,8679
720575940607280306,0.0,8680
720575940626572802,0.0,8681
720575940621910399,0.0,8682
720575940631281483,0.0,8683
720575940642669728,0.0,8684
720575940605675808,0.0,8685
720575940639753635,0.0,8686
720575940630276567,0.0,8687
720575940624664556,0.0,8688
720575940615520927,0.0,8689
720575940629130039,0.0,8690
720575940628058493,0.0,8691
