root_id,betweenness,rank
720575940632403986,0.00042090266304389677,1
720575940623636701,0.0004158468398837422,2
720575940634773951,0.00034492165570601714,3
720575940631321704,0.0003265751097424078,4
720575940615189465,0.00015924016823128768,5
720575940638288447,0.00014131884359331869,6
720575940611379569,0.00012749074971865582,7
720575940616169578,0.00012286044594139427,8
720575940609282825,0.00012266950977425476,9
720575940633294796,9.926456886047796e-05,10
720575940617552541,8.69934807917035e-05,11
720575940614326162,8.641123350089773e-05,12
720575940630407388,8.604027886116958e-05,13
720575940609269001,8.603074281909225e-05,14
720575940629461442,8.055952106800064e-05,15
720575940610292430,7.959413924057072e-05,16
720575940623875819,7.490936047554079e-05,17
720575940628059722,7.211856936267778e-05,18
720575940628352850,6.580663847365258e-05,19
720575940632795532,6.362887295746973e-05,20
720575940623707575,5.5469897914234225e-05,21
720575940634545890,5.4626694985739065e-05,22
720575940623000858,5.3273229982752226e-05,23
720575940614956072,4.505264812231276e-05,24
720575940617561669,4.425063355639747e-05,25
720575940629091431,4.09908664967669e-05,26
720575940612714723,3.821254251541285e-05,27
720575940630546540,3.341680283816747e-05,28
720575940628573519,3.1769759968494724e-05,29
720575940636873791,3.034009642425859e-05,30
720575940635945919,2.9471107779083282e-05,31
720575940612635050,2.902273306904271e-05,32
720575940626115134,2.795170484244561e-05,33
720575940607990229,2.7520449310082894e-05,34
720575940606762686,2.7044696242681124e-05,35
720575940613804259,2.6655761961668123e-05,36
720575940613590501,2.6240918375828723e-05,37
720575940608898005,2.618533994507984e-05,38
720575940617496925,2.5848497476699148e-05,39
720575940620541349,2.5538322810886574e-05,40
720575940614113682,2.5083079802837702e-05,41
720575940618295454,2.49767053649011e-05,42
720575940618757666,2.4520039413968517e-05,43
720575940631538028,2.4447584171006766e-05,44
720575940615607207,2.349169808430213e-05,45
720575940623824106,2.2390926526511215e-05,46
720575940630340474,2.1889640068370982e-05,47
720575940640971995,2.092279640769359e-05,48
720575940621256212,1.967091410365254e-05,49
720575940637594334,1.9536468931486046e-05,50
720575940640803200,1.9374914378051663e-05,51
720575940637602650,1.9061618780996964e-05,52
720575940631683927,1.8761795729726958e-05,53
720575940640858019,1.7329961429774992e-05,54
720575940603464672,1.4864754722786266e-05,55
720575940626143806,1.4556454486408876e-05,56
720575940624057853,1.4261868442090279e-05,57
720575940628023685,1.396750590573381e-05,58
720575940607687260,1.3327533908384512e-05,59
720575940646576436,1.3200159809371015e-05,60
720575940632505359,1.3184831372505332e-05,61
720575940619061662,1.3009583114547003e-05,62
720575940635119723,1.2586949915136157e-05,63
720575940614065676,1.2325361097250737e-05,64
720575940637136752,1.1795001580062004e-05,65
720575940638128474,1.1697255219671828e-05,66
720575940604352172,1.1497090336350905e-05,67
720575940630770042,1.1169293311352136e-05,68
720575940631930828,1.0939839138920583e-05,69
720575940618385620,1.0535854970535094e-05,70
720575940611944914,1.0400531868346576e-05,71
720575940623788040,1.024343600877428e-05,72
720575940624330281,1.0229832600601331e-05,73
720575940632698797,1.0157604085855778e-05,74
720575940611079236,1.0054337923281668e-05,75
720575940605309361,1.0017998628399628e-05,76
720575940637056887,9.524492004752661e-06,77
720575940637712243,9.492206130507132e-06,78
720575940617205179,9.46709463875695e-06,79
720575940628425990,9.411501896673802e-06,80
720575940650929273,9.258778429653048e-06,81
720575940637943374,9.040629683640606e-06,82
720575940630097103,8.849358762218326e-06,83
720575940637449023,8.687360876607077e-06,84
720575940622894616,8.545499211868909e-06,85
720575940619772525,8.466556009454103e-06,86
720575940617642832,8.460455368638605e-06,87
720575940619280705,8.246951874390612e-06,88
720575940605758142,8.208520079454009e-06,89
720575940614344354,7.970771026900412e-06,90
720575940629097922,7.87998468470939e-06,91
720575940608970197,7.817697228896132e-06,92
720575940623230698,7.773516976543055e-06,93
720575940628739560,7.6696603593874e-06,94
720575940620199962,7.583751663513154e-06,95
720575940625977802,7.51897206447151e-06,96
720575940615366055,7.458393987329631e-06,97
720575940633984924,7.351782399430203e-06,98
720575940617179451,7.237460289807564e-06,99
720575940634939327,7.145089642255171e-06,100
720575940626650776,7.072546015669263e-06,101
720575940639314229,6.836225612493669e-06,102
720575940644961588,6.555280040368317e-06,103
720575940616758322,6.5184648436182315e-06,104
720575940626247823,6.468085044686755e-06,105
720575940640697808,6.452800839254681e-06,106
720575940617781383,6.390278431428147e-06,107
720575940622448589,6.3541913889466175e-06,108
720575940632167085,6.249718521598956e-06,109
720575940618277184,6.140181285926045e-06,110
720575940615160386,6.1294272132060125e-06,111
720575940617207185,6.022864187976839e-06,112
720575940632416298,5.892520600295664e-06,113
720575940609460491,5.884188108123225e-06,114
720575940612840982,5.8585886901726655e-06,115
720575940621398254,5.788680927225063e-06,116
720575940623366102,5.705068232967385e-06,117
720575940638624189,5.699288780170724e-06,118
720575940633741229,5.675386929055683e-06,119
720575940617343316,5.661257277277146e-06,120
720575940617668747,5.641361075838724e-06,121
720575940625251401,5.615360535489995e-06,122
720575940619895125,5.550238666090266e-06,123
720575940631842360,5.465193315686638e-06,124
720575940619071005,5.397340301648907e-06,125
720575940621696747,5.356205605516128e-06,126
720575940626958878,5.350987102666402e-06,127
720575940641148149,5.029056459983172e-06,128
720575940620595053,4.985766971398145e-06,129
720575940627044885,4.970197365282284e-06,130
720575940614474407,4.965159659517394e-06,131
720575940637628762,4.9104748752384985e-06,132
720575940644362788,4.887486532202549e-06,133
720575940630549370,4.872244711229168e-06,134
720575940613419695,4.850900937790164e-06,135
720575940613527761,4.704849215603663e-06,136
720575940616273631,4.547317074973216e-06,137
720575940617571997,4.510815348857509e-06,138
720575940620931312,4.4832538294537285e-06,139
720575940639080765,4.457626453232168e-06,140
720575940627042064,4.439620557941911e-06,141
720575940618343734,4.424601007714797e-06,142
720575940605102694,4.416000640858168e-06,143
720575940616079035,4.403586357465912e-06,144
720575940634303132,4.302954111739293e-06,145
720575940633165025,4.265163722455506e-06,146
720575940628586283,4.247244815689522e-06,147
720575940609739669,4.2111436078822e-06,148
720575940627096957,4.201627458606193e-06,149
720575940633190847,4.1864383444425176e-06,150
720575940619456728,4.169825174150671e-06,151
720575940622368792,4.164848271309474e-06,152
720575940629701737,4.129000072537201e-06,153
720575940621529435,4.11540256683417e-06,154
720575940618461121,3.995144292292572e-06,155
720575940635082871,3.9502267627974e-06,156
720575940610408643,3.906787624962774e-06,157
720575940618594022,3.8752787816557526e-06,158
720575940638633535,3.870594121140212e-06,159
720575940623146701,3.86155649974444e-06,160
720575940624435128,3.855226391877235e-06,161
720575940633074145,3.7872259129874235e-06,162
720575940631586858,3.7860167062175317e-06,163
720575940638803790,3.783592427514675e-06,164
720575940612732273,3.783130468913292e-06,165
720575940627927573,3.766245637748526e-06,166
720575940628467611,3.7433516083317835e-06,167
720575940628283560,3.7195684770310216e-06,168
720575940630131663,3.707705355518497e-06,169
720575940622633716,3.70450323251e-06,170
720575940629733626,3.7040486486295012e-06,171
720575940626682682,3.664072370776975e-06,172
720575940613258221,3.6394778033454633e-06,173
720575940656090017,3.5797080005848458e-06,174
720575940612856273,3.5390568940379634e-06,175
720575940618865112,3.473751626018123e-06,176
720575940629009513,3.471287644898176e-06,177
720575940620068518,3.467781913290727e-06,178
720575940614727903,3.451771470944798e-06,179
720575940609957315,3.438873396441611e-06,180
720575940627154063,3.4063722795771086e-06,181
720575940625014928,3.3941409573393837e-06,182
720575940608628419,3.3914977708736537e-06,183
720575940623444715,3.3772416205888847e-06,184
720575940606649865,3.35301987261737e-06,185
720575940623203805,3.351348061598039e-06,186
720575940629561338,3.3439259798545662e-06,187
720575940630697979,3.340349967612986e-06,188
720575940646122804,3.3327237877874703e-06,189
720575940604431584,3.3322628147108168e-06,190
720575940626378242,3.32332075312118e-06,191
720575940626535973,3.3229550480080144e-06,192
720575940618308825,3.318322589134251e-06,193
720575940630066007,3.2644964746376074e-06,194
720575940632198442,3.240353087145958e-06,195
720575940630547909,3.224757899870432e-06,196
720575940642086389,3.2104077086673394e-06,197
720575940637098352,3.2051478256052425e-06,198
720575940628822248,3.200863271551419e-06,199
720575940616345686,3.1986647017677724e-06,200
720575940637208718,3.195121743872867e-06,201
720575940640804853,3.189878166460893e-06,202
720575940623913364,3.1870770532828383e-06,203
720575940614155882,3.178607288594528e-06,204
720575940604407468,3.174910238475998e-06,205
720575940621551854,3.167614268488428e-06,206
720575940627035388,3.1259149923915085e-06,207
720575940612475598,3.117219071516165e-06,208
720575940614756589,3.001198434663082e-06,209
720575940618886710,2.992929968860525e-06,210
720575940624834697,2.990812854086847e-06,211
720575940628420264,2.984638185772317e-06,212
720575940617120697,2.95600762687583e-06,213
720575940623983859,2.95374569687077e-06,214
720575940615723314,2.9106047068295257e-06,215
720575940623862015,2.89853367319873e-06,216
720575940623136717,2.881014463911949e-06,217
720575940616020795,2.859535546348776e-06,218
720575940625784153,2.8448700914641394e-06,219
720575940623450564,2.8279163527496395e-06,220
720575940630989354,2.812183808478176e-06,221
720575940617504581,2.8077164521966347e-06,222
720575940612197374,2.78811630346549e-06,223
720575940630571052,2.784680700978957e-06,224
720575940627604327,2.744652793446096e-06,225
720575940621500865,2.7417872221806893e-06,226
720575940608845525,2.7159257000904027e-06,227
720575940623543881,2.714963224364615e-06,228
720575940607459849,2.6983868345274683e-06,229
720575940611137742,2.6702215143138424e-06,230
720575940659429761,2.6125854944314844e-06,231
720575940627265274,2.6102727950825386e-06,232
720575940620749807,2.6039221912006307e-06,233
720575940623739076,2.5755673655166453e-06,234
720575940628059978,2.562818314685035e-06,235
720575940619517233,2.5580484743400937e-06,236
720575940634695263,2.5541942228678357e-06,237
720575940633804212,2.540733852490725e-06,238
720575940632713759,2.521479720971781e-06,239
720575940630024566,2.517073425347251e-06,240
720575940619441345,2.507520444087031e-06,241
720575940635565816,2.505526454819411e-06,242
720575940623041549,2.4908242041481207e-06,243
720575940610100437,2.4851329431105542e-06,244
720575940615513086,2.4703268879191363e-06,245
720575940634710629,2.4606010134042075e-06,246
720575940631462200,2.4346560698154115e-06,247
720575940603985952,2.4240685169683043e-06,248
720575940617903168,2.4155791540626955e-06,249
720575940617299131,2.3626010898883017e-06,250
720575940611372714,2.354828254854985e-06,251
720575940629011655,2.3386384118823073e-06,252
720575940624986407,2.329716805184925e-06,253
720575940622331882,2.3242532256498305e-06,254
720575940605400096,2.31232380957902e-06,255
720575940620633070,2.2908547618946663e-06,256
720575940629279544,2.280355738072023e-06,257
720575940620840948,2.2628367119753636e-06,258
720575940622054497,2.2497535108631543e-06,259
720575940611671506,2.2463140132450923e-06,260
720575940612699761,2.246142870807711e-06,261
720575940657858433,2.224552428049795e-06,262
720575940640830453,2.177969064136842e-06,263
720575940626991147,2.176470588188573e-06,264
720575940625110967,2.1710817650623595e-06,265
720575940619928429,2.1581498853723965e-06,266
720575940614137809,2.157477040286378e-06,267
720575940634325087,2.156847139526233e-06,268
720575940627708688,2.1555985078305564e-06,269
720575940627192337,2.1512518327948598e-06,270
720575940630914858,2.150569123778569e-06,271
720575940618499238,2.1493139476185786e-06,272
720575940615808029,2.1355397485750133e-06,273
720575940625584484,2.11053313437818e-06,274
720575940627844734,2.107677032571866e-06,275
720575940623084170,2.1037330113332734e-06,276
720575940625493400,2.0910660859911923e-06,277
720575940621316033,2.0831438778565195e-06,278
720575940621776161,2.0790280802713035e-06,279
720575940660914561,2.070476691096794e-06,280
720575940620946957,2.0602246710105854e-06,281
720575940635468991,2.059588307795422e-06,282
720575940615073587,2.04470781257374e-06,283
720575940614309535,2.037285085678596e-06,284
720575940620319085,2.0271228439901167e-06,285
720575940623902471,2.021121965819822e-06,286
720575940611703080,2.020970648908271e-06,287
720575940631054634,2.008137583924488e-06,288
720575940639121571,1.997097139704266e-06,289
720575940619385765,1.9861838466326415e-06,290
720575940618149686,1.974297868818398e-06,291
720575940631899223,1.967515979472973e-06,292
720575940631105580,1.9366795347515796e-06,293
720575940631907159,1.9237962715971072e-06,294
720575940639638086,1.923023537837204e-06,295
720575940610375214,1.9115255952469635e-06,296
720575940623528925,1.8975457559005058e-06,297
720575940631447879,1.8778619915532903e-06,298
720575940627223614,1.8637544087354262e-06,299
720575940619807397,1.8607110508884523e-06,300
720575940631708973,1.855862507627161e-06,301
720575940637623780,1.853317629074333e-06,302
720575940612637554,1.8490944991034486e-06,303
720575940628789525,1.8433877183057144e-06,304
720575940614238114,1.8369010447252374e-06,305
720575940639017050,1.835835393797012e-06,306
720575940645199924,1.828558822671294e-06,307
720575940626818085,1.826629832023541e-06,308
720575940619537201,1.8261577985650461e-06,309
720575940612355507,1.8079405673110677e-06,310
720575940617917760,1.7997722936513117e-06,311
720575940644467360,1.7968718009325033e-06,312
720575940637611365,1.7913843097501138e-06,313
720575940608293129,1.7877394970668259e-06,314
720575940622811430,1.7824315771949406e-06,315
720575940606722249,1.7759966569933227e-06,316
720575940616197819,1.7744725417120942e-06,317
720575940660217473,1.7727791032994123e-06,318
720575940627690246,1.7717611982640803e-06,319
720575940620235796,1.7638427280469495e-06,320
720575940633483807,1.7567519241853903e-06,321
720575940649045369,1.7507807664960423e-06,322
720575940631497078,1.7425218954601453e-06,323
720575940621185050,1.7415677490883913e-06,324
720575940623650055,1.737735107209671e-06,325
720575940613345442,1.7344303565975604e-06,326
720575940640314190,1.7121102324915302e-06,327
720575940625431870,1.7099400825669423e-06,328
720575940628678991,1.7066086108032913e-06,329
720575940631942341,1.6859363296563108e-06,330
720575940624891941,1.6840113048132622e-06,331
720575940661114753,1.6782938066403424e-06,332
720575940659019649,1.6771491784076004e-06,333
720575940608199748,1.656283365880244e-06,334
720575940635983770,1.6542956884608514e-06,335
720575940622324991,1.6474149615265352e-06,336
720575940635604581,1.6453299642981855e-06,337
720575940626433881,1.6451389502103422e-06,338
720575940620437339,1.623834880594522e-06,339
720575940621885957,1.6218780798717323e-06,340
720575940631328104,1.5953594733459391e-06,341
720575940637526190,1.594334095204239e-06,342
720575940619637780,1.5795559888285557e-06,343
720575940644704160,1.5712512611983993e-06,344
720575940619434712,1.558834755871611e-06,345
720575940640100440,1.5575279588482776e-06,346
720575940623617973,1.5508606673370492e-06,347
720575940614587615,1.54457244321197e-06,348
720575940645537902,1.5340679629715717e-06,349
720575940630313324,1.5215557701622064e-06,350
720575940620465904,1.5192313914549876e-06,351
720575940622070554,1.5006177576361302e-06,352
720575940644004768,1.4687843898519072e-06,353
720575940623650823,1.4587625501137246e-06,354
720575940622785062,1.4544672920467305e-06,355
720575940629792732,1.4477907803933148e-06,356
720575940609447179,1.4450044211106716e-06,357
720575940631423116,1.438536773102102e-06,358
720575940638910040,1.438070244292233e-06,359
720575940610605614,1.434038366536486e-06,360
720575940621103743,1.4279180285569507e-06,361
720575940624514599,1.4239377289261703e-06,362
720575940629240263,1.421331975094219e-06,363
720575940630608236,1.4212570452293477e-06,364
720575940618574749,1.4171753418148893e-06,365
720575940622599408,1.4160483592137696e-06,366
720575940616486230,1.4102344833501544e-06,367
720575940621939071,1.4026240348983465e-06,368
720575940623945404,1.4010618623553561e-06,369
720575940640398477,1.3988123333486718e-06,370
720575940630778428,1.3927887595870764e-06,371
720575940622998627,1.3649870751854753e-06,372
720575940607439964,1.3633056013058852e-06,373
720575940624515571,1.3627951085406113e-06,374
720575940627284234,1.3591822759337298e-06,375
720575940630323303,1.357232099958605e-06,376
720575940609890315,1.355704748893705e-06,377
720575940612347571,1.3549317604317631e-06,378
720575940622957064,1.3508000524674258e-06,379
720575940614374034,1.3489353970951467e-06,380
720575940618112310,1.3459201963919307e-06,381
720575940620813989,1.345694145992318e-06,382
720575940638360798,1.3422237472345672e-06,383
720575940606590338,1.3409878395807495e-06,384
720575940635362716,1.3338308235855746e-06,385
720575940619455448,1.3327100991123577e-06,386
720575940648650884,1.3318514483488477e-06,387
720575940626030776,1.3302929334378016e-06,388
720575940632835688,1.3229503884431406e-06,389
720575940622920074,1.3224215835707025e-06,390
720575940617098385,1.3162941774321157e-06,391
720575940616824588,1.3001981139893157e-06,392
720575940627196435,1.2983635985698327e-06,393
720575940621533985,1.2965694824796926e-06,394
720575940610505170,1.2938655449582193e-06,395
720575940625237891,1.2913669461419354e-06,396
720575940637231593,1.2803052820219705e-06,397
720575940633906076,1.274294812819605e-06,398
720575940613203119,1.2718246525562414e-06,399
720575940628077568,1.2667421080287417e-06,400
720575940613167007,1.2570619088348296e-06,401
720575940621298270,1.2523907479241958e-06,402
720575940637126007,1.2447244352216583e-06,403
720575940630160384,1.2403749362069856e-06,404
720575940627368250,1.239114648611774e-06,405
720575940621542747,1.235455132091254e-06,406
720575940617763099,1.227867252611113e-06,407
720575940646192692,1.214395298848289e-06,408
720575940613579943,1.2141228484854217e-06,409
720575940635678638,1.2115802830341616e-06,410
720575940612461461,1.196527180394653e-06,411
720575940622726271,1.193929416986662e-06,412
720575940603231916,1.1893118799352345e-06,413
720575940612251055,1.1855239357754625e-06,414
720575940636576948,1.1818075204680404e-06,415
720575940630493818,1.180937225345268e-06,416
720575940626034819,1.1758271167588398e-06,417
720575940646197812,1.1577614416124075e-06,418
720575940626347778,1.1570257279131186e-06,419
720575940620390592,1.1375893411625915e-06,420
720575940616980737,1.1357707697626004e-06,421
720575940619059102,1.1329786081244549e-06,422
720575940631193052,1.1323212720249244e-06,423
720575940623468228,1.1265692120748447e-06,424
720575940624201033,1.1171229068460173e-06,425
720575940623237161,1.1166342797453907e-06,426
720575940621333696,1.1132279192224958e-06,427
720575940640541091,1.1030590870323615e-06,428
720575940617078489,1.084062795289228e-06,429
720575940615104927,1.0687212280269233e-06,430
720575940626224280,1.06805500505721e-06,431
720575940613489617,1.0661020653134249e-06,432
720575940622287142,1.0660867224788167e-06,433
720575940611352014,1.0614653209805271e-06,434
720575940631742156,1.0598291015452362e-06,435
720575940632720026,1.057443821566241e-06,436
720575940619931119,1.0511300415312455e-06,437
720575940630895055,1.0506625757688573e-06,438
720575940631765571,1.0403790343026677e-06,439
720575940627888144,1.0393973755281679e-06,440
720575940613798142,1.036440923468776e-06,441
720575940618326511,1.0338608432536306e-06,442
720575940612605667,1.033769184382793e-06,443
720575940620445062,1.0320434803731673e-06,444
720575940610161091,1.0249996695231236e-06,445
720575940625656980,1.017109789016548e-06,446
720575940635211115,1.0132231385197927e-06,447
720575940616566133,1.0108217978054226e-06,448
720575940630183286,1.0081839235201212e-06,449
720575940628914692,1.0071491264690034e-06,450
720575940627160322,1.0060619010060946e-06,451
720575940624108361,1.0045927143196663e-06,452
720575940637618142,1.0030889898197637e-06,453
720575940632410828,1.0020504159450801e-06,454
720575940624661552,1.0008593814006804e-06,455
720575940628524292,1.00021921271306e-06,456
720575940659611777,9.923281151296753e-07,457
720575940624879911,9.900318628447398e-07,458
720575940630945335,9.8958087872973e-07,459
720575940609454603,9.871821287631176e-07,460
720575940626624275,9.870587103901656e-07,461
720575940632007983,9.840110800799326e-07,462
720575940644494752,9.791368707844453e-07,463
720575940621086996,9.752140123634671e-07,464
720575940625107127,9.691486783531589e-07,465
720575940626986885,9.610703894047569e-07,466
720575940620565313,9.607864330820538e-07,467
720575940633499548,9.587511784846995e-07,468
720575940623322921,9.557048156228318e-07,469
720575940617229632,9.489905710979241e-07,470
720575940629502251,9.480613775362534e-07,471
720575940621475610,9.462300436618266e-07,472
720575940642193549,9.43513153037965e-07,473
720575940620981072,9.342577191597965e-07,474
720575940615669972,9.329461477205149e-07,475
720575940625534187,9.282666332390627e-07,476
720575940629845303,9.281960942333702e-07,477
720575940608176258,9.256634638525107e-07,478
720575940626498566,9.11481801100077e-07,479
720575940615394719,9.064734949443007e-07,480
720575940626675837,9.023219921701723e-07,481
720575940646682676,8.999957615713314e-07,482
720575940622413948,8.97395555710675e-07,483
720575940608716809,8.971966715966925e-07,484
720575940609891886,8.928334126025773e-07,485
720575940617041728,8.915431130025221e-07,486
720575940618021755,8.863659615171085e-07,487
720575940610505006,8.856417042022756e-07,488
720575940632200749,8.850222394128867e-07,489
720575940630539535,8.821744993173898e-07,490
720575940636878254,8.788532210889876e-07,491
720575940620624177,8.7708616172387e-07,492
720575940627286794,8.553505699294239e-07,493
720575940622675421,8.553346825981476e-07,494
720575940637686079,8.495908285674243e-07,495
720575940610872014,8.475563302493889e-07,496
720575940619902598,8.383153216326513e-07,497
720575940632679341,8.360254930353237e-07,498
720575940622457443,8.357243170217022e-07,499
720575940620514651,8.33277358758063e-07,500
720575940625334970,8.295935987373098e-07,501
720575940628498161,8.256494436564933e-07,502
720575940622089761,8.248196797272532e-07,503
720575940616900130,8.199043773605062e-07,504
720575940620249941,8.194070985128216e-07,505
720575940628914436,8.117484203897961e-07,506
720575940631046829,8.089993336534476e-07,507
720575940626690334,8.084157384820571e-07,508
720575940644465568,8.058039459370419e-07,509
720575940610698052,8.037281041608963e-07,510
720575940614492397,8.032303178667049e-07,511
720575940631975884,7.986202713668509e-07,512
720575940610048981,7.966969690684672e-07,513
720575940623619805,7.933045039429211e-07,514
720575940632417554,7.92066290638427e-07,515
720575940612907121,7.864808675803824e-07,516
720575940640175549,7.833586921310494e-07,517
720575940640955637,7.795946395385722e-07,518
720575940637469254,7.795037337126657e-07,519
720575940622574532,7.7699594841549e-07,520
720575940638677070,7.726703832288167e-07,521
720575940628810512,7.715217340238303e-07,522
720575940616315281,7.697184933379942e-07,523
720575940623781127,7.64395417323944e-07,524
720575940624853031,7.642186908258605e-07,525
720575940621441494,7.639524404727008e-07,526
720575940627677258,7.599972488089768e-07,527
720575940613271219,7.585654943623289e-07,528
720575940629883351,7.552727745950541e-07,529
720575940633293025,7.545367220653483e-07,530
720575940610530606,7.540137613443887e-07,531
720575940621659563,7.517876406724381e-07,532
720575940631566700,7.495651001335317e-07,533
720575940628035543,7.494035174739494e-07,534
720575940620191009,7.471924435522953e-07,535
720575940617009970,7.371389286468925e-07,536
720575940626672314,7.365026861434414e-07,537
720575940611644529,7.275481399593677e-07,538
720575940606056905,7.257958171943077e-07,539
720575940629103468,7.235745412135487e-07,540
720575940621753377,7.229604450684943e-07,541
720575940612046286,7.217312661474148e-07,542
720575940615059752,7.176050554724962e-07,543
720575940629995319,7.165791306353375e-07,544
720575940608124338,7.154216168283393e-07,545
720575940614291181,7.146477083743453e-07,546
720575940620189790,7.140209665642015e-07,547
720575940622338742,7.109715766046164e-07,548
720575940630384635,7.068409024334156e-07,549
720575940625564676,7.048578006731644e-07,550
720575940634334675,7.028570959818265e-07,551
720575940612087758,6.932152542636487e-07,552
720575940639892413,6.906700210302423e-07,553
720575940620642940,6.879501691130342e-07,554
720575940651646966,6.727222469829358e-07,555
720575940628200506,6.689913529734358e-07,556
720575940610669042,6.686642801356019e-07,557
720575940630921027,6.611797052157772e-07,558
720575940625585508,6.582251486687818e-07,559
720575940624538599,6.559254236932604e-07,560
720575940627214235,6.533327841489588e-07,561
720575940647473796,6.507078024769454e-07,562
720575940624770791,6.504645878680378e-07,563
720575940605119776,6.483778728179542e-07,564
720575940623303108,6.466191475701866e-07,565
720575940631619921,6.459803680172376e-07,566
720575940625843262,6.442763241109999e-07,567
720575940623605943,6.434882869401619e-07,568
720575940647075619,6.426790078840761e-07,569
720575940661089921,6.419338184615622e-07,570
720575940644473760,6.370193267376213e-07,571
720575940621057702,6.352014587177424e-07,572
720575940637910106,6.34736442168706e-07,573
720575940622516941,6.336456702843802e-07,574
720575940628259407,6.329971151927702e-07,575
720575940620541099,6.309658273928986e-07,576
720575940627014949,6.304217707521109e-07,577
720575940617839389,6.26267500697844e-07,578
720575940624152051,6.235847356289144e-07,579
720575940625013175,6.222266037040282e-07,580
720575940637686750,6.21237459312152e-07,581
720575940625586122,6.202806543648955e-07,582
720575940626741552,6.197135060869682e-07,583
720575940628343634,6.168302959139866e-07,584
720575940605705406,6.160610036379863e-07,585
720575940629587671,6.152000439072132e-07,586
720575940621401222,6.127598453058002e-07,587
720575940622224836,6.121548843950968e-07,588
720575940616504977,6.0922278149125e-07,589
720575940627069416,6.067506967831218e-07,590
720575940629163931,6.028215343810919e-07,591
720575940635515572,5.990203503410968e-07,592
720575940621673852,5.94774166155311e-07,593
720575940629676926,5.937568054452816e-07,594
720575940612284569,5.926000435656056e-07,595
720575940635249332,5.924861857860741e-07,596
720575940610052266,5.91889936409036e-07,597
720575940614308758,5.844343398856928e-07,598
720575940639680957,5.824836194936919e-07,599
720575940628436282,5.806350880587414e-07,600
720575940614944977,5.799651374884506e-07,601
720575940605410592,5.749969639551781e-07,602
720575940644869143,5.728528565740563e-07,603
720575940620420544,5.723800950717492e-07,604
720575940633170643,5.708504266229682e-07,605
720575940623792648,5.678001354841241e-07,606
720575940631630021,5.658412137781751e-07,607
720575940633372185,5.656394509533965e-07,608
720575940604662700,5.625996917373216e-07,609
720575940634229615,5.62150802753749e-07,610
720575940620661168,5.61348364764998e-07,611
720575940617910848,5.601029364398903e-07,612
720575940608589323,5.586762702510029e-07,613
720575940635933119,5.501924159476546e-07,614
720575940660217985,5.495783519229086e-07,615
720575940623867911,5.445487986429014e-07,616
720575940610669614,5.382982340034408e-07,617
720575940627349860,5.354262889002637e-07,618
720575940629229271,5.350164039114008e-07,619
720575940636066167,5.33874721889765e-07,620
720575940608601865,5.306528592590951e-07,621
720575940630592031,5.297543342916717e-07,622
720575940626009852,5.273728846401223e-07,623
720575940621241072,5.240414654032364e-07,624
720575940626132030,5.230624217491986e-07,625
720575940621239679,5.225339629645342e-07,626
720575940615155507,5.204611792626747e-07,627
720575940644914967,5.168826413567924e-07,628
720575940612159411,5.160496670146257e-07,629
720575940617175965,5.124223629474156e-07,630
720575940639337461,5.079589470003668e-07,631
720575940611720362,5.07897961066222e-07,632
720575940624001321,5.045797453011206e-07,633
720575940641977229,5.019711405313914e-07,634
720575940617390429,4.954047706457453e-07,635
720575940622042373,4.951701800915178e-07,636
720575940619337536,4.926872401666994e-07,637
720575940622917381,4.920275777025955e-07,638
720575940623547133,4.896829934672446e-07,639
720575940610486830,4.876810236188705e-07,640
720575940631991082,4.849947484961249e-07,641
720575940616670242,4.839222631604567e-07,642
720575940633670904,4.830213806339733e-07,643
720575940628130325,4.813704176750125e-07,644
720575940613583001,4.808258313783702e-07,645
720575940628514832,4.808126555103132e-07,646
720575940626074378,4.804115379667377e-07,647
720575940638719104,4.781409292917284e-07,648
720575940625871408,4.780304865928557e-07,649
720575940623901695,4.773214615129117e-07,650
720575940633554636,4.77196368031015e-07,651
720575940628393559,4.75298223756758e-07,652
720575940626928650,4.7408819842408923e-07,653
720575940605494560,4.738376332550839e-07,654
720575940620474278,4.7120509275597996e-07,655
720575940615385055,4.70992532151983e-07,656
720575940634771552,4.7042530950835766e-07,657
720575940637688292,4.686345657748397e-07,658
720575940630077558,4.686104402198296e-07,659
720575940623878891,4.685052878122503e-07,660
720575940627683588,4.682877063303559e-07,661
720575940648633988,4.6750134179698534e-07,662
720575940628802069,4.6578915927757684e-07,663
720575940627290129,4.6573815854525875e-07,664
720575940639417728,4.65724456925203e-07,665
720575940631526215,4.647789688096835e-07,666
720575940627150991,4.6468570677081184e-07,667
720575940632013387,4.644097366226522e-07,668
720575940626023001,4.6255780931666917e-07,669
720575940631704716,4.6175109317110305e-07,670
720575940613557288,4.5989508441678186e-07,671
720575940614714178,4.592840511939792e-07,672
720575940640129408,4.573135788756908e-07,673
720575940616376891,4.5708473225317563e-07,674
720575940618615360,4.5566841525962483e-07,675
720575940630907434,4.5397472243063447e-07,676
720575940617745821,4.539499078970711e-07,677
720575940636241550,4.5209790367721496e-07,678
720575940631617017,4.5201967901453476e-07,679
720575940619150040,4.5178479972555093e-07,680
720575940636316023,4.5099313350468756e-07,681
720575940624450342,4.490503351783732e-07,682
720575940611957427,4.486038322757947e-07,683
720575940617441752,4.454672371652193e-07,684
720575940623955637,4.443235825985832e-07,685
720575940622048862,4.421502560190999e-07,686
720575940621585279,4.414683744626726e-07,687
720575940622581651,4.41061804908534e-07,688
720575940623986364,4.404552817110097e-07,689
720575940642492576,4.367044444891487e-07,690
720575940619623407,4.350691180710536e-07,691
720575940624832743,4.342782066060145e-07,692
720575940610896338,4.340075866514272e-07,693
720575940623554796,4.321747208649479e-07,694
720575940609819512,4.309612712453027e-07,695
720575940632261423,4.30445713804361e-07,696
720575940609903077,4.2866964257784006e-07,697
720575940618263365,4.270502187248441e-07,698
720575940604403628,4.2700773196081503e-07,699
720575940631603281,4.2662492595503543e-07,700
720575940629312300,4.26064467570533e-07,701
720575940606751922,4.2605142503939393e-07,702
720575940638046948,4.254575146016646e-07,703
720575940627737365,4.2467807801021546e-07,704
720575940606218528,4.20121197991725e-07,705
720575940628174279,4.198481574019573e-07,706
720575940620468718,4.1889394059452037e-07,707
720575940611377893,4.151684978701284e-07,708
720575940625293514,4.1357818950210395e-07,709
720575940615059240,4.116261348236052e-07,710
720575940613418547,4.0789440748730206e-07,711
720575940616185531,4.0764758341107165e-07,712
720575940623233065,4.0306267277451434e-07,713
720575940634809455,4.018049351519256e-07,714
720575940620573037,4.016779393101683e-07,715
720575940634026925,4.016067350580675e-07,716
720575940628945516,4.0065400630955015e-07,717
720575940626312835,3.993594581703042e-07,718
720575940660093313,3.991289235774292e-07,719
720575940609619666,3.966584975920203e-07,720
720575940624402204,3.950412042234242e-07,721
720575940623223245,3.935451299999049e-07,722
720575940624951847,3.932635687357563e-07,723
720575940643543496,3.920382297179382e-07,724
720575940632815315,3.9055491676712116e-07,725
720575940624663788,3.9028487325820425e-07,726
720575940635664046,3.895971125731249e-07,727
720575940637323071,3.887814438713102e-07,728
720575940628392279,3.88413358089019e-07,729
720575940628446010,3.8814041887249604e-07,730
720575940619078091,3.8687897204077247e-07,731
720575940617257985,3.865635024216308e-07,732
720575940617586757,3.86155647243143e-07,733
720575940639285949,3.8543384602378353e-07,734
720575940637461082,3.837394489809881e-07,735
720575940606806473,3.8234187413698173e-07,736
720575940620617153,3.8181906865720267e-07,737
720575940629301248,3.808287740516569e-07,738
720575940630736123,3.8056000841188363e-07,739
720575940626575997,3.802539687088288e-07,740
720575940605694752,3.786156192469238e-07,741
720575940628158875,3.774666021295556e-07,742
720575940624846517,3.7509218578891234e-07,743
720575940611849187,3.7471738379456274e-07,744
720575940633772452,3.7454014529625593e-07,745
720575940630606444,3.741097826873373e-07,746
720575940619269029,3.7363528146099385e-07,747
720575940615460255,3.7241374804233023e-07,748
720575940605780140,3.679502003997444e-07,749
720575940623137997,3.655824356491551e-07,750
720575940618531544,3.6405277448296494e-07,751
720575940647020932,3.6339126611657186e-07,752
720575940638603709,3.6313093301715347e-07,753
720575940615043222,3.6219727393827826e-07,754
720575940618660043,3.605349785918871e-07,755
720575940622762995,3.60463990392702e-07,756
720575940616413894,3.600284603794713e-07,757
720575940628675433,3.5946285874883113e-07,758
720575940621326006,3.591849805896712e-07,759
720575940605154988,3.591051805984032e-07,760
720575940630799042,3.5857042854717336e-07,761
720575940619644336,3.5667297302498225e-07,762
720575940625431866,3.557484241098763e-07,763
720575940633500084,3.5524950013089194e-07,764
720575940642410020,3.5475778490551527e-07,765
720575940633938349,3.5345704601897795e-07,766
720575940613914774,3.525887420360911e-07,767
720575940606385440,3.517551259453467e-07,768
720575940615708482,3.51179254971542e-07,769
720575940630359290,3.509054921570915e-07,770
720575940614429165,3.5048640694918146e-07,771
720575940636489140,3.4986569314214265e-07,772
720575940637864355,3.498037529564471e-07,773
720575940633212441,3.484094586745085e-07,774
720575940631269650,3.4829352508059347e-07,775
720575940617295901,3.475873385193623e-07,776
720575940620689524,3.444649697152361e-07,777
720575940632754003,3.4407061220265277e-07,778
720575940627196691,3.4300772350832983e-07,779
720575940608345778,3.4275909573889694e-07,780
720575940619531373,3.3987536802148793e-07,781
720575940627796298,3.374792659726863e-07,782
720575940632571583,3.374705251873561e-07,783
720575940605883569,3.3729420445537293e-07,784
720575940647966260,3.3696469336939027e-07,785
720575940660217729,3.369225827956521e-07,786
720575940627605779,3.367434503041938e-07,787
720575940617290043,3.356705899885046e-07,788
720575940640372021,3.3550894532642257e-07,789
720575940616908177,3.354508361375915e-07,790
720575940612167794,3.354107545723455e-07,791
720575940637633678,3.349671747460781e-07,792
720575940636893493,3.342073506145818e-07,793
720575940615856345,3.339076169864264e-07,794
720575940646433059,3.335759007235184e-07,795
720575940627129290,3.3341296753017484e-07,796
720575940630250860,3.32430761959588e-07,797
720575940624673936,3.3138646822678185e-07,798
720575940641961869,3.311267239819187e-07,799
720575940621530117,3.3060637902878193e-07,800
720575940605162924,3.3040171124848305e-07,801
720575940624547622,3.3018107953465255e-07,802
720575940627982332,3.298082701232829e-07,803
720575940626342174,3.294345561686866e-07,804
720575940621613918,3.293580472135302e-07,805
720575940634949311,3.284722067369466e-07,806
720575940630158140,3.279013272130496e-07,807
720575940620602236,3.2594299347336206e-07,808
720575940607155890,3.2519776774722036e-07,809
720575940629130039,3.2497461853181006e-07,810
720575940640986075,3.2496918122043447e-07,811
720575940611698674,3.231715586134373e-07,812
720575940627826760,3.213070629943865e-07,813
720575940634156755,3.211517288613028e-07,814
720575940648669060,3.2046180001619063e-07,815
720575940622364184,3.1914320939832977e-07,816
720575940623262652,3.181259859168863e-07,817
720575940631875896,3.173958673253828e-07,818
720575940641606541,3.165007379873276e-07,819
720575940617629270,3.1516759054849886e-07,820
720575940639152361,3.151160258358314e-07,821
720575940620887536,3.146274708439699e-07,822
720575940624574356,3.1458707079643726e-07,823
720575940625642517,3.122157941954689e-07,824
720575940649154681,3.1188382146167086e-07,825
720575940613016805,3.111110657044296e-07,826
720575940624677303,3.107991572320888e-07,827
720575940609417995,3.10688989800846e-07,828
720575940638389437,3.1064770448245734e-07,829
720575940625809539,3.1021220929037135e-07,830
720575940627281594,3.097051403848677e-07,831
720575940620173737,3.0835174855899745e-07,832
720575940606865330,3.0699287971040403e-07,833
720575940620472235,3.0671226230844956e-07,834
720575940641464309,3.064410512966705e-07,835
720575940604414636,3.0547986589681444e-07,836
720575940632197930,3.026368149511048e-07,837
720575940626569554,3.023383433142229e-07,838
720575940637009636,3.0194536345884287e-07,839
720575940640032896,3.015824469728932e-07,840
720575940649809273,3.0145283060323043e-07,841
720575940635837887,3.00058576108533e-07,842
720575940622161366,2.986501520691718e-07,843
720575940624336647,2.979291567287828e-07,844
720575940624358152,2.974000008838165e-07,845
720575940613869777,2.961961603590525e-07,846
720575940631966545,2.9397716159201146e-07,847
720575940610504750,2.9335540934208865e-07,848
720575940632091300,2.9191544444353776e-07,849
720575940619608625,2.9040285363613326e-07,850
720575940614463911,2.8977478346539714e-07,851
720575940619075073,2.896939485960215e-07,852
720575940640093056,2.8833268282086834e-07,853
720575940623598058,2.875900799237807e-07,854
720575940629428215,2.8704528239808696e-07,855
720575940637666446,2.8701323145214105e-07,856
720575940629894716,2.8667089157835236e-07,857
720575940615336754,2.863261297004776e-07,858
720575940623638967,2.857438495246743e-07,859
720575940630955205,2.838713208209513e-07,860
720575940637711686,2.838663067135009e-07,861
720575940630753662,2.836570270219108e-07,862
720575940625182341,2.8261749321408624e-07,863
720575940621926765,2.8182489683095154e-07,864
720575940625454162,2.814917267504316e-07,865
720575940636999280,2.8145497126777226e-07,866
720575940624863015,2.804618550077286e-07,867
720575940627439592,2.7912865420684473e-07,868
720575940622650879,2.7752587879599064e-07,869
720575940642495176,2.7734531602598727e-07,870
720575940646372228,2.7698884081390286e-07,871
720575940645556334,2.7538736482750984e-07,872
720575940629139834,2.751346266013349e-07,873
720575940614919709,2.738594152702136e-07,874
720575940625990277,2.7385736849846325e-07,875
720575940622109466,2.7339468624511555e-07,876
720575940608501316,2.728274305675631e-07,877
720575940623044109,2.725902765381309e-07,878
720575940617638946,2.70967116122129e-07,879
720575940635362460,2.707610010625605e-07,880
720575940641593051,2.6996184865315044e-07,881
720575940620638335,2.686591636909128e-07,882
720575940624335367,2.679692936882201e-07,883
720575940638229080,2.6754531246257075e-07,884
720575940628861188,2.6673634826457593e-07,885
720575940619559815,2.664184464554857e-07,886
720575940623764007,2.6602457537253914e-07,887
720575940627677017,2.6594207396214876e-07,888
720575940620467438,2.6532478524093994e-07,889
720575940615413435,2.648913144734989e-07,890
720575940643863496,2.6448707645403374e-07,891
720575940620634537,2.6432573346929423e-07,892
720575940631189817,2.6382630792460793e-07,893
720575940618561403,2.618780726070053e-07,894
720575940647952948,2.597735009145728e-07,895
720575940623360440,2.5968580122178793e-07,896
720575940622236374,2.587257881514478e-07,897
720575940634034839,2.586489613681276e-07,898
720575940630274678,2.5829370334266057e-07,899
720575940626043218,2.5790917962552854e-07,900
720575940607197874,2.576374367427742e-07,901
720575940631549202,2.571183774110676e-07,902
720575940628478823,2.570139425172302e-07,903
720575940623636957,2.5664561956246974e-07,904
720575940622058364,2.5538665569139186e-07,905
720575940633367377,2.546382432068732e-07,906
720575940626952537,2.543796375234029e-07,907
720575940636096948,2.5407892414671285e-07,908
720575940619620852,2.5377752224649225e-07,909
720575940609607890,2.5336777777852517e-07,910
720575940616999069,2.528051573031555e-07,911
720575940626510169,2.50550243126452e-07,912
720575940635118943,2.5026095932112105e-07,913
720575940619474548,2.494960986811033e-07,914
720575940611622826,2.492099781695408e-07,915
720575940633212556,2.4883963969496534e-07,916
720575940630275269,2.486534900990507e-07,917
720575940632825389,2.467265329345434e-07,918
720575940627480586,2.45897515378896e-07,919
720575940629256779,2.455386629095165e-07,920
720575940629594106,2.447043215263276e-07,921
720575940608545219,2.431679849424594e-07,922
720575940631783372,2.4292280745000994e-07,923
720575940625035790,2.4279871226683117e-07,924
720575940631967506,2.426560139957776e-07,925
720575940628024107,2.3818476839385168e-07,926
720575940613191591,2.3797872687526543e-07,927
720575940632634532,2.3632117264837381e-07,928
720575940635967886,2.356462685119138e-07,929
720575940628326417,2.3539851305694754e-07,930
720575940637274852,2.350737687733937e-07,931
720575940633884333,2.3447772798594882e-07,932
720575940626937617,2.3446393411684655e-07,933
720575940608214281,2.3442171967974732e-07,934
720575940611773138,2.3401552227471132e-07,935
720575940621618859,2.3390676929015914e-07,936
720575940630918930,2.3290974842137822e-07,937
720575940628706325,2.324505013131712e-07,938
720575940631347011,2.3237957576641215e-07,939
720575940619783548,2.3236499155795931e-07,940
720575940635047672,2.302013340619967e-07,941
720575940620266406,2.2739671634242277e-07,942
720575940628316047,2.2723081441328547e-07,943
720575940632243019,2.270723742681242e-07,944
720575940628917251,2.2693761813161487e-07,945
720575940608241365,2.2535597000095336e-07,946
720575940616056114,2.238627551818357e-07,947
720575940625253193,2.2383166149577831e-07,948
720575940631264083,2.2300867959995204e-07,949
720575940628983887,2.2170114559098087e-07,950
720575940644733806,2.2103994968382542e-07,951
720575940637494837,2.203302135122518e-07,952
720575940619838912,2.198817200456681e-07,953
720575940621589999,2.1732411081888183e-07,954
720575940632868563,2.1718374883083197e-07,955
720575940629508726,2.1640990733152994e-07,956
720575940631243279,2.1622762265014332e-07,957
720575940636992368,2.1585952091452073e-07,958
720575940630086698,2.1556414113893886e-07,959
720575940614740374,2.1500082593445785e-07,960
720575940622734835,2.1491287691333386e-07,961
720575940620103590,2.1467114068453778e-07,962
720575940622843747,2.1440848240894933e-07,963
720575940621761263,2.1419962013230143e-07,964
720575940632353228,2.133763638265414e-07,965
720575940611856498,2.1241366083873393e-07,966
720575940633177570,2.1216030479265193e-07,967
720575940612306786,2.1181715376027633e-07,968
720575940625413395,2.1180620859408678e-07,969
720575940621123113,2.1100395376143666e-07,970
720575940628766480,2.0633589703924113e-07,971
720575940627716168,2.061257581591406e-07,972
720575940615002833,2.0509246017243094e-07,973
720575940625958414,2.03092586376413e-07,974
720575940620719832,2.023249398777369e-07,975
720575940615303391,2.0182438761030658e-07,976
720575940633365473,2.016883450438176e-07,977
720575940625310014,2.007779701108719e-07,978
720575940623242900,1.9930202191546595e-07,979
720575940621196224,1.981029795696987e-07,980
720575940640031360,1.9799101646522493e-07,981
720575940650885497,1.9757947768815385e-07,982
720575940639691635,1.9672009300363716e-07,983
720575940630001884,1.9519536049227488e-07,984
720575940648191609,1.9483279527074615e-07,985
720575940622495401,1.9370462023494068e-07,986
720575940611344078,1.9256846684809894e-07,987
720575940632458195,1.9168000205765082e-07,988
720575940616165377,1.899446132199612e-07,989
720575940620686324,1.8976095928183215e-07,990
720575940617493460,1.894065229026395e-07,991
720575940641536987,1.8855538395832124e-07,992
720575940633563679,1.8844354965465847e-07,993
720575940628136347,1.8806847169713112e-07,994
720575940627245585,1.8802547486964517e-07,995
720575940614774434,1.8747447255208678e-07,996
720575940615438402,1.8704501339120144e-07,997
720575940629961219,1.8655583532931702e-07,998
720575940622977799,1.8568420357363375e-07,999
720575940626607930,1.8488000055544e-07,1000
720575940605029036,1.8436102151281997e-07,1001
720575940608626697,1.8389655447547815e-07,1002
720575940638583869,1.827651759815292e-07,1003
720575940621820540,1.82303015530469e-07,1004
720575940620057626,1.8197647266826334e-07,1005
720575940629926159,1.8195612555819783e-07,1006
720575940612898161,1.8189474119830462e-07,1007
720575940615529414,1.8138317953365237e-07,1008
720575940639468160,1.8133038194116957e-07,1009
720575940628238023,1.8019298200055554e-07,1010
720575940606498313,1.7959494481905502e-07,1011
720575940632826925,1.7925770956234936e-07,1012
720575940624014483,1.7922728180510506e-07,1013
720575940621910399,1.7876312682063554e-07,1014
720575940619441112,1.7822699448171505e-07,1015
720575940626815120,1.7812170117962545e-07,1016
720575940621740493,1.7776804209456292e-07,1017
720575940639191017,1.772021861274033e-07,1018
720575940638853454,1.7715291399093606e-07,1019
720575940624084429,1.7710020873124085e-07,1020
720575940615322674,1.7658197754185617e-07,1021
720575940620956144,1.7651024735140052e-07,1022
720575940628895750,1.7588037282693218e-07,1023
720575940631161570,1.7570310712859875e-07,1024
720575940622055777,1.7528313541025878e-07,1025
720575940630225403,1.742874517891895e-07,1026
720575940643536919,1.730866721497632e-07,1027
720575940627111752,1.7246407335727408e-07,1028
720575940612430821,1.721092085480422e-07,1029
720575940621203632,1.7179905192438727e-07,1030
720575940625419495,1.7125653971703634e-07,1031
720575940633940947,1.7103567918378929e-07,1032
720575940624425715,1.7101995971272027e-07,1033
720575940628609579,1.7049680457053257e-07,1034
720575940625306603,1.703235229775079e-07,1035
720575940615134091,1.701582473963454e-07,1036
720575940619930534,1.692341380852779e-07,1037
720575940616564853,1.6905979451803415e-07,1038
720575940628168847,1.686697786150159e-07,1039
720575940617537570,1.672080813360858e-07,1040
720575940637419120,1.6713358144753672e-07,1041
720575940613355670,1.667116755403544e-07,1042
720575940634616687,1.6651351126365632e-07,1043
720575940644258327,1.6596133822390656e-07,1044
720575940628660224,1.6431968322353387e-07,1045
720575940622961802,1.6398114335791627e-07,1046
720575940630607738,1.6385253179616155e-07,1047
720575940631119468,1.637810479808037e-07,1048
720575940628210887,1.637793995174686e-07,1049
720575940632575180,1.6341964568901196e-07,1050
720575940622517530,1.6333031836057468e-07,1051
720575940620116833,1.6286979003365e-07,1052
720575940633831264,1.612015859727553e-07,1053
720575940642962286,1.611470836523513e-07,1054
720575940622489972,1.6045367645487983e-07,1055
720575940630135084,1.6012556821964235e-07,1056
720575940626601994,1.5766266372523093e-07,1057
720575940605101758,1.5747925820684075e-07,1058
720575940618483067,1.5697619487899132e-07,1059
720575940631865228,1.569306439890857e-07,1060
720575940617280985,1.5671001401496014e-07,1061
720575940627728149,1.5654958509578927e-07,1062
720575940623302669,1.5501619649484405e-07,1063
720575940630928715,1.5481523596108655e-07,1064
720575940629421159,1.5399990340767883e-07,1065
720575940631056184,1.5379818006734476e-07,1066
720575940626784533,1.5369561770084683e-07,1067
720575940623050334,1.533204348976498e-07,1068
720575940620175040,1.5300567644455521e-07,1069
720575940627772009,1.5297640701463752e-07,1070
720575940614175742,1.523732020416375e-07,1071
720575940622311704,1.5234314497557035e-07,1072
720575940626107800,1.5225872260196674e-07,1073
720575940613791399,1.516447304837393e-07,1074
720575940653892257,1.5164273500674958e-07,1075
720575940629981440,1.5116257028431758e-07,1076
720575940626091602,1.5091272648140502e-07,1077
720575940633727339,1.5057008171877345e-07,1078
720575940626111761,1.5042350751946086e-07,1079
720575940631084684,1.494745495968142e-07,1080
720575940639195776,1.494745495968142e-07,1081
720575940629688375,1.4905068877855868e-07,1082
720575940620882714,1.4821592038581912e-07,1083
720575940616923905,1.4802289665955737e-07,1084
720575940614529430,1.4775697061532713e-07,1085
720575940614701730,1.4774330885825495e-07,1086
720575940622211845,1.4747977883493042e-07,1087
720575940606915849,1.4743319767318946e-07,1088
720575940611160930,1.4726900797119256e-07,1089
720575940613864401,1.4724290146131662e-07,1090
720575940640837027,1.466755613118461e-07,1091
720575940606757041,1.460689947757191e-07,1092
720575940634657431,1.4551868387239318e-07,1093
720575940642015477,1.4522733146712521e-07,1094
720575940619654053,1.4500058583408506e-07,1095
720575940610157688,1.4498516982971266e-07,1096
720575940643906340,1.448894630281096e-07,1097
720575940604456876,1.448162760676467e-07,1098
720575940619766219,1.4419457099030267e-07,1099
720575940631011328,1.4391934378021526e-07,1100
720575940633302809,1.4387257874406313e-07,1101
720575940610694098,1.4317581619927504e-07,1102
720575940640639293,1.430973607955143e-07,1103
720575940641904525,1.4266976080662992e-07,1104
720575940623820787,1.4215074854298001e-07,1105
720575940652258550,1.4207883356458453e-07,1106
720575940612203482,1.4196465344591642e-07,1107
720575940629131772,1.416977729880375e-07,1108
720575940634751918,1.4167166805794604e-07,1109
720575940621946945,1.4120227687100402e-07,1110
720575940610209378,1.4080898426057417e-07,1111
720575940614062503,1.4063630476151746e-07,1112
720575940630247418,1.4057401097814257e-07,1113
720575940626533634,1.4040427772234693e-07,1114
720575940623919287,1.398142304785481e-07,1115
720575940636523109,1.3957699146474705e-07,1116
720575940621014292,1.388492764834167e-07,1117
720575940621493068,1.3734029083035964e-07,1118
720575940634646753,1.3691767353555965e-07,1119
720575940610584184,1.3691151117451068e-07,1120
720575940609892164,1.3688688946184106e-07,1121
720575940624694601,1.368449268340295e-07,1122
720575940620303732,1.366758144567265e-07,1123
720575940621809276,1.365980780450121e-07,1124
720575940635549620,1.3637055047130044e-07,1125
720575940638477621,1.3619068453320051e-07,1126
720575940626805777,1.3588697317557025e-07,1127
720575940610702456,1.3575075339291647e-07,1128
720575940627066757,1.3502580567248144e-07,1129
720575940626435330,1.3441500740069434e-07,1130
720575940616575705,1.3408528508819924e-07,1131
720575940609785208,1.340039589512975e-07,1132
720575940640172221,1.3399428745872074e-07,1133
720575940607451081,1.3385802203438446e-07,1134
720575940612593617,1.3381438867963876e-07,1135
720575940638201833,1.3318967494109572e-07,1136
720575940626002575,1.328883146348143e-07,1137
720575940629766266,1.328852870584948e-07,1138
720575940618442681,1.3202386298781077e-07,1139
720575940633593548,1.3159838234640243e-07,1140
720575940613809554,1.300132102600558e-07,1141
720575940606149321,1.2977538357192689e-07,1142
720575940639121636,1.2944361226477734e-07,1143
720575940619998740,1.2904671077446055e-07,1144
720575940628181520,1.2858376063847923e-07,1145
720575940622105377,1.27950987288704e-07,1146
720575940626243614,1.279392887399626e-07,1147
720575940642046453,1.2691732264971154e-07,1148
720575940620981274,1.2672861245440368e-07,1149
720575940620044935,1.2672850325354893e-07,1150
720575940617092569,1.2672118559940037e-07,1151
720575940630169660,1.2651049461739732e-07,1152
720575940630968680,1.264663024981452e-07,1153
720575940633921453,1.262311609937429e-07,1154
720575940620192677,1.258863015345617e-07,1155
720575940634715743,1.2585589802583388e-07,1156
720575940604783136,1.2566491306382167e-07,1157
720575940626052540,1.2564493384730816e-07,1158
720575940619670352,1.2511857189000698e-07,1159
720575940638343238,1.248653162131169e-07,1160
720575940611610737,1.2473364234629582e-07,1161
720575940633317713,1.2435251834545318e-07,1162
720575940630142007,1.2429400817708292e-07,1163
720575940614671978,1.242892177824477e-07,1164
720575940616855225,1.2383272426254736e-07,1165
720575940629986816,1.2364999874594504e-07,1166
720575940612448997,1.2362762235671012e-07,1167
720575940626174564,1.2346327431650062e-07,1168
720575940626256992,1.2321121767174424e-07,1169
720575940626497286,1.2311339182099387e-07,1170
720575940621640363,1.229958556923527e-07,1171
720575940635419237,1.2276074952140242e-07,1172
720575940627168273,1.2275054811714406e-07,1173
720575940638664014,1.2187953157723098e-07,1174
720575940637966682,1.2167601997101832e-07,1175
720575940632189255,1.2152885091839e-07,1176
720575940630020345,1.2147995116151106e-07,1177
720575940628419825,1.2106576040309357e-07,1178
720575940638775118,1.208758026556657e-07,1179
720575940627709583,1.2074867257895408e-07,1180
720575940615060290,1.2059819176992882e-07,1181
720575940612599215,1.201397632381199e-07,1182
720575940627273226,1.1927672721171473e-07,1183
720575940622334448,1.1902876136924933e-07,1184
720575940620124295,1.1902287269352291e-07,1185
720575940606776962,1.1873379770754622e-07,1186
720575940631407427,1.1871687742080751e-07,1187
720575940643651784,1.1830865765315448e-07,1188
720575940638840629,1.1798538885384149e-07,1189
720575940617932189,1.1793359922896292e-07,1190
720575940635229591,1.1715698965324693e-07,1191
720575940620148059,1.1683409491432585e-07,1192
720575940624175565,1.167369065910089e-07,1193
720575940631642937,1.1612207695631622e-07,1194
720575940621061285,1.1583473776970178e-07,1195
720575940616987097,1.1573399067730554e-07,1196
720575940649153657,1.1537754439345423e-07,1197
720575940625079054,1.1507884869244616e-07,1198
720575940610836885,1.1494930116489197e-07,1199
720575940608188427,1.1463465390694959e-07,1200
720575940613668266,1.146153038116749e-07,1201
720575940635462324,1.1451534830477011e-07,1202
720575940633146961,1.1393946084842007e-07,1203
720575940628437291,1.1337161854410852e-07,1204
720575940628348265,1.1328964383751892e-07,1205
720575940627383569,1.122173287172854e-07,1206
720575940618344606,1.12179473554796e-07,1207
720575940619738612,1.1170294313057226e-07,1208
720575940632099212,1.1157202407968887e-07,1209
720575940622625279,1.1131274863526507e-07,1210
720575940616077874,1.1102401745690198e-07,1211
720575940613050577,1.108827479627034e-07,1212
720575940619560606,1.1053798372751583e-07,1213
720575940631186432,1.1005751505259566e-07,1214
720575940632821059,1.1005726981754268e-07,1215
720575940631547729,1.0975721688452674e-07,1216
720575940620253311,1.0927606467499889e-07,1217
720575940620472454,1.0817651787900181e-07,1218
720575940608765141,1.0813667015794256e-07,1219
720575940624853600,1.0685863697588942e-07,1220
720575940615924037,1.0663932851861025e-07,1221
720575940627643398,1.065485851227645e-07,1222
720575940611648209,1.0614723338509105e-07,1223
720575940629000318,1.0613454574326634e-07,1224
720575940618888246,1.0610973390666903e-07,1225
720575940624761331,1.0593949017752096e-07,1226
720575940617160251,1.0589887037213308e-07,1227
720575940604675430,1.058486429369539e-07,1228
720575940613991731,1.0534764597194253e-07,1229
720575940641592795,1.0502788421030034e-07,1230
720575940613824914,1.0499476865791896e-07,1231
720575940636343147,1.0497633218772165e-07,1232
720575940631925096,1.0496598367223436e-07,1233
720575940619519727,1.048967766228727e-07,1234
720575940623358954,1.0439072268478002e-07,1235
720575940632342611,1.0380727935859097e-07,1236
720575940618819668,1.0259810236460654e-07,1237
720575940640415859,1.016316840637533e-07,1238
720575940624180479,1.0141650829335929e-07,1239
720575940631651554,1.0120395679855604e-07,1240
720575940639553920,1.0049108328856956e-07,1241
720575940625502595,1.0013089270248833e-07,1242
720575940631287912,9.994981988932902e-08,1243
720575940624406408,9.91678666116041e-08,1244
720575940626694288,9.873408035015998e-08,1245
720575940634707863,9.846875411176478e-08,1246
720575940632501805,9.837684785026854e-08,1247
720575940623183763,9.814629117247002e-08,1248
720575940616199071,9.799001241099425e-08,1249
720575940610403813,9.798142466246871e-08,1250
720575940632091951,9.795631299984052e-08,1251
720575940631229800,9.750597811089574e-08,1252
720575940626492059,9.746726080318701e-08,1253
720575940625402501,9.729752816662975e-08,1254
720575940622104097,9.723378700674989e-08,1255
720575940651758838,9.704471577990746e-08,1256
720575940640445648,9.670348843037491e-08,1257
720575940629947439,9.665007661972013e-08,1258
720575940631467050,9.656672154632106e-08,1259
720575940618250630,9.649700756749053e-08,1260
720575940614518690,9.638095455049721e-08,1261
720575940624274249,9.579339502927751e-08,1262
720575940624549820,9.50539470291884e-08,1263
720575940615541810,9.496637310588472e-08,1264
720575940630763390,9.46823549734519e-08,1265
720575940621307574,9.459743397131794e-08,1266
720575940620886704,9.367009812764116e-08,1267
720575940610686162,9.364491361657323e-08,1268
720575940624680172,9.362109112838141e-08,1269
720575940620675711,9.350745881972861e-08,1270
720575940628976887,9.349886207466087e-08,1271
720575940606869513,9.29000263248995e-08,1272
720575940613254627,9.286058268906583e-08,1273
720575940632014284,9.268888629387127e-08,1274
720575940625657530,9.249234931394518e-08,1275
720575940625056509,9.214727019690206e-08,1276
720575940625776272,9.201965270751742e-08,1277
720575940621167681,9.15271730026408e-08,1278
720575940603829950,9.133241337755522e-08,1279
720575940635114347,9.090137768862019e-08,1280
720575940619031837,9.057545520029169e-08,1281
720575940637464691,9.051627818728387e-08,1282
720575940639588184,8.953940104353623e-08,1283
720575940619411147,8.95091239284498e-08,1284
720575940644968215,8.924165859308723e-08,1285
720575940610861554,8.923365097437615e-08,1286
720575940614792810,8.910055908453213e-08,1287
720575940618509878,8.81909047977909e-08,1288
720575940616673366,8.793610717909276e-08,1289
720575940623043069,8.748953252471809e-08,1290
720575940621423604,8.733360520220025e-08,1291
720575940611090244,8.666538159495628e-08,1292
720575940621746676,8.663437587319802e-08,1293
720575940629144987,8.621782319206606e-08,1294
720575940608969173,8.618387410110284e-08,1295
720575940626793305,8.594342245416279e-08,1296
720575940632707944,8.588190463242313e-08,1297
720575940628285450,8.547133261652778e-08,1298
720575940618699037,8.541750612808106e-08,1299
720575940629099770,8.541082479940886e-08,1300
720575940611930481,8.512484533569035e-08,1301
720575940616254016,8.480339230457975e-08,1302
720575940622972820,8.469543782924734e-08,1303
720575940626572802,8.46213945176634e-08,1304
720575940619964788,8.461075724620662e-08,1305
720575940607960843,8.459148094993808e-08,1306
720575940629275898,8.458924003716961e-08,1307
720575940623030861,8.438912257910765e-08,1308
720575940621226917,8.42458803570285e-08,1309
720575940623267559,8.418254581549792e-08,1310
720575940623489002,8.384786054594525e-08,1311
720575940615217375,8.368792862674652e-08,1312
720575940614184671,8.361474164696327e-08,1313
720575940612321266,8.358112018131895e-08,1314
720575940629977559,8.350946756393734e-08,1315
720575940634962879,8.330844960827814e-08,1316
720575940632463464,8.322820677576184e-08,1317
720575940610941906,8.31819476255714e-08,1318
720575940630093051,8.26095255150693e-08,1319
720575940621638534,8.246353894510849e-08,1320
720575940628750248,8.245314208870442e-08,1321
720575940624941244,8.237773163412223e-08,1322
720575940621137833,8.228883451979177e-08,1323
720575940627606375,8.138269429854717e-08,1324
720575940630932943,8.122380597983331e-08,1325
720575940612062426,8.117402013715944e-08,1326
720575940620023024,8.107586639242751e-08,1327
720575940629906060,8.103671406971381e-08,1328
720575940629111814,8.096055579307744e-08,1329
720575940624592217,8.077823756361351e-08,1330
720575940629611996,8.059937801110317e-08,1331
720575940623865597,7.997400385287501e-08,1332
720575940611519667,7.973037401617454e-08,1333
720575940620195610,7.94420573990413e-08,1334
720575940628564350,7.896788945019472e-08,1335
720575940643240904,7.895776417117894e-08,1336
720575940623538951,7.887477693811832e-08,1337
720575940628277147,7.863169607448758e-08,1338
720575940638422480,7.812479203970227e-08,1339
720575940619397797,7.794513109698313e-08,1340
720575940618606983,7.783431354676537e-08,1341
720575940653913505,7.763138541268617e-08,1342
720575940625732196,7.726403516816345e-08,1343
720575940618663838,7.678406034619907e-08,1344
720575940639135933,7.66577162339293e-08,1345
720575940621689584,7.661131133616774e-08,1346
720575940615021418,7.659127905415212e-08,1347
720575940621792438,7.636043154349527e-08,1348
720575940624205353,7.608924967090031e-08,1349
720575940624345136,7.585359629640093e-08,1350
720575940621201647,7.532016511205284e-08,1351
720575940623032102,7.530471877120167e-08,1352
720575940632890681,7.518008816853819e-08,1353
720575940646308740,7.4851625784971e-08,1354
720575940638612294,7.414366131022402e-08,1355
720575940628132943,7.412554797749265e-08,1356
720575940609577518,7.412547648450342e-08,1357
720575940613637782,7.40556269132845e-08,1358
720575940638006086,7.403903861524364e-08,1359
720575940636348152,7.40317088415198e-08,1360
720575940608285570,7.394774808184881e-08,1361
720575940616203637,7.373710366541855e-08,1362
720575940618931846,7.337630878944747e-08,1363
720575940624308203,7.313699989227856e-08,1364
720575940622634973,7.313630238426586e-08,1365
720575940633642391,7.300454738826308e-08,1366
720575940617166993,7.238214634200389e-08,1367
720575940622132553,7.227650042364735e-08,1368
720575940629965788,7.210311593224573e-08,1369
720575940624206472,7.208840510739404e-08,1370
720575940617969961,7.18781343083364e-08,1371
720575940618252249,7.187347685105153e-08,1372
720575940625956483,7.185574946250058e-08,1373
720575940621654298,7.167347087968122e-08,1374
720575940652115446,7.141970967281318e-08,1375
720575940628231211,7.121597881745356e-08,1376
720575940660051073,7.112330063477194e-08,1377
720575940619430571,7.106603838485211e-08,1378
720575940619429803,7.106603838485211e-08,1379
720575940625442192,7.106603838485211e-08,1380
720575940628641127,7.077289428037174e-08,1381
720575940637258842,7.060087015791479e-08,1382
720575940638744804,7.014170063781438e-08,1383
720575940625868184,6.976501156858351e-08,1384
720575940617853986,6.906281951771417e-08,1385
720575940618591764,6.87871870882476e-08,1386
720575940643707246,6.823721225184187e-08,1387
720575940607043202,6.805202590344536e-08,1388
720575940614468007,6.758535060047427e-08,1389
720575940630217086,6.701773502394067e-08,1390
720575940627214891,6.6568241623986e-08,1391
720575940628319546,6.6157318091929e-08,1392
720575940627132232,6.59479902442327e-08,1393
720575940626553993,6.590268805947213e-08,1394
720575940619675456,6.578042650850552e-08,1395
720575940624983054,6.577862781991235e-08,1396
720575940628953210,6.566322503469576e-08,1397
720575940631898472,6.564288120689797e-08,1398
720575940624405235,6.542502624237056e-08,1399
720575940629326841,6.535176685800067e-08,1400
720575940639230692,6.527935534225109e-08,1401
720575940616117433,6.474021215948949e-08,1402
720575940616151638,6.417259606429165e-08,1403
720575940621006945,6.410299103400544e-08,1404
720575940621762081,6.373457960969203e-08,1405
720575940618482781,6.371835761671789e-08,1406
720575940619863125,6.367747886335442e-08,1407
720575940618610311,6.362763704582469e-08,1408
720575940623581930,6.357276230957813e-08,1409
720575940621896653,6.34721267623496e-08,1410
720575940627510409,6.34721267623496e-08,1411
720575940627964715,6.34721267623496e-08,1412
720575940616858086,6.34721267623496e-08,1413
720575940620477556,6.34721267623496e-08,1414
720575940626756117,6.34721267623496e-08,1415
720575940631494687,6.34721267623496e-08,1416
720575940619689350,6.34721267623496e-08,1417
720575940645808931,6.326566858461844e-08,1418
720575940614883551,6.300417907451398e-08,1419
720575940632389028,6.278437865889954e-08,1420
720575940630644281,6.27202388740748e-08,1421
720575940634617952,6.246478670936944e-08,1422
720575940621823100,6.239912861319622e-08,1423
720575940617911041,6.239601184491086e-08,1424
720575940621620229,6.229363553724744e-08,1425
720575940645686564,6.229195848367874e-08,1426
720575940637693503,6.226109385424335e-08,1427
720575940626614405,6.202474689334371e-08,1428
720575940626010042,6.187021169549416e-08,1429
720575940631058280,6.161999503095188e-08,1430
720575940622625097,6.12375680084089e-08,1431
720575940623509256,6.11155405265778e-08,1432
720575940629539628,6.086465675213964e-08,1433
720575940621988684,6.073054421243056e-08,1434
720575940630720763,6.070405655243162e-08,1435
720575940630013228,6.054482617685702e-08,1436
720575940614467751,6.039114506258718e-08,1437
720575940627728009,6.02809445027568e-08,1438
720575940629377132,6.003151110255473e-08,1439
720575940614880671,5.99812014019636e-08,1440
720575940634865771,5.992654238861402e-08,1441
720575940640894709,5.988459570517336e-08,1442
720575940631524236,5.98521140605826e-08,1443
720575940621482665,5.983950483624363e-08,1444
720575940644978711,5.969480355832361e-08,1445
720575940622726663,5.966311162752602e-08,1446
720575940642599328,5.9397748527106114e-08,1447
720575940624642452,5.911575667593762e-08,1448
720575940639194165,5.90365036383107e-08,1449
720575940631633401,5.894672248461884e-08,1450
720575940623998563,5.8847398447229305e-08,1451
720575940633156203,5.8671153044123616e-08,1452
720575940607872604,5.863426847105914e-08,1453
720575940606246334,5.8439463083781574e-08,1454
720575940624106442,5.83294758348238e-08,1455
720575940603453286,5.830060745018686e-08,1456
720575940616127931,5.822755568583474e-08,1457
720575940630644727,5.8114617512832685e-08,1458
720575940630281319,5.751638004206346e-08,1459
720575940618574983,5.683904134903635e-08,1460
720575940633280107,5.6620737413233117e-08,1461
720575940616239873,5.6620737413233117e-08,1462
720575940614711638,5.6620737413233117e-08,1463
720575940625954853,5.6598310774168534e-08,1464
720575940612003441,5.654265308687582e-08,1465
720575940632375891,5.642552892369614e-08,1466
720575940621000831,5.638055798976388e-08,1467
720575940619696731,5.6363820480899716e-08,1468
720575940630713029,5.62071542040737e-08,1469
720575940630983954,5.60857706680407e-08,1470
720575940624069012,5.606163516593099e-08,1471
720575940638440051,5.589500740495163e-08,1472
720575940645722660,5.575126447252222e-08,1473
720575940634698079,5.573441649455917e-08,1474
720575940634708887,5.5664793841738e-08,1475
720575940625814274,5.5463108080688736e-08,1476
720575940618405848,5.5298036764056006e-08,1477
720575940629837563,5.523708450921133e-08,1478
720575940621009023,5.497400541990234e-08,1479
720575940611261098,5.4619422650984726e-08,1480
720575940613222835,5.461522336564953e-08,1481
720575940608059484,5.4110025033055915e-08,1482
720575940615448642,5.4092638503927916e-08,1483
720575940626879505,5.409043097527349e-08,1484
720575940620528475,5.397983686778713e-08,1485
720575940623087859,5.3861031699299564e-08,1486
720575940628478449,5.37411100432405e-08,1487
720575940627572484,5.3619715938205256e-08,1488
720575940630151484,5.348331184848379e-08,1489
720575940628452711,5.3233446875826046e-08,1490
720575940628993900,5.3233446875826046e-08,1491
720575940613798195,5.303880709941194e-08,1492
720575940629707068,5.2887319242375475e-08,1493
720575940611022515,5.288398316137136e-08,1494
720575940627031226,5.2771559981895474e-08,1495
720575940632065164,5.267119367078395e-08,1496
720575940615859423,5.21356801775671e-08,1497
720575940627000582,5.186064740639818e-08,1498
720575940620091038,5.165868807818891e-08,1499
720575940631232786,5.1580806975857574e-08,1500
720575940612140781,5.146062321235271e-08,1501
720575940617534676,5.141296215474814e-08,1502
720575940619219627,5.128348350865209e-08,1503
720575940629662208,5.1254556281540545e-08,1504
720575940652114422,5.1109085497301615e-08,1505
720575940614041139,5.082662372953249e-08,1506
720575940606761161,5.076406130676575e-08,1507
720575940623117448,5.037895958910912e-08,1508
720575940618777684,5.009801750116501e-08,1509
720575940612006257,4.961039179127498e-08,1510
720575940634460055,4.9545391297910084e-08,1511
720575940615116207,4.94979938265508e-08,1512
720575940623943914,4.937589262115721e-08,1513
720575940622812799,4.93526570495702e-08,1514
720575940606337312,4.933716686218606e-08,1515
720575940621343348,4.9316915113992986e-08,1516
720575940633915327,4.923984365839157e-08,1517
720575940619403841,4.917408014724689e-08,1518
720575940623100877,4.9117689772357186e-08,1519
720575940615886534,4.898699581731021e-08,1520
720575940620997409,4.877114302230459e-08,1521
720575940608252082,4.856613948986179e-08,1522
720575940612615149,4.8559159462833995e-08,1523
720575940625452176,4.8516203694926236e-08,1524
720575940630106309,4.841853340414023e-08,1525
720575940604341216,4.8353245810763544e-08,1526
720575940637332851,4.8176894386469735e-08,1527
720575940630132754,4.8061712480070976e-08,1528
720575940630523151,4.796741233588159e-08,1529
720575940627707753,4.78419669853763e-08,1530
720575940624126768,4.736852695204749e-08,1531
720575940636963806,4.7140810065972184e-08,1532
720575940617476052,4.705455930755691e-08,1533
720575940633932569,4.700899684231016e-08,1534
720575940633277364,4.67904572878191e-08,1535
720575940621383077,4.642550214536008e-08,1536
720575940622653795,4.642274937031388e-08,1537
720575940611086286,4.62894226730368e-08,1538
720575940631314908,4.585228062927427e-08,1539
720575940620846027,4.5849322398185635e-08,1540
720575940638974848,4.580721670785215e-08,1541
720575940647472260,4.575660139716828e-08,1542
720575940614953565,4.5697475578889624e-08,1543
720575940634688151,4.562819091601478e-08,1544
720575940632081036,4.5454660560009014e-08,1545
720575940652063734,4.543388115094708e-08,1546
720575940632036492,4.5430218759768933e-08,1547
720575940608932803,4.537806229231041e-08,1548
720575940618142813,4.4977763931563786e-08,1549
720575940630003472,4.4903000720359086e-08,1550
720575940615623867,4.482583300194478e-08,1551
720575940628510480,4.4682549162425995e-08,1552
720575940619937445,4.459068492656782e-08,1553
720575940616778038,4.456320820528014e-08,1554
720575940618953630,4.4251939098088085e-08,1555
720575940621809755,4.4155611939121655e-08,1556
720575940625790352,4.413240257486795e-08,1557
720575940616532310,4.3998217015633265e-08,1558
720575940634170524,4.3984435845432765e-08,1559
720575940625889625,4.3982108463797474e-08,1560
720575940638564797,4.37091343372275e-08,1561
720575940640945115,4.356965541043439e-08,1562
720575940623249043,4.3276445996946214e-08,1563
720575940625698096,4.314420439163131e-08,1564
720575940623289578,4.31302486259963e-08,1565
720575940625440100,4.312608378680664e-08,1566
720575940629354087,4.2998115221571913e-08,1567
720575940622790271,4.282418422024896e-08,1568
720575940631510865,4.268670768007114e-08,1569
720575940639124029,4.266933142237446e-08,1570
720575940623065013,4.266034036825547e-08,1571
720575940613973058,4.244902963995824e-08,1572
720575940627249171,4.216311286590321e-08,1573
720575940611242609,4.20378846001031e-08,1574
720575940625212965,4.200341907831977e-08,1575
720575940622491632,4.1927318950337043e-08,1576
720575940607484099,4.177074009837528e-08,1577
720575940634537591,4.170303337199459e-08,1578
720575940629693302,4.167673196739381e-08,1579
720575940624977466,4.1453952947202216e-08,1580
720575940604921446,4.1341262007369706e-08,1581
720575940620221716,4.109444228499416e-08,1582
720575940635271086,4.0936581565495e-08,1583
720575940618293883,4.08984378103809e-08,1584
720575940613016104,4.067417052981657e-08,1585
720575940624901927,4.051497100431319e-08,1586
720575940633614818,4.0452942767019965e-08,1587
720575940611496597,4.0117182741850136e-08,1588
720575940626811023,4.010839058280589e-08,1589
720575940614757974,4.003287509198258e-08,1590
720575940631630893,3.999178516898509e-08,1591
720575940619864047,3.9888937330184346e-08,1592
720575940634215525,3.987967162266539e-08,1593
720575940632985261,3.980968702574215e-08,1594
720575940637068400,3.977975934010224e-08,1595
720575940617400550,3.976898055270085e-08,1596
720575940613303471,3.970385964727549e-08,1597
720575940630057728,3.95778854856911e-08,1598
720575940620551259,3.956801645168554e-08,1599
720575940633625184,3.9563873778587046e-08,1600
720575940604418988,3.950697971551998e-08,1601
720575940645728132,3.949346651056541e-08,1602
720575940619911509,3.9473967616522254e-08,1603
720575940637509190,3.925339739147941e-08,1604
720575940621831804,3.924855917889166e-08,1605
720575940628251907,3.9248155362928433e-08,1606
720575940629681278,3.919155708250085e-08,1607
720575940630098284,3.895499110933084e-08,1608
720575940635092122,3.895080738815065e-08,1609
720575940622930200,3.883768374964413e-08,1610
720575940626125626,3.8814714530025416e-08,1611
720575940623528595,3.8735838025030484e-08,1612
720575940624693432,3.872747807684928e-08,1613
720575940638818357,3.86110770733498e-08,1614
720575940613528616,3.850681341973471e-08,1615
720575940624413642,3.8437130944122316e-08,1616
720575940604941234,3.8380810578596934e-08,1617
720575940613849553,3.8343664439233654e-08,1618
720575940622102554,3.8159905044637774e-08,1619
720575940621136961,3.8111914040251254e-08,1620
720575940628376586,3.795493289968057e-08,1621
720575940635059551,3.793420567917079e-08,1622
720575940631710604,3.7686552742498204e-08,1623
720575940642658267,3.761231752134528e-08,1624
720575940628691260,3.749866193296736e-08,1625
720575940620036417,3.741681894339318e-08,1626
720575940627420668,3.728869301933578e-08,1627
720575940625874469,3.712128907188453e-08,1628
720575940634733537,3.704390818426521e-08,1629
720575940631885485,3.698983499504772e-08,1630
720575940615537041,3.696054978738087e-08,1631
720575940624079821,3.649617442891166e-08,1632
720575940632566099,3.6079921796280123e-08,1633
720575940628769662,3.6020287486239994e-08,1634
720575940605421442,3.601583721491399e-08,1635
720575940614426799,3.5936478524235254e-08,1636
720575940634606490,3.5927071711115904e-08,1637
720575940629584887,3.5836307180162504e-08,1638
720575940638513752,3.5798429328235155e-08,1639
720575940613058802,3.576270445848201e-08,1640
720575940620916939,3.554573392521146e-08,1641
720575940631858373,3.5541863917922545e-08,1642
720575940622014090,3.530604330660706e-08,1643
720575940620129415,3.527329117249626e-08,1644
720575940644623396,3.516963450369673e-08,1645
720575940608341806,3.472928163056344e-08,1646
720575940627353426,3.460589257691577e-08,1647
720575940625007879,3.435568790919878e-08,1648
720575940628634191,3.420837555149872e-08,1649
720575940609218258,3.4049154702584096e-08,1650
720575940637743076,3.402616406020187e-08,1651
720575940623224555,3.3861191633659444e-08,1652
720575940621044863,3.3853014049007086e-08,1653
720575940621765708,3.357295954354775e-08,1654
720575940624967561,3.3487094430272485e-08,1655
720575940625952186,3.3417467313794156e-08,1656
720575940639479366,3.330332176721233e-08,1657
720575940614443687,3.3273573371203206e-08,1658
720575940624484866,3.315315403414388e-08,1659
720575940622375389,3.310333105642494e-08,1660
720575940612638866,3.2887682803637564e-08,1661
720575940629431814,3.287617529531754e-08,1662
720575940621995614,3.2817862944475285e-08,1663
720575940631632012,3.273985812067752e-08,1664
720575940631255058,3.273251092205713e-08,1665
720575940625025207,3.2697025860708826e-08,1666
720575940611056846,3.258523837537176e-08,1667
720575940611527544,3.250033920233455e-08,1668
720575940633938657,3.240590329838944e-08,1669
720575940642894628,3.1935629169266227e-08,1670
720575940622609690,3.192293477342321e-08,1671
720575940633953948,3.1701696566145576e-08,1672
720575940613898449,3.1696205202748755e-08,1673
720575940613530349,3.1392450110204266e-08,1674
720575940625154283,3.111787559830766e-08,1675
720575940638509952,3.0960071230843994e-08,1676
720575940614342038,3.08591431420453e-08,1677
720575940616805179,3.08516103713007e-08,1678
720575940630846019,3.082982697206468e-08,1679
720575940628356666,3.075220690545041e-08,1680
720575940626664553,3.058163204031827e-08,1681
720575940621897496,3.050123191615844e-08,1682
720575940615770811,3.0391165931326186e-08,1683
720575940625176506,3.024972774976805e-08,1684
720575940608989909,3.022620124487468e-08,1685
720575940631877688,3.007459832009032e-08,1686
720575940624878992,3.002396739749028e-08,1687
720575940622084681,2.996293390549657e-08,1688
720575940628290895,2.9919973028726885e-08,1689
720575940612755665,2.9919973028726885e-08,1690
720575940631460394,2.980628150928994e-08,1691
720575940618746827,2.9798152395466907e-08,1692
720575940603455846,2.972988571331767e-08,1693
720575940628071696,2.9363824248477523e-08,1694
720575940620993008,2.924349264652167e-08,1695
720575940615941062,2.9211970210009346e-08,1696
720575940616760459,2.9197415526339656e-08,1697
720575940628401681,2.9182016735716173e-08,1698
720575940606179686,2.8960932510557942e-08,1699
720575940620057758,2.8874753878290034e-08,1700
720575940627067847,2.8868755124567388e-08,1701
720575940629963855,2.882642432632597e-08,1702
720575940621039952,2.878097871557492e-08,1703
720575940610015586,2.876859067834797e-08,1704
720575940617812696,2.8756445928413374e-08,1705
720575940631875298,2.8739550136107177e-08,1706
720575940619632148,2.8658710813171348e-08,1707
720575940615905931,2.8495611623552963e-08,1708
720575940617128705,2.8408553877729245e-08,1709
720575940629669623,2.8377438196328642e-08,1710
720575940631688955,2.8312258003137442e-08,1711
720575940624716746,2.8225916899651892e-08,1712
720575940626587779,2.8203093975144756e-08,1713
720575940622793310,2.8175668891129407e-08,1714
720575940623321638,2.806234396102398e-08,1715
720575940633413715,2.8042716054208862e-08,1716
720575940630273910,2.7798500668657737e-08,1717
720575940624789125,2.773248490605029e-08,1718
720575940630982442,2.7617213197949314e-08,1719
720575940615961461,2.758644667249008e-08,1720
720575940628837124,2.753642757635508e-08,1721
720575940614659690,2.748230802696007e-08,1722
720575940621429068,2.740541242734912e-08,1723
720575940613253091,2.7335700632777298e-08,1724
720575940622026334,2.7229767228153835e-08,1725
720575940643869988,2.7086008811802012e-08,1726
720575940620196628,2.7049397280795327e-08,1727
720575940624470247,2.7035383721373462e-08,1728
720575940613183717,2.69205442024461e-08,1729
720575940631301715,2.6879014500802033e-08,1730
720575940632094415,2.679441468088423e-08,1731
720575940620418032,2.666445862492521e-08,1732
720575940624746510,2.66464896073374e-08,1733
720575940622930712,2.6642537643391295e-08,1734
720575940628238473,2.6611463291226135e-08,1735
720575940617123814,2.6579709778501858e-08,1736
720575940639076669,2.6551068507462963e-08,1737
720575940631518776,2.6471486435372852e-08,1738
720575940622038182,2.646867992136177e-08,1739
720575940621370484,2.6245964355998658e-08,1740
720575940629985132,2.6174331156634834e-08,1741
720575940620193472,2.6156689887512702e-08,1742
720575940626354954,2.6142612509817835e-08,1743
720575940628553731,2.6142612509817835e-08,1744
720575940639013027,2.612186055713875e-08,1745
720575940614908758,2.5974101143480357e-08,1746
720575940641323405,2.5941128150346232e-08,1747
720575940622607069,2.5819104210995233e-08,1748
720575940632832301,2.5790273922705957e-08,1749
720575940646508852,2.5706058677284167e-08,1750
720575940637050084,2.549279465510207e-08,1751
720575940614634786,2.5458922143490543e-08,1752
720575940618203707,2.5365455143679322e-08,1753
720575940616653030,2.5315138598251522e-08,1754
720575940620714921,2.5315138598251522e-08,1755
720575940625352852,2.529750302803736e-08,1756
720575940628371441,2.523336116505362e-08,1757
720575940618729350,2.5037135964881542e-08,1758
720575940626446594,2.5028438057410465e-08,1759
720575940608235529,2.498617187557297e-08,1760
720575940621204095,2.4949055902215964e-08,1761
720575940627244986,2.48653117382514e-08,1762
720575940629928439,2.4854964615838052e-08,1763
720575940630292439,2.4838403487876955e-08,1764
720575940626663953,2.479695022909303e-08,1765
720575940639844597,2.468562377841908e-08,1766
720575940620550705,2.4553043148264768e-08,1767
720575940626051367,2.4542386573402212e-08,1768
720575940633186530,2.450670249094236e-08,1769
720575940620725720,2.4408650711991287e-08,1770
720575940623268902,2.4369253736570156e-08,1771
720575940615185595,2.4350865767173282e-08,1772
720575940617899584,2.4270670101447756e-08,1773
720575940618912427,2.423706495379776e-08,1774
720575940622165974,2.421531024006573e-08,1775
720575940607195826,2.4202115875460188e-08,1776
720575940622746150,2.4116644797759015e-08,1777
720575940618648955,2.403361382333756e-08,1778
720575940625977870,2.3977690715274923e-08,1779
720575940617501652,2.3945862842585793e-08,1780
720575940620552539,2.385005654004785e-08,1781
720575940618210614,2.3763898369529486e-08,1782
720575940626888336,2.368854248441609e-08,1783
720575940634819167,2.3686225764098956e-08,1784
720575940627448860,2.36344923174849e-08,1785
720575940613961522,2.3628765106167236e-08,1786
720575940634013869,2.359642082646519e-08,1787
720575940649098105,2.3559733438588378e-08,1788
720575940614485159,2.3433790879153875e-08,1789
720575940617739860,2.3412375537530813e-08,1790
720575940630593644,2.336525115333311e-08,1791
720575940606680450,2.3333715785400455e-08,1792
720575940629874806,2.3317186722476497e-08,1793
720575940622657684,2.328183291080063e-08,1794
720575940613655483,2.3267840750270503e-08,1795
720575940621359988,2.3264207973791513e-08,1796
720575940642134216,2.30447101237628e-08,1797
720575940605328230,2.3036646461089038e-08,1798
720575940621804159,2.296617042186757e-08,1799
720575940630617386,2.293646067739578e-08,1800
720575940628864762,2.291133523248911e-08,1801
720575940613339688,2.290643410466327e-08,1802
720575940622567659,2.287457491278855e-08,1803
720575940625465802,2.2847036846499592e-08,1804
720575940614092753,2.278659393622263e-08,1805
720575940614476434,2.2760478738401634e-08,1806
720575940604919473,2.2742004098884377e-08,1807
720575940626179334,2.2601290305990925e-08,1808
720575940635934143,2.260023510935635e-08,1809
720575940610766456,2.258320057345264e-08,1810
720575940628954954,2.256994861592446e-08,1811
720575940633573836,2.2566227352612733e-08,1812
720575940620392374,2.2538363851112784e-08,1813
720575940619548209,2.2521796593350304e-08,1814
720575940604874208,2.2493949746061958e-08,1815
720575940639067108,2.2414844616696852e-08,1816
720575940612945266,2.2291318840297162e-08,1817
720575940612031986,2.222481821438733e-08,1818
720575940644725664,2.2210577197806056e-08,1819
720575940622891923,2.216474337772447e-08,1820
720575940617249949,2.209075157863736e-08,1821
720575940632281937,2.2068525999093524e-08,1822
720575940621832001,2.205358348843032e-08,1823
720575940621433641,2.2043628114281082e-08,1824
720575940639204661,2.2026738405564866e-08,1825
720575940626649348,2.189737751697118e-08,1826
720575940630544348,2.1884200706291958e-08,1827
720575940624689336,2.1867255701747165e-08,1828
720575940616622731,2.184328003693345e-08,1829
720575940644597540,2.1734324723062564e-08,1830
720575940614067507,2.1607998054122735e-08,1831
720575940626883465,2.1600713079291052e-08,1832
720575940632437412,2.1593749593935003e-08,1833
720575940612202419,2.15045633763071e-08,1834
720575940628349169,2.1480705963542062e-08,1835
720575940614102930,2.135444654789376e-08,1836
720575940631227343,2.1333448761792353e-08,1837
720575940627321146,2.1300267842330218e-08,1838
720575940623362380,2.1257689072801007e-08,1839
720575940626657802,2.1249031969228677e-08,1840
720575940635066975,2.1224751050488742e-08,1841
720575940614114814,2.116109583204226e-08,1842
720575940638077091,2.1070922344525316e-08,1843
720575940629696299,2.0922542752126794e-08,1844
720575940628635751,2.0847497210983854e-08,1845
720575940620028788,2.0845700620797095e-08,1846
720575940621142081,2.0788949666694278e-08,1847
720575940638989375,2.0780164330846325e-08,1848
720575940617612518,2.075275372677778e-08,1849
720575940650480374,2.0698316485393897e-08,1850
720575940628151772,2.061870695557471e-08,1851
720575940623119812,2.0503365217156205e-08,1852
720575940628933275,2.0499813012741253e-08,1853
720575940632854156,2.0486306784788636e-08,1854
720575940637300708,2.0430576124744666e-08,1855
720575940631388589,2.0391877651362472e-08,1856
720575940614636450,2.0389788070280098e-08,1857
720575940618458513,2.0303856083632825e-08,1858
720575940628419804,2.0264100069576197e-08,1859
720575940629244359,2.0258032718904406e-08,1860
720575940624245436,2.0079693471691383e-08,1861
720575940618552443,1.995672513969307e-08,1862
720575940630367196,1.9942623089468365e-08,1863
720575940623455239,1.9841912974408774e-08,1864
720575940623465909,1.9814264464747483e-08,1865
720575940628429626,1.98108546632292e-08,1866
720575940629676495,1.9666936853579688e-08,1867
720575940639173173,1.9565005583050598e-08,1868
720575940633221447,1.9316336384707228e-08,1869
720575940627446415,1.926791136830472e-08,1870
720575940637711167,1.923261801247672e-08,1871
720575940631801671,1.914611967919657e-08,1872
720575940624483376,1.9112066149296552e-08,1873
720575940618902326,1.9103718206963094e-08,1874
720575940635586912,1.9071590758329667e-08,1875
720575940608970453,1.9035165245356362e-08,1876
720575940615081099,1.903124131250214e-08,1877
720575940650844150,1.8942932917979773e-08,1878
720575940627135306,1.8931064290493453e-08,1879
720575940623942119,1.892242398263876e-08,1880
720575940621618721,1.891452651757656e-08,1881
720575940621129607,1.8906606910994217e-08,1882
720575940628236200,1.8850295460558424e-08,1883
720575940631381212,1.883745713741161e-08,1884
720575940624911548,1.8779464209244817e-08,1885
720575940632462500,1.8664409845677022e-08,1886
720575940615503170,1.8649450366542508e-08,1887
720575940637832937,1.8636892593678612e-08,1888
720575940638731427,1.86070095756484e-08,1889
720575940619134789,1.8567742304677836e-08,1890
720575940620719064,1.8563258362689967e-08,1891
720575940620252075,1.8537698032212643e-08,1892
720575940624956348,1.842146364022918e-08,1893
720575940619024774,1.8361188786037716e-08,1894
720575940622642893,1.8338773313628448e-08,1895
720575940640477603,1.8267131439086328e-08,1896
720575940630146871,1.820911449681355e-08,1897
720575940634703511,1.8122102113129655e-08,1898
720575940604663520,1.806546725281612e-08,1899
720575940627197971,1.805375885204983e-08,1900
720575940614383628,1.800560103544988e-08,1901
720575940618512624,1.8004720779455284e-08,1902
720575940627080079,1.7882110172827547e-08,1903
720575940638113001,1.786101396929629e-08,1904
720575940621616133,1.7815546922277868e-08,1905
720575940623592682,1.7764841557245472e-08,1906
720575940648570244,1.7585029156877514e-08,1907
720575940615892310,1.7521008662403532e-08,1908
720575940631275181,1.7475121622593375e-08,1909
720575940622081306,1.7471553673816664e-08,1910
720575940628882450,1.7415894907463617e-08,1911
720575940635081464,1.7409288934205717e-08,1912
720575940627478427,1.7395126855422506e-08,1913
720575940615594658,1.735311668353366e-08,1914
720575940621505883,1.7237599794015474e-08,1915
720575940627186600,1.7173665921390877e-08,1916
720575940633036369,1.7157345831450486e-08,1917
720575940640844195,1.7143827599931932e-08,1918
720575940634707607,1.708469008112515e-08,1919
720575940623209727,1.7083553133813867e-08,1920
720575940615520927,1.7076270745644437e-08,1921
720575940622733133,1.70546482502208e-08,1922
720575940625559908,1.7028097235036777e-08,1923
720575940627692565,1.685293519148525e-08,1924
720575940634385247,1.6823831139795183e-08,1925
720575940622448166,1.679520074744562e-08,1926
720575940637883776,1.679346120996651e-08,1927
720575940620721903,1.679068154957819e-08,1928
720575940641550811,1.6768548361060633e-08,1929
720575940613794114,1.6765908259457537e-08,1930
720575940604398816,1.6754622126287244e-08,1931
720575940638922099,1.6729431501716195e-08,1932
720575940623793741,1.666780653133036e-08,1933
720575940628236169,1.6652556855675242e-08,1934
720575940631771971,1.663797245982047e-08,1935
720575940618897693,1.662483700377591e-08,1936
720575940626210916,1.6583167809188902e-08,1937
720575940632889313,1.657788752771796e-08,1938
720575940631619409,1.6495025730047756e-08,1939
720575940620245268,1.646102021490527e-08,1940
720575940618011604,1.642135133356795e-08,1941
720575940629980972,1.638712017055185e-08,1942
720575940613613619,1.6360593843127403e-08,1943
720575940627944464,1.6332022685708002e-08,1944
720575940646919476,1.628470431688502e-08,1945
720575940611292330,1.62501434991161e-08,1946
720575940613623961,1.623106867830432e-08,1947
720575940618932603,1.619927177312196e-08,1948
720575940623064968,1.6197702286711062e-08,1949
720575940635767524,1.6194341273914744e-08,1950
720575940631240296,1.618983670335886e-08,1951
720575940646768419,1.61541229821152e-08,1952
720575940608904312,1.6033552599827953e-08,1953
720575940626805147,1.5977836898290494e-08,1954
720575940619921488,1.5816616613643493e-08,1955
720575940612166553,1.5760582646679606e-08,1956
720575940621371252,1.5672504949269802e-08,1957
720575940634704491,1.5642326469830025e-08,1958
720575940633936941,1.5641866301223606e-08,1959
720575940636526308,1.5582897113859967e-08,1960
720575940621667568,1.557373789324522e-08,1961
720575940612120026,1.5545800710625032e-08,1962
720575940616039197,1.5464885157741258e-08,1963
720575940635196779,1.541585594487484e-08,1964
720575940640262645,1.5399805881796744e-08,1965
720575940643693000,1.537239517866162e-08,1966
720575940618930737,1.5357072112185834e-08,1967
720575940617433142,1.5340228560941157e-08,1968
720575940620010409,1.530553457097591e-08,1969
720575940627146186,1.528543805002476e-08,1970
720575940617452500,1.5197280625892702e-08,1971
720575940626180452,1.5184190300054397e-08,1972
720575940631268882,1.5146955341585305e-08,1973
720575940627958889,1.513394916892368e-08,1974
720575940639903165,1.5120017482462338e-08,1975
720575940605625958,1.507183478070853e-08,1976
720575940639449507,1.5063314795909226e-08,1977
720575940624344072,1.4979113149687574e-08,1978
720575940622281399,1.4931704267419554e-08,1979
720575940618043973,1.4900307278681211e-08,1980
720575940623132040,1.4858095451978427e-08,1981
720575940614953878,1.4787431250274453e-08,1982
720575940629055340,1.4649648926301833e-08,1983
720575940628703993,1.4605441197875574e-08,1984
720575940659844225,1.4576439352018112e-08,1985
720575940644629028,1.4564697093254934e-08,1986
720575940638009434,1.4529951302189024e-08,1987
720575940616762585,1.4511800327689486e-08,1988
720575940613594783,1.4511800327689486e-08,1989
720575940629439238,1.4502675514509759e-08,1990
720575940618728395,1.442160881742518e-08,1991
720575940633994391,1.4376737597594022e-08,1992
720575940608971221,1.4368558612033083e-08,1993
720575940637637208,1.4319880685517583e-08,1994
720575940626653214,1.4291547124801192e-08,1995
720575940610933458,1.4279056514466653e-08,1996
720575940630101497,1.4274217733645471e-08,1997
720575940620840368,1.426889643301272e-08,1998
720575940621740833,1.4251307555345707e-08,1999
720575940618022469,1.4221641715655218e-08,2000
720575940623748789,1.4193876887728114e-08,2001
720575940636256319,1.4157323365567146e-08,2002
720575940629955372,1.4151524881072384e-08,2003
720575940610680274,1.4094805141266589e-08,2004
720575940644709792,1.4072642281742694e-08,2005
720575940644907543,1.4053298912805187e-08,2006
720575940607765257,1.404735516927185e-08,2007
720575940631508598,1.3960305153892179e-08,2008
720575940629007230,1.3951391213609053e-08,2009
720575940623781611,1.3891227536484978e-08,2010
720575940630520059,1.3878116860710907e-08,2011
720575940620561761,1.3861487313271839e-08,2012
720575940604284337,1.381091543154896e-08,2013
720575940654929057,1.3784883532729563e-08,2014
720575940637934308,1.3775082310340276e-08,2015
720575940621849769,1.3765173498821839e-08,2016
720575940630258391,1.3761095260413982e-08,2017
720575940634231653,1.372633253632775e-08,2018
720575940631274770,1.3703680880507468e-08,2019
720575940623871928,1.3652842743619107e-08,2020
720575940638022515,1.3584871821491909e-08,2021
720575940624817845,1.3550029250986222e-08,2022
720575940635969399,1.3506563703096246e-08,2023
720575940616597977,1.350125189244445e-08,2024
720575940635513524,1.3452360249655288e-08,2025
720575940629892311,1.3449938228710006e-08,2026
720575940641592973,1.3436501082508536e-08,2027
720575940628561628,1.3423634608855524e-08,2028
720575940647907124,1.3421671043565534e-08,2029
720575940631101548,1.338815048900275e-08,2030
720575940640935387,1.3348460380683315e-08,2031
720575940628164222,1.3317309593264495e-08,2032
720575940620153765,1.3315797378799e-08,2033
720575940633626337,1.3311338455303777e-08,2034
720575940627498152,1.3294978854165678e-08,2035
720575940619898971,1.3252548290382844e-08,2036
720575940626881991,1.3247950617598087e-08,2037
720575940624200974,1.3243733297169112e-08,2038
720575940638154805,1.3242507854992749e-08,2039
720575940614325138,1.3169032270168002e-08,2040
720575940617939613,1.316678476926499e-08,2041
720575940623137741,1.3165536650987904e-08,2042
720575940606123698,1.3148520253925335e-08,2043
720575940615004456,1.3143167270814956e-08,2044
720575940620919905,1.3028934568694097e-08,2045
720575940632792089,1.3007360110827052e-08,2046
720575940630607212,1.2963273306656826e-08,2047
720575940652941217,1.2911407995549545e-08,2048
720575940630991500,1.2885175949883147e-08,2049
720575940615253215,1.2838006105197865e-08,2050
720575940617291993,1.2804939854739043e-08,2051
720575940628690423,1.2792812414948124e-08,2052
720575940629239852,1.2757057994485582e-08,2053
720575940628404227,1.2696538824466952e-08,2054
720575940612093938,1.2621838005086631e-08,2055
720575940621926669,1.2621583445106296e-08,2056
720575940630281687,1.2610313927071237e-08,2057
720575940638673478,1.2554497588025038e-08,2058
720575940626745193,1.2545489929692829e-08,2059
720575940625953317,1.2539221097818791e-08,2060
720575940614196667,1.2520481227702664e-08,2061
720575940620861549,1.2514764748097888e-08,2062
720575940615952221,1.2488337512673051e-08,2063
720575940630618711,1.248062265111813e-08,2064
720575940635111449,1.2462747888458411e-08,2065
720575940620523947,1.2426197758634734e-08,2066
720575940618259766,1.2424941999370392e-08,2067
720575940620258480,1.2402691183361463e-08,2068
720575940605842656,1.2394885810685512e-08,2069
720575940615249314,1.2324460270159353e-08,2070
720575940606548914,1.2324460270159353e-08,2071
720575940617688093,1.2302436674599294e-08,2072
720575940624544748,1.2242806730150583e-08,2073
720575940640934363,1.210350377634339e-08,2074
720575940631978956,1.2075075678752956e-08,2075
720575940614719122,1.2063452234443958e-08,2076
720575940632625837,1.2039496228431975e-08,2077
720575940623129587,1.2027788790647424e-08,2078
720575940660196225,1.2016277061584386e-08,2079
720575940612743958,1.193687343764229e-08,2080
720575940627114492,1.192783282271349e-08,2081
720575940618038813,1.1884437460520351e-08,2082
720575940623916071,1.1879529174364111e-08,2083
720575940634127456,1.1876021154871681e-08,2084
720575940631134738,1.1846672387011355e-08,2085
720575940645372964,1.1796559183039287e-08,2086
720575940608971989,1.1718131151570896e-08,2087
720575940614079715,1.1716030531976975e-08,2088
720575940630604537,1.170342542611526e-08,2089
720575940641251712,1.1701974431099723e-08,2090
720575940632731105,1.170156086905575e-08,2091
720575940635146926,1.1689499883794235e-08,2092
720575940614770498,1.1689364234513236e-08,2093
720575940630916650,1.1669740166479063e-08,2094
720575940622276791,1.1664558766473766e-08,2095
720575940611984114,1.1629269894569916e-08,2096
720575940613632997,1.1627563383301423e-08,2097
720575940620234177,1.1610918091849122e-08,2098
720575940632433572,1.1608878884082685e-08,2099
720575940630276567,1.1608554975777402e-08,2100
720575940635399160,1.1604097599685199e-08,2101
720575940612498346,1.1549171030138252e-08,2102
720575940637069757,1.1528302551263567e-08,2103
720575940626769304,1.1438731106496989e-08,2104
720575940638208627,1.1416793305437105e-08,2105
720575940613699807,1.1369684811429405e-08,2106
720575940637913158,1.1303674668392064e-08,2107
720575940649133945,1.129264173568302e-08,2108
720575940629337470,1.1285276821916174e-08,2109
720575940619996582,1.1285276821916174e-08,2110
720575940639442595,1.1285276821916174e-08,2111
720575940645917492,1.1285276821916174e-08,2112
720575940633250530,1.1285276821916174e-08,2113
720575940613911186,1.1285276821916174e-08,2114
720575940619576912,1.1285276821916174e-08,2115
720575940617180445,1.1285276821916174e-08,2116
720575940616008309,1.1232852565198645e-08,2117
720575940642212552,1.120783059535741e-08,2118
720575940628533036,1.1204378206275585e-08,2119
720575940648200068,1.120358999527192e-08,2120
720575940626003130,1.119795826231544e-08,2121
720575940623319334,1.1102290725974364e-08,2122
720575940620561840,1.1088916969055462e-08,2123
720575940618562950,1.1062881218113458e-08,2124
720575940630339403,1.1052198830611695e-08,2125
720575940623248883,1.1004267919985999e-08,2126
720575940614666658,1.0994098729930744e-08,2127
720575940623764967,1.0984482194568111e-08,2128
720575940614298986,1.0970847440386971e-08,2129
720575940621285452,1.0962626678441657e-08,2130
720575940622673860,1.0946690824015001e-08,2131
720575940627704488,1.0945676241774012e-08,2132
720575940612434661,1.0942441730853254e-08,2133
720575940635022527,1.0929945131956373e-08,2134
720575940620510640,1.0922162829798024e-08,2135
720575940622977577,1.0911487304686831e-08,2136
720575940618086173,1.0895539368452747e-08,2137
720575940637569870,1.0811305814727234e-08,2138
720575940619844534,1.0736110776600084e-08,2139
720575940637612974,1.072083867494376e-08,2140
720575940613865110,1.0711775479979757e-08,2141
720575940629726590,1.06395060830076e-08,2142
720575940631090759,1.0633930156647364e-08,2143
720575940616538944,1.0615022997843234e-08,2144
720575940621328508,1.0600498260287215e-08,2145
720575940624039560,1.056191064269801e-08,2146
720575940630282297,1.0542778545794267e-08,2147
720575940631763523,1.050728429911823e-08,2148
720575940617486081,1.0499218096074939e-08,2149
720575940654436769,1.0499218096074939e-08,2150
720575940617575760,1.046184975782433e-08,2151
720575940638249917,1.0458308951537243e-08,2152
720575940659832705,1.0387683148662476e-08,2153
720575940612509337,1.0380433657547453e-08,2154
720575940617371732,1.0369768677525288e-08,2155
720575940634976174,1.0361326977925037e-08,2156
720575940636167280,1.032126982287308e-08,2157
720575940612468594,1.0303761785812214e-08,2158
720575940632741728,1.0281924960428331e-08,2159
720575940611762329,1.0246359327982997e-08,2160
720575940641609869,1.0246124974427102e-08,2161
720575940610899666,1.024427516535134e-08,2162
720575940615613396,1.0243421471807041e-08,2163
720575940623707831,1.0193851594858858e-08,2164
720575940629901819,1.0140910404184974e-08,2165
720575940627768409,1.0102196724539833e-08,2166
720575940640125568,1.0070695894573557e-08,2167
720575940625681681,1.0041877944080437e-08,2168
720575940639594355,1.0034759746726566e-08,2169
720575940605992369,1.0030913624174277e-08,2170
720575940617044737,9.957145516944364e-09,2171
720575940604994336,9.957145516944364e-09,2172
720575940622564621,9.91683742667777e-09,2173
720575940612727665,9.89037104426615e-09,2174
720575940625435792,9.872968400193123e-09,2175
720575940623288467,9.869772350773263e-09,2176
720575940628006296,9.814321387282607e-09,2177
720575940615184863,9.805265026643988e-09,2178
720575940618471261,9.805009743531621e-09,2179
720575940630557967,9.800077098628758e-09,2180
720575940637592666,9.759941281616211e-09,2181
720575940628584783,9.752003985326213e-09,2182
720575940618116693,9.699432030584692e-09,2183
720575940610649208,9.697263946364395e-09,2184
720575940618595894,9.693685497087515e-09,2185
720575940608824530,9.684467321822667e-09,2186
720575940621825916,9.684467321822667e-09,2187
720575940602977248,9.654728744243928e-09,2188
720575940611098595,9.637095138748711e-09,2189
720575940619331163,9.620715967703469e-09,2190
720575940620913773,9.61021529068444e-09,2191
720575940619940693,9.594288398058581e-09,2192
720575940638116723,9.587442069820403e-09,2193
720575940637694517,9.577529255700965e-09,2194
720575940639669592,9.48301958291037e-09,2195
720575940618821067,9.41760446254135e-09,2196
720575940616025906,9.416703773905354e-09,2197
720575940630914511,9.372122200161982e-09,2198
720575940628034044,9.362937020666721e-09,2199
720575940611767189,9.336469117532186e-09,2200
720575940633988633,9.294693804934615e-09,2201
720575940639683389,9.282349292384388e-09,2202
720575940624666604,9.273232056554784e-09,2203
720575940624357896,9.266484696469513e-09,2204
720575940626976522,9.248537070007738e-09,2205
720575940616891958,9.246095237004543e-09,2206
720575940636625806,9.22622846568794e-09,2207
720575940631164476,9.214482385767245e-09,2208
720575940624104265,9.205260271656589e-09,2209
720575940624030478,9.156656447067057e-09,2210
720575940604865312,9.11995949230814e-09,2211
720575940629925111,9.08704707491749e-09,2212
720575940609027523,9.082083314281015e-09,2213
720575940618098459,9.07920127630447e-09,2214
720575940628749111,9.053435666778286e-09,2215
720575940636093541,9.053435666778286e-09,2216
720575940648683908,9.052253425990126e-09,2217
720575940612991381,9.008751005937702e-09,2218
720575940607814492,8.954925679911283e-09,2219
720575940631758111,8.95426498839523e-09,2220
720575940617470164,8.928114394282247e-09,2221
720575940620909933,8.90613278510392e-09,2222
720575940627167516,8.885963043083236e-09,2223
720575940628934403,8.799165611101219e-09,2224
720575940634455136,8.789564470042713e-09,2225
720575940633471839,8.78588850992555e-09,2226
720575940619549611,8.784866417761594e-09,2227
720575940614522847,8.761408411409525e-09,2228
720575940633509407,8.755231719885806e-09,2229
720575940617577797,8.755231719885806e-09,2230
720575940612619431,8.753018151279341e-09,2231
720575940627316303,8.747071687047131e-09,2232
720575940615723350,8.747071687047131e-09,2233
720575940628429056,8.738911654208456e-09,2234
720575940619451233,8.738911654208456e-09,2235
720575940622262593,8.738911654208456e-09,2236
720575940618539422,8.730751621369782e-09,2237
720575940612531370,8.7300228971154e-09,2238
720575940612593361,8.699436699359695e-09,2239
720575940617825563,8.69313398381794e-09,2240
720575940615978902,8.653740345512395e-09,2241
720575940632829485,8.652091289139242e-09,2242
720575940624431288,8.645885085443353e-09,2243
720575940630797624,8.624847654710413e-09,2244
720575940621260020,8.603604544507039e-09,2245
720575940638885429,8.5897253267712e-09,2246
720575940638881907,8.579847698284498e-09,2247
720575940628695043,8.562750961999665e-09,2248
720575940629752219,8.562458786551393e-09,2249
720575940633798295,8.554963884594432e-09,2250
720575940616766294,8.548030664516332e-09,2251
720575940637736006,8.546001424514232e-09,2252
720575940625630212,8.527944583115274e-09,2253
720575940620227860,8.487228090578122e-09,2254
720575940619511345,8.487228090578122e-09,2255
720575940635757936,8.479168093745719e-09,2256
720575940622590669,8.475109879992283e-09,2257
720575940614009827,8.470719545948778e-09,2258
720575940635116383,8.433712749260067e-09,2259
720575940644899095,8.429617416511986e-09,2260
720575940642506459,8.413819623234546e-09,2261
720575940629918762,8.355192722269331e-09,2262
720575940635307256,8.33639703835905e-09,2263
720575940611514261,8.273605816175707e-09,2264
720575940622192822,8.261835324957412e-09,2265
720575940628620879,8.240896663785872e-09,2266
720575940626778264,8.23979773286802e-09,2267
720575940616211013,8.238055750922943e-09,2268
720575940622009889,8.233029399765712e-09,2269
720575940604714464,8.230747932206613e-09,2270
720575940620381575,8.188311362995316e-09,2271
720575940617494417,8.183133734894853e-09,2272
720575940645824035,8.179709769665566e-09,2273
720575940632224031,8.179709769665566e-09,2274
720575940636520805,8.17679260658089e-09,2275
720575940610332024,8.170739684342693e-09,2276
720575940627996315,8.125772066436375e-09,2277
720575940624223888,8.125772066436375e-09,2278
720575940628003304,8.072925610901964e-09,2279
720575940614367715,8.070921642617837e-09,2280
720575940620024560,8.06050441752503e-09,2281
720575940619434689,8.017896659977994e-09,2282
720575940630336634,8.014035532567976e-09,2283
720575940613531295,8.007837640194396e-09,2284
720575940619253809,7.980958908281844e-09,2285
720575940624100681,7.933956856074821e-09,2286
720575940643977070,7.924741738820253e-09,2287
720575940621778646,7.912320118611069e-09,2288
720575940627431848,7.907555826314163e-09,2289
720575940639094589,7.897876631271404e-09,2290
720575940628515331,7.883464611072095e-09,2291
720575940612800153,7.876716453715664e-09,2292
720575940614486439,7.845196389903524e-09,2293
720575940610487928,7.841476908543363e-09,2294
720575940615930299,7.8334037668239e-09,2295
720575940619761473,7.82815821932908e-09,2296
720575940629098618,7.822778750486473e-09,2297
720575940633059381,7.812801951607597e-09,2298
720575940627537753,7.808706080679461e-09,2299
720575940631586924,7.750641331423878e-09,2300
720575940633613794,7.72696908058912e-09,2301
720575940631503928,7.72696908058912e-09,2302
720575940626792025,7.713609042117534e-09,2303
720575940617712438,7.699902940898372e-09,2304
720575940624302008,7.699516453060464e-09,2305
720575940635036863,7.694392764639085e-09,2306
720575940652104694,7.693252559010699e-09,2307
720575940622227213,7.672040882970089e-09,2308
720575940616565109,7.653275113059401e-09,2309
720575940635492276,7.586525794216762e-09,2310
720575940637087039,7.561698518983228e-09,2311
720575940633254370,7.54675467690319e-09,2312
720575940615631321,7.546147284002904e-09,2313
720575940629521260,7.543531449369869e-09,2314
720575940630069504,7.5049485508241e-09,2315
720575940612803094,7.47809319543599e-09,2316
720575940619757515,7.469242907257172e-09,2317
720575940625898121,7.453309474285296e-09,2318
720575940635055455,7.4440624748767335e-09,2319
720575940614898037,7.423445916469126e-09,2320
720575940632014383,7.422448814153448e-09,2321
720575940627372346,7.395333386586274e-09,2322
720575940616579257,7.392454058072815e-09,2323
720575940626672058,7.364464942791203e-09,2324
720575940624107081,7.349825895156934e-09,2325
720575940609908270,7.3482426132453175e-09,2326
720575940614774923,7.343166344510512e-09,2327
720575940611175118,7.342804861396318e-09,2328
720575940612374757,7.326279304913258e-09,2329
720575940639053885,7.317233157833022e-09,2330
720575940624096708,7.3009130921556725e-09,2331
720575940622934817,7.269426980058488e-09,2332
720575940616959778,7.261483838673832e-09,2333
720575940629075191,7.258186491606766e-09,2334
720575940612968103,7.2533208868166305e-09,2335
720575940622604749,7.2500428509600994e-09,2336
720575940637185252,7.194921743164639e-09,2337
720575940622919411,7.193636453863694e-09,2338
720575940631078504,7.193636453863694e-09,2339
720575940623282175,7.186127957130848e-09,2340
720575940631631564,7.1779683036306194e-09,2341
720575940618960555,7.1623857674025066e-09,2342
720575940636256398,7.14464852615585e-09,2343
720575940626601093,7.14464852615585e-09,2344
720575940610036834,7.14464852615585e-09,2345
720575940621767629,7.14464852615585e-09,2346
720575940620244719,7.1407763191618985e-09,2347
720575940630696645,7.116089271318261e-09,2348
720575940632171857,7.1156674463130266e-09,2349
720575940627517186,7.095181600333435e-09,2350
720575940622039501,7.063505808412785e-09,2351
720575940638304838,7.060919297890704e-09,2352
720575940623428234,7.055266986544232e-09,2353
720575940632108205,7.039608230777106e-09,2354
720575940621814054,7.003370027646457e-09,2355
720575940630952901,6.995904710490529e-09,2356
720575940637647950,6.990755620342583e-09,2357
720575940621953118,6.983411803354393e-09,2358
720575940621746300,6.94280381765391e-09,2359
720575940631866951,6.929521112644223e-09,2360
720575940610214613,6.901889779240415e-09,2361
720575940643371424,6.875342917027017e-09,2362
720575940621650721,6.870082048929942e-09,2363
720575940633635298,6.859141446873654e-09,2364
720575940608283147,6.854646099919751e-09,2365
720575940622091546,6.85448563965822e-09,2366
720575940624361230,6.8477782490808435e-09,2367
720575940621166719,6.8423011949812225e-09,2368
720575940625388730,6.839050777681844e-09,2369
720575940638379598,6.812347828552082e-09,2370
720575940632692051,6.7799478367367165e-09,2371
720575940623119496,6.774444481253102e-09,2372
720575940639382691,6.767747646248716e-09,2373
720575940640942837,6.742621589175437e-09,2374
720575940613645541,6.730342773061577e-09,2375
720575940614388447,6.697416338258087e-09,2376
720575940617395412,6.656044109547111e-09,2377
720575940623956682,6.649881973270696e-09,2378
720575940621164927,6.644853718050477e-09,2379
720575940621870204,6.6112393432624185e-09,2380
720575940622779263,6.582739688729854e-09,2381
720575940637574515,6.578538025610311e-09,2382
720575940614673058,6.553742143974887e-09,2383
720575940634025111,6.5506145291021245e-09,2384
720575940637013726,6.547186975616942e-09,2385
720575940623986634,6.542762814820859e-09,2386
720575940613118610,6.521707970817485e-09,2387
720575940618727640,6.519307339872675e-09,2388
720575940632613549,6.495378888152476e-09,2389
720575940627578385,6.493888329576567e-09,2390
720575940616469365,6.4909278144265685e-09,2391
720575940620483444,6.461612849458848e-09,2392
720575940624758771,6.45933888649945e-09,2393
720575940619754699,6.4541801413588434e-09,2394
720575940614595218,6.4491449986180826e-09,2395
720575940629338750,6.441047813065341e-09,2396
720575940621479295,6.441047813065341e-09,2397
720575940605343921,6.441047813065341e-09,2398
720575940619953172,6.424285300577086e-09,2399
720575940639181365,6.3643569565244595e-09,2400
720575940621706480,6.304060255202703e-09,2401
720575940612444645,6.3030326169482085e-09,2402
720575940622722659,6.291929072027218e-09,2403
720575940632913461,6.291568126026056e-09,2404
720575940632829741,6.257584918801025e-09,2405
720575940606267659,6.2515143863352205e-09,2406
720575940631852627,6.246430823317334e-09,2407
720575940626815826,6.246010047588816e-09,2408
720575940616101994,6.233900843549767e-09,2409
720575940620121223,6.202520848601268e-09,2410
720575940608281412,6.193844729937384e-09,2411
720575940620451056,6.190090930636434e-09,2412
720575940612319155,6.172899899160388e-09,2413
720575940637887872,6.169281809827717e-09,2414
720575940620128282,6.160674173012139e-09,2415
720575940606624725,6.147293205742766e-09,2416
720575940635052127,6.145437824802379e-09,2417
720575940624918972,6.1220823775299215e-09,2418
720575940614709410,6.1160178205724896e-09,2419
720575940622090316,6.113831197937687e-09,2420
720575940618696920,6.09582486671243e-09,2421
720575940623351443,6.052689854017675e-09,2422
720575940631061815,6.049390004841962e-09,2423
720575940637610566,6.044048217744734e-09,2424
720575940615778610,6.043597475085252e-09,2425
720575940637749574,6.009735784046921e-09,2426
720575940628174674,6.002360631673852e-09,2427
720575940635057759,5.983217608397611e-09,2428
720575940628514647,5.953202476950113e-09,2429
720575940615983510,5.948497384564924e-09,2430
720575940628322780,5.9355049740083204e-09,2431
720575940633778528,5.9355049740083204e-09,2432
720575940619676224,5.930341070722021e-09,2433
720575940612110042,5.924705561171616e-09,2434
720575940606999682,5.907483343632766e-09,2435
720575940629913538,5.889345773044471e-09,2436
720575940619793134,5.850780434527875e-09,2437
720575940617048925,5.837565184998577e-09,2438
720575940627275602,5.831255188532627e-09,2439
720575940632272721,5.830893361953034e-09,2440
720575940652490742,5.7744079339431135e-09,2441
720575940619819802,5.7735438769737546e-09,2442
720575940622082518,5.76971006467023e-09,2443
720575940631461674,5.7629539990866895e-09,2444
720575940623126200,5.746897256550814e-09,2445
720575940615257823,5.7399146820253865e-09,2446
720575940637820846,5.7240018683879325e-09,2447
720575940642343565,5.714431522326459e-09,2448
720575940636571534,5.7072433290116155e-09,2449
720575940610113905,5.70095295552305e-09,2450
720575940623423049,5.681886750097358e-09,2451
720575940638733902,5.678319683364226e-09,2452
720575940631038125,5.678319683364226e-09,2453
720575940616101789,5.6673742777651855e-09,2454
720575940622619332,5.664385475932471e-09,2455
720575940626075422,5.662378491527117e-09,2456
720575940637619509,5.642638410958087e-09,2457
720575940627629315,5.642638410958087e-09,2458
720575940619163783,5.642638410958087e-09,2459
720575940625894552,5.636547935765276e-09,2460
720575940631880505,5.631435401619264e-09,2461
720575940608979395,5.60486420118782e-09,2462
720575940643980910,5.5963911917955925e-09,2463
720575940627526735,5.591834577490194e-09,2464
720575940660160385,5.587596837607627e-09,2465
720575940620720622,5.543720713391054e-09,2466
720575940639080526,5.533218405251769e-09,2467
720575940615437983,5.532640084756366e-09,2468
720575940635539448,5.519509536332101e-09,2469
720575940627833860,5.448896569481963e-09,2470
720575940631095289,5.444274083080964e-09,2471
720575940637510121,5.441531312993004e-09,2472
720575940629884715,5.430242277194795e-09,2473
720575940612044750,5.412010876869029e-09,2474
720575940627269642,5.408506859228821e-09,2475
720575940615953202,5.3883477736188206e-09,2476
720575940648564612,5.386927642575398e-09,2477
720575940626658570,5.375457231381131e-09,2478
720575940638623677,5.324133102538008e-09,2479
720575940631591199,5.306160174662563e-09,2480
720575940608336907,5.302965043503217e-09,2481
720575940631143383,5.300792910367582e-09,2482
720575940632098375,5.300792910367582e-09,2483
720575940632371737,5.300792910367582e-09,2484
720575940627638037,5.297558776700852e-09,2485
720575940632102564,5.2925054048878526e-09,2486
720575940611477683,5.2824498766086476e-09,2487
720575940616331679,5.270502913870331e-09,2488
720575940610724306,5.230780175218736e-09,2489
720575940616018326,5.223782607399651e-09,2490
720575940616377942,5.209412870500681e-09,2491
720575940614236575,5.198140043864037e-09,2492
720575940641621645,5.195465757820281e-09,2493
720575940608074370,5.1916021914156015e-09,2494
720575940614792554,5.190809989965818e-09,2495
720575940606611977,5.185215796507136e-09,2496
720575940628787528,5.164118267154148e-09,2497
720575940612920434,5.148583336597192e-09,2498
720575940615271124,5.147719516688846e-09,2499
720575940619789248,5.115689625248667e-09,2500
720575940625354904,5.111692864386291e-09,2501
720575940624045155,5.1075295924099924e-09,2502
720575940624023539,5.10626226333602e-09,2503
720575940634276506,5.0764008475494715e-09,2504
720575940614662517,5.035421892603859e-09,2505
720575940628029592,5.033660524124995e-09,2506
720575940638475573,5.0309288531345606e-09,2507
720575940630168636,5.023413500044222e-09,2508
720575940647703348,5.015641042703705e-09,2509
720575940621470847,5.013132058345455e-09,2510
720575940631459385,4.9757967737971424e-09,2511
720575940634658785,4.968486414361973e-09,2512
720575940607896265,4.9555869657817315e-09,2513
720575940639727861,4.940091722395802e-09,2514
720575940629910636,4.9248746701465165e-09,2515
720575940625795453,4.921631871637144e-09,2516
720575940626988574,4.919082094034256e-09,2517
720575940610409170,4.918788019603171e-09,2518
720575940626425682,4.914443159608393e-09,2519
720575940636521573,4.896336806198148e-09,2520
720575940617684054,4.896336806198148e-09,2521
720575940629594998,4.896336806198148e-09,2522
720575940653705889,4.896336806198148e-09,2523
720575940635157355,4.892346987391708e-09,2524
720575940642030477,4.882566625681312e-09,2525
720575940631328738,4.865300154256283e-09,2526
720575940619417620,4.817082515610909e-09,2527
720575940620740632,4.811608392480371e-09,2528
720575940625433488,4.773547651309757e-09,2529
720575940623369668,4.770903823252329e-09,2530
720575940643941832,4.75784159026038e-09,2531
720575940606563249,4.757380530306777e-09,2532
720575940628928771,4.755181113127644e-09,2533
720575940617765405,4.75156907639824e-09,2534
720575940617947412,4.7503426882459475e-09,2535
720575940628847867,4.745606551053272e-09,2536
720575940610088883,4.721996214526619e-09,2537
720575940617307165,4.716024326759081e-09,2538
720575940614567611,4.716024326759081e-09,2539
720575940629710444,4.701843070223652e-09,2540
720575940607869788,4.701843070223652e-09,2541
720575940627465871,4.701843070223652e-09,2542
720575940618955678,4.696519152679623e-09,2543
720575940618779294,4.6952451216481045e-09,2544
720575940630696901,4.677409522765569e-09,2545
720575940625028380,4.669474856915178e-09,2546
720575940636231525,4.667143684754217e-09,2547
720575940615608588,4.666523210660883e-09,2548
720575940610456270,4.664058108830193e-09,2549
720575940618648443,4.622814519911151e-09,2550
720575940627654933,4.614402436632768e-09,2551
720575940624953276,4.611319923849574e-09,2552
720575940629721399,4.584750810249337e-09,2553
720575940638764403,4.578815102030694e-09,2554
720575940626394767,4.576403498282749e-09,2555
720575940625561374,4.567153823150735e-09,2556
720575940627752585,4.545574865918475e-09,2557
720575940631962705,4.5412092470522026e-09,2558
720575940623107464,4.540233635398931e-09,2559
720575940624914108,4.5376654972820656e-09,2560
720575940624349448,4.497005450919769e-09,2561
720575940629350782,4.488717278593203e-09,2562
720575940614483879,4.4872699416627365e-09,2563
720575940626439426,4.477694621439744e-09,2564
720575940646136964,4.471340233655899e-09,2565
720575940621926536,4.471340233655899e-09,2566
720575940634035863,4.467915857087625e-09,2567
720575940606001074,4.463776161272733e-09,2568
720575940616949406,4.452207254439569e-09,2569
720575940634970559,4.4513468504273324e-09,2570
720575940621009505,4.4458650369309224e-09,2571
720575940624221773,4.43400695420628e-09,2572
720575940623356651,4.432150857786201e-09,2573
720575940620574305,4.411074392998447e-09,2574
720575940612821727,4.4063974562829786e-09,2575
720575940620567661,4.3776356883731055e-09,2576
720575940631196264,4.323147906266733e-09,2577
720575940619651920,4.314848298851763e-09,2578
720575940619702337,4.275033576007417e-09,2579
720575940628173623,4.273709671582156e-09,2580
720575940631217782,4.273050234692462e-09,2581
720575940631261714,4.268687073609795e-09,2582
720575940632271405,4.248802909547726e-09,2583
720575940638078527,4.246458664372228e-09,2584
720575940617351990,4.242393444652719e-09,2585
720575940631275601,4.238032612411533e-09,2586
720575940626854025,4.237936398366779e-09,2587
720575940619930021,4.224083194469551e-09,2588
720575940635138911,4.220073677220344e-09,2589
720575940634364311,4.203970233121594e-09,2590
720575940628896168,4.1827509048182825e-09,2591
720575940616463477,4.158453068336554e-09,2592
720575940627632428,4.151369225249929e-09,2593
720575940636473006,4.129907798094411e-09,2594
720575940610258552,4.118331859758117e-09,2595
720575940622441107,4.114529059880567e-09,2596
720575940627253865,4.0923701254003724e-09,2597
720575940636684378,4.088432694318536e-09,2598
720575940630292695,4.081285380637944e-09,2599
720575940636734382,4.077864492704957e-09,2600
720575940639673715,4.076220189918511e-09,2601
720575940625679408,4.072765696098151e-09,2602
720575940627454730,4.0681688195443535e-09,2603
720575940639693373,4.0587568206701065e-09,2604
720575940629559034,4.057493225916277e-09,2605
720575940622027527,4.056969817088794e-09,2606
720575940626248250,4.046108602774941e-09,2607
720575940626779644,4.0374792263990595e-09,2608
720575940619168728,4.032275929145753e-09,2609
720575940624054280,4.024055093867068e-09,2610
720575940609924306,4.0202216303583235e-09,2611
720575940627069321,4.0141214101782434e-09,2612
720575940633927359,4.006249094571101e-09,2613
720575940620660207,4.001693890366532e-09,2614
720575940630917623,4.001129276985828e-09,2615
720575940622697496,3.9834229364991675e-09,2616
720575940620071872,3.975381490331194e-09,2617
720575940620497286,3.972168196964406e-09,2618
720575940632753619,3.9662861446344756e-09,2619
720575940647088004,3.960260609980422e-09,2620
720575940624917432,3.960250323185919e-09,2621
720575940622548182,3.955908699541642e-09,2622
720575940629728732,3.943940544303073e-09,2623
720575940627163560,3.9377638527793536e-09,2624
720575940615183071,3.929746247093656e-09,2625
720575940616546333,3.929603819940679e-09,2626
720575940622779519,3.928453680558136e-09,2627
720575940628800277,3.921443787102004e-09,2628
720575940610059726,3.91328375426333e-09,2629
720575940629837527,3.912585043466795e-09,2630
720575940624331272,3.911760968300136e-09,2631
720575940620383768,3.905584785382065e-09,2632
720575940618682782,3.905274151534247e-09,2633
720575940604276652,3.891752720099179e-09,2634
720575940617885643,3.885039630187267e-09,2635
720575940627983080,3.8844004569189345e-09,2636
720575940623387786,3.874943497825783e-09,2637
720575940614104017,3.817680547183975e-09,2638
720575940643814816,3.798591136327885e-09,2639
720575940618840280,3.795481654213254e-09,2640
720575940615994907,3.790271189321063e-09,2641
720575940635958639,3.76189847765941e-09,2642
720575940611376346,3.758507209277127e-09,2643
720575940612785174,3.757446779511063e-09,2644
720575940605927904,3.751181008648472e-09,2645
720575940624540967,3.7424803081148715e-09,2646
720575940637472053,3.739026326049412e-09,2647
720575940653703585,3.730955368271642e-09,2648
720575940633688275,3.723472772993268e-09,2649
720575940635561335,3.7205630207782277e-09,2650
720575940630496975,3.7083695360096697e-09,2651
720575940636187054,3.7083695360096697e-09,2652
720575940622651389,3.7083695360096697e-09,2653
720575940646785924,3.697218334156617e-09,2654
720575940630664273,3.6793729501009487e-09,2655
720575940639427416,3.6780202923166156e-09,2656
720575940608969667,3.6763791785598233e-09,2657
720575940621921501,3.6676990465425213e-09,2658
720575940609845454,3.6676990465425213e-09,2659
720575940641237645,3.6613059463897892e-09,2660
720575940620205147,3.6593079126762017e-09,2661
720575940625821758,3.6544318327804794e-09,2662
720575940607927817,3.6544318327804794e-09,2663
720575940614559163,3.6544318327804794e-09,2664
720575940619419757,3.6544318327804794e-09,2665
720575940628621316,3.6544318327804794e-09,2666
720575940620219329,3.649506202226692e-09,2667
720575940609240515,3.6390816729068554e-09,2668
720575940633883744,3.6359552959266455e-09,2669
720575940624943800,3.6337845222336516e-09,2670
720575940612794134,3.63216125780609e-09,2671
720575940632816301,3.590602983563569e-09,2672
720575940618759128,3.577105733370333e-09,2673
720575940617895744,3.577105733370333e-09,2674
720575940614742214,3.577105733370333e-09,2675
720575940614204414,3.561750861637535e-09,2676
720575940635960943,3.5524893695398476e-09,2677
720575940635562096,3.5465564263221005e-09,2678
720575940617209940,3.5465564263221005e-09,2679
720575940639024462,3.5465564263221005e-09,2680
720575940625728899,3.5465564263221005e-09,2681
720575940633304913,3.539101676965497e-09,2682
720575940625926693,3.5343846069969952e-09,2683
720575940610397619,3.497595123930973e-09,2684
720575940628864087,3.491361602089787e-09,2685
720575940626681146,3.4842327578525775e-09,2686
720575940612499097,3.4837852287644383e-09,2687
720575940630284306,3.4628675073689576e-09,2688
720575940610511043,3.4618388107915738e-09,2689
720575940613792296,3.4599340148828806e-09,2690
720575940606705073,3.4432062528984167e-09,2691
720575940633324627,3.4352942179977632e-09,2692
720575940622775443,3.4251716440290606e-09,2693
720575940644815395,3.41666969781536e-09,2694
720575940630258572,3.4165036064872457e-09,2695
720575940614618683,3.3995218242320753e-09,2696
720575940627720335,3.3969532901042834e-09,2697
720575940637846947,3.3904990736250214e-09,2698
720575940620212133,3.3645422377195273e-09,2699
720575940604810016,3.362843505785816e-09,2700
720575940616054834,3.355795070471565e-09,2701
720575940631655737,3.354686487244501e-09,2702
720575940607128412,3.354514093007265e-09,2703
720575940624555838,3.3452999548395637e-09,2704
720575940618373701,3.344326886495115e-09,2705
720575940624043107,3.3273886855385197e-09,2706
720575940614682043,3.318901608431466e-09,2707
720575940628868352,3.3158008719917682e-09,2708
720575940616940405,3.3158008719917682e-09,2709
720575940644316360,3.3158008719917682e-09,2710
720575940619401199,3.3158008719917682e-09,2711
720575940620519088,3.3158008719917682e-09,2712
720575940626773306,3.313554227908249e-09,2713
720575940621729050,3.300597729698035e-09,2714
720575940607233458,3.289765417846192e-09,2715
720575940613670893,3.28568284282949e-09,2716
720575940620226753,3.240724315456232e-09,2717
720575940623901447,3.237359575091726e-09,2718
720575940628330885,3.233794353658724e-09,2719
720575940639366478,3.2312814935853894e-09,2720
720575940635180956,3.2217863340505635e-09,2721
720575940629521914,3.19372266778909e-09,2722
720575940610185221,3.1816215777003027e-09,2723
720575940626022074,3.175490527420188e-09,2724
720575940631618920,3.16095486913101e-09,2725
720575940620687832,3.1562211115344087e-09,2726
720575940633660386,3.154197096999632e-09,2727
720575940615512130,3.141395919399924e-09,2728
720575940618654016,3.1315703123441402e-09,2729
720575940629518786,3.117635773768952e-09,2730
720575940603885856,3.1055662720783725e-09,2731
720575940620628463,3.1051492558984797e-09,2732
720575940623463036,3.0980963494179345e-09,2733
720575940632009784,3.0820274603961316e-09,2734
720575940635001535,3.0681247346876666e-09,2735
720575940636767856,3.0359967030332205e-09,2736
720575940646921012,3.0301736602043697e-09,2737
720575940623274935,3.0278366701945454e-09,2738
720575940637524021,3.0216193195977293e-09,2739
720575940625032171,3.0023912826348204e-09,2740
720575940623233238,2.9998071053112635e-09,2741
720575940619545905,2.9814360948976046e-09,2742
720575940616311513,2.980797008497071e-09,2743
720575940605391136,2.967042658056556e-09,2744
720575940629254759,2.9646566651397194e-09,2745
720575940636524133,2.948160542322146e-09,2746
720575940632350668,2.9475124921297738e-09,2747
720575940626163518,2.945656094450824e-09,2748
720575940621241008,2.9454278792781347e-09,2749
720575940623099085,2.9453575903543084e-09,2750
720575940623450308,2.9452106374924875e-09,2751
720575940615422786,2.943343431319777e-09,2752
720575940643882184,2.940992070568645e-09,2753
720575940612910376,2.937954530741097e-09,2754
720575940625342648,2.9252275790875216e-09,2755
720575940608462684,2.9174380247147985e-09,2756
720575940617910017,2.9161334255463385e-09,2757
720575940637293687,2.9144724209333193e-09,2758
720575940604352689,2.9141426581238074e-09,2759
720575940631796803,2.881864290535944e-09,2760
720575940620813478,2.8501290170328793e-09,2761
720575940617828893,2.8500226213605154e-09,2762
720575940639645757,2.847962785853478e-09,2763
720575940615696490,2.8429643817172434e-09,2764
720575940630734587,2.827888323994054e-09,2765
720575940609237187,2.827440437702325e-09,2766
720575940607369737,2.8227396124837767e-09,2767
720575940626949918,2.8190861853588577e-09,2768
720575940628677114,2.806143474688982e-09,2769
720575940631450451,2.7866659320427818e-09,2770
720575940642288269,2.7853531407704878e-09,2771
720575940652128502,2.777066812527223e-09,2772
720575940631978287,2.7695490693198892e-09,2773
720575940629155227,2.7653696842060965e-09,2774
720575940626936107,2.7403877455231637e-09,2775
720575940623930211,2.720765656496502e-09,2776
720575940631629643,2.7201653999211952e-09,2777
720575940646661252,2.7169456476495023e-09,2778
720575940637067888,2.700930607876905e-09,2779
720575940628597291,2.693793500413089e-09,2780
720575940654500257,2.685997362650953e-09,2781
720575940630765253,2.679854389003024e-09,2782
720575940619791019,2.6778373298122782e-09,2783
720575940636477541,2.6749646490687537e-09,2784
720575940629798082,2.674963808531716e-09,2785
720575940637664357,2.667419517990552e-09,2786
720575940633352929,2.641127107983958e-09,2787
720575940627363349,2.6371907376570743e-09,2788
720575940639349053,2.607149930527358e-09,2789
720575940623265258,2.6017658595598654e-09,2790
720575940630610042,2.5996133880847153e-09,2791
720575940614778124,2.5990700219320183e-09,2792
720575940610287566,2.5990700219320183e-09,2793
720575940614014431,2.5990700219320183e-09,2794
720575940632137636,2.593816923300128e-09,2795
720575940611905138,2.582230521703658e-09,2796
720575940619864912,2.5770002806446497e-09,2797
720575940623439996,2.5703636388797264e-09,2798
720575940611512293,2.5661900377903144e-09,2799
720575940625408333,2.552322016431291e-09,2800
720575940622203350,2.5436262662673334e-09,2801
720575940634710879,2.5281935205421004e-09,2802
720575940624292843,2.524403513722416e-09,2803
720575940614180714,2.5241275642624385e-09,2804
720575940611906713,2.5210624102470037e-09,2805
720575940621437004,2.5187305418791053e-09,2806
720575940630168892,2.500285921185352e-09,2807
720575940638097983,2.483468369956158e-09,2808
720575940645023598,2.4787367147119646e-09,2809
720575940633611234,2.4752260611122694e-09,2810
720575940624781555,2.474951616780697e-09,2811
720575940623871723,2.4602330776217353e-09,2812
720575940616275174,2.459857198928513e-09,2813
720575940619522974,2.4468885962454892e-09,2814
720575940611428977,2.4421395439143324e-09,2815
720575940639150013,2.4342027222146535e-09,2816
720575940624784115,2.429549243109808e-09,2817
720575940624054792,2.4285483269983428e-09,2818
720575940621844137,2.4201273819197567e-09,2819
720575940618953217,2.4117224165811993e-09,2820
720575940622696447,2.4117224165811993e-09,2821
720575940604821950,2.399467870654719e-09,2822
720575940608376132,2.397218366528517e-09,2823
720575940637999076,2.3948180648380783e-09,2824
720575940629471610,2.39435847907412e-09,2825
720575940618869814,2.392701179350639e-09,2826
720575940629023131,2.381951907444186e-09,2827
720575940626707770,2.3767180518696054e-09,2828
720575940632264223,2.368143119298184e-09,2829
720575940606769854,2.3595457370554106e-09,2830
720575940628455942,2.3546053537468992e-09,2831
720575940627650120,2.3509037352771175e-09,2832
720575940617104396,2.3503345516080547e-09,2833
720575940630914304,2.346406935966116e-09,2834
720575940638772387,2.338746651944731e-09,2835
720575940621456127,2.336924747377084e-09,2836
720575940650751873,2.3313156084621296e-09,2837
720575940620096065,2.322028520416464e-09,2838
720575940630435468,2.3042094806590355e-09,2839
720575940634990271,2.3011136733333205e-09,2840
720575940613167845,2.2974180459963117e-09,2841
720575940627818499,2.2955033960300906e-09,2842
720575940615152011,2.2934141741745965e-09,2843
720575940634800759,2.2851638650272785e-09,2844
720575940621440859,2.2768351268042077e-09,2845
720575940608392796,2.2692147159846992e-09,2846
720575940623113752,2.2617752931912565e-09,2847
720575940626282633,2.2611024213201385e-09,2848
720575940629423994,2.237652912381711e-09,2849
720575940614842262,2.234452861849985e-09,2850
720575940636261294,2.2339360346057505e-09,2851
720575940630005147,2.228535983435986e-09,2852
720575940629765647,2.22732929607182e-09,2853
720575940612803606,2.2209128301198075e-09,2854
720575940631067715,2.2184118353932665e-09,2855
720575940617422641,2.215966056393121e-09,2856
720575940628125339,2.1966381153094987e-09,2857
720575940639711037,2.1823222570857522e-09,2858
720575940614485671,2.171392781643622e-09,2859
720575940620382400,2.166543943489988e-09,2860
720575940623271206,2.1499163788677568e-09,2861
720575940614553767,2.1499159907599326e-09,2862
720575940639686232,2.145436282089948e-09,2863
720575940616921129,2.1452852876626015e-09,2864
720575940617984297,2.1342939642470355e-09,2865
720575940620896937,2.1311536597938585e-09,2866
720575940627987974,2.131042978462861e-09,2867
720575940629494543,2.126880001512564e-09,2868
720575940615945414,2.125572464827969e-09,2869
720575940631248711,2.1246101925672386e-09,2870
720575940612664273,2.1204389791566784e-09,2871
720575940615503938,2.1165134923683655e-09,2872
720575940614998270,2.1106065368231156e-09,2873
720575940639915096,2.108501610821818e-09,2874
720575940641773472,2.1061751489314253e-09,2875
720575940613664874,2.1048757328948042e-09,2876
720575940615247923,2.1037648583840377e-09,2877
720575940620587503,2.0935832563125886e-09,2878
720575940611469006,2.0884759290687767e-09,2879
720575940619909461,2.0856031879039548e-09,2880
720575940627739225,2.079858708287161e-09,2881
720575940634208151,2.078345199787851e-09,2882
720575940620986022,2.0754756717293608e-09,2883
720575940621346932,2.0740087045963974e-09,2884
720575940615828923,2.0720984004343958e-09,2885
720575940614610925,2.071883766517913e-09,2886
720575940605702590,2.067732111323554e-09,2887
720575940621396044,2.0603722855013754e-09,2888
720575940639892824,2.059484855735596e-09,2889
720575940631154396,2.0580331372236023e-09,2890
720575940604568521,2.0574900318663432e-09,2891
720575940612344490,2.0534008947893005e-09,2892
720575940628565776,2.048731032544088e-09,2893
720575940620243621,2.047833174183358e-09,2894
720575940613360554,2.0475437088197182e-09,2895
720575940627230986,2.0475437088197182e-09,2896
720575940618263197,2.0475437088197182e-09,2897
720575940619210375,2.046979754897846e-09,2898
720575940614684822,2.0463701199055363e-09,2899
720575940618439569,2.0463701199055363e-09,2900
720575940622565590,2.0444034386498466e-09,2901
720575940626886933,2.043122290436374e-09,2902
720575940620390848,2.0324832025639495e-09,2903
720575940637791721,2.0290822202664805e-09,2904
720575940605882336,2.026586847432418e-09,2905
720575940615502658,2.0199263583552175e-09,2906
720575940632793645,2.0138440275555606e-09,2907
720575940621750465,2.010280606995013e-09,2908
720575940646120324,1.991637527102899e-09,2909
720575940639686973,1.9749900086534727e-09,2910
720575940615746316,1.969258276307107e-09,2911
720575940652734625,1.9689992982448802e-09,2912
720575940611960872,1.966408583593634e-09,2913
720575940630926863,1.9651499323055735e-09,2914
720575940636508517,1.9533266293021015e-09,2915
720575940637590756,1.950921394026886e-09,2916
720575940635128089,1.9439077711618032e-09,2917
720575940616012322,1.9411499369534874e-09,2918
720575940628599296,1.9395817624044453e-09,2919
720575940618755494,1.935436969433985e-09,2920
720575940608990677,1.9280850525517833e-09,2921
720575940630110263,1.925268765820404e-09,2922
720575940634373471,1.9209954852411975e-09,2923
720575940617821248,1.9183193280234546e-09,2924
720575940635361454,1.9156676887266916e-09,2925
720575940616467061,1.910862432121294e-09,2926
720575940623287228,1.9075628042943396e-09,2927
720575940631469964,1.9061175756970817e-09,2928
720575940624328200,1.902178778259679e-09,2929
720575940638791843,1.899301097933633e-09,2930
720575940636588430,1.894898629514387e-09,2931
720575940627711631,1.892630805540707e-09,2932
720575940630634799,1.87774650016934e-09,2933
720575940630080763,1.8768588775184123e-09,2934
720575940609881749,1.8737817177703193e-09,2935
720575940608116316,1.8716007759630623e-09,2936
720575940626917393,1.8674906264945474e-09,2937
720575940625993656,1.8619364434190466e-09,2938
720575940611867629,1.8600740673234982e-09,2939
720575940632697005,1.859222465911857e-09,2940
720575940606836169,1.8466616514349506e-09,2941
720575940624563075,1.8439788738027058e-09,2942
720575940631135488,1.8435464318343157e-09,2943
720575940620675800,1.8384403471072907e-09,2944
720575940619440816,1.831518227178957e-09,2945
720575940625819138,1.830901189832241e-09,2946
720575940612455917,1.8230853043029457e-09,2947
720575940617290713,1.82196573860548e-09,2948
720575940621332150,1.8205540996362833e-09,2949
720575940616892061,1.8136494308500083e-09,2950
720575940620129927,1.8023638779760806e-09,2951
720575940636991856,1.7984554069195327e-09,2952
720575940614612374,1.7963418768293306e-09,2953
720575940644940311,1.7911736796245547e-09,2954
720575940623943404,1.7903524130958505e-09,2955
720575940616264148,1.7824678433551743e-09,2956
720575940625694857,1.778610095170585e-09,2957
720575940627444721,1.777865872933765e-09,2958
720575940636488110,1.7767422151663039e-09,2959
720575940632144813,1.772602098559616e-09,2960
720575940637747526,1.7725137683449323e-09,2961
720575940654970529,1.7711488942971448e-09,2962
720575940638770148,1.7704696458507149e-09,2963
720575940644987188,1.7634979914659927e-09,2964
720575940624304432,1.7493179050537949e-09,2965
720575940617540509,1.7478446929891588e-09,2966
720575940616502133,1.745764896943951e-09,2967
720575940646431267,1.7448795936121802e-09,2968
720575940624275262,1.7441443123133236e-09,2969
720575940619746907,1.7420700799418704e-09,2970
720575940627264262,1.7346893412020937e-09,2971
720575940614844994,1.7342411993168193e-09,2972
720575940624487975,1.7311914027830326e-09,2973
720575940635323255,1.7220832889108778e-09,2974
720575940620078215,1.7218511920686368e-09,2975
720575940616462987,1.7218095144853128e-09,2976
720575940617340646,1.7201157776359954e-09,2977
720575940610460514,1.7195988156953288e-09,2978
720575940617617494,1.7140167250684116e-09,2979
720575940645097838,1.7049055456191564e-09,2980
720575940635978638,1.7037957119586462e-09,2981
720575940623353488,1.7037957119586462e-09,2982
720575940633781088,1.6952929361020819e-09,2983
720575940622842441,1.6927895270869692e-09,2984
720575940622352055,1.6920294833465361e-09,2985
720575940654129057,1.6903376066304722e-09,2986
720575940631390940,1.6893047513035087e-09,2987
720575940616256059,1.688821659459659e-09,2988
720575940621424397,1.6725015937823094e-09,2989
720575940616094523,1.6636050942993945e-09,2990
720575940619695809,1.6604162755947867e-09,2991
720575940635397880,1.65841478598505e-09,2992
720575940637148486,1.6560755664331644e-09,2993
720575940624274685,1.655466662146139e-09,2994
720575940617141789,1.647281570500483e-09,2995
720575940626946033,1.638213034967999e-09,2996
720575940620107968,1.6294797598829453e-09,2997
720575940627216283,1.6251485206873746e-09,2998
720575940620231956,1.6195147328361311e-09,2999
720575940635068255,1.6143200883205457e-09,3000
720575940612499609,1.6143200883205457e-09,3001
720575940617327590,1.6083701417459712e-09,3002
720575940605028017,1.6041283870022888e-09,3003
720575940623953845,1.5947943164233023e-09,3004
720575940634217061,1.5931669121252026e-09,3005
720575940614984927,1.5907095764028055e-09,3006
720575940622182569,1.588586465439163e-09,3007
720575940627724431,1.586981951998784e-09,3008
720575940632539788,1.5837156094326204e-09,3009
720575940623284009,1.575463776219129e-09,3010
720575940639072189,1.5748994314578965e-09,3011
720575940624187133,1.5706885818233891e-09,3012
720575940625802841,1.5704319014123343e-09,3013
720575940625002526,1.56918517053289e-09,3014
720575940622484182,1.5656585334839987e-09,3015
720575940611546794,1.564492504386649e-09,3016
720575940624473575,1.5542274282632353e-09,3017
720575940610229717,1.5497020431480279e-09,3018
720575940640097664,1.5476300005873404e-09,3019
720575940609168732,1.5411239674376917e-09,3020
720575940614263719,1.5378108300756135e-09,3021
720575940624763123,1.5331838898333635e-09,3022
720575940635116127,1.527528648183405e-09,3023
720575940622438621,1.5266387250803592e-09,3024
720575940607001986,1.5198059798760549e-09,3025
720575940631585388,1.5113890281801668e-09,3026
720575940617977684,1.5106414559733308e-09,3027
720575940636523621,1.5101880547946332e-09,3028
720575940631448680,1.5081509599834309e-09,3029
720575940626961694,1.507798775082278e-09,3030
720575940621221614,1.5023794130867103e-09,3031
720575940611098517,1.4982382958277211e-09,3032
720575940639202467,1.4845968803127613e-09,3033
720575940628952579,1.477654256632964e-09,3034
720575940654972577,1.4765675522424739e-09,3035
720575940621554815,1.4744740457465904e-09,3036
720575940631498819,1.4744740457465904e-09,3037
720575940625457456,1.4744740457465904e-09,3038
720575940639728984,1.4744740457465904e-09,3039
720575940619709899,1.4708485305399775e-09,3040
720575940637696858,1.4650650775773096e-09,3041
720575940619896656,1.4640790225410843e-09,3042
720575940622745834,1.450651040104037e-09,3043
720575940621019120,1.445996699041948e-09,3044
720575940615650646,1.445996699041948e-09,3045
720575940621787892,1.438134438706422e-09,3046
720575940630164028,1.4323943958902813e-09,3047
720575940612992479,1.4297144277225822e-09,3048
720575940620590831,1.4240213575952247e-09,3049
720575940627592977,1.4205325946674824e-09,3050
720575940639917400,1.41974783412195e-09,3051
720575940618855344,1.4168248797332155e-09,3052
720575940630430495,1.4114094400588073e-09,3053
720575940617509521,1.4108748241315846e-09,3054
720575940630134839,1.4032050755333942e-09,3055
720575940633538018,1.4000612390282766e-09,3056
720575940614434046,1.3997468059610044e-09,3057
720575940625732042,1.3990419719295477e-09,3058
720575940623030015,1.3971410950859722e-09,3059
720575940640559165,1.3940095977435968e-09,3060
720575940613041123,1.393539338439854e-09,3061
720575940631661281,1.393539338439854e-09,3062
720575940605423806,1.3892476784928061e-09,3063
720575940625461762,1.3892476784928061e-09,3064
720575940603747616,1.3774810321616996e-09,3065
720575940608200713,1.3721307529805228e-09,3066
720575940622999688,1.364079365135674e-09,3067
720575940618238109,1.3640079604355974e-09,3068
720575940631905080,1.360651912155224e-09,3069
720575940617918603,1.3604433448400996e-09,3070
720575940640205520,1.356894587662291e-09,3071
720575940631271251,1.3465818101979585e-09,3072
720575940625066388,1.3458101063234824e-09,3073
720575940639939712,1.3439156497627325e-09,3074
720575940623607527,1.3341545820025374e-09,3075
720575940618582592,1.333709758995276e-09,3076
720575940629268986,1.3316764091473522e-09,3077
720575940646415907,1.327347411635218e-09,3078
720575940621788284,1.3229015271666176e-09,3079
720575940608605705,1.3227587561568198e-09,3080
720575940620565673,1.3167939986934124e-09,3081
720575940623011622,1.313001051764776e-09,3082
720575940613436327,1.3029606092947417e-09,3083
720575940636716206,1.290575999335539e-09,3084
720575940621761057,1.2904524454577841e-09,3085
720575940643517038,1.2781703069334755e-09,3086
720575940629450106,1.278058347700134e-09,3087
720575940618992449,1.278058347700134e-09,3088
720575940617570008,1.2730516148952468e-09,3089
720575940615506242,1.2692769793350644e-09,3090
720575940631388231,1.268446468160964e-09,3091
720575940618076214,1.2672483698215543e-09,3092
720575940627147578,1.266553998869367e-09,3093
720575940622242253,1.2650174451536829e-09,3094
720575940624733671,1.2508533669201768e-09,3095
720575940613588246,1.2505568905142e-09,3096
720575940630541399,1.2475489836132123e-09,3097
720575940617819728,1.2475272775162372e-09,3098
720575940628264721,1.2400763278332137e-09,3099
720575940616482363,1.2392549220655478e-09,3100
720575940640841973,1.2383775879951026e-09,3101
720575940633356881,1.2381406755798092e-09,3102
720575940632637139,1.2311850553355875e-09,3103
720575940626726730,1.2311850553355875e-09,3104
720575940620462686,1.229925892636447e-09,3105
720575940621460645,1.22317593500998e-09,3106
720575940615255993,1.221831619492038e-09,3107
720575940630949573,1.2172582049059553e-09,3108
720575940620144304,1.2149389393585245e-09,3109
720575940627370027,1.2148649896582381e-09,3110
720575940631353764,1.2148649896582381e-09,3111
720575940610756814,1.2148649896582381e-09,3112
720575940616566745,1.2148649896582381e-09,3113
720575940626631441,1.2148649896582381e-09,3114
720575940631842119,1.2148649896582381e-09,3115
720575940611161237,1.2148649896582381e-09,3116
720575940621398366,1.2148649896582381e-09,3117
720575940624945666,1.2128527177517272e-09,3118
720575940605441312,1.2116468162830436e-09,3119
720575940608362418,1.2058566003280495e-09,3120
720575940612240918,1.2013483689209604e-09,3121
720575940630957509,1.2009931131681367e-09,3122
720575940618640542,1.1975060548788667e-09,3123
720575940615657119,1.1975060548788667e-09,3124
720575940626867081,1.1975060548788667e-09,3125
720575940626901278,1.1961653337182617e-09,3126
720575940628334342,1.1889132612230474e-09,3127
720575940621226661,1.175473313163718e-09,3128
720575940633259360,1.1662119367025297e-09,3129
720575940631937042,1.1646460397316591e-09,3130
720575940635807130,1.1638367376961925e-09,3131
720575940632166881,1.1633156623484189e-09,3132
720575940636665262,1.1629040333460295e-09,3133
720575940619682625,1.1581816878214682e-09,3134
720575940632671827,1.147137244985299e-09,3135
720575940627384049,1.144382886760055e-09,3136
720575940638149744,1.1388808781817332e-09,3137
720575940623514638,1.1387619982755244e-09,3138
720575940618671495,1.1379877532532168e-09,3139
720575940636359275,1.1234210456348175e-09,3140
720575940626653309,1.1214811931724398e-09,3141
720575940616744059,1.1168469127140987e-09,3142
720575940654927777,1.1168469127140987e-09,3143
720575940632681773,1.1168469127140987e-09,3144
720575940653581302,1.1168469127140987e-09,3145
720575940620113054,1.1168154134774362e-09,3146
720575940615149836,1.1040012122844732e-09,3147
720575940635116639,1.103560483246618e-09,3148
720575940646236804,1.102867734942043e-09,3149
720575940630830458,1.1027583465979715e-09,3150
720575940627656281,1.0975851166967075e-09,3151
720575940612504434,1.0948108857242675e-09,3152
720575940620223398,1.0920819301526119e-09,3153
720575940618306112,1.0920819301526119e-09,3154
720575940649228665,1.0920819301526119e-09,3155
720575940654647457,1.0920819301526119e-09,3156
720575940632114658,1.0830836325634091e-09,3157
720575940608974549,1.0809496896118643e-09,3158
720575940619243691,1.080716158041359e-09,3159
720575940622150569,1.08017937105462e-09,3160
720575940630317942,1.0797602716456355e-09,3161
720575940628954112,1.0741199547344369e-09,3162
720575940617213652,1.066341997079902e-09,3163
720575940618218048,1.0599563286127397e-09,3164
720575940629824825,1.0599563286127397e-09,3165
720575940631624785,1.0599563286127397e-09,3166
720575940624140424,1.0599563286127397e-09,3167
720575940615436893,1.057803019462999e-09,3168
720575940649342841,1.057803019462999e-09,3169
720575940608884693,1.0542548780418693e-09,3170
720575940620423104,1.0540893611070347e-09,3171
720575940630599161,1.0503682809619823e-09,3172
720575940631396675,1.042579467107635e-09,3173
720575940628601344,1.0361991430916472e-09,3174
720575940640030592,1.03580596123894e-09,3175
720575940651419126,1.0355371694947094e-09,3176
720575940629327660,1.0330589864362369e-09,3177
720575940629067351,1.0329457822829873e-09,3178
720575940608364124,1.0323245759608824e-09,3179
720575940626833994,1.0260205488147506e-09,3180
720575940621222900,1.0232099973415747e-09,3181
720575940640151741,1.0227082448958888e-09,3182
720575940608845781,1.0227082448958888e-09,3183
720575940630667770,1.0227082448958888e-09,3184
720575940617480121,1.0227082448958888e-09,3185
720575940618599478,1.0221923863542342e-09,3186
720575940618336239,1.0157022420321313e-09,3187
720575940635288165,1.01257448052948e-09,3188
720575940614159010,1.0113486218495174e-09,3189
720575940605078560,1.0081740289410912e-09,3190
720575940619954112,1.0071406517972659e-09,3191
720575940632803212,1.0071406517972659e-09,3192
720575940612846962,1.0062263490396586e-09,3193
720575940630852439,1.0059888886513744e-09,3194
720575940615166111,1.003613236491268e-09,3195
720575940638983401,1.0023064598825412e-09,3196
720575940621589887,1.0003880791871892e-09,3197
720575940609962389,9.955886973814684e-10,3198
720575940622674712,9.952377958022543e-10,3199
720575940614871106,9.946460008196616e-10,3200
720575940639025998,9.900039880828136e-10,3201
720575940633151057,9.851232553695894e-10,3202
720575940608432760,9.849458401784808e-10,3203
720575940611403226,9.834585505713159e-10,3204
720575940607198898,9.792479734419742e-10,3205
720575940623791799,9.725801029767004e-10,3206
720575940617279517,9.721296162866222e-10,3207
720575940631237433,9.671410499906392e-10,3208
720575940623289087,9.657255777533674e-10,3209
720575940621018977,9.603829279890854e-10,3210
720575940618604352,9.570321291178612e-10,3211
720575940635517876,9.560211627292836e-10,3212
720575940635404724,9.560211627292836e-10,3213
720575940629836343,9.560211627292836e-10,3214
720575940609932130,9.560211627292836e-10,3215
720575940619821392,9.560211627292836e-10,3216
720575940618541361,9.560211627292836e-10,3217
720575940617841437,9.560211627292836e-10,3218
720575940630558316,9.510479201204604e-10,3219
720575940623041732,9.487065505768822e-10,3220
720575940629671802,9.487065505768822e-10,3221
720575940608193884,9.464109239143702e-10,3222
720575940623928163,9.456357984345799e-10,3223
720575940621701104,9.456357984345799e-10,3224
720575940620454790,9.398658765540086e-10,3225
720575940627174419,9.398658765540086e-10,3226
720575940623828999,9.372989384765942e-10,3227
720575940620224677,9.361345026677964e-10,3228
720575940608148693,9.358376838885533e-10,3229
720575940619115845,9.358376838885533e-10,3230
720575940633672930,9.278780709310489e-10,3231
720575940629783692,9.241488317677163e-10,3232
720575940625393701,9.217732159171579e-10,3233
720575940623104973,9.217732159171579e-10,3234
720575940636490158,9.187892686157938e-10,3235
720575940623130248,9.158365874988902e-10,3236
720575940625457712,9.152721285555516e-10,3237
720575940631181842,9.152721285555516e-10,3238
720575940629296254,9.133609170461457e-10,3239
720575940621251818,9.117710444729474e-10,3240
720575940644512791,9.110651801030934e-10,3241
720575940614281578,9.099903119031064e-10,3242
720575940605305777,9.086169927915551e-10,3243
720575940611475370,9.083964698163727e-10,3244
720575940633128673,9.058855678923307e-10,3245
720575940627237651,9.058855678923307e-10,3246
720575940610464195,9.03382619312798e-10,3247
720575940622972167,8.958955930633045e-10,3248
720575940628590595,8.913046625676632e-10,3249
720575940654932385,8.886453412776908e-10,3250
720575940629917771,8.827841075026054e-10,3251
720575940628794371,8.784910411717315e-10,3252
720575940608886741,8.775370154747804e-10,3253
720575940627822340,8.613646764298056e-10,3254
720575940619097816,8.610416444554391e-10,3255
720575940646916148,8.581176948260321e-10,3256
720575940617056064,8.518978559793231e-10,3257
720575940630511055,8.518978559793231e-10,3258
720575940637728063,8.518978559793231e-10,3259
720575940610427512,8.497203554994204e-10,3260
720575940638666473,8.493360330558014e-10,3261
720575940624853276,8.444108297298295e-10,3262
720575940619169985,8.444108297298295e-10,3263
720575940608053852,8.444108297298295e-10,3264
720575940636481637,8.397522519208691e-10,3265
720575940615144821,8.362507968911547e-10,3266
720575940638069875,8.362507968911547e-10,3267
720575940638402357,8.362507968911547e-10,3268
720575940617454114,8.362507968911547e-10,3269
720575940619812487,8.362507968911547e-10,3270
720575940628788496,8.337899576319657e-10,3271
720575940625507888,8.337899576319657e-10,3272
720575940632652077,8.337899576319657e-10,3273
720575940629788983,8.337899576319657e-10,3274
720575940638578510,8.337899576319655e-10,3275
720575940618894528,8.337899576319655e-10,3276
720575940619472225,8.337899576319655e-10,3277
720575940620625880,8.337899576319655e-10,3278
720575940643152164,8.277333310730695e-10,3279
720575940615380530,8.275713295014691e-10,3280
720575940628792323,8.274176598896432e-10,3281
720575940639210072,8.251310965681287e-10,3282
720575940631549743,8.227190468435113e-10,3283
720575940625781541,8.227190468435113e-10,3284
720575940614131131,8.227190468435113e-10,3285
720575940659577217,8.222856088011987e-10,3286
720575940641079029,8.212358614363193e-10,3287
720575940626507834,8.193441506032676e-10,3288
720575940611673586,8.12529791307419e-10,3289
720575940652562081,8.077486197114437e-10,3290
720575940623729907,7.980823796479585e-10,3291
720575940618574400,7.979161105326814e-10,3292
720575940623594378,7.944621832448391e-10,3293
720575940606496011,7.906412382777281e-10,3294
720575940639751376,7.796591909010375e-10,3295
720575940620505435,7.781650088370852e-10,3296
720575940603676448,7.708309862758872e-10,3297
720575940608130606,7.687354077006587e-10,3298
720575940625040053,7.677296821608896e-10,3299
720575940627193363,7.670045126342393e-10,3300
720575940619376767,7.643529079307949e-10,3301
720575940630689388,7.631843154143199e-10,3302
720575940654490785,7.629314845085287e-10,3303
720575940628301642,7.591399405460863e-10,3304
720575940611104229,7.581255202395232e-10,3305
720575940618299712,7.518969436500936e-10,3306
720575940624994941,7.518969436500936e-10,3307
720575940622075274,7.518969436500936e-10,3308
720575940610773171,7.518969436500936e-10,3309
720575940622781389,7.518969436500936e-10,3310
720575940627576488,7.518969436500936e-10,3311
720575940613507946,7.518969436500936e-10,3312
720575940609163986,7.518969436500936e-10,3313
720575940629260406,7.518969436500936e-10,3314
720575940616955229,7.518969436500936e-10,3315
720575940632388138,7.518969436500936e-10,3316
720575940633680098,7.420951285804821e-10,3317
720575940612987541,7.416414731493103e-10,3318
720575940628013898,7.358999857643034e-10,3319
720575940621089780,7.358812279617033e-10,3320
720575940654921121,7.355928786229903e-10,3321
720575940626282298,7.325811627369722e-10,3322
720575940629009786,7.325811627369722e-10,3323
720575940617052450,7.322628523274074e-10,3324
720575940615917580,7.304205119542666e-10,3325
720575940620239013,7.229738269419256e-10,3326
720575940615568070,7.216477380881874e-10,3327
720575940623889421,7.19792994072079e-10,3328
720575940624886812,7.187085532994984e-10,3329
720575940616953467,7.157348525040853e-10,3330
720575940615798540,7.133973120633913e-10,3331
720575940638145001,7.072652555721467e-10,3332
720575940652200950,7.040208724436478e-10,3333
720575940604985888,7.040208724436478e-10,3334
720575940605995209,7.040208724436478e-10,3335
720575940621661197,7.040208724436478e-10,3336
720575940619640149,7.040208724436478e-10,3337
720575940628644855,7.040208724436478e-10,3338
720575940634935194,7.040208724436478e-10,3339
720575940638339773,7.033783251410948e-10,3340
720575940624712206,7.01513980178e-10,3341
720575940619767243,6.953033655542583e-10,3342
720575940639158480,6.937193631850486e-10,3343
720575940628002822,6.937193631850486e-10,3344
720575940631782712,6.937193631850486e-10,3345
720575940629036997,6.937193631850486e-10,3346
720575940614313996,6.937193631850486e-10,3347
720575940619651019,6.937193631850486e-10,3348
720575940616378769,6.933305268646224e-10,3349
720575940619675056,6.922552669011088e-10,3350
720575940631964371,6.922552669011088e-10,3351
720575940634466144,6.850637756725447e-10,3352
720575940632435108,6.78593475250202e-10,3353
720575940614943126,6.751523144913835e-10,3354
720575940605007276,6.751523144913835e-10,3355
720575940620382704,6.750414582529204e-10,3356
720575940625672138,6.746200937844967e-10,3357
720575940624166141,6.744259155169516e-10,3358
720575940618901533,6.70100944043247e-10,3359
720575940624167165,6.70100944043247e-10,3360
720575940630651223,6.698934904608857e-10,3361
720575940631347242,6.696110828572931e-10,3362
720575940638511267,6.670772910012687e-10,3363
720575940615398075,6.670772910012687e-10,3364
720575940612559587,6.670772910012687e-10,3365
720575940631474316,6.670772910012687e-10,3366
720575940624739728,6.670772910012687e-10,3367
720575940639878589,6.645353039556465e-10,3368
720575940605604030,6.593795863553642e-10,3369
720575940635184485,6.589172581625941e-10,3370
720575940623122957,6.589172581625941e-10,3371
720575940630666234,6.585964011488962e-10,3372
720575940635432855,6.573178306061573e-10,3373
720575940632032652,6.553465749371365e-10,3374
720575940625012301,6.483867353178002e-10,3375
720575940620015201,6.418993151014288e-10,3376
720575940627631125,6.418543541183343e-10,3377
720575940627046693,6.41075817184567e-10,3378
720575940613226989,6.408669250866685e-10,3379
720575940618681168,6.405955266071979e-10,3380
720575940621037296,6.334811428740895e-10,3381
720575940637632654,6.306539665318625e-10,3382
720575940629709250,6.274885977203427e-10,3383
720575940636505445,6.240828580879018e-10,3384
720575940633175196,6.237525605064685e-10,3385
720575940643002528,6.237525605064685e-10,3386
720575940631931183,6.237525605064685e-10,3387
720575940614212514,6.237525605064685e-10,3388
720575940615089970,6.237525605064685e-10,3389
720575940612532121,6.237491568027638e-10,3390
720575940623045117,6.155925276677938e-10,3391
720575940610873237,6.155925276677938e-10,3392
720575940635072111,6.155925276677938e-10,3393
720575940622547661,6.155925276677938e-10,3394
720575940620719743,6.155925276677938e-10,3395
720575940632624813,6.155925276677938e-10,3396
720575940620522305,6.155925276677938e-10,3397
720575940614327442,6.155925276677938e-10,3398
720575940634776218,6.155925276677938e-10,3399
720575940622403881,6.155925276677938e-10,3400
720575940619245016,6.15467759687104e-10,3401
720575940620554843,6.1047011441684e-10,3402
720575940628582915,6.101922776410778e-10,3403
720575940620775233,6.101922776410778e-10,3404
720575940625608329,6.101922776410778e-10,3405
720575940612634009,6.074324948291191e-10,3406
720575940611662706,6.074324948291191e-10,3407
720575940630642447,6.074324948291191e-10,3408
720575940604704870,6.074324948291191e-10,3409
720575940629821756,6.074324948291191e-10,3410
720575940619725844,6.074324948291191e-10,3411
720575940641979277,6.074324948291191e-10,3412
720575940629524342,6.074324948291191e-10,3413
720575940622961604,6.074324948291191e-10,3414
720575940627454888,6.074324948291191e-10,3415
720575940626879996,6.074324948291191e-10,3416
720575940615257395,6.074324948291191e-10,3417
720575940643183140,6.074324948291191e-10,3418
720575940626980358,6.074324948291191e-10,3419
720575940622526355,6.074324948291191e-10,3420
720575940623971848,6.074324948291191e-10,3421
720575940617208098,6.074324948291191e-10,3422
720575940631450764,6.074324948291191e-10,3423
720575940638678179,6.074324948291191e-10,3424
720575940615146562,6.074324948291191e-10,3425
720575940605915872,6.074324948291191e-10,3426
720575940629373148,6.074324948291191e-10,3427
720575940608227541,6.074324948291191e-10,3428
720575940631313455,6.074324948291191e-10,3429
720575940611830937,6.074324948291191e-10,3430
720575940625383299,6.074324948291191e-10,3431
720575940622987007,6.074324948291191e-10,3432
720575940623503945,6.074324948291191e-10,3433
720575940633731435,6.074324948291191e-10,3434
720575940618903345,6.074324948291191e-10,3435
720575940623496521,6.074324948291191e-10,3436
720575940611237034,6.074324948291191e-10,3437
720575940616815005,6.074324948291191e-10,3438
720575940638487384,6.074324948291191e-10,3439
720575940629178108,6.074324948291191e-10,3440
720575940616783361,6.074324948291191e-10,3441
720575940620177601,6.074324948291191e-10,3442
720575940625583204,6.074324948291191e-10,3443
720575940632404706,6.074324948291191e-10,3444
720575940630424121,6.074324948291191e-10,3445
720575940620993193,6.074324948291191e-10,3446
720575940611773354,6.074324948291191e-10,3447
720575940612674257,6.074324948291191e-10,3448
720575940621585507,6.074324948291191e-10,3449
720575940623205705,6.074324948291191e-10,3450
720575940626240522,6.074324948291191e-10,3451
720575940630514191,6.074324948291191e-10,3452
720575940628044560,6.074324948291191e-10,3453
720575940629153274,6.074324948291191e-10,3454
720575940628702658,6.074324948291191e-10,3455
720575940623721703,6.074324948291191e-10,3456
720575940609228809,6.074324948291191e-10,3457
720575940612160153,6.074324948291191e-10,3458
720575940616857757,6.074324948291191e-10,3459
720575940623567945,6.074324948291191e-10,3460
720575940649154425,6.074324948291191e-10,3461
720575940634818296,6.074324948291191e-10,3462
720575940620802230,6.074324948291191e-10,3463
720575940632284717,6.074324948291191e-10,3464
720575940636975582,6.074324948291191e-10,3465
720575940610922202,6.074324948291191e-10,3466
720575940629248044,6.074324948291191e-10,3467
720575940610189358,6.074324948291191e-10,3468
720575940652064502,6.074324948291191e-10,3469
720575940620202111,6.074324948291191e-10,3470
720575940628407375,6.074324948291191e-10,3471
720575940619638950,6.074324948291191e-10,3472
720575940621307230,6.074324948291191e-10,3473
720575940645024878,6.065328614158762e-10,3474
720575940613347793,6.064857773569111e-10,3475
720575940624875018,6.010904743644469e-10,3476
720575940626855171,6.005545726746599e-10,3477
720575940617876048,6.005545726746599e-10,3478
720575940631659461,5.975096321777396e-10,3479
720575940622168712,5.961179386938503e-10,3480
720575940621747444,5.92351536361142e-10,3481
720575940631911761,5.905929946007585e-10,3482
720575940619087645,5.851570758230241e-10,3483
720575940629162870,5.787390198305473e-10,3484
720575940618886454,5.778130749528459e-10,3485
720575940616565365,5.752880831013861e-10,3486
720575940625341880,5.749459355125901e-10,3487
720575940628431671,5.749459355125901e-10,3488
720575940619271384,5.747271049759154e-10,3489
720575940620236052,5.737714585814787e-10,3490
720575940659164545,5.725678028502783e-10,3491
720575940627654677,5.722936633581161e-10,3492
720575940630946245,5.702766031786482e-10,3493
720575940623121032,5.645034973476701e-10,3494
720575940627261882,5.637109284860406e-10,3495
720575940624019893,5.636612164799401e-10,3496
720575940627680021,5.636612164799401e-10,3497
720575940624811499,5.636612164799401e-10,3498
720575940612700847,5.636612164799401e-10,3499
720575940634988991,5.636612164799401e-10,3500
720575940631782447,5.630035003582214e-10,3501
720575940630399995,5.630035003582214e-10,3502
720575940622656536,5.625775379011994e-10,3503
720575940613213165,5.603277571212442e-10,3504
720575940617158868,5.603277571212442e-10,3505
720575940622811400,5.54947415337759e-10,3506
720575940616198587,5.54947415337759e-10,3507
720575940650946681,5.539621402733213e-10,3508
720575940631143213,5.538140489912591e-10,3509
720575940612347363,5.486275441671606e-10,3510
720575940612882355,5.460345735541696e-10,3511
720575940620227589,5.410543624054742e-10,3512
720575940628058493,5.397724405971361e-10,3513
720575940625273116,5.389297884344789e-10,3514
720575940625777040,5.377861154842232e-10,3515
720575940634991551,5.376398739212928e-10,3516
720575940628209863,5.362402985704849e-10,3517
720575940615409150,5.36115303044468e-10,3518
720575940621433599,5.360076074464439e-10,3519
720575940651425782,5.357840165925812e-10,3520
720575940635690670,5.340110571087518e-10,3521
720575940631208466,5.303537207905512e-10,3522
720575940617973021,5.294565718249315e-10,3523
720575940629347791,5.294565718249315e-10,3524
720575940626874097,5.294565718249315e-10,3525
720575940620422494,5.294565718249315e-10,3526
720575940626218392,5.294389987697494e-10,3527
720575940614110375,5.226097227571294e-10,3528
720575940622230310,5.226097227571294e-10,3529
720575940640735629,5.15090493261586e-10,3530
720575940623280311,5.13715977371063e-10,3531
720575940634208924,5.113541224479444e-10,3532
720575940607229397,5.113541224479444e-10,3533
720575940617498324,5.113541224479444e-10,3534
720575940619403028,5.077406056980615e-10,3535
720575940639022414,5.064432291179501e-10,3536
720575940616924701,5.05770222528769e-10,3537
720575940618358597,5.040454050690265e-10,3538
720575940617665876,5.040454050690265e-10,3539
720575940627257361,5.01301491168426e-10,3540
720575940630044409,4.889484146252508e-10,3541
720575940636607886,4.888350043059783e-10,3542
720575940622949837,4.871575568261036e-10,3543
720575940628669292,4.854396437658588e-10,3544
720575940613338690,4.840572602038828e-10,3545
720575940631960290,4.834767502123517e-10,3546
720575940630139599,4.809173959441921e-10,3547
720575940614128691,4.794258723478261e-10,3548
720575940627996422,4.768290090535343e-10,3549
720575940608344412,4.674968002110455e-10,3550
720575940605947569,4.657116641055975e-10,3551
720575940611502309,4.646923963918986e-10,3552
720575940630818242,4.6452378521759097e-10,3553
720575940628834832,4.622275558089482e-10,3554
720575940621414676,4.622275558089482e-10,3555
720575940631567129,4.6207441588385816e-10,3556
720575940631056971,4.5884428600632255e-10,3557
720575940620345108,4.585832937669189e-10,3558
720575940636105829,4.5823941768556045e-10,3559
720575940630953423,4.5823941768556045e-10,3560
720575940620107399,4.579671381242362e-10,3561
720575940610542894,4.537350685397005e-10,3562
720575940635050394,4.537350685397005e-10,3563
720575940640123008,4.537350685397005e-10,3564
720575940618996382,4.5155470394430234e-10,3565
720575940621326874,4.512307502138639e-10,3566
720575940625909991,4.5102266184491316e-10,3567
720575940625210969,4.497561445135017e-10,3568
720575940629593585,4.4951907264320334e-10,3569
720575940638161725,4.491646021747339e-10,3570
720575940615265843,4.457533925716921e-10,3571
720575940630973125,4.456969785823715e-10,3572
720575940632704941,4.442683900681683e-10,3573
720575940636291941,4.442683900681683e-10,3574
720575940611285454,4.442683900681683e-10,3575
720575940628257914,4.442683900681683e-10,3576
720575940638626613,4.442683900681683e-10,3577
720575940619684299,4.442683900681683e-10,3578
720575940620811340,4.442683900681683e-10,3579
720575940642022088,4.442683900681683e-10,3580
720575940627228090,4.4384842839340433e-10,3581
720575940614376615,4.409409551742294e-10,3582
720575940616303105,4.365005360118934e-10,3583
720575940627271762,4.3494166374318645e-10,3584
720575940607041154,4.3494166374318645e-10,3585
720575940623141658,4.349304342565868e-10,3586
720575940633906588,4.337831515827625e-10,3587
720575940624348168,4.256222767547821e-10,3588
720575940623087821,4.1848965987018393e-10,3589
720575940633221657,4.1628404713957965e-10,3590
720575940630149829,4.157278218941172e-10,3591
720575940630579052,4.1412438773749003e-10,3592
720575940653332385,4.115784781579664e-10,3593
720575940620418774,4.115784781579664e-10,3594
720575940628103806,4.115784781579664e-10,3595
720575940611672785,4.104381259030895e-10,3596
720575940627675535,4.057724296227041e-10,3597
720575940613011375,4.057724296227041e-10,3598
720575940623897613,4.054204070561973e-10,3599
720575940631588931,3.993387665461499e-10,3600
720575940634298975,3.993387665461499e-10,3601
720575940617058521,3.9761239678402934e-10,3602
720575940632113871,3.970386198219746e-10,3603
720575940604714208,3.9660882395495927e-10,3604
720575940608901333,3.9660882395495927e-10,3605
720575940617878273,3.9660882395495927e-10,3606
720575940624695629,3.9491830706628514e-10,3607
720575940627197459,3.9430649712602965e-10,3608
720575940629895484,3.937306479757284e-10,3609
720575940624654228,3.9076139680026013e-10,3610
720575940620925643,3.858673517155883e-10,3611
720575940622209404,3.8223353056597863e-10,3612
720575940627342138,3.8088304846761806e-10,3613
720575940604168224,3.790627601197616e-10,3614
720575940614306814,3.790627601197616e-10,3615
720575940644644387,3.790627601197616e-10,3616
720575940629233145,3.790627601197616e-10,3617
720575940618394453,3.790627601197616e-10,3618
720575940613690031,3.790627601197616e-10,3619
720575940613364461,3.790627601197616e-10,3620
720575940617172573,3.790627601197616e-10,3621
720575940623986469,3.790627601197616e-10,3622
720575940643404744,3.790627601197616e-10,3623
720575940630067255,3.790627601197616e-10,3624
720575940620822593,3.790627601197616e-10,3625
720575940626363791,3.790627601197616e-10,3626
720575940623331210,3.790627601197616e-10,3627
720575940649650041,3.790627601197616e-10,3628
720575940613017059,3.790627601197616e-10,3629
720575940632196935,3.7736171358143226e-10,3630
720575940628336401,3.7685049395808147e-10,3631
720575940618162773,3.7092439869701885e-10,3632
720575940621327798,3.7092439869701885e-10,3633
720575940613003669,3.694340181070751e-10,3634
720575940642284704,3.681270260385317e-10,3635
720575940622190550,3.6650903992315334e-10,3636
720575940628504919,3.6616598688726643e-10,3637
720575940640864675,3.647438985538757e-10,3638
720575940615541671,3.6154693383369266e-10,3639
720575940630958277,3.6154693383369266e-10,3640
720575940626965258,3.590356740156642e-10,3641
720575940634027383,3.5506593709965006e-10,3642
720575940612058861,3.5506593709965006e-10,3643
720575940632008877,3.549759023285375e-10,3644
720575940626607626,3.5428766628922914e-10,3645
720575940624849040,3.5428766628922914e-10,3646
720575940613863087,3.515097149981069e-10,3647
720575940619277733,3.461276334505544e-10,3648
720575940631296204,3.461276334505544e-10,3649
720575940634860143,3.461276334505544e-10,3650
720575940613785041,3.461276334505544e-10,3651
720575940623801276,3.461276334505544e-10,3652
720575940621808227,3.461276334505544e-10,3653
720575940629591746,3.461276334505544e-10,3654
720575940623071485,3.461276334505544e-10,3655
720575940621124033,3.461276334505544e-10,3656
720575940611068053,3.461276334505544e-10,3657
720575940617362150,3.461276334505544e-10,3658
720575940626584904,3.461276334505544e-10,3659
720575940611844886,3.461276334505544e-10,3660
720575940619314964,3.461276334505544e-10,3661
720575940615171084,3.461276334505544e-10,3662
720575940626589053,3.461276334505544e-10,3663
720575940616944251,3.461276334505544e-10,3664
720575940628408143,3.461276334505544e-10,3665
720575940619298731,3.461276334505544e-10,3666
720575940615681366,3.461276334505544e-10,3667
720575940622540969,3.461276334505544e-10,3668
720575940619258417,3.3845782147494487e-10,3669
720575940620488539,3.382609131024307e-10,3670
720575940625164377,3.3668136012038485e-10,3671
720575940619297963,3.365981294144676e-10,3672
720575940631135789,3.3492717830060525e-10,3673
720575940620817261,3.3428046058554346e-10,3674
720575940636306789,3.336385186125249e-10,3675
720575940631700731,3.310933324292278e-10,3676
720575940638607805,3.291096903893892e-10,3677
720575940614308002,3.289249098393399e-10,3678
720575940615332418,3.289249098393399e-10,3679
720575940606659970,3.269688290668991e-10,3680
720575940603174368,3.243917301895026e-10,3681
720575940625834900,3.243917301895026e-10,3682
720575940624149256,3.243917301895026e-10,3683
720575940611092036,3.241933676589001e-10,3684
720575940620912086,3.2340259744642933e-10,3685
720575940621449221,3.209775105010288e-10,3686
720575940605381065,3.200511161705967e-10,3687
720575940603556198,3.200511161705967e-10,3688
720575940610864533,3.1979917891315394e-10,3689
720575940650946425,3.1862798354590534e-10,3690
720575940626821513,3.183279671221815e-10,3691
720575940630933199,3.169652268704117e-10,3692
720575940631900697,3.1532698326593123e-10,3693
720575940625913743,3.1532698326593123e-10,3694
720575940626705937,3.1532698326593123e-10,3695
720575940629287132,3.1532698326593123e-10,3696
720575940626967070,3.128640211932661e-10,3697
720575940654194337,3.127896247120397e-10,3698
720575940624500519,3.127896247120397e-10,3699
720575940638410611,3.127896247120397e-10,3700
720575940613466577,3.127896247120397e-10,3701
720575940621325338,3.127896247120397e-10,3702
720575940607811420,3.127896247120397e-10,3703
720575940627075977,3.0924534275588385e-10,3704
720575940627166225,3.08765094948679e-10,3705
720575940625772688,3.08765094948679e-10,3706
720575940606833794,3.084464736254197e-10,3707
720575940626182673,3.07993797608584e-10,3708
720575940606767806,3.062813859879951e-10,3709
720575940625775336,3.0099393857202527e-10,3710
720575940630719173,3.0011383933643453e-10,3711
720575940611745429,2.991199402731051e-10,3712
720575940619968647,2.9897077069069144e-10,3713
720575940620157307,2.983958695414467e-10,3714
720575940624537284,2.98177621018135e-10,3715
720575940620454848,2.911143733677929e-10,3716
720575940624943292,2.879849049783842e-10,3717
720575940626833304,2.879849049783842e-10,3718
720575940620866036,2.879072455906329e-10,3719
720575940624043784,2.8764404155069306e-10,3720
720575940635280632,2.8764404155069306e-10,3721
720575940620897389,2.8764404155069306e-10,3722
720575940633599201,2.8726050342308193e-10,3723
720575940620522155,2.8484704593275375e-10,3724
720575940630575375,2.827114503081267e-10,3725
720575940613875858,2.822403176638071e-10,3726
720575940621146294,2.8178155951423643e-10,3727
720575940621073117,2.8178155951423643e-10,3728
720575940620869964,2.8142085603303545e-10,3729
720575940627017259,2.8142085603303545e-10,3730
720575940620997396,2.8142085603303545e-10,3731
720575940618319444,2.8142085603303545e-10,3732
720575940631620712,2.8030306539551073e-10,3733
720575940618950814,2.772959113678501e-10,3734
720575940620723638,2.759111103576898e-10,3735
720575940620605940,2.759111103576898e-10,3736
720575940616144470,2.759111103576898e-10,3737
720575940627284580,2.737468722649965e-10,3738
720575940631014703,2.7349982758221947e-10,3739
720575940617021234,2.734212428033572e-10,3740
720575940624186185,2.7177569126443366e-10,3741
720575940606603186,2.711980784252576e-10,3742
720575940630181463,2.711812056087009e-10,3743
720575940630105851,2.6946489421723946e-10,3744
720575940631934023,2.6946489421723946e-10,3745
720575940622063871,2.6946489421723946e-10,3746
720575940619360532,2.6946489421723946e-10,3747
720575940620555252,2.6946489421723946e-10,3748
720575940619603024,2.6946489421723946e-10,3749
720575940622196518,2.6946489421723946e-10,3750
720575940636401776,2.665807829542897e-10,3751
720575940628347398,2.663411597786005e-10,3752
720575940612127706,2.663411597786005e-10,3753
720575940621236596,2.6339792090566013e-10,3754
720575940614869387,2.627724860549427e-10,3755
720575940618843489,2.6172876356360295e-10,3756
720575940617007453,2.613048613785647e-10,3757
720575940624227509,2.613048613785647e-10,3758
720575940617496886,2.613048613785647e-10,3759
720575940620783898,2.613048613785647e-10,3760
720575940609114436,2.613048613785647e-10,3761
720575940625485657,2.613048613785647e-10,3762
720575940623235848,2.613048613785647e-10,3763
720575940613337086,2.613048613785647e-10,3764
720575940627239848,2.613048613785647e-10,3765
720575940640331995,2.613048613785647e-10,3766
720575940616903209,2.613048613785647e-10,3767
720575940631595562,2.613048613785647e-10,3768
720575940629557292,2.613048613785647e-10,3769
720575940623322697,2.613048613785647e-10,3770
720575940621378580,2.613048613785647e-10,3771
720575940628358406,2.613048613785647e-10,3772
720575940626529448,2.613048613785647e-10,3773
720575940645211939,2.613048613785647e-10,3774
720575940624121358,2.613048613785647e-10,3775
720575940605742002,2.613048613785647e-10,3776
720575940621914381,2.613048613785647e-10,3777
720575940607221771,2.613048613785647e-10,3778
720575940626213642,2.613048613785647e-10,3779
720575940651502070,2.613048613785647e-10,3780
720575940605834626,2.613048613785647e-10,3781
720575940644667246,2.613048613785647e-10,3782
720575940631680763,2.613048613785647e-10,3783
720575940634574004,2.613048613785647e-10,3784
720575940621625349,2.613048613785647e-10,3785
720575940630990756,2.613048613785647e-10,3786
720575940642936264,2.613048613785647e-10,3787
720575940632733651,2.613048613785647e-10,3788
720575940604700006,2.613048613785647e-10,3789
720575940614430102,2.613048613785647e-10,3790
720575940611218418,2.613048613785647e-10,3791
720575940631502136,2.5796086827103417e-10,3792
720575940607012482,2.5514505212334665e-10,3793
720575940620123015,2.5514505212334665e-10,3794
720575940618131505,2.532796580246856e-10,3795
720575940629999148,2.532721930035081e-10,3796
720575940618649920,2.526079819191097e-10,3797
720575940622915060,2.507295232398547e-10,3798
720575940623969717,2.498817603239455e-10,3799
720575940640249296,2.472360353609169e-10,3800
720575940611637418,2.444653611502042e-10,3801
720575940642810528,2.4275004955474013e-10,3802
720575940612856342,2.3785380040395937e-10,3803
720575940618938964,2.3464691743599574e-10,3804
720575940633024924,2.3397727013835686e-10,3805
720575940610124868,2.3397727013835686e-10,3806
720575940629453116,2.3397727013835686e-10,3807
720575940624695566,2.323461981959493e-10,3808
720575940618019933,2.3232982463239872e-10,3809
720575940625826352,2.322713203978156e-10,3810
720575940631318609,2.3075555433033214e-10,3811
720575940628953088,2.3075555433033214e-10,3812
720575940623472264,2.3075555433033214e-10,3813
720575940646074391,2.3002788801439328e-10,3814
720575940629249591,2.294206558329575e-10,3815
720575940626048637,2.2881830206203579e-10,3816
720575940633553760,2.2881830206203579e-10,3817
720575940613751186,2.267976287967227e-10,3818
720575940625503979,2.2562049918040543e-10,3819
720575940615431327,2.2524596216007282e-10,3820
720575940622212615,2.2524596216007282e-10,3821
720575940638639174,2.2524596216007282e-10,3822
720575940629920056,2.2447005588422223e-10,3823
720575940612433614,2.2072888828615186e-10,3824
720575940630726095,2.194835204080114e-10,3825
720575940614174943,2.194835204080114e-10,3826
720575940620263814,2.1927612719500484e-10,3827
720575940628709019,2.1561547774670436e-10,3828
720575940626768656,2.1556235780728779e-10,3829
720575940643812000,2.1548362930231674e-10,3830
720575940635958895,2.1370592204870428e-10,3831
720575940621655723,2.1360860156724374e-10,3832
720575940616559477,2.118615263576866e-10,3833
720575940611623661,2.1186152635768654e-10,3834
720575940625720890,2.0578157024822137e-10,3835
720575940645680407,2.0410263138279644e-10,3836
720575940624310857,2.0374974303337095e-10,3837
720575940632635475,1.9423079969495531e-10,3838
720575940643804832,1.935944498568667e-10,3839
720575940613943914,1.9193816372708857e-10,3840
720575940607206066,1.916624963246015e-10,3841
720575940637624165,1.8923480930839718e-10,3842
720575940629409580,1.8882024124627597e-10,3843
720575940617819170,1.8882024124627597e-10,3844
720575940629912428,1.8882024124627597e-10,3845
720575940616905787,1.865314548897058e-10,3846
720575940621875068,1.8624851576711456e-10,3847
720575940624243388,1.8394074023845989e-10,3848
720575940620936925,1.8394074023845989e-10,3849
720575940633356883,1.8394074023845989e-10,3850
720575940620623725,1.8394074023845989e-10,3851
720575940616930629,1.8394074023845989e-10,3852
720575940645450548,1.8394074023845989e-10,3853
720575940620305502,1.8394074023845989e-10,3854
720575940617010240,1.8394074023845989e-10,3855
720575940612362663,1.8394074023845986e-10,3856
720575940626002494,1.8394074023845986e-10,3857
720575940636114239,1.8394074023845986e-10,3858
720575940633932951,1.8394074023845986e-10,3859
720575940626550504,1.8394074023845986e-10,3860
720575940626803279,1.8394074023845986e-10,3861
720575940614229415,1.8394074023845986e-10,3862
720575940621878021,1.8394074023845986e-10,3863
720575940613258975,1.8394074023845986e-10,3864
720575940612740886,1.8394074023845986e-10,3865
720575940603773798,1.8394074023845986e-10,3866
720575940638932277,1.8340832539743353e-10,3867
720575940628831938,1.8288965029424013e-10,3868
720575940614150567,1.8288965029424013e-10,3869
720575940620900869,1.8288965029424013e-10,3870
720575940627102280,1.827606603003471e-10,3871
720575940621674108,1.8248985198016473e-10,3872
720575940625671426,1.8248985198016473e-10,3873
720575940621291852,1.8248985198016473e-10,3874
720575940629675902,1.8183789613508458e-10,3875
720575940629908540,1.8094729122316312e-10,3876
720575940627326229,1.7896936888066368e-10,3877
720575940617607451,1.7817733832437557e-10,3878
720575940635777893,1.7748795116426875e-10,3879
720575940640304181,1.7710865560103137e-10,3880
720575940622085146,1.765831106289215e-10,3881
720575940638872629,1.7548295260376763e-10,3882
720575940624369968,1.7548295260376763e-10,3883
720575940634468975,1.7548295260376763e-10,3884
720575940607932885,1.7548295260376763e-10,3885
720575940624450035,1.7509936340535848e-10,3886
720575940620892781,1.7468752984274113e-10,3887
720575940616612313,1.7285129391735492e-10,3888
720575940606929282,1.716205876135888e-10,3889
720575940621743860,1.6926998971408948e-10,3890
720575940624309739,1.6869009086938355e-10,3891
720575940614832543,1.6764219363505204e-10,3892
720575940607749077,1.6764219363505204e-10,3893
720575940616017593,1.6682539863338396e-10,3894
720575940641704077,1.6682539863338396e-10,3895
720575940627240783,1.6682539863338396e-10,3896
720575940621545606,1.6554666621461394e-10,3897
720575940620866669,1.6350288021196435e-10,3898
720575940622655949,1.615956644787803e-10,3899
720575940628211399,1.615956644787803e-10,3900
720575940609653572,1.6150894264840381e-10,3901
720575940604808736,1.586075843972349e-10,3902
720575940613970147,1.5775292072634792e-10,3903
720575940624789991,1.5766349163296562e-10,3904
720575940615255007,1.5766349163296562e-10,3905
720575940630147127,1.5766349163296562e-10,3906
720575940629009769,1.576634916329656e-10,3907
720575940622820243,1.5744805452830727e-10,3908
720575940637906502,1.555102834751081e-10,3909
720575940635919471,1.5462267137794193e-10,3910
720575940634826676,1.53996898804292e-10,3911
720575940608619787,1.536660680750773e-10,3912
720575940623118519,1.5164580111262342e-10,3913
720575940624664556,1.5139116466022556e-10,3914
720575940624351273,1.4880599210302373e-10,3915
720575940627218882,1.4880599210302373e-10,3916
720575940632271697,1.469201477492296e-10,3917
720575940634709217,1.439924524891921e-10,3918
720575940604412588,1.4319223050035274e-10,3919
720575940612598499,1.4319223050035274e-10,3920
720575940637296356,1.4283832523283113e-10,3921
720575940623972533,1.416442063868354e-10,3922
720575940612521166,1.416442063868354e-10,3923
720575940622618867,1.4006977585505517e-10,3924
720575940635749751,1.4006977585505517e-10,3925
720575940635776101,1.394077189175696e-10,3926
720575940636519598,1.3940771891756959e-10,3927
720575940626410515,1.3940771891756959e-10,3928
720575940620020534,1.365333329605063e-10,3929
720575940622600319,1.365333329605063e-10,3930
720575940648931705,1.3423791998950226e-10,3931
720575940605661361,1.3423791998950226e-10,3932
720575940617665950,1.3249651949209308e-10,3933
720575940638432053,1.3243733297169113e-10,3934
720575940611772514,1.3112607224919912e-10,3935
720575940612439269,1.2885946059597702e-10,3936
720575940626164286,1.2885946059597702e-10,3937
720575940609010524,1.2857993492397195e-10,3938
720575940630864170,1.2848829692634813e-10,3939
720575940627239946,1.2822341783168277e-10,3940
720575940630315623,1.2735861518811596e-10,3941
720575940620277686,1.266004467698206e-10,3942
720575940610915026,1.2634347112592583e-10,3943
720575940617062706,1.2494088016197274e-10,3944
720575940617093938,1.2462610226888824e-10,3945
720575940631353671,1.2428175295449815e-10,3946
720575940629486530,1.2407800641314544e-10,3947
720575940611835098,1.2377320838475804e-10,3948
720575940631268114,1.2019504575742252e-10,3949
720575940621786250,1.182476187247242e-10,3950
720575940622732493,1.1720117962096558e-10,3951
720575940639116496,1.1698863506917843e-10,3952
720575940644902179,1.1698863506917843e-10,3953
720575940623981576,1.1698863506917843e-10,3954
720575940617308673,1.1698863506917843e-10,3955
720575940643757422,1.1698863506917843e-10,3956
720575940603820716,1.1698863506917843e-10,3957
720575940605264305,1.1698863506917843e-10,3958
720575940620133568,1.1698863506917843e-10,3959
720575940624473918,1.1384297963182618e-10,3960
720575940622074109,1.1368011413879066e-10,3961
720575940633599071,1.134297834938561e-10,3962
720575940620028080,1.1243202076377909e-10,3963
720575940634078303,1.1243202076377909e-10,3964
720575940626982799,1.119188729338235e-10,3965
720575940608512046,1.1032880822310724e-10,3966
720575940628697538,1.0939627299320071e-10,3967
720575940616798779,1.0892008235858877e-10,3968
720575940618214383,1.0799802222277001e-10,3969
720575940630174208,1.0787540645837974e-10,3970
720575940619974193,1.0787540645837974e-10,3971
720575940626893834,1.0787540645837974e-10,3972
720575940647978804,1.0787540645837974e-10,3973
720575940622477508,1.0787540645837974e-10,3974
720575940619385583,1.0787540645837974e-10,3975
720575940620421153,1.0787540645837974e-10,3976
720575940629567473,1.0787540645837974e-10,3977
720575940613053393,1.0787540645837974e-10,3978
720575940624030734,1.0787540645837974e-10,3979
720575940623090412,1.0787540645837974e-10,3980
720575940628961644,1.0787540645837974e-10,3981
720575940626534226,1.0787540645837974e-10,3982
720575940614691690,1.0787540645837974e-10,3983
720575940631234643,1.0750774740671098e-10,3984
720575940613776179,1.0510899442197708e-10,3985
720575940645993348,1.0510899442197708e-10,3986
720575940626834762,1.0109720074174895e-10,3987
720575940623377555,1.0109720074174895e-10,3988
720575940611477710,1.007128007389286e-10,3989
720575940625337546,1.0033131285734176e-10,3990
720575940616564829,9.883383057588889e-11,3991
720575940620159659,9.620145252180953e-11,3992
720575940621817046,9.612586481095019e-11,3993
720575940617272025,9.583124816230075e-11,3994
720575940610908053,9.550769204689264e-11,3995
720575940615527995,9.527865681416629e-11,3996
720575940611196110,9.527865681416629e-11,3997
720575940637124422,9.527865681416629e-11,3998
720575940635119967,9.312425788355728e-11,3999
720575940637477439,9.312425788355728e-11,4000
720575940625937797,9.133609170461456e-11,4001
720575940633320785,9.133609170461456e-11,4002
720575940619896581,9.133609170461456e-11,4003
720575940621290605,9.133609170461455e-11,4004
720575940637956698,9.009342379026606e-11,4005
720575940627719184,8.741738149946609e-11,4006
720575940612327410,8.741738149946609e-11,4007
720575940628420008,8.59611679614671e-11,4008
720575940627720360,8.59611679614671e-11,4009
720575940617182779,8.59611679614671e-11,4010
720575940627195748,8.329392010798186e-11,4011
720575940628142352,8.22592130258951e-11,4012
720575940625494792,8.22592130258951e-11,4013
720575940629005467,8.22592130258951e-11,4014
720575940627586091,8.124989752864486e-11,4015
720575940612704802,8.124989752864486e-11,4016
720575940627817260,8.124989752864486e-11,4017
720575940637232447,8.124989752864486e-11,4018
720575940618978206,8.124989752864486e-11,4019
720575940644744864,7.883174581648281e-11,4020
720575940622343094,7.883174581648281e-11,4021
720575940617695572,7.79444152527283e-11,4022
720575940615049578,7.790431351275948e-11,4023
720575940626907923,7.529326803590282e-11,4024
720575940619440878,7.529326803590282e-11,4025
720575940627133702,7.524848464300632e-11,4026
720575940620370158,7.524848464300632e-11,4027
720575940611124246,7.524848464300632e-11,4028
720575940608977621,7.461258195588233e-11,4029
720575940627946106,7.440299605151187e-11,4030
720575940625793854,7.390697607783512e-11,4031
720575940627249480,7.296822753261219e-11,4032
720575940615885766,7.237012730693504e-11,4033
720575940617940048,7.08221031934177e-11,4034
720575940613776543,7.08221031934177e-11,4035
720575940620649084,7.08221031934177e-11,4036
720575940642108301,7.08221031934177e-11,4037
720575940634510703,6.933891778622573e-11,4038
720575940617077405,6.933891778622572e-11,4039
720575940625667365,6.933891778622572e-11,4040
720575940621023809,6.933891778622572e-11,4041
720575940620143525,6.933891778622572e-11,4042
720575940626226690,6.933891778622572e-11,4043
720575940621684358,6.826666648025316e-11,4044
720575940638559440,6.541548357006918e-11,4045
720575940629226044,6.460357705936152e-11,4046
720575940625743204,6.367179469792843e-11,4047
720575940613524903,6.367179469792843e-11,4048
720575940639594611,6.354106999155067e-11,4049
720575940629971191,6.317173556296292e-11,4050
720575940621019457,6.317173556296292e-11,4051
720575940624428019,6.317173556296292e-11,4052
720575940624155672,6.20315376916586e-11,4053
720575940633213591,5.96447961721497e-11,4054
720575940643407520,5.96447961721497e-11,4055
720575940628225323,5.849431753458921e-11,4056
720575940636227696,5.849431753458921e-11,4057
720575940624595132,5.849431753458921e-11,4058
720575940614105342,5.849431753458921e-11,4059
720575940629349164,5.849431753458921e-11,4060
720575940634702431,5.849431753458921e-11,4061
720575940620621665,5.849431753458921e-11,4062
720575940633286068,5.849431753458921e-11,4063
720575940646514740,5.849431753458921e-11,4064
720575940618593600,5.745654358858617e-11,4065
720575940626826392,5.7208351175676515e-11,4066
720575940623465098,5.7208351175676515e-11,4067
720575940641220853,5.684005706939533e-11,4068
720575940615659381,5.393770322918987e-11,4069
720575940628707600,5.393770322918987e-11,4070
720575940619674840,5.393770322918987e-11,4071
720575940626737685,5.393770322918987e-11,4072
720575940609590596,5.393770322918987e-11,4073
720575940621873677,5.393770322918987e-11,4074
720575940603659488,5.393770322918987e-11,4075
720575940616938470,5.393770322918987e-11,4076
720575940622269734,5.393770322918987e-11,4077
720575940634483704,5.393770322918987e-11,4078
720575940624210407,5.393770322918987e-11,4079
720575940615302879,5.393770322918987e-11,4080
720575940630662737,5.393770322918987e-11,4081
720575940629049335,5.393770322918987e-11,4082
720575940639415248,5.393770322918987e-11,4083
720575940631925132,5.393770322918987e-11,4084
720575940614926790,5.393770322918987e-11,4085
720575940619280110,5.393770322918987e-11,4086
720575940629539269,5.393770322918987e-11,4087
720575940644237591,5.393770322918987e-11,4088
720575940623464683,5.393770322918987e-11,4089
720575940630285007,5.393770322918987e-11,4090
720575940626868361,5.393770322918987e-11,4091
720575940631203896,5.393770322918987e-11,4092
720575940605929394,5.3618353429834464e-11,4093
720575940649134969,5.148476333347495e-11,4094
720575940628184040,5.148476333347495e-11,4095
720575940616903465,5.0548600370874475e-11,4096
720575940639753635,5.03564003694643e-11,4097
720575940617704219,4.9601997367674575e-11,4098
720575940617479202,4.9601997367674575e-11,4099
720575940627693845,4.9601997367674575e-11,4100
720575940636227941,4.9601997367674575e-11,4101
720575940634461280,4.904601332221305e-11,4102
720575940612551594,4.8690195945474676e-11,4103
720575940635821801,4.851184357937403e-11,4104
720575940619445451,4.66230974828787e-11,4105
720575940610601881,4.652365326874395e-11,4106
720575940617917396,4.474234222016592e-11,4107
720575940631706107,4.474234222016592e-11,4108
720575940635540671,4.474234222016592e-11,4109
720575940629355520,4.4293422398558904e-11,4110
720575940613940074,4.1910548408763016e-11,4111
720575940615802674,4.191054840876301e-11,4112
720575940625805084,4.112960651294755e-11,4113
720575940630352379,3.838763274541772e-11,4114
720575940619916368,3.7306290977941164e-11,4115
720575940613211055,3.7306290977941164e-11,4116
720575940629548282,3.7306290977941164e-11,4117
720575940654973089,3.7306290977941164e-11,4118
720575940604974978,3.7306290977941164e-11,4119
720575940639661939,3.7306290977941164e-11,4120
720575940609865796,3.7306290977941164e-11,4121
720575940620499115,3.7306290977941164e-11,4122
720575940641369808,3.7306290977941164e-11,4123
720575940646043683,3.648411376630609e-11,4124
720575940630285563,3.648411376630609e-11,4125
720575940630366684,3.444358519850797e-11,4126
720575940631319371,3.431018988903915e-11,4127
720575940633650969,3.361353628723125e-11,4128
720575940626853245,3.278151806229978e-11,4129
720575940605427134,3.206715084060318e-11,4130
720575940638778165,3.1835897348964217e-11,4131
720575940622189448,3.1835897348964217e-11,4132
720575940641423245,3.1835897348964217e-11,4133
720575940630624530,3.1835897348964217e-11,4134
720575940627635441,3.1835897348964217e-11,4135
720575940615800076,3.10157688458293e-11,4136
720575940624013309,3.10157688458293e-11,4137
720575940607894985,3.10157688458293e-11,4138
720575940631387719,3.10157688458293e-11,4139
720575940624144107,3.10157688458293e-11,4140
720575940618715550,3.10157688458293e-11,4141
720575940614719634,2.8604175587838258e-11,4142
720575940626674707,2.4941117320469132e-11,4143
720575940611208818,2.4941117320469132e-11,4144
720575940648681860,2.4941117320469132e-11,4145
720575940614476967,2.459374799845703e-11,4146
720575940605688608,2.459374799845703e-11,4147
720575940620482182,2.459374799845703e-11,4148
720575940612615282,2.459374799845703e-11,4149
720575940639735613,2.459374799845703e-11,4150
720575940627290122,2.459374799845703e-11,4151
720575940613692141,2.3862582517421823e-11,4152
720575940622167766,2.3862582517421823e-11,4153
720575940630484687,2.248511595444671e-11,4154
720575940610002244,2.1675504578018188e-11,4155
720575940616561803,2.0281367989539223e-11,4156
720575940621558762,1.639075903114989e-11,4157
720575940605520062,1.550788442291465e-11,4158
720575940612757210,1.550788442291465e-11,4159
720575940613493485,1.550788442291465e-11,4160
720575940643489902,1.550788442291465e-11,4161
720575940617986089,1.550788442291465e-11,4162
720575940621292126,1.2296873999228517e-11,4163
720575940632160593,1.2296873999228517e-11,4164
720575940627712399,1.2296873999228516e-11,4165
720575940629842681,8.160032838674746e-12,4166
720575940639443328,8.160032838674746e-12,4167
720575940634183103,8.160032838674746e-12,4168
720575940616205405,8.160032838674746e-12,4169
720575940631468335,0.0,4170
720575940632123695,0.0,4171
720575940616852763,0.0,4172
720575940629199810,0.0,4173
720575940623393038,0.0,4174
720575940614429078,0.0,4175
720575940613051699,0.0,4176
720575940608192009,0.0,4177
720575940645303918,0.0,4178
720575940615903547,0.0,4179
720575940627405052,0.0,4180
720575940649020537,0.0,4181
720575940631434722,0.0,4182
720575940626144680,0.0,4183
720575940629918459,0.0,4184
720575940634155731,0.0,4185
720575940630769962,0.0,4186
720575940624440260,0.0,4187
720575940625749904,0.0,4188
720575940631305164,0.0,4189
720575940624980261,0.0,4190
720575940619245121,0.0,4191
720575940638492349,0.0,4192
720575940628082053,0.0,4193
720575940616786833,0.0,4194
720575940609594574,0.0,4195
720575940609963248,0.0,4196
720575940638446936,0.0,4197
720575940630407308,0.0,4198
720575940631752356,0.0,4199
720575940636841286,0.0,4200
720575940633813309,0.0,4201
720575940646097175,0.0,4202
720575940619318619,0.0,4203
720575940634194588,0.0,4204
720575940632729313,0.0,4205
720575940613084625,0.0,4206
720575940632172770,0.0,4207
720575940631413585,0.0,4208
720575940613727399,0.0,4209
720575940619835733,0.0,4210
720575940622915030,0.0,4211
720575940635075179,0.0,4212
720575940626500745,0.0,4213
720575940617541081,0.0,4214
720575940615615929,0.0,4215
720575940616440098,0.0,4216
720575940608571145,0.0,4217
720575940629502506,0.0,4218
720575940628994524,0.0,4219
720575940630510454,0.0,4220
720575940617009638,0.0,4221
720575940624390477,0.0,4222
720575940639095229,0.0,4223
720575940608176452,0.0,4224
720575940619491828,0.0,4225
720575940615510338,0.0,4226
720575940642780832,0.0,4227
720575940619704656,0.0,4228
720575940605436262,0.0,4229
720575940638807485,0.0,4230
720575940642151565,0.0,4231
720575940615215923,0.0,4232
720575940626530564,0.0,4233
720575940612120794,0.0,4234
720575940626719570,0.0,4235
720575940630979781,0.0,4236
720575940626027964,0.0,4237
720575940616459637,0.0,4238
720575940613793602,0.0,4239
720575940630358748,0.0,4240
720575940625757053,0.0,4241
720575940610529656,0.0,4242
720575940618761250,0.0,4243
720575940637333214,0.0,4244
720575940606725833,0.0,4245
720575940615903121,0.0,4246
720575940608295032,0.0,4247
720575940634706035,0.0,4248
720575940643797408,0.0,4249
720575940638085695,0.0,4250
720575940615438495,0.0,4251
720575940631061559,0.0,4252
720575940639891288,0.0,4253
720575940640125312,0.0,4254
720575940619997342,0.0,4255
720575940612483498,0.0,4256
720575940621414900,0.0,4257
720575940632080268,0.0,4258
720575940606641538,0.0,4259
720575940605551038,0.0,4260
720575940608177929,0.0,4261
720575940623603495,0.0,4262
720575940617317305,0.0,4263
720575940623386762,0.0,4264
720575940610956334,0.0,4265
720575940623380556,0.0,4266
720575940608544011,0.0,4267
720575940616812859,0.0,4268
720575940635670128,0.0,4269
720575940622473924,0.0,4270
720575940632149039,0.0,4271
720575940624264462,0.0,4272
720575940618277681,0.0,4273
720575940630089031,0.0,4274
720575940629829391,0.0,4275
720575940639889141,0.0,4276
720575940617398745,0.0,4277
720575940624291728,0.0,4278
720575940626585481,0.0,4279
720575940629632894,0.0,4280
720575940615019231,0.0,4281
720575940627822647,0.0,4282
720575940631342476,0.0,4283
720575940639057085,0.0,4284
720575940643311245,0.0,4285
720575940622052641,0.0,4286
720575940614661749,0.0,4287
720575940610906521,0.0,4288
720575940623486858,0.0,4289
720575940637469347,0.0,4290
720575940632536780,0.0,4291
720575940623914954,0.0,4292
720575940610070442,0.0,4293
720575940620741485,0.0,4294
720575940628269391,0.0,4295
720575940611012721,0.0,4296
720575940631336930,0.0,4297
720575940637169636,0.0,4298
720575940636579817,0.0,4299
720575940607580171,0.0,4300
720575940624095246,0.0,4301
720575940622659847,0.0,4302
720575940630288440,0.0,4303
720575940631502392,0.0,4304
720575940625590053,0.0,4305
720575940631435345,0.0,4306
720575940626179940,0.0,4307
720575940634432919,0.0,4308
720575940629141607,0.0,4309
720575940644542574,0.0,4310
720575940626410392,0.0,4311
720575940628781828,0.0,4312
720575940620687425,0.0,4313
720575940659150977,0.0,4314
720575940631307053,0.0,4315
720575940624740878,0.0,4316
720575940639020707,0.0,4317
720575940621302644,0.0,4318
720575940618722475,0.0,4319
720575940630648438,0.0,4320
720575940620260980,0.0,4321
720575940617485083,0.0,4322
720575940627343108,0.0,4323
720575940631253778,0.0,4324
720575940630519035,0.0,4325
720575940631527085,0.0,4326
720575940614218346,0.0,4327
720575940638963363,0.0,4328
720575940608997571,0.0,4329
720575940619589217,0.0,4330
720575940607793675,0.0,4331
720575940630189624,0.0,4332
720575940617476386,0.0,4333
720575940632390731,0.0,4334
720575940639448528,0.0,4335
720575940625521899,0.0,4336
720575940614604962,0.0,4337
720575940634622303,0.0,4338
720575940637282167,0.0,4339
720575940634163552,0.0,4340
720575940619297073,0.0,4341
720575940623067114,0.0,4342
720575940621097855,0.0,4343
720575940623390186,0.0,4344
720575940628420106,0.0,4345
720575940622658317,0.0,4346
720575940607146162,0.0,4347
720575940611128782,0.0,4348
720575940631174431,0.0,4349
720575940611471090,0.0,4350
720575940616428917,0.0,4351
720575940620659489,0.0,4352
720575940615252786,0.0,4353
720575940619075437,0.0,4354
720575940631576109,0.0,4355
720575940625176250,0.0,4356
720575940629248374,0.0,4357
720575940631587129,0.0,4358
720575940639140329,0.0,4359
720575940635170679,0.0,4360
720575940632714465,0.0,4361
720575940630189911,0.0,4362
720575940617942326,0.0,4363
720575940624521022,0.0,4364
720575940629746626,0.0,4365
720575940618075733,0.0,4366
720575940624851726,0.0,4367
720575940616627851,0.0,4368
720575940624330248,0.0,4369
720575940630793413,0.0,4370
720575940621388969,0.0,4371
720575940622007472,0.0,4372
720575940639695568,0.0,4373
720575940606773705,0.0,4374
720575940630833706,0.0,4375
720575940622140257,0.0,4376
720575940626633960,0.0,4377
720575940629483095,0.0,4378
720575940611077188,0.0,4379
720575940639043637,0.0,4380
720575940621921285,0.0,4381
720575940616139606,0.0,4382
720575940632030412,0.0,4383
720575940629625210,0.0,4384
720575940614219370,0.0,4385
720575940628697872,0.0,4386
720575940634721761,0.0,4387
720575940640932003,0.0,4388
720575940619112102,0.0,4389
720575940629294636,0.0,4390
720575940627045636,0.0,4391
720575940609226702,0.0,4392
720575940612723409,0.0,4393
720575940624749258,0.0,4394
720575940616295110,0.0,4395
720575940629336770,0.0,4396
720575940620358336,0.0,4397
720575940624061116,0.0,4398
720575940630450852,0.0,4399
720575940615443103,0.0,4400
720575940617972253,0.0,4401
720575940621658502,0.0,4402
720575940645386884,0.0,4403
720575940612717202,0.0,4404
720575940617908820,0.0,4405
720575940629088450,0.0,4406
720575940620828912,0.0,4407
720575940619954091,0.0,4408
720575940616295069,0.0,4409
720575940630963141,0.0,4410
720575940628687259,0.0,4411
720575940620469742,0.0,4412
720575940626864414,0.0,4413
720575940629108094,0.0,4414
720575940628394716,0.0,4415
720575940621987255,0.0,4416
720575940658795137,0.0,4417
720575940621462797,0.0,4418
720575940617853524,0.0,4419
720575940620196336,0.0,4420
720575940638496896,0.0,4421
720575940620779841,0.0,4422
720575940626793502,0.0,4423
720575940623461134,0.0,4424
720575940638691200,0.0,4425
720575940609905220,0.0,4426
720575940617795073,0.0,4427
720575940637954532,0.0,4428
720575940622389735,0.0,4429
720575940612570595,0.0,4430
720575940616799547,0.0,4431
720575940619964916,0.0,4432
720575940636643832,0.0,4433
720575940631335417,0.0,4434
720575940631792440,0.0,4435
720575940637725272,0.0,4436
720575940620096097,0.0,4437
720575940630037036,0.0,4438
720575940614043699,0.0,4439
720575940624527091,0.0,4440
720575940644607854,0.0,4441
720575940621292726,0.0,4442
720575940624773646,0.0,4443
720575940612887154,0.0,4444
720575940611440793,0.0,4445
720575940610218360,0.0,4446
720575940608810709,0.0,4447
720575940634546807,0.0,4448
720575940620283227,0.0,4449
720575940629072999,0.0,4450
720575940603317216,0.0,4451
720575940636364133,0.0,4452
720575940617022277,0.0,4453
720575940632356066,0.0,4454
720575940625383155,0.0,4455
720575940628599595,0.0,4456
720575940631737005,0.0,4457
720575940641119885,0.0,4458
720575940653829537,0.0,4459
720575940631406547,0.0,4460
720575940633353568,0.0,4461
720575940625855833,0.0,4462
720575940637226212,0.0,4463
720575940643931336,0.0,4464
720575940631737261,0.0,4465
720575940631941587,0.0,4466
720575940633837247,0.0,4467
720575940620654145,0.0,4468
720575940620319329,0.0,4469
720575940622882829,0.0,4470
720575940604991264,0.0,4471
720575940647242116,0.0,4472
720575940628901246,0.0,4473
720575940628829148,0.0,4474
720575940619421505,0.0,4475
720575940620058350,0.0,4476
720575940617038593,0.0,4477
720575940618830459,0.0,4478
720575940638667846,0.0,4479
720575940632308684,0.0,4480
720575940642455200,0.0,4481
720575940614634346,0.0,4482
720575940625709720,0.0,4483
720575940638455459,0.0,4484
720575940608667460,0.0,4485
720575940606947970,0.0,4486
720575940617390036,0.0,4487
720575940617436305,0.0,4488
720575940639278325,0.0,4489
720575940632351457,0.0,4490
720575940617368532,0.0,4491
720575940624290539,0.0,4492
720575940623438571,0.0,4493
720575940639004032,0.0,4494
720575940618464802,0.0,4495
720575940612881105,0.0,4496
720575940637822323,0.0,4497
720575940643623328,0.0,4498
720575940630620747,0.0,4499
720575940625901002,0.0,4500
720575940605565886,0.0,4501
720575940629164283,0.0,4502
720575940619539182,0.0,4503
720575940628554999,0.0,4504
720575940615713292,0.0,4505
720575940632928173,0.0,4506
720575940617825344,0.0,4507
720575940645682211,0.0,4508
720575940629633406,0.0,4509
720575940645714723,0.0,4510
720575940628217643,0.0,4511
720575940625781029,0.0,4512
720575940619696660,0.0,4513
720575940614549906,0.0,4514
720575940614824095,0.0,4515
720575940629529088,0.0,4516
720575940627429909,0.0,4517
720575940617807517,0.0,4518
720575940629917228,0.0,4519
720575940616788409,0.0,4520
720575940626729515,0.0,4521
720575940639110389,0.0,4522
720575940622055201,0.0,4523
720575940630193628,0.0,4524
720575940629706618,0.0,4525
720575940604493024,0.0,4526
720575940608663765,0.0,4527
720575940627534339,0.0,4528
720575940624570917,0.0,4529
720575940638567758,0.0,4530
720575940610514478,0.0,4531
720575940631964130,0.0,4532
720575940629522426,0.0,4533
720575940623539719,0.0,4534
720575940631840568,0.0,4535
720575940638391384,0.0,4536
720575940633808665,0.0,4537
720575940638096959,0.0,4538
720575940627598760,0.0,4539
720575940608360203,0.0,4540
720575940616210333,0.0,4541
720575940630679895,0.0,4542
720575940622356835,0.0,4543
720575940611117425,0.0,4544
720575940641536397,0.0,4545
720575940621335841,0.0,4546
720575940631228719,0.0,4547
720575940633802045,0.0,4548
720575940623398397,0.0,4549
720575940620639982,0.0,4550
720575940615992091,0.0,4551
720575940610254810,0.0,4552
720575940619108299,0.0,4553
720575940620511732,0.0,4554
720575940623586999,0.0,4555
720575940630420985,0.0,4556
720575940619723088,0.0,4557
720575940605252041,0.0,4558
720575940605452064,0.0,4559
720575940627479829,0.0,4560
720575940626086244,0.0,4561
720575940659879041,0.0,4562
720575940624250160,0.0,4563
720575940615846237,0.0,4564
720575940605312945,0.0,4565
720575940611592154,0.0,4566
720575940628920987,0.0,4567
720575940648993145,0.0,4568
720575940632115247,0.0,4569
720575940625451920,0.0,4570
720575940626640158,0.0,4571
720575940623291647,0.0,4572
720575940619658433,0.0,4573
720575940639534451,0.0,4574
720575940625765306,0.0,4575
720575940615838662,0.0,4576
720575940631868999,0.0,4577
720575940622594601,0.0,4578
720575940620407628,0.0,4579
720575940630192682,0.0,4580
720575940626674584,0.0,4581
720575940623409959,0.0,4582
720575940634032376,0.0,4583
720575940617873728,0.0,4584
720575940632737837,0.0,4585
720575940629723434,0.0,4586
720575940631108179,0.0,4587
720575940625724072,0.0,4588
720575940620495484,0.0,4589
720575940619936639,0.0,4590
720575940623119454,0.0,4591
720575940627383890,0.0,4592
720575940629326695,0.0,4593
720575940641243125,0.0,4594
720575940624794611,0.0,4595
720575940638642547,0.0,4596
720575940610921642,0.0,4597
720575940615858644,0.0,4598
720575940621922654,0.0,4599
720575940638963875,0.0,4600
720575940620181925,0.0,4601
720575940626161154,0.0,4602
720575940631379783,0.0,4603
720575940623331475,0.0,4604
720575940611476686,0.0,4605
720575940620459702,0.0,4606
720575940607626453,0.0,4607
720575940622457028,0.0,4608
720575940633203225,0.0,4609
720575940632429732,0.0,4610
720575940605993649,0.0,4611
720575940621649396,0.0,4612
720575940616525429,0.0,4613
720575940620685739,0.0,4614
720575940614427055,0.0,4615
720575940620030384,0.0,4616
720575940621466637,0.0,4617
720575940642871240,0.0,4618
720575940617015750,0.0,4619
720575940627449243,0.0,4620
720575940624699981,0.0,4621
720575940627802618,0.0,4622
720575940636504165,0.0,4623
720575940616196898,0.0,4624
720575940633566690,0.0,4625
720575940629141095,0.0,4626
720575940619354417,0.0,4627
720575940627101706,0.0,4628
720575940637870820,0.0,4629
720575940622735615,0.0,4630
720575940617067305,0.0,4631
720575940623771580,0.0,4632
720575940614548253,0.0,4633
720575940621629189,0.0,4634
720575940628246121,0.0,4635
720575940617989417,0.0,4636
720575940614053149,0.0,4637
720575940624365500,0.0,4638
720575940639179709,0.0,4639
720575940605236866,0.0,4640
720575940626724946,0.0,4641
720575940639127861,0.0,4642
720575940623068308,0.0,4643
720575940624695335,0.0,4644
720575940616438085,0.0,4645
720575940618353186,0.0,4646
720575940627915280,0.0,4647
720575940616502017,0.0,4648
720575940628685884,0.0,4649
720575940619933269,0.0,4650
720575940626689176,0.0,4651
720575940615237170,0.0,4652
720575940638962851,0.0,4653
720575940639684440,0.0,4654
720575940620459910,0.0,4655
720575940613752999,0.0,4656
720575940622528951,0.0,4657
720575940621616776,0.0,4658
720575940610847842,0.0,4659
720575940636490894,0.0,4660
720575940629539834,0.0,4661
720575940644490276,0.0,4662
720575940619423398,0.0,4663
720575940614784918,0.0,4664
720575940624041545,0.0,4665
720575940621597678,0.0,4666
720575940615980338,0.0,4667
720575940620429317,0.0,4668
720575940616929766,0.0,4669
720575940619637845,0.0,4670
720575940612680818,0.0,4671
720575940625655088,0.0,4672
720575940631741613,0.0,4673
720575940631827527,0.0,4674
720575940611873242,0.0,4675
720575940623872263,0.0,4676
720575940611210865,0.0,4677
720575940622773784,0.0,4678
720575940622558941,0.0,4679
720575940613975455,0.0,4680
720575940628651575,0.0,4681
720575940632964704,0.0,4682
720575940641015285,0.0,4683
720575940625513616,0.0,4684
720575940632531231,0.0,4685
720575940629856044,0.0,4686
720575940626199324,0.0,4687
720575940637784548,0.0,4688
720575940623003016,0.0,4689
720575940611040866,0.0,4690
720575940617456614,0.0,4691
720575940621872645,0.0,4692
720575940621017840,0.0,4693
720575940615346363,0.0,4694
720575940622186376,0.0,4695
720575940622917927,0.0,4696
720575940629271596,0.0,4697
720575940620305499,0.0,4698
720575940629871146,0.0,4699
720575940625541168,0.0,4700
720575940614544034,0.0,4701
720575940628060934,0.0,4702
720575940619821771,0.0,4703
720575940626033838,0.0,4704
720575940624049661,0.0,4705
720575940610849742,0.0,4706
720575940623735482,0.0,4707
720575940626949909,0.0,4708
720575940633934772,0.0,4709
720575940613218344,0.0,4710
720575940624651507,0.0,4711
720575940634045084,0.0,4712
720575940610471522,0.0,4713
720575940612879341,0.0,4714
720575940611208817,0.0,4715
720575940636335984,0.0,4716
720575940604550590,0.0,4717
720575940645089059,0.0,4718
720575940624935182,0.0,4719
720575940624786675,0.0,4720
720575940627082298,0.0,4721
720575940628355843,0.0,4722
720575940637395945,0.0,4723
720575940608767957,0.0,4724
720575940618884289,0.0,4725
720575940628190407,0.0,4726
720575940642968776,0.0,4727
720575940611085518,0.0,4728
720575940617376980,0.0,4729
720575940617540838,0.0,4730
720575940638053609,0.0,4731
720575940619770228,0.0,4732
720575940629894391,0.0,4733
720575940614673826,0.0,4734
720575940624482452,0.0,4735
720575940611113109,0.0,4736
720575940607667723,0.0,4737
720575940634083479,0.0,4738
720575940625334424,0.0,4739
720575940633662615,0.0,4740
720575940623242476,0.0,4741
720575940626600067,0.0,4742
720575940613795880,0.0,4743
720575940624651704,0.0,4744
720575940638482877,0.0,4745
720575940636560730,0.0,4746
720575940628823299,0.0,4747
720575940640094592,0.0,4748
720575940611857066,0.0,4749
720575940635695022,0.0,4750
720575940618657950,0.0,4751
720575940631048267,0.0,4752
720575940614199914,0.0,4753
720575940639209013,0.0,4754
720575940613355423,0.0,4755
720575940624555815,0.0,4756
720575940615143563,0.0,4757
720575940619593552,0.0,4758
720575940630269404,0.0,4759
720575940628374121,0.0,4760
720575940637050933,0.0,4761
720575940623965513,0.0,4762
720575940623880427,0.0,4763
720575940619705983,0.0,4764
720575940612534681,0.0,4765
720575940623150369,0.0,4766
720575940625929790,0.0,4767
720575940611229297,0.0,4768
720575940629119737,0.0,4769
720575940636048862,0.0,4770
720575940634948703,0.0,4771
720575940634678895,0.0,4772
720575940608152021,0.0,4773
720575940617324433,0.0,4774
720575940621538431,0.0,4775
720575940628397138,0.0,4776
720575940646853508,0.0,4777
720575940605032550,0.0,4778
720575940655891617,0.0,4779
720575940614285930,0.0,4780
720575940620480751,0.0,4781
720575940630600775,0.0,4782
720575940641084405,0.0,4783
720575940615528251,0.0,4784
720575940615257942,0.0,4785
720575940626223633,0.0,4786
720575940615345339,0.0,4787
720575940633565154,0.0,4788
720575940631502509,0.0,4789
720575940638472006,0.0,4790
720575940630902083,0.0,4791
720575940633493660,0.0,4792
720575940613743023,0.0,4793
720575940625902282,0.0,4794
720575940617567390,0.0,4795
720575940625860026,0.0,4796
720575940639517016,0.0,4797
720575940628009771,0.0,4798
720575940622363332,0.0,4799
720575940623976521,0.0,4800
720575940628641871,0.0,4801
720575940621456349,0.0,4802
720575940630947176,0.0,4803
720575940626769064,0.0,4804
720575940615629173,0.0,4805
720575940616886228,0.0,4806
720575940631295116,0.0,4807
720575940629620731,0.0,4808
720575940628790142,0.0,4809
720575940620056496,0.0,4810
720575940653764257,0.0,4811
720575940633475991,0.0,4812
720575940626047536,0.0,4813
720575940617483318,0.0,4814
720575940610499779,0.0,4815
720575940634141024,0.0,4816
720575940640923381,0.0,4817
720575940631666243,0.0,4818
720575940629029370,0.0,4819
720575940637964772,0.0,4820
720575940617480934,0.0,4821
720575940639071797,0.0,4822
720575940620342768,0.0,4823
720575940628843931,0.0,4824
720575940631154380,0.0,4825
720575940639859840,0.0,4826
720575940617166882,0.0,4827
720575940620671512,0.0,4828
720575940625852446,0.0,4829
720575940606357122,0.0,4830
720575940629518892,0.0,4831
720575940617598621,0.0,4832
720575940636754533,0.0,4833
720575940630105931,0.0,4834
720575940603911340,0.0,4835
720575940638422387,0.0,4836
720575940620932717,0.0,4837
720575940627252267,0.0,4838
720575940622245708,0.0,4839
720575940624922256,0.0,4840
720575940630987091,0.0,4841
720575940633569215,0.0,4842
720575940617645652,0.0,4843
720575940659770497,0.0,4844
720575940616203067,0.0,4845
720575940641039067,0.0,4846
720575940609586645,0.0,4847
720575940615711093,0.0,4848
720575940639182680,0.0,4849
720575940626356306,0.0,4850
720575940623646537,0.0,4851
720575940644028452,0.0,4852
720575940633389281,0.0,4853
720575940626411097,0.0,4854
720575940612204723,0.0,4855
720575940622383338,0.0,4856
720575940635094426,0.0,4857
720575940611696370,0.0,4858
720575940616368245,0.0,4859
720575940620577217,0.0,4860
720575940632135249,0.0,4861
720575940625156901,0.0,4862
720575940611728563,0.0,4863
720575940629601810,0.0,4864
720575940612429994,0.0,4865
720575940619917653,0.0,4866
720575940620717551,0.0,4867
720575940607818965,0.0,4868
720575940638993853,0.0,4869
720575940625631280,0.0,4870
720575940637255221,0.0,4871
720575940631687844,0.0,4872
720575940628708460,0.0,4873
720575940617534235,0.0,4874
720575940641361104,0.0,4875
720575940645709335,0.0,4876
720575940611284174,0.0,4877
720575940637683790,0.0,4878
720575940618875819,0.0,4879
720575940611053029,0.0,4880
720575940617792596,0.0,4881
720575940620759105,0.0,4882
720575940644742048,0.0,4883
720575940624699918,0.0,4884
720575940606893186,0.0,4885
720575940630190411,0.0,4886
720575940656077473,0.0,4887
720575940633596826,0.0,4888
720575940632991815,0.0,4889
720575940614427567,0.0,4890
720575940632679379,0.0,4891
720575940607393033,0.0,4892
720575940612789219,0.0,4893
720575940625516436,0.0,4894
720575940634028151,0.0,4895
720575940639352483,0.0,4896
720575940630811449,0.0,4897
720575940639003470,0.0,4898
720575940648397177,0.0,4899
720575940620096341,0.0,4900
720575940615955851,0.0,4901
720575940631036687,0.0,4902
720575940628714358,0.0,4903
720575940613987635,0.0,4904
720575940620146523,0.0,4905
720575940638894976,0.0,4906
720575940633422490,0.0,4907
720575940606108862,0.0,4908
720575940617874150,0.0,4909
720575940632364881,0.0,4910
720575940620948340,0.0,4911
720575940641936584,0.0,4912
720575940620230497,0.0,4913
720575940619552561,0.0,4914
720575940629854764,0.0,4915
720575940629244227,0.0,4916
720575940637849151,0.0,4917
720575940628783003,0.0,4918
720575940624716581,0.0,4919
720575940619028289,0.0,4920
720575940632203823,0.0,4921
720575940632532255,0.0,4922
720575940632617164,0.0,4923
720575940621802751,0.0,4924
720575940619672656,0.0,4925
720575940610990821,0.0,4926
720575940624323342,0.0,4927
720575940631763779,0.0,4928
720575940629445626,0.0,4929
720575940628728796,0.0,4930
720575940630665157,0.0,4931
720575940632362015,0.0,4932
720575940611985174,0.0,4933
720575940624641680,0.0,4934
720575940629384953,0.0,4935
720575940619418304,0.0,4936
720575940621449933,0.0,4937
720575940615386324,0.0,4938
720575940637965028,0.0,4939
720575940631083769,0.0,4940
720575940624012692,0.0,4941
720575940621581061,0.0,4942
720575940623481608,0.0,4943
720575940631057209,0.0,4944
720575940625233997,0.0,4945
720575940644191012,0.0,4946
720575940628888375,0.0,4947
720575940629543644,0.0,4948
720575940631903299,0.0,4949
720575940632001607,0.0,4950
720575940626868818,0.0,4951
720575940608324994,0.0,4952
720575940625360784,0.0,4953
720575940638719064,0.0,4954
720575940612930710,0.0,4955
720575940613127343,0.0,4956
720575940629511383,0.0,4957
720575940611002803,0.0,4958
720575940619205229,0.0,4959
720575940627813892,0.0,4960
720575940636302711,0.0,4961
720575940626201512,0.0,4962
720575940616076219,0.0,4963
720575940617616345,0.0,4964
720575940621728214,0.0,4965
720575940623973356,0.0,4966
720575940611988197,0.0,4967
720575940625612425,0.0,4968
720575940636753118,0.0,4969
720575940639088885,0.0,4970
720575940622440840,0.0,4971
720575940603430112,0.0,4972
720575940607375881,0.0,4973
720575940633803104,0.0,4974
720575940625185149,0.0,4975
720575940626692485,0.0,4976
720575940617157049,0.0,4977
720575940633155226,0.0,4978
720575940624694078,0.0,4979
720575940637973225,0.0,4980
720575940612870381,0.0,4981
720575940632000993,0.0,4982
720575940614993932,0.0,4983
720575940622268454,0.0,4984
720575940646484020,0.0,4985
720575940637112390,0.0,4986
720575940635342949,0.0,4987
720575940629388135,0.0,4988
720575940621692440,0.0,4989
720575940634884971,0.0,4990
720575940646583172,0.0,4991
720575940616698769,0.0,4992
720575940630738463,0.0,4993
720575940627590266,0.0,4994
720575940645610787,0.0,4995
720575940619760833,0.0,4996
720575940618533403,0.0,4997
720575940630428227,0.0,4998
720575940617650407,0.0,4999
720575940638915160,0.0,5000
720575940626594435,0.0,5001
720575940625283770,0.0,5002
720575940614308146,0.0,5003
720575940631713384,0.0,5004
720575940630011708,0.0,5005
720575940649536121,0.0,5006
720575940630497142,0.0,5007
720575940632530207,0.0,5008
720575940639668541,0.0,5009
720575940631247431,0.0,5010
720575940625384521,0.0,5011
720575940629644375,0.0,5012
720575940630331643,0.0,5013
720575940623122685,0.0,5014
720575940613161267,0.0,5015
720575940621943139,0.0,5016
720575940616831349,0.0,5017
720575940625645968,0.0,5018
720575940630824239,0.0,5019
720575940614569414,0.0,5020
720575940615750075,0.0,5021
720575940632920545,0.0,5022
720575940625490788,0.0,5023
720575940617552418,0.0,5024
720575940616045106,0.0,5025
720575940624990782,0.0,5026
720575940616798784,0.0,5027
720575940623530474,0.0,5028
720575940634199732,0.0,5029
720575940637387098,0.0,5030
720575940626138378,0.0,5031
720575940611327254,0.0,5032
720575940639114557,0.0,5033
720575940622009676,0.0,5034
720575940614866235,0.0,5035
720575940624694798,0.0,5036
720575940623925577,0.0,5037
720575940635054687,0.0,5038
720575940635935343,0.0,5039
720575940609393732,0.0,5040
720575940634107292,0.0,5041
720575940621124289,0.0,5042
720575940637639396,0.0,5043
720575940626826005,0.0,5044
720575940620733166,0.0,5045
720575940635706219,0.0,5046
720575940618493073,0.0,5047
720575940630374987,0.0,5048
720575940645059107,0.0,5049
720575940621648861,0.0,5050
720575940617165661,0.0,5051
720575940604182374,0.0,5052
720575940650581881,0.0,5053
720575940622761864,0.0,5054
720575940622663629,0.0,5055
720575940616929241,0.0,5056
720575940614176927,0.0,5057
720575940643448686,0.0,5058
720575940611357938,0.0,5059
720575940644683031,0.0,5060
720575940625781009,0.0,5061
720575940637965621,0.0,5062
720575940623629292,0.0,5063
720575940608277852,0.0,5064
720575940625430302,0.0,5065
720575940613022367,0.0,5066
720575940605396926,0.0,5067
720575940611451598,0.0,5068
720575940637966938,0.0,5069
720575940621336873,0.0,5070
720575940646911284,0.0,5071
720575940614996018,0.0,5072
720575940633313376,0.0,5073
720575940625187586,0.0,5074
720575940624243982,0.0,5075
720575940613359266,0.0,5076
720575940645220718,0.0,5077
720575940631650274,0.0,5078
720575940616536209,0.0,5079
720575940627284123,0.0,5080
720575940627480363,0.0,5081
720575940635803822,0.0,5082
720575940622467293,0.0,5083
720575940630461994,0.0,5084
720575940613783106,0.0,5085
720575940611424882,0.0,5086
720575940614110866,0.0,5087
720575940609399506,0.0,5088
720575940632562387,0.0,5089
720575940642651611,0.0,5090
720575940616601345,0.0,5091
720575940619649195,0.0,5092
720575940622698825,0.0,5093
720575940622135501,0.0,5094
720575940626316802,0.0,5095
720575940632558675,0.0,5096
720575940612766102,0.0,5097
720575940616746123,0.0,5098
720575940614240766,0.0,5099
720575940610669786,0.0,5100
720575940627450385,0.0,5101
720575940624344328,0.0,5102
720575940623878327,0.0,5103
720575940608456715,0.0,5104
720575940617857053,0.0,5105
720575940631019468,0.0,5106
720575940614283006,0.0,5107
720575940635153294,0.0,5108
720575940633509471,0.0,5109
720575940632725459,0.0,5110
720575940639274574,0.0,5111
720575940628071409,0.0,5112
720575940618989982,0.0,5113
720575940605620670,0.0,5114
720575940624763850,0.0,5115
720575940630852138,0.0,5116
720575940619973211,0.0,5117
720575940625019481,0.0,5118
720575940625614224,0.0,5119
720575940622147148,0.0,5120
720575940631351619,0.0,5121
720575940631429165,0.0,5122
720575940625718696,0.0,5123
720575940609066030,0.0,5124
720575940619026241,0.0,5125
720575940612714671,0.0,5126
720575940628868943,0.0,5127
720575940625715733,0.0,5128
720575940622930456,0.0,5129
720575940617394781,0.0,5130
720575940628217899,0.0,5131
720575940645221742,0.0,5132
720575940622894349,0.0,5133
720575940633224555,0.0,5134
720575940629541187,0.0,5135
720575940619254448,0.0,5136
720575940637190990,0.0,5137
720575940612384665,0.0,5138
720575940630868525,0.0,5139
720575940625740169,0.0,5140
720575940608015627,0.0,5141
720575940643830126,0.0,5142
720575940620577652,0.0,5143
720575940625163139,0.0,5144
720575940630722757,0.0,5145
720575940627912492,0.0,5146
720575940627097733,0.0,5147
720575940620923980,0.0,5148
720575940627295802,0.0,5149
720575940629814060,0.0,5150
720575940646263331,0.0,5151
720575940605664446,0.0,5152
720575940633034336,0.0,5153
720575940627687940,0.0,5154
720575940613929670,0.0,5155
720575940632465945,0.0,5156
720575940609921230,0.0,5157
720575940630561484,0.0,5158
720575940609097058,0.0,5159
720575940609651554,0.0,5160
720575940630733137,0.0,5161
720575940621913897,0.0,5162
720575940637835839,0.0,5163
720575940618873723,0.0,5164
720575940621944583,0.0,5165
720575940623756215,0.0,5166
720575940658101121,0.0,5167
720575940637372894,0.0,5168
720575940628367836,0.0,5169
720575940604483040,0.0,5170
720575940647153796,0.0,5171
720575940643501472,0.0,5172
720575940637222470,0.0,5173
720575940639543715,0.0,5174
720575940614936543,0.0,5175
720575940626527577,0.0,5176
720575940625119625,0.0,5177
720575940616140171,0.0,5178
720575940619925328,0.0,5179
720575940630138679,0.0,5180
720575940628444410,0.0,5181
720575940620269039,0.0,5182
720575940620400116,0.0,5183
720575940623318566,0.0,5184
720575940616599069,0.0,5185
720575940608978901,0.0,5186
720575940614378143,0.0,5187
720575940635175023,0.0,5188
720575940628443127,0.0,5189
720575940636193758,0.0,5190
720575940631639058,0.0,5191
720575940623610919,0.0,5192
720575940629443628,0.0,5193
720575940631639570,0.0,5194
720575940610977941,0.0,5195
720575940624665068,0.0,5196
720575940626608712,0.0,5197
720575940623317261,0.0,5198
720575940637898429,0.0,5199
720575940609586901,0.0,5200
720575940635425460,0.0,5201
720575940606850434,0.0,5202
720575940638990397,0.0,5203
720575940646221108,0.0,5204
720575940608211268,0.0,5205
720575940621514509,0.0,5206
720575940623164941,0.0,5207
720575940617496209,0.0,5208
720575940629346103,0.0,5209
720575940619188139,0.0,5210
720575940619843520,0.0,5211
720575940629182402,0.0,5212
720575940605890505,0.0,5213
720575940625446181,0.0,5214
720575940626139560,0.0,5215
720575940608708875,0.0,5216
720575940633289111,0.0,5217
720575940628134915,0.0,5218
720575940632532511,0.0,5219
720575940621349590,0.0,5220
720575940627935996,0.0,5221
720575940626985738,0.0,5222
720575940618895414,0.0,5223
720575940610012024,0.0,5224
720575940607685700,0.0,5225
720575940610700181,0.0,5226
720575940618990507,0.0,5227
720575940653723809,0.0,5228
720575940637143262,0.0,5229
720575940612042981,0.0,5230
720575940622070004,0.0,5231
720575940634259819,0.0,5232
720575940618236283,0.0,5233
720575940623479178,0.0,5234
720575940625871741,0.0,5235
720575940605686886,0.0,5236
720575940623447188,0.0,5237
720575940613666666,0.0,5238
720575940640851189,0.0,5239
720575940626494663,0.0,5240
720575940612306138,0.0,5241
720575940627870952,0.0,5242
720575940630754221,0.0,5243
720575940630688709,0.0,5244
720575940632034700,0.0,5245
720575940632738093,0.0,5246
720575940631555128,0.0,5247
720575940618868273,0.0,5248
720575940611498389,0.0,5249
720575940633040813,0.0,5250
720575940634194783,0.0,5251
720575940604762028,0.0,5252
720575940628123535,0.0,5253
720575940610142869,0.0,5254
720575940620611822,0.0,5255
720575940621716067,0.0,5256
720575940623594248,0.0,5257
720575940629263872,0.0,5258
720575940620809381,0.0,5259
720575940618937649,0.0,5260
720575940627129672,0.0,5261
720575940619591872,0.0,5262
720575940610318542,0.0,5263
720575940629455068,0.0,5264
720575940615692594,0.0,5265
720575940612375761,0.0,5266
720575940607697282,0.0,5267
720575940609040835,0.0,5268
720575940628406828,0.0,5269
720575940628210255,0.0,5270
720575940621263457,0.0,5271
720575940620673776,0.0,5272
720575940624671490,0.0,5273
720575940614054685,0.0,5274
720575940618806101,0.0,5275
720575940632043832,0.0,5276
720575940623623687,0.0,5277
720575940626310686,0.0,5278
720575940604552894,0.0,5279
720575940644530030,0.0,5280
720575940637255743,0.0,5281
720575940644366536,0.0,5282
720575940616546521,0.0,5283
720575940627327314,0.0,5284
720575940628244841,0.0,5285
720575940623854311,0.0,5286
720575940632765388,0.0,5287
720575940619559956,0.0,5288
720575940629587031,0.0,5289
720575940620543067,0.0,5290
720575940630209658,0.0,5291
720575940659274881,0.0,5292
720575940624147600,0.0,5293
720575940613563538,0.0,5294
720575940617626781,0.0,5295
720575940632437971,0.0,5296
720575940621396390,0.0,5297
720575940607672003,0.0,5298
720575940622966054,0.0,5299
720575940612971816,0.0,5300
720575940627390440,0.0,5301
720575940626996632,0.0,5302
720575940627455400,0.0,5303
720575940606483890,0.0,5304
720575940623851015,0.0,5305
720575940621196826,0.0,5306
720575940630569815,0.0,5307
720575940625162515,0.0,5308
720575940615758395,0.0,5309
720575940625818426,0.0,5310
720575940625884541,0.0,5311
720575940623457609,0.0,5312
720575940630704953,0.0,5313
720575940633713087,0.0,5314
720575940637783155,0.0,5315
720575940641282523,0.0,5316
720575940610682578,0.0,5317
720575940654849697,0.0,5318
720575940624211640,0.0,5319
720575940632906055,0.0,5320
720575940621098879,0.0,5321
720575940658814849,0.0,5322
720575940622540713,0.0,5323
720575940620020845,0.0,5324
720575940634967915,0.0,5325
720575940626606223,0.0,5326
720575940607958229,0.0,5327
720575940645576756,0.0,5328
720575940644429934,0.0,5329
720575940619690118,0.0,5330
720575940624736400,0.0,5331
720575940626800792,0.0,5332
720575940629557957,0.0,5333
720575940611791834,0.0,5334
720575940624702541,0.0,5335
720575940618738853,0.0,5336
720575940621556928,0.0,5337
720575940624508341,0.0,5338
720575940617730141,0.0,5339
720575940628314217,0.0,5340
720575940621531312,0.0,5341
720575940622219478,0.0,5342
720575940626872593,0.0,5343
720575940625136228,0.0,5344
720575940625825538,0.0,5345
720575940628086607,0.0,5346
720575940606227890,0.0,5347
720575940641842677,0.0,5348
720575940627549205,0.0,5349
720575940645264750,0.0,5350
720575940630281580,0.0,5351
720575940633107607,0.0,5352
720575940626416205,0.0,5353
720575940608978115,0.0,5354
720575940612260323,0.0,5355
720575940610769506,0.0,5356
720575940636838256,0.0,5357
720575940618418085,0.0,5358
720575940633983639,0.0,5359
720575940611504869,0.0,5360
720575940624382727,0.0,5361
720575940636998463,0.0,5362
720575940620614571,0.0,5363
720575940626480124,0.0,5364
720575940633446943,0.0,5365
720575940623137930,0.0,5366
720575940629265602,0.0,5367
720575940623071270,0.0,5368
720575940621368685,0.0,5369
720575940614258082,0.0,5370
720575940623334837,0.0,5371
720575940620255092,0.0,5372
720575940624384007,0.0,5373
720575940616844859,0.0,5374
720575940627332885,0.0,5375
720575940606949042,0.0,5376
720575940629888599,0.0,5377
720575940618319577,0.0,5378
720575940616322397,0.0,5379
720575940617333275,0.0,5380
720575940631620177,0.0,5381
720575940627950312,0.0,5382
720575940622248709,0.0,5383
720575940630276972,0.0,5384
720575940620348342,0.0,5385
720575940613860754,0.0,5386
720575940637355497,0.0,5387
720575940645797742,0.0,5388
720575940622201046,0.0,5389
720575940627787343,0.0,5390
720575940623298253,0.0,5391
720575940641779445,0.0,5392
720575940614647658,0.0,5393
720575940625589593,0.0,5394
720575940638860672,0.0,5395
720575940659996033,0.0,5396
720575940654851489,0.0,5397
720575940624180668,0.0,5398
720575940644238496,0.0,5399
720575940612331250,0.0,5400
720575940624449318,0.0,5401
720575940630737403,0.0,5402
720575940625953466,0.0,5403
720575940645941102,0.0,5404
720575940620875861,0.0,5405
720575940616417169,0.0,5406
720575940615794619,0.0,5407
720575940621529053,0.0,5408
720575940630538752,0.0,5409
720575940623036415,0.0,5410
720575940619445696,0.0,5411
720575940616220765,0.0,5412
720575940634538080,0.0,5413
720575940612747434,0.0,5414
720575940635095321,0.0,5415
720575940625461534,0.0,5416
720575940614470567,0.0,5417
720575940626217341,0.0,5418
720575940622646980,0.0,5419
720575940634570744,0.0,5420
720575940639509336,0.0,5421
720575940635708267,0.0,5422
720575940629908350,0.0,5423
720575940613196781,0.0,5424
720575940624960522,0.0,5425
720575940628281860,0.0,5426
720575940613201814,0.0,5427
720575940630958673,0.0,5428
720575940611373006,0.0,5429
720575940610611758,0.0,5430
720575940636002679,0.0,5431
720575940622479732,0.0,5432
720575940614932898,0.0,5433
720575940626860487,0.0,5434
720575940639836624,0.0,5435
720575940638099940,0.0,5436
720575940613622312,0.0,5437
720575940620373697,0.0,5438
720575940627857384,0.0,5439
720575940646783284,0.0,5440
720575940619029589,0.0,5441
720575940614147178,0.0,5442
720575940628565114,0.0,5443
720575940605431840,0.0,5444
720575940617328477,0.0,5445
720575940607698627,0.0,5446
720575940624839257,0.0,5447
720575940613337640,0.0,5448
720575940625288423,0.0,5449
720575940645214243,0.0,5450
720575940631711021,0.0,5451
720575940624133925,0.0,5452
720575940618145147,0.0,5453
720575940623085850,0.0,5454
720575940639118653,0.0,5455
720575940610380970,0.0,5456
720575940630301523,0.0,5457
720575940626730058,0.0,5458
720575940609533635,0.0,5459
720575940629724247,0.0,5460
720575940621192436,0.0,5461
720575940635838565,0.0,5462
720575940625651914,0.0,5463
720575940652101622,0.0,5464
720575940621423999,0.0,5465
720575940630336057,0.0,5466
720575940624598460,0.0,5467
720575940610999794,0.0,5468
720575940611229170,0.0,5469
720575940628137577,0.0,5470
720575940630999327,0.0,5471
720575940617720221,0.0,5472
720575940632758041,0.0,5473
720575940627777265,0.0,5474
720575940618700573,0.0,5475
720575940605180849,0.0,5476
720575940631034955,0.0,5477
720575940623881801,0.0,5478
720575940619388062,0.0,5479
720575940620993718,0.0,5480
720575940636165743,0.0,5481
720575940636134775,0.0,5482
720575940632338145,0.0,5483
720575940618647104,0.0,5484
720575940629489103,0.0,5485
720575940637618254,0.0,5486
720575940621728844,0.0,5487
720575940629162348,0.0,5488
720575940627910160,0.0,5489
720575940625484602,0.0,5490
720575940624894052,0.0,5491
720575940612737233,0.0,5492
720575940630251791,0.0,5493
720575940631003151,0.0,5494
720575940627948367,0.0,5495
720575940639246195,0.0,5496
720575940627941242,0.0,5497
720575940623747086,0.0,5498
720575940622075928,0.0,5499
720575940617390149,0.0,5500
720575940627679306,0.0,5501
720575940630465420,0.0,5502
720575940615394463,0.0,5503
720575940620833985,0.0,5504
720575940622439704,0.0,5505
720575940638594374,0.0,5506
720575940632335953,0.0,5507
720575940632041043,0.0,5508
720575940625684057,0.0,5509
720575940623750852,0.0,5510
720575940620408560,0.0,5511
720575940632333395,0.0,5512
720575940629452670,0.0,5513
720575940614117374,0.0,5514
720575940622538790,0.0,5515
720575940626012433,0.0,5516
720575940631615800,0.0,5517
720575940615885195,0.0,5518
720575940613729576,0.0,5519
720575940630991308,0.0,5520
720575940638855733,0.0,5521
720575940625520412,0.0,5522
720575940630960780,0.0,5523
720575940627159704,0.0,5524
720575940622342852,0.0,5525
720575940626307922,0.0,5526
720575940620082096,0.0,5527
720575940630339525,0.0,5528
720575940620679233,0.0,5529
720575940629424195,0.0,5530
720575940617498166,0.0,5531
720575940635745855,0.0,5532
720575940629232492,0.0,5533
720575940626349957,0.0,5534
720575940650822265,0.0,5535
720575940629724411,0.0,5536
720575940631425361,0.0,5537
720575940615757362,0.0,5538
720575940637846069,0.0,5539
720575940620055905,0.0,5540
720575940614120190,0.0,5541
720575940606126514,0.0,5542
720575940634991215,0.0,5543
720575940618080566,0.0,5544
720575940609112587,0.0,5545
720575940630532439,0.0,5546
720575940634399071,0.0,5547
720575940619062686,0.0,5548
720575940634955188,0.0,5549
720575940636110222,0.0,5550
720575940631350743,0.0,5551
720575940627451388,0.0,5552
720575940616704581,0.0,5553
720575940634365620,0.0,5554
720575940612149014,0.0,5555
720575940636077919,0.0,5556
720575940631305004,0.0,5557
720575940627202058,0.0,5558
720575940614717452,0.0,5559
720575940620311718,0.0,5560
720575940618556587,0.0,5561
720575940608184156,0.0,5562
720575940611591829,0.0,5563
720575940623192675,0.0,5564
720575940619883124,0.0,5565
720575940630368965,0.0,5566
720575940651864822,0.0,5567
720575940627452668,0.0,5568
720575940633940761,0.0,5569
720575940620538806,0.0,5570
720575940618802123,0.0,5571
720575940616934361,0.0,5572
720575940627157135,0.0,5573
720575940616475732,0.0,5574
720575940610412386,0.0,5575
720575940630630248,0.0,5576
720575940626993001,0.0,5577
720575940629423887,0.0,5578
720575940610751129,0.0,5579
720575940619463088,0.0,5580
720575940639030094,0.0,5581
720575940614344755,0.0,5582
720575940620406900,0.0,5583
720575940621554693,0.0,5584
720575940622627466,0.0,5585
720575940630356473,0.0,5586
720575940610793395,0.0,5587
720575940616363963,0.0,5588
720575940643473056,0.0,5589
720575940624044873,0.0,5590
720575940639022755,0.0,5591
720575940633557986,0.0,5592
720575940624366835,0.0,5593
720575940628694991,0.0,5594
720575940630996072,0.0,5595
720575940610694866,0.0,5596
720575940608663253,0.0,5597
720575940608583689,0.0,5598
720575940612071130,0.0,5599
720575940623441629,0.0,5600
720575940634915691,0.0,5601
720575940629805950,0.0,5602
720575940626889491,0.0,5603
720575940625613514,0.0,5604
720575940628207047,0.0,5605
720575940636942302,0.0,5606
720575940620920831,0.0,5607
720575940622363588,0.0,5608
720575940634648568,0.0,5609
720575940619051009,0.0,5610
720575940611413733,0.0,5611
720575940638055487,0.0,5612
720575940619937872,0.0,5613
720575940623546638,0.0,5614
720575940627779983,0.0,5615
720575940614037533,0.0,5616
720575940627286545,0.0,5617
720575940629823563,0.0,5618
720575940624785139,0.0,5619
720575940616756993,0.0,5620
720575940615708466,0.0,5621
720575940630716286,0.0,5622
720575940630912908,0.0,5623
720575940606680706,0.0,5624
720575940638212166,0.0,5625
720575940624265998,0.0,5626
720575940613920159,0.0,5627
720575940624776206,0.0,5628
720575940623037965,0.0,5629
720575940611652374,0.0,5630
720575940618659998,0.0,5631
720575940614311079,0.0,5632
720575940624184905,0.0,5633
720575940635291247,0.0,5634
720575940644974644,0.0,5635
720575940616475717,0.0,5636
720575940638474112,0.0,5637
720575940630290629,0.0,5638
720575940603233248,0.0,5639
720575940617273233,0.0,5640
720575940628443962,0.0,5641
720575940615980850,0.0,5642
720575940616673497,0.0,5643
720575940608407305,0.0,5644
720575940608313301,0.0,5645
720575940624085739,0.0,5646
720575940642624200,0.0,5647
720575940608344331,0.0,5648
720575940626102628,0.0,5649
720575940620177275,0.0,5650
720575940610307374,0.0,5651
720575940654483873,0.0,5652
720575940615526466,0.0,5653
720575940617470932,0.0,5654
720575940622830856,0.0,5655
720575940621363421,0.0,5656
720575940618135198,0.0,5657
720575940624305642,0.0,5658
720575940621870886,0.0,5659
720575940624704514,0.0,5660
720575940609220291,0.0,5661
720575940608535747,0.0,5662
720575940628888796,0.0,5663
720575940618110021,0.0,5664
720575940659857025,0.0,5665
720575940631915863,0.0,5666
720575940639624307,0.0,5667
720575940621712990,0.0,5668
720575940611373262,0.0,5669
720575940630913221,0.0,5670
720575940625133145,0.0,5671
720575940620569953,0.0,5672
720575940644846615,0.0,5673
720575940619117039,0.0,5674
720575940631077369,0.0,5675
720575940627603733,0.0,5676
720575940616800780,0.0,5677
720575940626031132,0.0,5678
720575940624917031,0.0,5679
720575940629832252,0.0,5680
720575940630716995,0.0,5681
720575940630094444,0.0,5682
720575940621148781,0.0,5683
720575940615032406,0.0,5684
720575940619903664,0.0,5685
720575940609553419,0.0,5686
720575940618691742,0.0,5687
720575940621167030,0.0,5688
720575940614533226,0.0,5689
720575940621804329,0.0,5690
720575940619477809,0.0,5691
720575940628404188,0.0,5692
720575940614726546,0.0,5693
720575940611089331,0.0,5694
720575940623147959,0.0,5695
720575940613481256,0.0,5696
720575940622492637,0.0,5697
720575940621351412,0.0,5698
720575940625146882,0.0,5699
720575940618404510,0.0,5700
720575940617381681,0.0,5701
720575940626457290,0.0,5702
720575940625539786,0.0,5703
720575940618180766,0.0,5704
720575940626064138,0.0,5705
720575940622295832,0.0,5706
720575940620952523,0.0,5707
720575940631879193,0.0,5708
720575940606621362,0.0,5709
720575940618087197,0.0,5710
720575940616910310,0.0,5711
720575940627931466,0.0,5712
720575940626522184,0.0,5713
720575940659323009,0.0,5714
720575940646609028,0.0,5715
720575940618888016,0.0,5716
720575940629963116,0.0,5717
720575940619903215,0.0,5718
720575940624894308,0.0,5719
720575940620612590,0.0,5720
720575940630696443,0.0,5721
720575940632835298,0.0,5722
720575940626081636,0.0,5723
720575940629468716,0.0,5724
720575940627636476,0.0,5725
720575940617511169,0.0,5726
720575940623449015,0.0,5727
720575940624359828,0.0,5728
720575940614037910,0.0,5729
720575940623264906,0.0,5730
720575940613212141,0.0,5731
720575940618551481,0.0,5732
720575940635961711,0.0,5733
720575940611012962,0.0,5734
720575940620533339,0.0,5735
720575940628868907,0.0,5736
720575940617118016,0.0,5737
720575940615578043,0.0,5738
720575940625670602,0.0,5739
720575940622655782,0.0,5740
720575940625261598,0.0,5741
720575940614037811,0.0,5742
720575940629274935,0.0,5743
720575940627243322,0.0,5744
720575940614573674,0.0,5745
720575940614087377,0.0,5746
720575940617871680,0.0,5747
720575940612403685,0.0,5748
720575940630584079,0.0,5749
720575940614576396,0.0,5750
720575940629535610,0.0,5751
720575940631688417,0.0,5752
720575940626422659,0.0,5753
720575940615581126,0.0,5754
720575940639139280,0.0,5755
720575940626593618,0.0,5756
720575940625504868,0.0,5757
720575940629952374,0.0,5758
720575940626782845,0.0,5759
720575940622792423,0.0,5760
720575940623964820,0.0,5761
720575940639076954,0.0,5762
720575940606853250,0.0,5763
720575940635012238,0.0,5764
720575940629706362,0.0,5765
720575940630902991,0.0,5766
720575940632195887,0.0,5767
720575940629043817,0.0,5768
720575940629535738,0.0,5769
720575940626619411,0.0,5770
720575940621966369,0.0,5771
720575940625625136,0.0,5772
720575940626904561,0.0,5773
720575940620041125,0.0,5774
720575940624195559,0.0,5775
720575940620932684,0.0,5776
720575940630560505,0.0,5777
720575940607154955,0.0,5778
720575940619795883,0.0,5779
720575940621540446,0.0,5780
720575940619358257,0.0,5781
720575940632736045,0.0,5782
720575940633402082,0.0,5783
720575940645377668,0.0,5784
720575940621163636,0.0,5785
720575940638579428,0.0,5786
720575940623407850,0.0,5787
720575940626422513,0.0,5788
720575940627543624,0.0,5789
720575940613909555,0.0,5790
720575940630419983,0.0,5791
720575940644870679,0.0,5792
720575940621528191,0.0,5793
720575940612203699,0.0,5794
720575940646369827,0.0,5795
720575940617623632,0.0,5796
720575940608682453,0.0,5797
720575940630862287,0.0,5798
720575940619155541,0.0,5799
720575940631239076,0.0,5800
720575940621343142,0.0,5801
720575940623014328,0.0,5802
720575940634941887,0.0,5803
720575940614724038,0.0,5804
720575940640020944,0.0,5805
720575940611661541,0.0,5806
720575940626423171,0.0,5807
720575940626031493,0.0,5808
720575940614887830,0.0,5809
720575940630682449,0.0,5810
720575940622339549,0.0,5811
720575940606796722,0.0,5812
720575940619723979,0.0,5813
720575940609171576,0.0,5814
720575940619353766,0.0,5815
720575940618211742,0.0,5816
720575940627546897,0.0,5817
720575940605557438,0.0,5818
720575940614707874,0.0,5819
720575940619319512,0.0,5820
720575940614416018,0.0,5821
720575940616646873,0.0,5822
720575940614036019,0.0,5823
720575940645381998,0.0,5824
720575940626651624,0.0,5825
720575940620822049,0.0,5826
720575940619160861,0.0,5827
720575940622668031,0.0,5828
720575940627153513,0.0,5829
720575940639267406,0.0,5830
720575940624021483,0.0,5831
720575940612758934,0.0,5832
720575940620744152,0.0,5833
720575940617674141,0.0,5834
720575940616691156,0.0,5835
720575940614220269,0.0,5836
720575940611153370,0.0,5837
720575940619978266,0.0,5838
720575940621845018,0.0,5839
720575940612549799,0.0,5840
720575940611532949,0.0,5841
720575940622542517,0.0,5842
720575940639554675,0.0,5843
720575940622067113,0.0,5844
720575940639172560,0.0,5845
720575940616578646,0.0,5846
720575940613463859,0.0,5847
720575940623047950,0.0,5848
720575940625898780,0.0,5849
720575940635213998,0.0,5850
720575940631584057,0.0,5851
720575940623212170,0.0,5852
720575940625906088,0.0,5853
720575940628954344,0.0,5854
720575940641289435,0.0,5855
720575940632925409,0.0,5856
720575940623462328,0.0,5857
720575940621612159,0.0,5858
720575940626849423,0.0,5859
720575940620273344,0.0,5860
720575940618997297,0.0,5861
720575940625749258,0.0,5862
720575940629470726,0.0,5863
720575940620385997,0.0,5864
720575940637826623,0.0,5865
720575940624227917,0.0,5866
720575940618133072,0.0,5867
720575940607090306,0.0,5868
720575940606729858,0.0,5869
720575940621880541,0.0,5870
720575940619154891,0.0,5871
720575940621763475,0.0,5872
720575940620197104,0.0,5873
720575940621376756,0.0,5874
720575940621343838,0.0,5875
720575940618886336,0.0,5876
720575940637737021,0.0,5877
720575940654675873,0.0,5878
720575940610784179,0.0,5879
720575940618517440,0.0,5880
720575940623131433,0.0,5881
720575940605559986,0.0,5882
720575940625355281,0.0,5883
720575940644940835,0.0,5884
720575940627547153,0.0,5885
720575940624738232,0.0,5886
720575940620182399,0.0,5887
720575940611578794,0.0,5888
720575940621048758,0.0,5889
720575940606663625,0.0,5890
720575940633058897,0.0,5891
720575940630608492,0.0,5892
720575940620178141,0.0,5893
720575940631764281,0.0,5894
720575940627144010,0.0,5895
720575940638645592,0.0,5896
720575940635499888,0.0,5897
720575940630093174,0.0,5898
720575940649622905,0.0,5899
720575940648246649,0.0,5900
720575940658321793,0.0,5901
720575940627492117,0.0,5902
720575940636679390,0.0,5903
720575940639202532,0.0,5904
720575940625177836,0.0,5905
720575940627120536,0.0,5906
720575940619445464,0.0,5907
720575940623781965,0.0,5908
720575940616902630,0.0,5909
720575940632994970,0.0,5910
720575940622245953,0.0,5911
720575940634811743,0.0,5912
720575940619873472,0.0,5913
720575940619992997,0.0,5914
720575940634792884,0.0,5915
720575940616055858,0.0,5916
720575940625050826,0.0,5917
720575940627585286,0.0,5918
720575940616923945,0.0,5919
720575940631571247,0.0,5920
720575940635011935,0.0,5921
720575940608291849,0.0,5922
720575940622232458,0.0,5923
720575940635110286,0.0,5924
720575940652837793,0.0,5925
720575940619828359,0.0,5926
720575940633188459,0.0,5927
720575940621577152,0.0,5928
720575940626991771,0.0,5929
720575940628147718,0.0,5930
720575940622134285,0.0,5931
720575940613974890,0.0,5932
720575940604389344,0.0,5933
720575940636135543,0.0,5934
720575940617034753,0.0,5935
720575940650740982,0.0,5936
720575940634684664,0.0,5937
720575940630973779,0.0,5938
720575940629621975,0.0,5939
720575940625477150,0.0,5940
720575940624405228,0.0,5941
720575940613156015,0.0,5942
720575940645747747,0.0,5943
720575940621413670,0.0,5944
720575940632646114,0.0,5945
720575940623576141,0.0,5946
720575940638026842,0.0,5947
720575940612009074,0.0,5948
720575940606045314,0.0,5949
720575940618701703,0.0,5950
720575940615825211,0.0,5951
720575940614053405,0.0,5952
720575940614899061,0.0,5953
720575940614728351,0.0,5954
720575940630915748,0.0,5955
720575940624174323,0.0,5956
720575940616572299,0.0,5957
720575940609633230,0.0,5958
720575940612713937,0.0,5959
720575940607983369,0.0,5960
720575940604963686,0.0,5961
720575940619855696,0.0,5962
720575940626197532,0.0,5963
720575940626892687,0.0,5964
720575940649691513,0.0,5965
720575940625508752,0.0,5966
720575940623870389,0.0,5967
720575940624296376,0.0,5968
720575940633668031,0.0,5969
720575940630063575,0.0,5970
720575940627311108,0.0,5971
720575940622494215,0.0,5972
720575940617087325,0.0,5973
720575940635900773,0.0,5974
720575940623706867,0.0,5975
720575940627364629,0.0,5976
720575940638670397,0.0,5977
720575940636507493,0.0,5978
720575940623568093,0.0,5979
720575940612498073,0.0,5980
720575940624409444,0.0,5981
720575940626778008,0.0,5982
720575940630620812,0.0,5983
720575940621226405,0.0,5984
720575940622081818,0.0,5985
720575940627203461,0.0,5986
720575940621413158,0.0,5987
720575940620134932,0.0,5988
720575940604852326,0.0,5989
720575940628076038,0.0,5990
720575940608928324,0.0,5991
720575940630411535,0.0,5992
720575940631997068,0.0,5993
720575940627713813,0.0,5994
720575940623353013,0.0,5995
720575940635452408,0.0,5996
720575940638662352,0.0,5997
720575940638561102,0.0,5998
720575940620039956,0.0,5999
720575940623708135,0.0,6000
720575940626919409,0.0,6001
720575940620210854,0.0,6002
720575940639013210,0.0,6003
720575940612647282,0.0,6004
720575940632370719,0.0,6005
720575940646416419,0.0,6006
720575940616138811,0.0,6007
720575940603853792,0.0,6008
720575940630411259,0.0,6009
720575940616093746,0.0,6010
720575940646142004,0.0,6011
720575940635883748,0.0,6012
720575940644221038,0.0,6013
720575940609271854,0.0,6014
720575940612019570,0.0,6015
720575940627920071,0.0,6016
720575940624601236,0.0,6017
720575940626403400,0.0,6018
720575940614862230,0.0,6019
720575940622864920,0.0,6020
720575940624660313,0.0,6021
720575940636685894,0.0,6022
720575940607330499,0.0,6023
720575940625576080,0.0,6024
720575940611204323,0.0,6025
720575940618572422,0.0,6026
720575940634296951,0.0,6027
720575940639483125,0.0,6028
720575940617030178,0.0,6029
720575940636325865,0.0,6030
720575940623413384,0.0,6031
720575940641403021,0.0,6032
720575940617366969,0.0,6033
720575940609203268,0.0,6034
720575940624597788,0.0,6035
720575940627103802,0.0,6036
720575940625760318,0.0,6037
720575940604274534,0.0,6038
720575940627890231,0.0,6039
720575940639484917,0.0,6040
720575940645236078,0.0,6041
720575940649430393,0.0,6042
720575940622495114,0.0,6043
720575940632063396,0.0,6044
720575940616924902,0.0,6045
720575940612506994,0.0,6046
720575940608044501,0.0,6047
720575940621282774,0.0,6048
720575940632461074,0.0,6049
720575940627808232,0.0,6050
720575940621413926,0.0,6051
720575940645858868,0.0,6052
720575940621820763,0.0,6053
720575940612587286,0.0,6054
720575940610798946,0.0,6055
720575940617713206,0.0,6056
720575940632371040,0.0,6057
720575940611059609,0.0,6058
720575940630995537,0.0,6059
720575940636561636,0.0,6060
720575940639023011,0.0,6061
720575940637118527,0.0,6062
720575940623085495,0.0,6063
720575940625215416,0.0,6064
720575940640634787,0.0,6065
720575940624663427,0.0,6066
720575940614008785,0.0,6067
720575940632915937,0.0,6068
720575940631801401,0.0,6069
720575940619136020,0.0,6070
720575940626279742,0.0,6071
720575940625164558,0.0,6072
720575940645858948,0.0,6073
720575940620862273,0.0,6074
720575940649012857,0.0,6075
720575940618970209,0.0,6076
720575940634224023,0.0,6077
720575940613449122,0.0,6078
720575940624940558,0.0,6079
720575940639974272,0.0,6080
720575940627912464,0.0,6081
720575940614793026,0.0,6082
720575940614207850,0.0,6083
720575940625317139,0.0,6084
720575940621871484,0.0,6085
720575940614203916,0.0,6086
720575940620463536,0.0,6087
720575940634078200,0.0,6088
720575940621973018,0.0,6089
720575940635614942,0.0,6090
720575940612606673,0.0,6091
720575940624532979,0.0,6092
720575940618371777,0.0,6093
720575940631930060,0.0,6094
720575940618959576,0.0,6095
720575940629839863,0.0,6096
720575940636171639,0.0,6097
720575940619260737,0.0,6098
720575940611812835,0.0,6099
720575940624066279,0.0,6100
720575940624951020,0.0,6101
720575940629735163,0.0,6102
720575940630488827,0.0,6103
720575940624577613,0.0,6104
720575940630062587,0.0,6105
720575940614890902,0.0,6106
720575940618036765,0.0,6107
720575940631930415,0.0,6108
720575940627048018,0.0,6109
720575940638844504,0.0,6110
720575940621149812,0.0,6111
720575940649428601,0.0,6112
720575940655589025,0.0,6113
720575940618876075,0.0,6114
720575940613257664,0.0,6115
720575940630399340,0.0,6116
720575940622263832,0.0,6117
720575940617036352,0.0,6118
720575940624467812,0.0,6119
720575940652477942,0.0,6120
720575940621424549,0.0,6121
720575940631182354,0.0,6122
720575940623309862,0.0,6123
720575940624359432,0.0,6124
720575940633735063,0.0,6125
720575940630950351,0.0,6126
720575940618036509,0.0,6127
720575940621725168,0.0,6128
720575940637183454,0.0,6129
720575940612829663,0.0,6130
720575940627211307,0.0,6131
720575940614825026,0.0,6132
720575940626930186,0.0,6133
720575940620952779,0.0,6134
720575940628787984,0.0,6135
720575940619445382,0.0,6136
720575940615405718,0.0,6137
720575940631012664,0.0,6138
720575940630464843,0.0,6139
720575940612564338,0.0,6140
720575940615611793,0.0,6141
720575940632696877,0.0,6142
720575940618606160,0.0,6143
720575940607900867,0.0,6144
720575940615847005,0.0,6145
720575940634992735,0.0,6146
720575940621399222,0.0,6147
720575940603520172,0.0,6148
720575940648139129,0.0,6149
720575940626820395,0.0,6150
720575940616616075,0.0,6151
720575940622972686,0.0,6152
720575940622694182,0.0,6153
720575940627264488,0.0,6154
720575940628476716,0.0,6155
720575940615068383,0.0,6156
720575940639309902,0.0,6157
720575940616156347,0.0,6158
720575940620363885,0.0,6159
720575940637089343,0.0,6160
720575940628924887,0.0,6161
720575940610926762,0.0,6162
720575940622789611,0.0,6163
720575940613713704,0.0,6164
720575940622737812,0.0,6165
720575940628398295,0.0,6166
720575940608633045,0.0,6167
720575940614089726,0.0,6168
720575940628304113,0.0,6169
720575940622198664,0.0,6170
720575940617482169,0.0,6171
720575940622428087,0.0,6172
720575940605290441,0.0,6173
720575940616826001,0.0,6174
720575940640757888,0.0,6175
720575940617854036,0.0,6176
720575940627902440,0.0,6177
720575940623116585,0.0,6178
720575940626688529,0.0,6179
720575940634703987,0.0,6180
720575940643544224,0.0,6181
720575940615405378,0.0,6182
720575940632652002,0.0,6183
720575940629899511,0.0,6184
720575940618924965,0.0,6185
720575940612700450,0.0,6186
720575940619367083,0.0,6187
720575940624963917,0.0,6188
720575940633817405,0.0,6189
720575940610605530,0.0,6190
720575940623059347,0.0,6191
720575940612879853,0.0,6192
720575940632830509,0.0,6193
720575940608158300,0.0,6194
720575940631275821,0.0,6195
720575940632389688,0.0,6196
720575940631406673,0.0,6197
720575940628372327,0.0,6198
720575940607239947,0.0,6199
720575940618627207,0.0,6200
720575940619842580,0.0,6201
720575940622926472,0.0,6202
720575940620378246,0.0,6203
720575940614380556,0.0,6204
720575940630044985,0.0,6205
720575940629388026,0.0,6206
720575940604131296,0.0,6207
720575940640877965,0.0,6208
720575940639434704,0.0,6209
720575940621021892,0.0,6210
720575940625249618,0.0,6211
720575940636356836,0.0,6212
720575940626828574,0.0,6213
720575940623491069,0.0,6214
720575940628561111,0.0,6215
720575940613301410,0.0,6216
720575940608588555,0.0,6217
720575940606682302,0.0,6218
720575940607059634,0.0,6219
720575940619940523,0.0,6220
720575940639672192,0.0,6221
720575940620101614,0.0,6222
720575940654879137,0.0,6223
720575940630726085,0.0,6224
720575940638469309,0.0,6225
720575940631002386,0.0,6226
720575940629515306,0.0,6227
720575940621688926,0.0,6228
720575940624770574,0.0,6229
720575940611110468,0.0,6230
720575940629397079,0.0,6231
720575940609950869,0.0,6232
720575940603751857,0.0,6233
720575940615455318,0.0,6234
720575940646852660,0.0,6235
720575940622354312,0.0,6236
720575940619547953,0.0,6237
720575940618217280,0.0,6238
720575940631160972,0.0,6239
720575940633156377,0.0,6240
720575940637404750,0.0,6241
720575940629342458,0.0,6242
720575940622996360,0.0,6243
720575940653276833,0.0,6244
720575940611013785,0.0,6245
720575940604093984,0.0,6246
720575940622392790,0.0,6247
720575940632817709,0.0,6248
720575940613889711,0.0,6249
720575940632107335,0.0,6250
720575940640503949,0.0,6251
720575940624311787,0.0,6252
720575940607011458,0.0,6253
720575940629548794,0.0,6254
720575940626133532,0.0,6255
720575940615429791,0.0,6256
720575940630233559,0.0,6257
720575940615497099,0.0,6258
720575940620815213,0.0,6259
720575940616026262,0.0,6260
720575940622176648,0.0,6261
720575940636531118,0.0,6262
720575940632407635,0.0,6263
720575940627951336,0.0,6264
720575940627121436,0.0,6265
720575940630282199,0.0,6266
720575940613772194,0.0,6267
720575940624737464,0.0,6268
720575940623218687,0.0,6269
720575940637145828,0.0,6270
720575940633026989,0.0,6271
720575940620128391,0.0,6272
720575940619904877,0.0,6273
720575940606746214,0.0,6274
720575940634384224,0.0,6275
720575940635334044,0.0,6276
720575940629669879,0.0,6277
720575940612626966,0.0,6278
720575940624793272,0.0,6279
720575940624599444,0.0,6280
720575940616902374,0.0,6281
720575940617035521,0.0,6282
720575940632335129,0.0,6283
720575940612961686,0.0,6284
720575940623922869,0.0,6285
720575940635493044,0.0,6286
720575940629646974,0.0,6287
720575940623403900,0.0,6288
720575940608987349,0.0,6289
720575940649682809,0.0,6290
720575940639328128,0.0,6291
720575940659316609,0.0,6292
720575940658726785,0.0,6293
720575940620781446,0.0,6294
720575940619759041,0.0,6295
720575940625368976,0.0,6296
720575940621088438,0.0,6297
720575940630950144,0.0,6298
720575940626451088,0.0,6299
720575940614396778,0.0,6300
720575940637277766,0.0,6301
720575940632898204,0.0,6302
720575940637599204,0.0,6303
720575940631120696,0.0,6304
720575940641562587,0.0,6305
720575940614328994,0.0,6306
720575940622889997,0.0,6307
720575940629396858,0.0,6308
720575940611988946,0.0,6309
720575940624166680,0.0,6310
720575940614549650,0.0,6311
720575940640745424,0.0,6312
720575940635157867,0.0,6313
720575940636633998,0.0,6314
720575940613003889,0.0,6315
720575940625925458,0.0,6316
720575940626508346,0.0,6317
720575940624302520,0.0,6318
720575940631295018,0.0,6319
720575940625879537,0.0,6320
720575940618428830,0.0,6321
720575940629589292,0.0,6322
720575940631207388,0.0,6323
720575940633941293,0.0,6324
720575940632582829,0.0,6325
720575940652335094,0.0,6326
720575940631992391,0.0,6327
720575940621052031,0.0,6328
720575940618953126,0.0,6329
720575940621749375,0.0,6330
720575940627343377,0.0,6331
720575940615112646,0.0,6332
720575940633593804,0.0,6333
720575940634643391,0.0,6334
720575940609935310,0.0,6335
720575940628318193,0.0,6336
720575940626581525,0.0,6337
720575940623103487,0.0,6338
720575940621470028,0.0,6339
720575940609792206,0.0,6340
720575940638080233,0.0,6341
720575940624611992,0.0,6342
720575940616546933,0.0,6343
720575940629127936,0.0,6344
720575940641066229,0.0,6345
720575940620737121,0.0,6346
720575940623969684,0.0,6347
720575940625330494,0.0,6348
720575940616310751,0.0,6349
720575940625572240,0.0,6350
720575940620594415,0.0,6351
720575940640049360,0.0,6352
720575940623576909,0.0,6353
720575940606769609,0.0,6354
720575940606335106,0.0,6355
720575940627588593,0.0,6356
720575940634463083,0.0,6357
720575940611724437,0.0,6358
720575940632916961,0.0,6359
720575940632799789,0.0,6360
720575940623180457,0.0,6361
720575940622565069,0.0,6362
720575940639368782,0.0,6363
720575940607641557,0.0,6364
720575940624154648,0.0,6365
720575940617865117,0.0,6366
720575940654499745,0.0,6367
720575940621457577,0.0,6368
720575940614386738,0.0,6369
720575940631710860,0.0,6370
720575940626509830,0.0,6371
720575940625910354,0.0,6372
720575940606730076,0.0,6373
720575940625543626,0.0,6374
720575940634354367,0.0,6375
720575940617963480,0.0,6376
720575940611845034,0.0,6377
720575940621612765,0.0,6378
720575940623526985,0.0,6379
720575940639018147,0.0,6380
720575940624975760,0.0,6381
720575940630272108,0.0,6382
720575940642193608,0.0,6383
720575940627628548,0.0,6384
720575940613434530,0.0,6385
720575940621174704,0.0,6386
720575940606756785,0.0,6387
720575940624091061,0.0,6388
720575940624713660,0.0,6389
720575940625318531,0.0,6390
720575940639836288,0.0,6391
720575940626698377,0.0,6392
720575940615094284,0.0,6393
720575940639124533,0.0,6394
720575940624795879,0.0,6395
720575940626376841,0.0,6396
720575940611724714,0.0,6397
720575940623984567,0.0,6398
720575940612439761,0.0,6399
720575940636299895,0.0,6400
720575940610565070,0.0,6401
720575940629044862,0.0,6402
720575940627172100,0.0,6403
720575940627993576,0.0,6404
720575940624349192,0.0,6405
720575940624803511,0.0,6406
720575940628716926,0.0,6407
720575940629963068,0.0,6408
720575940628538703,0.0,6409
720575940631719417,0.0,6410
720575940619960926,0.0,6411
720575940631453763,0.0,6412
720575940627291402,0.0,6413
720575940631422776,0.0,6414
720575940622493949,0.0,6415
720575940613397362,0.0,6416
720575940621764596,0.0,6417
720575940629048567,0.0,6418
720575940625393466,0.0,6419
720575940622871540,0.0,6420
720575940618125893,0.0,6421
720575940629364583,0.0,6422
720575940631003723,0.0,6423
720575940619979387,0.0,6424
720575940614562867,0.0,6425
720575940619870622,0.0,6426
720575940622411760,0.0,6427
720575940625242129,0.0,6428
720575940625606916,0.0,6429
720575940609237955,0.0,6430
720575940610493486,0.0,6431
720575940622451273,0.0,6432
720575940619305808,0.0,6433
720575940611733997,0.0,6434
720575940616964766,0.0,6435
720575940626394626,0.0,6436
720575940610960994,0.0,6437
720575940610885330,0.0,6438
720575940612919410,0.0,6439
720575940633062335,0.0,6440
720575940607227826,0.0,6441
720575940622128639,0.0,6442
720575940624861989,0.0,6443
720575940639718453,0.0,6444
720575940633146007,0.0,6445
720575940626513027,0.0,6446
720575940618184839,0.0,6447
720575940617473051,0.0,6448
720575940625753621,0.0,6449
720575940621862605,0.0,6450
720575940636008366,0.0,6451
720575940608603657,0.0,6452
720575940631589689,0.0,6453
720575940637788494,0.0,6454
720575940623203767,0.0,6455
720575940621002593,0.0,6456
720575940628155868,0.0,6457
720575940640420174,0.0,6458
720575940627087364,0.0,6459
720575940622013564,0.0,6460
720575940637982552,0.0,6461
720575940614348962,0.0,6462
720575940606514878,0.0,6463
720575940629489260,0.0,6464
720575940623847728,0.0,6465
720575940622888231,0.0,6466
720575940625336464,0.0,6467
720575940636069215,0.0,6468
720575940638639838,0.0,6469
720575940606046892,0.0,6470
720575940626818250,0.0,6471
720575940654878113,0.0,6472
720575940637209822,0.0,6473
720575940621246068,0.0,6474
720575940623784428,0.0,6475
720575940632151889,0.0,6476
720575940619245648,0.0,6477
720575940628808186,0.0,6478
720575940608819780,0.0,6479
720575940614423038,0.0,6480
720575940622881805,0.0,6481
720575940624701513,0.0,6482
720575940635498394,0.0,6483
720575940634697573,0.0,6484
720575940625870640,0.0,6485
720575940621487088,0.0,6486
720575940625309882,0.0,6487
720575940659400577,0.0,6488
720575940608537027,0.0,6489
720575940611611285,0.0,6490
720575940635325551,0.0,6491
720575940616925597,0.0,6492
720575940625951946,0.0,6493
720575940621304325,0.0,6494
720575940625924618,0.0,6495
720575940638938712,0.0,6496
720575940616551029,0.0,6497
720575940623002373,0.0,6498
720575940614694517,0.0,6499
720575940634707807,0.0,6500
720575940627784442,0.0,6501
720575940626083850,0.0,6502
720575940619798381,0.0,6503
720575940621010804,0.0,6504
720575940607425604,0.0,6505
720575940652403446,0.0,6506
720575940640791155,0.0,6507
720575940612935317,0.0,6508
720575940624549646,0.0,6509
720575940625532689,0.0,6510
720575940610469986,0.0,6511
720575940619238465,0.0,6512
720575940618229051,0.0,6513
720575940624631788,0.0,6514
720575940618027803,0.0,6515
720575940611351514,0.0,6516
720575940613784386,0.0,6517
720575940614741485,0.0,6518
720575940629495046,0.0,6519
720575940644750116,0.0,6520
720575940612586211,0.0,6521
720575940620193752,0.0,6522
720575940629137148,0.0,6523
720575940608215817,0.0,6524
720575940615955910,0.0,6525
720575940609381897,0.0,6526
720575940620112007,0.0,6527
720575940612506595,0.0,6528
720575940617475284,0.0,6529
720575940613791528,0.0,6530
720575940622836237,0.0,6531
720575940628080369,0.0,6532
720575940613863731,0.0,6533
720575940623688119,0.0,6534
720575940643129124,0.0,6535
720575940626122535,0.0,6536
720575940622878477,0.0,6537
720575940629432124,0.0,6538
720575940629749559,0.0,6539
720575940623458262,0.0,6540
720575940615713478,0.0,6541
720575940626382473,0.0,6542
720575940615606489,0.0,6543
720575940631758393,0.0,6544
720575940617208354,0.0,6545
720575940624915435,0.0,6546
720575940628219692,0.0,6547
720575940631511436,0.0,6548
720575940621009840,0.0,6549
720575940628185538,0.0,6550
720575940627627029,0.0,6551
720575940618256833,0.0,6552
720575940637402995,0.0,6553
720575940642106824,0.0,6554
720575940628983963,0.0,6555
720575940627771279,0.0,6556
720575940606775654,0.0,6557
720575940628239110,0.0,6558
720575940633323674,0.0,6559
720575940630493292,0.0,6560
720575940625747217,0.0,6561
720575940623927444,0.0,6562
720575940634609815,0.0,6563
720575940616128669,0.0,6564
720575940639421555,0.0,6565
720575940617509777,0.0,6566
720575940627491861,0.0,6567
720575940624773182,0.0,6568
720575940620286558,0.0,6569
720575940605060798,0.0,6570
720575940621943187,0.0,6571
720575940616642790,0.0,6572
720575940643163940,0.0,6573
720575940645334126,0.0,6574
720575940623229927,0.0,6575
720575940620067823,0.0,6576
720575940626540042,0.0,6577
720575940614326439,0.0,6578
720575940644448292,0.0,6579
720575940607185074,0.0,6580
720575940644223255,0.0,6581
720575940626712921,0.0,6582
720575940632105809,0.0,6583
720575940628265039,0.0,6584
720575940626668165,0.0,6585
720575940626404776,0.0,6586
720575940615604363,0.0,6587
720575940617696769,0.0,6588
720575940622542007,0.0,6589
720575940608535819,0.0,6590
720575940628755023,0.0,6591
720575940613897890,0.0,6592
720575940616068539,0.0,6593
720575940612590503,0.0,6594
720575940638053693,0.0,6595
720575940610833250,0.0,6596
720575940638888307,0.0,6597
720575940626867742,0.0,6598
720575940622771338,0.0,6599
720575940631763257,0.0,6600
720575940619153749,0.0,6601
720575940605664702,0.0,6602
720575940614781546,0.0,6603
720575940635538807,0.0,6604
720575940621935850,0.0,6605
720575940622272076,0.0,6606
720575940630731148,0.0,6607
720575940623707656,0.0,6608
720575940623225284,0.0,6609
720575940612169709,0.0,6610
720575940659392385,0.0,6611
720575940629853292,0.0,6612
720575940612661782,0.0,6613
720575940632638803,0.0,6614
720575940617452689,0.0,6615
720575940616790713,0.0,6616
720575940628641847,0.0,6617
720575940631732328,0.0,6618
720575940623344821,0.0,6619
720575940630961464,0.0,6620
720575940628766679,0.0,6621
720575940617922870,0.0,6622
720575940631623020,0.0,6623
720575940626685962,0.0,6624
720575940630043756,0.0,6625
720575940626524056,0.0,6626
720575940629050234,0.0,6627
720575940639785379,0.0,6628
720575940635026330,0.0,6629
720575940618601024,0.0,6630
720575940630758782,0.0,6631
720575940620154206,0.0,6632
720575940612465817,0.0,6633
720575940608657621,0.0,6634
720575940619274456,0.0,6635
720575940639505792,0.0,6636
720575940628237705,0.0,6637
720575940623032781,0.0,6638
720575940627073448,0.0,6639
720575940628432834,0.0,6640
720575940626999114,0.0,6641
720575940638054719,0.0,6642
720575940618534977,0.0,6643
720575940610864338,0.0,6644
720575940627731206,0.0,6645
720575940627849515,0.0,6646
720575940624456947,0.0,6647
720575940627045202,0.0,6648
720575940609978866,0.0,6649
720575940620141691,0.0,6650
720575940611323670,0.0,6651
720575940627619057,0.0,6652
720575940628602471,0.0,6653
720575940637683086,0.0,6654
720575940641065973,0.0,6655
720575940641360091,0.0,6656
720575940622813418,0.0,6657
720575940620847342,0.0,6658
720575940620624589,0.0,6659
720575940610773782,0.0,6660
720575940610536494,0.0,6661
720575940626524691,0.0,6662
720575940622633693,0.0,6663
720575940625097274,0.0,6664
720575940631403335,0.0,6665
720575940628484396,0.0,6666
720575940616426869,0.0,6667
720575940615262786,0.0,6668
720575940621444777,0.0,6669
720575940633674521,0.0,6670
720575940642926628,0.0,6671
720575940606954507,0.0,6672
720575940619358001,0.0,6673
720575940620311430,0.0,6674
720575940614625211,0.0,6675
720575940625179184,0.0,6676
720575940634868472,0.0,6677
720575940634799295,0.0,6678
720575940608437769,0.0,6679
720575940620652214,0.0,6680
720575940640471504,0.0,6681
720575940609979610,0.0,6682
720575940624889232,0.0,6683
720575940630125884,0.0,6684
720575940636246446,0.0,6685
720575940634771892,0.0,6686
720575940620386742,0.0,6687
720575940616356281,0.0,6688
720575940621833054,0.0,6689
720575940611655288,0.0,6690
720575940609768290,0.0,6691
720575940625772828,0.0,6692
720575940624046153,0.0,6693
720575940626916126,0.0,6694
720575940614248446,0.0,6695
720575940624974266,0.0,6696
720575940616651193,0.0,6697
720575940625779075,0.0,6698
720575940624860362,0.0,6699
720575940610846818,0.0,6700
720575940636820958,0.0,6701
720575940643497632,0.0,6702
720575940634429039,0.0,6703
720575940631718969,0.0,6704
720575940612104627,0.0,6705
720575940625529477,0.0,6706
720575940639868288,0.0,6707
720575940646773044,0.0,6708
720575940608987605,0.0,6709
720575940637412841,0.0,6710
720575940626883721,0.0,6711
720575940621648008,0.0,6712
720575940626822916,0.0,6713
720575940639905232,0.0,6714
720575940635592805,0.0,6715
720575940609880900,0.0,6716
720575940620537839,0.0,6717
720575940612914546,0.0,6718
720575940620273279,0.0,6719
720575940632377375,0.0,6720
720575940613954769,0.0,6721
720575940627054725,0.0,6722
720575940618294853,0.0,6723
720575940630877903,0.0,6724
720575940620382317,0.0,6725
720575940622800589,0.0,6726
720575940616260825,0.0,6727
720575940632052194,0.0,6728
720575940618630193,0.0,6729
720575940625763601,0.0,6730
720575940626216573,0.0,6731
720575940620349376,0.0,6732
720575940622130646,0.0,6733
720575940615764422,0.0,6734
720575940623368644,0.0,6735
720575940633231827,0.0,6736
720575940629200631,0.0,6737
720575940660176513,0.0,6738
720575940622270391,0.0,6739
720575940605621024,0.0,6740
720575940608956373,0.0,6741
720575940617334430,0.0,6742
720575940624462228,0.0,6743
720575940642253453,0.0,6744
720575940644541640,0.0,6745
720575940639126069,0.0,6746
720575940622307051,0.0,6747
720575940653460385,0.0,6748
720575940624975909,0.0,6749
720575940632676409,0.0,6750
720575940626117662,0.0,6751
720575940613877423,0.0,6752
720575940605037996,0.0,6753
720575940609406985,0.0,6754
720575940629068741,0.0,6755
720575940621388453,0.0,6756
720575940606715337,0.0,6757
720575940633323415,0.0,6758
720575940608496835,0.0,6759
720575940614304012,0.0,6760
720575940622929944,0.0,6761
720575940624206121,0.0,6762
720575940636508644,0.0,6763
720575940617904208,0.0,6764
720575940626516026,0.0,6765
720575940621202608,0.0,6766
720575940638148686,0.0,6767
720575940637087599,0.0,6768
720575940639197262,0.0,6769
720575940627684713,0.0,6770
720575940627969359,0.0,6771
720575940626252273,0.0,6772
720575940632676435,0.0,6773
720575940609908548,0.0,6774
720575940630452495,0.0,6775
720575940625159043,0.0,6776
720575940622169471,0.0,6777
720575940640401549,0.0,6778
720575940622606315,0.0,6779
720575940624290855,0.0,6780
720575940629787244,0.0,6781
720575940628889347,0.0,6782
720575940613939090,0.0,6783
720575940635537271,0.0,6784
720575940631740447,0.0,6785
720575940622839956,0.0,6786
720575940629298885,0.0,6787
720575940627572742,0.0,6788
720575940631027148,0.0,6789
720575940625098423,0.0,6790
720575940622906867,0.0,6791
720575940626371842,0.0,6792
720575940628817914,0.0,6793
720575940613782796,0.0,6794
720575940616349755,0.0,6795
720575940636848710,0.0,6796
720575940626698633,0.0,6797
720575940610774451,0.0,6798
720575940628385546,0.0,6799
720575940616650201,0.0,6800
720575940618021147,0.0,6801
720575940617959729,0.0,6802
720575940627441169,0.0,6803
720575940616649433,0.0,6804
720575940631964620,0.0,6805
720575940629723690,0.0,6806
720575940633799961,0.0,6807
720575940615868102,0.0,6808
720575940620263233,0.0,6809
720575940618464379,0.0,6810
720575940614638754,0.0,6811
720575940633340753,0.0,6812
720575940614143942,0.0,6813
720575940625708554,0.0,6814
720575940626158692,0.0,6815
720575940622149196,0.0,6816
720575940623904181,0.0,6817
720575940616140475,0.0,6818
720575940633785369,0.0,6819
720575940631483949,0.0,6820
720575940610323674,0.0,6821
720575940609318446,0.0,6822
720575940627367189,0.0,6823
720575940610406776,0.0,6824
720575940618185296,0.0,6825
720575940640433104,0.0,6826
720575940631458371,0.0,6827
720575940634209376,0.0,6828
720575940626965002,0.0,6829
720575940640006528,0.0,6830
720575940625692560,0.0,6831
720575940610509102,0.0,6832
720575940624599700,0.0,6833
720575940618849841,0.0,6834
720575940617473748,0.0,6835
720575940622540749,0.0,6836
720575940629089068,0.0,6837
720575940629508652,0.0,6838
720575940620421255,0.0,6839
720575940639328640,0.0,6840
720575940632273378,0.0,6841
720575940618707183,0.0,6842
720575940618878191,0.0,6843
720575940620814463,0.0,6844
720575940659447937,0.0,6845
720575940610423538,0.0,6846
720575940633515801,0.0,6847
720575940628311370,0.0,6848
720575940616913822,0.0,6849
720575940640728179,0.0,6850
720575940624191181,0.0,6851
720575940624662798,0.0,6852
720575940606731977,0.0,6853
720575940616370065,0.0,6854
720575940612653937,0.0,6855
720575940627722826,0.0,6856
720575940635511988,0.0,6857
720575940623041772,0.0,6858
720575940613796527,0.0,6859
720575940611966194,0.0,6860
720575940627825923,0.0,6861
720575940633540447,0.0,6862
720575940626941205,0.0,6863
720575940629709182,0.0,6864
720575940643794592,0.0,6865
720575940630572319,0.0,6866
720575940634943344,0.0,6867
720575940629955446,0.0,6868
720575940632315106,0.0,6869
720575940622550251,0.0,6870
720575940618652736,0.0,6871
720575940609719250,0.0,6872
720575940628879055,0.0,6873
720575940626323185,0.0,6874
720575940624462850,0.0,6875
720575940623056653,0.0,6876
720575940628478736,0.0,6877
720575940632544543,0.0,6878
720575940605702065,0.0,6879
720575940621732129,0.0,6880
720575940644766574,0.0,6881
720575940622822378,0.0,6882
720575940638143805,0.0,6883
720575940619777520,0.0,6884
720575940615754613,0.0,6885
720575940613978892,0.0,6886
720575940623163844,0.0,6887
720575940627158866,0.0,6888
720575940617363156,0.0,6889
720575940620653377,0.0,6890
720575940626265084,0.0,6891
720575940604682976,0.0,6892
720575940617986345,0.0,6893
720575940617987113,0.0,6894
720575940614921501,0.0,6895
720575940628346194,0.0,6896
720575940651079158,0.0,6897
720575940628338028,0.0,6898
720575940622700749,0.0,6899
720575940640794483,0.0,6900
720575940607280306,0.0,6901
720575940614522043,0.0,6902
720575940626368168,0.0,6903
720575940614652818,0.0,6904
720575940644765294,0.0,6905
720575940627469315,0.0,6906
720575940632399691,0.0,6907
720575940653351841,0.0,6908
720575940625957800,0.0,6909
720575940631281483,0.0,6910
720575940619465904,0.0,6911
720575940632287057,0.0,6912
720575940626087780,0.0,6913
720575940623379091,0.0,6914
720575940629347319,0.0,6915
720575940622353622,0.0,6916
720575940620475630,0.0,6917
720575940611890289,0.0,6918
720575940630603884,0.0,6919
720575940622731667,0.0,6920
720575940613858046,0.0,6921
720575940638704512,0.0,6922
720575940623236521,0.0,6923
720575940626580361,0.0,6924
720575940605641830,0.0,6925
720575940636171383,0.0,6926
720575940609807113,0.0,6927
720575940622681889,0.0,6928
720575940630242668,0.0,6929
720575940627700484,0.0,6930
720575940622050186,0.0,6931
720575940628471392,0.0,6932
720575940612266213,0.0,6933
720575940639988352,0.0,6934
720575940621308656,0.0,6935
720575940627210373,0.0,6936
720575940619434887,0.0,6937
720575940631201079,0.0,6938
720575940639090997,0.0,6939
720575940624086251,0.0,6940
720575940621680133,0.0,6941
720575940633093786,0.0,6942
720575940613414297,0.0,6943
720575940626069962,0.0,6944
720575940630414700,0.0,6945
720575940612166063,0.0,6946
720575940625405744,0.0,6947
720575940609873358,0.0,6948
720575940620508912,0.0,6949
720575940639132605,0.0,6950
720575940606010057,0.0,6951
720575940632504351,0.0,6952
720575940634903403,0.0,6953
720575940630482796,0.0,6954
720575940628694007,0.0,6955
720575940605412738,0.0,6956
720575940628407098,0.0,6957
720575940635903118,0.0,6958
720575940607690507,0.0,6959
720575940619204335,0.0,6960
720575940621041185,0.0,6961
720575940641802971,0.0,6962
720575940630840147,0.0,6963
720575940614816598,0.0,6964
720575940630512471,0.0,6965
720575940620157787,0.0,6966
720575940615155910,0.0,6967
720575940627631893,0.0,6968
720575940622666933,0.0,6969
720575940632265503,0.0,6970
720575940629304364,0.0,6971
720575940631203384,0.0,6972
720575940613049315,0.0,6973
720575940628360970,0.0,6974
720575940636620942,0.0,6975
720575940622920328,0.0,6976
720575940623962516,0.0,6977
720575940627086596,0.0,6978
720575940627960442,0.0,6979
720575940644472100,0.0,6980
720575940611736872,0.0,6981
720575940612219629,0.0,6982
720575940623252884,0.0,6983
720575940624649964,0.0,6984
720575940628251947,0.0,6985
720575940611702165,0.0,6986
720575940633496290,0.0,6987
720575940623472201,0.0,6988
720575940615962043,0.0,6989
720575940610862506,0.0,6990
720575940633032599,0.0,6991
720575940611228462,0.0,6992
720575940626486409,0.0,6993
720575940611094478,0.0,6994
720575940632627885,0.0,6995
720575940632303807,0.0,6996
720575940629824828,0.0,6997
720575940625007949,0.0,6998
720575940626482521,0.0,6999
720575940633331040,0.0,7000
720575940625681456,0.0,7001
720575940621755124,0.0,7002
720575940614653290,0.0,7003
720575940627370110,0.0,7004
720575940625583132,0.0,7005
720575940603889086,0.0,7006
720575940621742972,0.0,7007
720575940606139308,0.0,7008
720575940628934915,0.0,7009
720575940612042774,0.0,7010
720575940630807619,0.0,7011
720575940618224709,0.0,7012
720575940632118343,0.0,7013
720575940630738263,0.0,7014
720575940614390755,0.0,7015
720575940627972860,0.0,7016
720575940621645808,0.0,7017
720575940619686593,0.0,7018
720575940613746087,0.0,7019
720575940621739508,0.0,7020
720575940631229999,0.0,7021
720575940637555288,0.0,7022
720575940625765520,0.0,7023
720575940614055622,0.0,7024
720575940630578247,0.0,7025
720575940611419354,0.0,7026
720575940628966479,0.0,7027
720575940629457452,0.0,7028
720575940621491276,0.0,7029
720575940627996156,0.0,7030
720575940639368270,0.0,7031
720575940619540545,0.0,7032
720575940616640980,0.0,7033
720575940624113866,0.0,7034
720575940630233047,0.0,7035
720575940632876223,0.0,7036
720575940628773711,0.0,7037
720575940604880841,0.0,7038
720575940619571009,0.0,7039
720575940617786525,0.0,7040
720575940635140121,0.0,7041
720575940621564550,0.0,7042
720575940629900631,0.0,7043
720575940617186875,0.0,7044
720575940607177739,0.0,7045
720575940616844347,0.0,7046
720575940639028312,0.0,7047
720575940630508793,0.0,7048
720575940612650792,0.0,7049
720575940625298690,0.0,7050
720575940614583618,0.0,7051
720575940627494249,0.0,7052
720575940623463562,0.0,7053
720575940617172381,0.0,7054
720575940623728647,0.0,7055
720575940613502435,0.0,7056
720575940603870688,0.0,7057
720575940612387555,0.0,7058
720575940625343690,0.0,7059
720575940647956276,0.0,7060
720575940646880820,0.0,7061
720575940612542742,0.0,7062
720575940619498887,0.0,7063
720575940632510163,0.0,7064
720575940604589856,0.0,7065
720575940633691161,0.0,7066
720575940624130253,0.0,7067
720575940624681520,0.0,7068
720575940626191635,0.0,7069
720575940611092849,0.0,7070
720575940617032148,0.0,7071
720575940623037283,0.0,7072
720575940630971434,0.0,7073
720575940623262645,0.0,7074
720575940660313729,0.0,7075
720575940647033396,0.0,7076
720575940635507380,0.0,7077
720575940631876805,0.0,7078
720575940630442745,0.0,7079
720575940620448532,0.0,7080
720575940625888089,0.0,7081
720575940650554614,0.0,7082
720575940632340269,0.0,7083
720575940627645514,0.0,7084
720575940643781024,0.0,7085
720575940632651091,0.0,7086
720575940628983119,0.0,7087
720575940603446374,0.0,7088
720575940624942855,0.0,7089
720575940628820823,0.0,7090
720575940629929580,0.0,7091
720575940624176381,0.0,7092
720575940636470629,0.0,7093
720575940609568068,0.0,7094
720575940630146135,0.0,7095
720575940612853354,0.0,7096
720575940643281262,0.0,7097
720575940620622691,0.0,7098
720575940615406751,0.0,7099
720575940612137690,0.0,7100
720575940613073960,0.0,7101
720575940639887757,0.0,7102
720575940630159676,0.0,7103
720575940605675808,0.0,7104
720575940642669728,0.0,7105
720575940643293837,0.0,7106
720575940618331038,0.0,7107
720575940620551105,0.0,7108
720575940615711638,0.0,7109
720575940610668152,0.0,7110
720575940620917119,0.0,7111
720575940634743903,0.0,7112
720575940622848775,0.0,7113
720575940639910488,0.0,7114
720575940622288008,0.0,7115
720575940623139976,0.0,7116
720575940610762850,0.0,7117
720575940640551643,0.0,7118
720575940606010242,0.0,7119
720575940621656816,0.0,7120
720575940645038958,0.0,7121
720575940623938599,0.0,7122
720575940622124713,0.0,7123
720575940612553642,0.0,7124
720575940614633622,0.0,7125
720575940624042677,0.0,7126
720575940613353425,0.0,7127
720575940634808927,0.0,7128
720575940628800060,0.0,7129
720575940622474165,0.0,7130
720575940631926599,0.0,7131
720575940623004685,0.0,7132
720575940631650361,0.0,7133
720575940619659969,0.0,7134
720575940627573766,0.0,7135
720575940622047514,0.0,7136
720575940606987906,0.0,7137
720575940635566584,0.0,7138
720575940632659404,0.0,7139
720575940634320319,0.0,7140
720575940631692283,0.0,7141
720575940630598395,0.0,7142
720575940625476964,0.0,7143
720575940623543303,0.0,7144
720575940615749051,0.0,7145
720575940628608272,0.0,7146
720575940632447827,0.0,7147
720575940622995080,0.0,7148
720575940630759507,0.0,7149
720575940635545848,0.0,7150
720575940624100075,0.0,7151
720575940638559549,0.0,7152
720575940615204146,0.0,7153
720575940628347654,0.0,7154
720575940623199684,0.0,7155
720575940605733042,0.0,7156
720575940633333916,0.0,7157
720575940624775975,0.0,7158
720575940621332574,0.0,7159
720575940617453457,0.0,7160
720575940611370610,0.0,7161
720575940628155395,0.0,7162
720575940625368578,0.0,7163
720575940626253331,0.0,7164
720575940614103505,0.0,7165
720575940619725551,0.0,7166
720575940621280801,0.0,7167
720575940611114389,0.0,7168
720575940620045061,0.0,7169
720575940613197608,0.0,7170
720575940621736662,0.0,7171
720575940620354241,0.0,7172
720575940618440000,0.0,7173
720575940628627867,0.0,7174
720575940628674938,0.0,7175
720575940611769059,0.0,7176
720575940614357731,0.0,7177
720575940618696896,0.0,7178
720575940606433713,0.0,7179
720575940625454640,0.0,7180
720575940629694027,0.0,7181
720575940632689199,0.0,7182
720575940638006756,0.0,7183
720575940644308503,0.0,7184
720575940626220574,0.0,7185
720575940631201311,0.0,7186
720575940621358984,0.0,7187
720575940622358604,0.0,7188
720575940626468629,0.0,7189
720575940616748827,0.0,7190
720575940643417879,0.0,7191
720575940640468725,0.0,7192
720575940636426126,0.0,7193
720575940631761183,0.0,7194
720575940618469725,0.0,7195
720575940621764385,0.0,7196
720575940628186667,0.0,7197
720575940629263975,0.0,7198
720575940624006477,0.0,7199
720575940630848740,0.0,7200
720575940624527340,0.0,7201
720575940639964032,0.0,7202
720575940633102361,0.0,7203
720575940618051867,0.0,7204
720575940624276784,0.0,7205
720575940629047162,0.0,7206
720575940618306718,0.0,7207
720575940638960547,0.0,7208
720575940615101708,0.0,7209
720575940627022664,0.0,7210
720575940624745203,0.0,7211
720575940630053632,0.0,7212
720575940622649284,0.0,7213
720575940626449154,0.0,7214
720575940608623371,0.0,7215
720575940636270199,0.0,7216
720575940624120649,0.0,7217
720575940618198233,0.0,7218
720575940623368940,0.0,7219
720575940631100175,0.0,7220
720575940629631870,0.0,7221
720575940613152938,0.0,7222
720575940615859385,0.0,7223
720575940619259886,0.0,7224
720575940624017812,0.0,7225
720575940625669660,0.0,7226
720575940623404484,0.0,7227
720575940638034751,0.0,7228
720575940624235448,0.0,7229
720575940638447677,0.0,7230
720575940608530955,0.0,7231
720575940617877720,0.0,7232
720575940626015294,0.0,7233
720575940626364956,0.0,7234
720575940611983322,0.0,7235
720575940628906622,0.0,7236
720575940615540934,0.0,7237
720575940606165606,0.0,7238
720575940638528053,0.0,7239
720575940613234897,0.0,7240
720575940626976555,0.0,7241
720575940639032995,0.0,7242
720575940633210475,0.0,7243
720575940605449929,0.0,7244
720575940631754527,0.0,7245
720575940649433209,0.0,7246
720575940623697552,0.0,7247
720575940632854498,0.0,7248
720575940635493812,0.0,7249
720575940624247787,0.0,7250
720575940634018415,0.0,7251
720575940610818673,0.0,7252
720575940611846520,0.0,7253
720575940625800741,0.0,7254
720575940632364717,0.0,7255
720575940637434601,0.0,7256
720575940622890509,0.0,7257
720575940622944461,0.0,7258
720575940618182981,0.0,7259
720575940608801749,0.0,7260
720575940624859032,0.0,7261
720575940633996444,0.0,7262
720575940631062603,0.0,7263
720575940615767739,0.0,7264
720575940638874202,0.0,7265
720575940619495664,0.0,7266
720575940629789292,0.0,7267
720575940632357284,0.0,7268
720575940608573193,0.0,7269
720575940618844353,0.0,7270
720575940626513171,0.0,7271
720575940608768213,0.0,7272
720575940607280818,0.0,7273
720575940627321674,0.0,7274
720575940630385915,0.0,7275
720575940627148746,0.0,7276
720575940619084909,0.0,7277
720575940638155632,0.0,7278
720575940628382203,0.0,7279
720575940610768994,0.0,7280
720575940610308757,0.0,7281
720575940612683729,0.0,7282
720575940620889153,0.0,7283
720575940625175845,0.0,7284
720575940629578366,0.0,7285
720575940626999882,0.0,7286
720575940639058109,0.0,7287
720575940628766467,0.0,7288
720575940622403030,0.0,7289
720575940629532759,0.0,7290
720575940643516360,0.0,7291
720575940628536055,0.0,7292
720575940621828732,0.0,7293
720575940620205505,0.0,7294
720575940623008440,0.0,7295
720575940636137079,0.0,7296
720575940622321251,0.0,7297
720575940616773206,0.0,7298
720575940614605730,0.0,7299
720575940629661306,0.0,7300
720575940629564922,0.0,7301
720575940619597958,0.0,7302
720575940615668370,0.0,7303
720575940619662539,0.0,7304
720575940626951434,0.0,7305
720575940620343345,0.0,7306
720575940618159696,0.0,7307
720575940633036371,0.0,7308
720575940615833174,0.0,7309
720575940629497431,0.0,7310
720575940612817583,0.0,7311
720575940627334782,0.0,7312
720575940627060476,0.0,7313
720575940643842340,0.0,7314
720575940654607265,0.0,7315
720575940634132843,0.0,7316
720575940616534201,0.0,7317
720575940621904166,0.0,7318
720575940627043048,0.0,7319
720575940631741983,0.0,7320
720575940637806662,0.0,7321
720575940615956085,0.0,7322
720575940631632844,0.0,7323
720575940638914648,0.0,7324
720575940620355009,0.0,7325
720575940631923816,0.0,7326
720575940639260032,0.0,7327
720575940615856779,0.0,7328
720575940616793669,0.0,7329
720575940629806807,0.0,7330
720575940616398898,0.0,7331
720575940614981087,0.0,7332
720575940629617879,0.0,7333
720575940623191334,0.0,7334
720575940610375726,0.0,7335
720575940635386616,0.0,7336
720575940630109756,0.0,7337
720575940622928397,0.0,7338
720575940636809950,0.0,7339
720575940631253967,0.0,7340
720575940630704211,0.0,7341
720575940622112726,0.0,7342
720575940609065774,0.0,7343
720575940633671319,0.0,7344
720575940638434357,0.0,7345
720575940639619792,0.0,7346
720575940604931249,0.0,7347
720575940644238871,0.0,7348
720575940613396130,0.0,7349
720575940620123558,0.0,7350
720575940624632980,0.0,7351
720575940615246643,0.0,7352
720575940617102646,0.0,7353
720575940620140190,0.0,7354
720575940621102913,0.0,7355
720575940632413604,0.0,7356
720575940621436325,0.0,7357
720575940614489511,0.0,7358
720575940638683453,0.0,7359
720575940617328596,0.0,7360
720575940635697765,0.0,7361
720575940634706789,0.0,7362
720575940605608806,0.0,7363
720575940640789619,0.0,7364
720575940630166646,0.0,7365
720575940632615372,0.0,7366
720575940629962044,0.0,7367
720575940627806809,0.0,7368
720575940627942391,0.0,7369
720575940623927956,0.0,7370
720575940629151031,0.0,7371
720575940616913705,0.0,7372
720575940626851471,0.0,7373
720575940626744744,0.0,7374
720575940638083647,0.0,7375
720575940615210427,0.0,7376
720575940629952300,0.0,7377
720575940626949253,0.0,7378
720575940630008571,0.0,7379
720575940625107352,0.0,7380
720575940629508358,0.0,7381
720575940617187195,0.0,7382
720575940621871228,0.0,7383
720575940636699822,0.0,7384
720575940624663532,0.0,7385
720575940631167811,0.0,7386
720575940629300043,0.0,7387
720575940616229405,0.0,7388
720575940630914245,0.0,7389
720575940612072685,0.0,7390
720575940627059460,0.0,7391
720575940607208882,0.0,7392
720575940611052517,0.0,7393
720575940622015612,0.0,7394
720575940606162306,0.0,7395
720575940625683740,0.0,7396
720575940623510762,0.0,7397
720575940614677410,0.0,7398
720575940620850017,0.0,7399
720575940611394019,0.0,7400
720575940611694565,0.0,7401
720575940617534438,0.0,7402
720575940635651735,0.0,7403
720575940631302186,0.0,7404
720575940646289699,0.0,7405
720575940644153636,0.0,7406
720575940616343611,0.0,7407
720575940616804753,0.0,7408
720575940620490416,0.0,7409
720575940628260106,0.0,7410
720575940624941838,0.0,7411
720575940633953049,0.0,7412
720575940612999909,0.0,7413
720575940632813741,0.0,7414
720575940636510015,0.0,7415
720575940619742144,0.0,7416
720575940629477882,0.0,7417
720575940623119871,0.0,7418
720575940619048533,0.0,7419
720575940617351057,0.0,7420
720575940613863330,0.0,7421
720575940643398180,0.0,7422
720575940645544068,0.0,7423
720575940634916088,0.0,7424
720575940628732471,0.0,7425
720575940629620239,0.0,7426
720575940630521145,0.0,7427
720575940620917707,0.0,7428
720575940622964735,0.0,7429
720575940616572043,0.0,7430
720575940615677330,0.0,7431
720575940628839979,0.0,7432
720575940632347423,0.0,7433
720575940628829352,0.0,7434
720575940632849069,0.0,7435
720575940616711254,0.0,7436
720575940618846001,0.0,7437
720575940608505795,0.0,7438
720575940634951007,0.0,7439
720575940634836671,0.0,7440
720575940615072373,0.0,7441
720575940611686809,0.0,7442
720575940626160740,0.0,7443
720575940629235159,0.0,7444
720575940631365084,0.0,7445
720575940623971819,0.0,7446
720575940626738438,0.0,7447
720575940626286878,0.0,7448
720575940627153668,0.0,7449
720575940621807300,0.0,7450
720575940630616168,0.0,7451
720575940615320076,0.0,7452
720575940624565788,0.0,7453
720575940623902727,0.0,7454
720575940620158447,0.0,7455
720575940632745261,0.0,7456
720575940631725561,0.0,7457
720575940626065162,0.0,7458
720575940628630059,0.0,7459
720575940639504768,0.0,7460
720575940612344293,0.0,7461
720575940635006559,0.0,7462
720575940634938303,0.0,7463
720575940628684588,0.0,7464
720575940625508733,0.0,7465
720575940631260476,0.0,7466
720575940628029180,0.0,7467
720575940624491402,0.0,7468
720575940624964362,0.0,7469
720575940628061968,0.0,7470
720575940621373680,0.0,7471
720575940611990738,0.0,7472
720575940621766680,0.0,7473
720575940649429625,0.0,7474
720575940628695056,0.0,7475
720575940619674795,0.0,7476
720575940622360358,0.0,7477
720575940630927823,0.0,7478
720575940641632653,0.0,7479
720575940620476075,0.0,7480
720575940617296601,0.0,7481
720575940628862507,0.0,7482
720575940639692605,0.0,7483
720575940627811995,0.0,7484
720575940633991263,0.0,7485
720575940661296001,0.0,7486
720575940633080033,0.0,7487
720575940639451043,0.0,7488
720575940622509203,0.0,7489
720575940611437973,0.0,7490
720575940615490502,0.0,7491
720575940615770369,0.0,7492
720575940626879484,0.0,7493
720575940627322088,0.0,7494
720575940634663319,0.0,7495
720575940629397763,0.0,7496
720575940628447491,0.0,7497
720575940620233307,0.0,7498
720575940612049459,0.0,7499
720575940621372630,0.0,7500
720575940625946430,0.0,7501
720575940615719029,0.0,7502
720575940622039551,0.0,7503
720575940617502977,0.0,7504
720575940631943213,0.0,7505
720575940635705963,0.0,7506
720575940607637340,0.0,7507
720575940622833577,0.0,7508
720575940630411339,0.0,7509
720575940628202089,0.0,7510
720575940624037052,0.0,7511
720575940622046633,0.0,7512
720575940621821004,0.0,7513
720575940629677655,0.0,7514
720575940638773693,0.0,7515
720575940614831291,0.0,7516
720575940611045781,0.0,7517
720575940629854953,0.0,7518
720575940639487440,0.0,7519
720575940617034013,0.0,7520
720575940638165875,0.0,7521
720575940629577319,0.0,7522
720575940621182889,0.0,7523
720575940626571592,0.0,7524
720575940619891041,0.0,7525
720575940646540910,0.0,7526
720575940641174747,0.0,7527
720575940608508228,0.0,7528
720575940632192799,0.0,7529
720575940653295009,0.0,7530
720575940629677509,0.0,7531
720575940605877728,0.0,7532
720575940612633494,0.0,7533
720575940632378788,0.0,7534
720575940644150819,0.0,7535
720575940620981158,0.0,7536
720575940613815830,0.0,7537
720575940622428167,0.0,7538
720575940628839419,0.0,7539
720575940613233891,0.0,7540
720575940646412323,0.0,7541
720575940612024342,0.0,7542
720575940613762466,0.0,7543
720575940622675494,0.0,7544
720575940644743790,0.0,7545
720575940626698568,0.0,7546
720575940627948111,0.0,7547
720575940613885506,0.0,7548
720575940625581208,0.0,7549
720575940628673786,0.0,7550
720575940626984274,0.0,7551
720575940616179286,0.0,7552
720575940628380827,0.0,7553
720575940628599746,0.0,7554
720575940627271230,0.0,7555
720575940623476661,0.0,7556
720575940625022270,0.0,7557
720575940621880831,0.0,7558
720575940606974219,0.0,7559
720575940614257986,0.0,7560
720575940614378463,0.0,7561
720575940616526292,0.0,7562
720575940620217782,0.0,7563
720575940616866049,0.0,7564
720575940624062612,0.0,7565
720575940644076398,0.0,7566
720575940638666805,0.0,7567
720575940613740950,0.0,7568
720575940629496002,0.0,7569
720575940621100117,0.0,7570
720575940636551086,0.0,7571
720575940617462228,0.0,7572
720575940608461251,0.0,7573
720575940623209703,0.0,7574
720575940638822515,0.0,7575
720575940614676447,0.0,7576
720575940620110830,0.0,7577
720575940628624956,0.0,7578
720575940611369938,0.0,7579
720575940608524483,0.0,7580
720575940630210682,0.0,7581
720575940631953619,0.0,7582
720575940625828752,0.0,7583
720575940609884258,0.0,7584
720575940627431080,0.0,7585
720575940622512522,0.0,7586
720575940628837436,0.0,7587
720575940624602701,0.0,7588
720575940634023860,0.0,7589
720575940630084352,0.0,7590
720575940614116049,0.0,7591
720575940642478024,0.0,7592
720575940619531654,0.0,7593
720575940629528827,0.0,7594
720575940627737073,0.0,7595
720575940628478251,0.0,7596
720575940626996252,0.0,7597
720575940639506776,0.0,7598
720575940640855715,0.0,7599
720575940645345332,0.0,7600
720575940620250294,0.0,7601
720575940620847086,0.0,7602
720575940619010251,0.0,7603
720575940622647501,0.0,7604
720575940635838606,0.0,7605
720575940611111907,0.0,7606
720575940639068112,0.0,7607
720575940617739333,0.0,7608
720575940640027637,0.0,7609
720575940626170826,0.0,7610
720575940621860009,0.0,7611
720575940623991956,0.0,7612
720575940616483414,0.0,7613
720575940643041646,0.0,7614
720575940609060420,0.0,7615
720575940622204612,0.0,7616
720575940622705335,0.0,7617
720575940635214734,0.0,7618
720575940623151339,0.0,7619
720575940628538112,0.0,7620
720575940628390811,0.0,7621
720575940620603489,0.0,7622
720575940645431075,0.0,7623
720575940616551563,0.0,7624
720575940639287667,0.0,7625
720575940615305484,0.0,7626
720575940612692672,0.0,7627
720575940623799335,0.0,7628
720575940623482355,0.0,7629
720575940610081746,0.0,7630
720575940624828464,0.0,7631
720575940620831265,0.0,7632
720575940625813081,0.0,7633
720575940639186264,0.0,7634
720575940611157466,0.0,7635
720575940631638034,0.0,7636
720575940632432184,0.0,7637
720575940611286990,0.0,7638
720575940628303183,0.0,7639
720575940613437359,0.0,7640
720575940626357586,0.0,7641
720575940630107131,0.0,7642
720575940628823674,0.0,7643
720575940615809366,0.0,7644
720575940626183443,0.0,7645
720575940622831541,0.0,7646
720575940620044190,0.0,7647
720575940624442000,0.0,7648
720575940629380034,0.0,7649
720575940621590720,0.0,7650
720575940632841539,0.0,7651
720575940637970921,0.0,7652
720575940635114591,0.0,7653
720575940628773675,0.0,7654
720575940614371986,0.0,7655
720575940637509941,0.0,7656
720575940626147971,0.0,7657
720575940631467591,0.0,7658
720575940623831054,0.0,7659
720575940623542972,0.0,7660
720575940620979888,0.0,7661
720575940619439792,0.0,7662
720575940615474875,0.0,7663
720575940605513417,0.0,7664
720575940629728988,0.0,7665
720575940610519747,0.0,7666
720575940641372112,0.0,7667
720575940636627960,0.0,7668
720575940626053834,0.0,7669
720575940630384246,0.0,7670
720575940624158352,0.0,7671
720575940612918930,0.0,7672
720575940633857687,0.0,7673
720575940626452120,0.0,7674
720575940615978802,0.0,7675
720575940616480852,0.0,7676
720575940619681600,0.0,7677
720575940621286405,0.0,7678
720575940627318696,0.0,7679
720575940616713473,0.0,7680
720575940631499587,0.0,7681
720575940627985402,0.0,7682
720575940623004429,0.0,7683
720575940638075967,0.0,7684
720575940635277998,0.0,7685
720575940611331251,0.0,7686
720575940643756704,0.0,7687
720575940626299678,0.0,7688
720575940617094429,0.0,7689
720575940622624234,0.0,7690
720575940608313611,0.0,7691
720575940633211031,0.0,7692
720575940635159982,0.0,7693
720575940626565907,0.0,7694
720575940629172736,0.0,7695
720575940604126129,0.0,7696
720575940632193055,0.0,7697
720575940629154810,0.0,7698
720575940622736934,0.0,7699
720575940625127354,0.0,7700
720575940658539905,0.0,7701
720575940608273163,0.0,7702
720575940603356128,0.0,7703
720575940623787445,0.0,7704
720575940622332771,0.0,7705
720575940626618696,0.0,7706
720575940632734253,0.0,7707
720575940629830508,0.0,7708
720575940632239661,0.0,7709
720575940617681822,0.0,7710
720575940607865180,0.0,7711
720575940622099294,0.0,7712
720575940617479169,0.0,7713
720575940646672260,0.0,7714
720575940626202237,0.0,7715
720575940646088324,0.0,7716
720575940625044743,0.0,7717
720575940626997912,0.0,7718
720575940655010209,0.0,7719
720575940651553014,0.0,7720
720575940633067807,0.0,7721
720575940615465531,0.0,7722
720575940646354211,0.0,7723
720575940620574817,0.0,7724
720575940631393823,0.0,7725
720575940626856721,0.0,7726
720575940615792946,0.0,7727
720575940635731063,0.0,7728
720575940616309563,0.0,7729
720575940623253994,0.0,7730
720575940654810017,0.0,7731
720575940623567082,0.0,7732
720575940609378424,0.0,7733
720575940625492057,0.0,7734
720575940616578777,0.0,7735
720575940627397386,0.0,7736
720575940635126452,0.0,7737
720575940631998511,0.0,7738
720575940654069409,0.0,7739
720575940610108002,0.0,7740
720575940619320768,0.0,7741
720575940621611614,0.0,7742
720575940621072297,0.0,7743
720575940628632702,0.0,7744
720575940643104456,0.0,7745
720575940636431022,0.0,7746
720575940610739930,0.0,7747
720575940631388743,0.0,7748
720575940632006481,0.0,7749
720575940654924961,0.0,7750
720575940612105586,0.0,7751
720575940635999918,0.0,7752
720575940624958757,0.0,7753
720575940620705012,0.0,7754
720575940620572933,0.0,7755
720575940629253948,0.0,7756
720575940616439697,0.0,7757
720575940625183309,0.0,7758
720575940617692962,0.0,7759
720575940624335851,0.0,7760
720575940614785130,0.0,7761
720575940627595024,0.0,7762
720575940618714351,0.0,7763
720575940624668908,0.0,7764
720575940625405072,0.0,7765
720575940632351513,0.0,7766
720575940643477796,0.0,7767
720575940634057976,0.0,7768
720575940626199059,0.0,7769
720575940628372635,0.0,7770
720575940611885541,0.0,7771
720575940633907607,0.0,7772
720575940629494010,0.0,7773
720575940614952415,0.0,7774
720575940630933827,0.0,7775
720575940639172585,0.0,7776
720575940623062749,0.0,7777
720575940614548765,0.0,7778
720575940636599182,0.0,7779
720575940618645963,0.0,7780
720575940628205417,0.0,7781
720575940628499322,0.0,7782
720575940621315293,0.0,7783
720575940629893162,0.0,7784
720575940618522673,0.0,7785
720575940626158364,0.0,7786
720575940639625286,0.0,7787
720575940627249764,0.0,7788
720575940628674686,0.0,7789
720575940617234077,0.0,7790
720575940612901807,0.0,7791
720575940621385893,0.0,7792
720575940622586367,0.0,7793
720575940615639199,0.0,7794
720575940649501817,0.0,7795
720575940628363642,0.0,7796
720575940614825622,0.0,7797
720575940621051312,0.0,7798
720575940633755828,0.0,7799
720575940626022586,0.0,7800
720575940613257187,0.0,7801
720575940609533394,0.0,7802
720575940633439851,0.0,7803
720575940610683342,0.0,7804
720575940629184630,0.0,7805
720575940638007640,0.0,7806
720575940608364636,0.0,7807
720575940627575569,0.0,7808
720575940622915864,0.0,7809
720575940617470137,0.0,7810
720575940633311328,0.0,7811
720575940615747259,0.0,7812
720575940647097732,0.0,7813
720575940633543650,0.0,7814
720575940635596901,0.0,7815
720575940629588854,0.0,7816
720575940614255522,0.0,7817
720575940629454974,0.0,7818
720575940620805545,0.0,7819
720575940605309542,0.0,7820
720575940619804582,0.0,7821
720575940640282869,0.0,7822
720575940631603256,0.0,7823
720575940622971283,0.0,7824
720575940621012289,0.0,7825
720575940623557373,0.0,7826
720575940613207471,0.0,7827
720575940606664894,0.0,7828
720575940633509949,0.0,7829
720575940618512331,0.0,7830
720575940622462173,0.0,7831
720575940605007206,0.0,7832
720575940614314399,0.0,7833
720575940618308987,0.0,7834
720575940632059193,0.0,7835
720575940620032123,0.0,7836
720575940620555013,0.0,7837
720575940621033808,0.0,7838
720575940626579075,0.0,7839
720575940627528964,0.0,7840
720575940614735372,0.0,7841
720575940612185586,0.0,7842
720575940618447965,0.0,7843
720575940611794138,0.0,7844
720575940627221011,0.0,7845
720575940625049527,0.0,7846
720575940628358675,0.0,7847
720575940626567178,0.0,7848
720575940624884920,0.0,7849
720575940624597228,0.0,7850
720575940632728476,0.0,7851
720575940625994728,0.0,7852
720575940618926319,0.0,7853
720575940624036339,0.0,7854
720575940621966827,0.0,7855
720575940623735310,0.0,7856
720575940625328074,0.0,7857
720575940635286958,0.0,7858
720575940611615986,0.0,7859
720575940611111317,0.0,7860
720575940631792184,0.0,7861
720575940626283838,0.0,7862
720575940629295916,0.0,7863
720575940614605458,0.0,7864
720575940604961894,0.0,7865
720575940643956168,0.0,7866
720575940624528314,0.0,7867
720575940642383520,0.0,7868
720575940634849460,0.0,7869
720575940604935340,0.0,7870
720575940629488578,0.0,7871
720575940627081994,0.0,7872
720575940619902117,0.0,7873
720575940614791018,0.0,7874
720575940611611378,0.0,7875
720575940604319078,0.0,7876
720575940615356347,0.0,7877
720575940612339370,0.0,7878
720575940618304670,0.0,7879
720575940618326292,0.0,7880
720575940625305884,0.0,7881
720575940624421148,0.0,7882
720575940626518302,0.0,7883
720575940625235033,0.0,7884
720575940622116428,0.0,7885
720575940612607953,0.0,7886
720575940624224526,0.0,7887
720575940614777247,0.0,7888
720575940615021930,0.0,7889
720575940619756148,0.0,7890
720575940627559759,0.0,7891
720575940603167916,0.0,7892
720575940618731934,0.0,7893
720575940625853989,0.0,7894
720575940630917573,0.0,7895
720575940610895826,0.0,7896
720575940618181445,0.0,7897
720575940613237758,0.0,7898
720575940608606475,0.0,7899
720575940629044891,0.0,7900
720575940612099053,0.0,7901
720575940627660968,0.0,7902
720575940631898961,0.0,7903
720575940616786065,0.0,7904
720575940606009801,0.0,7905
720575940627200010,0.0,7906
720575940616009729,0.0,7907
720575940608564233,0.0,7908
720575940626216317,0.0,7909
720575940619003051,0.0,7910
720575940622278157,0.0,7911
720575940617137881,0.0,7912
720575940604924606,0.0,7913
720575940627726223,0.0,7914
720575940624915128,0.0,7915
720575940638535296,0.0,7916
720575940624300984,0.0,7917
720575940603871404,0.0,7918
720575940623311804,0.0,7919
720575940615289759,0.0,7920
720575940624711655,0.0,7921
720575940633333986,0.0,7922
720575940638216420,0.0,7923
720575940634197172,0.0,7924
720575940631687332,0.0,7925
720575940632303073,0.0,7926
720575940636624014,0.0,7927
720575940610907490,0.0,7928
720575940616121403,0.0,7929
720575940622880588,0.0,7930
720575940623994701,0.0,7931
720575940608889902,0.0,7932
720575940605792434,0.0,7933
720575940626694163,0.0,7934
720575940616723549,0.0,7935
720575940619834965,0.0,7936
720575940620566808,0.0,7937
720575940620232875,0.0,7938
720575940648276089,0.0,7939
720575940622771082,0.0,7940
720575940605171121,0.0,7941
720575940617769217,0.0,7942
720575940622096589,0.0,7943
720575940618337985,0.0,7944
720575940639100760,0.0,7945
720575940624928574,0.0,7946
720575940636741488,0.0,7947
720575940611837809,0.0,7948
720575940609347448,0.0,7949
720575940620324079,0.0,7950
720575940645670020,0.0,7951
720575940622118241,0.0,7952
720575940629244154,0.0,7953
720575940638824245,0.0,7954
720575940622236365,0.0,7955
720575940621011376,0.0,7956
720575940611035365,0.0,7957
720575940638936885,0.0,7958
720575940613452525,0.0,7959
720575940627173192,0.0,7960
720575940630155083,0.0,7961
720575940622665707,0.0,7962
720575940617413957,0.0,7963
720575940630360377,0.0,7964
720575940641362907,0.0,7965
720575940620411841,0.0,7966
720575940640566736,0.0,7967
720575940639056061,0.0,7968
720575940633909695,0.0,7969
720575940626865289,0.0,7970
720575940624859834,0.0,7971
720575940622812808,0.0,7972
720575940631512376,0.0,7973
720575940609496585,0.0,7974
720575940628981036,0.0,7975
720575940646094388,0.0,7976
720575940614833567,0.0,7977
720575940615876294,0.0,7978
720575940633587148,0.0,7979
720575940621763767,0.0,7980
720575940616569227,0.0,7981
720575940619093524,0.0,7982
720575940632495052,0.0,7983
720575940628724284,0.0,7984
720575940607930716,0.0,7985
720575940632197935,0.0,7986
720575940612576254,0.0,7987
720575940627493653,0.0,7988
720575940625497488,0.0,7989
720575940604997152,0.0,7990
720575940627140348,0.0,7991
720575940624422643,0.0,7992
720575940614495093,0.0,7993
720575940630196588,0.0,7994
720575940604876977,0.0,7995
720575940609929426,0.0,7996
720575940637626084,0.0,7997
720575940636675817,0.0,7998
720575940625207019,0.0,7999
720575940612951789,0.0,8000
720575940621892122,0.0,8001
720575940611685273,0.0,8002
720575940631575855,0.0,8003
720575940619899527,0.0,8004
720575940606662322,0.0,8005
720575940621650303,0.0,8006
720575940615957433,0.0,8007
720575940632336685,0.0,8008
720575940631964503,0.0,8009
720575940625345584,0.0,8010
720575940617380241,0.0,8011
720575940619743680,0.0,8012
720575940621784926,0.0,8013
720575940615959252,0.0,8014
720575940620440559,0.0,8015
720575940626082148,0.0,8016
720575940621952425,0.0,8017
720575940627932412,0.0,8018
720575940610403448,0.0,8019
720575940630682927,0.0,8020
720575940628955006,0.0,8021
720575940630566487,0.0,8022
720575940627486485,0.0,8023
720575940645316643,0.0,8024
720575940644157463,0.0,8025
720575940645714211,0.0,8026
720575940628072721,0.0,8027
720575940631767353,0.0,8028
720575940623339495,0.0,8029
720575940640451280,0.0,8030
720575940616701657,0.0,8031
720575940616121501,0.0,8032
720575940619357275,0.0,8033
720575940626080868,0.0,8034
720575940640759504,0.0,8035
720575940628588587,0.0,8036
720575940623437838,0.0,8037
720575940631629866,0.0,8038
720575940638593102,0.0,8039
720575940624473444,0.0,8040
720575940624934787,0.0,8041
720575940627079557,0.0,8042
720575940610823141,0.0,8043
720575940622054340,0.0,8044
720575940620750716,0.0,8045
720575940639166336,0.0,8046
720575940619898759,0.0,8047
720575940626124743,0.0,8048
720575940613509010,0.0,8049
720575940622021953,0.0,8050
720575940620226470,0.0,8051
720575940606922674,0.0,8052
720575940615133894,0.0,8053
720575940624514535,0.0,8054
720575940608407049,0.0,8055
720575940622557022,0.0,8056
720575940636023438,0.0,8057
720575940623011720,0.0,8058
720575940622229005,0.0,8059
720575940630622250,0.0,8060
720575940628056380,0.0,8061
720575940633580280,0.0,8062
720575940621030320,0.0,8063
720575940642142861,0.0,8064
720575940631490616,0.0,8065
720575940633366483,0.0,8066
720575940618492224,0.0,8067
720575940637869284,0.0,8068
720575940626895442,0.0,8069
720575940636698798,0.0,8070
720575940617648507,0.0,8071
720575940624829479,0.0,8072
720575940629724354,0.0,8073
720575940631448913,0.0,8074
720575940645186868,0.0,8075
720575940619466416,0.0,8076
720575940608177988,0.0,8077
720575940659323521,0.0,8078
720575940620472046,0.0,8079
720575940614755478,0.0,8080
720575940630754252,0.0,8081
720575940617577617,0.0,8082
720575940623010253,0.0,8083
720575940609149394,0.0,8084
720575940629236183,0.0,8085
720575940630836305,0.0,8086
720575940637938522,0.0,8087
720575940622387677,0.0,8088
720575940634992319,0.0,8089
720575940610206387,0.0,8090
720575940637949161,0.0,8091
720575940637810239,0.0,8092
720575940632635053,0.0,8093
720575940615785228,0.0,8094
720575940624637884,0.0,8095
720575940606963586,0.0,8096
720575940619553329,0.0,8097
720575940621922910,0.0,8098
720575940617313846,0.0,8099
720575940627947792,0.0,8100
720575940646250275,0.0,8101
720575940624934800,0.0,8102
720575940605528422,0.0,8103
720575940628055558,0.0,8104
720575940632715859,0.0,8105
720575940620329152,0.0,8106
720575940626225941,0.0,8107
720575940632434340,0.0,8108
720575940618436672,0.0,8109
720575940616189509,0.0,8110
720575940629317991,0.0,8111
720575940629911084,0.0,8112
720575940620326336,0.0,8113
720575940604978534,0.0,8114
720575940626643944,0.0,8115
720575940627150090,0.0,8116
720575940627911415,0.0,8117
720575940628723578,0.0,8118
720575940643266208,0.0,8119
720575940616296763,0.0,8120
720575940620172272,0.0,8121
720575940635717743,0.0,8122
720575940623307447,0.0,8123
720575940617228315,0.0,8124
720575940630819599,0.0,8125
720575940604961126,0.0,8126
720575940609137500,0.0,8127
720575940643846180,0.0,8128
720575940616376287,0.0,8129
720575940635850206,0.0,8130
720575940621812006,0.0,8131
720575940627369960,0.0,8132
720575940628569815,0.0,8133
720575940623205303,0.0,8134
720575940625944266,0.0,8135
720575940630278540,0.0,8136
720575940610637786,0.0,8137
720575940621183768,0.0,8138
720575940644156695,0.0,8139
720575940624589548,0.0,8140
720575940625584265,0.0,8141
720575940637932009,0.0,8142
720575940638444861,0.0,8143
720575940623613149,0.0,8144
720575940631631929,0.0,8145
720575940611881139,0.0,8146
720575940631912223,0.0,8147
720575940645541155,0.0,8148
720575940634839487,0.0,8149
720575940629498306,0.0,8150
720575940636841840,0.0,8151
720575940628453946,0.0,8152
720575940643361390,0.0,8153
720575940606319794,0.0,8154
720575940611982322,0.0,8155
720575940629343799,0.0,8156
720575940631986499,0.0,8157
720575940638638406,0.0,8158
720575940613785139,0.0,8159
720575940632275025,0.0,8160
720575940631267858,0.0,8161
720575940623273254,0.0,8162
720575940635944303,0.0,8163
720575940619946661,0.0,8164
720575940620096238,0.0,8165
720575940620814913,0.0,8166
720575940648236153,0.0,8167
720575940626582088,0.0,8168
720575940630547019,0.0,8169
720575940634937951,0.0,8170
720575940636052080,0.0,8171
720575940611682533,0.0,8172
720575940635593358,0.0,8173
720575940627480853,0.0,8174
720575940617341597,0.0,8175
720575940613999263,0.0,8176
720575940654926497,0.0,8177
720575940621175472,0.0,8178
720575940630260439,0.0,8179
720575940638804669,0.0,8180
720575940605250238,0.0,8181
720575940628694019,0.0,8182
720575940619506481,0.0,8183
720575940617077056,0.0,8184
720575940636080479,0.0,8185
720575940614586690,0.0,8186
720575940634207443,0.0,8187
720575940616577141,0.0,8188
720575940629266767,0.0,8189
720575940615768693,0.0,8190
720575940610357602,0.0,8191
720575940639025742,0.0,8192
720575940631662147,0.0,8193
720575940607040881,0.0,8194
720575940611454833,0.0,8195
720575940633552028,0.0,8196
720575940632128908,0.0,8197
720575940624041447,0.0,8198
720575940626632837,0.0,8199
720575940613736941,0.0,8200
720575940636470373,0.0,8201
720575940628071939,0.0,8202
720575940626057853,0.0,8203
720575940630428921,0.0,8204
720575940621521663,0.0,8205
720575940607471829,0.0,8206
720575940620029575,0.0,8207
720575940618225566,0.0,8208
720575940631957319,0.0,8209
720575940622436277,0.0,8210
720575940628777466,0.0,8211
720575940624095496,0.0,8212
720575940624710122,0.0,8213
720575940604103200,0.0,8214
720575940629060986,0.0,8215
720575940615281361,0.0,8216
720575940642921632,0.0,8217
720575940631797315,0.0,8218
720575940635955903,0.0,8219
720575940627585874,0.0,8220
720575940612590102,0.0,8221
720575940604908972,0.0,8222
720575940632342497,0.0,8223
720575940617911104,0.0,8224
720575940628908548,0.0,8225
720575940625733351,0.0,8226
720575940631306284,0.0,8227
720575940622060040,0.0,8228
720575940626876945,0.0,8229
720575940646037783,0.0,8230
720575940638642502,0.0,8231
720575940623367607,0.0,8232
720575940616053810,0.0,8233
720575940620576609,0.0,8234
720575940628347910,0.0,8235
720575940637665626,0.0,8236
720575940618784891,0.0,8237
720575940620644446,0.0,8238
720575940625148174,0.0,8239
720575940609904196,0.0,8240
720575940623009549,0.0,8241
720575940613119459,0.0,8242
720575940621321412,0.0,8243
720575940622972365,0.0,8244
720575940630003195,0.0,8245
720575940631728431,0.0,8246
720575940622780799,0.0,8247
720575940639099264,0.0,8248
720575940625657928,0.0,8249
720575940617011579,0.0,8250
720575940621231966,0.0,8251
720575940623067686,0.0,8252
720575940638832035,0.0,8253
720575940628288923,0.0,8254
720575940604645478,0.0,8255
720575940629270487,0.0,8256
720575940617754653,0.0,8257
720575940624338068,0.0,8258
720575940625754643,0.0,8259
720575940625376329,0.0,8260
720575940617475028,0.0,8261
720575940620828165,0.0,8262
720575940619761072,0.0,8263
720575940618753445,0.0,8264
720575940612096370,0.0,8265
720575940638179699,0.0,8266
720575940613942557,0.0,8267
720575940631041071,0.0,8268
720575940614437886,0.0,8269
720575940631451449,0.0,8270
720575940622682409,0.0,8271
720575940630612280,0.0,8272
720575940614928234,0.0,8273
720575940627211407,0.0,8274
720575940625998629,0.0,8275
720575940628600592,0.0,8276
720575940623628509,0.0,8277
720575940624366323,0.0,8278
720575940630972747,0.0,8279
720575940632086865,0.0,8280
720575940618946901,0.0,8281
720575940616194397,0.0,8282
720575940620355934,0.0,8283
720575940615283618,0.0,8284
720575940607878601,0.0,8285
720575940626599420,0.0,8286
720575940645673508,0.0,8287
720575940638214470,0.0,8288
720575940638957400,0.0,8289
720575940616105302,0.0,8290
720575940633186771,0.0,8291
720575940619895329,0.0,8292
720575940621730175,0.0,8293
720575940615831947,0.0,8294
720575940611803490,0.0,8295
720575940645226862,0.0,8296
720575940619620432,0.0,8297
720575940615014184,0.0,8298
720575940620551021,0.0,8299
720575940630050391,0.0,8300
720575940615975474,0.0,8301
720575940616295541,0.0,8302
720575940621811482,0.0,8303
720575940632735033,0.0,8304
720575940634952299,0.0,8305
720575940614710509,0.0,8306
720575940621273460,0.0,8307
720575940613942301,0.0,8308
720575940624264340,0.0,8309
720575940653542817,0.0,8310
720575940634781620,0.0,8311
720575940624620952,0.0,8312
720575940660912001,0.0,8313
720575940632818221,0.0,8314
720575940616799035,0.0,8315
720575940617306717,0.0,8316
720575940611116386,0.0,8317
720575940634975423,0.0,8318
720575940643008968,0.0,8319
720575940641243381,0.0,8320
720575940628815120,0.0,8321
720575940631877944,0.0,8322
720575940621638149,0.0,8323
720575940625709401,0.0,8324
720575940622804263,0.0,8325
720575940615274838,0.0,8326
720575940620623201,0.0,8327
720575940616092603,0.0,8328
720575940619927893,0.0,8329
720575940603899936,0.0,8330
720575940619007664,0.0,8331
720575940615090444,0.0,8332
720575940629056411,0.0,8333
720575940634116448,0.0,8334
720575940621309534,0.0,8335
720575940619966885,0.0,8336
720575940625987390,0.0,8337
720575940608635913,0.0,8338
720575940637559182,0.0,8339
720575940604486880,0.0,8340
720575940628270235,0.0,8341
720575940610951577,0.0,8342
720575940636562921,0.0,8343
720575940632904043,0.0,8344
720575940629499130,0.0,8345
720575940617542996,0.0,8346
720575940630738171,0.0,8347
720575940628391323,0.0,8348
720575940613942045,0.0,8349
720575940620301677,0.0,8350
720575940618609275,0.0,8351
720575940631260716,0.0,8352
720575940628342171,0.0,8353
720575940625767568,0.0,8354
720575940630271862,0.0,8355
720575940606698882,0.0,8356
720575940642936520,0.0,8357
720575940625415178,0.0,8358
720575940626661501,0.0,8359
720575940625686458,0.0,8360
720575940617825949,0.0,8361
720575940622612957,0.0,8362
720575940639175869,0.0,8363
720575940645093230,0.0,8364
720575940619875060,0.0,8365
720575940632542253,0.0,8366
720575940649394553,0.0,8367
720575940628894970,0.0,8368
720575940619565648,0.0,8369
720575940612019442,0.0,8370
720575940627431311,0.0,8371
720575940623572164,0.0,8372
720575940613941533,0.0,8373
720575940605039788,0.0,8374
720575940628753999,0.0,8375
720575940618626171,0.0,8376
720575940623825405,0.0,8377
720575940609570258,0.0,8378
720575940635122783,0.0,8379
720575940634048154,0.0,8380
720575940620159070,0.0,8381
720575940610073412,0.0,8382
720575940646735156,0.0,8383
720575940620774326,0.0,8384
720575940630036332,0.0,8385
720575940621912346,0.0,8386
720575940627483179,0.0,8387
720575940610562713,0.0,8388
720575940623174953,0.0,8389
720575940631769145,0.0,8390
720575940613103912,0.0,8391
720575940639117912,0.0,8392
720575940637316029,0.0,8393
720575940631230994,0.0,8394
720575940636561641,0.0,8395
720575940625773605,0.0,8396
720575940633271191,0.0,8397
720575940639979648,0.0,8398
720575940635353592,0.0,8399
720575940640732112,0.0,8400
720575940628970087,0.0,8401
720575940623400445,0.0,8402
720575940634953055,0.0,8403
720575940629804544,0.0,8404
720575940630671890,0.0,8405
720575940646598788,0.0,8406
720575940651434486,0.0,8407
720575940629761591,0.0,8408
720575940619280981,0.0,8409
720575940612099309,0.0,8410
720575940625851676,0.0,8411
720575940627079080,0.0,8412
720575940615310604,0.0,8413
720575940631498040,0.0,8414
720575940626582842,0.0,8415
720575940604240416,0.0,8416
720575940635157902,0.0,8417
720575940625329726,0.0,8418
720575940630067968,0.0,8419
720575940618609462,0.0,8420
720575940630049337,0.0,8421
720575940614642655,0.0,8422
720575940608471563,0.0,8423
720575940618746747,0.0,8424
720575940608644654,0.0,8425
720575940605407846,0.0,8426
720575940622930957,0.0,8427
720575940621560052,0.0,8428
720575940634154140,0.0,8429
720575940641386203,0.0,8430
720575940631908712,0.0,8431
720575940613348246,0.0,8432
720575940620177517,0.0,8433
720575940631919756,0.0,8434
720575940628226604,0.0,8435
720575940617820929,0.0,8436
720575940630621391,0.0,8437
720575940615113867,0.0,8438
720575940634414231,0.0,8439
720575940614229159,0.0,8440
720575940614524127,0.0,8441
720575940620007457,0.0,8442
720575940622926104,0.0,8443
720575940620573516,0.0,8444
720575940636698286,0.0,8445
720575940621545968,0.0,8446
720575940635899566,0.0,8447
720575940630789071,0.0,8448
720575940653078433,0.0,8449
720575940622949069,0.0,8450
720575940623396093,0.0,8451
720575940624520999,0.0,8452
720575940618146619,0.0,8453
720575940619298865,0.0,8454
720575940616887611,0.0,8455
720575940603882720,0.0,8456
720575940625286473,0.0,8457
720575940614871402,0.0,8458
720575940626779722,0.0,8459
720575940646346548,0.0,8460
720575940624791527,0.0,8461
720575940608379915,0.0,8462
720575940630023680,0.0,8463
720575940631399978,0.0,8464
720575940627598891,0.0,8465
720575940629270060,0.0,8466
720575940618292785,0.0,8467
720575940638936629,0.0,8468
720575940618893366,0.0,8469
720575940628254263,0.0,8470
720575940628876860,0.0,8471
720575940630063671,0.0,8472
720575940617244116,0.0,8473
720575940619420838,0.0,8474
720575940633660898,0.0,8475
720575940605029250,0.0,8476
720575940624923655,0.0,8477
720575940635916942,0.0,8478
720575940628909623,0.0,8479
720575940614076211,0.0,8480
720575940617334228,0.0,8481
720575940623972756,0.0,8482
720575940627172936,0.0,8483
720575940629951183,0.0,8484
720575940610658766,0.0,8485
720575940612575230,0.0,8486
720575940632805037,0.0,8487
720575940646386308,0.0,8488
720575940620519339,0.0,8489
720575940612450730,0.0,8490
720575940644759319,0.0,8491
720575940639116888,0.0,8492
720575940624609101,0.0,8493
720575940623196819,0.0,8494
720575940638871128,0.0,8495
720575940628007676,0.0,8496
720575940627077714,0.0,8497
720575940626930206,0.0,8498
720575940639073370,0.0,8499
720575940624682426,0.0,8500
720575940606201278,0.0,8501
720575940629499330,0.0,8502
720575940629532098,0.0,8503
720575940626700889,0.0,8504
720575940631798888,0.0,8505
720575940621709132,0.0,8506
720575940614570793,0.0,8507
720575940622163197,0.0,8508
720575940621023297,0.0,8509
720575940629849196,0.0,8510
720575940621438284,0.0,8511
720575940616654166,0.0,8512
720575940639100248,0.0,8513
720575940622697196,0.0,8514
720575940616306210,0.0,8515
720575940632123439,0.0,8516
720575940617201113,0.0,8517
720575940638964131,0.0,8518
720575940609870449,0.0,8519
720575940631193106,0.0,8520
720575940617079257,0.0,8521
720575940616222438,0.0,8522
720575940606967730,0.0,8523
720575940630966840,0.0,8524
720575940619375701,0.0,8525
720575940629507450,0.0,8526
720575940626451864,0.0,8527
720575940631203276,0.0,8528
720575940608281180,0.0,8529
720575940634235744,0.0,8530
720575940615569723,0.0,8531
720575940646682756,0.0,8532
720575940646667828,0.0,8533
720575940640646864,0.0,8534
720575940620310625,0.0,8535
720575940621467212,0.0,8536
720575940619111883,0.0,8537
720575940610886610,0.0,8538
720575940617176413,0.0,8539
720575940635416431,0.0,8540
720575940646895924,0.0,8541
720575940619914837,0.0,8542
720575940632692307,0.0,8543
720575940621491696,0.0,8544
720575940610952089,0.0,8545
720575940626812072,0.0,8546
720575940624660825,0.0,8547
720575940613180591,0.0,8548
720575940631956397,0.0,8549
720575940616503157,0.0,8550
720575940650525430,0.0,8551
720575940622060426,0.0,8552
720575940628632143,0.0,8553
720575940623742956,0.0,8554
720575940636505957,0.0,8555
720575940610755481,0.0,8556
720575940605411104,0.0,8557
720575940643573284,0.0,8558
720575940640115675,0.0,8559
720575940621044701,0.0,8560
720575940614523871,0.0,8561
720575940620904614,0.0,8562
720575940645599268,0.0,8563
720575940613213151,0.0,8564
720575940634575796,0.0,8565
720575940637756349,0.0,8566
720575940620454849,0.0,8567
720575940609894212,0.0,8568
720575940624677709,0.0,8569
720575940628218155,0.0,8570
720575940619146837,0.0,8571
720575940627594568,0.0,8572
720575940629299500,0.0,8573
720575940646535476,0.0,8574
720575940622979475,0.0,8575
720575940613403458,0.0,8576
720575940632677145,0.0,8577
720575940645325603,0.0,8578
720575940630219567,0.0,8579
720575940626831961,0.0,8580
720575940616358715,0.0,8581
720575940637002574,0.0,8582
720575940620197652,0.0,8583
720575940620344837,0.0,8584
720575940609143672,0.0,8585
720575940632193420,0.0,8586
720575940616915686,0.0,8587
720575940620225264,0.0,8588
720575940617046785,0.0,8589
720575940628581123,0.0,8590
720575940652993953,0.0,8591
720575940607085323,0.0,8592
720575940635964271,0.0,8593
720575940635508404,0.0,8594
720575940636609166,0.0,8595
720575940629064764,0.0,8596
720575940620356468,0.0,8597
720575940624294800,0.0,8598
720575940621607093,0.0,8599
720575940624288520,0.0,8600
720575940645403939,0.0,8601
720575940629058203,0.0,8602
720575940611959219,0.0,8603
720575940605934001,0.0,8604
720575940623444676,0.0,8605
720575940620500673,0.0,8606
720575940635953343,0.0,8607
720575940619749579,0.0,8608
720575940623102396,0.0,8609
720575940643063200,0.0,8610
720575940628887887,0.0,8611
720575940625823656,0.0,8612
720575940627994008,0.0,8613
720575940622840211,0.0,8614
720575940618473808,0.0,8615
720575940623321226,0.0,8616
720575940621331621,0.0,8617
720575940639309390,0.0,8618
720575940623797321,0.0,8619
720575940622519372,0.0,8620
720575940631223314,0.0,8621
720575940639099992,0.0,8622
720575940630891791,0.0,8623
720575940620881005,0.0,8624
720575940610457457,0.0,8625
720575940640078800,0.0,8626
720575940618839942,0.0,8627
720575940619119782,0.0,8628
720575940630440808,0.0,8629
720575940634847863,0.0,8630
720575940633142170,0.0,8631
720575940630392684,0.0,8632
720575940645344110,0.0,8633
720575940639219253,0.0,8634
720575940623594132,0.0,8635
720575940622748868,0.0,8636
720575940631727308,0.0,8637
720575940631432403,0.0,8638
720575940605376800,0.0,8639
720575940617916061,0.0,8640
720575940611837041,0.0,8641
720575940617145483,0.0,8642
720575940614614203,0.0,8643
720575940608386315,0.0,8644
720575940616095517,0.0,8645
720575940620686761,0.0,8646
720575940613494447,0.0,8647
720575940629921398,0.0,8648
720575940615000426,0.0,8649
720575940613867682,0.0,8650
720575940613637785,0.0,8651
720575940625665149,0.0,8652
720575940629398316,0.0,8653
720575940631272719,0.0,8654
720575940642967662,0.0,8655
720575940621471732,0.0,8656
720575940639021646,0.0,8657
720575940624157675,0.0,8658
720575940619373551,0.0,8659
720575940614982654,0.0,8660
720575940633673497,0.0,8661
720575940622289919,0.0,8662
720575940646229283,0.0,8663
720575940633773849,0.0,8664
720575940636291429,0.0,8665
720575940621581802,0.0,8666
720575940630078348,0.0,8667
720575940630580183,0.0,8668
720575940630912975,0.0,8669
720575940626886025,0.0,8670
720575940621929471,0.0,8671
720575940617038337,0.0,8672
720575940632950241,0.0,8673
720575940631934348,0.0,8674
720575940620179309,0.0,8675
720575940631141699,0.0,8676
720575940605619744,0.0,8677
720575940623315347,0.0,8678
720575940631024682,0.0,8679
720575940621919428,0.0,8680
720575940611489010,0.0,8681
720575940612590754,0.0,8682
720575940608383243,0.0,8683
720575940612190693,0.0,8684
720575940620883917,0.0,8685
720575940627264082,0.0,8686
720575940625271845,0.0,8687
720575940639624253,0.0,8688
720575940617038849,0.0,8689
720575940624709925,0.0,8690
720575940615802598,0.0,8691
