root_id,betweenness,rank
720575940644473760,0.0005353208287619077,1
720575940637218672,0.0004391501075110872,2
720575940618574749,0.0004010238838526655,3
720575940635179359,0.0003718611981363712,4
720575940631982952,0.0003492456087236498,5
720575940625871408,0.0003421561143722492,6
720575940639152361,0.0003401527793346497,7
720575940613838289,0.0003314768511179056,8
720575940638907108,0.00032299605290391376,9
720575940647075619,0.0002992618049362392,10
720575940624538599,0.00028246545379625163,11
720575940625454162,0.00027895321946430667,12
720575940620746478,0.00021073529086293468,13
720575940605119776,0.0001980829811818746,14
720575940630164992,0.00018732897824557838,15
720575940627015196,0.0001866204698426156,16
720575940626295396,0.00018519684191244421,17
720575940629805950,0.00016873010763261242,18
720575940628595944,0.00015209053380191894,19
720575940638149865,0.00014776542528358822,20
720575940627828552,0.00014429518591768304,21
720575940621628582,0.00014317057368525728,22
720575940616553300,0.0001430926406246141,23
720575940625223944,0.00014216065807483817,24
720575940632043576,0.00013003928993918505,25
720575940626555440,0.00012419788302824874,26
720575940613527761,0.00011795268059653171,27
720575940612775130,0.00011759203915560364,28
720575940627454730,0.00011570994016928367,29
720575940623426854,0.0001143408671928817,30
720575940640589171,0.00011113261003502454,31
720575940638803790,0.00011017177940689388,32
720575940628635751,0.00010679355302087019,33
720575940622183194,0.00010001231019063929,34
720575940628125715,9.25156739327236e-05,35
720575940631706107,8.766883788382705e-05,36
720575940631340815,8.680375299456052e-05,37
720575940607761244,8.595618367961645e-05,38
720575940618426021,8.47949513692942e-05,39
720575940622579967,8.440914208444107e-05,40
720575940644467360,8.313262555517605e-05,41
720575940621875821,8.168090008029525e-05,42
720575940622184105,7.770287223465143e-05,43
720575940624986407,7.679267500929654e-05,44
720575940617953241,7.659768263135635e-05,45
720575940610605614,7.466664034425998e-05,46
720575940613632997,7.450354820632803e-05,47
720575940623203805,7.355145429199484e-05,48
720575940616185531,7.349393409680901e-05,49
720575940628225167,7.292023128678971e-05,50
720575940614291181,7.244115576133106e-05,51
720575940612537061,7.096734854396967e-05,52
720575940615537041,6.895021413435156e-05,53
720575940622161366,6.840920071000384e-05,54
720575940620541099,6.704639109596134e-05,55
720575940609957315,6.693478452163768e-05,56
720575940632960813,6.575162521975498e-05,57
720575940630907434,6.46103029143809e-05,58
720575940637464691,6.433369185159875e-05,59
720575940619191966,6.11218019841477e-05,60
720575940636008559,6.086072337952069e-05,61
720575940623934600,6.031343539634098e-05,62
720575940639118926,6.029035139918225e-05,63
720575940628446010,5.9619363413666076e-05,64
720575940626672058,5.9495912323606613e-05,65
720575940623697898,5.847702638705621e-05,66
720575940627230722,5.8098920162722986e-05,67
720575940610872014,5.7064488572843655e-05,68
720575940616018956,5.6108223964429466e-05,69
720575940631314908,5.526153561470081e-05,70
720575940626592387,5.5174379160057474e-05,71
720575940608716809,5.5090451769387385e-05,72
720575940638818118,5.46091930922013e-05,73
720575940629766266,5.45789953709214e-05,74
720575940611958994,5.4107423095860446e-05,75
720575940621553348,5.373156026775781e-05,76
720575940626138701,5.367655630074014e-05,77
720575940636552805,5.35434103773981e-05,78
720575940640413043,5.268811550102915e-05,79
720575940625345328,5.152718211443445e-05,80
720575940627107721,5.09881085425598e-05,81
720575940632486969,5.0644923471024935e-05,82
720575940606852018,5.020382153354063e-05,83
720575940613307033,5.013740752379201e-05,84
720575940613191391,4.9547100266537516e-05,85
720575940628785468,4.9304315270537596e-05,86
720575940616504977,4.905714721364534e-05,87
720575940633308371,4.8785354721189326e-05,88
720575940647031860,4.8445766656501265e-05,89
720575940633293025,4.8086715114058044e-05,90
720575940631283512,4.783513680557599e-05,91
720575940630244507,4.7774485206800973e-05,92
720575940637661759,4.743214459410977e-05,93
720575940619114918,4.7095405779504916e-05,94
720575940611610737,4.670636840619769e-05,95
720575940627629598,4.657978753711928e-05,96
720575940630713029,4.650771808281933e-05,97
720575940617787963,4.6278175956604064e-05,98
720575940660235649,4.5032644611870235e-05,99
720575940631381007,4.4758666625959e-05,100
720575940633228172,4.4555203498311426e-05,101
720575940617440395,4.440519995191286e-05,102
720575940633316307,4.415119555008563e-05,103
720575940605154988,4.3270395104833234e-05,104
720575940617432065,4.3145976594171255e-05,105
720575940617593157,4.3099192079319405e-05,106
720575940625320394,4.28876060240831e-05,107
720575940660236673,4.27387907414273e-05,108
720575940627167516,4.184824877770013e-05,109
720575940623128269,4.141895755515919e-05,110
720575940627096957,4.093604606389937e-05,111
720575940623449382,4.092586683899361e-05,112
720575940624319124,4.003649551191266e-05,113
720575940615030568,3.984067188037141e-05,114
720575940618165393,3.980894128679341e-05,115
720575940623338281,3.9284152495411744e-05,116
720575940604470240,3.866428334652188e-05,117
720575940614643350,3.851245969081291e-05,118
720575940630126966,3.8501002757149214e-05,119
720575940621319156,3.817637036938206e-05,120
720575940620124143,3.811884388470695e-05,121
720575940629461442,3.720275744184297e-05,122
720575940624954185,3.639795416756057e-05,123
720575940605214636,3.638643450776043e-05,124
720575940622932905,3.63057323620615e-05,125
720575940623208141,3.6105531058954015e-05,126
720575940623193549,3.5701465230793745e-05,127
720575940622447309,3.490474652777688e-05,128
720575940626668218,3.482996277484331e-05,129
720575940620537153,3.478763903460349e-05,130
720575940616943572,3.471301958275119e-05,131
720575940645556334,3.455218461795563e-05,132
720575940627469394,3.436511111456828e-05,133
720575940618777684,3.387453362805441e-05,134
720575940635202155,3.383659983048986e-05,135
720575940647952948,3.3537280395633626e-05,136
720575940630695798,3.351643351239392e-05,137
720575940644653348,3.3074222786344584e-05,138
720575940638719807,3.304638283448724e-05,139
720575940632539788,3.2685574785294986e-05,140
720575940622650582,3.254615832199828e-05,141
720575940623355114,3.181384041111344e-05,142
720575940625006776,3.173761657792076e-05,143
720575940619035003,3.1695841830960356e-05,144
720575940632650271,3.1544326722509e-05,145
720575940628481798,3.13398661575297e-05,146
720575940608188427,3.093968952984461e-05,147
720575940641464309,3.0896921578562585e-05,148
720575940633921453,3.0739328562975904e-05,149
720575940620494529,3.0430530691942734e-05,150
720575940629701737,3.006262801145674e-05,151
720575940622516941,3.0015099194823067e-05,152
720575940615740834,2.9954398031214543e-05,153
720575940625847810,2.9810100924321578e-05,154
720575940647060532,2.9807389719726926e-05,155
720575940628352850,2.9706272626410017e-05,156
720575940620169607,2.9690923253742604e-05,157
720575940622123981,2.8801416056108288e-05,158
720575940615723077,2.8511889027128406e-05,159
720575940620621190,2.8400923664442152e-05,160
720575940646521198,2.813195300165569e-05,161
720575940609133269,2.8127566914354182e-05,162
720575940632681636,2.80751062907652e-05,163
720575940632588099,2.8038770500058394e-05,164
720575940633529548,2.797314307369616e-05,165
720575940630951424,2.7849482578728345e-05,166
720575940615541810,2.7631838261248338e-05,167
720575940617678566,2.763156766528427e-05,168
720575940615623867,2.7370746218385797e-05,169
720575940627801877,2.7044070210418487e-05,170
720575940617411611,2.6836573456885956e-05,171
720575940616853853,2.680831573287702e-05,172
720575940619332944,2.678313637940904e-05,173
720575940622067165,2.6775745837175278e-05,174
720575940630665580,2.6592316897424164e-05,175
720575940635211768,2.6454551530730657e-05,176
720575940623166733,2.6399800333915178e-05,177
720575940635527322,2.6308572570425127e-05,178
720575940632365905,2.6254673087174694e-05,179
720575940623084170,2.6092203331109078e-05,180
720575940620096238,2.596205489371998e-05,181
720575940613432360,2.5738687249044277e-05,182
720575940615875412,2.5524259845655018e-05,183
720575940618156689,2.528393685387491e-05,184
720575940628590312,2.5232851594821416e-05,185
720575940623817572,2.520311069011862e-05,186
720575940618344606,2.4975910532859584e-05,187
720575940620873793,2.4819458379836252e-05,188
720575940612840982,2.464604829694634e-05,189
720575940627827697,2.4551090097071198e-05,190
720575940631494099,2.444134185848545e-05,191
720575940624402173,2.4357591203819536e-05,192
720575940624336647,2.393519864829882e-05,193
720575940630461660,2.392405640089701e-05,194
720575940633198284,2.384994889029917e-05,195
720575940634756203,2.3576579591904235e-05,196
720575940620455616,2.349238816232669e-05,197
720575940609376707,2.30922518013404e-05,198
720575940627820104,2.3007346826096046e-05,199
720575940626960536,2.290057803470381e-05,200
720575940635952782,2.2873844973489872e-05,201
720575940619161936,2.285323012343931e-05,202
720575940629543409,2.275784344452931e-05,203
720575940620153765,2.255204260983407e-05,204
720575940618961857,2.2531940193980004e-05,205
720575940622102154,2.249572761566898e-05,206
720575940621355759,2.2444890644574426e-05,207
720575940614730663,2.2439493613439013e-05,208
720575940632506947,2.2338968121540405e-05,209
720575940612603289,2.2301454415471982e-05,210
720575940626608401,2.2229562247938084e-05,211
720575940631967506,2.2206411348398588e-05,212
720575940626533634,2.1976201281081342e-05,213
720575940617399257,2.1778829734612148e-05,214
720575940637612974,2.1743637100480064e-05,215
720575940624750480,2.1624713853029424e-05,216
720575940620353300,2.1553242177034288e-05,217
720575940629792060,2.1316736650803468e-05,218
720575940638989894,2.1283812179838306e-05,219
720575940606667622,2.1281809409336134e-05,220
720575940620093019,2.1014437399498815e-05,221
720575940629421159,2.096671628363809e-05,222
720575940629806974,2.0836951385468722e-05,223
720575940618627412,2.0774615139124152e-05,224
720575940638343238,2.0615471783583874e-05,225
720575940622147873,2.0581723992407514e-05,226
720575940635608312,2.053500712104203e-05,227
720575940617123814,2.0260304519862545e-05,228
720575940616101789,2.018274311072459e-05,229
720575940625773752,2.005461463785121e-05,230
720575940627812953,2.0020871386881324e-05,231
720575940631520312,1.9987430715978024e-05,232
720575940627825923,1.998020219633585e-05,233
720575940627044885,1.9896071123616115e-05,234
720575940634617952,1.9647980983539094e-05,235
720575940626618000,1.9604812797843185e-05,236
720575940604364134,1.957033101236663e-05,237
720575940628669545,1.954507750002982e-05,238
720575940629240263,1.9502175002564076e-05,239
720575940614087219,1.9499750649758648e-05,240
720575940640934363,1.949041965764543e-05,241
720575940632985261,1.9439864686874167e-05,242
720575940605694752,1.942996850021782e-05,243
720575940630829051,1.9419476985031674e-05,244
720575940612054425,1.9228226178475955e-05,245
720575940624571116,1.9107054400906616e-05,246
720575940610505006,1.9098494028912938e-05,247
720575940622537477,1.8924031098635644e-05,248
720575940642666971,1.890640055532324e-05,249
720575940661089921,1.8878450147217422e-05,250
720575940626873160,1.8794076084817798e-05,251
720575940617431325,1.8755569844986643e-05,252
720575940628016983,1.8690723916958248e-05,253
720575940623781611,1.8586819009413e-05,254
720575940618786798,1.854431696764874e-05,255
720575940625146122,1.8496125491744306e-05,256
720575940627439592,1.8424163834578247e-05,257
720575940625870640,1.84006686917559e-05,258
720575940634428058,1.8394949409206102e-05,259
720575940619530187,1.8369218897470167e-05,260
720575940619110347,1.836892220498077e-05,261
720575940615043222,1.8362840769947053e-05,262
720575940615666655,1.8325256657073088e-05,263
720575940621833281,1.817598605983286e-05,264
720575940622898957,1.8153837647943826e-05,265
720575940628115756,1.8137925278327098e-05,266
720575940635863214,1.8059548559736814e-05,267
720575940620642940,1.7858715768143904e-05,268
720575940612337331,1.7802947579548874e-05,269
720575940607170178,1.7775450616176956e-05,270
720575940632057570,1.7738455242319094e-05,271
720575940630607738,1.7695184276470496e-05,272
720575940639112765,1.766173009583899e-05,273
720575940632700845,1.7525814086501934e-05,274
720575940613380914,1.740799107278993e-05,275
720575940619097905,1.72999901066459e-05,276
720575940627455621,1.727652713512125e-05,277
720575940629239934,1.7188972158259152e-05,278
720575940624113993,1.710925759462319e-05,279
720575940640325429,1.702330000191426e-05,280
720575940623164941,1.7000029617124952e-05,281
720575940634877850,1.6961759463974605e-05,282
720575940627098249,1.684380988020526e-05,283
720575940616014092,1.681983267882746e-05,284
720575940635587576,1.6752815532373402e-05,285
720575940628832004,1.6673763017329367e-05,286
720575940635028591,1.665138655248555e-05,287
720575940624651189,1.6633223985570063e-05,288
720575940631319311,1.6603018433292094e-05,289
720575940630649448,1.6566059400960788e-05,290
720575940637603038,1.65304273342166e-05,291
720575940612033253,1.6516078454934602e-05,292
720575940621000831,1.6482936262276823e-05,293
720575940618392912,1.6475247189453755e-05,294
720575940622500172,1.63740131311313e-05,295
720575940629576443,1.6369250856537544e-05,296
720575940625809539,1.6180172598428704e-05,297
720575940628387587,1.6111272900783902e-05,298
720575940624028855,1.6089199371791426e-05,299
720575940653310198,1.604340099863306e-05,300
720575940635547802,1.603452311903491e-05,301
720575940626279486,1.6016078202337276e-05,302
720575940644494752,1.6005706107412653e-05,303
720575940628493415,1.600442521477786e-05,304
720575940633796252,1.5954115637208563e-05,305
720575940627087646,1.581068182492185e-05,306
720575940640168637,1.5637666063729117e-05,307
720575940615723314,1.5616893207823264e-05,308
720575940638088511,1.5570117424384318e-05,309
720575940623820787,1.547277415916054e-05,310
720575940622998627,1.543617895462148e-05,311
720575940623618708,1.521980963000319e-05,312
720575940646056500,1.5196397697759229e-05,313
720575940604705312,1.5095081852505453e-05,314
720575940654094241,1.5076457092738892e-05,315
720575940659098241,1.5069663769427212e-05,316
720575940617792069,1.5048774526407607e-05,317
720575940614581502,1.4946751072253745e-05,318
720575940603636913,1.4945953423487677e-05,319
720575940642428557,1.4917880136380709e-05,320
720575940639314229,1.489819167782651e-05,321
720575940640978048,1.4875206840215065e-05,322
720575940622312063,1.482584104550197e-05,323
720575940638745141,1.4815948568734658e-05,324
720575940620860398,1.4801188448974109e-05,325
720575940620504198,1.4798028443057037e-05,326
720575940630689644,1.474146740932071e-05,327
720575940620468718,1.4704598956050356e-05,328
720575940610677828,1.4662129057762057e-05,329
720575940618886710,1.459133117368962e-05,330
720575940623164429,1.4523050476993924e-05,331
720575940622324991,1.4494127227408656e-05,332
720575940623682195,1.4447323224515577e-05,333
720575940655587489,1.432323797962765e-05,334
720575940608498780,1.4290112633012775e-05,335
720575940621319924,1.4235133292021894e-05,336
720575940626818085,1.4206583137476231e-05,337
720575940627444234,1.4188614577453419e-05,338
720575940644400675,1.4137761578935881e-05,339
720575940610116581,1.4087393524747903e-05,340
720575940635050638,1.4086970849613564e-05,341
720575940607832754,1.406962753430629e-05,342
720575940624470247,1.4033597497201163e-05,343
720575940637849822,1.4006269508947382e-05,344
720575940627235386,1.4001540388203671e-05,345
720575940615671106,1.396471807120494e-05,346
720575940635330204,1.395234786752875e-05,347
720575940654117025,1.3942918678899905e-05,348
720575940621814911,1.3908002627559662e-05,349
720575940614740374,1.3870639562798442e-05,350
720575940626626597,1.3842183054230157e-05,351
720575940641648091,1.3828119179078365e-05,352
720575940631997032,1.3791977830065696e-05,353
720575940646400644,1.3752668754396768e-05,354
720575940612208858,1.3667608104362251e-05,355
720575940623380009,1.359151787017898e-05,356
720575940647037492,1.3517090842472953e-05,357
720575940621552767,1.3502455530301433e-05,358
720575940623385894,1.3489983619932924e-05,359
720575940632804435,1.3480938754212426e-05,360
720575940605162924,1.3461071228857689e-05,361
720575940617245652,1.3453912380364383e-05,362
720575940605702176,1.3426269019164994e-05,363
720575940614751650,1.3372590499108156e-05,364
720575940643112333,1.3354744019004266e-05,365
720575940624378556,1.334958230891977e-05,366
720575940619948880,1.3336199048891934e-05,367
720575940627538690,1.3335429974442971e-05,368
720575940634701407,1.3330286784114783e-05,369
720575940625306603,1.3322294125042198e-05,370
720575940629005903,1.3308589819427725e-05,371
720575940628668009,1.3287184535558228e-05,372
720575940624675988,1.3268758545316658e-05,373
720575940620780272,1.3254077779580748e-05,374
720575940630247579,1.315631244152579e-05,375
720575940621313414,1.3128674451869901e-05,376
720575940613510002,1.3103285139965387e-05,377
720575940628815381,1.3092537957930277e-05,378
720575940612153086,1.3072095667688475e-05,379
720575940622633716,1.3053710539002151e-05,380
720575940610275192,1.3015691797634311e-05,381
720575940614730914,1.300151011392034e-05,382
720575940621533867,1.2989035882069948e-05,383
720575940629584887,1.283299155874341e-05,384
720575940634683237,1.2808286843005647e-05,385
720575940621241072,1.278465226478172e-05,386
720575940630028359,1.2773393536562334e-05,387
720575940624201033,1.2767734096663955e-05,388
720575940626952537,1.2722968220954085e-05,389
720575940639634304,1.2719249483567346e-05,390
720575940604653484,1.2698537359328109e-05,391
720575940620304110,1.2641962352012195e-05,392
720575940613418547,1.2604880367616867e-05,393
720575940623957173,1.2592897587018543e-05,394
720575940617991195,1.2579049011577052e-05,395
720575940617663093,1.2533105795938023e-05,396
720575940646526243,1.2467426392106892e-05,397
720575940624537284,1.2459681282693412e-05,398
720575940649829241,1.2391663717193795e-05,399
720575940624087283,1.2384940457188588e-05,400
720575940622168088,1.2312004462096708e-05,401
720575940619473624,1.2244435999438406e-05,402
720575940623436285,1.224260126497507e-05,403
720575940626889491,1.2230883525282597e-05,404
720575940627300627,1.2227629685531475e-05,405
720575940629412682,1.2116678708044482e-05,406
720575940624434323,1.1969596875188404e-05,407
720575940610258552,1.1952413851137975e-05,408
720575940630160384,1.1917744612440303e-05,409
720575940618524481,1.183864739906908e-05,410
720575940623351295,1.1793691707252413e-05,411
720575940626073637,1.1762223189744522e-05,412
720575940639591246,1.1685717087421461e-05,413
720575940617407030,1.1649950509125065e-05,414
720575940628946731,1.1618348325000709e-05,415
720575940615460255,1.1443617176986506e-05,416
720575940629207055,1.144233454731918e-05,417
720575940629701484,1.1360423510279685e-05,418
720575940623579063,1.1350874342332195e-05,419
720575940604865312,1.1260933841046594e-05,420
720575940627099338,1.1229349343855566e-05,421
720575940627180561,1.1198225766591772e-05,422
720575940624101524,1.115725077635071e-05,423
720575940622348156,1.1152857425490528e-05,424
720575940609513841,1.1103494997978728e-05,425
720575940624710653,1.1102808344886937e-05,426
720575940637648485,1.108181868832648e-05,427
720575940634139799,1.1018079066259738e-05,428
720575940623322921,1.0894840348438365e-05,429
720575940631283267,1.0831996197545903e-05,430
720575940633227545,1.0824253761808184e-05,431
720575940623992317,1.0805181578920058e-05,432
720575940610611246,1.0801857069769641e-05,433
720575940606010569,1.0788015750758308e-05,434
720575940612990321,1.0740907950882654e-05,435
720575940633953434,1.0727264994586603e-05,436
720575940608144732,1.0724090597676936e-05,437
720575940628780309,1.0716536639052205e-05,438
720575940624342825,1.071309178645981e-05,439
720575940629428215,1.071291868301197e-05,440
720575940635166571,1.0701334682939153e-05,441
720575940614352278,1.0684733243078801e-05,442
720575940632499757,1.0674790106959655e-05,443
720575940630771449,1.066609712154638e-05,444
720575940615050346,1.0665323517815482e-05,445
720575940629777018,1.0582205364734746e-05,446
720575940635297911,1.0579382947475959e-05,447
720575940617497437,1.0579113361860894e-05,448
720575940634243484,1.0528750768940289e-05,449
720575940618409797,1.0470771444018907e-05,450
720575940615292895,1.039414249876506e-05,451
720575940619877396,1.0384269672550974e-05,452
720575940621577174,1.0380131229214353e-05,453
720575940630579574,1.0378698978079348e-05,454
720575940632305711,1.037600165224255e-05,455
720575940608126338,1.0361518958407753e-05,456
720575940622318599,1.0360246322458942e-05,457
720575940616804806,1.0344925930887925e-05,458
720575940638103349,1.0328695707523004e-05,459
720575940634657632,1.0256664112574193e-05,460
720575940630758418,1.0250418455933734e-05,461
720575940630690678,1.0234830231186917e-05,462
720575940617286517,1.0217251614725258e-05,463
720575940632634532,1.0215508925006454e-05,464
720575940621804159,1.0198245188837713e-05,465
720575940613563117,1.0192552935876004e-05,466
720575940631168057,1.0174654267740779e-05,467
720575940604009952,1.0083291383865834e-05,468
720575940634233592,1.0000853005956718e-05,469
720575940611388141,9.989306651992394e-06,470
720575940638024794,9.979704471019782e-06,471
720575940622042373,9.959448498037256e-06,472
720575940626528252,9.91701019443411e-06,473
720575940640779379,9.914577405374853e-06,474
720575940627432680,9.8934861009439e-06,475
720575940647021620,9.855428449129807e-06,476
720575940610004437,9.845363121120312e-06,477
720575940609768149,9.833141830115381e-06,478
720575940614954536,9.833035759304557e-06,479
720575940629564688,9.79978995960069e-06,480
720575940635034360,9.788242758683776e-06,481
720575940635527092,9.724783896588722e-06,482
720575940628112765,9.721379793214128e-06,483
720575940637106295,9.714370802083447e-06,484
720575940636656632,9.697614986751511e-06,485
720575940625716357,9.683102139564671e-06,486
720575940639831459,9.683068242707956e-06,487
720575940623253235,9.681030790225556e-06,488
720575940639159797,9.677702190783852e-06,489
720575940625164302,9.655668609245734e-06,490
720575940631253052,9.615236621802568e-06,491
720575940618958109,9.576038462934377e-06,492
720575940624342812,9.56473150909237e-06,493
720575940620540507,9.562993819924265e-06,494
720575940623962430,9.56205469467558e-06,495
720575940629024591,9.545151060932703e-06,496
720575940611160930,9.534279612956062e-06,497
720575940635116569,9.512121265124527e-06,498
720575940646032931,9.496223010081073e-06,499
720575940621148660,9.490501868359144e-06,500
720575940615626562,9.450144762066683e-06,501
720575940609944418,9.448386074952235e-06,502
720575940631153194,9.384564299298578e-06,503
720575940631968343,9.36104518984812e-06,504
720575940624366315,9.331926763350638e-06,505
720575940634606693,9.331426966628581e-06,506
720575940614909506,9.317824648072409e-06,507
720575940619176094,9.313914463514625e-06,508
720575940623535044,9.296641184574829e-06,509
720575940617301563,9.28521029914788e-06,510
720575940627368723,9.190215889936337e-06,511
720575940625641402,9.18645463378062e-06,512
720575940620020827,9.18548180374622e-06,513
720575940629490476,9.164637970436933e-06,514
720575940628916730,9.163811344808306e-06,515
720575940628755815,9.150507773166518e-06,516
720575940634539700,9.148584871664227e-06,517
720575940635634021,9.143291328529663e-06,518
720575940627016766,9.140247260696319e-06,519
720575940639421043,9.139576810258294e-06,520
720575940623037720,9.135027003542734e-06,521
720575940635055039,9.059328144929195e-06,522
720575940619864047,9.029986955369203e-06,523
720575940630964188,8.993064077678405e-06,524
720575940625052942,8.978157686398747e-06,525
720575940627779983,8.972072951717128e-06,526
720575940644968302,8.963681506333079e-06,527
720575940625872688,8.944377605166857e-06,528
720575940608816964,8.912219590725334e-06,529
720575940627728149,8.888336219678231e-06,530
720575940643683744,8.87204714825117e-06,531
720575940613154582,8.866417768137241e-06,532
720575940624986300,8.848108309181416e-06,533
720575940638603709,8.841865664593231e-06,534
720575940633340953,8.81485885167063e-06,535
720575940622917381,8.814101375507402e-06,536
720575940627086594,8.793768807590061e-06,537
720575940611682522,8.785000629881948e-06,538
720575940609993284,8.748939748177187e-06,539
720575940622026245,8.735887456816147e-06,540
720575940614840891,8.693888638268845e-06,541
720575940616551029,8.657807372139486e-06,542
720575940609407939,8.639508482638141e-06,543
720575940614595582,8.620780533180805e-06,544
720575940660220289,8.615595247498362e-06,545
720575940627418387,8.597931360577571e-06,546
720575940636168628,8.595389530522424e-06,547
720575940623841816,8.567032768545226e-06,548
720575940613915823,8.546583198278403e-06,549
720575940623781127,8.540781722758566e-06,550
720575940624431288,8.533115027668728e-06,551
720575940622707592,8.53027888187869e-06,552
720575940624986919,8.516772240941911e-06,553
720575940639339829,8.491089832123249e-06,554
720575940628709019,8.474670536069814e-06,555
720575940632639202,8.440478319293182e-06,556
720575940629378754,8.421195513000976e-06,557
720575940612517928,8.36488559774986e-06,558
720575940621547689,8.348395482244391e-06,559
720575940637209822,8.34282997309877e-06,560
720575940636209897,8.339250277393835e-06,561
720575940615378399,8.314459898888476e-06,562
720575940622863287,8.30865137120467e-06,563
720575940630493050,8.306257119963946e-06,564
720575940635953038,8.28562236148426e-06,565
720575940626705497,8.285325883853856e-06,566
720575940627758833,8.28009219958877e-06,567
720575940607446281,8.243708683911245e-06,568
720575940629133071,8.218358717193595e-06,569
720575940618516894,8.210432181755912e-06,570
720575940620673985,8.191694789412135e-06,571
720575940637561919,8.167535288330332e-06,572
720575940632868051,8.147786723826516e-06,573
720575940620731631,8.101695522642109e-06,574
720575940627826760,8.096706349554639e-06,575
720575940618807454,8.066721587513102e-06,576
720575940640723315,8.054511578198628e-06,577
720575940621548108,8.050696484975985e-06,578
720575940624095172,8.0442066863374e-06,579
720575940616667186,8.034356848141808e-06,580
720575940605513649,8.02878013754289e-06,581
720575940618310229,8.019995950121274e-06,582
720575940609648395,8.011360529774044e-06,583
720575940630867148,7.990160452374382e-06,584
720575940632105100,7.983320877482279e-06,585
720575940628070419,7.976239516033742e-06,586
720575940626928650,7.967309278509143e-06,587
720575940623484100,7.963839088134257e-06,588
720575940637635305,7.963542947329198e-06,589
720575940623233238,7.956886987884013e-06,590
720575940618066415,7.948589887364748e-06,591
720575940628883535,7.94272858314726e-06,592
720575940616633925,7.886432291529273e-06,593
720575940604930481,7.87918647871163e-06,594
720575940634782359,7.873123486873439e-06,595
720575940622027222,7.864179730242785e-06,596
720575940618932763,7.857019454865419e-06,597
720575940644488727,7.838999812064586e-06,598
720575940618363072,7.830428294091334e-06,599
720575940612488341,7.804491485829897e-06,600
720575940630521292,7.801270076396758e-06,601
720575940632664268,7.769659987784088e-06,602
720575940617337461,7.756745391615135e-06,603
720575940630311383,7.75329441008594e-06,604
720575940632412333,7.749096825238048e-06,605
720575940632734033,7.73666740681655e-06,606
720575940627419676,7.719242593519758e-06,607
720575940627263375,7.707948578667925e-06,608
720575940619024542,7.706106790187308e-06,609
720575940626843194,7.702289434656567e-06,610
720575940621910399,7.68225313900711e-06,611
720575940636898270,7.68223210040599e-06,612
720575940619405812,7.677676103233128e-06,613
720575940637650830,7.653876218654126e-06,614
720575940622195625,7.639553247995343e-06,615
720575940621573542,7.6144786659045555e-06,616
720575940625187940,7.603423619103546e-06,617
720575940629521655,7.587114697035779e-06,618
720575940610621026,7.582222376890776e-06,619
720575940614963359,7.558237462396222e-06,620
720575940621349620,7.543006723616971e-06,621
720575940622565590,7.528998537814904e-06,622
720575940626401380,7.5138301040874704e-06,623
720575940605095346,7.497092016854892e-06,624
720575940639468160,7.483601570054315e-06,625
720575940643867296,7.466151960015147e-06,626
720575940617444130,7.455001542597369e-06,627
720575940617554577,7.454285572324649e-06,628
720575940635119723,7.439629395363624e-06,629
720575940630868281,7.421080816681775e-06,630
720575940621818790,7.419435070606423e-06,631
720575940623210445,7.411905854171687e-06,632
720575940637160937,7.386518543907952e-06,633
720575940611885461,7.38239574219784e-06,634
720575940627731599,7.371165906190683e-06,635
720575940625182341,7.3520465899227225e-06,636
720575940645056791,7.343701667408364e-06,637
720575940642545883,7.340553140238885e-06,638
720575940622054753,7.336075312045809e-06,639
720575940643259277,7.313449855877354e-06,640
720575940631695841,7.308716531096861e-06,641
720575940625563623,7.299608929653406e-06,642
720575940651986166,7.285059632510691e-06,643
720575940625878160,7.268216647852659e-06,644
720575940619155995,7.267985310574289e-06,645
720575940644496288,7.261838281974851e-06,646
720575940618398533,7.258465152004965e-06,647
720575940627537753,7.253197475490746e-06,648
720575940628971779,7.2529546327076465e-06,649
720575940638092634,7.252518697246136e-06,650
720575940627417619,7.237485064381873e-06,651
720575940624209968,7.21262590853863e-06,652
720575940615023535,7.201105477455395e-06,653
720575940621530117,7.198158136431653e-06,654
720575940615226086,7.198107187106471e-06,655
720575940632311115,7.173525357971888e-06,656
720575940611939290,7.166805492171929e-06,657
720575940615672130,7.157975557597626e-06,658
720575940629012227,7.155367572529318e-06,659
720575940618663838,7.133076450259321e-06,660
720575940612306786,7.076675102299869e-06,661
720575940632754003,7.063583183118414e-06,662
720575940609673369,7.047573159150555e-06,663
720575940623404046,7.046644798720427e-06,664
720575940629745022,7.0408476277972194e-06,665
720575940607272649,7.037745230648522e-06,666
720575940632829507,7.034064470745558e-06,667
720575940621440859,7.01488526559717e-06,668
720575940629780858,7.012694761879198e-06,669
720575940620156209,7.003880434703758e-06,670
720575940617467712,6.987029665458142e-06,671
720575940617166993,6.974420681029771e-06,672
720575940661335681,6.973071540809339e-06,673
720575940632873261,6.967738127337099e-06,674
720575940614960022,6.965085903511869e-06,675
720575940616038294,6.962575583380562e-06,676
720575940618472261,6.9156199694022486e-06,677
720575940627847752,6.91320591380511e-06,678
720575940620335269,6.896959456104347e-06,679
720575940614941491,6.866540686546402e-06,680
720575940635774071,6.840481623737926e-06,681
720575940632043320,6.827727162629021e-06,682
720575940606388146,6.818651599864816e-06,683
720575940628114684,6.811711636116668e-06,684
720575940619644336,6.786826963237942e-06,685
720575940619675472,6.7719099758572784e-06,686
720575940620833901,6.752594933324358e-06,687
720575940631091407,6.752156405006482e-06,688
720575940607377586,6.749683021490106e-06,689
720575940638214461,6.726037948201473e-06,690
720575940618149686,6.7207715965070415e-06,691
720575940613954194,6.707830983633508e-06,692
720575940614465478,6.703662695167918e-06,693
720575940628346634,6.703631759438697e-06,694
720575940623918121,6.698862257969117e-06,695
720575940618166811,6.6958739951522156e-06,696
720575940630041206,6.6609325608230894e-06,697
720575940632602532,6.628571696269521e-06,698
720575940622577336,6.627389808504125e-06,699
720575940627493148,6.621582734058266e-06,700
720575940630114156,6.609816467300702e-06,701
720575940634571383,6.588829043574812e-06,702
720575940626663953,6.58842416965722e-06,703
720575940603195494,6.583776325979525e-06,704
720575940624163303,6.5823073970508695e-06,705
720575940610652002,6.577642856613658e-06,706
720575940632084705,6.553236216731653e-06,707
720575940610606126,6.5520148067120394e-06,708
720575940630753662,6.542997103003844e-06,709
720575940641211520,6.537883186818707e-06,710
720575940644666660,6.527441376590544e-06,711
720575940620840948,6.5010375090984e-06,712
720575940638684248,6.485983608021038e-06,713
720575940611442296,6.475251746454628e-06,714
720575940625937340,6.43821326639494e-06,715
720575940626085562,6.429459453700759e-06,716
720575940625861660,6.423195580507281e-06,717
720575940630214564,6.421075207486966e-06,718
720575940613183717,6.420706327038663e-06,719
720575940631447879,6.4188706986153236e-06,720
720575940637501784,6.410744336373504e-06,721
720575940615084339,6.4101269205103535e-06,722
720575940630797624,6.402574452986968e-06,723
720575940632524559,6.389400540985581e-06,724
720575940630221563,6.3884807898925334e-06,725
720575940629464305,6.385958808537946e-06,726
720575940631842360,6.374485900256916e-06,727
720575940623211725,6.346851957172543e-06,728
720575940634751918,6.334604340601504e-06,729
720575940604727264,6.3113336799878555e-06,730
720575940621519130,6.310753179651514e-06,731
720575940626729295,6.304243239826406e-06,732
720575940614619282,6.299350703104983e-06,733
720575940632839763,6.2642211796784395e-06,734
720575940631469610,6.263801080746685e-06,735
720575940623132621,6.261159249780547e-06,736
720575940635212139,6.25338318196396e-06,737
720575940619114991,6.246019317575927e-06,738
720575940626557186,6.24076501204192e-06,739
720575940630244911,6.239146789538399e-06,740
720575940606336213,6.238698477047618e-06,741
720575940632472850,6.228638129082271e-06,742
720575940622552675,6.227639188378324e-06,743
720575940635962254,6.222368643417867e-06,744
720575940624126537,6.214887036167904e-06,745
720575940631291666,6.210945866548493e-06,746
720575940626162890,6.206959340210688e-06,747
720575940627275795,6.203523086206466e-06,748
720575940610375214,6.203286960365834e-06,749
720575940629204674,6.201548721318271e-06,750
720575940619513304,6.193629025905244e-06,751
720575940636933722,6.190564874140076e-06,752
720575940610669042,6.181891063600128e-06,753
720575940619998740,6.179833500238567e-06,754
720575940619669157,6.1655136230081566e-06,755
720575940621836246,6.154251958330675e-06,756
720575940627949589,6.1537337607188605e-06,757
720575940642422517,6.121294587563026e-06,758
720575940606218528,6.114617004502013e-06,759
720575940632713759,6.102750639258299e-06,760
720575940606743170,6.091420913634953e-06,761
720575940629139968,6.071966017731691e-06,762
720575940626027752,6.050396211285413e-06,763
720575940628319899,6.040174358940886e-06,764
720575940639756093,6.039829892661916e-06,765
720575940651341558,6.032833496599869e-06,766
720575940635131488,6.031337054308959e-06,767
720575940629470838,6.017402597723892e-06,768
720575940621706605,6.010361131738034e-06,769
720575940621939071,5.99634828141262e-06,770
720575940610423235,5.966612859916283e-06,771
720575940621538142,5.961390598555459e-06,772
720575940623276168,5.9456189862591086e-06,773
720575940626953561,5.919098614250229e-06,774
720575940632463890,5.91269636641992e-06,775
720575940624323110,5.91083688059973e-06,776
720575940630589036,5.909841979182839e-06,777
720575940610054980,5.880787580155498e-06,778
720575940627302908,5.835896021655566e-06,779
720575940621354736,5.828837886087714e-06,780
720575940611562393,5.825574815899417e-06,781
720575940639638086,5.816059177384686e-06,782
720575940645739044,5.8070769554546435e-06,783
720575940620013044,5.803467545848344e-06,784
720575940617787649,5.799711990294756e-06,785
720575940630937660,5.7946073150871274e-06,786
720575940608735241,5.79418707812198e-06,787
720575940640788725,5.790535038720559e-06,788
720575940615583650,5.790398128166388e-06,789
720575940622248453,5.788830757830952e-06,790
720575940623478115,5.78677709971655e-06,791
720575940613347299,5.784038447570899e-06,792
720575940632722515,5.782720744522559e-06,793
720575940628132745,5.780513091770889e-06,794
720575940637388004,5.762943191127518e-06,795
720575940630297292,5.752613219078738e-06,796
720575940631959097,5.751575892657918e-06,797
720575940621717469,5.745114108138116e-06,798
720575940639786915,5.7276367827159155e-06,799
720575940626555153,5.703210760458177e-06,800
720575940626901136,5.699684756482636e-06,801
720575940627731176,5.69604899125566e-06,802
720575940628252751,5.695486268456632e-06,803
720575940612910503,5.691072781643089e-06,804
720575940608500316,5.651416580529257e-06,805
720575940620054694,5.642986143553635e-06,806
720575940626399588,5.632251006442771e-06,807
720575940632816339,5.629937554365838e-06,808
720575940637308605,5.627101991687924e-06,809
720575940630085583,5.622441192860518e-06,810
720575940630820919,5.62232582469361e-06,811
720575940612019569,5.6063407764264156e-06,812
720575940635859354,5.5832007616323405e-06,813
720575940620918789,5.583135164551329e-06,814
720575940619034806,5.580094194055466e-06,815
720575940612019683,5.578647698633988e-06,816
720575940627008345,5.5720429972576956e-06,817
720575940605187970,5.562519369025263e-06,818
720575940628386295,5.559083776849097e-06,819
720575940622413948,5.5476002566903735e-06,820
720575940620929483,5.538159670873493e-06,821
720575940627799802,5.519668553641661e-06,822
720575940646341486,5.514508064607925e-06,823
720575940627845704,5.498872380953445e-06,824
720575940608451420,5.490127364969894e-06,825
720575940621573030,5.481761239598098e-06,826
720575940625558730,5.463627988980848e-06,827
720575940618648955,5.45411960588445e-06,828
720575940637184326,5.448715778837969e-06,829
720575940628095593,5.445525362358761e-06,830
720575940633170643,5.426719404977043e-06,831
720575940620833974,5.407791442424083e-06,832
720575940636541285,5.379689146010451e-06,833
720575940621399899,5.368393726608292e-06,834
720575940621900981,5.363205588903425e-06,835
720575940615526978,5.356662668496799e-06,836
720575940628973827,5.353524935658252e-06,837
720575940609922372,5.33306644195236e-06,838
720575940634948014,5.330941288791772e-06,839
720575940636574388,5.31763065772669e-06,840
720575940615790658,5.306884361996097e-06,841
720575940630991567,5.304904623471149e-06,842
720575940624447240,5.304112451381851e-06,843
720575940613422860,5.295359912101328e-06,844
720575940631342073,5.291637787250422e-06,845
720575940618942747,5.284348157234811e-06,846
720575940607570185,5.2787309323645265e-06,847
720575940623180732,5.273025874438407e-06,848
720575940627490459,5.271299713270295e-06,849
720575940627585874,5.2704743425379465e-06,850
720575940626784137,5.269215042931876e-06,851
720575940637936710,5.259224075190358e-06,852
720575940628659305,5.241601917334577e-06,853
720575940631918649,5.229515374309451e-06,854
720575940629065154,5.225530770821335e-06,855
720575940612050033,5.21963946113905e-06,856
720575940611562675,5.210484490609589e-06,857
720575940619654053,5.2028988801317364e-06,858
720575940633462829,5.184931374705322e-06,859
720575940624504212,5.182191672640019e-06,860
720575940612470755,5.178556797422394e-06,861
720575940643487342,5.178007609282988e-06,862
720575940629576451,5.141624894923155e-06,863
720575940642233333,5.136583113910589e-06,864
720575940621618859,5.130221505181535e-06,865
720575940635210859,5.1224203151560645e-06,866
720575940650920569,5.116606375941764e-06,867
720575940637611365,5.116526421739658e-06,868
720575940617886301,5.114160072191126e-06,869
720575940614642491,5.113988542668022e-06,870
720575940620097985,5.108967435157122e-06,871
720575940627286088,5.092685103809046e-06,872
720575940635355804,5.091862801316508e-06,873
720575940612879010,5.089684941903126e-06,874
720575940620971174,5.088293024219034e-06,875
720575940624756297,5.084794558158749e-06,876
720575940621477312,5.0627681518586375e-06,877
720575940625798695,5.062033119700522e-06,878
720575940608145026,5.0568510476575074e-06,879
720575940622942196,5.047277996805419e-06,880
720575940646068020,5.036928186790107e-06,881
720575940626826288,5.0324921784254e-06,882
720575940660742785,5.032333118127861e-06,883
720575940652104694,5.024283488276151e-06,884
720575940652580086,5.02425581223575e-06,885
720575940626780222,5.003165028514484e-06,886
720575940636361573,4.994333683248495e-06,887
720575940640945115,4.989636667019236e-06,888
720575940631293202,4.985490895106081e-06,889
720575940622021637,4.976132741654531e-06,890
720575940612692633,4.968945647762871e-06,891
720575940626919144,4.955640073909423e-06,892
720575940644758308,4.929106804768105e-06,893
720575940626774827,4.92890359234237e-06,894
720575940626641916,4.915642191753602e-06,895
720575940610507106,4.906693132664699e-06,896
720575940644914967,4.9049733996947875e-06,897
720575940613640685,4.896283013086646e-06,898
720575940639268771,4.8934719232746374e-06,899
720575940632962786,4.891642778372224e-06,900
720575940635202204,4.890745854309413e-06,901
720575940631592223,4.890581000353944e-06,902
720575940619867595,4.8809299960445684e-06,903
720575940634862943,4.876825065710666e-06,904
720575940628441862,4.861001848428274e-06,905
720575940624600840,4.858513051137466e-06,906
720575940621339686,4.857602505884519e-06,907
720575940633771745,4.853940811058483e-06,908
720575940621902085,4.852251991097979e-06,909
720575940621335167,4.851418501147401e-06,910
720575940630480348,4.849846514551218e-06,911
720575940616783190,4.848452636531374e-06,912
720575940611474138,4.845581916832756e-06,913
720575940621771502,4.842813741966147e-06,914
720575940618931846,4.840400726159156e-06,915
720575940628345610,4.839573444287567e-06,916
720575940623017989,4.822413213491139e-06,917
720575940619155264,4.819633330855192e-06,918
720575940605282406,4.8099078658663296e-06,919
720575940619847371,4.8000153610337855e-06,920
720575940623663084,4.799611261436117e-06,921
720575940624890296,4.772307983034957e-06,922
720575940638201833,4.769469462733813e-06,923
720575940628885160,4.767399183433708e-06,924
720575940633358431,4.764854374313289e-06,925
720575940642943176,4.763111525343324e-06,926
720575940619623407,4.76153785466039e-06,927
720575940607923721,4.75663765488085e-06,928
720575940626672314,4.747772594845542e-06,929
720575940633762714,4.744046090308129e-06,930
720575940627166851,4.7311144001373126e-06,931
720575940637663662,4.728560579582176e-06,932
720575940627716168,4.697853298854408e-06,933
720575940636308075,4.696631936086628e-06,934
720575940614349974,4.686279982979551e-06,935
720575940629468026,4.670140994687203e-06,936
720575940622108933,4.6543699380231645e-06,937
720575940630461009,4.649087990534316e-06,938
720575940621900170,4.645763991531289e-06,939
720575940622386824,4.631902765849483e-06,940
720575940632469290,4.611679420855843e-06,941
720575940626968216,4.58330672002194e-06,942
720575940623702345,4.5820029630742765e-06,943
720575940635578303,4.580459224800456e-06,944
720575940638088262,4.563938603770128e-06,945
720575940631244648,4.557200176137561e-06,946
720575940618089851,4.554775349154355e-06,947
720575940610803554,4.554755609608996e-06,948
720575940614392682,4.5541308367286565e-06,949
720575940618165787,4.546126944934429e-06,950
720575940629327659,4.538993989865581e-06,951
720575940622594186,4.528248227660702e-06,952
720575940640536408,4.523053804867189e-06,953
720575940625356163,4.49600486743625e-06,954
720575940624705514,4.486453770649173e-06,955
720575940638204132,4.48126309180934e-06,956
720575940622186305,4.4742696530155765e-06,957
720575940625111223,4.462105209438924e-06,958
720575940612357618,4.460642475953891e-06,959
720575940622004106,4.4588188875445964e-06,960
720575940611167842,4.456503064433914e-06,961
720575940625878861,4.4553165995248785e-06,962
720575940627828296,4.455303039601926e-06,963
720575940615407583,4.447907820023718e-06,964
720575940614736034,4.443823415916112e-06,965
720575940639241279,4.426928859038121e-06,966
720575940609799470,4.424068394211512e-06,967
720575940624426680,4.417516268287433e-06,968
720575940625867056,4.41464098242427e-06,969
720575940611756723,4.41211766609208e-06,970
720575940623453959,4.4028244782257865e-06,971
720575940611811704,4.393783455585955e-06,972
720575940634105439,4.392291816357894e-06,973
720575940641695117,4.369688172196141e-06,974
720575940618058048,4.353449895939049e-06,975
720575940629459718,4.342412030380426e-06,976
720575940622879882,4.340042285576709e-06,977
720575940622066390,4.335936465039028e-06,978
720575940630054735,4.32823221164618e-06,979
720575940614018060,4.327375000306631e-06,980
720575940646192692,4.323555730904455e-06,981
720575940630346860,4.323031402884987e-06,982
720575940606332629,4.311443840724102e-06,983
720575940620591837,4.310957552109996e-06,984
720575940629187065,4.300309861768255e-06,985
720575940618455791,4.287694215820476e-06,986
720575940620860766,4.286355905940321e-06,987
720575940647030324,4.2863545526751645e-06,988
720575940616194610,4.285498007963636e-06,989
720575940628706325,4.283806394798734e-06,990
720575940621726698,4.275578385866989e-06,991
720575940606185090,4.269411663460108e-06,992
720575940616130646,4.265986720586977e-06,993
720575940624121161,4.258313198122781e-06,994
720575940638364750,4.246029347916314e-06,995
720575940612087758,4.23491696470776e-06,996
720575940625977870,4.233961144465233e-06,997
720575940626243428,4.233281257551578e-06,998
720575940620481240,4.232182233922242e-06,999
720575940628130325,4.223600861525587e-06,1000
720575940610055982,4.21877626391521e-06,1001
720575940638622909,4.212512146490951e-06,1002
720575940620714150,4.209438598209464e-06,1003
720575940630131218,4.209007579035872e-06,1004
720575940646814340,4.200395005020811e-06,1005
720575940630135084,4.188763143800505e-06,1006
720575940646682676,4.186930187570786e-06,1007
720575940610617668,4.185357890023273e-06,1008
720575940634761116,4.18530050496905e-06,1009
720575940626018321,4.181748163927927e-06,1010
720575940617393625,4.1736995089840065e-06,1011
720575940620170887,4.165710590303868e-06,1012
720575940634210155,4.1639768749107985e-06,1013
720575940637317198,4.160731158499131e-06,1014
720575940613527618,4.158247036374069e-06,1015
720575940626938645,4.1454142258680305e-06,1016
720575940612670354,4.137012621427985e-06,1017
720575940639773091,4.133891166019541e-06,1018
720575940622934817,4.1306812422072694e-06,1019
720575940627383685,4.1204066565041955e-06,1020
720575940620038779,4.118212435015931e-06,1021
720575940613687789,4.117431156550564e-06,1022
720575940627828040,4.116462289306734e-06,1023
720575940630839371,4.105502989036595e-06,1024
720575940641781133,4.095463440218491e-06,1025
720575940612599215,4.093278733662303e-06,1026
720575940614432918,4.093086259702647e-06,1027
720575940632958253,4.092510385909949e-06,1028
720575940622160560,4.0823607656565166e-06,1029
720575940635047672,4.082197201249973e-06,1030
720575940619524555,4.081073437118376e-06,1031
720575940632407826,4.080291175147784e-06,1032
720575940644275223,4.078877902705844e-06,1033
720575940640852056,4.061874905604641e-06,1034
720575940647586948,4.055329206433172e-06,1035
720575940612963570,4.053751400432226e-06,1036
720575940609405635,4.042591916005024e-06,1037
720575940621043753,4.0373194617972575e-06,1038
720575940637274852,4.029314692463169e-06,1039
720575940629426025,4.019299830958739e-06,1040
720575940639705077,4.011736012909832e-06,1041
720575940616400470,4.01115778420161e-06,1042
720575940622520908,4.0002073639692776e-06,1043
720575940619559815,3.9987035635123015e-06,1044
720575940645538158,3.9942151064707176e-06,1045
720575940632659404,3.993663317630428e-06,1046
720575940623432918,3.990193240601191e-06,1047
720575940629768919,3.9842682753554645e-06,1048
720575940633350812,3.978141812908365e-06,1049
720575940608909269,3.969540589124946e-06,1050
720575940626857368,3.967294874527316e-06,1051
720575940631631564,3.963627001928261e-06,1052
720575940621805261,3.960839437579303e-06,1053
720575940626877639,3.958624295915155e-06,1054
720575940609522382,3.9556518766548365e-06,1055
720575940633208647,3.9394995432144966e-06,1056
720575940617298747,3.934764718129295e-06,1057
720575940633087628,3.930230147458418e-06,1058
720575940621586473,3.915174405485727e-06,1059
720575940617613858,3.9148663151147e-06,1060
720575940623455239,3.910104840804928e-06,1061
720575940629602871,3.899251053491525e-06,1062
720575940627429907,3.8907566957676814e-06,1063
720575940612443890,3.886668990126761e-06,1064
720575940621024545,3.8785010782488525e-06,1065
720575940639705808,3.8730667579152155e-06,1066
720575940632047890,3.857709113876603e-06,1067
720575940640696027,3.850422049521967e-06,1068
720575940627403578,3.847864961634831e-06,1069
720575940612288947,3.838596648262405e-06,1070
720575940620173737,3.825053699384874e-06,1071
720575940640908707,3.821408924316409e-06,1072
720575940624472334,3.815319472814193e-06,1073
720575940631353484,3.811815004377873e-06,1074
720575940624231143,3.808995192925932e-06,1075
720575940622778820,3.805849766363626e-06,1076
720575940637197710,3.797492215842028e-06,1077
720575940626068569,3.7832454172571397e-06,1078
720575940651736566,3.7802959006073324e-06,1079
720575940609644498,3.779933005878664e-06,1080
720575940608788088,3.7792004010264264e-06,1081
720575940621411749,3.7789897381482723e-06,1082
720575940610482883,3.7757689749572254e-06,1083
720575940627236629,3.7749204025467472e-06,1084
720575940631693354,3.7712872947457105e-06,1085
720575940631924584,3.7662435577686235e-06,1086
720575940628129129,3.7618615296633433e-06,1087
720575940623817223,3.7585676702977348e-06,1088
720575940635304110,3.748488732967187e-06,1089
720575940615505406,3.747845561335864e-06,1090
720575940638770148,3.7445133020922415e-06,1091
720575940617401122,3.7405019713819755e-06,1092
720575940606607234,3.734846615144996e-06,1093
720575940632189900,3.733296801203325e-06,1094
720575940640396173,3.729904956776594e-06,1095
720575940614456332,3.7266097967181755e-06,1096
720575940618859480,3.70629501173473e-06,1097
720575940629594106,3.7052733343143216e-06,1098
720575940626730883,3.689849314725578e-06,1099
720575940607982428,3.6849302117887085e-06,1100
720575940634458719,3.6811447588396084e-06,1101
720575940619582168,3.680262705267523e-06,1102
720575940622160705,3.678578990317162e-06,1103
720575940623684366,3.675977846610539e-06,1104
720575940638714694,3.670273533305066e-06,1105
720575940633556644,3.660662006208064e-06,1106
720575940615500286,3.6464546001868934e-06,1107
720575940623431571,3.6432241595421724e-06,1108
720575940630009794,3.6381149540742863e-06,1109
720575940620718605,3.637124644578603e-06,1110
720575940627448860,3.6340259949067893e-06,1111
720575940628954954,3.6291777551538735e-06,1112
720575940622225800,3.627974803264707e-06,1113
720575940620982437,3.6249510728561796e-06,1114
720575940611864243,3.62229847870714e-06,1115
720575940630098243,3.605852340654358e-06,1116
720575940628680553,3.5971708179976e-06,1117
720575940626404337,3.584261999178429e-06,1118
720575940649809273,3.5779743378684128e-06,1119
720575940632040652,3.572469655746599e-06,1120
720575940613590579,3.568622390981133e-06,1121
720575940613311914,3.5643204573731806e-06,1122
720575940610627396,3.5505175900260393e-06,1123
720575940634257890,3.5459600858591772e-06,1124
720575940607774044,3.5430101662864496e-06,1125
720575940641480949,3.5279421068389846e-06,1126
720575940618440000,3.521411908605365e-06,1127
720575940623556755,3.5202565067141695e-06,1128
720575940610995410,3.5134986971335828e-06,1129
720575940627715870,3.5073350494692578e-06,1130
720575940612906518,3.50700880692184e-06,1131
720575940606428850,3.5041200899961814e-06,1132
720575940633373651,3.5021138957989977e-06,1133
720575940626784868,3.502096855837313e-06,1134
720575940610231509,3.498462950000719e-06,1135
720575940637561321,3.4922995593186404e-06,1136
720575940619038493,3.479597465799651e-06,1137
720575940622801101,3.477283345433512e-06,1138
720575940609423299,3.4731874803264863e-06,1139
720575940633212556,3.4691292321007513e-06,1140
720575940636104767,3.46339717487602e-06,1141
720575940626799920,3.4575654263320177e-06,1142
720575940610698052,3.457315799570195e-06,1143
720575940647228468,3.4511696588507793e-06,1144
720575940644390436,3.4482336723894544e-06,1145
720575940622895288,3.4474738829489928e-06,1146
720575940615821981,3.4459990858081936e-06,1147
720575940619038366,3.439165941621273e-06,1148
720575940637743076,3.438203567143787e-06,1149
720575940632815315,3.4319035631034223e-06,1150
720575940641904525,3.4291237059794918e-06,1151
720575940634198926,3.42871585663417e-06,1152
720575940627423740,3.421698380176746e-06,1153
720575940644978711,3.4208165454093178e-06,1154
720575940628319335,3.4150282709460343e-06,1155
720575940627311106,3.4125240374718962e-06,1156
720575940630086698,3.4110084810138547e-06,1157
720575940628437291,3.4100361101672656e-06,1158
720575940610199781,3.4094533788817573e-06,1159
720575940629256779,3.4079624690787795e-06,1160
720575940609832410,3.4038894049460297e-06,1161
720575940626092302,3.4022494364187002e-06,1162
720575940629757036,3.398606148043691e-06,1163
720575940638009434,3.398031356457652e-06,1164
720575940620633947,3.394019729948621e-06,1165
720575940634646753,3.388763673273691e-06,1166
720575940611644529,3.3646941525603298e-06,1167
720575940612682467,3.3640642506789992e-06,1168
720575940618106553,3.3607798277578415e-06,1169
720575940605218220,3.3543653575132143e-06,1170
720575940643740872,3.3503768772410025e-06,1171
720575940632607948,3.3475746317225148e-06,1172
720575940631508598,3.347194285243821e-06,1173
720575940629015040,3.346840324559529e-06,1174
720575940610738898,3.340787165336826e-06,1175
720575940646094359,3.3364426798916697e-06,1176
720575940622263066,3.335134410118019e-06,1177
720575940615036319,3.333434318202975e-06,1178
720575940631956388,3.329597273379409e-06,1179
720575940633631396,3.3166684192035435e-06,1180
720575940616202838,3.310731504183448e-06,1181
720575940624106388,3.3045010776573156e-06,1182
720575940627888144,3.3035514141826014e-06,1183
720575940629063418,3.2941167040050424e-06,1184
720575940614431185,3.292763269115324e-06,1185
720575940630006636,3.2915147679295234e-06,1186
720575940628030440,3.288184324916366e-06,1187
720575940629421415,3.282132516243618e-06,1188
720575940617280657,3.2608653580027722e-06,1189
720575940615424571,3.253652257097566e-06,1190
720575940633315921,3.250121810840602e-06,1191
720575940612635050,3.247996843771846e-06,1192
720575940619771375,3.246455952358155e-06,1193
720575940626046919,3.2427683481995415e-06,1194
720575940629714476,3.242432184335171e-06,1195
720575940631939415,3.2327143530098195e-06,1196
720575940641585627,3.2312360501561833e-06,1197
720575940633688416,3.2276500240418955e-06,1198
720575940624333802,3.2242197782878535e-06,1199
720575940615655611,3.221988043337467e-06,1200
720575940625175054,3.2191358415341658e-06,1201
720575940645972276,3.2158256311913906e-06,1202
720575940619424020,3.2120828651388267e-06,1203
720575940639082318,3.2120370987825907e-06,1204
720575940621009773,3.2081652289677768e-06,1205
720575940614998166,3.202269166401083e-06,1206
720575940613626521,3.1979418745877616e-06,1207
720575940629412170,3.192742744284606e-06,1208
720575940617461844,3.1796713762199717e-06,1209
720575940619031837,3.1783447425555715e-06,1210
720575940627812168,3.169996545754322e-06,1211
720575940629552170,3.164624057911715e-06,1212
720575940629900226,3.157674077893911e-06,1213
720575940617932368,3.156528614125569e-06,1214
720575940624269706,3.1526113971462206e-06,1215
720575940611366058,3.1490196800435274e-06,1216
720575940615393959,3.1488199576318867e-06,1217
720575940637458997,3.1445960173273467e-06,1218
720575940641282267,3.1444717495806945e-06,1219
720575940608335299,3.1356505498628187e-06,1220
720575940630991311,3.131663231072775e-06,1221
720575940626591875,3.1265568740780036e-06,1222
720575940612146174,3.1236261034375475e-06,1223
720575940628238217,3.120375017946137e-06,1224
720575940621777390,3.120191707689822e-06,1225
720575940612612757,3.1199539761278576e-06,1226
720575940626224280,3.1189731765919115e-06,1227
720575940633869281,3.1188364386366303e-06,1228
720575940615572597,3.118335524246866e-06,1229
720575940621460115,3.106903212954518e-06,1230
720575940626153488,3.1062240495693826e-06,1231
720575940645282158,3.102147308639953e-06,1232
720575940630488540,3.101308318559211e-06,1233
720575940630291767,3.0945919938344063e-06,1234
720575940619866027,3.0932186260239e-06,1235
720575940620749807,3.0919670602153943e-06,1236
720575940623154712,3.088508320307759e-06,1237
720575940623525258,3.0835222309043607e-06,1238
720575940609948514,3.0771266568650416e-06,1239
720575940651646966,3.076479274119661e-06,1240
720575940624344556,3.0741683529690994e-06,1241
720575940644659236,3.063120531905554e-06,1242
720575940620657857,3.0543841926974666e-06,1243
720575940624706062,3.04813635745156e-06,1244
720575940641148149,3.04123330931855e-06,1245
720575940617750070,3.0357007319938333e-06,1246
720575940623563229,3.0341933710725195e-06,1247
720575940631549202,3.033998994275334e-06,1248
720575940626973201,3.0337920396391386e-06,1249
720575940632029496,3.0331649101321016e-06,1250
720575940615382751,3.025623220643652e-06,1251
720575940645039383,3.024073237295092e-06,1252
720575940624534972,3.018125608760937e-06,1253
720575940629437054,3.0152988332877863e-06,1254
720575940647003188,3.010319917716382e-06,1255
720575940619432261,3.0102869208865913e-06,1256
720575940639198397,3.003783458744453e-06,1257
720575940616738390,3.000007706073422e-06,1258
720575940611597298,2.9977137938622402e-06,1259
720575940612203482,2.9936359982548887e-06,1260
720575940632307025,2.9927549370206446e-06,1261
720575940645047831,2.9908671112484947e-06,1262
720575940639278781,2.976811933236994e-06,1263
720575940647966260,2.97613557173627e-06,1264
720575940620627035,2.9712657202585733e-06,1265
720575940614633867,2.9699573882632277e-06,1266
720575940622581173,2.9695656770408865e-06,1267
720575940627667530,2.966144402855635e-06,1268
720575940626977947,2.959859037710199e-06,1269
720575940615359794,2.959061285085341e-06,1270
720575940629796222,2.9568800765742512e-06,1271
720575940633995949,2.953656758518863e-06,1272
720575940622944491,2.95262937314801e-06,1273
720575940621771041,2.9508862693185357e-06,1274
720575940619998630,2.9493269308774816e-06,1275
720575940618273241,2.9467640371664333e-06,1276
720575940628419804,2.941973424583522e-06,1277
720575940622667303,2.9304575986888155e-06,1278
720575940633901395,2.929245626812617e-06,1279
720575940624152051,2.9286920846167303e-06,1280
720575940633488153,2.9277334042631405e-06,1281
720575940619608625,2.925785935135639e-06,1282
720575940619671616,2.9247078521933592e-06,1283
720575940631335528,2.9234834141587634e-06,1284
720575940612710883,2.922046346257748e-06,1285
720575940619134493,2.9110630197626335e-06,1286
720575940621668079,2.9030798377439946e-06,1287
720575940623250407,2.9024199951933985e-06,1288
720575940628429626,2.8958795388426794e-06,1289
720575940634601067,2.893998198334349e-06,1290
720575940619625837,2.8913871110152795e-06,1291
720575940632102564,2.8911220332368045e-06,1292
720575940631327739,2.8821405028194926e-06,1293
720575940624743946,2.878316348196237e-06,1294
720575940631383400,2.8764157622772274e-06,1295
720575940659860609,2.8744737800224103e-06,1296
720575940624287741,2.8622906981942014e-06,1297
720575940634093337,2.8609232737987195e-06,1298
720575940626849546,2.8567602192388177e-06,1299
720575940646156420,2.8543938098839886e-06,1300
720575940636279273,2.852735020970757e-06,1301
720575940627111752,2.8527033677954523e-06,1302
720575940628370732,2.8466275419929067e-06,1303
720575940612036837,2.845390231273972e-06,1304
720575940628522540,2.8419841547783987e-06,1305
720575940630182972,2.8319928525143994e-06,1306
720575940635926335,2.8296685545688795e-06,1307
720575940625984528,2.8247336514584905e-06,1308
720575940611988391,2.823315880119724e-06,1309
720575940642199496,2.8200758304871194e-06,1310
720575940608035374,2.8178189069029406e-06,1311
720575940620103595,2.8169588161857416e-06,1312
720575940625148505,2.8153314729514448e-06,1313
720575940641285877,2.81337555885932e-06,1314
720575940625580988,2.8119154896701537e-06,1315
720575940622473292,2.811629758165388e-06,1316
720575940620980323,2.8105902564181607e-06,1317
720575940632602316,2.8083804532180176e-06,1318
720575940631349335,2.8081451445267792e-06,1319
720575940618599277,2.8024886022828724e-06,1320
720575940609387100,2.801474700444037e-06,1321
720575940604737708,2.801339007487396e-06,1322
720575940626289021,2.7981798784068645e-06,1323
720575940603874784,2.7927798117702853e-06,1324
720575940613019541,2.7848066716272137e-06,1325
720575940648188548,2.7843269562994394e-06,1326
720575940630204155,2.779472734268289e-06,1327
720575940620649972,2.7766408520616273e-06,1328
720575940630808827,2.7760417472305697e-06,1329
720575940615898730,2.7758247796458084e-06,1330
720575940615370635,2.774294635769764e-06,1331
720575940625053186,2.7701936725420436e-06,1332
720575940632726220,2.7675813825345748e-06,1333
720575940627149002,2.750809649517595e-06,1334
720575940622529939,2.750528083415801e-06,1335
720575940629192975,2.7503079813480062e-06,1336
720575940631705130,2.7494292937110115e-06,1337
720575940623007100,2.739522463162711e-06,1338
720575940624788372,2.7319280380878398e-06,1339
720575940625813140,2.7318905247620806e-06,1340
720575940619636615,2.7307620487347987e-06,1341
720575940629589711,2.7302417923773317e-06,1342
720575940647441955,2.726323378370065e-06,1343
720575940627234069,2.72618628708608e-06,1344
720575940614660263,2.7259942624918e-06,1345
720575940615611303,2.7256289144944977e-06,1346
720575940612354034,2.7253835306140273e-06,1347
720575940622266236,2.722911640843306e-06,1348
720575940619016059,2.718353079596455e-06,1349
720575940626445852,2.711267870420981e-06,1350
720575940621384212,2.710050055975438e-06,1351
720575940629742718,2.7080910106077234e-06,1352
720575940634826676,2.7078965542635157e-06,1353
720575940617530525,2.705069362583036e-06,1354
720575940618409045,2.7047755564879322e-06,1355
720575940617151266,2.704197692051726e-06,1356
720575940620183973,2.7040586818737666e-06,1357
720575940622540899,2.6966576073071918e-06,1358
720575940621442124,2.6960519396502174e-06,1359
720575940631714119,2.6949797915101994e-06,1360
720575940612311987,2.6861216528218246e-06,1361
720575940627206074,2.6848760064510865e-06,1362
720575940624700138,2.6843689852920893e-06,1363
720575940617290043,2.6841504103148023e-06,1364
720575940629821740,2.682981867230111e-06,1365
720575940634825879,2.6806215402996053e-06,1366
720575940630181852,2.678107498362088e-06,1367
720575940613816062,2.6708685926424886e-06,1368
720575940615744742,2.6685741588796677e-06,1369
720575940634645867,2.665111268669167e-06,1370
720575940631328763,2.6611673714118176e-06,1371
720575940630603091,2.652224127391405e-06,1372
720575940628417280,2.6502468485849937e-06,1373
720575940647034676,2.643930931912143e-06,1374
720575940614310802,2.6301737968801147e-06,1375
720575940624704393,2.627474485356902e-06,1376
720575940626006200,2.622599642192197e-06,1377
720575940610088883,2.619408217016053e-06,1378
720575940623847181,2.6193664004014703e-06,1379
720575940622251411,2.612263133187528e-06,1380
720575940630041900,2.60530186786288e-06,1381
720575940641281013,2.605069247969153e-06,1382
720575940616864217,2.6013681458877834e-06,1383
720575940622996579,2.591100883033574e-06,1384
720575940632303441,2.590542703847841e-06,1385
720575940623533749,2.589685182423918e-06,1386
720575940616826380,2.58621484464765e-06,1387
720575940620887536,2.581605826832131e-06,1388
720575940632640287,2.5799622956199836e-06,1389
720575940627907884,2.5790281581014035e-06,1390
720575940611502286,2.5789440531806836e-06,1391
720575940633095137,2.578157819006622e-06,1392
720575940617638946,2.577535945625195e-06,1393
720575940635967886,2.5740039613670746e-06,1394
720575940611151406,2.5727702232202614e-06,1395
720575940645503854,2.5726708356101387e-06,1396
720575940605780140,2.572253509273124e-06,1397
720575940624394790,2.5701682304663413e-06,1398
720575940631328738,2.5649924947070664e-06,1399
720575940616748756,2.561592833191059e-06,1400
720575940618031394,2.5601728236686405e-06,1401
720575940614236200,2.5498645292180567e-06,1402
720575940632900665,2.549482851415033e-06,1403
720575940625927868,2.5494362674173116e-06,1404
720575940621067204,2.5449303486589687e-06,1405
720575940633749217,2.5442961342858377e-06,1406
720575940637334756,2.5428510301417504e-06,1407
720575940644669732,2.535116538727093e-06,1408
720575940617371732,2.530785494549279e-06,1409
720575940648180868,2.520093885477614e-06,1410
720575940617024562,2.51734389687699e-06,1411
720575940621242025,2.516658844360064e-06,1412
720575940615097275,2.5155568739007453e-06,1413
720575940624134296,2.5136608504694983e-06,1414
720575940628683063,2.505934626770164e-06,1415
720575940616298171,2.505484306736849e-06,1416
720575940620057626,2.502525760503296e-06,1417
720575940605601214,2.500271426400125e-06,1418
720575940621057702,2.4987707241596558e-06,1419
720575940617089241,2.4976942765349024e-06,1420
720575940615798470,2.492282494239596e-06,1421
720575940618816054,2.487673097760309e-06,1422
720575940631309866,2.487532862548706e-06,1423
720575940636879534,2.485638215019796e-06,1424
720575940624897516,2.484783511048467e-06,1425
720575940631517251,2.4832719644252507e-06,1426
720575940631176151,2.4822684806599974e-06,1427
720575940633333017,2.481091101955502e-06,1428
720575940640978421,2.481032116524248e-06,1429
720575940655013281,2.4782371482616683e-06,1430
720575940623165965,2.475071322668517e-06,1431
720575940611207922,2.471477198116924e-06,1432
720575940627027087,2.4582071849837257e-06,1433
720575940631455140,2.4543424018617645e-06,1434
720575940607725321,2.448056358406043e-06,1435
720575940617393435,2.4456368607429057e-06,1436
720575940620979638,2.4438572678693613e-06,1437
720575940614311746,2.443279263836082e-06,1438
720575940625852464,2.4330060286220124e-06,1439
720575940603676448,2.431773667139273e-06,1440
720575940621334181,2.431619327885282e-06,1441
720575940620988276,2.4313861145324754e-06,1442
720575940619729286,2.430451169819837e-06,1443
720575940608193884,2.4253191800741658e-06,1444
720575940619762880,2.4239297764609865e-06,1445
720575940620866036,2.4233150278947825e-06,1446
720575940611813842,2.4201940491865307e-06,1447
720575940621457079,2.417938775954703e-06,1448
720575940631914700,2.4157607770376258e-06,1449
720575940628478823,2.41458644568605e-06,1450
720575940622154266,2.4125869022562352e-06,1451
720575940624833673,2.4121401504888302e-06,1452
720575940617917396,2.4102140518688793e-06,1453
720575940615092019,2.4078493201130203e-06,1454
720575940629669175,2.4076319281165693e-06,1455
720575940635282910,2.4073756613849673e-06,1456
720575940620813989,2.406302081790031e-06,1457
720575940611746418,2.405591959944962e-06,1458
720575940631629160,2.4029556751411614e-06,1459
720575940638360960,2.4008908674316393e-06,1460
720575940626625813,2.3991131957292375e-06,1461
720575940625861251,2.3985576700229874e-06,1462
720575940612766515,2.398373499977224e-06,1463
720575940647036980,2.3954425014732397e-06,1464
720575940637721653,2.3924875532648566e-06,1465
720575940636592302,2.3922509571407407e-06,1466
720575940628844712,2.3920552602607475e-06,1467
720575940625483962,2.386746555568728e-06,1468
720575940618184773,2.3846163543603132e-06,1469
720575940633722849,2.383656654656685e-06,1470
720575940626475653,2.3805956892322857e-06,1471
720575940635210603,2.3773686429622767e-06,1472
720575940618987600,2.376314257756107e-06,1473
720575940635968398,2.3728472000761797e-06,1474
720575940611976618,2.3724186323205132e-06,1475
720575940616649845,2.3712644537155923e-06,1476
720575940623314312,2.371127026909862e-06,1477
720575940635362716,2.3687348679849327e-06,1478
720575940630654226,2.367448093340766e-06,1479
720575940625873560,2.365463475154149e-06,1480
720575940612327091,2.364119521646232e-06,1481
720575940602718432,2.356922179196603e-06,1482
720575940631617017,2.3558220455862546e-06,1483
720575940630550058,2.354404494504841e-06,1484
720575940631994728,2.353572409478651e-06,1485
720575940628942340,2.3524733927793643e-06,1486
720575940619549867,2.3522000655130667e-06,1487
720575940631034936,2.349944276680284e-06,1488
720575940634295191,2.345229951334211e-06,1489
720575940628154364,2.344410860211969e-06,1490
720575940641627099,2.3427352209830295e-06,1491
720575940618355870,2.342338483100646e-06,1492
720575940618942721,2.3383837505340323e-06,1493
720575940630041452,2.337129313354301e-06,1494
720575940639762291,2.335984320867216e-06,1495
720575940633123539,2.3321755021149663e-06,1496
720575940632632607,2.328381471942143e-06,1497
720575940651231478,2.327374013193708e-06,1498
720575940624404872,2.322896321015785e-06,1499
720575940606222014,2.3178634302894464e-06,1500
720575940623759248,2.312862255129189e-06,1501
720575940629443626,2.3077404741259542e-06,1502
720575940642894628,2.303427637481589e-06,1503
720575940622010373,2.2971878197084467e-06,1504
720575940626783065,2.2966086731214774e-06,1505
720575940612558061,2.2953448116348574e-06,1506
720575940611385806,2.291410222255026e-06,1507
720575940629263888,2.291012756262517e-06,1508
720575940622351996,2.289923343031603e-06,1509
720575940606461216,2.289441776215336e-06,1510
720575940644801060,2.283197611405035e-06,1511
720575940641363957,2.2826798820449273e-06,1512
720575940617035153,2.2815922010551904e-06,1513
720575940629812346,2.2801342338981564e-06,1514
720575940606149321,2.279936877448134e-06,1515
720575940617477022,2.279173282780883e-06,1516
720575940632200749,2.276090981524272e-06,1517
720575940630733884,2.2755224490099006e-06,1518
720575940612429714,2.2732153729644376e-06,1519
720575940629249783,2.2728291421846626e-06,1520
720575940626816062,2.2695002995975923e-06,1521
720575940634560922,2.269073445809196e-06,1522
720575940615296766,2.259657174743417e-06,1523
720575940611981029,2.256607505347419e-06,1524
720575940631153455,2.255706060239044e-06,1525
720575940625566290,2.254977454191506e-06,1526
720575940632678099,2.253453908083205e-06,1527
720575940612308963,2.2528613628193196e-06,1528
720575940624395528,2.2511620221210302e-06,1529
720575940620039259,2.246527236230931e-06,1530
720575940628613223,2.2450515262977046e-06,1531
720575940635771316,2.2448931560787606e-06,1532
720575940625718053,2.242427395970858e-06,1533
720575940659340673,2.238312234082534e-06,1534
720575940605353649,2.237462470285222e-06,1535
720575940636809646,2.236224301979751e-06,1536
720575940630246364,2.234908987060736e-06,1537
720575940623228967,2.2276732239941073e-06,1538
720575940633996883,2.2240139779468664e-06,1539
720575940643846180,2.2196286717758426e-06,1540
720575940619891591,2.2192408847707495e-06,1541
720575940621976097,2.216675020164894e-06,1542
720575940634026925,2.216381992795971e-06,1543
720575940625567674,2.2142644039547745e-06,1544
720575940627210502,2.2085587596080133e-06,1545
720575940628641127,2.1995052498622822e-06,1546
720575940623137212,2.196749562614698e-06,1547
720575940620842111,2.1962403234491334e-06,1548
720575940610450418,2.192575656798801e-06,1549
720575940623322877,2.1882429987908785e-06,1550
720575940626887080,2.1872594572052335e-06,1551
720575940645537902,2.1862835590208894e-06,1552
720575940622188568,2.1859967399629782e-06,1553
720575940631989352,2.1796914931720947e-06,1554
720575940640763507,2.1713795168637257e-06,1555
720575940623019544,2.170588674622884e-06,1556
720575940627253604,2.170440223248215e-06,1557
720575940637323071,2.1658773510168513e-06,1558
720575940618097573,2.157306202248314e-06,1559
720575940622696944,2.1542755736105376e-06,1560
720575940619042427,2.147660846165183e-06,1561
720575940631939432,2.1339334553078956e-06,1562
720575940627820806,2.1325039716508784e-06,1563
720575940619757366,2.1301997770915625e-06,1564
720575940632317997,2.128407915471551e-06,1565
720575940612438514,2.1276969054262004e-06,1566
720575940611549902,2.125718642678419e-06,1567
720575940619058334,2.1248965864902443e-06,1568
720575940621261296,2.123577906886239e-06,1569
720575940620110215,2.1228886521013144e-06,1570
720575940624574100,2.1222074507139652e-06,1571
720575940624816115,2.112686713508509e-06,1572
720575940617809181,2.1124930501219885e-06,1573
720575940622671655,2.108328630204283e-06,1574
720575940640316238,2.1072050384059738e-06,1575
720575940621569728,2.106602857659822e-06,1576
720575940619076731,2.106153844123758e-06,1577
720575940621148948,2.100822193767157e-06,1578
720575940614384757,2.100531487590359e-06,1579
720575940623676394,2.098861751485143e-06,1580
720575940628627867,2.0973846473819703e-06,1581
720575940613929391,2.096054309073949e-06,1582
720575940629098028,2.0940014892141956e-06,1583
720575940643347616,2.0927331536525705e-06,1584
720575940628891396,2.0911309359059804e-06,1585
720575940623742461,2.0900698145843584e-06,1586
720575940616186507,2.0886159053183414e-06,1587
720575940618594022,2.0872144048025936e-06,1588
720575940615484063,2.0830387504256793e-06,1589
720575940611308181,2.0819533192403247e-06,1590
720575940629377218,2.080725774212739e-06,1591
720575940634357867,2.078325877701769e-06,1592
720575940631250744,2.077387171421675e-06,1593
720575940612921746,2.0767817413329122e-06,1594
720575940621405861,2.0722594673527897e-06,1595
720575940622878719,2.0677263196437844e-06,1596
720575940627467087,2.0671021533474772e-06,1597
720575940615715003,2.063570643351131e-06,1598
720575940611905177,2.061186830058985e-06,1599
720575940623078852,2.0594994025981057e-06,1600
720575940616861697,2.056911366303658e-06,1601
720575940623276988,2.0566030147430326e-06,1602
720575940635211115,2.0553767972874388e-06,1603
720575940617373268,2.0508677046758525e-06,1604
720575940620012253,2.043652092469648e-06,1605
720575940612686233,2.0370558330994833e-06,1606
720575940620474278,2.036155465384667e-06,1607
720575940621365236,2.031264949152069e-06,1608
720575940620192677,2.025425836874757e-06,1609
720575940625874992,2.019563809532196e-06,1610
720575940608475331,2.01926285111022e-06,1611
720575940629828407,2.016103891036686e-06,1612
720575940631365260,2.014932355501134e-06,1613
720575940631344971,2.0148103235710264e-06,1614
720575940615948610,2.013470143051089e-06,1615
720575940627327238,2.0092842990840272e-06,1616
720575940633941293,2.0086899847432596e-06,1617
720575940611859570,2.0056185648271246e-06,1618
720575940640858019,2.004725455455982e-06,1619
720575940623209165,1.998442948178267e-06,1620
720575940617997140,1.9982152799562484e-06,1621
720575940608239627,1.997407306008908e-06,1622
720575940643315748,1.995998915856958e-06,1623
720575940624604710,1.995419399750243e-06,1624
720575940639542691,1.9936291828358865e-06,1625
720575940611197658,1.988904017561148e-06,1626
720575940629486075,1.9879074645846594e-06,1627
720575940639172585,1.9876358197083676e-06,1628
720575940625119671,1.987132923346988e-06,1629
720575940619738315,1.9867547244673393e-06,1630
720575940627916331,1.986031057275249e-06,1631
720575940612281907,1.9843600761389346e-06,1632
720575940637482473,1.9825078886739607e-06,1633
720575940620593840,1.9783355930957435e-06,1634
720575940618772719,1.9778610888566853e-06,1635
720575940627170759,1.975292793285666e-06,1636
720575940606391218,1.973653542372195e-06,1637
720575940639789475,1.973427295118057e-06,1638
720575940635574958,1.9712510653577426e-06,1639
720575940634251164,1.9689782742699078e-06,1640
720575940636454136,1.9670442134594478e-06,1641
720575940625961049,1.9659831976930066e-06,1642
720575940614403178,1.96482157833746e-06,1643
720575940626835146,1.9636931259708326e-06,1644
720575940629064186,1.959613412087349e-06,1645
720575940625703923,1.9536847590217043e-06,1646
720575940615894614,1.9516737202868094e-06,1647
720575940614235323,1.9506210039045516e-06,1648
720575940640329424,1.950429204872126e-06,1649
720575940628125339,1.9482505611607632e-06,1650
720575940626574108,1.9428762876419033e-06,1651
720575940631092943,1.9421115178943823e-06,1652
720575940613589167,1.942006949826196e-06,1653
720575940635733172,1.939909930463343e-06,1654
720575940620135645,1.9394102278977465e-06,1655
720575940619378123,1.937917333029381e-06,1656
720575940625849031,1.933928040185282e-06,1657
720575940618314897,1.9333878749084494e-06,1658
720575940613281064,1.9307942668244197e-06,1659
720575940617476379,1.9282276913504677e-06,1660
720575940633316563,1.925943922537997e-06,1661
720575940629502251,1.925779802063028e-06,1662
720575940617672920,1.9251207349835853e-06,1663
720575940620835327,1.9248046736748486e-06,1664
720575940633116256,1.9238657780261806e-06,1665
720575940632727756,1.920376588816001e-06,1666
720575940605188542,1.920344100063372e-06,1667
720575940616564534,1.918341272332289e-06,1668
720575940623974858,1.9156426687734814e-06,1669
720575940631072783,1.9140454700329367e-06,1670
720575940604735660,1.908679954083155e-06,1671
720575940620001360,1.9070090781174953e-06,1672
720575940606425033,1.9067260656050349e-06,1673
720575940660224641,1.9061233949576188e-06,1674
720575940629304702,1.9058829925756931e-06,1675
720575940627750216,1.9038658328455886e-06,1676
720575940631388589,1.9004480943427957e-06,1677
720575940649081465,1.8989540340990053e-06,1678
720575940625779642,1.894855203535242e-06,1679
720575940622493260,1.889341310045864e-06,1680
720575940634207087,1.885199381748343e-06,1681
720575940630431225,1.882930860047233e-06,1682
720575940619182933,1.8821595022467195e-06,1683
720575940631708973,1.8815276119373258e-06,1684
720575940639205198,1.8787488731591592e-06,1685
720575940629207963,1.8781674319531232e-06,1686
720575940624539993,1.875200996271447e-06,1687
720575940646753412,1.8735753450445749e-06,1688
720575940613339875,1.873494736171861e-06,1689
720575940628197392,1.8730025682223045e-06,1690
720575940639747235,1.8656553774479049e-06,1691
720575940610236514,1.8656203413196899e-06,1692
720575940605450342,1.8626956686418535e-06,1693
720575940624987175,1.861634934785347e-06,1694
720575940624885250,1.861480658713753e-06,1695
720575940627420668,1.861127168689895e-06,1696
720575940627488455,1.859235266884953e-06,1697
720575940620994292,1.8580363968617533e-06,1698
720575940631017783,1.8573719472404184e-06,1699
720575940634790648,1.851471992476367e-06,1700
720575940644465568,1.8512491026784638e-06,1701
720575940632159519,1.8489709733320617e-06,1702
720575940615757162,1.847543899112484e-06,1703
720575940647703348,1.8472046997650104e-06,1704
720575940627194174,1.8461173682900424e-06,1705
720575940618332757,1.8452800919703728e-06,1706
720575940646530414,1.84130662816778e-06,1707
720575940620321728,1.8411668047162565e-06,1708
720575940628136347,1.8399130725019766e-06,1709
720575940629312300,1.8374652866995074e-06,1710
720575940633772257,1.8352262819020195e-06,1711
720575940632008109,1.8344174418868945e-06,1712
720575940619741104,1.8307224183948545e-06,1713
720575940633008952,1.8298861773465589e-06,1714
720575940618291520,1.8279900727939423e-06,1715
720575940629398466,1.823524010450318e-06,1716
720575940632649697,1.8219955009668672e-06,1717
720575940627189525,1.8189126511695335e-06,1718
720575940613501337,1.8187730797404344e-06,1719
720575940618149336,1.8148369649858602e-06,1720
720575940636651376,1.8123534869404599e-06,1721
720575940635464343,1.8105919775565636e-06,1722
720575940635749751,1.8081867441951116e-06,1723
720575940613025331,1.8071641427024285e-06,1724
720575940630277175,1.806052273648632e-06,1725
720575940610584945,1.8059974535696586e-06,1726
720575940628177863,1.8037794800873351e-06,1727
720575940613099493,1.8014906115110365e-06,1728
720575940624450352,1.801190903063549e-06,1729
720575940612427670,1.7991822908664999e-06,1730
720575940618514043,1.7984455546708504e-06,1731
720575940620374693,1.7950306407399143e-06,1732
720575940622479732,1.793022412262995e-06,1733
720575940631140608,1.792691123343815e-06,1734
720575940627683588,1.7906995903973485e-06,1735
720575940615159859,1.790123631172528e-06,1736
720575940638125887,1.7846285941380297e-06,1737
720575940617882397,1.7835884773278837e-06,1738
720575940620909300,1.7807411461969325e-06,1739
720575940622123400,1.7753096731322072e-06,1740
720575940627344740,1.770573412150678e-06,1741
720575940615100211,1.7689227820447445e-06,1742
720575940627204362,1.7673064910788547e-06,1743
720575940625912871,1.7662248275095158e-06,1744
720575940626798736,1.7657144401271373e-06,1745
720575940621385855,1.7646746908645014e-06,1746
720575940625242314,1.7645847826917825e-06,1747
720575940628857210,1.76351595967434e-06,1748
720575940628102652,1.7612508292054347e-06,1749
720575940614940456,1.7583729648986127e-06,1750
720575940633328831,1.7582482978547726e-06,1751
720575940629123454,1.7575794858407805e-06,1752
720575940627083397,1.7551619901666075e-06,1753
720575940622263873,1.7546472568146087e-06,1754
720575940622257729,1.7542981950363635e-06,1755
720575940614059882,1.7533053236540369e-06,1756
720575940623134157,1.7530380512524733e-06,1757
720575940615583647,1.7528301277588364e-06,1758
720575940610253432,1.7524724156905868e-06,1759
720575940623824106,1.751023494003358e-06,1760
720575940614808844,1.750985860262096e-06,1761
720575940622485981,1.7495254665522585e-06,1762
720575940626009852,1.7492694165690248e-06,1763
720575940619403942,1.7456276804590814e-06,1764
720575940631735265,1.7447958645145298e-06,1765
720575940637686750,1.7439131307511509e-06,1766
720575940620686964,1.7416610455146454e-06,1767
720575940631061900,1.7381591391624195e-06,1768
720575940626191306,1.7370493044919948e-06,1769
720575940616287449,1.7365919759326303e-06,1770
720575940638496821,1.7361397740328908e-06,1771
720575940625388730,1.7330044123101296e-06,1772
720575940627949626,1.732272402041072e-06,1773
720575940620506996,1.7303160836798314e-06,1774
720575940639428174,1.7278407437707363e-06,1775
720575940633396636,1.7268430339347047e-06,1776
720575940624877360,1.7253244049105084e-06,1777
720575940615453182,1.7246834976076211e-06,1778
720575940632815780,1.7246355145354991e-06,1779
720575940641263312,1.723191598295137e-06,1780
720575940621827419,1.7224802494336178e-06,1781
720575940611516586,1.7216068586546231e-06,1782
720575940630236988,1.721006065246075e-06,1783
720575940629956695,1.720658515025394e-06,1784
720575940625552412,1.7200290325218486e-06,1785
720575940627976478,1.717900755444196e-06,1786
720575940605890784,1.7167565641154406e-06,1787
720575940628622140,1.7166085094312768e-06,1788
720575940613656231,1.71632826877948e-06,1789
720575940618291174,1.716163419389077e-06,1790
720575940618726171,1.7141597451625503e-06,1791
720575940638623677,1.7137506832274317e-06,1792
720575940631957218,1.7135614352567954e-06,1793
720575940617112989,1.7120375215877243e-06,1794
720575940620322497,1.711192589347004e-06,1795
720575940626860421,1.7100000954278778e-06,1796
720575940636737246,1.7057249924751862e-06,1797
720575940622859021,1.7039548301467984e-06,1798
720575940630352658,1.7035296896441587e-06,1799
720575940619898526,1.701926400353543e-06,1800
720575940609097429,1.7013059860982516e-06,1801
720575940626134354,1.7003904522615989e-06,1802
720575940617950877,1.6984744022366132e-06,1803
720575940638810677,1.696602274174891e-06,1804
720575940607451081,1.695074470745113e-06,1805
720575940614710509,1.6941894682684988e-06,1806
720575940629822842,1.693729082919109e-06,1807
720575940607619273,1.6930695101017906e-06,1808
720575940620082512,1.689206143304863e-06,1809
720575940637870510,1.6879523129454378e-06,1810
720575940628537852,1.6877469454930137e-06,1811
720575940621225313,1.6855774505442593e-06,1812
720575940618188859,1.6841732847168749e-06,1813
720575940621626394,1.6834432878548374e-06,1814
720575940617658997,1.681550050003359e-06,1815
720575940619114048,1.6803316637637048e-06,1816
720575940623261675,1.6795562542311404e-06,1817
720575940639553920,1.6790327099138148e-06,1818
720575940618325302,1.6788120059721689e-06,1819
720575940624154604,1.6769348420131641e-06,1820
720575940616936226,1.6739272968924709e-06,1821
720575940627941431,1.6712276732406068e-06,1822
720575940621716835,1.6711674195599608e-06,1823
720575940632410828,1.6689672402258202e-06,1824
720575940623195530,1.6643683078463776e-06,1825
720575940619986196,1.6629632196348043e-06,1826
720575940605114754,1.6625907381213735e-06,1827
720575940615153494,1.6615309666379164e-06,1828
720575940621861119,1.6599717504615713e-06,1829
720575940629422183,1.659696541779665e-06,1830
720575940631721785,1.6535906529588213e-06,1831
720575940626433881,1.652389561093243e-06,1832
720575940615970015,1.6487235651403095e-06,1833
720575940615071391,1.6467216866647213e-06,1834
720575940627722234,1.6395728546099043e-06,1835
720575940620568257,1.6393454223927596e-06,1836
720575940625518736,1.6390071851878715e-06,1837
720575940627732935,1.6383936845168443e-06,1838
720575940627500279,1.6367971602869138e-06,1839
720575940626575997,1.636334903770374e-06,1840
720575940634453093,1.6356010475271805e-06,1841
720575940618405686,1.6288790619006043e-06,1842
720575940611654570,1.6280780920684757e-06,1843
720575940631416121,1.6278773667393754e-06,1844
720575940617496925,1.6270924387038358e-06,1845
720575940618002747,1.6266519456204062e-06,1846
720575940610382771,1.6235428530682363e-06,1847
720575940610173048,1.6212980918490574e-06,1848
720575940614207894,1.620982878764543e-06,1849
720575940624140424,1.6206326675754598e-06,1850
720575940622057057,1.6196074900223646e-06,1851
720575940615979532,1.6163773090654746e-06,1852
720575940632009784,1.6146715023973878e-06,1853
720575940647560500,1.6131021226300942e-06,1854
720575940616167730,1.6111856751905794e-06,1855
720575940610091955,1.6108526469536423e-06,1856
720575940616019899,1.6078079342892237e-06,1857
720575940620310357,1.6026324584075623e-06,1858
720575940626733967,1.602319114031223e-06,1859
720575940629574082,1.601518827137785e-06,1860
720575940616164658,1.6013401956042882e-06,1861
720575940623164685,1.597469464060741e-06,1862
720575940644072483,1.5963383328188492e-06,1863
720575940618519454,1.595681250429603e-06,1864
720575940636346487,1.593197798417548e-06,1865
720575940637471039,1.5930820167684662e-06,1866
720575940626013315,1.5917893837102273e-06,1867
720575940631341928,1.5916363300597982e-06,1868
720575940629472298,1.5902810591943941e-06,1869
720575940627639528,1.5888664285678783e-06,1870
720575940643290272,1.5883082115324264e-06,1871
720575940626834698,1.5881815779682974e-06,1872
720575940621329328,1.5866736852122893e-06,1873
720575940620380449,1.5845464862301298e-06,1874
720575940623083242,1.5806625625184014e-06,1875
720575940623764116,1.5781339660321012e-06,1876
720575940639285949,1.5762110553357107e-06,1877
720575940626043966,1.5759697821618433e-06,1878
720575940614714514,1.5749330213284097e-06,1879
720575940611849826,1.5737987152642493e-06,1880
720575940607345586,1.5711886400463689e-06,1881
720575940626572802,1.5711175762859464e-06,1882
720575940625466387,1.5704308656179367e-06,1883
720575940627139530,1.5689594958348554e-06,1884
720575940629728811,1.5680353309759222e-06,1885
720575940633589855,1.5667650908647954e-06,1886
720575940623366102,1.5631161153597684e-06,1887
720575940621367572,1.562519501579908e-06,1888
720575940628861660,1.5608852627889801e-06,1889
720575940625426469,1.5583218878545597e-06,1890
720575940638164864,1.5582399755944173e-06,1891
720575940617079737,1.5574239155759942e-06,1892
720575940644751652,1.5546638464928873e-06,1893
720575940639994456,1.5538114069705633e-06,1894
720575940625807152,1.5506301025670438e-06,1895
720575940634900855,1.5502722053205368e-06,1896
720575940625477322,1.549989145389866e-06,1897
720575940620271636,1.549860490462633e-06,1898
720575940643439816,1.5493559251188258e-06,1899
720575940609592270,1.5493051400266647e-06,1900
720575940620711334,1.5487752697568454e-06,1901
720575940614165201,1.5429676561675409e-06,1902
720575940630657015,1.5422700773314518e-06,1903
720575940629438508,1.5420036749837767e-06,1904
720575940616946918,1.5405617365712128e-06,1905
720575940633575575,1.5402350878603085e-06,1906
720575940616952977,1.5399181168569034e-06,1907
720575940631406411,1.537163767860332e-06,1908
720575940635206251,1.5370003846680193e-06,1909
720575940631365340,1.5367901358541145e-06,1910
720575940633186530,1.5366086319471377e-06,1911
720575940640652752,1.5359059491430517e-06,1912
720575940603930046,1.5348172670266031e-06,1913
720575940615251251,1.5306322548385318e-06,1914
720575940632422219,1.5302820505317233e-06,1915
720575940613203119,1.5292170222618463e-06,1916
720575940628264585,1.527174778412782e-06,1917
720575940639715024,1.5257450797313103e-06,1918
720575940619145045,1.5248361658818144e-06,1919
720575940633992346,1.5194938272575312e-06,1920
720575940621401222,1.5187729213547646e-06,1921
720575940617760539,1.5168011662414747e-06,1922
720575940630931999,1.5159022599872465e-06,1923
720575940625313338,1.5145162220059037e-06,1924
720575940634388927,1.5094201391437578e-06,1925
720575940634659508,1.509197197111423e-06,1926
720575940622838154,1.502928780162932e-06,1927
720575940639179891,1.502736874868709e-06,1928
720575940617917579,1.4990201795480206e-06,1929
720575940631333195,1.4988672405261476e-06,1930
720575940639769715,1.4972625341590115e-06,1931
720575940622339113,1.4953381945421944e-06,1932
720575940615410911,1.4948389773058995e-06,1933
720575940626099214,1.4925877279486373e-06,1934
720575940625656980,1.4923807231083363e-06,1935
720575940607280770,1.492315918325785e-06,1936
720575940626028114,1.4911075038816287e-06,1937
720575940616001036,1.4897801357540196e-06,1938
720575940640469848,1.4885532216622483e-06,1939
720575940626557442,1.4875309683419924e-06,1940
720575940630372982,1.4869429929930727e-06,1941
720575940625905848,1.4852527368008043e-06,1942
720575940628069904,1.4837177305241953e-06,1943
720575940622797244,1.4830232788131931e-06,1944
720575940628802069,1.4768488979656987e-06,1945
720575940639696755,1.4759829739795793e-06,1946
720575940627102280,1.4740194102868785e-06,1947
720575940660004737,1.4738569354563768e-06,1948
720575940647755641,1.4733668946110554e-06,1949
720575940634528864,1.4726550925950477e-06,1950
720575940617492821,1.4700429829688828e-06,1951
720575940625965374,1.4671104461456919e-06,1952
720575940628642320,1.4669881925964582e-06,1953
720575940611132890,1.4661481784852655e-06,1954
720575940631987364,1.464910707744508e-06,1955
720575940628995331,1.4643428692638938e-06,1956
720575940622728728,1.4625444804795445e-06,1957
720575940621595051,1.4625431330735702e-06,1958
720575940620303380,1.4622108220902436e-06,1959
720575940620129182,1.4620065430877842e-06,1960
720575940625408333,1.4612552260392652e-06,1961
720575940610000964,1.456494664401459e-06,1962
720575940617097684,1.4562398799579075e-06,1963
720575940637023966,1.4552523661968247e-06,1964
720575940633746515,1.4547335403922941e-06,1965
720575940639625635,1.4535184365728201e-06,1966
720575940650357494,1.452281704068502e-06,1967
720575940632807193,1.4513691109641799e-06,1968
720575940626535973,1.4512303420527927e-06,1969
720575940626229849,1.4508829845065046e-06,1970
720575940631708719,1.4502964427005667e-06,1971
720575940617488477,1.4475847828699246e-06,1972
720575940619945931,1.446597496790883e-06,1973
720575940613558225,1.446203038664576e-06,1974
720575940627071690,1.4439767153653225e-06,1975
720575940631545960,1.4428309938971426e-06,1976
720575940621065301,1.4372256935068579e-06,1977
720575940639170723,1.436635043371392e-06,1978
720575940620539563,1.4364988985789025e-06,1979
720575940637341668,1.4364662863616606e-06,1980
720575940626966289,1.435478516229748e-06,1981
720575940613761858,1.4345629785891175e-06,1982
720575940638634403,1.433685052288286e-06,1983
720575940622589419,1.4331163838770282e-06,1984
720575940612344306,1.4316383980351448e-06,1985
720575940626774037,1.430753737179827e-06,1986
720575940609347595,1.430222871727875e-06,1987
720575940621947653,1.429501061380523e-06,1988
720575940619569835,1.4293625400546045e-06,1989
720575940630146871,1.427080113286744e-06,1990
720575940634290913,1.4256607717369859e-06,1991
720575940659709313,1.4240559897672062e-06,1992
720575940623804853,1.4220091495304516e-06,1993
720575940616137755,1.4206553226055129e-06,1994
720575940636030185,1.4198282654464517e-06,1995
720575940632620991,1.419118276855352e-06,1996
720575940645032580,1.4189413039784563e-06,1997
720575940637569139,1.4188230432186735e-06,1998
720575940632030008,1.4158120710429936e-06,1999
720575940620653172,1.4156996370366237e-06,2000
720575940631119468,1.4148465347782346e-06,2001
720575940619670352,1.4130225539343869e-06,2002
720575940625186250,1.4120404431073435e-06,2003
720575940621372933,1.410262881429613e-06,2004
720575940618658974,1.4091997828897144e-06,2005
720575940620182151,1.4077914534888593e-06,2006
720575940619077755,1.4071703694426709e-06,2007
720575940619173534,1.4048528871485854e-06,2008
720575940629920056,1.4033728694707546e-06,2009
720575940627402058,1.402061725832487e-06,2010
720575940635914559,1.401241771716577e-06,2011
720575940651593974,1.4000732141437055e-06,2012
720575940641173632,1.399111765241879e-06,2013
720575940630059087,1.3976742517135313e-06,2014
720575940628436282,1.3968824878206665e-06,2015
720575940624334826,1.3962433101451144e-06,2016
720575940619681006,1.39579835183644e-06,2017
720575940605694240,1.3944169534521724e-06,2018
720575940611602552,1.3929834719767115e-06,2019
720575940627848196,1.3892736656459148e-06,2020
720575940619201403,1.3888451711127234e-06,2021
720575940632836947,1.3861586418970223e-06,2022
720575940616162866,1.3822992456203438e-06,2023
720575940616695099,1.3817372945035162e-06,2024
720575940636029807,1.381127897706147e-06,2025
720575940646443316,1.378594318511189e-06,2026
720575940623274966,1.3777711072056089e-06,2027
720575940622657684,1.3776177555796739e-06,2028
720575940633972847,1.376813300363499e-06,2029
720575940636635760,1.3741411477888142e-06,2030
720575940623637226,1.3733610811405476e-06,2031
720575940621068464,1.3725906614531005e-06,2032
720575940630201401,1.3713047192913645e-06,2033
720575940623381286,1.3710670640936393e-06,2034
720575940616597334,1.370819629048918e-06,2035
720575940625440019,1.3689226389739313e-06,2036
720575940635552948,1.3689187410090832e-06,2037
720575940637126007,1.368683860938168e-06,2038
720575940629824378,1.368499658660403e-06,2039
720575940645693988,1.3679102396912458e-06,2040
720575940654123169,1.3673775322139451e-06,2041
720575940621665263,1.3657497682041678e-06,2042
720575940627174404,1.3655007433685255e-06,2043
720575940628684023,1.3653240261838676e-06,2044
720575940621809276,1.3642979038928165e-06,2045
720575940625737859,1.363727867188394e-06,2046
720575940620300308,1.3555934100785655e-06,2047
720575940651804918,1.3555750356000565e-06,2048
720575940608431625,1.3539220563906938e-06,2049
720575940628514832,1.3537992492903243e-06,2050
720575940627723657,1.3502719005688906e-06,2051
720575940602879404,1.3488341464420516e-06,2052
720575940621566844,1.3480273033534602e-06,2053
720575940623135770,1.3412250200632413e-06,2054
720575940613112293,1.3407824309037218e-06,2055
720575940609819512,1.339676401028652e-06,2056
720575940638271302,1.3366990649194702e-06,2057
720575940625873712,1.3365750605829207e-06,2058
720575940614129617,1.3360827092150533e-06,2059
720575940630658578,1.335249718677199e-06,2060
720575940620292116,1.3339947989341867e-06,2061
720575940630788882,1.3312667334040762e-06,2062
720575940625454596,1.3312069328263798e-06,2063
720575940617226141,1.3304952284869159e-06,2064
720575940635363228,1.3300399046875664e-06,2065
720575940622236374,1.3296898378368385e-06,2066
720575940614412906,1.329658572558659e-06,2067
720575940605177534,1.329445961263054e-06,2068
720575940634459290,1.329399584388565e-06,2069
720575940624882407,1.3287184675836686e-06,2070
720575940632623842,1.32871790545798e-06,2071
720575940631299090,1.3270094761922183e-06,2072
720575940620231590,1.326539999377282e-06,2073
720575940638201919,1.3255885687409212e-06,2074
720575940634140883,1.3222882223530762e-06,2075
720575940622357965,1.320842004462718e-06,2076
720575940636479863,1.319984342711995e-06,2077
720575940624876889,1.3176079216870853e-06,2078
720575940652554657,1.3170572382263574e-06,2079
720575940637881432,1.316273844764651e-06,2080
720575940627285267,1.3154956106456959e-06,2081
720575940647606148,1.3152259045811492e-06,2082
720575940621818239,1.3127641576841515e-06,2083
720575940629428695,1.312459722786719e-06,2084
720575940630808591,1.3102095250935646e-06,2085
720575940645352814,1.309214811270703e-06,2086
720575940625304094,1.309171038404686e-06,2087
720575940612606105,1.3090800222348348e-06,2088
720575940636679989,1.3088997109070244e-06,2089
720575940616807897,1.3071451067662877e-06,2090
720575940623051544,1.3052846459405684e-06,2091
720575940604729056,1.3049890571349984e-06,2092
720575940636165624,1.3048710485815417e-06,2093
720575940623110123,1.3048186074633624e-06,2094
720575940625486357,1.3042860684168158e-06,2095
720575940627372165,1.303532652735811e-06,2096
720575940622616333,1.30297978558875e-06,2097
720575940629418199,1.301411001720529e-06,2098
720575940622529574,1.3013268990854934e-06,2099
720575940658654593,1.3001137652252882e-06,2100
720575940627810581,1.2997982371501155e-06,2101
720575940608471900,1.2987958077841063e-06,2102
720575940638064256,1.2976410748302867e-06,2103
720575940624023188,1.2974992085616548e-06,2104
720575940621546281,1.2971435394403963e-06,2105
720575940624309006,1.2958549028183292e-06,2106
720575940627443996,1.2949135287735908e-06,2107
720575940629170250,1.2935926576554963e-06,2108
720575940617098385,1.2935535133174307e-06,2109
720575940621101311,1.293194856104588e-06,2110
720575940635970190,1.2924270802375918e-06,2111
720575940644022551,1.2901337407415152e-06,2112
720575940613670893,1.288460024117365e-06,2113
720575940626783881,1.2875324223713137e-06,2114
720575940628314667,1.2838358682513424e-06,2115
720575940628134526,1.282985402610177e-06,2116
720575940606900354,1.2807718352044126e-06,2117
720575940613891442,1.2802526326861612e-06,2118
720575940630126929,1.2790921551280421e-06,2119
720575940624021577,1.278398967754403e-06,2120
720575940622734106,1.2777862581137565e-06,2121
720575940636880350,1.2763606394955507e-06,2122
720575940605714878,1.274816065547049e-06,2123
720575940627556868,1.2737668338496165e-06,2124
720575940610472146,1.2715427072062638e-06,2125
720575940615108714,1.2714624208720078e-06,2126
720575940625099278,1.269424858901001e-06,2127
720575940628911671,1.2689868745208104e-06,2128
720575940636610671,1.2680574964095692e-06,2129
720575940621819630,1.2673729066843767e-06,2130
720575940625132797,1.2657921057393406e-06,2131
720575940639196760,1.2653756688368118e-06,2132
720575940613039795,1.264907369409997e-06,2133
720575940633082778,1.2648553413365118e-06,2134
720575940619376500,1.2622689430748882e-06,2135
720575940614792744,1.2620728765045881e-06,2136
720575940606865330,1.2616754649623034e-06,2137
720575940618342966,1.2586767143335543e-06,2138
720575940617031385,1.2584188261159129e-06,2139
720575940628834151,1.257842590921597e-06,2140
720575940623122125,1.2544795234131898e-06,2141
720575940617044948,1.254140722016349e-06,2142
720575940625673196,1.2519586739961348e-06,2143
720575940639539840,1.2515515339518688e-06,2144
720575940627068772,1.2513714908692042e-06,2145
720575940626456081,1.2507595665060247e-06,2146
720575940617568697,1.2493065290541257e-06,2147
720575940635360924,1.2487532770624588e-06,2148
720575940619601488,1.2480411051102795e-06,2149
720575940620219585,1.2477112432939305e-06,2150
720575940616345049,1.23904437653621e-06,2151
720575940628802888,1.238328146393982e-06,2152
720575940626185353,1.236261994078488e-06,2153
720575940631022336,1.2352845786735085e-06,2154
720575940641231501,1.2347687165132025e-06,2155
720575940641536987,1.2341023980694647e-06,2156
720575940626580528,1.2319398255871981e-06,2157
720575940608370645,1.230670024315516e-06,2158
720575940625539984,1.2303316832313966e-06,2159
720575940612074353,1.2298867876157672e-06,2160
720575940618157110,1.2270092912207186e-06,2161
720575940624762300,1.2267395237383262e-06,2162
720575940643045911,1.2266038098910278e-06,2163
720575940632302151,1.226163017749787e-06,2164
720575940618151128,1.225444414214101e-06,2165
720575940623362698,1.2246850836548953e-06,2166
720575940639758909,1.2206825723633396e-06,2167
720575940609076693,1.2205761730954215e-06,2168
720575940628024107,1.2187707468288654e-06,2169
720575940660223873,1.2181243528605714e-06,2170
720575940639432782,1.2176686818652929e-06,2171
720575940636050606,1.2172540205969383e-06,2172
720575940619138373,1.215907788377002e-06,2173
720575940615063592,1.2141204814406325e-06,2174
720575940660914561,1.2139254664469126e-06,2175
720575940624766700,1.2133882042819068e-06,2176
720575940632381536,1.2133867431335328e-06,2177
720575940604458668,1.2133338044793303e-06,2178
720575940632252743,1.2113396078780324e-06,2179
720575940635510639,1.2091792272952013e-06,2180
720575940611164770,1.2076711779633238e-06,2181
720575940634260636,1.206094946392408e-06,2182
720575940625101360,1.2058607727432017e-06,2183
720575940641237632,1.205479488082142e-06,2184
720575940630470391,1.2049233933973327e-06,2185
720575940620609739,1.203908766999041e-06,2186
720575940617494877,1.2034628950053386e-06,2187
720575940620879476,1.2025974105033835e-06,2188
720575940626271260,1.1997529049912792e-06,2189
720575940609377348,1.1997304920363589e-06,2190
720575940625863728,1.1989229627399084e-06,2191
720575940647036724,1.1968171733896422e-06,2192
720575940623530378,1.1950808033104324e-06,2193
720575940632300205,1.1949722905112198e-06,2194
720575940628751095,1.1949600228800245e-06,2195
720575940622632084,1.1938094106746212e-06,2196
720575940619310757,1.1929924673154232e-06,2197
720575940604201830,1.192103009527986e-06,2198
720575940621076458,1.1899252921822333e-06,2199
720575940617303099,1.1888226648665954e-06,2200
720575940622444938,1.188699653946485e-06,2201
720575940660233601,1.1883015053977791e-06,2202
720575940617569931,1.188267988172119e-06,2203
720575940616848214,1.1880270305514008e-06,2204
720575940632936332,1.1878295635446476e-06,2205
720575940658579585,1.186627681817698e-06,2206
720575940620032379,1.1865898728564461e-06,2207
720575940606564482,1.186129380000305e-06,2208
720575940645445156,1.1851180326001682e-06,2209
720575940628403791,1.1850871084557225e-06,2210
720575940642884000,1.18439607402861e-06,2211
720575940620274085,1.184377922449579e-06,2212
720575940616511193,1.183418453373385e-06,2213
720575940622048862,1.1797267053125089e-06,2214
720575940638337845,1.1788888753540793e-06,2215
720575940620258480,1.1783135675857025e-06,2216
720575940610211779,1.1740878712410154e-06,2217
720575940632295751,1.1739370724805156e-06,2218
720575940629786624,1.1692296940318579e-06,2219
720575940627002776,1.1692183750978857e-06,2220
720575940625319245,1.1691788328450628e-06,2221
720575940626227774,1.168463264714834e-06,2222
720575940618656091,1.1664491406593884e-06,2223
720575940609937476,1.165693761421014e-06,2224
720575940629473847,1.1648673200966555e-06,2225
720575940628781828,1.1643029778462201e-06,2226
720575940621446309,1.1638526586222245e-06,2227
720575940631622393,1.162205099503591e-06,2228
720575940617438016,1.160975056002301e-06,2229
720575940648113540,1.1600301870650094e-06,2230
720575940623189739,1.158709449726121e-06,2231
720575940612950642,1.1562593357070798e-06,2232
720575940614736290,1.1535065691490349e-06,2233
720575940604814526,1.1531917031910126e-06,2234
720575940624906483,1.1529317110135186e-06,2235
720575940620979149,1.1526667446572805e-06,2236
720575940633211975,1.1512974039476148e-06,2237
720575940613558509,1.1440957056665732e-06,2238
720575940629967663,1.1423375042760126e-06,2239
720575940635789935,1.1410755022288885e-06,2240
720575940618427156,1.1393140888319527e-06,2241
720575940623817715,1.1386968556746106e-06,2242
720575940626093705,1.1380215588822918e-06,2243
720575940638965567,1.1355540239014563e-06,2244
720575940624154928,1.1341413904130047e-06,2245
720575940614511614,1.1339240884304956e-06,2246
720575940628678991,1.131957888691577e-06,2247
720575940632190412,1.1315707314339124e-06,2248
720575940632725708,1.130775525262842e-06,2249
720575940614511279,1.1307260178781911e-06,2250
720575940622921827,1.1304633170576961e-06,2251
720575940616597643,1.129822289066193e-06,2252
720575940637578853,1.129631769155007e-06,2253
720575940617197057,1.1275308464940325e-06,2254
720575940630890040,1.1255416138843601e-06,2255
720575940637130566,1.1251574530044166e-06,2256
720575940635197291,1.124949050322801e-06,2257
720575940622341814,1.1248445594708635e-06,2258
720575940620155561,1.1221745953690473e-06,2259
720575940619998228,1.1203861701518426e-06,2260
720575940629777475,1.1193837629961196e-06,2261
720575940632836675,1.1188016882060437e-06,2262
720575940626972056,1.118215577175247e-06,2263
720575940644464544,1.1172873459556459e-06,2264
720575940624619036,1.1164553907436075e-06,2265
720575940611347123,1.114460256187897e-06,2266
720575940625167886,1.1138858352223646e-06,2267
720575940625597317,1.113285567300947e-06,2268
720575940629812602,1.1116712576989044e-06,2269
720575940632679727,1.1115413988017195e-06,2270
720575940626856344,1.1091315289348306e-06,2271
720575940623878891,1.1066361192512196e-06,2272
720575940611528410,1.1048481359645814e-06,2273
720575940625803336,1.1023515385433375e-06,2274
720575940638709326,1.1016549221562451e-06,2275
720575940624137624,1.1010736134409588e-06,2276
720575940624592217,1.0978098213240475e-06,2277
720575940613747734,1.096021399762463e-06,2278
720575940622247861,1.093724345832703e-06,2279
720575940660051073,1.093333516909646e-06,2280
720575940619572529,1.093047387238683e-06,2281
720575940627808857,1.0903248043451233e-06,2282
720575940611715813,1.0902424503242628e-06,2283
720575940625996677,1.0896622626628099e-06,2284
720575940605488305,1.088878928283597e-06,2285
720575940634229871,1.0885134124449835e-06,2286
720575940611783410,1.0878548723222064e-06,2287
720575940653480438,1.0874626975726456e-06,2288
720575940630403031,1.0854030160025785e-06,2289
720575940617629841,1.0830181502144933e-06,2290
720575940617190361,1.0822950712257284e-06,2291
720575940628749612,1.0810657071372055e-06,2292
720575940614178198,1.0794745665584802e-06,2293
720575940612612094,1.0786215522986996e-06,2294
720575940647516025,1.07813072252408e-06,2295
720575940630137425,1.0778988960918898e-06,2296
720575940611206514,1.0777722828611004e-06,2297
720575940623444604,1.075110460833311e-06,2298
720575940625355920,1.07396714574403e-06,2299
720575940632080977,1.0736526451311057e-06,2300
720575940620294821,1.073159731184505e-06,2301
720575940622055777,1.0730299425667655e-06,2302
720575940619549598,1.0721645010266216e-06,2303
720575940621256384,1.072073158810983e-06,2304
720575940607541187,1.0719664897752126e-06,2305
720575940630095045,1.0696085961488245e-06,2306
720575940635837887,1.0691284861738068e-06,2307
720575940632044172,1.0673054605523788e-06,2308
720575940615811670,1.0669970629778403e-06,2309
720575940624846517,1.066433715353228e-06,2310
720575940629000783,1.0652643382385277e-06,2311
720575940637546341,1.0652454678653162e-06,2312
720575940631416877,1.064209361891379e-06,2313
720575940627062088,1.0638078261508444e-06,2314
720575940611735514,1.0603796404423582e-06,2315
720575940630396022,1.0603474483533152e-06,2316
720575940622823719,1.0601303878141048e-06,2317
720575940638092366,1.0586667030006223e-06,2318
720575940616538944,1.0584817472152432e-06,2319
720575940623272328,1.0580196223878376e-06,2320
720575940631041956,1.0564598317809795e-06,2321
720575940629388535,1.0559849686385858e-06,2322
720575940603728561,1.0555402208034917e-06,2323
720575940625376442,1.0535156616475166e-06,2324
720575940631723973,1.0533276148422169e-06,2325
720575940621891905,1.0525420493638454e-06,2326
720575940617930200,1.0497536763575614e-06,2327
720575940635917966,1.0496760537964165e-06,2328
720575940628962891,1.0487540249273328e-06,2329
720575940611436408,1.0482839106235878e-06,2330
720575940615578043,1.048094467578298e-06,2331
720575940627652358,1.0473487293409928e-06,2332
720575940623654804,1.0467378910744258e-06,2333
720575940645866292,1.0455729264599828e-06,2334
720575940634599792,1.0452818674815306e-06,2335
720575940636574644,1.0435997632095046e-06,2336
720575940644968215,1.0432165520779638e-06,2337
720575940639421299,1.0403034832671206e-06,2338
720575940627806616,1.037958045494517e-06,2339
720575940629708482,1.037207573158358e-06,2340
720575940611521778,1.0362671080429762e-06,2341
720575940623986364,1.0359884056689884e-06,2342
720575940608098261,1.0356629381727023e-06,2343
720575940626031548,1.0352943658070552e-06,2344
720575940645907491,1.0329756942997313e-06,2345
720575940618028125,1.0324438665004456e-06,2346
720575940626745987,1.0310633112395392e-06,2347
720575940630460919,1.027546958099441e-06,2348
720575940603903264,1.026935796502297e-06,2349
720575940613603737,1.0257457296748857e-06,2350
720575940647000708,1.0250954927190847e-06,2351
720575940616217403,1.0234136360186408e-06,2352
720575940628648759,1.0218746675164189e-06,2353
720575940610656242,1.0212027757867613e-06,2354
720575940609750482,1.0210058833022185e-06,2355
720575940604783136,1.020764591889481e-06,2356
720575940622693961,1.0202812371530805e-06,2357
720575940625962242,1.0201921783922355e-06,2358
720575940615958203,1.0201550528646982e-06,2359
720575940622519156,1.0187571791372472e-06,2360
720575940617018781,1.0185692379725581e-06,2361
720575940604456364,1.0164555590974486e-06,2362
720575940603201452,1.015739353877906e-06,2363
720575940617825620,1.0155922738149176e-06,2364
720575940625253193,1.0141851700123677e-06,2365
720575940610213785,1.0140272552535644e-06,2366
720575940632898105,1.014020761829385e-06,2367
720575940620208293,1.0112410972841739e-06,2368
720575940620673663,1.009792708222781e-06,2369
720575940640100440,1.009150446112148e-06,2370
720575940615582111,1.0064426956062373e-06,2371
720575940611070020,1.0061928481368133e-06,2372
720575940618424405,1.003799372156164e-06,2373
720575940626690120,1.002716155063624e-06,2374
720575940622300429,1.002699180281309e-06,2375
720575940619822784,1.0023670049871679e-06,2376
720575940618654366,1.0006803339827907e-06,2377
720575940614137907,9.99970977877441e-07,2378
720575940632648868,9.998426008752217e-07,2379
720575940627709956,9.993765313287526e-07,2380
720575940621642155,9.944659703182732e-07,2381
720575940622447242,9.91881896846043e-07,2382
720575940630382075,9.915902795000325e-07,2383
720575940627293540,9.900254400757339e-07,2384
720575940616864086,9.88930466715055e-07,2385
720575940637659749,9.878108528092518e-07,2386
720575940606342089,9.865732512865032e-07,2387
720575940621554112,9.858384974464608e-07,2388
720575940627796298,9.848052562854851e-07,2389
720575940628349522,9.847238493018748e-07,2390
720575940623468228,9.82721528889428e-07,2391
720575940626002575,9.82478566977413e-07,2392
720575940632945177,9.823541294194455e-07,2393
720575940611957427,9.818132623511065e-07,2394
720575940640224640,9.804927024100463e-07,2395
720575940607386290,9.802154171220666e-07,2396
720575940623764007,9.800007324841463e-07,2397
720575940613825814,9.790976529748553e-07,2398
720575940625159677,9.766886148296807e-07,2399
720575940627946261,9.763635622343093e-07,2400
720575940623262652,9.712179430676698e-07,2401
720575940626538000,9.711161507841355e-07,2402
720575940611087786,9.71077894049e-07,2403
720575940622235425,9.708012107775775e-07,2404
720575940637530084,9.686633113504446e-07,2405
720575940624623287,9.678462188878104e-07,2406
720575940621392086,9.676078563158511e-07,2407
720575940630241071,9.670945046138247e-07,2408
720575940621835174,9.65071494047825e-07,2409
720575940620346673,9.649609780949102e-07,2410
720575940617265803,9.644935859391992e-07,2411
720575940626507346,9.611600617778694e-07,2412
720575940614759149,9.608030233190219e-07,2413
720575940619130096,9.6027314173442e-07,2414
720575940620983902,9.593397633821012e-07,2415
720575940627427859,9.592522855473238e-07,2416
720575940627398984,9.5790161132391e-07,2417
720575940625419495,9.575866338856194e-07,2418
720575940622318085,9.564180743066776e-07,2419
720575940623118029,9.541599533970818e-07,2420
720575940622712772,9.535237913512344e-07,2421
720575940627125842,9.514511290048026e-07,2422
720575940627177359,9.51431532843616e-07,2423
720575940614572542,9.510173548768163e-07,2424
720575940626860175,9.503387728038527e-07,2425
720575940612099442,9.4913999095041e-07,2426
720575940620741102,9.483163257680875e-07,2427
720575940633881848,9.482737214081388e-07,2428
720575940631740497,9.478866312020242e-07,2429
720575940628030363,9.463500562781921e-07,2430
720575940628348265,9.457663777822378e-07,2431
720575940630122491,9.454437136122936e-07,2432
720575940627290129,9.436327679884552e-07,2433
720575940620473547,9.432362774653474e-07,2434
720575940623982794,9.424173592701396e-07,2435
720575940605411808,9.417072030442478e-07,2436
720575940631177027,9.414420812409407e-07,2437
720575940614418794,9.414034051976533e-07,2438
720575940627620593,9.413647681667397e-07,2439
720575940617009970,9.408251811088707e-07,2440
720575940612206810,9.401841978401048e-07,2441
720575940608118283,9.393446539137147e-07,2442
720575940621511704,9.392151499729573e-07,2443
720575940630643474,9.381497655720569e-07,2444
720575940621368858,9.377979725803453e-07,2445
720575940623431351,9.377776072380626e-07,2446
720575940620794790,9.354307380366639e-07,2447
720575940630487035,9.338890446203195e-07,2448
720575940611128782,9.33047446999072e-07,2449
720575940630826827,9.32122604872735e-07,2450
720575940623624084,9.314910529021398e-07,2451
720575940622150583,9.296484867250286e-07,2452
720575940636685454,9.296325241640252e-07,2453
720575940623242900,9.290701666740051e-07,2454
720575940626890852,9.284359703177766e-07,2455
720575940612131759,9.280784627107933e-07,2456
720575940622919655,9.267233373534156e-07,2457
720575940622661095,9.262676432758116e-07,2458
720575940614642838,9.241826246562801e-07,2459
720575940638680654,9.23803409098645e-07,2460
720575940636343147,9.232627946855249e-07,2461
720575940620262465,9.228096669694704e-07,2462
720575940622140481,9.227701626061538e-07,2463
720575940636576948,9.218366186745448e-07,2464
720575940615787554,9.21584443519086e-07,2465
720575940648636292,9.212934403972366e-07,2466
720575940620170119,9.206491034931165e-07,2467
720575940635625367,9.189960743244504e-07,2468
720575940634000979,9.174284761354599e-07,2469
720575940627645514,9.171313293786199e-07,2470
720575940623113752,9.165772947347976e-07,2471
720575940613190978,9.165040488094828e-07,2472
720575940630667372,9.164253613159813e-07,2473
720575940630176815,9.141253930541493e-07,2474
720575940620497062,9.128750519431121e-07,2475
720575940604396209,9.126921823249555e-07,2476
720575940628194647,9.123514383289597e-07,2477
720575940619487425,9.121508482221945e-07,2478
720575940623781896,9.120376934365544e-07,2479
720575940618309579,9.103964843493855e-07,2480
720575940648191876,9.081352860916941e-07,2481
720575940610604078,9.062198200965069e-07,2482
720575940639454848,9.057011866574813e-07,2483
720575940610609454,9.055543707187369e-07,2484
720575940611277293,9.050368900611713e-07,2485
720575940626999464,9.048767298820308e-07,2486
720575940612359343,9.047421593552541e-07,2487
720575940641254784,9.047110534901863e-07,2488
720575940611720690,9.021372362943319e-07,2489
720575940624702698,9.013826187044692e-07,2490
720575940612077938,9.006182371403989e-07,2491
720575940626217244,9.005527548722002e-07,2492
720575940632377913,9.004634797126438e-07,2493
720575940639088216,8.998049559979677e-07,2494
720575940633593548,8.997149807441463e-07,2495
720575940615528678,8.996076611802175e-07,2496
720575940625000200,8.984578152145474e-07,2497
720575940638440051,8.983341660610638e-07,2498
720575940610332024,8.982623066068859e-07,2499
720575940628343818,8.947785836707145e-07,2500
720575940630909714,8.943532950368625e-07,2501
720575940635032986,8.943475124492597e-07,2502
720575940626495746,8.935664758901229e-07,2503
720575940622387126,8.914332300358409e-07,2504
720575940612724195,8.910217319827063e-07,2505
720575940605702944,8.908972685201643e-07,2506
720575940631693026,8.906406326180785e-07,2507
720575940606633248,8.899426134462456e-07,2508
720575940631703608,8.897742617795979e-07,2509
720575940627218882,8.885787894601944e-07,2510
720575940637723008,8.882299145204271e-07,2511
720575940620833535,8.870458013364029e-07,2512
720575940653576694,8.868065788068795e-07,2513
720575940638627038,8.835704979722939e-07,2514
720575940633222820,8.82581423064117e-07,2515
720575940628659049,8.823781571097904e-07,2516
720575940642428045,8.81322719009409e-07,2517
720575940620691672,8.811043417220246e-07,2518
720575940632574946,8.808836620087697e-07,2519
720575940647023156,8.806512970119338e-07,2520
720575940630691958,8.802699279571512e-07,2521
720575940619701231,8.788141740546234e-07,2522
720575940636828334,8.776153928792724e-07,2523
720575940615199325,8.770929110422129e-07,2524
720575940638223174,8.768430153763637e-07,2525
720575940623202633,8.762107627038255e-07,2526
720575940616086411,8.756843990050341e-07,2527
720575940630431685,8.75433515245092e-07,2528
720575940622204186,8.739418433217272e-07,2529
720575940624966840,8.739141862106519e-07,2530
720575940619591128,8.728579131612086e-07,2531
720575940617193541,8.721442612823555e-07,2532
720575940650798582,8.710379277142824e-07,2533
720575940614570415,8.70918317732575e-07,2534
720575940613403890,8.688786854109356e-07,2535
720575940620928647,8.684431213353992e-07,2536
720575940635239672,8.679731890158337e-07,2537
720575940639206077,8.665035488359122e-07,2538
720575940612866410,8.658789203211792e-07,2539
720575940621388453,8.644970507914654e-07,2540
720575940611622826,8.636695408060274e-07,2541
720575940625871248,8.63302426629884e-07,2542
720575940635086234,8.63117030563131e-07,2543
720575940619658576,8.626406844441986e-07,2544
720575940633170969,8.624496903305392e-07,2545
720575940619133878,8.623331719581682e-07,2546
720575940621947302,8.620000488786186e-07,2547
720575940630492714,8.61652895610107e-07,2548
720575940632180684,8.610468611411925e-07,2549
720575940627482114,8.600074602241558e-07,2550
720575940617440802,8.599031025445786e-07,2551
720575940623971917,8.594079233437869e-07,2552
720575940604099006,8.589233684630756e-07,2553
720575940652593398,8.557797713366142e-07,2554
720575940624574717,8.554083471324216e-07,2555
720575940627032851,8.543776813766022e-07,2556
720575940622760269,8.539537615475788e-07,2557
720575940629846722,8.539466014941764e-07,2558
720575940627083294,8.53852402246321e-07,2559
720575940625705930,8.532736275616837e-07,2560
720575940624803059,8.502155739639475e-07,2561
720575940618260500,8.496271348855327e-07,2562
720575940627814728,8.494334888988139e-07,2563
720575940626961241,8.488210353040389e-07,2564
720575940618156829,8.472254820085789e-07,2565
720575940608336514,8.469133979787303e-07,2566
720575940621800798,8.465947556518567e-07,2567
720575940624197961,8.462165052607845e-07,2568
720575940621004397,8.461453095162932e-07,2569
720575940660269185,8.46112313431165e-07,2570
720575940608120587,8.456442718229751e-07,2571
720575940633640493,8.456123068184485e-07,2572
720575940631306041,8.427718508190734e-07,2573
720575940610322040,8.414993890361462e-07,2574
720575940634825367,8.410605504405058e-07,2575
720575940625489160,8.404644162899908e-07,2576
720575940627269306,8.40361715583819e-07,2577
720575940632826691,8.387162294222816e-07,2578
720575940617423105,8.386243682668166e-07,2579
720575940616817625,8.383885531670942e-07,2580
720575940628543799,8.369280833590236e-07,2581
720575940629524483,8.347355264431183e-07,2582
720575940637656286,8.346974228013509e-07,2583
720575940628567545,8.342188994091328e-07,2584
720575940637718912,8.33837636892268e-07,2585
720575940612418991,8.329670442091818e-07,2586
720575940631108303,8.322789874140407e-07,2587
720575940626086842,8.317944786380688e-07,2588
720575940617878306,8.31031367369843e-07,2589
720575940635587064,8.292505417563507e-07,2590
720575940604839200,8.282177815327644e-07,2591
720575940632028216,8.276167678898235e-07,2592
720575940632084141,8.269464007162109e-07,2593
720575940622368844,8.259864032182853e-07,2594
720575940624587046,8.255508834231553e-07,2595
720575940627732361,8.25175122261908e-07,2596
720575940625561406,8.24593289119303e-07,2597
720575940630280234,8.242397698199167e-07,2598
720575940620975040,8.23247316118491e-07,2599
720575940608707192,8.219569881341668e-07,2600
720575940655013025,8.21663158616203e-07,2601
720575940639417432,8.212248711439975e-07,2602
720575940615049578,8.199200156280601e-07,2603
720575940634373471,8.184985837881254e-07,2604
720575940633803676,8.183697077068446e-07,2605
720575940634061779,8.169408972053304e-07,2606
720575940629778554,8.153430236557481e-07,2607
720575940622018309,8.130964443138995e-07,2608
720575940610269304,8.125590817330461e-07,2609
720575940627753103,8.119578678418257e-07,2610
720575940626232153,8.112390094631961e-07,2611
720575940633727339,8.110466147764951e-07,2612
720575940612541359,8.108250327950641e-07,2613
720575940622401462,8.087927070259099e-07,2614
720575940627426835,8.070628569153976e-07,2615
720575940621866416,8.061852722322305e-07,2616
720575940615503249,8.061243153019125e-07,2617
720575940625005239,8.058390036349542e-07,2618
720575940610001220,8.045717710304241e-07,2619
720575940635968942,8.031566302273807e-07,2620
720575940632732217,8.003695200866095e-07,2621
720575940638900713,7.983683176263566e-07,2622
720575940620778223,7.975021458415396e-07,2623
720575940620031366,7.952885236323738e-07,2624
720575940659709569,7.936881755256411e-07,2625
720575940624349993,7.930063758295476e-07,2626
720575940643972631,7.919228559916683e-07,2627
720575940625147645,7.914336602493377e-07,2628
720575940604364222,7.876593543292914e-07,2629
720575940605667458,7.865580419181227e-07,2630
720575940630716716,7.862607039716836e-07,2631
720575940634301852,7.862063205964247e-07,2632
720575940629736720,7.859372246809338e-07,2633
720575940622547299,7.842927060403667e-07,2634
720575940630048593,7.838621994868473e-07,2635
720575940641833869,7.830184369888669e-07,2636
720575940635403230,7.819615116642249e-07,2637
720575940635611060,7.794819828708331e-07,2638
720575940620537947,7.787475287652992e-07,2639
720575940626013958,7.773878209977755e-07,2640
720575940617684107,7.759899154229047e-07,2641
720575940621218694,7.757329924752171e-07,2642
720575940610612197,7.750511401899925e-07,2643
720575940624912535,7.721109933408515e-07,2644
720575940609417995,7.713296735366055e-07,2645
720575940624923655,7.713082431189452e-07,2646
720575940618646744,7.703885480175053e-07,2647
720575940611089331,7.674048835437097e-07,2648
720575940628356407,7.662656481942139e-07,2649
720575940614178302,7.657420673204597e-07,2650
720575940636034661,7.637519979342525e-07,2651
720575940626142077,7.635666305510409e-07,2652
720575940636675214,7.631916171735336e-07,2653
720575940628485596,7.619309702568822e-07,2654
720575940633561113,7.617783755789031e-07,2655
720575940621823979,7.617612953734696e-07,2656
720575940636079502,7.600097309749673e-07,2657
720575940605009097,7.585614882726493e-07,2658
720575940625373733,7.583105681488457e-07,2659
720575940624131913,7.574859826696732e-07,2660
720575940629681278,7.562997112502092e-07,2661
720575940612692889,7.558469128170878e-07,2662
720575940617182365,7.553083703471527e-07,2663
720575940627221416,7.548020463357615e-07,2664
720575940628444667,7.535222269853327e-07,2665
720575940608770313,7.532184812444881e-07,2666
720575940617727296,7.52100569083548e-07,2667
720575940628404227,7.519025029686786e-07,2668
720575940614166495,7.512250068399557e-07,2669
720575940627787575,7.502331525085627e-07,2670
720575940627829064,7.498879851489272e-07,2671
720575940643543496,7.476636572149926e-07,2672
720575940630504466,7.470217414327455e-07,2673
720575940618243009,7.464305933766784e-07,2674
720575940618756657,7.463784656749706e-07,2675
720575940610136538,7.462483621237099e-07,2676
720575940628471916,7.450007656773256e-07,2677
720575940617471813,7.431786417706502e-07,2678
720575940625737776,7.430965297579145e-07,2679
720575940618729350,7.408964512415747e-07,2680
720575940620842846,7.399869252002223e-07,2681
720575940617296029,7.380827592840898e-07,2682
720575940611509989,7.376828816350715e-07,2683
720575940631313721,7.376536326181662e-07,2684
720575940620553094,7.375052880776422e-07,2685
720575940619123136,7.369806559422172e-07,2686
720575940621150191,7.366461827897204e-07,2687
720575940639361664,7.36616758270496e-07,2688
720575940630618680,7.359343921407398e-07,2689
720575940617032716,7.357493397391974e-07,2690
720575940610075346,7.344362814405787e-07,2691
720575940620819659,7.328303485605453e-07,2692
720575940623147802,7.323750684171426e-07,2693
720575940637243445,7.320123757739765e-07,2694
720575940640880984,7.319283932706367e-07,2695
720575940607635012,7.317621620290479e-07,2696
720575940635960462,7.316190037158448e-07,2697
720575940632530387,7.313140952530612e-07,2698
720575940620656731,7.308020815625212e-07,2699
720575940604954289,7.297304544280735e-07,2700
720575940630133110,7.28955705214201e-07,2701
720575940631189817,7.285035858477527e-07,2702
720575940612224754,7.278686970017116e-07,2703
720575940625738073,7.277190033164305e-07,2704
720575940628478449,7.262241080457378e-07,2705
720575940620556966,7.256954839819554e-07,2706
720575940617688093,7.253055695639419e-07,2707
720575940621202670,7.250480396082822e-07,2708
720575940614635175,7.243519991024064e-07,2709
720575940624991527,7.243408567731914e-07,2710
720575940621159181,7.23386273134226e-07,2711
720575940639425112,7.228116330617382e-07,2712
720575940629394232,7.220908568840314e-07,2713
720575940625962312,7.21652145527996e-07,2714
720575940604165856,7.205372494939929e-07,2715
720575940612584419,7.202219119514588e-07,2716
720575940637089343,7.198968125401006e-07,2717
720575940617853730,7.186480442185494e-07,2718
720575940637587813,7.172816273029422e-07,2719
720575940626247012,7.16775716792075e-07,2720
720575940631412778,7.165230704387347e-07,2721
720575940624015287,7.165094552903215e-07,2722
720575940623503318,7.15494009353428e-07,2723
720575940632879149,7.146457814786508e-07,2724
720575940626936324,7.128139501443256e-07,2725
720575940617243393,7.122914315614774e-07,2726
720575940606578976,7.120854352124142e-07,2727
720575940621776227,7.111394523217476e-07,2728
720575940635831438,7.097986744667812e-07,2729
720575940614186449,7.091571254899486e-07,2730
720575940629845442,7.08806778029903e-07,2731
720575940632679341,7.067855052231011e-07,2732
720575940645045527,7.06627233431925e-07,2733
720575940647029044,7.031517538041247e-07,2734
720575940625400420,7.030193734529402e-07,2735
720575940611698674,7.029938623138303e-07,2736
720575940609961841,7.027925966677369e-07,2737
720575940622933765,7.022148118853603e-07,2738
720575940641629344,7.020230662615683e-07,2739
720575940615308729,7.015873070258635e-07,2740
720575940630580183,7.014441368070297e-07,2741
720575940617505629,6.983158047884215e-07,2742
720575940628586283,6.981124925946285e-07,2743
720575940614336739,6.968464659773613e-07,2744
720575940629725545,6.965968637870739e-07,2745
720575940611904296,6.964546937627069e-07,2746
720575940631872537,6.962266087647323e-07,2747
720575940610622158,6.95288768485484e-07,2748
720575940620345108,6.942752172099944e-07,2749
720575940605697824,6.941052244747329e-07,2750
720575940629111490,6.935252975325724e-07,2751
720575940617160000,6.929044739100041e-07,2752
720575940621174337,6.92830805106217e-07,2753
720575940620348769,6.917327712410227e-07,2754
720575940613202095,6.913426765276922e-07,2755
720575940628995587,6.912967212004399e-07,2756
720575940613935535,6.910670486304701e-07,2757
720575940627962844,6.907162053191329e-07,2758
720575940614588778,6.905810915189709e-07,2759
720575940626638108,6.905115275318303e-07,2760
720575940634823449,6.901818534603314e-07,2761
720575940620298772,6.89621400022627e-07,2762
720575940626163658,6.894116869441844e-07,2763
720575940630451141,6.871841251569435e-07,2764
720575940637144944,6.867012973509577e-07,2765
720575940628653199,6.863791691025235e-07,2766
720575940637216624,6.853781237566508e-07,2767
720575940607162754,6.85218294833952e-07,2768
720575940628360723,6.851867749516391e-07,2769
720575940627117193,6.851563457933356e-07,2770
720575940628425990,6.841128951576662e-07,2771
720575940614763666,6.82320666547273e-07,2772
720575940628881576,6.822636766155405e-07,2773
720575940633942445,6.818792424507349e-07,2774
720575940618539810,6.811717129496591e-07,2775
720575940608402012,6.80721958629536e-07,2776
720575940629201731,6.802717746755814e-07,2777
720575940617158814,6.801239232269054e-07,2778
720575940604088288,6.793084793669721e-07,2779
720575940638910040,6.78841261260893e-07,2780
720575940614492397,6.787621483415886e-07,2781
720575940608076739,6.787511591637495e-07,2782
720575940621047632,6.776213694496578e-07,2783
720575940621301274,6.765968043304309e-07,2784
720575940626243614,6.764352380864651e-07,2785
720575940630359290,6.758614145096284e-07,2786
720575940625938831,6.754774934194432e-07,2787
720575940626524702,6.748862768583841e-07,2788
720575940606603186,6.747169832198099e-07,2789
720575940647100548,6.726357929465037e-07,2790
720575940621326006,6.72514245038053e-07,2791
720575940633984851,6.709011333113748e-07,2792
720575940628244064,6.7070046511924e-07,2793
720575940626189328,6.705965453266864e-07,2794
720575940620472956,6.70036026800116e-07,2795
720575940626548605,6.694367321949472e-07,2796
720575940612058543,6.690752407729569e-07,2797
720575940610202597,6.684894293232999e-07,2798
720575940625164176,6.683750189503527e-07,2799
720575940628789525,6.681824232657409e-07,2800
720575940616921152,6.679112993907919e-07,2801
720575940622637133,6.664417745729288e-07,2802
720575940627110824,6.663279081921089e-07,2803
720575940625345511,6.661501365345174e-07,2804
720575940615892374,6.6600062139424e-07,2805
720575940629244357,6.637392932202485e-07,2806
720575940655011489,6.63603247173534e-07,2807
720575940620155489,6.635684543777623e-07,2808
720575940630353782,6.627765215117327e-07,2809
720575940638001498,6.617780331153594e-07,2810
720575940630674038,6.614092925082234e-07,2811
720575940618478749,6.607087698274954e-07,2812
720575940633011256,6.603423915917492e-07,2813
720575940636345463,6.59931811974453e-07,2814
720575940630690508,6.597828033660663e-07,2815
720575940630247418,6.596917927112945e-07,2816
720575940613798142,6.575454283463139e-07,2817
720575940635610548,6.574636603516107e-07,2818
720575940619559232,6.57416514197306e-07,2819
720575940626430280,6.546963965269611e-07,2820
720575940630672938,6.544569635917752e-07,2821
720575940632178892,6.542114700723873e-07,2822
720575940625045180,6.538727083572408e-07,2823
720575940627398855,6.533368909899144e-07,2824
720575940637761213,6.523169314841852e-07,2825
720575940639903165,6.522430838616529e-07,2826
720575940620359956,6.515673437585292e-07,2827
720575940614518690,6.51512901870342e-07,2828
720575940609589443,6.513545853301115e-07,2829
720575940620119279,6.510751415552919e-07,2830
720575940611965593,6.509640890940457e-07,2831
720575940630251095,6.509092417261008e-07,2832
720575940629754818,6.508265328976987e-07,2833
720575940633307327,6.498983682409759e-07,2834
720575940616791709,6.496768995273492e-07,2835
720575940616449570,6.495295907407827e-07,2836
720575940624342309,6.489165822920364e-07,2837
720575940630543887,6.488074218800297e-07,2838
720575940612649122,6.486638900009111e-07,2839
720575940628672762,6.48611348334551e-07,2840
720575940620622452,6.473626280115838e-07,2841
720575940638640445,6.465862311751238e-07,2842
720575940641832333,6.462471170925142e-07,2843
720575940625175310,6.459071513283259e-07,2844
720575940636998768,6.452030458926954e-07,2845
720575940624124109,6.448978292731019e-07,2846
720575940623020263,6.44068590840224e-07,2847
720575940629894716,6.431799792801274e-07,2848
720575940631742381,6.428128369118889e-07,2849
720575940637569870,6.411997946666121e-07,2850
720575940628400773,6.409404164254137e-07,2851
720575940625913105,6.398014785422473e-07,2852
720575940634773951,6.391443694763852e-07,2853
720575940627814522,6.388350683692786e-07,2854
720575940627239482,6.369404986438689e-07,2855
720575940631621843,6.358150127736357e-07,2856
720575940609244110,6.357005740020672e-07,2857
720575940621579155,6.354953694481236e-07,2858
720575940627704392,6.347987147067444e-07,2859
720575940637013349,6.342368660229832e-07,2860
720575940628642576,6.333164064563583e-07,2861
720575940627924227,6.33014738385691e-07,2862
720575940628375306,6.322911622679248e-07,2863
720575940631645009,6.322557356714366e-07,2864
720575940635170484,6.322328836066048e-07,2865
720575940627069416,6.319164126806913e-07,2866
720575940615193787,6.318991185076937e-07,2867
720575940617074393,6.31838098984192e-07,2868
720575940610063918,6.318203399783096e-07,2869
720575940628014391,6.317686652576115e-07,2870
720575940627438076,6.310445341495508e-07,2871
720575940633349587,6.310095335149778e-07,2872
720575940629289472,6.307365795596632e-07,2873
720575940628779898,6.297718254536939e-07,2874
720575940625226506,6.296736657072268e-07,2875
720575940640486488,6.294759247975876e-07,2876
720575940620148092,6.285858205207974e-07,2877
720575940621116510,6.285696412995455e-07,2878
720575940624530407,6.282740198570917e-07,2879
720575940638306101,6.279899393587981e-07,2880
720575940615868010,6.277922525537706e-07,2881
720575940617636725,6.27708211455882e-07,2882
720575940617787293,6.271168540890029e-07,2883
720575940644791918,6.26803073511907e-07,2884
720575940631037907,6.259058323667308e-07,2885
720575940613693382,6.25688826592036e-07,2886
720575940630034231,6.254928761630595e-07,2887
720575940617023956,6.244330840263236e-07,2888
720575940629765138,6.24399419970598e-07,2889
720575940630686060,6.240925446301905e-07,2890
720575940639458037,6.238801796503152e-07,2891
720575940626191818,6.215259938856035e-07,2892
720575940609488964,6.210809212198584e-07,2893
720575940620411742,6.1982876204088e-07,2894
720575940630487594,6.18432828740646e-07,2895
720575940632032460,6.176690865107559e-07,2896
720575940626381882,6.169626687198182e-07,2897
720575940605725873,6.159827944783706e-07,2898
720575940626089502,6.158220516294016e-07,2899
720575940616918843,6.157789903889913e-07,2900
720575940640000464,6.157483081514071e-07,2901
720575940604569824,6.152225205061414e-07,2902
720575940636761926,6.142575345462643e-07,2903
720575940636895406,6.141223883608336e-07,2904
720575940635696279,6.136664516599908e-07,2905
720575940639390323,6.135792607434357e-07,2906
720575940638818126,6.130348368863768e-07,2907
720575940629415936,6.127515682821125e-07,2908
720575940640333109,6.123646721023378e-07,2909
720575940625399629,6.115372178595172e-07,2910
720575940614554930,6.11193864316504e-07,2911
720575940621274845,6.111839463282484e-07,2912
720575940625047484,6.096495580727293e-07,2913
720575940627586170,6.095772217020968e-07,2914
720575940633273023,6.092122873242585e-07,2915
720575940617755220,6.080014073838867e-07,2916
720575940627378476,6.038709516971024e-07,2917
720575940626738565,6.038706974934658e-07,2918
720575940621555603,6.023996769632857e-07,2919
720575940626939737,6.019459551036676e-07,2920
720575940627930630,6.014100695316728e-07,2921
720575940625172750,6.001252834288762e-07,2922
720575940628992207,5.998398890426977e-07,2923
720575940620805046,5.984711147932995e-07,2924
720575940621894750,5.984621563110507e-07,2925
720575940608545219,5.97920482611404e-07,2926
720575940616858966,5.975179309194672e-07,2927
720575940640936411,5.973529302241735e-07,2928
720575940632533203,5.96738348273858e-07,2929
720575940617019846,5.961465155513749e-07,2930
720575940610584184,5.956462973416033e-07,2931
720575940631446855,5.955963456526857e-07,2932
720575940620633070,5.953310929670417e-07,2933
720575940626847765,5.941081785539277e-07,2934
720575940621823100,5.938246825394965e-07,2935
720575940626693130,5.934420943303263e-07,2936
720575940618815835,5.930926556186369e-07,2937
720575940627565059,5.927432229095996e-07,2938
720575940638175558,5.919595503644068e-07,2939
720575940653288097,5.91886505519354e-07,2940
720575940613423870,5.911027012646691e-07,2941
720575940630664556,5.910439230449968e-07,2942
720575940638024832,5.908123900788635e-07,2943
720575940634317724,5.901982502557281e-07,2944
720575940635596212,5.901767447513247e-07,2945
720575940623125628,5.891899201319301e-07,2946
720575940631547729,5.889809556368165e-07,2947
720575940627645263,5.886072081600282e-07,2948
720575940614604525,5.879545753735946e-07,2949
720575940627993752,5.857769401839299e-07,2950
720575940624377224,5.853264786861188e-07,2951
720575940640205501,5.847718640140726e-07,2952
720575940621468404,5.846162404504758e-07,2953
720575940633705636,5.844167697990226e-07,2954
720575940630042508,5.837949871931018e-07,2955
720575940605298121,5.832438046698311e-07,2956
720575940622517956,5.829768935746838e-07,2957
720575940608409156,5.825060510580505e-07,2958
720575940624394498,5.822948432347777e-07,2959
720575940612016498,5.819008260137756e-07,2960
720575940616604817,5.818220052290989e-07,2961
720575940619997819,5.813351754724687e-07,2962
720575940654310049,5.811045072905842e-07,2963
720575940624982823,5.806246374430018e-07,2964
720575940614102434,5.804802349974209e-07,2965
720575940632042148,5.80433179533321e-07,2966
720575940628972048,5.80409911201057e-07,2967
720575940611604776,5.799647871223717e-07,2968
720575940632002017,5.799521162420918e-07,2969
720575940625002936,5.798746034842381e-07,2970
720575940629744599,5.792080087874058e-07,2971
720575940629670723,5.791898330961987e-07,2972
720575940651928566,5.787781848308712e-07,2973
720575940624543013,5.786147564514353e-07,2974
720575940622238205,5.786058688262595e-07,2975
720575940631701412,5.781929044693793e-07,2976
720575940635066778,5.780597681771966e-07,2977
720575940636053678,5.776094474062325e-07,2978
720575940620740122,5.770382324597897e-07,2979
720575940609653572,5.767701348519265e-07,2980
720575940632385943,5.763470265814192e-07,2981
720575940621336852,5.758155056168768e-07,2982
720575940630018039,5.747097197824905e-07,2983
720575940639787683,5.745293402270088e-07,2984
720575940618362863,5.739655117690548e-07,2985
720575940613120618,5.739535214805779e-07,2986
720575940625875504,5.73893331789785e-07,2987
720575940637069757,5.734763560566104e-07,2988
720575940604250214,5.721529913597128e-07,2989
720575940627312668,5.701204457290337e-07,2990
720575940617552541,5.69996304013828e-07,2991
720575940630822607,5.692031301399799e-07,2992
720575940629729084,5.68983556881774e-07,2993
720575940612523571,5.685908511868868e-07,2994
720575940630232380,5.680688287813983e-07,2995
720575940613528616,5.666544625131803e-07,2996
720575940618532011,5.663170503947897e-07,2997
720575940632760147,5.657944761739936e-07,2998
720575940630643275,5.657252036789077e-07,2999
720575940619415679,5.654619430997741e-07,3000
720575940644941876,5.645201332083673e-07,3001
720575940608432760,5.641477642321984e-07,3002
720575940623491987,5.64030726406931e-07,3003
720575940626990086,5.639271269512245e-07,3004
720575940625894119,5.62594865387961e-07,3005
720575940613473959,5.616246091498835e-07,3006
720575940613552947,5.615354306709433e-07,3007
720575940630356473,5.609838718316934e-07,3008
720575940635751269,5.599520673884691e-07,3009
720575940637436814,5.599138921592934e-07,3010
720575940624287821,5.598848640869747e-07,3011
720575940630071596,5.587518897215739e-07,3012
720575940627444746,5.583770359058945e-07,3013
720575940636360811,5.57815415083324e-07,3014
720575940626413370,5.575377245077046e-07,3015
720575940615986459,5.568345752687074e-07,3016
720575940618078299,5.566416124163723e-07,3017
720575940638928868,5.565814637799395e-07,3018
720575940629198279,5.564197873892132e-07,3019
720575940634691508,5.563105307833489e-07,3020
720575940637647950,5.556396771809422e-07,3021
720575940629837563,5.553667500058453e-07,3022
720575940626318717,5.548530722297764e-07,3023
720575940650284022,5.548058942101724e-07,3024
720575940624606140,5.547245618645942e-07,3025
720575940649992569,5.537188730805148e-07,3026
720575940631984610,5.533583378474666e-07,3027
720575940621218729,5.520839366622151e-07,3028
720575940605238206,5.512620629755273e-07,3029
720575940605494560,5.504442215618357e-07,3030
720575940650006393,5.502897437740474e-07,3031
720575940633429331,5.494721249993867e-07,3032
720575940623784596,5.487387970681553e-07,3033
720575940640140341,5.480821356938091e-07,3034
720575940637321079,5.477092561996875e-07,3035
720575940619933985,5.475095292218813e-07,3036
720575940634825623,5.472697517639671e-07,3037
720575940610515651,5.471066412502585e-07,3038
720575940616033563,5.469414554856251e-07,3039
720575940630299084,5.461113223138607e-07,3040
720575940620718552,5.456611463704058e-07,3041
720575940621277790,5.45378424550869e-07,3042
720575940628846966,5.451476174424788e-07,3043
720575940625179918,5.445125904941049e-07,3044
720575940622288107,5.438655192540195e-07,3045
720575940622448008,5.437117363942281e-07,3046
720575940622550089,5.436127921950163e-07,3047
720575940629847490,5.432911560654178e-07,3048
720575940625114174,5.43194161196985e-07,3049
720575940609191177,5.430056442687758e-07,3050
720575940625502666,5.427705452253512e-07,3051
720575940612626538,5.42170609668292e-07,3052
720575940614933043,5.420512798950366e-07,3053
720575940626179614,5.415805884881294e-07,3054
720575940624003255,5.411682929023219e-07,3055
720575940640679821,5.408347497751361e-07,3056
720575940627404035,5.407569943436763e-07,3057
720575940660314241,5.406128997456786e-07,3058
720575940625747812,5.402005364249241e-07,3059
720575940621662332,5.399775663628098e-07,3060
720575940628467830,5.397480698477981e-07,3061
720575940610724466,5.384691360921023e-07,3062
720575940616980737,5.383188962285357e-07,3063
720575940618464802,5.378071974145156e-07,3064
720575940616915174,5.373328239508296e-07,3065
720575940622466027,5.372210964613613e-07,3066
720575940627239174,5.363934997675282e-07,3067
720575940622219190,5.363214117501853e-07,3068
720575940634220639,5.361010012546455e-07,3069
720575940606926466,5.358910225282561e-07,3070
720575940622729513,5.352451018446644e-07,3071
720575940647030580,5.351730583670191e-07,3072
720575940630222812,5.351013167874254e-07,3073
720575940619973134,5.341514318941353e-07,3074
720575940629477136,5.340955350533407e-07,3075
720575940607892491,5.339872948481001e-07,3076
720575940639123544,5.339167025504526e-07,3077
720575940623617973,5.333107545414014e-07,3078
720575940631651554,5.330626467753802e-07,3079
720575940622391337,5.326828212659229e-07,3080
720575940638663221,5.322660521541285e-07,3081
720575940610708430,5.309109633723135e-07,3082
720575940619553671,5.297195471467935e-07,3083
720575940604504748,5.296295142696198e-07,3084
720575940621808716,5.284289527561608e-07,3085
720575940616910882,5.281855449628969e-07,3086
720575940635549364,5.281338102883113e-07,3087
720575940620687707,5.272476951638856e-07,3088
720575940627739023,5.269809756389278e-07,3089
720575940647882548,5.26752892354851e-07,3090
720575940651932150,5.259215174004692e-07,3091
720575940631177809,5.258388906334711e-07,3092
720575940614089726,5.247787401156993e-07,3093
720575940603441632,5.242619577426443e-07,3094
720575940614811202,5.242439390337709e-07,3095
720575940620431798,5.239801587196732e-07,3096
720575940634631342,5.233718258574635e-07,3097
720575940613078434,5.232310450227923e-07,3098
720575940621923837,5.225368073730647e-07,3099
720575940635723887,5.222471860720599e-07,3100
720575940629146711,5.208693074700964e-07,3101
720575940631321704,5.208310498565025e-07,3102
720575940644639342,5.196025332668509e-07,3103
720575940625741287,5.192756559529676e-07,3104
720575940612423208,5.188234388832263e-07,3105
720575940625436170,5.187747952826198e-07,3106
720575940634037439,5.186927937936312e-07,3107
720575940629539628,5.183382991631046e-07,3108
720575940644632087,5.183313884250087e-07,3109
720575940606726834,5.182192739719778e-07,3110
720575940620004479,5.16272140880591e-07,3111
720575940645698084,5.161292477154128e-07,3112
720575940626246525,5.159170127035324e-07,3113
720575940612921571,5.15085973516517e-07,3114
720575940613943215,5.14629124509115e-07,3115
720575940620243183,5.116594621383692e-07,3116
720575940633378411,5.114672237639322e-07,3117
720575940626091722,5.112391337715182e-07,3118
720575940629859115,5.111090121987192e-07,3119
720575940630326479,5.10831829471277e-07,3120
720575940628029180,5.099319231417196e-07,3121
720575940628459011,5.094594983962308e-07,3122
720575940622493322,5.087279778336604e-07,3123
720575940631535073,5.083144752386313e-07,3124
720575940641284853,5.08275798028655e-07,3125
720575940621294412,5.08220717916972e-07,3126
720575940641977229,5.080016963458822e-07,3127
720575940605676210,5.075873832543899e-07,3128
720575940615420102,5.07379595827635e-07,3129
720575940616376287,5.055720948483276e-07,3130
720575940627367699,5.05550883691137e-07,3131
720575940639245631,5.04385726620395e-07,3132
720575940619287278,5.042965282420111e-07,3133
720575940629865319,5.042092001655858e-07,3134
720575940614046098,5.037562641715159e-07,3135
720575940617499205,5.030422493141917e-07,3136
720575940622673860,5.012367312716331e-07,3137
720575940617211353,5.007895643123593e-07,3138
720575940628805448,5.002884758227973e-07,3139
720575940633044449,4.989806026387433e-07,3140
720575940631312967,4.988099563661357e-07,3141
720575940622321110,4.987365163212482e-07,3142
720575940615034408,4.984657644342814e-07,3143
720575940621307892,4.98385155093949e-07,3144
720575940632516367,4.98089694924905e-07,3145
720575940612316514,4.97753126275175e-07,3146
720575940636593550,4.974474873669042e-07,3147
720575940628784066,4.972692154659994e-07,3148
720575940612990617,4.970347796368332e-07,3149
720575940630682618,4.969383537389001e-07,3150
720575940624996894,4.965818741545656e-07,3151
720575940613739410,4.963421399362503e-07,3152
720575940612952557,4.961869539715921e-07,3153
720575940626982181,4.961087605615072e-07,3154
720575940622020940,4.957220210809386e-07,3155
720575940637032670,4.953378899379219e-07,3156
720575940613425459,4.95143275351502e-07,3157
720575940619830721,4.950560482649309e-07,3158
720575940607614475,4.948893365532837e-07,3159
720575940640133083,4.943310131563052e-07,3160
720575940647010356,4.942050385066678e-07,3161
720575940622409196,4.933731083486941e-07,3162
720575940610888056,4.927627693996738e-07,3163
720575940629921099,4.925791353088748e-07,3164
720575940622746820,4.921631303002417e-07,3165
720575940624913959,4.913615336032916e-07,3166
720575940645541155,4.901639607694908e-07,3167
720575940646236804,4.90015072627903e-07,3168
720575940631371295,4.892202320697405e-07,3169
720575940623525619,4.890105815699912e-07,3170
720575940620381575,4.889678941661986e-07,3171
720575940621766938,4.88233847332237e-07,3172
720575940617648245,4.874116940190239e-07,3173
720575940621471157,4.868809018780152e-07,3174
720575940633900896,4.854564744224454e-07,3175
720575940616507865,4.85289298854546e-07,3176
720575940625359741,4.823035500712575e-07,3177
720575940612046286,4.814172289265969e-07,3178
720575940632631507,4.811282121207238e-07,3179
720575940644532590,4.805254318818746e-07,3180
720575940644733806,4.800261218262401e-07,3181
720575940633625455,4.797205215518496e-07,3182
720575940629623351,4.78942561211783e-07,3183
720575940604425644,4.789402871053958e-07,3184
720575940634979941,4.784546096739027e-07,3185
720575940633797530,4.769822954871124e-07,3186
720575940629067163,4.7615998900951505e-07,3187
720575940627366675,4.7516241396051656e-07,3188
720575940625184782,4.743324350600951e-07,3189
720575940618621830,4.7384419921133017e-07,3190
720575940625172238,4.735581841586014e-07,3191
720575940613167766,4.7309673915964496e-07,3192
720575940625177406,4.721615619691316e-07,3193
720575940615939796,4.7153542730866006e-07,3194
720575940635031476,4.714180262146879e-07,3195
720575940620943969,4.714138502116006e-07,3196
720575940633781217,4.7115977896068553e-07,3197
720575940638109668,4.7096775064431973e-07,3198
720575940632316205,4.7083296116865213e-07,3199
720575940625620888,4.7054402928867876e-07,3200
720575940621326597,4.7044949978278557e-07,3201
720575940635254117,4.694079520213016e-07,3202
720575940635576767,4.691166199786931e-07,3203
720575940623153788,4.6892998917145076e-07,3204
720575940625381397,4.681210806514416e-07,3205
720575940610981489,4.679120787914251e-07,3206
720575940645541399,4.671855380775852e-07,3207
720575940625352852,4.6694631987445545e-07,3208
720575940614212263,4.665332990480885e-07,3209
720575940611674265,4.6636095413129537e-07,3210
720575940622695448,4.656182639142753e-07,3211
720575940611610670,4.656098645736239e-07,3212
720575940613163170,4.655382714886772e-07,3213
720575940636479668,4.654535964174692e-07,3214
720575940624224253,4.6451130270205625e-07,3215
720575940621689727,4.643704646043035e-07,3216
720575940632687770,4.634221499400987e-07,3217
720575940624245946,4.627737585926888e-07,3218
720575940614109586,4.6192163689398976e-07,3219
720575940607008689,4.6192076025265786e-07,3220
720575940622793668,4.6150993238806526e-07,3221
720575940626823247,4.612938925891239e-07,3222
720575940624660825,4.6067065504472927e-07,3223
720575940643325581,4.606175822027714e-07,3224
720575940628967153,4.60611731832698e-07,3225
720575940611498419,4.6016248171621094e-07,3226
720575940640834211,4.600740382615091e-07,3227
720575940628134555,4.5966549900269215e-07,3228
720575940617924299,4.5948527344163085e-07,3229
720575940622971085,4.589412177219938e-07,3230
720575940622309726,4.5831539689296984e-07,3231
720575940627359109,4.581529356466274e-07,3232
720575940604984678,4.581100881102563e-07,3233
720575940622729364,4.575747196543947e-07,3234
720575940635872101,4.572819812968812e-07,3235
720575940605971330,4.5720624057194435e-07,3236
720575940631735500,4.571333246769569e-07,3237
720575940620094366,4.567123344999151e-07,3238
720575940616907678,4.566707354081357e-07,3239
720575940642474637,4.56455907175718e-07,3240
720575940620033627,4.5600752899142586e-07,3241
720575940614367338,4.558129632298963e-07,3242
720575940603952608,4.54998082964238e-07,3243
720575940626646787,4.546107707891214e-07,3244
720575940604745346,4.5460063796660863e-07,3245
720575940631282194,4.5459297448832957e-07,3246
720575940612714723,4.5440484392183256e-07,3247
720575940636119671,4.5430693480338205e-07,3248
720575940638111872,4.5390018438504936e-07,3249
720575940624314468,4.536222621298347e-07,3250
720575940620879552,4.5329375245612635e-07,3251
720575940637711686,4.5298197117231406e-07,3252
720575940629696299,4.5250969492630927e-07,3253
720575940623582133,4.524411501139834e-07,3254
720575940619152856,4.52207791338573e-07,3255
720575940635816926,4.520701513248769e-07,3256
720575940629486124,4.5169480497621034e-07,3257
720575940626943491,4.5159573416228164e-07,3258
720575940631957344,4.5093689923884366e-07,3259
720575940628462927,4.501847951495254e-07,3260
720575940616415003,4.5011391404354915e-07,3261
720575940614348438,4.4991121828700256e-07,3262
720575940635136880,4.4954740990645614e-07,3263
720575940620779800,4.48283400370589e-07,3264
720575940626468178,4.477680690987073e-07,3265
720575940625054906,4.4694835160200025e-07,3266
720575940632974443,4.4680295540616313e-07,3267
720575940635212143,4.465270364376274e-07,3268
720575940625962568,4.465247998486365e-07,3269
720575940610501730,4.4620897596111665e-07,3270
720575940655014049,4.455390409705683e-07,3271
720575940615635037,4.4544896078426727e-07,3272
720575940629439043,4.453040311743898e-07,3273
720575940617556153,4.4512505572589927e-07,3274
720575940625988227,4.4505898393513094e-07,3275
720575940608073602,4.4366334312409106e-07,3276
720575940646930996,4.4365034046918584e-07,3277
720575940627189071,4.4343834879789127e-07,3278
720575940625689109,4.428247714819025e-07,3279
720575940629560770,4.424059035238013e-07,3280
720575940638744804,4.4219979232767005e-07,3281
720575940621734126,4.4195223457812435e-07,3282
720575940611080922,4.4191758977940543e-07,3283
720575940626120008,4.4152839780458894e-07,3284
720575940619101099,4.410971343958425e-07,3285
720575940640676413,4.40479937815285e-07,3286
720575940635114232,4.404669986289831e-07,3287
720575940619728037,4.4035958568072654e-07,3288
720575940624820112,4.401212860553953e-07,3289
720575940612868757,4.3945189394893384e-07,3290
720575940643141024,4.392622238924702e-07,3291
720575940612292531,4.388927751223272e-07,3292
720575940627033918,4.387134236716575e-07,3293
720575940626677097,4.386904127236798e-07,3294
720575940614434302,4.3819538372026046e-07,3295
720575940615035323,4.381466093820892e-07,3296
720575940622519773,4.3750672702782206e-07,3297
720575940624413642,4.3667173700001737e-07,3298
720575940609084206,4.3656849793152125e-07,3299
720575940626279742,4.363509677512037e-07,3300
720575940624377323,4.3614626367180046e-07,3301
720575940630040438,4.361156634530943e-07,3302
720575940627663100,4.3601198204897893e-07,3303
720575940628796780,4.3419361626225933e-07,3304
720575940639742067,4.3391110877352647e-07,3305
720575940628983887,4.330401798768526e-07,3306
720575940626730270,4.32918801056356e-07,3307
720575940611817779,4.3211504023450143e-07,3308
720575940625428613,4.3179334865411315e-07,3309
720575940624139559,4.316790059431858e-07,3310
720575940625334970,4.314750921269289e-07,3311
720575940631222844,4.3098801903302273e-07,3312
720575940608402524,4.307579663814627e-07,3313
720575940631759663,4.30444877520618e-07,3314
720575940613641794,4.3023280102816994e-07,3315
720575940626278974,4.300336290929477e-07,3316
720575940627989609,4.29043514043355e-07,3317
720575940627274578,4.29043514043355e-07,3318
720575940614562271,4.289049618867837e-07,3319
720575940624246730,4.2875978536860317e-07,3320
720575940626620913,4.286864612225214e-07,3321
720575940617884692,4.284890756512136e-07,3322
720575940622351595,4.272573317381993e-07,3323
720575940627470535,4.2700277448063037e-07,3324
720575940622746150,4.2692191031867657e-07,3325
720575940605707710,4.269071154145711e-07,3326
720575940633323039,4.264737813246806e-07,3327
720575940639811469,4.264459425215448e-07,3328
720575940614997910,4.253140121931565e-07,3329
720575940621333509,4.2445952851960443e-07,3330
720575940631122191,4.2413098250257174e-07,3331
720575940622624214,4.2397275722389775e-07,3332
720575940612981997,4.239069673941644e-07,3333
720575940630644727,4.236387900155361e-07,3334
720575940628954362,4.2316017768515287e-07,3335
720575940642725320,4.227492473298839e-07,3336
720575940616287547,4.221873894578166e-07,3337
720575940621511706,4.221664115832579e-07,3338
720575940629360428,4.2176219854824993e-07,3339
720575940638349621,4.2171919346981607e-07,3340
720575940631770593,4.212399042082087e-07,3341
720575940629176572,4.2078733947651313e-07,3342
720575940618096321,4.207397957078619e-07,3343
720575940635599758,4.2043556031105724e-07,3344
720575940625111354,4.2013755551702544e-07,3345
720575940629123966,4.185449695965784e-07,3346
720575940636669918,4.170356875858508e-07,3347
720575940629786746,4.1670808630824696e-07,3348
720575940610550830,4.1667645719307995e-07,3349
720575940644561518,4.1663213880167536e-07,3350
720575940621929641,4.1596618479385237e-07,3351
720575940616778038,4.153584464936617e-07,3352
720575940641655949,4.153294908304828e-07,3353
720575940632179148,4.1419864770519676e-07,3354
720575940628676457,4.1418279818013633e-07,3355
720575940621645309,4.137968476868854e-07,3356
720575940614685243,4.1210489409726374e-07,3357
720575940612264817,4.1171538508505997e-07,3358
720575940630064195,4.1124809873615524e-07,3359
720575940611428761,4.107324645068994e-07,3360
720575940636411534,4.104277124381332e-07,3361
720575940634871950,4.09146446864733e-07,3362
720575940612662499,4.0908882482263293e-07,3363
720575940621614246,4.089830274198997e-07,3364
720575940616793246,4.0887319103992354e-07,3365
720575940628133335,4.0808264178297045e-07,3366
720575940637210334,4.0739698495555076e-07,3367
720575940630506344,4.073931192526333e-07,3368
720575940631643532,4.069300911192773e-07,3369
720575940623603726,4.064518036470296e-07,3370
720575940624461576,4.060613435994826e-07,3371
720575940635590136,4.0557242655225406e-07,3372
720575940629432124,4.045466213912723e-07,3373
720575940640747352,4.042813804249449e-07,3374
720575940630034127,4.0404483086085717e-07,3375
720575940629766649,4.037274328628907e-07,3376
720575940625253649,4.029672430637384e-07,3377
720575940626052647,4.0289253835895803e-07,3378
720575940628858640,4.027625453466109e-07,3379
720575940621399174,4.0213532879864504e-07,3380
720575940629804158,4.019585756359197e-07,3381
720575940636357865,4.019196608337241e-07,3382
720575940624967463,4.0113284620834273e-07,3383
720575940627304266,4.0068924196599414e-07,3384
720575940622156976,4.006585475969214e-07,3385
720575940619652261,4.006557723878556e-07,3386
720575940626308697,4.00543011461763e-07,3387
720575940629768722,4.001356645971744e-07,3388
720575940618116569,4.000863123836235e-07,3389
720575940617884736,3.9968036447156594e-07,3390
720575940625050256,3.996142110299485e-07,3391
720575940640178640,3.994510655514368e-07,3392
720575940622757247,3.9884097385315014e-07,3393
720575940629437178,3.9877802360310334e-07,3394
720575940619056225,3.9850179280022725e-07,3395
720575940611000499,3.9839495823989174e-07,3396
720575940611531986,3.9812613805338144e-07,3397
720575940626201372,3.973898708337516e-07,3398
720575940621540586,3.971306530441408e-07,3399
720575940622281904,3.967225424249182e-07,3400
720575940623688119,3.96534322617808e-07,3401
720575940604729312,3.9636131101478647e-07,3402
720575940627144138,3.963059058121103e-07,3403
720575940641660813,3.957928922825095e-07,3404
720575940634627214,3.953671844829274e-07,3405
720575940633396767,3.9533246120181684e-07,3406
720575940619588568,3.9485989780979746e-07,3407
720575940621380646,3.947867405471653e-07,3408
720575940620735258,3.936725318306663e-07,3409
720575940644993844,3.9303864811326477e-07,3410
720575940622623501,3.930275274578692e-07,3411
720575940633402991,3.927172807012347e-07,3412
720575940623468691,3.9267740704712284e-07,3413
720575940637299172,3.92576817873118e-07,3414
720575940617442561,3.9229883099113414e-07,3415
720575940643177376,3.919381138307545e-07,3416
720575940625990808,3.9186391054772916e-07,3417
720575940612376805,3.9178166742111195e-07,3418
720575940603829950,3.917696116349301e-07,3419
720575940607877641,3.913538264132738e-07,3420
720575940611773138,3.911162201918013e-07,3421
720575940605552818,3.911048458324274e-07,3422
720575940617012422,3.908747544745212e-07,3423
720575940625557893,3.9033923252855937e-07,3424
720575940630993194,3.8967865277837104e-07,3425
720575940625700124,3.891705700875371e-07,3426
720575940626663994,3.888467861700197e-07,3427
720575940640331472,3.881456678026183e-07,3428
720575940621326529,3.8786116394638776e-07,3429
720575940628154562,3.871099791814958e-07,3430
720575940629144906,3.86376582116739e-07,3431
720575940632032204,3.8624970682405003e-07,3432
720575940614062503,3.862347156019472e-07,3433
720575940626571602,3.8605008458594624e-07,3434
720575940639134835,3.8533473450015473e-07,3435
720575940628793621,3.849358002386128e-07,3436
720575940609996773,3.848012181617055e-07,3437
720575940630501699,3.843578929987714e-07,3438
720575940617918021,3.8431858627468336e-07,3439
720575940616867382,3.8402201530547187e-07,3440
720575940627866856,3.8333000341635406e-07,3441
720575940632789785,3.8330937135353795e-07,3442
720575940612256938,3.83002600767389e-07,3443
720575940626214275,3.8278090863024905e-07,3444
720575940637618142,3.827380991038766e-07,3445
720575940623333964,3.827317097687721e-07,3446
720575940620119005,3.825606668187179e-07,3447
720575940618608805,3.8209214396164767e-07,3448
720575940611273395,3.8179789146771054e-07,3449
720575940618884289,3.8178455467492726e-07,3450
720575940613311151,3.8156189165213677e-07,3451
720575940638637501,3.8127691590469844e-07,3452
720575940627201579,3.811378314909323e-07,3453
720575940617257985,3.8082507193603855e-07,3454
720575940614467751,3.806200219610077e-07,3455
720575940628034603,3.795312763701664e-07,3456
720575940625836925,3.794497903931258e-07,3457
720575940625465802,3.7942732936765915e-07,3458
720575940619904859,3.7938119241821355e-07,3459
720575940631299602,3.790832393552726e-07,3460
720575940622452715,3.78617720616248e-07,3461
720575940644697652,3.784377652306181e-07,3462
720575940614831558,3.783885032952215e-07,3463
720575940609488942,3.772531972595129e-07,3464
720575940625149733,3.771272856099711e-07,3465
720575940628970748,3.770245904222897e-07,3466
720575940615323298,3.763833591416095e-07,3467
720575940638360798,3.763772577481527e-07,3468
720575940658640001,3.762785842940075e-07,3469
720575940625780836,3.761657418689034e-07,3470
720575940617392980,3.760248908609215e-07,3471
720575940619620596,3.7570536376887556e-07,3472
720575940610215032,3.7566175323255075e-07,3473
720575940627231400,3.746401492487157e-07,3474
720575940626977067,3.7384612896171074e-07,3475
720575940634614008,3.738074905955593e-07,3476
720575940616673366,3.734082748050036e-07,3477
720575940626390018,3.7325614757165644e-07,3478
720575940625102224,3.7285208882148194e-07,3479
720575940626128158,3.728178742913705e-07,3480
720575940631625979,3.726550596897494e-07,3481
720575940603804350,3.7220982213267e-07,3482
720575940632469964,3.7210280762077205e-07,3483
720575940627792233,3.7202818842899394e-07,3484
720575940614485307,3.7193181645002145e-07,3485
720575940657598337,3.7164186412312455e-07,3486
720575940626328707,3.7151773487548184e-07,3487
720575940658655873,3.714691168755735e-07,3488
720575940616509494,3.70753423925873e-07,3489
720575940629917471,3.7066610977343806e-07,3490
720575940627493638,3.701151747106824e-07,3491
720575940623484374,3.698268986545237e-07,3492
720575940609685624,3.6857906296314096e-07,3493
720575940619934411,3.680153156773267e-07,3494
720575940659476865,3.6800483460458197e-07,3495
720575940629773276,3.6734383892904364e-07,3496
720575940606680450,3.671961285901048e-07,3497
720575940621107847,3.6709985189790954e-07,3498
720575940626418509,3.6695663083252e-07,3499
720575940611403730,3.6684328497085e-07,3500
720575940627275090,3.666404034171103e-07,3501
720575940623871207,3.664872739184611e-07,3502
720575940633676383,3.6601858364010215e-07,3503
720575940612557994,3.660137599177177e-07,3504
720575940629513478,3.65868123956637e-07,3505
720575940633335450,3.6560393667155967e-07,3506
720575940613221585,3.653689725718235e-07,3507
720575940619412037,3.652157525675232e-07,3508
720575940624437029,3.6520769018453387e-07,3509
720575940620690804,3.6520164273606315e-07,3510
720575940622340137,3.651867666594502e-07,3511
720575940632636959,3.6459513867248896e-07,3512
720575940621752001,3.645073393802893e-07,3513
720575940630258003,3.64468926853818e-07,3514
720575940623593451,3.6435144786107253e-07,3515
720575940616224117,3.6411263379897973e-07,3516
720575940617045516,3.6379049772960735e-07,3517
720575940640507763,3.6370002099352833e-07,3518
720575940628059722,3.6366946252857506e-07,3519
720575940627608472,3.631055526760538e-07,3520
720575940628267264,3.630592187842268e-07,3521
720575940616285151,3.628235296259955e-07,3522
720575940628548711,3.624568267565515e-07,3523
720575940614817117,3.619676332757505e-07,3524
720575940634704491,3.619388455523631e-07,3525
720575940630859577,3.618284073005733e-07,3526
720575940621325034,3.616417694456226e-07,3527
720575940617973149,3.6081622376120054e-07,3528
720575940626741013,3.6039791407356293e-07,3529
720575940638284607,3.5952269334004027e-07,3530
720575940623580604,3.5876162619625096e-07,3531
720575940625164558,3.5855316131192e-07,3532
720575940615720532,3.5840625538322853e-07,3533
720575940623352649,3.578947307639674e-07,3534
720575940615211195,3.5752687388524603e-07,3535
720575940643744968,3.57486509311633e-07,3536
720575940618927024,3.5748395696981355e-07,3537
720575940632205759,3.573332289453383e-07,3538
720575940638244661,3.5729945838142433e-07,3539
720575940631970144,3.572023792994299e-07,3540
720575940635530871,3.569582800588682e-07,3541
720575940620320902,3.5691553185559426e-07,3542
720575940603533246,3.565218676291281e-07,3543
720575940623779111,3.5623207617352573e-07,3544
720575940625978882,3.562253133736875e-07,3545
720575940625856028,3.55854782242559e-07,3546
720575940623149581,3.5585005041262884e-07,3547
720575940635839845,3.5582096263376335e-07,3548
720575940619932363,3.555661755598117e-07,3549
720575940624362277,3.552492724920512e-07,3550
720575940627637607,3.5468842596641887e-07,3551
720575940615550905,3.54621875505708e-07,3552
720575940624391667,3.5446458049195234e-07,3553
720575940630641731,3.544063207654392e-07,3554
720575940625376062,3.5399691364919474e-07,3555
720575940610624485,3.5382465561787843e-07,3556
720575940629460986,3.536584208483387e-07,3557
720575940632126860,3.5353879670226083e-07,3558
720575940630983954,3.530900831926987e-07,3559
720575940623919287,3.5308418118116823e-07,3560
720575940628686595,3.527375499407611e-07,3561
720575940633744820,3.519373280882643e-07,3562
720575940616009403,3.5190176688320514e-07,3563
720575940637586751,3.5172408249352524e-07,3564
720575940621132894,3.516311566375508e-07,3565
720575940633193543,3.516146860779894e-07,3566
720575940624632980,3.51393199540756e-07,3567
720575940624905480,3.513392557336562e-07,3568
720575940620445062,3.5087755073150447e-07,3569
720575940638842933,3.5069560952065367e-07,3570
720575940626726458,3.5067561663358064e-07,3571
720575940625691372,3.50557552417456e-07,3572
720575940631821379,3.489049353322294e-07,3573
720575940624581875,3.4869271939702996e-07,3574
720575940626787172,3.4854656092421464e-07,3575
720575940618356161,3.483245615417283e-07,3576
720575940622518092,3.48176586953004e-07,3577
720575940616274619,3.4802455674532253e-07,3578
720575940616165377,3.4775946431515025e-07,3579
720575940625886351,3.472076071741049e-07,3580
720575940613430698,3.471081956054199e-07,3581
720575940619360065,3.470843918179794e-07,3582
720575940611081586,3.4698799677889777e-07,3583
720575940626972568,3.4691336996236227e-07,3584
720575940644279319,3.4671374723898415e-07,3585
720575940641688016,3.46710009719309e-07,3586
720575940628211499,3.463935211482759e-07,3587
720575940631972367,3.463866773275981e-07,3588
720575940624630420,3.459321615138187e-07,3589
720575940632752723,3.4586993391613446e-07,3590
720575940649153657,3.45549041408633e-07,3591
720575940627582724,3.4484701951706063e-07,3592
720575940626269592,3.445165129083464e-07,3593
720575940610048558,3.444397398824744e-07,3594
720575940620156283,3.444154901463514e-07,3595
720575940621673852,3.4425865408557153e-07,3596
720575940615629149,3.44156083142527e-07,3597
720575940618800064,3.440029570173451e-07,3598
720575940612159411,3.434310962330342e-07,3599
720575940632409500,3.433005785333729e-07,3600
720575940658990721,3.4237357023715784e-07,3601
720575940629508726,3.421474399847898e-07,3602
720575940620483444,3.419626027002562e-07,3603
720575940619751872,3.416925102368564e-07,3604
720575940639956643,3.407652935257946e-07,3605
720575940608763512,3.405084598785878e-07,3606
720575940620910774,3.40143868140132e-07,3607
720575940630176197,3.396102632082969e-07,3608
720575940619709972,3.3942500944454355e-07,3609
720575940631280721,3.388825651824208e-07,3610
720575940616332381,3.3876250985331364e-07,3611
720575940608765141,3.387074631328094e-07,3612
720575940628259919,3.3866206451048755e-07,3613
720575940626853245,3.383205252865922e-07,3614
720575940613717138,3.3809788915972946e-07,3615
720575940630652798,3.379924294455124e-07,3616
720575940614688059,3.3703742948198853e-07,3617
720575940618696989,3.370072210361236e-07,3618
720575940621226484,3.3688394454689555e-07,3619
720575940626527055,3.362258175001497e-07,3620
720575940614093458,3.3607488884079557e-07,3621
720575940621650721,3.3591549544012284e-07,3622
720575940621946945,3.357783814673374e-07,3623
720575940622415948,3.351430060849364e-07,3624
720575940624289789,3.3479259224993425e-07,3625
720575940622362109,3.3448945703499905e-07,3626
720575940607375794,3.344458682147866e-07,3627
720575940617670193,3.342555310589818e-07,3628
720575940620830448,3.34003375319031e-07,3629
720575940624005868,3.336853666227421e-07,3630
720575940619021726,3.334187137824644e-07,3631
720575940626784533,3.3332710622070573e-07,3632
720575940617839739,3.3323688213891764e-07,3633
720575940617241629,3.326257796322681e-07,3634
720575940615155507,3.3251300961603855e-07,3635
720575940625051319,3.319926828040203e-07,3636
720575940640521304,3.3180193700012047e-07,3637
720575940612638866,3.310613295843125e-07,3638
720575940627403719,3.3071361715171585e-07,3639
720575940612041701,3.306546336798984e-07,3640
720575940625107504,3.303550137137927e-07,3641
720575940637656974,3.300833294912391e-07,3642
720575940626740938,3.291255306736447e-07,3643
720575940628579066,3.284123430028431e-07,3644
720575940606015154,3.278151182700672e-07,3645
720575940621640363,3.2770118589729563e-07,3646
720575940632703388,3.270988683484772e-07,3647
720575940628614799,3.2708279717298406e-07,3648
720575940617155997,3.266016456829953e-07,3649
720575940629961219,3.264620380900016e-07,3650
720575940623707575,3.26395100569008e-07,3651
720575940636181934,3.2632837787110194e-07,3652
720575940629487104,3.2624395007480817e-07,3653
720575940621452045,3.256999893309118e-07,3654
720575940627419962,3.253003703695263e-07,3655
720575940625447994,3.252644919253096e-07,3656
720575940613458403,3.252163569926387e-07,3657
720575940629701881,3.2488497953430244e-07,3658
720575940628910095,3.2488453748882793e-07,3659
720575940626717573,3.248688366590147e-07,3660
720575940624358152,3.248182518566921e-07,3661
720575940626189630,3.2453234404805857e-07,3662
720575940618366843,3.2373745850127553e-07,3663
720575940610358990,3.23476160972073e-07,3664
720575940639512192,3.2291360091160365e-07,3665
720575940606651936,3.2267192388598916e-07,3666
720575940630219428,3.226214152996202e-07,3667
720575940623224555,3.2251049446412004e-07,3668
720575940621475610,3.224269983562443e-07,3669
720575940634829168,3.2220476363568397e-07,3670
720575940623050334,3.220759848298886e-07,3671
720575940639467136,3.217727308087763e-07,3672
720575940626656531,3.2153872200513204e-07,3673
720575940631912223,3.215214457014729e-07,3674
720575940629717370,3.194025274373645e-07,3675
720575940649120121,3.1910463155889845e-07,3676
720575940621889799,3.1892378283537085e-07,3677
720575940612976497,3.1778590911073127e-07,3678
720575940622202858,3.1744731575649124e-07,3679
720575940610694098,3.1726684910005316e-07,3680
720575940621568269,3.171407621292993e-07,3681
720575940611920435,3.1703471837095304e-07,3682
720575940618957825,3.170247067545904e-07,3683
720575940634062803,3.1692239867718704e-07,3684
720575940626052540,3.164612125221885e-07,3685
720575940613870242,3.16044361280817e-07,3686
720575940639107573,3.1598319057890735e-07,3687
720575940610380970,3.153852405074139e-07,3688
720575940630773560,3.149238505406098e-07,3689
720575940629489414,3.1477542654793364e-07,3690
720575940620402902,3.146607491338942e-07,3691
720575940632015914,3.1452235152335555e-07,3692
720575940635477902,3.1384338684323354e-07,3693
720575940622179497,3.130133554584651e-07,3694
720575940630960707,3.1266548944807614e-07,3695
720575940630080071,3.1146330949363635e-07,3696
720575940631898705,3.110590507276564e-07,3697
720575940609073347,3.093579604570771e-07,3698
720575940632323896,3.090560483450504e-07,3699
720575940626369944,3.078367615437737e-07,3700
720575940660219521,3.0759826842044534e-07,3701
720575940617561669,3.0751578407867607e-07,3702
720575940621730557,3.074466756572726e-07,3703
720575940622525654,3.073159523121604e-07,3704
720575940645199924,3.0728199512823456e-07,3705
720575940622726292,3.067248014067149e-07,3706
720575940622520140,3.066332821409855e-07,3707
720575940635873946,3.0653811875282276e-07,3708
720575940615298215,3.0615080221363306e-07,3709
720575940623777065,3.0580334127805476e-07,3710
720575940605976521,3.055348432817911e-07,3711
720575940626075517,3.045132158187807e-07,3712
720575940646088068,3.0441750291171367e-07,3713
720575940629220828,3.0417464124237255e-07,3714
720575940645239844,3.040128296928523e-07,3715
720575940615378700,3.0395623942435153e-07,3716
720575940623956682,3.0377272938601433e-07,3717
720575940624045460,3.032937462621505e-07,3718
720575940638604915,3.029745001697318e-07,3719
720575940632715359,3.0281450918365124e-07,3720
720575940629766615,3.027876405086421e-07,3721
720575940625778428,3.027103432470735e-07,3722
720575940626719621,3.0218376190705794e-07,3723
720575940630751031,3.0212553264170365e-07,3724
720575940613180591,3.0203844198918634e-07,3725
720575940631499832,3.0184467105458144e-07,3726
720575940636143022,3.0159842157561214e-07,3727
720575940628778490,3.0103583826244383e-07,3728
720575940635642725,3.0084259435847533e-07,3729
720575940621198177,3.0046241791958085e-07,3730
720575940608606933,3.001919770733409e-07,3731
720575940631441145,3.0007978524193827e-07,3732
720575940610259370,2.998172487202445e-07,3733
720575940615623586,2.9966753735505387e-07,3734
720575940622204585,2.9912988366627114e-07,3735
720575940636832879,2.9880807264366956e-07,3736
720575940607703307,2.9846204504667384e-07,3737
720575940629895491,2.981702609626675e-07,3738
720575940605607392,2.979477098725443e-07,3739
720575940622795814,2.9786429496055935e-07,3740
720575940621270042,2.978039253900582e-07,3741
720575940620149836,2.9767880207456706e-07,3742
720575940632971545,2.970676764007832e-07,3743
720575940612843762,2.9698158146550905e-07,3744
720575940619334516,2.9696110003986666e-07,3745
720575940628306114,2.9676330479616013e-07,3746
720575940629639550,2.9660378985068734e-07,3747
720575940615189465,2.961794941506434e-07,3748
720575940633810111,2.957936214648728e-07,3749
720575940627486225,2.956393760893134e-07,3750
720575940609594574,2.944552980322962e-07,3751
720575940625668638,2.942958936148978e-07,3752
720575940608593347,2.936779388454045e-07,3753
720575940630461404,2.93448675860531e-07,3754
720575940641545888,2.9334797409096485e-07,3755
720575940639417728,2.933095601934289e-07,3756
720575940616766169,2.927927202850457e-07,3757
720575940642458784,2.926775389953667e-07,3758
720575940607765257,2.9241679051848276e-07,3759
720575940631021220,2.9237568466380097e-07,3760
720575940629975516,2.9234317278339764e-07,3761
720575940622790271,2.9227425308287104e-07,3762
720575940626536720,2.914651317020775e-07,3763
720575940625181488,2.9104877826639437e-07,3764
720575940633401199,2.907586744404233e-07,3765
720575940633213792,2.904339869064216e-07,3766
720575940625048250,2.8994811321204724e-07,3767
720575940622707455,2.8993644381721196e-07,3768
720575940625815562,2.899291453514062e-07,3769
720575940629661381,2.8988954807980497e-07,3770
720575940632973048,2.896866165404353e-07,3771
720575940631081356,2.894210450404365e-07,3772
720575940623334891,2.893506911149864e-07,3773
720575940641276917,2.8873270298942414e-07,3774
720575940630142875,2.886645775041702e-07,3775
720575940630908589,2.882662315314247e-07,3776
720575940611881970,2.882340369399807e-07,3777
720575940625081290,2.8761347265841074e-07,3778
720575940635089945,2.8754150628794494e-07,3779
720575940611638258,2.8740064754419734e-07,3780
720575940623053493,2.8735621574629287e-07,3781
720575940624463242,2.8724363138838537e-07,3782
720575940614730939,2.868390701980061e-07,3783
720575940627055303,2.867931046468174e-07,3784
720575940620738799,2.86763517006656e-07,3785
720575940618051801,2.8668291865929066e-07,3786
720575940629496320,2.8622268303949357e-07,3787
720575940613667698,2.860985838966039e-07,3788
720575940623067389,2.8604039537652297e-07,3789
720575940626565455,2.853781258870269e-07,3790
720575940620763584,2.853308721304246e-07,3791
720575940625242882,2.8532885212848446e-07,3792
720575940606919602,2.852768208131204e-07,3793
720575940626909839,2.8522408094790254e-07,3794
720575940611477683,2.849163074569132e-07,3795
720575940619206772,2.8472433407126567e-07,3796
720575940624377638,2.8461134639448216e-07,3797
720575940618078635,2.834638463154597e-07,3798
720575940637360730,2.83353128287112e-07,3799
720575940632803795,2.832228712859463e-07,3800
720575940616801622,2.826807145491336e-07,3801
720575940611557017,2.8247064428385447e-07,3802
720575940614461014,2.816403203738145e-07,3803
720575940626879505,2.81358370423865e-07,3804
720575940622335197,2.813346817230566e-07,3805
720575940631011328,2.812805826300021e-07,3806
720575940627849515,2.811154865812438e-07,3807
720575940629229020,2.806438532690077e-07,3808
720575940631663052,2.799857530790544e-07,3809
720575940630981906,2.7990637293948796e-07,3810
720575940607865436,2.7936235919373583e-07,3811
720575940630683383,2.793384568449019e-07,3812
720575940625735185,2.789690520231404e-07,3813
720575940622860680,2.788598694521345e-07,3814
720575940642413604,2.7821310275891937e-07,3815
720575940612296154,2.7742415967488097e-07,3816
720575940611061526,2.7708052183871834e-07,3817
720575940629361346,2.7654269554913744e-07,3818
720575940628672122,2.763512013560332e-07,3819
720575940616258117,2.762808414358267e-07,3820
720575940624801771,2.760856165821579e-07,3821
720575940631985751,2.748895264661783e-07,3822
720575940626993694,2.74319792090631e-07,3823
720575940623260308,2.7414769978821145e-07,3824
720575940633315263,2.741153270511323e-07,3825
720575940617986683,2.7400183898935184e-07,3826
720575940612993941,2.7332228068001433e-07,3827
720575940612366322,2.730067809289489e-07,3828
720575940611197107,2.728586798496753e-07,3829
720575940623533459,2.7261325864837023e-07,3830
720575940630072364,2.7197128869110237e-07,3831
720575940624181904,2.71963263593365e-07,3832
720575940624448956,2.7107935779034364e-07,3833
720575940621865479,2.7102072619191357e-07,3834
720575940632817768,2.710168979583816e-07,3835
720575940639813365,2.7050050967322347e-07,3836
720575940611588835,2.703868168380495e-07,3837
720575940618668198,2.7008561885948093e-07,3838
720575940633014635,2.7002158412734326e-07,3839
720575940636700272,2.6985740490870903e-07,3840
720575940635283575,2.6981205128735967e-07,3841
720575940620692974,2.6913767325640896e-07,3842
720575940636645624,2.6911010802516993e-07,3843
720575940621755888,2.6882465022042743e-07,3844
720575940637607646,2.675385949206979e-07,3845
720575940630973779,2.6716787158108597e-07,3846
720575940627358236,2.664690996819501e-07,3847
720575940623379750,2.6634741536921816e-07,3848
720575940628322780,2.6626138283392213e-07,3849
720575940620012923,2.662222684420695e-07,3850
720575940624951847,2.6588519243724824e-07,3851
720575940627304424,2.6582376147284e-07,3852
720575940627094696,2.6566099119843934e-07,3853
720575940623963832,2.6564787363663887e-07,3854
720575940621768436,2.6560414229550813e-07,3855
720575940629692155,2.6538779599634264e-07,3856
720575940632118156,2.6530780860056275e-07,3857
720575940618263174,2.645819046772499e-07,3858
720575940627105864,2.64577826115598e-07,3859
720575940633483444,2.643668093828901e-07,3860
720575940625012204,2.6435220455438006e-07,3861
720575940614342038,2.642896846223295e-07,3862
720575940615522922,2.639607421876277e-07,3863
720575940617826629,2.6372121679376696e-07,3864
720575940618735517,2.636474929351167e-07,3865
720575940635075726,2.6348886398053973e-07,3866
720575940607990229,2.634339387238611e-07,3867
720575940625408796,2.632677561644381e-07,3868
720575940604747878,2.6318235757902535e-07,3869
720575940607790916,2.6293115139353223e-07,3870
720575940620723126,2.626023764732263e-07,3871
720575940614424370,2.624749025517529e-07,3872
720575940633190847,2.623716020546172e-07,3873
720575940633611418,2.6230089070718824e-07,3874
720575940603885856,2.62217891170969e-07,3875
720575940604836128,2.6195920537752775e-07,3876
720575940614503099,2.6185028011418506e-07,3877
720575940636530921,2.617787866825521e-07,3878
720575940615255603,2.6161186786095067e-07,3879
720575940626635855,2.6153095738184623e-07,3880
720575940615271124,2.6131108117097504e-07,3881
720575940607536732,2.6129691383052906e-07,3882
720575940615912415,2.612744530109177e-07,3883
720575940620715247,2.6122973590076216e-07,3884
720575940630678009,2.608607943730799e-07,3885
720575940654057889,2.606917603586966e-07,3886
720575940631608623,2.604754755793282e-07,3887
720575940626190504,2.604407630044727e-07,3888
720575940636111935,2.6015066422491847e-07,3889
720575940611345813,2.5966438395906264e-07,3890
720575940615336754,2.5958012890072053e-07,3891
720575940618229051,2.5943404115967e-07,3892
720575940639165247,2.5941969330992907e-07,3893
720575940636606554,2.592293008117886e-07,3894
720575940622669567,2.5881164276095423e-07,3895
720575940604808736,2.584197083392475e-07,3896
720575940627562472,2.581900236668456e-07,3897
720575940624977847,2.577134184218003e-07,3898
720575940622658317,2.575965605633707e-07,3899
720575940632821059,2.574058975228149e-07,3900
720575940624016933,2.5721017423487054e-07,3901
720575940623696362,2.5656025274136466e-07,3902
720575940624130964,2.562756061994388e-07,3903
720575940624748419,2.559297510164861e-07,3904
720575940619627611,2.557428276042631e-07,3905
720575940640608219,2.549983674180904e-07,3906
720575940609630357,2.549796451354884e-07,3907
720575940618552229,2.5450727573514364e-07,3908
720575940638125365,2.544613746389544e-07,3909
720575940621930710,2.5393402555894247e-07,3910
720575940609499086,2.537611622222472e-07,3911
720575940615769634,2.5368373839471565e-07,3912
720575940644438551,2.53306088546028e-07,3913
720575940615345558,2.5320036245452853e-07,3914
720575940617295321,2.527003376287143e-07,3915
720575940624075278,2.5245190338678635e-07,3916
720575940627783769,2.518800836619434e-07,3917
720575940638664355,2.517614944245579e-07,3918
720575940620626011,2.514741832815977e-07,3919
720575940644954420,2.5142813693325914e-07,3920
720575940624462850,2.514045753041458e-07,3921
720575940610439363,2.511548831294012e-07,3922
720575940613436327,2.5110551241604686e-07,3923
720575940629941356,2.503358899545017e-07,3924
720575940625688463,2.5020257033401146e-07,3925
720575940615624866,2.5013030305235857e-07,3926
720575940614014895,2.501297233470045e-07,3927
720575940618189227,2.499194369012173e-07,3928
720575940611728338,2.4987534951972123e-07,3929
720575940634574943,2.49411892108315e-07,3930
720575940629175749,2.4894901668803046e-07,3931
720575940634726113,2.488367085254692e-07,3932
720575940624484796,2.482817411116111e-07,3933
720575940621978117,2.472682228816586e-07,3934
720575940624484866,2.471208855584187e-07,3935
720575940624019128,2.4689489525227185e-07,3936
720575940634645600,2.467978658772877e-07,3937
720575940612423922,2.4661431616820766e-07,3938
720575940638642654,2.465431995293996e-07,3939
720575940616599874,2.465308367679554e-07,3940
720575940645821748,2.4604601092180223e-07,3941
720575940619128155,2.459295616424683e-07,3942
720575940625909991,2.4568953045290795e-07,3943
720575940632013387,2.455351500181673e-07,3944
720575940614041117,2.4546091819882047e-07,3945
720575940638209085,2.4523371989900045e-07,3946
720575940631901409,2.448444140233522e-07,3947
720575940622132553,2.446002511871224e-07,3948
720575940609239416,2.432466528648074e-07,3949
720575940639695568,2.4324373983037134e-07,3950
720575940627821553,2.429311711705539e-07,3951
720575940624666245,2.429129051610264e-07,3952
720575940612727665,2.428196288019815e-07,3953
720575940629995319,2.4260439714083837e-07,3954
720575940628038808,2.4244716279014757e-07,3955
720575940625422609,2.423774224130939e-07,3956
720575940621640885,2.4224275480743264e-07,3957
720575940606084444,2.4165484845864495e-07,3958
720575940629253431,2.415874569012917e-07,3959
720575940615613396,2.415818676703285e-07,3960
720575940624526925,2.414508265567148e-07,3961
720575940631407427,2.410552809741671e-07,3962
720575940604470956,2.40992064006399e-07,3963
720575940618903888,2.4077189708138595e-07,3964
720575940612819367,2.4068355828985896e-07,3965
720575940611420634,2.406645049888665e-07,3966
720575940620342443,2.4065038256221117e-07,3967
720575940614490023,2.4057046005585925e-07,3968
720575940630883599,2.4050349133160326e-07,3969
720575940624094973,2.4025695401430255e-07,3970
720575940622495401,2.400883722182799e-07,3971
720575940622168052,2.4008057592452856e-07,3972
720575940623621157,2.399564580210269e-07,3973
720575940612704209,2.397856516760446e-07,3974
720575940613668266,2.397432232014545e-07,3975
720575940633774187,2.3946272180370533e-07,3976
720575940630233404,2.394445392244098e-07,3977
720575940626125331,2.3942568484271343e-07,3978
720575940625621832,2.3916832236133186e-07,3979
720575940622998021,2.39152082646393e-07,3980
720575940627040549,2.388998797260683e-07,3981
720575940631594015,2.3887266193789347e-07,3982
720575940636625400,2.388640689791535e-07,3983
720575940622690633,2.388168903276884e-07,3984
720575940619244081,2.3872410231111437e-07,3985
720575940620096926,2.3841544380925507e-07,3986
720575940619731334,2.3821607808983527e-07,3987
720575940616564829,2.3803107100463689e-07,3988
720575940654490785,2.3785655084378748e-07,3989
720575940626531177,2.3769853716836601e-07,3990
720575940635307375,2.3758874930311134e-07,3991
720575940630775801,2.3738022755150675e-07,3992
720575940638989219,2.369345691846828e-07,3993
720575940629437545,2.369047201798171e-07,3994
720575940629474615,2.3660559546055443e-07,3995
720575940618410069,2.3656766714545024e-07,3996
720575940621157645,2.365626741948898e-07,3997
720575940634341587,2.3617505860950644e-07,3998
720575940608606421,2.360957128350144e-07,3999
720575940640889051,2.3596849675603777e-07,4000
720575940622105182,2.359411335012183e-07,4001
720575940626988231,2.3584540664741552e-07,4002
720575940623862015,2.3571368329631468e-07,4003
720575940630309591,2.357100456080371e-07,4004
720575940634253281,2.3540681790803558e-07,4005
720575940625070067,2.3525981138169248e-07,4006
720575940606765758,2.3521461841669992e-07,4007
720575940642411661,2.3518238897329949e-07,4008
720575940628350567,2.3506259719365673e-07,4009
720575940628290307,2.3476569638997236e-07,4010
720575940617485268,2.3473468483689347e-07,4011
720575940630291671,2.3458960252983107e-07,4012
720575940626315541,2.3454119981171177e-07,4013
720575940616812342,2.3429777244375518e-07,4014
720575940621762081,2.3404513130172764e-07,4015
720575940616026939,2.339108163777044e-07,4016
720575940624052528,2.3319096503876424e-07,4017
720575940615999489,2.3289644290250284e-07,4018
720575940622669971,2.3282235817346916e-07,4019
720575940628378440,2.3271113315943138e-07,4020
720575940643912904,2.3269805341223597e-07,4021
720575940620678772,2.3223683805298195e-07,4022
720575940636873791,2.3221926329538926e-07,4023
720575940610604334,2.3205953884178038e-07,4024
720575940607472988,2.318718637487314e-07,4025
720575940631674967,2.3135957576097847e-07,4026
720575940637114190,2.3125487486364917e-07,4027
720575940617092569,2.3119876494737636e-07,4028
720575940635564896,2.3116605730789996e-07,4029
720575940618231205,2.310508216340906e-07,4030
720575940614298986,2.309040669493749e-07,4031
720575940627110735,2.3069125417247463e-07,4032
720575940611956197,2.3031783921201794e-07,4033
720575940632134227,2.2970172096757155e-07,4034
720575940608083780,2.2910356801161844e-07,4035
720575940607155890,2.2906854819550534e-07,4036
720575940618571344,2.289512389605367e-07,4037
720575940628654159,2.2887028916264314e-07,4038
720575940640944117,2.2859978093963879e-07,4039
720575940618167579,2.28181506906127e-07,4040
720575940636348852,2.2814842963594589e-07,4041
720575940618758753,2.279900206598891e-07,4042
720575940624227661,2.278330343426441e-07,4043
720575940629702905,2.2749584840576652e-07,4044
720575940631244335,2.2726552210514242e-07,4045
720575940615076162,2.2724297008272088e-07,4046
720575940619932654,2.2709791305143564e-07,4047
720575940644439860,2.2686596029891653e-07,4048
720575940639692888,2.2640611085910324e-07,4049
720575940629677417,2.2630686392212318e-07,4050
720575940624928284,2.2604029958903084e-07,4051
720575940633903897,2.2585766872544605e-07,4052
720575940625823280,2.257274802865459e-07,4053
720575940628504849,2.2570594387092746e-07,4054
720575940616424902,2.2557096226519145e-07,4055
720575940629616092,2.253474945197526e-07,4056
720575940621736669,2.2527584366150359e-07,4057
720575940630675151,2.248715473965026e-07,4058
720575940612373423,2.2438849485202515e-07,4059
720575940627717246,2.2437946551997748e-07,4060
720575940631113064,2.2425517652265254e-07,4061
720575940638719421,2.2399277037839418e-07,4062
720575940617305403,2.2398941654025493e-07,4063
720575940608127666,2.2359022353229702e-07,4064
720575940614190242,2.233729063427061e-07,4065
720575940614756589,2.2336633401652173e-07,4066
720575940633336601,2.2322422972003176e-07,4067
720575940621697193,2.230366293711301e-07,4068
720575940627490663,2.229858834598666e-07,4069
720575940619568320,2.2277566531485952e-07,4070
720575940624407944,2.225431798690144e-07,4071
720575940630257464,2.224628855567479e-07,4072
720575940621325290,2.2236009652094484e-07,4073
720575940632020428,2.219682816459784e-07,4074
720575940614705810,2.218744917794471e-07,4075
720575940630029307,2.2132805846484526e-07,4076
720575940625441003,2.2119953316796793e-07,4077
720575940615426610,2.208085165042812e-07,4078
720575940624274249,2.2077707091755218e-07,4079
720575940616218717,2.2045661794350093e-07,4080
720575940640175549,2.202382132434861e-07,4081
720575940646763652,2.2003583063785572e-07,4082
720575940634333338,2.1980257850506865e-07,4083
720575940616466260,2.1977559146927467e-07,4084
720575940607989771,2.197605786689124e-07,4085
720575940629587787,2.197304746076664e-07,4086
720575940620458461,2.1942182206509356e-07,4087
720575940620561840,2.1923261247174863e-07,4088
720575940614563526,2.1919179918768403e-07,4089
720575940618216862,2.188467485434555e-07,4090
720575940630161980,2.1876621244590794e-07,4091
720575940655671713,2.1842789343204444e-07,4092
720575940626005566,2.1802364170349976e-07,4093
720575940624310857,2.1792193929902997e-07,4094
720575940608375342,2.1783030638468069e-07,4095
720575940640172221,2.1776392964167854e-07,4096
720575940630253420,2.1754298841497855e-07,4097
720575940632996920,2.1749428464097596e-07,4098
720575940626143806,2.1735682042332813e-07,4099
720575940625344304,2.1729134520081737e-07,4100
720575940642134216,2.172377765114876e-07,4101
720575940611308261,2.1722936466746283e-07,4102
720575940614884502,2.1712361741293703e-07,4103
720575940615250850,2.1712140047881626e-07,4104
720575940624737101,2.1678116802643864e-07,4105
720575940628653255,2.167006660236525e-07,4106
720575940610522210,2.1633752615523646e-07,4107
720575940637923391,2.162583360559585e-07,4108
720575940627717314,2.1596592846172776e-07,4109
720575940640613339,2.1590733504669394e-07,4110
720575940618877531,2.155793263403908e-07,4111
720575940620297819,2.15440630757424e-07,4112
720575940613743569,2.1539298600079923e-07,4113
720575940618510552,2.1533591077411308e-07,4114
720575940624300531,2.1496212122842925e-07,4115
720575940623161834,2.148846348148608e-07,4116
720575940630609090,2.148792322985611e-07,4117
720575940629981440,2.1485882667735926e-07,4118
720575940607737099,2.143072281496123e-07,4119
720575940632161311,2.1427889178164223e-07,4120
720575940625979650,2.1390714753600882e-07,4121
720575940628659318,2.1357931036034388e-07,4122
720575940617034565,2.1286614079666667e-07,4123
720575940625096240,2.1208627789506115e-07,4124
720575940629878479,2.1198958630754225e-07,4125
720575940612248794,2.1191033452746077e-07,4126
720575940631844945,2.1187321810290405e-07,4127
720575940611566233,2.1171553465443072e-07,4128
720575940621008895,2.1154556430874593e-07,4129
720575940633471584,2.1123642533118886e-07,4130
720575940621328148,2.108958472976682e-07,4131
720575940626774863,2.1077495459183942e-07,4132
720575940627346476,2.1045554952180953e-07,4133
720575940622215960,2.1044808412995428e-07,4134
720575940612273575,2.1042489732971944e-07,4135
720575940639032125,2.101581478481499e-07,4136
720575940619294964,2.1006700472003342e-07,4137
720575940617751089,2.0996763397984007e-07,4138
720575940623062349,2.099479602753059e-07,4139
720575940605842656,2.0974756322302482e-07,4140
720575940622979848,2.0958945689065639e-07,4141
720575940629355623,2.093257848143314e-07,4142
720575940625282490,2.0931777681556996e-07,4143
720575940619028208,2.092123441053337e-07,4144
720575940613940074,2.0912020865542043e-07,4145
720575940631865228,2.0878045723554307e-07,4146
720575940626112062,2.0876088223978044e-07,4147
720575940609380728,2.0874938522767267e-07,4148
720575940619463924,2.0869640676305836e-07,4149
720575940622400694,2.0795762687047075e-07,4150
720575940620658310,2.0785165854941204e-07,4151
720575940628963175,2.078504117267278e-07,4152
720575940623720935,2.078236420515859e-07,4153
720575940617868249,2.07819747904194e-07,4154
720575940623848428,2.0766484194423276e-07,4155
720575940611633010,2.0731843904910545e-07,4156
720575940616144470,2.0686877296378177e-07,4157
720575940634557594,2.0680691027208638e-07,4158
720575940618769954,2.0666599525035638e-07,4159
720575940629025324,2.0631116399170555e-07,4160
720575940610292430,2.0629953320512866e-07,4161
720575940614676341,2.0628911874863427e-07,4162
720575940637302756,2.0614689758420664e-07,4163
720575940630780463,2.061213054736231e-07,4164
720575940627745641,2.0573701672479962e-07,4165
720575940641148405,2.0553996036907442e-07,4166
720575940610148306,2.0538491079594225e-07,4167
720575940637148393,2.05236225639479e-07,4168
720575940613296613,2.0513421920568693e-07,4169
720575940618599872,2.050914072910737e-07,4170
720575940635735671,2.0469280674594169e-07,4171
720575940614675618,2.0467542591111054e-07,4172
720575940623192781,2.046443929129516e-07,4173
720575940627157322,2.0409996133585484e-07,4174
720575940618129573,2.040735696826551e-07,4175
720575940626861104,2.038020143194007e-07,4176
720575940621512445,2.037655261553678e-07,4177
720575940617048550,2.0375165307924387e-07,4178
720575940614279867,2.0373091573550501e-07,4179
720575940635901018,2.036397610746013e-07,4180
720575940627578055,2.0360113143099972e-07,4181
720575940615062312,2.035581590792341e-07,4182
720575940629960271,2.03320226772256e-07,4183
720575940630020968,2.0331326844832377e-07,4184
720575940621021278,2.0322479990544797e-07,4185
720575940630453535,2.0321482217845084e-07,4186
720575940625345584,2.0312974559533205e-07,4187
720575940619042240,2.0293475578199783e-07,4188
720575940619848301,2.0268121733492575e-07,4189
720575940622129441,2.0266317261038998e-07,4190
720575940622919411,2.0249967166366868e-07,4191
720575940620581748,2.0243479298796275e-07,4192
720575940616481397,2.0176105057767708e-07,4193
720575940635981742,2.0175923704676404e-07,4194
720575940622756134,2.0093403084121232e-07,4195
720575940629004158,2.0067926219302964e-07,4196
720575940613175215,2.000753844349493e-07,4197
720575940634470757,1.996516857142188e-07,4198
720575940623764967,1.9931604501348258e-07,4199
720575940629292281,1.992078975428222e-07,4200
720575940619072513,1.9917316054472713e-07,4201
720575940616612313,1.9884760105517757e-07,4202
720575940625385861,1.9864111157743635e-07,4203
720575940632041676,1.9859392915369396e-07,4204
720575940635631991,1.9859156022147974e-07,4205
720575940605277798,1.985514678782888e-07,4206
720575940624335367,1.9851522875936332e-07,4207
720575940628212695,1.9828737670261848e-07,4208
720575940617552569,1.982134203142557e-07,4209
720575940621170526,1.9806483072150424e-07,4210
720575940615320505,1.9801607224957655e-07,4211
720575940614140522,1.97631451128263e-07,4212
720575940617389908,1.9755373602368195e-07,4213
720575940630455100,1.9740515235193743e-07,4214
720575940627790991,1.972673721293618e-07,4215
720575940625414387,1.9725538731730707e-07,4216
720575940628910956,1.9714207862999528e-07,4217
720575940638632381,1.9705930946897776e-07,4218
720575940627874039,1.9695058967631872e-07,4219
720575940633968235,1.967548160379165e-07,4220
720575940627127746,1.9649258557296725e-07,4221
720575940623476407,1.9646729741323138e-07,4222
720575940627183290,1.9621793435331517e-07,4223
720575940604479660,1.9611758879497168e-07,4224
720575940637062975,1.9610749166902824e-07,4225
720575940627182217,1.9556557617461348e-07,4226
720575940630308567,1.9545545849126573e-07,4227
720575940624023539,1.9536813826930306e-07,4228
720575940623223245,1.952886893188241e-07,4229
720575940629235084,1.9499536639037206e-07,4230
720575940627096232,1.9497088909665694e-07,4231
720575940634635115,1.9483326261461916e-07,4232
720575940631490980,1.9464695452892192e-07,4233
720575940617797405,1.946466440988272e-07,4234
720575940631083833,1.9448092345256107e-07,4235
720575940634915576,1.9425777207732353e-07,4236
720575940614177548,1.941772461066514e-07,4237
720575940623916071,1.941188087486026e-07,4238
720575940618839472,1.9381045802326612e-07,4239
720575940610773090,1.9373330739939608e-07,4240
720575940626933959,1.9367902868776983e-07,4241
720575940640993664,1.935453206256221e-07,4242
720575940622132545,1.9329757791234376e-07,4243
720575940633223052,1.9276352426232183e-07,4244
720575940639621760,1.926604807227037e-07,4245
720575940617917233,1.9260243089896953e-07,4246
720575940635229591,1.9235016368344786e-07,4247
720575940617275549,1.9233530494614155e-07,4248
720575940613413374,1.9227313233470512e-07,4249
720575940612772915,1.917137599460677e-07,4250
720575940631511912,1.9142176358760205e-07,4251
720575940621638534,1.9124970415071234e-07,4252
720575940604690278,1.91245858077217e-07,4253
720575940620706776,1.9110172339229292e-07,4254
720575940626228329,1.9105110653563523e-07,4255
720575940619491828,1.907842566630706e-07,4256
720575940615297681,1.907560154250355e-07,4257
720575940607880578,1.9075017657539159e-07,4258
720575940623953900,1.9071187282410004e-07,4259
720575940617794939,1.9061766572682735e-07,4260
720575940631968855,1.904889341623593e-07,4261
720575940645495587,1.903322363216331e-07,4262
720575940629014887,1.901049329676882e-07,4263
720575940622117473,1.900668798415728e-07,4264
720575940611623630,1.8987652996772232e-07,4265
720575940619548799,1.897785256528718e-07,4266
720575940630730956,1.8951368945459506e-07,4267
720575940628978450,1.8919670693333538e-07,4268
720575940621558762,1.8916404143596413e-07,4269
720575940633203783,1.8910372689278454e-07,4270
720575940631111983,1.8902426131749824e-07,4271
720575940622230337,1.8899295277625568e-07,4272
720575940619953391,1.8891639016026973e-07,4273
720575940637073118,1.887686042926984e-07,4274
720575940647938100,1.8863762531298345e-07,4275
720575940627136655,1.884504877135042e-07,4276
720575940616837277,1.8830860233953068e-07,4277
720575940628023569,1.8813118441875428e-07,4278
720575940614605279,1.8802035125592893e-07,4279
720575940626612888,1.8752490834544043e-07,4280
720575940619475536,1.874004312916716e-07,4281
720575940616169010,1.8723634520839817e-07,4282
720575940611411057,1.8720718363882962e-07,4283
720575940625669148,1.8638039223248164e-07,4284
720575940611905433,1.8577949572162928e-07,4285
720575940645504878,1.8547014458805334e-07,4286
720575940646100020,1.8529059926513358e-07,4287
720575940616589878,1.8525027544420593e-07,4288
720575940624352318,1.850268829920414e-07,4289
720575940610079957,1.8499586556860193e-07,4290
720575940612387434,1.848685997363875e-07,4291
720575940624885593,1.846231739091045e-07,4292
720575940607872604,1.8430039979875572e-07,4293
720575940636574527,1.8374463379808778e-07,4294
720575940615892310,1.8305462304020678e-07,4295
720575940630094325,1.8294603973508366e-07,4296
720575940625573322,1.8293080950177978e-07,4297
720575940616654822,1.824689534925382e-07,4298
720575940612856434,1.8230458423164836e-07,4299
720575940629144987,1.8178917113989323e-07,4300
720575940627173884,1.815583158489366e-07,4301
720575940625622968,1.8150419602735035e-07,4302
720575940628436839,1.8140583002371295e-07,4303
720575940617807227,1.8133204938860674e-07,4304
720575940633665903,1.812453205274402e-07,4305
720575940634028151,1.8090161039390918e-07,4306
720575940627348712,1.8074890307066726e-07,4307
720575940635678871,1.8064400265069878e-07,4308
720575940611719378,1.80641557060416e-07,4309
720575940635960292,1.806219975678856e-07,4310
720575940617437697,1.8058469057241114e-07,4311
720575940623223501,1.802429647978679e-07,4312
720575940625699992,1.8023189464400157e-07,4313
720575940611881395,1.8022042128410798e-07,4314
720575940625642554,1.8007733699693333e-07,4315
720575940636649061,1.798028238577838e-07,4316
720575940631179831,1.7944995903816544e-07,4317
720575940627065877,1.7937017900735633e-07,4318
720575940626871025,1.7865122448056393e-07,4319
720575940606425522,1.7861203524487752e-07,4320
720575940608368818,1.785347145724827e-07,4321
720575940622116705,1.783654094815921e-07,4322
720575940609607890,1.783095647117763e-07,4323
720575940633044634,1.7811112248719121e-07,4324
720575940620368731,1.7798264895646286e-07,4325
720575940621786504,1.7788846034972385e-07,4326
720575940618330041,1.778359060892158e-07,4327
720575940626097678,1.7718302982719353e-07,4328
720575940630720763,1.769188969689727e-07,4329
720575940631051538,1.7686633130913958e-07,4330
720575940645108936,1.7647036763044633e-07,4331
720575940611772083,1.7610779753162433e-07,4332
720575940634407264,1.760348611379153e-07,4333
720575940626391562,1.7601591518725383e-07,4334
720575940627646026,1.759595038714551e-07,4335
720575940613408552,1.7581653119050447e-07,4336
720575940631642937,1.756988427238383e-07,4337
720575940638478680,1.7562643773638814e-07,4338
720575940611384946,1.7543511081845973e-07,4339
720575940644676900,1.751734124804393e-07,4340
720575940620917119,1.750139479490986e-07,4341
720575940626675837,1.7494727844948265e-07,4342
720575940630174927,1.7485774590933835e-07,4343
720575940612984981,1.746538125939124e-07,4344
720575940612255914,1.7452141368684414e-07,4345
720575940611858906,1.7439469397613722e-07,4346
720575940620005542,1.7431987049375665e-07,4347
720575940626968266,1.7414275199383222e-07,4348
720575940628393042,1.7407020837822643e-07,4349
720575940630683385,1.7398321972171477e-07,4350
720575940632353228,1.7374376716906836e-07,4351
720575940614220269,1.7352101182872038e-07,4352
720575940623725972,1.7334668690761496e-07,4353
720575940635807130,1.7316988050054864e-07,4354
720575940624082931,1.729867751620652e-07,4355
720575940639010392,1.728914908037127e-07,4356
720575940628869648,1.7272503888993063e-07,4357
720575940631225996,1.72667636872119e-07,4358
720575940630214782,1.7264084891318976e-07,4359
720575940610739114,1.7263898900062596e-07,4360
720575940633855789,1.725087574445319e-07,4361
720575940619623083,1.724810552713235e-07,4362
720575940626552597,1.7243007444053256e-07,4363
720575940632009261,1.7230055167077594e-07,4364
720575940615668441,1.721603543009001e-07,4365
720575940628746690,1.720809889799138e-07,4366
720575940632450115,1.7195545748022596e-07,4367
720575940628792172,1.717660304926138e-07,4368
720575940620627803,1.7170559487042146e-07,4369
720575940620878785,1.7169786263524528e-07,4370
720575940622257544,1.7086822528753834e-07,4371
720575940621167681,1.707949256250967e-07,4372
720575940617745821,1.7031239316307898e-07,4373
720575940631065144,1.7013955384024973e-07,4374
720575940632303807,1.7003477107684832e-07,4375
720575940630071803,1.6991156367917703e-07,4376
720575940612138792,1.6960621538843467e-07,4377
720575940634606490,1.6937875740402113e-07,4378
720575940613419506,1.692706784120995e-07,4379
720575940646051892,1.691118692194865e-07,4380
720575940631585055,1.6853126908335782e-07,4381
720575940626113661,1.6844618829697626e-07,4382
720575940628100614,1.684269377232893e-07,4383
720575940620037312,1.6830567685336903e-07,4384
720575940607957769,1.6822377443082387e-07,4385
720575940621997034,1.6818221930870422e-07,4386
720575940615790310,1.680974240845573e-07,4387
720575940621556062,1.680782243258021e-07,4388
720575940611872149,1.6804328565477428e-07,4389
720575940608176258,1.6801031806711608e-07,4390
720575940611684787,1.6784330812674454e-07,4391
720575940614985878,1.6781489501549074e-07,4392
720575940650979830,1.669343275124733e-07,4393
720575940608694062,1.6685512183167853e-07,4394
720575940610207474,1.6669047914949622e-07,4395
720575940617114418,1.6635533440515013e-07,4396
720575940612205938,1.662100337065054e-07,4397
720575940625872717,1.6594508917727465e-07,4398
720575940605648002,1.6587212362102837e-07,4399
720575940630680314,1.6576502222223183e-07,4400
720575940613361010,1.6560609746914033e-07,4401
720575940627208168,1.6547154576303934e-07,4402
720575940625843262,1.6527183515316453e-07,4403
720575940607071106,1.6503160682371563e-07,4404
720575940604091308,1.6500782810084145e-07,4405
720575940622037926,1.6495118475879055e-07,4406
720575940639043280,1.6491663006819317e-07,4407
720575940611434419,1.648906729026345e-07,4408
720575940634384751,1.6486525475698597e-07,4409
720575940626735100,1.6479592869169634e-07,4410
720575940618706112,1.6465397151317625e-07,4411
720575940637118527,1.645225033842636e-07,4412
720575940635967118,1.6443999265425334e-07,4413
720575940621354416,1.641992169233585e-07,4414
720575940622599408,1.638142335994763e-07,4415
720575940626132519,1.636743083202399e-07,4416
720575940637763135,1.6356653586786557e-07,4417
720575940631971373,1.6350896118625238e-07,4418
720575940620874757,1.6342446508802969e-07,4419
720575940630012663,1.634101918826326e-07,4420
720575940623066893,1.6336097055612896e-07,4421
720575940628869136,1.628336297948435e-07,4422
720575940627548419,1.6275658369144144e-07,4423
720575940627549754,1.6273792458435765e-07,4424
720575940613788859,1.627220548315612e-07,4425
720575940619435655,1.62683787563837e-07,4426
720575940631110095,1.6237058181386934e-07,4427
720575940630679801,1.623520038859633e-07,4428
720575940619973712,1.6228013294620181e-07,4429
720575940623554796,1.6222765625872416e-07,4430
720575940628023685,1.6220106540714206e-07,4431
720575940625331843,1.6207919547996404e-07,4432
720575940610985586,1.6205309134295677e-07,4433
720575940613189785,1.6197323627843026e-07,4434
720575940631973207,1.619512264047135e-07,4435
720575940618340057,1.6191173957940538e-07,4436
720575940622791364,1.617287058950484e-07,4437
720575940621493068,1.6142871245295772e-07,4438
720575940627172328,1.6130054790637048e-07,4439
720575940617416256,1.612612401858872e-07,4440
720575940606239666,1.612251849186564e-07,4441
720575940634085786,1.612251849186564e-07,4442
720575940613009558,1.6116512938792644e-07,4443
720575940638624701,1.6115559211151686e-07,4444
720575940632557664,1.6095642159667642e-07,4445
720575940653167777,1.6084652977057477e-07,4446
720575940618356091,1.607052213937477e-07,4447
720575940624566759,1.605908380062896e-07,4448
720575940624746510,1.6053716710050737e-07,4449
720575940612975085,1.6044459136553485e-07,4450
720575940635123225,1.6044441147160353e-07,4451
720575940605777841,1.6011992304709193e-07,4452
720575940625178768,1.599700247626948e-07,4453
720575940651277814,1.5967538130922329e-07,4454
720575940637396964,1.5944932494201446e-07,4455
720575940606401970,1.594096773982153e-07,4456
720575940621545606,1.5909690235513805e-07,4457
720575940623142426,1.5875305715034275e-07,4458
720575940620091457,1.5872749790738708e-07,4459
720575940617922880,1.5832992877727843e-07,4460
720575940622124833,1.5827044211727954e-07,4461
720575940615495839,1.5818081707015818e-07,4462
720575940609939780,1.5815408435337152e-07,4463
720575940614572463,1.5783173796656193e-07,4464
720575940623974069,1.5782435778031075e-07,4465
720575940611439786,1.5780646172564366e-07,4466
720575940628561767,1.5748016778178507e-07,4467
720575940620946864,1.574246006747986e-07,4468
720575940609268491,1.573261448425867e-07,4469
720575940615957563,1.5727275597295993e-07,4470
720575940608617923,1.5698122745112787e-07,4471
720575940647081860,1.5696820873218591e-07,4472
720575940624680906,1.5650747587612044e-07,4473
720575940624470044,1.564424040233435e-07,4474
720575940612969169,1.564410969373888e-07,4475
720575940634553230,1.5633880694069038e-07,4476
720575940615848788,1.5626290547058308e-07,4477
720575940622122083,1.562257045440791e-07,4478
720575940626678524,1.5618023826912304e-07,4479
720575940606894722,1.561524220022105e-07,4480
720575940631624785,1.5587952732077415e-07,4481
720575940628215558,1.5586359776357746e-07,4482
720575940626836528,1.5578445298349492e-07,4483
720575940614976662,1.555664097691615e-07,4484
720575940644666148,1.5520375110300928e-07,4485
720575940643940900,1.5512421997574768e-07,4486
720575940633179618,1.5506666218916963e-07,4487
720575940620719600,1.548392877330779e-07,4488
720575940625642012,1.5475326434205953e-07,4489
720575940621849015,1.5426779470013166e-07,4490
720575940645129672,1.5421348939595345e-07,4491
720575940617077249,1.5417802953543188e-07,4492
720575940633783904,1.5407701887464275e-07,4493
720575940644306592,1.5404943423169895e-07,4494
720575940659613569,1.5398997840199074e-07,4495
720575940630440645,1.536841337229628e-07,4496
720575940627067847,1.536560928398406e-07,4497
720575940650910073,1.5340178807364468e-07,4498
720575940629317450,1.53353534994922e-07,4499
720575940628997123,1.5333590862968975e-07,4500
720575940629460943,1.5331223381466778e-07,4501
720575940619390573,1.5328593578867327e-07,4502
720575940631319084,1.5311123576668208e-07,4503
720575940620183462,1.5296896188770166e-07,4504
720575940623841779,1.529093830773142e-07,4505
720575940633178508,1.5236978543454404e-07,4506
720575940623638968,1.523432621500963e-07,4507
720575940620116833,1.5227878312572768e-07,4508
720575940617818708,1.5215110633048246e-07,4509
720575940626498566,1.5213966195956752e-07,4510
720575940637316727,1.5204418790946216e-07,4511
720575940629658583,1.518208842346057e-07,4512
720575940622085258,1.5168910151946728e-07,4513
720575940631698340,1.5167380920704445e-07,4514
720575940627373161,1.515469666950922e-07,4515
720575940623690474,1.5150208668474302e-07,4516
720575940614165866,1.514327101033027e-07,4517
720575940634635406,1.5121323178996125e-07,4518
720575940644096712,1.5114850860147342e-07,4519
720575940616546233,1.511230727493101e-07,4520
720575940641305229,1.509046956863157e-07,4521
720575940605698080,1.5051545920775994e-07,4522
720575940624875018,1.5045441104106324e-07,4523
720575940647182371,1.5037277314474482e-07,4524
720575940634548194,1.5020894928583332e-07,4525
720575940627146186,1.4995766152071812e-07,4526
720575940602380768,1.4956703305903356e-07,4527
720575940630445519,1.4953655674473503e-07,4528
720575940636658021,1.4953276807733993e-07,4529
720575940636167280,1.4945577549342432e-07,4530
720575940634588517,1.4933489528848417e-07,4531
720575940612424362,1.4928901818389405e-07,4532
720575940612078511,1.4915006369035377e-07,4533
720575940613669357,1.4899266643332334e-07,4534
720575940607353045,1.4898731619397885e-07,4535
720575940622175401,1.4875087879143067e-07,4536
720575940619895125,1.4871390127757426e-07,4537
720575940627833340,1.4870960686050333e-07,4538
720575940621413652,1.4867759256320738e-07,4539
720575940630514194,1.4865099528029501e-07,4540
720575940618969758,1.4860569907271018e-07,4541
720575940655891617,1.4854226988593614e-07,4542
720575940643253271,1.4840951298380592e-07,4543
720575940610849649,1.483715326509472e-07,4544
720575940626323185,1.483555538934458e-07,4545
720575940623553260,1.4818897261610668e-07,4546
720575940607967241,1.4809572787796796e-07,4547
720575940628200551,1.4799502576192724e-07,4548
720575940632045839,1.4796781187984155e-07,4549
720575940646183220,1.479417039480943e-07,4550
720575940625438483,1.4768552438004797e-07,4551
720575940630539535,1.4768516575085226e-07,4552
720575940630776657,1.4765886209943162e-07,4553
720575940624338521,1.4748656401611028e-07,4554
720575940629886971,1.4748275755948952e-07,4555
720575940629211191,1.474749921699969e-07,4556
720575940632086599,1.473939073643428e-07,4557
720575940611549810,1.465908844754367e-07,4558
720575940624915128,1.4631034632272715e-07,4559
720575940620804566,1.4617881829466948e-07,4560
720575940632077899,1.4615744405854596e-07,4561
720575940635919502,1.4613692809757005e-07,4562
720575940634484581,1.4582179143618343e-07,4563
720575940632440220,1.458207996140573e-07,4564
720575940624576806,1.455410979735347e-07,4565
720575940614564319,1.4545201544177204e-07,4566
720575940632401233,1.4492228209389283e-07,4567
720575940636704357,1.448952851579406e-07,4568
720575940617854676,1.448849245241341e-07,4569
720575940623498876,1.4475104536561346e-07,4570
720575940624226318,1.446652751201536e-07,4571
720575940606739634,1.446315840235482e-07,4572
720575940629142650,1.4425336740039358e-07,4573
720575940612574435,1.4391642838212983e-07,4574
720575940622968970,1.4382777396736095e-07,4575
720575940637702222,1.436028239040031e-07,4576
720575940625495140,1.4335312934859164e-07,4577
720575940614830604,1.433357502340572e-07,4578
720575940623779327,1.4320543093354592e-07,4579
720575940628209801,1.4252420608782016e-07,4580
720575940629440067,1.4238413783099714e-07,4581
720575940633567900,1.4235339895869682e-07,4582
720575940613009327,1.4234143012594789e-07,4583
720575940643823470,1.423232788321426e-07,4584
720575940648377209,1.422962590296082e-07,4585
720575940635112952,1.4209914102058538e-07,4586
720575940633475424,1.4167568932459445e-07,4587
720575940605107121,1.4166552726454734e-07,4588
720575940626405448,1.416409612930817e-07,4589
720575940659009409,1.4157572838608242e-07,4590
720575940614374034,1.41501544947009e-07,4591
720575940630968680,1.4146827844941086e-07,4592
720575940618239035,1.4141842259031833e-07,4593
720575940618671343,1.4116956910511418e-07,4594
720575940608661955,1.410216162031317e-07,4595
720575940619652033,1.4097960256419496e-07,4596
720575940639599323,1.4088415657435397e-07,4597
720575940613502786,1.408578534073939e-07,4598
720575940629228535,1.406186891196302e-07,4599
720575940604340448,1.4055089470893903e-07,4600
720575940634677861,1.4054562356630344e-07,4601
720575940632689199,1.4048319820827053e-07,4602
720575940627357457,1.4024652266004096e-07,4603
720575940634838926,1.399160486806304e-07,4604
720575940625988851,1.398889213089917e-07,4605
720575940651833078,1.398177601243955e-07,4606
720575940614660519,1.395686838633641e-07,4607
720575940631275601,1.3949668024621956e-07,4608
720575940615756774,1.39083832715622e-07,4609
720575940644541600,1.3905673705341215e-07,4610
720575940631812577,1.3889557812816737e-07,4611
720575940633518176,1.387411062142959e-07,4612
720575940618295454,1.3870344222387434e-07,4613
720575940648839545,1.384443729064826e-07,4614
720575940641553805,1.3842838082571493e-07,4615
720575940612338674,1.3838474092917435e-07,4616
720575940623165709,1.3815930803515686e-07,4617
720575940627225743,1.3815694844446175e-07,4618
720575940611016910,1.3812965962748874e-07,4619
720575940640631248,1.3811547519234553e-07,4620
720575940618950480,1.3808130250418153e-07,4621
720575940618936710,1.3806458394093696e-07,4622
720575940645497140,1.3802914000714944e-07,4623
720575940621623334,1.379885856075521e-07,4624
720575940618887217,1.3783882680757447e-07,4625
720575940620764245,1.377344395166905e-07,4626
720575940623982484,1.3772830602282815e-07,4627
720575940613598514,1.37663635233264e-07,4628
720575940617129885,1.3745899261641567e-07,4629
720575940637565838,1.3725178000349212e-07,4630
720575940619369688,1.3696950866735408e-07,4631
720575940636674190,1.369479264806578e-07,4632
720575940619559838,1.36864664072312e-07,4633
720575940645989655,1.3665284526858093e-07,4634
720575940616101994,1.362568954977968e-07,4635
720575940623247300,1.3620768642050262e-07,4636
720575940628454202,1.3617747274090296e-07,4637
720575940615043368,1.3616000879048918e-07,4638
720575940619329957,1.3613794335534597e-07,4639
720575940635175263,1.3588030092763446e-07,4640
720575940620822548,1.3586683079332643e-07,4641
720575940626826392,1.3571360783983314e-07,4642
720575940621332092,1.355687656563444e-07,4643
720575940633397023,1.3546885173344082e-07,4644
720575940652813217,1.3531419683060163e-07,4645
720575940638664437,1.3513793659271555e-07,4646
720575940647473796,1.351201191180362e-07,4647
720575940624109464,1.3508682921237267e-07,4648
720575940615751124,1.3503446375197184e-07,4649
720575940639205821,1.350122163617539e-07,4650
720575940610955946,1.35000254192142e-07,4651
720575940626642705,1.348981687479001e-07,4652
720575940611507478,1.3484433450643563e-07,4653
720575940631082808,1.3482196558089376e-07,4654
720575940629672642,1.346519030673814e-07,4655
720575940614476434,1.3453703814248856e-07,4656
720575940623619805,1.3452307548856358e-07,4657
720575940616114132,1.345131890209123e-07,4658
720575940616121147,1.3443142448519294e-07,4659
720575940659019649,1.3418513735841114e-07,4660
720575940627404858,1.3413001580158574e-07,4661
720575940619661082,1.340198135705971e-07,4662
720575940613867938,1.3398365485934942e-07,4663
720575940610270584,1.3350464061851528e-07,4664
720575940628120744,1.334947707456919e-07,4665
720575940618008144,1.334401330509248e-07,4666
720575940627841795,1.3338226108386033e-07,4667
720575940617993607,1.3331094916428214e-07,4668
720575940635124142,1.332584025772258e-07,4669
720575940627552125,1.3305563862469075e-07,4670
720575940628494695,1.3284635042382593e-07,4671
720575940618669858,1.3275563454431742e-07,4672
720575940629840655,1.327010699811839e-07,4673
720575940622420297,1.3255315873660124e-07,4674
720575940629860919,1.322938986772571e-07,4675
720575940636410869,1.321011441993986e-07,4676
720575940629677112,1.3177973842562983e-07,4677
720575940628655660,1.3168214333285305e-07,4678
720575940613604162,1.3162546050128915e-07,4679
720575940637410394,1.3144432569415005e-07,4680
720575940628584783,1.3111851181170116e-07,4681
720575940606059977,1.3110867491069334e-07,4682
720575940638477621,1.3097841186151007e-07,4683
720575940633168711,1.309576817147789e-07,4684
720575940626694288,1.3088717259762146e-07,4685
720575940628492712,1.3085670997779897e-07,4686
720575940621107336,1.3066233432778177e-07,4687
720575940611881139,1.3046691877930575e-07,4688
720575940613121790,1.3040877579529243e-07,4689
720575940620881524,1.302393234311391e-07,4690
720575940620998253,1.302109971561782e-07,4691
720575940611156978,1.3010833956524293e-07,4692
720575940613165970,1.3008047540806496e-07,4693
720575940637667443,1.2991177418298358e-07,4694
720575940655015329,1.298611029707692e-07,4695
720575940631700731,1.2975356334858719e-07,4696
720575940638108787,1.2966353382941944e-07,4697
720575940626465352,1.296427494407238e-07,4698
720575940630318533,1.294951700106473e-07,4699
720575940622207785,1.2925558673307754e-07,4700
720575940622346509,1.2923476824365825e-07,4701
720575940642337696,1.2916173704585556e-07,4702
720575940626228057,1.2914102572745375e-07,4703
720575940618958040,1.290752349861734e-07,4704
720575940630661164,1.2891516004627387e-07,4705
720575940622126550,1.2883968150813193e-07,4706
720575940618603009,1.287513084300021e-07,4707
720575940629709250,1.2873706068966836e-07,4708
720575940621566941,1.286141769064108e-07,4709
720575940628857850,1.285312712312547e-07,4710
720575940641229520,1.2830775174640918e-07,4711
720575940631999080,1.2822453532343308e-07,4712
720575940615698315,1.2820325328003896e-07,4713
720575940617859486,1.280842456291008e-07,4714
720575940628330434,1.279388499681524e-07,4715
720575940619800001,1.2780172206945455e-07,4716
720575940626545410,1.2773127493358596e-07,4717
720575940626799120,1.276961028000245e-07,4718
720575940630023286,1.2766038527285333e-07,4719
720575940608185730,1.2748570401698324e-07,4720
720575940627774287,1.2726987746254834e-07,4721
720575940628884496,1.2725052985299343e-07,4722
720575940614232543,1.272278519883062e-07,4723
720575940611872227,1.2719038143530002e-07,4724
720575940626287336,1.271209340356209e-07,4725
720575940616403167,1.271005289514052e-07,4726
720575940632835155,1.26937067966244e-07,4727
720575940637929956,1.2672378180345592e-07,4728
720575940611886066,1.2654394693726378e-07,4729
720575940626742288,1.2651223372333068e-07,4730
720575940623718380,1.2650632922791892e-07,4731
720575940620061793,1.2639467329364882e-07,4732
720575940642412941,1.2637954914621245e-07,4733
720575940617819216,1.26304624321021e-07,4734
720575940607872969,1.2628518652991968e-07,4735
720575940623227656,1.2628029826341516e-07,4736
720575940637445183,1.2624454518062384e-07,4737
720575940625458064,1.262249860888884e-07,4738
720575940632256481,1.2612803883599432e-07,4739
720575940636074158,1.2609664734503695e-07,4740
720575940624404238,1.260463075000003e-07,4741
720575940631662648,1.258212640357975e-07,4742
720575940617279489,1.2561559686999315e-07,4743
720575940627417320,1.2549577170863832e-07,4744
720575940614060829,1.2509717756853162e-07,4745
720575940624193279,1.2507079368704098e-07,4746
720575940628261852,1.2487028562149797e-07,4747
720575940622828682,1.2483281875515371e-07,4748
720575940621202096,1.2458352468499458e-07,4749
720575940622925972,1.2440522888745462e-07,4750
720575940628750248,1.2431937027158458e-07,4751
720575940613007729,1.242169336085257e-07,4752
720575940631579929,1.2416378076994905e-07,4753
720575940609633582,1.24153723211541e-07,4754
720575940624925989,1.2405511660437212e-07,4755
720575940624010339,1.239784824701269e-07,4756
720575940617557590,1.2380599523089705e-07,4757
720575940637101375,1.237432419378336e-07,4758
720575940609541917,1.2365131036230359e-07,4759
720575940617912267,1.2329644608031699e-07,4760
720575940620249478,1.230041221003368e-07,4761
720575940634809455,1.22853174214499e-07,4762
720575940616039510,1.2282834649276748e-07,4763
720575940622112353,1.2281525563487142e-07,4764
720575940623612395,1.2259861377103638e-07,4765
720575940623040094,1.2232140928706442e-07,4766
720575940628321352,1.222406835020026e-07,4767
720575940616071483,1.2209363452521522e-07,4768
720575940603266592,1.220738895952746e-07,4769
720575940618521273,1.2186874192453337e-07,4770
720575940623187233,1.218348292523152e-07,4771
720575940611094478,1.2181657076151855e-07,4772
720575940611697394,1.2180239350700758e-07,4773
720575940621983757,1.215979077626779e-07,4774
720575940642871240,1.2156445821150535e-07,4775
720575940622975624,1.2137324536158569e-07,4776
720575940609162820,1.2135661861420414e-07,4777
720575940630697078,1.2134292594921317e-07,4778
720575940628125775,1.2127019984814881e-07,4779
720575940616071563,1.2125796004983836e-07,4780
720575940600646173,1.2109876792301346e-07,4781
720575940624056624,1.210817649952143e-07,4782
720575940627972485,1.2103028573701808e-07,4783
720575940629056630,1.2100887391916845e-07,4784
720575940619358800,1.209805457066303e-07,4785
720575940637627206,1.2097375831796908e-07,4786
720575940625492005,1.2094963404906952e-07,4787
720575940605948076,1.2093789253277809e-07,4788
720575940648864633,1.2092945334502253e-07,4789
720575940613707431,1.208387059687148e-07,4790
720575940612144047,1.2079608693032835e-07,4791
720575940628382282,1.2077054433825332e-07,4792
720575940626412298,1.206850628878905e-07,4793
720575940624008974,1.2068324623569831e-07,4794
720575940638204137,1.2067787488694412e-07,4795
720575940617542872,1.2056634737465245e-07,4796
720575940645716771,1.2049183296765459e-07,4797
720575940626400125,1.2035867116290648e-07,4798
720575940621625597,1.203201006889488e-07,4799
720575940640665917,1.2016005476052894e-07,4800
720575940632308305,1.2001997231318772e-07,4801
720575940625380169,1.1998269453820005e-07,4802
720575940613061118,1.1990744461466368e-07,4803
720575940636356678,1.1988145411007648e-07,4804
720575940626348298,1.1987194101423362e-07,4805
720575940638288447,1.197755660172436e-07,4806
720575940627891305,1.1974758196451878e-07,4807
720575940608571950,1.1957223128134279e-07,4808
720575940629906223,1.1949363150251543e-07,4809
720575940634477163,1.1943722235626605e-07,4810
720575940654777505,1.1943079284259306e-07,4811
720575940616951124,1.1938793863447183e-07,4812
720575940628248326,1.1931818488776368e-07,4813
720575940631670615,1.192791569860419e-07,4814
720575940627999292,1.1925689626184193e-07,4815
720575940614881183,1.1916651610092072e-07,4816
720575940629866283,1.1894045384657581e-07,4817
720575940626748232,1.1894042217209899e-07,4818
720575940621570799,1.1893877754664689e-07,4819
720575940619744532,1.1889684635768606e-07,4820
720575940635954318,1.188588891071259e-07,4821
720575940610348773,1.1882650680469797e-07,4822
720575940643789860,1.1790511426453592e-07,4823
720575940628169219,1.1781760083597249e-07,4824
720575940617252642,1.1772286483557387e-07,4825
720575940628190522,1.1763816532968144e-07,4826
720575940629112258,1.1754871871705863e-07,4827
720575940643817888,1.1752082295065488e-07,4828
720575940616996294,1.1751456416958113e-07,4829
720575940632203075,1.1741027042318464e-07,4830
720575940609970090,1.1737517151649777e-07,4831
720575940619169950,1.1730444000382178e-07,4832
720575940635274615,1.1725178051273756e-07,4833
720575940632339425,1.1716435151512477e-07,4834
720575940614133555,1.1716170546145913e-07,4835
720575940618815067,1.1700393711272274e-07,4836
720575940629957943,1.1699016640450778e-07,4837
720575940626481257,1.1686751202541095e-07,4838
720575940618547641,1.1659231959919493e-07,4839
720575940627358853,1.1649426972355155e-07,4840
720575940613891487,1.1629468588344277e-07,4841
720575940617242141,1.1620423872250623e-07,4842
720575940617299259,1.1618656644213253e-07,4843
720575940631131436,1.160231736250481e-07,4844
720575940621001712,1.1598568922381371e-07,4845
720575940629954872,1.1596265755800135e-07,4846
720575940624996901,1.1582976320653116e-07,4847
720575940635222640,1.1575998689196352e-07,4848
720575940626562833,1.1569796642793607e-07,4849
720575940619318950,1.1568971238108423e-07,4850
720575940628455996,1.1555404073838934e-07,4851
720575940625374472,1.154630626203601e-07,4852
720575940624529445,1.1540084716853269e-07,4853
720575940646419747,1.152197914504218e-07,4854
720575940621002480,1.1518282963664387e-07,4855
720575940638989375,1.1505492045796654e-07,4856
720575940628648809,1.1488789173209632e-07,4857
720575940618847281,1.1486661179757908e-07,4858
720575940616200790,1.1469296008061541e-07,4859
720575940621088500,1.146439114498456e-07,4860
720575940618011604,1.1462046421538634e-07,4861
720575940632791778,1.1460672585861993e-07,4862
720575940629986816,1.143923903196214e-07,4863
720575940621077488,1.1429617731542284e-07,4864
720575940624391816,1.1428865223701248e-07,4865
720575940630546540,1.142170775164262e-07,4866
720575940626789392,1.1385547700657491e-07,4867
720575940635184735,1.1372647548319894e-07,4868
720575940620346417,1.1363469880367953e-07,4869
720575940631553453,1.1355652606866069e-07,4870
720575940625082969,1.1351570136904315e-07,4871
720575940630769145,1.1337095471015173e-07,4872
720575940616211013,1.1298965597516939e-07,4873
720575940615289650,1.1297063212964247e-07,4874
720575940643919908,1.1290367734502506e-07,4875
720575940612149362,1.1277234585785929e-07,4876
720575940627981211,1.1276085459068581e-07,4877
720575940628257730,1.1275806744712474e-07,4878
720575940623973578,1.1262707710845877e-07,4879
720575940647223940,1.1260079995518168e-07,4880
720575940639578958,1.1254836828545832e-07,4881
720575940604456876,1.1253524362024631e-07,4882
720575940629817104,1.124022872198149e-07,4883
720575940611988197,1.123183581468822e-07,4884
720575940628081751,1.1230196765632218e-07,4885
720575940620928517,1.1199998031163502e-07,4886
720575940631418386,1.119244292183855e-07,4887
720575940621832397,1.1184194461118893e-07,4888
720575940626883816,1.1178899325466143e-07,4889
720575940628463042,1.1175230344120342e-07,4890
720575940615684242,1.1175015061325385e-07,4891
720575940618483067,1.1156564949768688e-07,4892
720575940615930299,1.1155761031829608e-07,4893
720575940643509527,1.1152588702817882e-07,4894
720575940640162944,1.1148232845056446e-07,4895
720575940633288372,1.1128772620552876e-07,4896
720575940612227880,1.1127155858829103e-07,4897
720575940647061556,1.1123523708401662e-07,4898
720575940630159616,1.1108134276356939e-07,4899
720575940630548751,1.1090573270186343e-07,4900
720575940617738325,1.1089348689459583e-07,4901
720575940634165646,1.1078300242754744e-07,4902
720575940617575760,1.1073925690628107e-07,4903
720575940612321634,1.1072137160136449e-07,4904
720575940624206896,1.1058675067923341e-07,4905
720575940625417353,1.1053049556086015e-07,4906
720575940642335373,1.1044773371254965e-07,4907
720575940624276733,1.1032245363275951e-07,4908
720575940627447068,1.1017690518599334e-07,4909
720575940629541164,1.09923122314129e-07,4910
720575940628379651,1.0978312717360066e-07,4911
720575940627514567,1.0967317722595982e-07,4912
720575940623546549,1.0965951049692993e-07,4913
720575940622190571,1.0963362138067317e-07,4914
720575940633277209,1.0957380745780863e-07,4915
720575940614383547,1.0951793212618253e-07,4916
720575940626169481,1.0939159735693084e-07,4917
720575940640305205,1.092332897550674e-07,4918
720575940613950530,1.0920575280149154e-07,4919
720575940638681845,1.0914546185212635e-07,4920
720575940621547619,1.0896072300353599e-07,4921
720575940635932590,1.0878146688849866e-07,4922
720575940629664108,1.0867005639565315e-07,4923
720575940624421834,1.0863843755458726e-07,4924
720575940630980909,1.0857608370742176e-07,4925
720575940637954886,1.0854228428450048e-07,4926
720575940621018560,1.0852318415103876e-07,4927
720575940629888530,1.082264851986724e-07,4928
720575940617952669,1.0820842907967981e-07,4929
720575940614363970,1.082037602605098e-07,4930
720575940619188577,1.081657761622755e-07,4931
720575940636070255,1.081482048936092e-07,4932
720575940611616302,1.0800359827438798e-07,4933
720575940619896161,1.079379796393723e-07,4934
720575940621575774,1.0789605578331876e-07,4935
720575940625161008,1.0787799528507761e-07,4936
720575940630128246,1.0785551190120581e-07,4937
720575940615651670,1.0770319142428745e-07,4938
720575940630121078,1.0762976958360378e-07,4939
720575940638694307,1.0755629251006504e-07,4940
720575940624296328,1.0740528199546494e-07,4941
720575940628694019,1.0730186348851308e-07,4942
720575940630059052,1.0727001171530104e-07,4943
720575940618201173,1.0726216732955958e-07,4944
720575940628787016,1.0712978129762637e-07,4945
720575940637578985,1.0700387908610615e-07,4946
720575940615185595,1.0688825705161112e-07,4947
720575940626767152,1.0684409435527271e-07,4948
720575940644300323,1.0679081018806366e-07,4949
720575940604517809,1.0677622799380185e-07,4950
720575940613748689,1.0674108117640355e-07,4951
720575940629242567,1.0667916574104245e-07,4952
720575940610605747,1.0654633477433523e-07,4953
720575940635618793,1.0640602522394548e-07,4954
720575940619349297,1.0636501005668356e-07,4955
720575940621201647,1.0635448772060417e-07,4956
720575940618611280,1.0624438600708824e-07,4957
720575940626201116,1.0615952078117268e-07,4958
720575940610293683,1.059943055892436e-07,4959
720575940625987390,1.0588608388079734e-07,4960
720575940605681440,1.0553079039355354e-07,4961
720575940629965932,1.0543920584922413e-07,4962
720575940626682129,1.0526341037861989e-07,4963
720575940618760432,1.0525304512237388e-07,4964
720575940629201724,1.0510114828628971e-07,4965
720575940627695559,1.0502700004385993e-07,4966
720575940604276652,1.0488488357867653e-07,4967
720575940624473918,1.0481759021002543e-07,4968
720575940653399457,1.047198814814302e-07,4969
720575940617833265,1.047050091952741e-07,4970
720575940623886266,1.0436291457963064e-07,4971
720575940619207606,1.0426602800420345e-07,4972
720575940629022149,1.0421199703379815e-07,4973
720575940626962709,1.0408459794233154e-07,4974
720575940616100582,1.0405565054537935e-07,4975
720575940633457050,1.0400090320541627e-07,4976
720575940629952311,1.0383312046030323e-07,4977
720575940617047553,1.037118841118454e-07,4978
720575940629283114,1.0365596057897492e-07,4979
720575940614320571,1.035614806128979e-07,4980
720575940625385316,1.0324949196199964e-07,4981
720575940616127931,1.0314350955710157e-07,4982
720575940625686538,1.0311322164552325e-07,4983
720575940622886663,1.0309417576121863e-07,4984
720575940626203394,1.0300202584626633e-07,4985
720575940606722662,1.0295251725071772e-07,4986
720575940628334300,1.0273095517287412e-07,4987
720575940633959575,1.0270627318131414e-07,4988
720575940606806473,1.0270626253226213e-07,4989
720575940625478525,1.0266118292188207e-07,4990
720575940634714075,1.0264961652862109e-07,4991
720575940623062515,1.0264685873197981e-07,4992
720575940619537201,1.025375062543422e-07,4993
720575940628592968,1.0232795452375427e-07,4994
720575940617244027,1.0223491056292941e-07,4995
720575940628822805,1.0212726897147537e-07,4996
720575940639161763,1.0208396146129549e-07,4997
720575940639434318,1.0208058906701396e-07,4998
720575940615840913,1.019517241392448e-07,4999
720575940620745200,1.017888035524405e-07,5000
720575940623636701,1.0171150139541796e-07,5001
720575940619679356,1.0150772730026038e-07,5002
720575940623609895,1.014943130010714e-07,5003
720575940627360772,1.0144588817234021e-07,5004
720575940623960556,1.0137493339572082e-07,5005
720575940618107339,1.0131127619519933e-07,5006
720575940628896759,1.0128553387399161e-07,5007
720575940633259927,1.0109845623935946e-07,5008
720575940621071017,1.0099176088854495e-07,5009
720575940615364564,1.0034762553106438e-07,5010
720575940622783181,1.0028852588805812e-07,5011
720575940626893193,1.0023172399267874e-07,5012
720575940616313942,1.0021818632741688e-07,5013
720575940626189657,1.0009168468493183e-07,5014
720575940629034583,1.0003685791592338e-07,5015
720575940631108559,9.987664269779282e-08,5016
720575940624688362,9.969359487382488e-08,5017
720575940636498907,9.967585896491242e-08,5018
720575940632463919,9.932537351250996e-08,5019
720575940621013640,9.930759035013728e-08,5020
720575940630243804,9.925490847200872e-08,5021
720575940645036932,9.911538381314864e-08,5022
720575940643100301,9.902793514694522e-08,5023
720575940611545011,9.901886372394953e-08,5024
720575940624691600,9.875277582342226e-08,5025
720575940628291130,9.865041664445849e-08,5026
720575940628714499,9.864648453879418e-08,5027
720575940627370110,9.862995438395151e-08,5028
720575940617999700,9.861991281171525e-08,5029
720575940626833994,9.85693338842978e-08,5030
720575940617013554,9.848165548855574e-08,5031
720575940605703456,9.84700896829328e-08,5032
720575940614930363,9.846938926659903e-08,5033
720575940606111433,9.831505331875362e-08,5034
720575940628814869,9.807207155371568e-08,5035
720575940623313961,9.797494835402809e-08,5036
720575940605997233,9.794369205851148e-08,5037
720575940604403628,9.794057574113945e-08,5038
720575940636329579,9.792262276323742e-08,5039
720575940630404823,9.789426167468903e-08,5040
720575940617299515,9.77645203791234e-08,5041
720575940625622909,9.7705734025246e-08,5042
720575940614238631,9.758788204577376e-08,5043
720575940611249635,9.757639944083438e-08,5044
720575940613869777,9.735801859687264e-08,5045
720575940629402924,9.73262133275958e-08,5046
720575940614840482,9.705366682881473e-08,5047
720575940628041082,9.676648466560541e-08,5048
720575940639785379,9.665495220332954e-08,5049
720575940629548107,9.662224130068046e-08,5050
720575940626197593,9.628356613350852e-08,5051
720575940639301747,9.606161454972579e-08,5052
720575940630059847,9.596162902173483e-08,5053
720575940610209378,9.583078424977843e-08,5054
720575940618974599,9.57862765104707e-08,5055
720575940616851030,9.569835795367556e-08,5056
720575940622457579,9.564571361757711e-08,5057
720575940612348950,9.549324066841267e-08,5058
720575940613153938,9.541086157363373e-08,5059
720575940621128724,9.529956807055449e-08,5060
720575940632690623,9.521643910903277e-08,5061
720575940626815120,9.502893487228151e-08,5062
720575940614785090,9.499284508217387e-08,5063
720575940630546302,9.4904246656864e-08,5064
720575940634474894,9.489701659605392e-08,5065
720575940659063169,9.476954658853202e-08,5066
720575940630732087,9.476411986465581e-08,5067
720575940613408563,9.474561181242997e-08,5068
720575940619954342,9.466019138225115e-08,5069
720575940631288850,9.465939801864839e-08,5070
720575940621005677,9.45943575184444e-08,5071
720575940629704553,9.457669679089991e-08,5072
720575940614672534,9.449112390625022e-08,5073
720575940614181585,9.444055429079134e-08,5074
720575940610511509,9.440773409043173e-08,5075
720575940627172751,9.433893426637903e-08,5076
720575940635106202,9.418918638564939e-08,5077
720575940621157364,9.395766095134333e-08,5078
720575940635146848,9.394968267598556e-08,5079
720575940644193902,9.391311328791792e-08,5080
720575940619801793,9.386874661894948e-08,5081
720575940617909387,9.358553400434634e-08,5082
720575940618901231,9.34398494834492e-08,5083
720575940622413971,9.343889394230636e-08,5084
720575940624891941,9.33866548195908e-08,5085
720575940632424779,9.327791999888716e-08,5086
720575940622510788,9.326681166999757e-08,5087
720575940630544348,9.322373725751351e-08,5088
720575940659878785,9.322181117486228e-08,5089
720575940629997628,9.321113372794724e-08,5090
720575940608972612,9.309209704863423e-08,5091
720575940628456553,9.307623927026743e-08,5092
720575940617110555,9.300486263538053e-08,5093
720575940626569554,9.298923406976175e-08,5094
720575940635047068,9.290108157048782e-08,5095
720575940629316152,9.280433002588426e-08,5096
720575940617140597,9.27032496024748e-08,5097
720575940621694401,9.269957376743437e-08,5098
720575940622667032,9.26892373943389e-08,5099
720575940611343853,9.252854567228542e-08,5100
720575940612193682,9.24492554497536e-08,5101
720575940625952002,9.236732526125192e-08,5102
720575940630050668,9.23591281694991e-08,5103
720575940625172016,9.233742831736834e-08,5104
720575940625887631,9.227349275049018e-08,5105
720575940623629292,9.217921058019478e-08,5106
720575940616736198,9.207218952431021e-08,5107
720575940609834052,9.201218491911901e-08,5108
720575940627997050,9.19685276117318e-08,5109
720575940630244367,9.188752904073929e-08,5110
720575940624311369,9.181128628061301e-08,5111
720575940608763460,9.174748464589637e-08,5112
720575940622551477,9.173810708647017e-08,5113
720575940615330265,9.16610250133868e-08,5114
720575940640036480,9.151545414997305e-08,5115
720575940627702547,9.1512695050137e-08,5116
720575940605498302,9.146013183712292e-08,5117
720575940624660664,9.120631170893158e-08,5118
720575940634718839,9.099837616316153e-08,5119
720575940623033532,9.09857649650941e-08,5120
720575940622449388,9.087003552543582e-08,5121
720575940631542732,9.079275521460868e-08,5122
720575940622392260,9.078749388954493e-08,5123
720575940648095097,9.078079534230402e-08,5124
720575940632243340,9.070272565651996e-08,5125
720575940628238023,9.06886629499126e-08,5126
720575940604074854,9.067287721139627e-08,5127
720575940616900130,9.061636343415423e-08,5128
720575940623085500,9.056434840194447e-08,5129
720575940636990005,9.046978483229526e-08,5130
720575940612001489,9.034846917447344e-08,5131
720575940613992565,9.033101087187931e-08,5132
720575940618819668,9.021758796867422e-08,5133
720575940631668511,8.985562668261446e-08,5134
720575940613977494,8.975180002756515e-08,5135
720575940614428319,8.970867507168014e-08,5136
720575940644342551,8.952756704714192e-08,5137
720575940608104661,8.946555065261761e-08,5138
720575940625202505,8.94390261603086e-08,5139
720575940613849962,8.943432669838844e-08,5140
720575940643795492,8.924481464008983e-08,5141
720575940620846027,8.918415632319767e-08,5142
720575940628869391,8.917939497611567e-08,5143
720575940625537149,8.915532018669005e-08,5144
720575940615093702,8.904123285857434e-08,5145
720575940625739056,8.893144974512606e-08,5146
720575940637790527,8.889336087476483e-08,5147
720575940632304711,8.885062157036489e-08,5148
720575940616178026,8.883398516797369e-08,5149
720575940621564329,8.882498700547101e-08,5150
720575940621767306,8.880409586799384e-08,5151
720575940635371119,8.879608684085615e-08,5152
720575940628719355,8.873676576105024e-08,5153
720575940622234689,8.866544509288768e-08,5154
720575940622007472,8.854733275382947e-08,5155
720575940611548878,8.852713237476372e-08,5156
720575940637081199,8.851063811234979e-08,5157
720575940618173787,8.850074427916686e-08,5158
720575940620091038,8.848915072788068e-08,5159
720575940633522658,8.847208874203705e-08,5160
720575940608658205,8.83681818547675e-08,5161
720575940628319400,8.833607826787966e-08,5162
720575940629592119,8.828631085984015e-08,5163
720575940617995318,8.81776571227385e-08,5164
720575940644928547,8.807980531107985e-08,5165
720575940633185567,8.783729924452632e-08,5166
720575940619624795,8.769996315141639e-08,5167
720575940606986691,8.76507760156327e-08,5168
720575940608601865,8.756396361456293e-08,5169
720575940630223052,8.74038875954245e-08,5170
720575940631068973,8.708146567168882e-08,5171
720575940623734003,8.70687237165854e-08,5172
720575940643852567,8.68820399738539e-08,5173
720575940624769168,8.683809238732641e-08,5174
720575940624386696,8.663044839464915e-08,5175
720575940619159233,8.637190081894726e-08,5176
720575940639022451,8.63660588965414e-08,5177
720575940621972009,8.63605589832734e-08,5178
720575940626268761,8.635572524698702e-08,5179
720575940627206842,8.630853047390912e-08,5180
720575940614009542,8.625947298776622e-08,5181
720575940619139264,8.607000175622877e-08,5182
720575940615085462,8.595940158367298e-08,5183
720575940629873423,8.594935503695686e-08,5184
720575940628412732,8.588164970225146e-08,5185
720575940622915060,8.583262222555e-08,5186
720575940613039539,8.577553748403372e-08,5187
720575940616064546,8.566334971523155e-08,5188
720575940627640817,8.560804167642465e-08,5189
720575940612950568,8.548807498609282e-08,5190
720575940619688256,8.543519201635264e-08,5191
720575940643783534,8.526164270382985e-08,5192
720575940632949529,8.510994507257806e-08,5193
720575940625742681,8.510568126016339e-08,5194
720575940631264083,8.509846028088159e-08,5195
720575940624209288,8.509374398207944e-08,5196
720575940617613392,8.505809366918329e-08,5197
720575940617390027,8.49869469571062e-08,5198
720575940620859630,8.447074086735613e-08,5199
720575940627691458,8.43479700078932e-08,5200
720575940621667693,8.431058138930775e-08,5201
720575940636996159,8.427437028127038e-08,5202
720575940614172839,8.421658275301828e-08,5203
720575940647022644,8.4106181843578e-08,5204
720575940628112231,8.404737506712983e-08,5205
720575940638708058,8.389248766580211e-08,5206
720575940630113531,8.387379062813247e-08,5207
720575940646225204,8.36490467126976e-08,5208
720575940630195909,8.363931401359787e-08,5209
720575940632380216,8.358261962596235e-08,5210
720575940624324248,8.357369723214546e-08,5211
720575940635596468,8.349217749847809e-08,5212
720575940621928453,8.33620585094481e-08,5213
720575940620993712,8.329847213275451e-08,5214
720575940627099322,8.315863778110605e-08,5215
720575940633302809,8.3158438466615e-08,5216
720575940619925887,8.299838355485084e-08,5217
720575940627787609,8.299684510352465e-08,5218
720575940637060318,8.293023267241125e-08,5219
720575940623938311,8.27907809330532e-08,5220
720575940619087269,8.27540479181288e-08,5221
720575940619542407,8.254698208561483e-08,5222
720575940617497413,8.236436914195226e-08,5223
720575940626073276,8.23175380017873e-08,5224
720575940630313035,8.230652692610577e-08,5225
720575940623467527,8.224435389729391e-08,5226
720575940630606444,8.206913943680084e-08,5227
720575940622486922,8.19091303627079e-08,5228
720575940629752204,8.182659238356397e-08,5229
720575940632473106,8.182325772732293e-08,5230
720575940626656010,8.181004235432048e-08,5231
720575940645743412,8.169881768546011e-08,5232
720575940626127432,8.157072673207543e-08,5233
720575940631623417,8.14115994947914e-08,5234
720575940624701315,8.136202984162e-08,5235
720575940624008547,8.093839899037278e-08,5236
720575940623922615,8.091463925867659e-08,5237
720575940631216524,8.084326531790359e-08,5238
720575940632509711,8.072982218276117e-08,5239
720575940604843436,8.065376539033471e-08,5240
720575940622906887,8.062452104219643e-08,5241
720575940628911876,8.059244628165354e-08,5242
720575940612019825,8.048795596223724e-08,5243
720575940627895887,8.041489206564024e-08,5244
720575940638270808,8.021425372629463e-08,5245
720575940612756630,8.017540138232345e-08,5246
720575940625686078,8.017360029749396e-08,5247
720575940625839345,7.991867014210011e-08,5248
720575940621589999,7.991728055521671e-08,5249
720575940626748702,7.991349979187083e-08,5250
720575940621763312,7.991013014965337e-08,5251
720575940618869249,7.988086945715411e-08,5252
720575940641263067,7.983865969789108e-08,5253
720575940629370844,7.978707898352688e-08,5254
720575940622937528,7.978488725397336e-08,5255
720575940608766933,7.976962409710504e-08,5256
720575940634090777,7.975326610902075e-08,5257
720575940628220495,7.97443193142376e-08,5258
720575940619601428,7.96646300682054e-08,5259
720575940623292713,7.95477568452885e-08,5260
720575940611783464,7.952057434579907e-08,5261
720575940653885345,7.95121195522903e-08,5262
720575940627894633,7.940058836251669e-08,5263
720575940639068605,7.931706296376734e-08,5264
720575940635295736,7.927918559175151e-08,5265
720575940626983684,7.92703744849862e-08,5266
720575940622271472,7.926035884986152e-08,5267
720575940618393925,7.924962926190447e-08,5268
720575940622437159,7.912642922197417e-08,5269
720575940637783155,7.901895128265093e-08,5270
720575940633612698,7.90080505972077e-08,5271
720575940625422867,7.898348909723467e-08,5272
720575940618601163,7.895868043571371e-08,5273
720575940615263931,7.875851142976925e-08,5274
720575940618703636,7.874238757282385e-08,5275
720575940618475101,7.873183088946416e-08,5276
720575940635852901,7.868475855751052e-08,5277
720575940637700430,7.84487776554707e-08,5278
720575940621246068,7.843640604497466e-08,5279
720575940628356666,7.841685660333658e-08,5280
720575940628873722,7.835974548321887e-08,5281
720575940638077811,7.810155733461687e-08,5282
720575940612479205,7.809104544753192e-08,5283
720575940623506761,7.807280320747944e-08,5284
720575940643671406,7.777553506512655e-08,5285
720575940626157976,7.761810574214548e-08,5286
720575940620588481,7.760912787479756e-08,5287
720575940625748825,7.732975883653908e-08,5288
720575940649342841,7.731235821326513e-08,5289
720575940632652002,7.729576222175757e-08,5290
720575940618258905,7.715087849085011e-08,5291
720575940625919363,7.681665042744211e-08,5292
720575940647062580,7.663811343594696e-08,5293
720575940606648608,7.662400057419739e-08,5294
720575940611102577,7.640431300310068e-08,5295
720575940603591014,7.639291496482015e-08,5296
720575940608287106,7.638212373600367e-08,5297
720575940629405970,7.637526991765725e-08,5298
720575940619553329,7.636691073909239e-08,5299
720575940626741379,7.632879461656726e-08,5300
720575940630924591,7.6313516547659e-08,5301
720575940631067719,7.630045425582009e-08,5302
720575940630087542,7.629235864022765e-08,5303
720575940620381249,7.604953833785695e-08,5304
720575940635701655,7.596959767902139e-08,5305
720575940621312773,7.580062890183318e-08,5306
720575940631805869,7.57683484172906e-08,5307
720575940645404695,7.576350077956938e-08,5308
720575940616067890,7.573054675081977e-08,5309
720575940619455448,7.570967662839358e-08,5310
720575940629848015,7.56334153406285e-08,5311
720575940634508174,7.562519167831568e-08,5312
720575940625042951,7.559990874168375e-08,5313
720575940616743749,7.558862476256366e-08,5314
720575940628598121,7.556459490378639e-08,5315
720575940618963732,7.538786874652219e-08,5316
720575940621120903,7.52907690143266e-08,5317
720575940616286175,7.526116226711243e-08,5318
720575940626732776,7.517290822057469e-08,5319
720575940625766704,7.511961846726985e-08,5320
720575940643142560,7.49756105109142e-08,5321
720575940621507549,7.495753175583775e-08,5322
720575940633778528,7.482390201792381e-08,5323
720575940619397797,7.477258546094766e-08,5324
720575940638720070,7.471140261894286e-08,5325
720575940633065901,7.467487863916163e-08,5326
720575940618722542,7.456313595967636e-08,5327
720575940610077026,7.452257681855199e-08,5328
720575940605344945,7.441859007569357e-08,5329
720575940616420865,7.441728302851451e-08,5330
720575940627507185,7.436309765314251e-08,5331
720575940632494818,7.433834349592654e-08,5332
720575940633201199,7.428780995346358e-08,5333
720575940618731284,7.413953132388753e-08,5334
720575940629704187,7.40151921010153e-08,5335
720575940617604165,7.399633836314861e-08,5336
720575940614099142,7.384903321447727e-08,5337
720575940637948288,7.382114523121962e-08,5338
720575940639485312,7.376359872508497e-08,5339
720575940610623950,7.372893376974613e-08,5340
720575940631882271,7.37108577172835e-08,5341
720575940632615379,7.37038975136673e-08,5342
720575940613708812,7.370185757118237e-08,5343
720575940631889965,7.36968661930369e-08,5344
720575940627074703,7.367098189893039e-08,5345
720575940618870113,7.36192151810945e-08,5346
720575940611848419,7.360140711860333e-08,5347
720575940621790284,7.353457952559309e-08,5348
720575940624231719,7.338045267555705e-08,5349
720575940610484906,7.334868528892725e-08,5350
720575940609124814,7.329590444541755e-08,5351
720575940621014881,7.312630040399306e-08,5352
720575940615201211,7.310400639695359e-08,5353
720575940619675200,7.295402727712693e-08,5354
720575940623632904,7.294948145157419e-08,5355
720575940625992781,7.288016959691967e-08,5356
720575940621514093,7.28160451133544e-08,5357
720575940625874920,7.279479800010111e-08,5358
720575940623352760,7.243977799810635e-08,5359
720575940610522051,7.226520198703495e-08,5360
720575940638604733,7.216128156238262e-08,5361
720575940645920052,7.209853022108902e-08,5362
720575940628300604,7.208541106665425e-08,5363
720575940622074206,7.206975002816843e-08,5364
720575940622336611,7.204256005018677e-08,5365
720575940622584534,7.19999692057589e-08,5366
720575940631343464,7.184051576946662e-08,5367
720575940642025205,7.1822013316908e-08,5368
720575940627307625,7.175424993311959e-08,5369
720575940616077874,7.171365719279206e-08,5370
720575940631694069,7.170350604123187e-08,5371
720575940647024948,7.166399853932564e-08,5372
720575940633554636,7.164368633911721e-08,5373
720575940626094887,7.16100109339588e-08,5374
720575940644642084,7.158041885562218e-08,5375
720575940640922331,7.156551114471596e-08,5376
720575940629682396,7.144586115164274e-08,5377
720575940639274147,7.128286355623698e-08,5378
720575940629648188,7.125985653270115e-08,5379
720575940632192075,7.123726345317918e-08,5380
720575940625084291,7.115174512848525e-08,5381
720575940606866377,7.112634074389963e-08,5382
720575940634527840,7.111322959541353e-08,5383
720575940625391880,7.110505201141033e-08,5384
720575940624313834,7.106426142625191e-08,5385
720575940633031775,7.105575022085183e-08,5386
720575940632048723,7.104154387644045e-08,5387
720575940627354372,7.089086480536476e-08,5388
720575940612488910,7.08539162552096e-08,5389
720575940614393205,7.084887413978518e-08,5390
720575940624105742,7.082487192132844e-08,5391
720575940617797259,7.06889565482947e-08,5392
720575940618735005,7.065014830884459e-08,5393
720575940626906512,7.063068714690261e-08,5394
720575940634599615,7.060533143529132e-08,5395
720575940627356459,7.05871717920134e-08,5396
720575940621286102,7.039299625078185e-08,5397
720575940635375200,7.038205367641924e-08,5398
720575940647518340,7.037976134605415e-08,5399
720575940611839155,7.029735252103939e-08,5400
720575940621422319,7.011402891315108e-08,5401
720575940613087218,6.99134029942424e-08,5402
720575940628137713,6.988536224311243e-08,5403
720575940619950575,6.970710506724366e-08,5404
720575940621835246,6.966687792777814e-08,5405
720575940628096586,6.964613756720112e-08,5406
720575940634343123,6.958486986323391e-08,5407
720575940632417554,6.955940073231507e-08,5408
720575940626941080,6.95574702076692e-08,5409
720575940626105481,6.946792623497583e-08,5410
720575940635754431,6.941212329857809e-08,5411
720575940643889608,6.924948054227377e-08,5412
720575940627261114,6.921842784515803e-08,5413
720575940624219011,6.91351840901836e-08,5414
720575940616823862,6.889559557803076e-08,5415
720575940630956375,6.868325487373762e-08,5416
720575940624397863,6.860330492248742e-08,5417
720575940632678496,6.853770254123587e-08,5418
720575940625663269,6.851667143917715e-08,5419
720575940632274914,6.849596853798629e-08,5420
720575940633328098,6.841202949003559e-08,5421
720575940610938902,6.8399986179134e-08,5422
720575940626035556,6.837304169750032e-08,5423
720575940630848323,6.831697052652984e-08,5424
720575940614370275,6.828621105818497e-08,5425
720575940618748929,6.826269480910074e-08,5426
720575940615305634,6.81475262584554e-08,5427
720575940622441769,6.81001557098751e-08,5428
720575940618684481,6.80835926644051e-08,5429
720575940636058286,6.80315896485529e-08,5430
720575940624466440,6.802383562968416e-08,5431
720575940628119127,6.793709014367803e-08,5432
720575940614400780,6.79199335665669e-08,5433
720575940626033694,6.783515277559818e-08,5434
720575940630875971,6.78259422491701e-08,5435
720575940607947456,6.78254649253619e-08,5436
720575940620661168,6.774898163320295e-08,5437
720575940621089741,6.753866759920252e-08,5438
720575940634100335,6.740702767054942e-08,5439
720575940643197600,6.728472648413466e-08,5440
720575940626179940,6.727627517069714e-08,5441
720575940635672677,6.727331063410914e-08,5442
720575940613808047,6.713955441053667e-08,5443
720575940635385440,6.711058772640019e-08,5444
720575940626238716,6.703483681718857e-08,5445
720575940626805777,6.702871228420315e-08,5446
720575940626728700,6.69797729269891e-08,5447
720575940628498426,6.69544491141252e-08,5448
720575940659146113,6.69376325605109e-08,5449
720575940618240171,6.688718481483544e-08,5450
720575940633564920,6.687694887595197e-08,5451
720575940634038426,6.686015947586816e-08,5452
720575940638922099,6.675109385943242e-08,5453
720575940624767434,6.669572073534847e-08,5454
720575940633498524,6.655144797858283e-08,5455
720575940616182155,6.654324379715481e-08,5456
720575940624524215,6.652102304305083e-08,5457
720575940625078965,6.647545520047749e-08,5458
720575940610727630,6.643192370224877e-08,5459
720575940622949256,6.642435505175212e-08,5460
720575940630501228,6.634786270038042e-08,5461
720575940625613555,6.63055972540754e-08,5462
720575940626925391,6.62991863076669e-08,5463
720575940620912987,6.626250718463276e-08,5464
720575940611177701,6.620673742823663e-08,5465
720575940631029048,6.619687443459038e-08,5466
720575940616575705,6.615967240976595e-08,5467
720575940619799499,6.596699220234558e-08,5468
720575940629358321,6.586410792718511e-08,5469
720575940619865547,6.579906516073181e-08,5470
720575940653703585,6.570199170882051e-08,5471
720575940642210504,6.568554614917e-08,5472
720575940633612492,6.55662759789672e-08,5473
720575940616896257,6.55473554766867e-08,5474
720575940644216855,6.552393906921653e-08,5475
720575940629139834,6.540974481780404e-08,5476
720575940617552057,6.538517400766145e-08,5477
720575940614079715,6.537940357542078e-08,5478
720575940625004034,6.535424014521876e-08,5479
720575940631563843,6.530277499717875e-08,5480
720575940612439958,6.522356439101821e-08,5481
720575940624688528,6.522329518726117e-08,5482
720575940653581302,6.512151649125478e-08,5483
720575940627410944,6.507719751768743e-08,5484
720575940634370751,6.505933517542781e-08,5485
720575940612093351,6.496188716891348e-08,5486
720575940611462885,6.493945822234988e-08,5487
720575940628879055,6.492742273057398e-08,5488
720575940630257051,6.489612507360039e-08,5489
720575940608824530,6.47845301613123e-08,5490
720575940620349633,6.47765144946798e-08,5491
720575940644386158,6.473175573359232e-08,5492
720575940631292667,6.452344395033717e-08,5493
720575940624758361,6.450651159686888e-08,5494
720575940623291174,6.449623193914773e-08,5495
720575940623100877,6.438470958312171e-08,5496
720575940631387423,6.436867038087546e-08,5497
720575940607749077,6.408404042847123e-08,5498
720575940616401467,6.39412672438328e-08,5499
720575940621908420,6.388421562517215e-08,5500
720575940628895750,6.385699491892158e-08,5501
720575940623126697,6.380074695971878e-08,5502
720575940626849030,6.375686589950578e-08,5503
720575940633639063,6.372788049237059e-08,5504
720575940629843986,6.368020704537998e-08,5505
720575940633870748,6.364119120723087e-08,5506
720575940609915204,6.362331550760585e-08,5507
720575940604027168,6.362323473102681e-08,5508
720575940630046511,6.35998642890553e-08,5509
720575940628355856,6.359451185008892e-08,5510
720575940609137500,6.354789899393886e-08,5511
720575940620407105,6.347152204881917e-08,5512
720575940623368906,6.341239397329776e-08,5513
720575940631008994,6.340260837391561e-08,5514
720575940620866230,6.340223531824347e-08,5515
720575940612670570,6.339947889614242e-08,5516
720575940625845391,6.334184631101494e-08,5517
720575940628149763,6.327927636104774e-08,5518
720575940633692823,6.316500936785848e-08,5519
720575940627375612,6.313632344416188e-08,5520
720575940618250630,6.312776576998773e-08,5521
720575940618326511,6.309215765098333e-08,5522
720575940633153375,6.30736065800327e-08,5523
720575940632968760,6.299844232565654e-08,5524
720575940617365947,6.296578146524653e-08,5525
720575940631933767,6.292081210249258e-08,5526
720575940605197158,6.286238871093683e-08,5527
720575940630773495,6.278450052041057e-08,5528
720575940618051485,6.278002458327332e-08,5529
720575940636367076,6.262681732641163e-08,5530
720575940615915035,6.261883803268788e-08,5531
720575940613327085,6.252361982291369e-08,5532
720575940624528068,6.251677391539101e-08,5533
720575940623197588,6.243946226285956e-08,5534
720575940629478956,6.243354187413464e-08,5535
720575940622676553,6.236508385207479e-08,5536
720575940644965399,6.224984908226294e-08,5537
720575940632510479,6.224984908226294e-08,5538
720575940617564246,6.209309716957358e-08,5539
720575940634643886,6.183018522729613e-08,5540
720575940617161118,6.182177976496525e-08,5541
720575940613635737,6.172553837718083e-08,5542
720575940614005958,6.166438002809435e-08,5543
720575940620111006,6.164523895476767e-08,5544
720575940629547991,6.163995383866757e-08,5545
720575940635528567,6.158327271965256e-08,5546
720575940621501183,6.154808852704098e-08,5547
720575940648001156,6.153765237174141e-08,5548
720575940620585933,6.151443305246199e-08,5549
720575940622732253,6.149626802450977e-08,5550
720575940628384266,6.148604695728914e-08,5551
720575940628315232,6.14846721236766e-08,5552
720575940642198747,6.146467299887136e-08,5553
720575940612131503,6.143307131474816e-08,5554
720575940627405058,6.140881883784717e-08,5555
720575940619486891,6.136376338326235e-08,5556
720575940657445249,6.133603470151284e-08,5557
720575940627091206,6.123912204102987e-08,5558
720575940626972858,6.11848905388036e-08,5559
720575940611015122,6.115426036583408e-08,5560
720575940609085909,6.10285553090063e-08,5561
720575940625293084,6.099100775654965e-08,5562
720575940628853239,6.097176255448392e-08,5563
720575940639073882,6.096319791365402e-08,5564
720575940623497653,6.094284888284588e-08,5565
720575940632830568,6.08849870679651e-08,5566
720575940632704173,6.081583171172538e-08,5567
720575940623042539,6.075606287471818e-08,5568
720575940625666953,6.075465983236734e-08,5569
720575940630810695,6.07437939056028e-08,5570
720575940607469404,6.074230103369692e-08,5571
720575940628577897,6.059986503573738e-08,5572
720575940622250120,6.059264881844253e-08,5573
720575940615422514,6.0586296141867e-08,5574
720575940643826212,6.054837154086041e-08,5575
720575940627417064,6.054170022519645e-08,5576
720575940647033396,6.051431104459766e-08,5577
720575940623735482,6.04769962298749e-08,5578
720575940613884926,6.04594028496085e-08,5579
720575940629518595,6.04426781355464e-08,5580
720575940634304922,6.043092711034875e-08,5581
720575940630446879,6.042500981386911e-08,5582
720575940606687957,6.04226903860647e-08,5583
720575940638642547,6.038663021967719e-08,5584
720575940622044381,6.035402483588382e-08,5585
720575940623891600,6.016079657446029e-08,5586
720575940640053045,6.014944374188462e-08,5587
720575940625014424,6.012113542846741e-08,5588
720575940641400224,6.005418274313024e-08,5589
720575940623158709,5.99878841544643e-08,5590
720575940622574739,5.989190518039268e-08,5591
720575940618727640,5.977874516741478e-08,5592
720575940623861962,5.967021296964612e-08,5593
720575940615097490,5.963711562333443e-08,5594
720575940611047446,5.95909921043897e-08,5595
720575940619640640,5.957730596970293e-08,5596
720575940616989964,5.9441333650533234e-08,5597
720575940639355008,5.932118975541917e-08,5598
720575940645995543,5.928867081241729e-08,5599
720575940620786431,5.9064572369767484e-08,5600
720575940622284947,5.8866031797719416e-08,5601
720575940638874202,5.8727491000411355e-08,5602
720575940616575557,5.863174465253147e-08,5603
720575940628675433,5.860414716819249e-08,5604
720575940633579360,5.8517225310816685e-08,5605
720575940607854684,5.84876769103622e-08,5606
720575940631538028,5.845127871349973e-08,5607
720575940636346175,5.8446203250319155e-08,5608
720575940634844408,5.840528302241584e-08,5609
720575940631175588,5.838938688105088e-08,5610
720575940631829059,5.831474547569165e-08,5611
720575940610357602,5.826060058181842e-08,5612
720575940646086196,5.81964754035214e-08,5613
720575940617948445,5.8183365975295467e-08,5614
720575940621171700,5.816799234319995e-08,5615
720575940618822429,5.816067695608903e-08,5616
720575940624997168,5.812475680001998e-08,5617
720575940632623524,5.7978539485259274e-08,5618
720575940626139175,5.797033144169994e-08,5619
720575940631765079,5.793021253641364e-08,5620
720575940625335754,5.780423800444809e-08,5621
720575940614633122,5.778790524433978e-08,5622
720575940610237646,5.7756517954123303e-08,5623
720575940621701846,5.773567704167452e-08,5624
720575940610718131,5.766996394012626e-08,5625
720575940622753172,5.759949167387249e-08,5626
720575940637694517,5.758421918671554e-08,5627
720575940623413116,5.745119891588509e-08,5628
720575940632900503,5.7331051109130936e-08,5629
720575940616688286,5.732577660600877e-08,5630
720575940614339043,5.731485395914488e-08,5631
720575940623090446,5.720452322096708e-08,5632
720575940613144616,5.715937216120277e-08,5633
720575940637462761,5.713436771169385e-08,5634
720575940641137293,5.708054764887141e-08,5635
720575940629876473,5.707795129687072e-08,5636
720575940629938487,5.7071551072745064e-08,5637
720575940616395101,5.705848098946717e-08,5638
720575940625700495,5.694868668968222e-08,5639
720575940625092154,5.6922864713562415e-08,5640
720575940631975109,5.69139920518787e-08,5641
720575940622685478,5.686453659202937e-08,5642
720575940619669345,5.6800030692399885e-08,5643
720575940628393559,5.672059858149195e-08,5644
720575940614908010,5.671271875081573e-08,5645
720575940631693610,5.661760842064934e-08,5646
720575940604285356,5.6573882127342486e-08,5647
720575940629787223,5.65530887441722e-08,5648
720575940617128059,5.6479312590118536e-08,5649
720575940642549467,5.645237323620944e-08,5650
720575940629547026,5.6390599574649234e-08,5651
720575940617945246,5.637423216919248e-08,5652
720575940621818492,5.634803859412837e-08,5653
720575940643594519,5.633562894497643e-08,5654
720575940620678750,5.633289040654339e-08,5655
720575940616103218,5.6266387737059546e-08,5656
720575940632575584,5.6247538496986576e-08,5657
720575940629310970,5.624700814627557e-08,5658
720575940616670045,5.599615889168269e-08,5659
720575940640825688,5.578722959120771e-08,5660
720575940623132040,5.575506596008833e-08,5661
720575940625761411,5.555334732334145e-08,5662
720575940621651327,5.550822894475137e-08,5663
720575940612717795,5.539709206271151e-08,5664
720575940633714402,5.5316629224839604e-08,5665
720575940638630366,5.528429013705759e-08,5666
720575940611242137,5.528179475761821e-08,5667
720575940627750799,5.5114028620865775e-08,5668
720575940620360557,5.508597623554887e-08,5669
720575940625065653,5.5080970194779216e-08,5670
720575940615906388,5.504769351698205e-08,5671
720575940609347682,5.499187309595135e-08,5672
720575940616941798,5.4777971270539766e-08,5673
720575940629254647,5.466961915446797e-08,5674
720575940619686689,5.4605489707195827e-08,5675
720575940646687364,5.455147400436901e-08,5676
720575940623261481,5.451368213484227e-08,5677
720575940625583132,5.436677749304083e-08,5678
720575940640163517,5.420899518931282e-08,5679
720575940619987438,5.419053467170162e-08,5680
720575940627976247,5.413161146183597e-08,5681
720575940629017726,5.41204649103492e-08,5682
720575940632463663,5.411091000100188e-08,5683
720575940622267260,5.408689992576382e-08,5684
720575940620232582,5.405812578126513e-08,5685
720575940637547365,5.403168193120296e-08,5686
720575940625040973,5.4003333084151586e-08,5687
720575940617092402,5.396122874278441e-08,5688
720575940629824825,5.386946547816924e-08,5689
720575940634186091,5.3703909855717003e-08,5690
720575940628006296,5.367402954032089e-08,5691
720575940645466500,5.365450083756324e-08,5692
720575940618540081,5.3645206630884374e-08,5693
720575940610299098,5.349478082706615e-08,5694
720575940621422518,5.3473322131613695e-08,5695
720575940628397138,5.345036229858835e-08,5696
720575940635950426,5.343122308438795e-08,5697
720575940626885757,5.3399852156116935e-08,5698
720575940625261598,5.335397072266658e-08,5699
720575940612082322,5.3335833301425586e-08,5700
720575940623193293,5.32155720606921e-08,5701
720575940624501392,5.3179159369123595e-08,5702
720575940614265827,5.3069873530954285e-08,5703
720575940628236169,5.306045841003501e-08,5704
720575940625861168,5.2990982105455134e-08,5705
720575940633524443,5.297573346488968e-08,5706
720575940618447238,5.295611391255554e-08,5707
720575940654401441,5.2832712221102924e-08,5708
720575940612319155,5.281961514993488e-08,5709
720575940634874266,5.2812379797052413e-08,5710
720575940618725547,5.2735531456314326e-08,5711
720575940622559512,5.255745701784831e-08,5712
720575940613170385,5.2495413595831454e-08,5713
720575940617648453,5.247919624060505e-08,5714
720575940623017769,5.2370632435713524e-08,5715
720575940619046469,5.236954460470243e-08,5716
720575940615134091,5.236270938198997e-08,5717
720575940622917927,5.235951725522797e-08,5718
720575940618603179,5.2339338829894173e-08,5719
720575940632296519,5.230839941891885e-08,5720
720575940631312428,5.2181910080185044e-08,5721
720575940622462612,5.211523162462512e-08,5722
720575940631274745,5.206889561322099e-08,5723
720575940610088618,5.2002429986936683e-08,5724
720575940609984881,5.198454098907034e-08,5725
720575940611552370,5.184383705876588e-08,5726
720575940624376456,5.1747354044935734e-08,5727
720575940628071939,5.173448817965092e-08,5728
720575940609289284,5.16171055680173e-08,5729
720575940621166625,5.161213149199694e-08,5730
720575940622266061,5.1607163851039925e-08,5731
720575940623547431,5.1584062293269416e-08,5732
720575940643039688,5.155605956072218e-08,5733
720575940618873179,5.138219707794488e-08,5734
720575940632626402,5.1280613981965044e-08,5735
720575940633093786,5.1263663625918606e-08,5736
720575940613698747,5.119162569670526e-08,5737
720575940647589172,5.116492940028564e-08,5738
720575940612103907,5.1057621113567036e-08,5739
720575940636418740,5.102628182450692e-08,5740
720575940646274926,5.099512312418771e-08,5741
720575940634599643,5.098012212094795e-08,5742
720575940621563841,5.090500073951868e-08,5743
720575940630122796,5.0897060784357083e-08,5744
720575940611302883,5.0833072328042916e-08,5745
720575940614188149,5.079060627187272e-08,5746
720575940615613095,5.0699438960337385e-08,5747
720575940628644218,5.068896133854492e-08,5748
720575940623146378,5.068105642025791e-08,5749
720575940629238543,5.0674848935880986e-08,5750
720575940643076768,5.062742978471015e-08,5751
720575940613472977,5.0486998233994625e-08,5752
720575940628646160,5.039934288021467e-08,5753
720575940622053185,5.0302167594679505e-08,5754
720575940602506208,5.017713604372662e-08,5755
720575940620878727,5.0155492712732326e-08,5756
720575940626517912,5.012662172201032e-08,5757
720575940645497635,5.0126463496021455e-08,5758
720575940629786998,5.010773286502504e-08,5759
720575940615808342,5.008884360136863e-08,5760
720575940632877869,5.0074472867771954e-08,5761
720575940626323911,5.0073385088441875e-08,5762
720575940607387314,5.0071015305867694e-08,5763
720575940629212887,5.00398193797045e-08,5764
720575940625194558,5.003765122039924e-08,5765
720575940623767805,4.9940565147094094e-08,5766
720575940630553415,4.986527970617032e-08,5767
720575940611291249,4.985400191732923e-08,5768
720575940634086169,4.983121339586965e-08,5769
720575940627049731,4.9777281634941876e-08,5770
720575940624273149,4.969101625657764e-08,5771
720575940611210872,4.965484785205106e-08,5772
720575940623816269,4.961810443097596e-08,5773
720575940631032657,4.952903778505179e-08,5774
720575940624305642,4.927089679711553e-08,5775
720575940620157093,4.918072438083437e-08,5776
720575940631140909,4.9103602293190297e-08,5777
720575940615735711,4.905939289643141e-08,5778
720575940628031896,4.9034391471714656e-08,5779
720575940629004035,4.900121475539839e-08,5780
720575940637030372,4.8994228444184966e-08,5781
720575940622897928,4.89112879421152e-08,5782
720575940637610566,4.887150564895651e-08,5783
720575940625911556,4.8855964036564407e-08,5784
720575940625502308,4.885564033040762e-08,5785
720575940608239371,4.878165702555913e-08,5786
720575940629155227,4.8780274585985524e-08,5787
720575940610012565,4.8776143440784897e-08,5788
720575940606624725,4.866821954937672e-08,5789
720575940628866242,4.858086288459682e-08,5790
720575940630670454,4.8543434096149376e-08,5791
720575940604906016,4.8440062205853096e-08,5792
720575940606966281,4.8393584209231064e-08,5793
720575940624388878,4.8351553966316595e-08,5794
720575940604372070,4.833115399989005e-08,5795
720575940628497923,4.824459758290719e-08,5796
720575940613213615,4.824437245680209e-08,5797
720575940628485479,4.8237382635120676e-08,5798
720575940619453861,4.818010049463707e-08,5799
720575940613967778,4.817782816811944e-08,5800
720575940617727793,4.816201553996073e-08,5801
720575940637688292,4.803499802828371e-08,5802
720575940625585182,4.798349174538194e-08,5803
720575940626119780,4.79680197558046e-08,5804
720575940622254375,4.784653914471526e-08,5805
720575940627810347,4.7657940594441935e-08,5806
720575940643318052,4.7642910483078186e-08,5807
720575940613266026,4.749475895230948e-08,5808
720575940631425965,4.7492546280632426e-08,5809
720575940641213824,4.738542674459235e-08,5810
720575940612648106,4.7365627012193905e-08,5811
720575940609894094,4.734409771888444e-08,5812
720575940632062931,4.7336200533245905e-08,5813
720575940602353632,4.732582778501634e-08,5814
720575940629163675,4.7264963035498626e-08,5815
720575940611218841,4.7262250629051364e-08,5816
720575940614441834,4.702829512763712e-08,5817
720575940613977706,4.699605638459451e-08,5818
720575940637258206,4.698610055320647e-08,5819
720575940622158369,4.696228693848421e-08,5820
720575940637535077,4.695211561322121e-08,5821
720575940642183880,4.690720075467176e-08,5822
720575940605426110,4.687551796909329e-08,5823
720575940631000773,4.6781746070530786e-08,5824
720575940629877356,4.6602084183770054e-08,5825
720575940619339856,4.6570417931577804e-08,5826
720575940634819167,4.6565600806945796e-08,5827
720575940628182910,4.65314332618346e-08,5828
720575940613444202,4.653022036060358e-08,5829
720575940628791812,4.6519559086691537e-08,5830
720575940636350942,4.646888376157971e-08,5831
720575940628562535,4.6437327814810586e-08,5832
720575940623592682,4.64053682432241e-08,5833
720575940604722278,4.637287763329655e-08,5834
720575940637022298,4.6365583308905494e-08,5835
720575940604167712,4.6328461978662345e-08,5836
720575940632386131,4.61863517256263e-08,5837
720575940627939177,4.6177956075187254e-08,5838
720575940620422012,4.617331184960953e-08,5839
720575940631196747,4.6170453367587654e-08,5840
720575940628590697,4.610887067850182e-08,5841
720575940608268636,4.604588978332812e-08,5842
720575940624201876,4.603639140248018e-08,5843
720575940629091431,4.603005991112527e-08,5844
720575940623426013,4.5985269508816464e-08,5845
720575940634634606,4.58354699603e-08,5846
720575940652922529,4.576865445265192e-08,5847
720575940639381838,4.573073773947066e-08,5848
720575940620879808,4.570757893709006e-08,5849
720575940618089541,4.57046100386742e-08,5850
720575940608124338,4.5695303835572804e-08,5851
720575940647606660,4.5665204722944544e-08,5852
720575940626922810,4.566000611054658e-08,5853
720575940624732260,4.558345279192307e-08,5854
720575940627710763,4.548921123080318e-08,5855
720575940622227197,4.545865666864704e-08,5856
720575940618956829,4.538565217392363e-08,5857
720575940607081737,4.535961756206514e-08,5858
720575940627453937,4.5326463759308726e-08,5859
720575940637608560,4.5216186853060056e-08,5860
720575940605308082,4.5212620096715824e-08,5861
720575940633999129,4.513039378668349e-08,5862
720575940628571130,4.5124479563619076e-08,5863
720575940613118826,4.5119084343346594e-08,5864
720575940629102891,4.5067395399235665e-08,5865
720575940631530124,4.503454248367982e-08,5866
720575940623956941,4.498128247069198e-08,5867
720575940632865178,4.476528773146846e-08,5868
720575940622052732,4.4728750041921556e-08,5869
720575940632187729,4.4726423420964865e-08,5870
720575940620672432,4.4639005151261633e-08,5871
720575940621765846,4.462455540049967e-08,5872
720575940617593233,4.4622286730688584e-08,5873
720575940625391397,4.460183239467554e-08,5874
720575940623249043,4.457004486268211e-08,5875
720575940629921835,4.453734136908997e-08,5876
720575940631632012,4.450733213068882e-08,5877
720575940623463036,4.449393649759634e-08,5878
720575940621619627,4.4466382185138663e-08,5879
720575940629013199,4.4459791943555096e-08,5880
720575940642378144,4.442323619476966e-08,5881
720575940637742150,4.4384194595435645e-08,5882
720575940623987982,4.43734210613001e-08,5883
720575940605355721,4.4366549832250774e-08,5884
720575940611405425,4.426281037177679e-08,5885
720575940615276661,4.42526621376212e-08,5886
720575940637449023,4.425180050380127e-08,5887
720575940634085112,4.4238022898486204e-08,5888
720575940630716286,4.420829765086011e-08,5889
720575940625408830,4.4190906168055504e-08,5890
720575940622608423,4.417451349151168e-08,5891
720575940617617494,4.414028385716518e-08,5892
720575940617241403,4.4137231396079076e-08,5893
720575940633318044,4.4117173266845795e-08,5894
720575940621574592,4.408628463232993e-08,5895
720575940639135933,4.406052251227637e-08,5896
720575940615624961,4.403984694973935e-08,5897
720575940632525920,4.4014608785531614e-08,5898
720575940613944994,4.389699297356598e-08,5899
720575940626363261,4.387288215101663e-08,5900
720575940626017917,4.3810128807919885e-08,5901
720575940613916369,4.369989510350298e-08,5902
720575940638573171,4.3695509195632624e-08,5903
720575940607689394,4.368234283274268e-08,5904
720575940631381037,4.366204502808558e-08,5905
720575940625167664,4.3644965267518313e-08,5906
720575940638013274,4.364380206817449e-08,5907
720575940626307850,4.3525453241056805e-08,5908
720575940625450084,4.333054378651126e-08,5909
720575940634441102,4.3256286934909954e-08,5910
720575940627113544,4.323325887536702e-08,5911
720575940626415620,4.321164674244783e-08,5912
720575940627367708,4.315989378567366e-08,5913
720575940627535742,4.312775762544312e-08,5914
720575940621305716,4.310915586794038e-08,5915
720575940628098203,4.310156131532092e-08,5916
720575940621825916,4.3093753375928805e-08,5917
720575940629390700,4.3082041435373054e-08,5918
720575940628713468,4.305890077250907e-08,5919
720575940626922771,4.305682891879976e-08,5920
720575940627046031,4.3020113539245054e-08,5921
720575940632795532,4.300367443897003e-08,5922
720575940634592363,4.297763917417219e-08,5923
720575940630992557,4.2943578117796364e-08,5924
720575940627047400,4.293658850753572e-08,5925
720575940603123936,4.286926489245344e-08,5926
720575940633241169,4.282842660234799e-08,5927
720575940627957719,4.280539033989171e-08,5928
720575940629098540,4.276602587354145e-08,5929
720575940612401138,4.2749166870933915e-08,5930
720575940609610564,4.2717158422221025e-08,5931
720575940622675348,4.27156726061054e-08,5932
720575940633774361,4.2708705031954143e-08,5933
720575940619412544,4.263706934168821e-08,5934
720575940619862720,4.258136776882479e-08,5935
720575940620510640,4.257750157582457e-08,5936
720575940631968599,4.247168181071479e-08,5937
720575940644750116,4.2347164687602746e-08,5938
720575940628691260,4.2341706444159555e-08,5939
720575940609633230,4.232937508830107e-08,5940
720575940630724652,4.231583921285899e-08,5941
720575940617720577,4.224194374258062e-08,5942
720575940627811945,4.22012502085805e-08,5943
720575940630659446,4.2145314042936066e-08,5944
720575940626803018,4.208577514600987e-08,5945
720575940625336464,4.1923906132568116e-08,5946
720575940627244200,4.188849152925176e-08,5947
720575940614056733,4.187688261877172e-08,5948
720575940620068461,4.1837137530914646e-08,5949
720575940618861873,4.183409052094888e-08,5950
720575940625102692,4.1734054423142885e-08,5951
720575940611700520,4.163470609176652e-08,5952
720575940640597237,4.15862850297902e-08,5953
720575940608433091,4.153040776888812e-08,5954
720575940627332139,4.13612787534489e-08,5955
720575940626338148,4.133639474759838e-08,5956
720575940629855787,4.129288948168293e-08,5957
720575940616383389,4.125409538141232e-08,5958
720575940625573653,4.1253572085183234e-08,5959
720575940606693297,4.118901313798594e-08,5960
720575940619630982,4.1188178387272465e-08,5961
720575940627983120,4.118250046717011e-08,5962
720575940631347242,4.1162317814114686e-08,5963
720575940628462340,4.1151324182750634e-08,5964
720575940633548128,4.113637727639727e-08,5965
720575940622618867,4.111192954053382e-08,5966
720575940612752611,4.10551301144568e-08,5967
720575940617604582,4.103277823204185e-08,5968
720575940623326941,4.095111401562088e-08,5969
720575940641704077,4.0949824416255525e-08,5970
720575940610768738,4.0934820487107046e-08,5971
720575940623433725,4.089341359454605e-08,5972
720575940620658267,4.0853283986802366e-08,5973
720575940622612989,4.0780060080622374e-08,5974
720575940621773249,4.076602767238535e-08,5975
720575940625483133,4.07474547379557e-08,5976
720575940608190532,4.072072273451391e-08,5977
720575940627177115,4.070624915834893e-08,5978
720575940628453735,4.067115393664959e-08,5979
720575940609919897,4.065759504375075e-08,5980
720575940644706158,4.055175839531637e-08,5981
720575940628560951,4.055175839531637e-08,5982
720575940633429148,4.055175839531637e-08,5983
720575940629602501,4.055175839531637e-08,5984
720575940627281594,4.0545795961377083e-08,5985
720575940636265188,4.0428354166901294e-08,5986
720575940620043723,4.042471646681094e-08,5987
720575940630891791,4.042384586517607e-08,5988
720575940622298631,4.039659327063476e-08,5989
720575940632998136,4.034092539150116e-08,5990
720575940611519667,4.0277655797112516e-08,5991
720575940628546775,4.0264732496577913e-08,5992
720575940630352343,4.026143313740656e-08,5993
720575940632406802,4.021907156826705e-08,5994
720575940626530953,4.021295082246241e-08,5995
720575940622002086,4.0189679723023524e-08,5996
720575940618879910,4.0141560272883074e-08,5997
720575940616198715,4.011104660172138e-08,5998
720575940611561369,4.0053305532658306e-08,5999
720575940612925346,4.005098267488197e-08,6000
720575940631049234,4.004771965796924e-08,6001
720575940620122561,4.001723004861333e-08,6002
720575940622860617,4.000781679490749e-08,6003
720575940628840252,3.9959997128156374e-08,6004
720575940619718054,3.993495459312878e-08,6005
720575940632468761,3.9934517970516906e-08,6006
720575940610678226,3.993229790212282e-08,6007
720575940629283177,3.988493028980238e-08,6008
720575940612579053,3.985606616536458e-08,6009
720575940610404581,3.980397598411546e-08,6010
720575940643551392,3.978348305570937e-08,6011
720575940622712004,3.977718223822214e-08,6012
720575940625601594,3.970213187176178e-08,6013
720575940660313729,3.967642797944344e-08,6014
720575940615961461,3.9676143954624105e-08,6015
720575940611379569,3.954475136480024e-08,6016
720575940607970313,3.950499675373821e-08,6017
720575940639563728,3.944292440989661e-08,6018
720575940630854796,3.932853871977381e-08,6019
720575940616121408,3.932544085878203e-08,6020
720575940618927636,3.926066682494478e-08,6021
720575940605423806,3.919648536117364e-08,6022
720575940620476381,3.9194722249960566e-08,6023
720575940638675800,3.915115988053479e-08,6024
720575940632580503,3.90823552705437e-08,6025
720575940619859365,3.9078673029296236e-08,6026
720575940619866059,3.9057676485384767e-08,6027
720575940619739595,3.9009684022930964e-08,6028
720575940612983458,3.892823402512599e-08,6029
720575940627578385,3.8928038731496755e-08,6030
720575940615935889,3.8885945572993484e-08,6031
720575940621146771,3.886758399375109e-08,6032
720575940625032721,3.8865235666975286e-08,6033
720575940652611745,3.880064174303195e-08,6034
720575940620045259,3.872951347291333e-08,6035
720575940617140544,3.867414188766647e-08,6036
720575940659611777,3.862438239275382e-08,6037
720575940619783518,3.856785141996204e-08,6038
720575940626859080,3.856755112768808e-08,6039
720575940624238282,3.8557040312916694e-08,6040
720575940634739886,3.851301100220698e-08,6041
720575940622030806,3.847911448562227e-08,6042
720575940616076829,3.843011941112597e-08,6043
720575940640462069,3.8285236885838886e-08,6044
720575940637635429,3.8224101701671943e-08,6045
720575940638077091,3.812754512398506e-08,6046
720575940640249296,3.812270917550891e-08,6047
720575940622516852,3.8053101597963285e-08,6048
720575940632303772,3.8043766540262004e-08,6049
720575940628445169,3.799497657481146e-08,6050
720575940626195081,3.7972013447004054e-08,6051
720575940615466333,3.790077532987657e-08,6052
720575940616858501,3.7876031408324674e-08,6053
720575940637309924,3.7834006833244914e-08,6054
720575940623889421,3.78243445714693e-08,6055
720575940617433830,3.776586237964285e-08,6056
720575940622702889,3.7756585401486095e-08,6057
720575940632107091,3.775075198339921e-08,6058
720575940611496165,3.7743529634424484e-08,6059
720575940626043900,3.7736907671320564e-08,6060
720575940622413508,3.770489247580367e-08,6061
720575940630949805,3.7696103430474246e-08,6062
720575940636306862,3.767138284392091e-08,6063
720575940621442224,3.7648520978539273e-08,6064
720575940629847451,3.755170379623263e-08,6065
720575940613080017,3.7530914660281e-08,6066
720575940639166080,3.752693367176619e-08,6067
720575940602914988,3.741325161231884e-08,6068
720575940620173733,3.741275909376475e-08,6069
720575940618153637,3.740413137198924e-08,6070
720575940644650531,3.7256600959391e-08,6071
720575940615500798,3.725106863778813e-08,6072
720575940625766960,3.7193512403631514e-08,6073
720575940610056601,3.715034217713449e-08,6074
720575940631945815,3.7130897188986524e-08,6075
720575940641776032,3.704067861317389e-08,6076
720575940626295562,3.703339225336145e-08,6077
720575940611875570,3.702452857244468e-08,6078
720575940619113556,3.694112991322569e-08,6079
720575940622369718,3.6917981252544174e-08,6080
720575940616112724,3.670101826672788e-08,6081
720575940625185149,3.659404680314656e-08,6082
720575940635187807,3.6567241377930636e-08,6083
720575940628213303,3.655905327983522e-08,6084
720575940634017619,3.652393637935117e-08,6085
720575940627631178,3.651740980284601e-08,6086
720575940610357458,3.641837123434388e-08,6087
720575940628473214,3.6351527532960044e-08,6088
720575940616865025,3.63459041331753e-08,6089
720575940622461823,3.6315644974662096e-08,6090
720575940614161831,3.629503975482511e-08,6091
720575940628356102,3.627394987320073e-08,6092
720575940634726810,3.62335737130246e-08,6093
720575940647006516,3.621141158805983e-08,6094
720575940626974737,3.618270927746692e-08,6095
720575940618833624,3.6159830881486475e-08,6096
720575940629427727,3.612316323949855e-08,6097
720575940625197630,3.6106338329611755e-08,6098
720575940637755507,3.6104904309885184e-08,6099
720575940624283945,3.608058010498215e-08,6100
720575940633257976,3.607790469166463e-08,6101
720575940632198317,3.6046235821534955e-08,6102
720575940632934751,3.602910719800427e-08,6103
720575940640926627,3.5960255823946175e-08,6104
720575940617792985,3.591714393434855e-08,6105
720575940617500443,3.587205004473206e-08,6106
720575940642926702,3.579054412394749e-08,6107
720575940610208354,3.5781194256267704e-08,6108
720575940654453153,3.5773412501083136e-08,6109
720575940631403996,3.5732183685267476e-08,6110
720575940622665801,3.570147229306201e-08,6111
720575940634339167,3.564435380633785e-08,6112
720575940630027372,3.562880083135755e-08,6113
720575940629081175,3.5626334099578515e-08,6114
720575940612030899,3.561255111843266e-08,6115
720575940606888393,3.5595817499584725e-08,6116
720575940626817610,3.5534556658141494e-08,6117
720575940620345980,3.553411091178185e-08,6118
720575940636261294,3.550087323404466e-08,6119
720575940630098937,3.544630120451159e-08,6120
720575940612059818,3.5426188966335774e-08,6121
720575940628416232,3.542416705009733e-08,6122
720575940635113976,3.5408687617415245e-08,6123
720575940632088601,3.5353843915111665e-08,6124
720575940626673490,3.5299276887235215e-08,6125
720575940632648612,3.529449845412279e-08,6126
720575940644506222,3.52868553237635e-08,6127
720575940609294286,3.522632059448224e-08,6128
720575940608755042,3.5189399880705044e-08,6129
720575940631207388,3.5188097399175816e-08,6130
720575940625841351,3.50240387869638e-08,6131
720575940614065676,3.4921208057756105e-08,6132
720575940631558597,3.490595681909207e-08,6133
720575940613052131,3.4904758291681416e-08,6134
720575940631955938,3.485761982104044e-08,6135
720575940606179686,3.482413814500954e-08,6136
720575940630607478,3.48024178262534e-08,6137
720575940616462987,3.4709885585866614e-08,6138
720575940640180797,3.469751826529928e-08,6139
720575940614935859,3.469000939419601e-08,6140
720575940635880414,3.4657264176766553e-08,6141
720575940605190078,3.4657103776366524e-08,6142
720575940618163358,3.460907829443688e-08,6143
720575940650734070,3.459607661781932e-08,6144
720575940604870577,3.4587580361011924e-08,6145
720575940633782355,3.4529315343120635e-08,6146
720575940647586681,3.4506389094998245e-08,6147
720575940618818580,3.4440864462147165e-08,6148
720575940639227224,3.442567512373562e-08,6149
720575940619064065,3.439578308888976e-08,6150
720575940627521223,3.438580972197093e-08,6151
720575940615573365,3.4331586537326824e-08,6152
720575940625685770,3.4313230533428254e-08,6153
720575940624176312,3.429680135203903e-08,6154
720575940619478036,3.4278999957014764e-08,6155
720575940614393315,3.425992229970787e-08,6156
720575940615478877,3.423012108155292e-08,6157
720575940624054792,3.4227708642567466e-08,6158
720575940620444654,3.414296933746355e-08,6159
720575940620306785,3.410119082580719e-08,6160
720575940635693033,3.4032227038779484e-08,6161
720575940614815199,3.4020471572112315e-08,6162
720575940619148829,3.3928331979932874e-08,6163
720575940614187006,3.388046912785024e-08,6164
720575940645953668,3.38289052103111e-08,6165
720575940622734576,3.374843921030534e-08,6166
720575940623646963,3.373324799129784e-08,6167
720575940626204312,3.37286207106446e-08,6168
720575940629854521,3.370216672183982e-08,6169
720575940636957006,3.368099474987711e-08,6170
720575940631044059,3.360588449128181e-08,6171
720575940615227359,3.35925771188341e-08,6172
720575940613286818,3.3589302531048287e-08,6173
720575940613652114,3.358592563211978e-08,6174
720575940629248374,3.356668919168995e-08,6175
720575940613732049,3.353053798927874e-08,6176
720575940626394114,3.352380503714633e-08,6177
720575940635044344,3.3405603314247924e-08,6178
720575940637084762,3.336640691347963e-08,6179
720575940617979472,3.33528604141522e-08,6180
720575940630934595,3.3315266945104794e-08,6181
720575940634163682,3.327429344332736e-08,6182
720575940614566598,3.324760438670111e-08,6183
720575940634545890,3.3246059307828635e-08,6184
720575940615222201,3.30827663175738e-08,6185
720575940635408496,3.3047624667400816e-08,6186
720575940643118733,3.303548954712738e-08,6187
720575940641276045,3.301959575897789e-08,6188
720575940660211841,3.301665630263995e-08,6189
720575940616301083,3.2997080427406294e-08,6190
720575940652258550,3.29929306112274e-08,6191
720575940634061167,3.298832419516437e-08,6192
720575940640891224,3.297380294682955e-08,6193
720575940606308286,3.2967862466334515e-08,6194
720575940602132509,3.2934029424976866e-08,6195
720575940629365760,3.2922420551221914e-08,6196
720575940635839077,3.28132527020987e-08,6197
720575940608891075,3.279367161951549e-08,6198
720575940612058861,3.2773843910418334e-08,6199
720575940616109469,3.276259038451066e-08,6200
720575940619922512,3.272838134129457e-08,6201
720575940630575943,3.2706235700566525e-08,6202
720575940626217226,3.269556314681363e-08,6203
720575940619984950,3.2671429282069055e-08,6204
720575940616196539,3.264245255268171e-08,6205
720575940618252249,3.257485544603783e-08,6206
720575940636492358,3.256604981583891e-08,6207
720575940615779558,3.25325278034713e-08,6208
720575940626210536,3.245089795917595e-08,6209
720575940603918769,3.244756723606031e-08,6210
720575940618522433,3.244601543102724e-08,6211
720575940627240783,3.242326288476055e-08,6212
720575940630819923,3.241087139543001e-08,6213
720575940626236924,3.236698009880323e-08,6214
720575940623858675,3.229491764464426e-08,6215
720575940634835903,3.22871821347145e-08,6216
720575940650717305,3.228081498836853e-08,6217
720575940628716821,3.225142652136594e-08,6218
720575940613828770,3.222963999868283e-08,6219
720575940615755147,3.221590104427263e-08,6220
720575940615197747,3.216970755748603e-08,6221
720575940619822942,3.2160174547390404e-08,6222
720575940615539818,3.211099573454659e-08,6223
720575940612315699,3.211087471252534e-08,6224
720575940644175895,3.2072797672448767e-08,6225
720575940630099445,3.2068466605173286e-08,6226
720575940611217650,3.2038433978144014e-08,6227
720575940615409150,3.200319384651505e-08,6228
720575940636543668,3.197571999466306e-08,6229
720575940621561697,3.1968626232120995e-08,6230
720575940616647483,3.194654934637717e-08,6231
720575940621104628,3.1862421635181116e-08,6232
720575940628461723,3.1790349971899074e-08,6233
720575940631270954,3.177447983619401e-08,6234
720575940637330921,3.162799064617828e-08,6235
720575940606773438,3.162736559580411e-08,6236
720575940631532396,3.1606920468588533e-08,6237
720575940634031533,3.159496632587481e-08,6238
720575940613966573,3.1554590961005606e-08,6239
720575940613783038,3.149558870516242e-08,6240
720575940629066770,3.144457074809452e-08,6241
720575940618682747,3.140457350534502e-08,6242
720575940616077173,3.138902422753308e-08,6243
720575940619724016,3.1374327362630483e-08,6244
720575940644641696,3.130455007716175e-08,6245
720575940629102636,3.1269206822064745e-08,6246
720575940610113905,3.126833516930839e-08,6247
720575940618238523,3.126103427477726e-08,6248
720575940615274914,3.121021089397498e-08,6249
720575940608028740,3.120088066015955e-08,6250
720575940610387825,3.1197206842846895e-08,6251
720575940642436256,3.119183952396738e-08,6252
720575940636047205,3.117346301193681e-08,6253
720575940637461988,3.1161608097915975e-08,6254
720575940628603842,3.112830817828229e-08,6255
720575940628781527,3.11078655199722e-08,6256
720575940622363588,3.109765424541328e-08,6257
720575940635175776,3.1070362287448223e-08,6258
720575940627604977,3.1069916457529895e-08,6259
720575940618147520,3.106490582328753e-08,6260
720575940623988733,3.099399960028417e-08,6261
720575940630678871,3.093800043152042e-08,6262
720575940630020345,3.092277665878114e-08,6263
720575940627799031,3.090915155871612e-08,6264
720575940653606134,3.083184192707488e-08,6265
720575940629287132,3.081086006668708e-08,6266
720575940621070430,3.0793303909369884e-08,6267
720575940607983627,3.072062446625303e-08,6268
720575940622335331,3.071552035716552e-08,6269
720575940613528722,3.070946067046638e-08,6270
720575940627162450,3.0653953688482725e-08,6271
720575940615809349,3.064825831942552e-08,6272
720575940621128583,3.061038367708957e-08,6273
720575940634180833,3.056256159578667e-08,6274
720575940611839953,3.053687915125702e-08,6275
720575940622224961,3.0531661597847024e-08,6276
720575940608293129,3.0379695843780946e-08,6277
720575940618709158,3.037513745858933e-08,6278
720575940611622002,3.034613393675134e-08,6279
720575940653093110,3.030565727137946e-08,6280
720575940631099091,3.027848034667873e-08,6281
720575940623780075,3.022015139919082e-08,6282
720575940614254534,3.020198279104069e-08,6283
720575940622723059,3.0153183290970436e-08,6284
720575940610442450,3.014839780015596e-08,6285
720575940620978458,3.01254286271783e-08,6286
720575940618321364,3.011316407336149e-08,6287
720575940622009284,3.0001033216566584e-08,6288
720575940625339981,2.9978909202893714e-08,6289
720575940627632428,2.994812839805368e-08,6290
720575940618266459,2.9912827788522875e-08,6291
720575940611091012,2.987465613721883e-08,6292
720575940626802770,2.985311481528665e-08,6293
720575940613113325,2.982259655228548e-08,6294
720575940614775592,2.978900220555129e-08,6295
720575940628252672,2.9773794794069188e-08,6296
720575940604104625,2.9732877414813865e-08,6297
720575940636267236,2.9726998360188308e-08,6298
720575940638291133,2.9713349027603965e-08,6299
720575940626809109,2.9669203124856826e-08,6300
720575940614714262,2.9663981018011915e-08,6301
720575940625463048,2.956510784712105e-08,6302
720575940615778790,2.9541095730303433e-08,6303
720575940612554979,2.9526320612725656e-08,6304
720575940617054237,2.947405193130097e-08,6305
720575940621147588,2.9464348157839428e-08,6306
720575940628800507,2.9392303137717853e-08,6307
720575940612572723,2.9377284526376826e-08,6308
720575940624664420,2.9367512140025497e-08,6309
720575940619627934,2.9363810008300092e-08,6310
720575940622731667,2.9317999581409372e-08,6311
720575940629283659,2.9310781936222876e-08,6312
720575940609813513,2.9293565477060365e-08,6313
720575940613812546,2.9271810699625734e-08,6314
720575940617120697,2.9210612624180906e-08,6315
720575940618900358,2.920491797281124e-08,6316
720575940631963821,2.9170106409950132e-08,6317
720575940630568830,2.9139660552404483e-08,6318
720575940608713993,2.9116450024563802e-08,6319
720575940615868485,2.9065970522402644e-08,6320
720575940615455230,2.9039150033506176e-08,6321
720575940613743102,2.8996720370077464e-08,6322
720575940630365771,2.899177949253227e-08,6323
720575940638668659,2.8951513724102404e-08,6324
720575940609970394,2.8948456859865882e-08,6325
720575940626793861,2.893870183769694e-08,6326
720575940620795728,2.8907125485913972e-08,6327
720575940619233812,2.8900921184666328e-08,6328
720575940624789652,2.888594135570685e-08,6329
720575940622683174,2.8869472669430414e-08,6330
720575940603926188,2.8826210697752116e-08,6331
720575940637649011,2.8793694003387313e-08,6332
720575940635179871,2.8786038522972372e-08,6333
720575940606856405,2.8744822410584484e-08,6334
720575940624313406,2.8735808955368843e-08,6335
720575940622235969,2.865678277385047e-08,6336
720575940634299071,2.863130914089627e-08,6337
720575940618591764,2.8607933287390536e-08,6338
720575940621666654,2.8537139222060828e-08,6339
720575940620450031,2.8474297772525212e-08,6340
720575940627253510,2.838515567220687e-08,6341
720575940618674648,2.8377685733740603e-08,6342
720575940613638041,2.8307619385221223e-08,6343
720575940630335819,2.8269783431437563e-08,6344
720575940631046829,2.8265945592063562e-08,6345
720575940632475859,2.8258756361683787e-08,6346
720575940629600630,2.8240269097805627e-08,6347
720575940631467050,2.8236905259117542e-08,6348
720575940632403986,2.8220941965739575e-08,6349
720575940638132814,2.8199773851069064e-08,6350
720575940616169578,2.8161218707398328e-08,6351
720575940631412576,2.8137185707043334e-08,6352
720575940616177458,2.812981366339264e-08,6353
720575940611812527,2.81197370446603e-08,6354
720575940624435128,2.803537628257794e-08,6355
720575940628337511,2.8016048180146626e-08,6356
720575940616662877,2.798196746717338e-08,6357
720575940621498495,2.7939083570916402e-08,6358
720575940617677016,2.793086824640824e-08,6359
720575940625489764,2.791724158637739e-08,6360
720575940625719562,2.7862444967469254e-08,6361
720575940624763678,2.784251081627785e-08,6362
720575940635954879,2.7781660478449265e-08,6363
720575940610847973,2.77716601188248e-08,6364
720575940619536331,2.775956338213466e-08,6365
720575940616758322,2.773370768585721e-08,6366
720575940632360017,2.7730416584397896e-08,6367
720575940618003672,2.7702004385093957e-08,6368
720575940629932035,2.7698298227768212e-08,6369
720575940624665677,2.7697593795337475e-08,6370
720575940624799290,2.768753946236499e-08,6371
720575940614537618,2.7687285551651578e-08,6372
720575940610916465,2.7668813726307298e-08,6373
720575940615160239,2.7665190156672433e-08,6374
720575940627373913,2.7642781112949356e-08,6375
720575940627572602,2.756015544477611e-08,6376
720575940622058364,2.7548308258770112e-08,6377
720575940619161479,2.7519071183234547e-08,6378
720575940659299457,2.7512410597451136e-08,6379
720575940614474407,2.7507118164604678e-08,6380
720575940616583865,2.7472982540395117e-08,6381
720575940615046854,2.7458518291766898e-08,6382
720575940614358014,2.7407032997589138e-08,6383
720575940626404429,2.7316015910035717e-08,6384
720575940607006556,2.7288458166791805e-08,6385
720575940611108676,2.7274844368550813e-08,6386
720575940637687605,2.7269530419905623e-08,6387
720575940642364872,2.7266958255482433e-08,6388
720575940629416318,2.7239637032800548e-08,6389
720575940610077849,2.722365103740006e-08,6390
720575940618234715,2.7205520858410176e-08,6391
720575940624346760,2.720453523840471e-08,6392
720575940642627876,2.7183103295059704e-08,6393
720575940630107855,2.7178697541915405e-08,6394
720575940619845552,2.717847762315904e-08,6395
720575940618824613,2.7176627585661793e-08,6396
720575940624409444,2.716055561780932e-08,6397
720575940619967067,2.71232740484943e-08,6398
720575940612409494,2.7069085982645307e-08,6399
720575940642666440,2.7064631933902935e-08,6400
720575940610895474,2.7064631933902935e-08,6401
720575940628903247,2.705915197157432e-08,6402
720575940634252954,2.7045666999855838e-08,6403
720575940614462879,2.7038224304085916e-08,6404
720575940633027223,2.7036707732359312e-08,6405
720575940627754496,2.6987874471885363e-08,6406
720575940619937374,2.6924649995894337e-08,6407
720575940624710122,2.6916956466505008e-08,6408
720575940637074291,2.6878410277175795e-08,6409
720575940631518582,2.6832110483965457e-08,6410
720575940624222205,2.6830621250173572e-08,6411
720575940621263966,2.674090746279277e-08,6412
720575940631190016,2.6733748238657226e-08,6413
720575940630079685,2.6731245092760757e-08,6414
720575940613887742,2.6645294118269522e-08,6415
720575940613657650,2.6643791469505257e-08,6416
720575940631356235,2.6634289224931957e-08,6417
720575940630654539,2.662001052304848e-08,6418
720575940621141274,2.658732403006929e-08,6419
720575940623525770,2.6468744804520084e-08,6420
720575940608214281,2.644268711484328e-08,6421
720575940610504750,2.640261594635544e-08,6422
720575940626376478,2.638859740768038e-08,6423
720575940636067695,2.6348820165399907e-08,6424
720575940618259269,2.6348163642550126e-08,6425
720575940604030566,2.633265236214488e-08,6426
720575940609366648,2.6299622775068236e-08,6427
720575940614193202,2.6293064517633725e-08,6428
720575940621398254,2.6282118382227774e-08,6429
720575940621451758,2.6230768714438394e-08,6430
720575940623547981,2.6211904142391277e-08,6431
720575940613133718,2.620955206368597e-08,6432
720575940618929099,2.62088274687882e-08,6433
720575940631575627,2.6198958403335766e-08,6434
720575940630544967,2.61914614545064e-08,6435
720575940633616632,2.6191436196473824e-08,6436
720575940643939694,2.6179613002283994e-08,6437
720575940627936515,2.614691346915377e-08,6438
720575940622368792,2.6144069703712323e-08,6439
720575940620859886,2.6123415929248842e-08,6440
720575940607553219,2.6098412238624642e-08,6441
720575940628118683,2.606672338117085e-08,6442
720575940625032171,2.6064559264944554e-08,6443
720575940634025111,2.5938373251600453e-08,6444
720575940628148303,2.59192311541873e-08,6445
720575940620776880,2.590955111045115e-08,6446
720575940624427704,2.589053502074499e-08,6447
720575940618522533,2.587113916440102e-08,6448
720575940618770210,2.5870300806110042e-08,6449
720575940622523912,2.5858911285000294e-08,6450
720575940613304883,2.5822966221189464e-08,6451
720575940623784340,2.5815025458568005e-08,6452
720575940620062633,2.5800870657079564e-08,6453
720575940629987587,2.5744714114974196e-08,6454
720575940611242609,2.570060054279714e-08,6455
720575940618048724,2.569747693941456e-08,6456
720575940613557288,2.569013174375937e-08,6457
720575940632056033,2.5686697523534402e-08,6458
720575940640803200,2.5653107568143954e-08,6459
720575940649213049,2.5646136522808465e-08,6460
720575940648654468,2.5634254547117908e-08,6461
720575940612060625,2.561563358408218e-08,6462
720575940612578962,2.5593293196407476e-08,6463
720575940623403755,2.553066934863069e-08,6464
720575940614822559,2.5505452000794938e-08,6465
720575940606626994,2.548643892197938e-08,6466
720575940616603793,2.542715061760067e-08,6467
720575940654227105,2.5411449946388055e-08,6468
720575940637616094,2.5396119253398366e-08,6469
720575940610716770,2.5396119253398366e-08,6470
720575940614054802,2.538737684582545e-08,6471
720575940629985132,2.5363277559904087e-08,6472
720575940616079035,2.535086441645179e-08,6473
720575940633711028,2.5317427975022377e-08,6474
720575940636013966,2.5309547420808732e-08,6475
720575940611292330,2.5309170854814596e-08,6476
720575940628495447,2.526804572671181e-08,6477
720575940627271762,2.5257181585797753e-08,6478
720575940633129683,2.5180597054151104e-08,6479
720575940613296274,2.5165655018823313e-08,6480
720575940612721063,2.5132995265336498e-08,6481
720575940619109915,2.5132803642829378e-08,6482
720575940612429822,2.506221836753061e-08,6483
720575940641366517,2.5060652776078966e-08,6484
720575940603719614,2.5034080161173813e-08,6485
720575940627293483,2.500256778942378e-08,6486
720575940626032917,2.500077686839393e-08,6487
720575940626507408,2.499421251827563e-08,6488
720575940612409885,2.4991405589221495e-08,6489
720575940628376586,2.494852022747474e-08,6490
720575940620383768,2.4939169554352855e-08,6491
720575940620903551,2.4911362997074464e-08,6492
720575940644745120,2.486303620920643e-08,6493
720575940615296818,2.4810388237495948e-08,6494
720575940617299131,2.4758767565955035e-08,6495
720575940625970616,2.4757691525974178e-08,6496
720575940623689959,2.4735023012738502e-08,6497
720575940628210272,2.468407629432849e-08,6498
720575940613966498,2.466349942069316e-08,6499
720575940629384271,2.465896654710641e-08,6500
720575940614572742,2.460873857733344e-08,6501
720575940635995767,2.460428534164716e-08,6502
720575940612732273,2.4571656968571504e-08,6503
720575940619111515,2.456341315652289e-08,6504
720575940620204412,2.456011929416917e-08,6505
720575940639726141,2.455916478022112e-08,6506
720575940632376899,2.447878170122214e-08,6507
720575940616356662,2.4464039518704583e-08,6508
720575940630836305,2.446349287698025e-08,6509
720575940612403427,2.445887325233905e-08,6510
720575940644672548,2.4452600440438335e-08,6511
720575940628056107,2.4429759428642866e-08,6512
720575940633701487,2.4387865748587466e-08,6513
720575940620541349,2.435553387944981e-08,6514
720575940622065622,2.4324778490149137e-08,6515
720575940611335859,2.4320997521998876e-08,6516
720575940611496597,2.430348683232095e-08,6517
720575940615798045,2.4289642915011943e-08,6518
720575940622584069,2.428908478668585e-08,6519
720575940640640061,2.426696576891883e-08,6520
720575940649865718,2.426209656479152e-08,6521
720575940606002609,2.4257686366218057e-08,6522
720575940626848275,2.4253983060259378e-08,6523
720575940636871246,2.4240060041020512e-08,6524
720575940636263543,2.4235829253896033e-08,6525
720575940628880808,2.4228781798854707e-08,6526
720575940623133223,2.4155998734022454e-08,6527
720575940624945438,2.4135250738741636e-08,6528
720575940622065432,2.413367984985653e-08,6529
720575940658702977,2.412787241349765e-08,6530
720575940614681128,2.4110364367753882e-08,6531
720575940635945919,2.4092525214545055e-08,6532
720575940615753629,2.4082739604114315e-08,6533
720575940627109991,2.4076150666954214e-08,6534
720575940633895469,2.4063486137907517e-08,6535
720575940627254856,2.4055210014212938e-08,6536
720575940604938156,2.4055162317695276e-08,6537
720575940611139733,2.4027639576284827e-08,6538
720575940622067594,2.4018117530151488e-08,6539
720575940646039092,2.397435992038858e-08,6540
720575940638091839,2.3947377529753034e-08,6541
720575940612907121,2.3880096495270015e-08,6542
720575940637603982,2.387909680644199e-08,6543
720575940636707391,2.383715055417559e-08,6544
720575940610941906,2.382710793949477e-08,6545
720575940624349758,2.382154447182413e-08,6546
720575940629947500,2.3803777840403923e-08,6547
720575940631758111,2.3795438410227698e-08,6548
720575940628454522,2.379081768123974e-08,6549
720575940628951287,2.3763025411860285e-08,6550
720575940616376901,2.37608200937683e-08,6551
720575940602618848,2.3744492291846498e-08,6552
720575940623637995,2.3631091581707193e-08,6553
720575940615443805,2.3609185240164568e-08,6554
720575940626583836,2.3604542646414757e-08,6555
720575940609015876,2.360075742629953e-08,6556
720575940622827751,2.3529321680302146e-08,6557
720575940618479296,2.352831711954244e-08,6558
720575940628582607,2.3523539616665974e-08,6559
720575940624698457,2.351307924210157e-08,6560
720575940619070721,2.3510519243734475e-08,6561
720575940625079054,2.349289353735485e-08,6562
720575940625011600,2.3468340643123256e-08,6563
720575940612383082,2.3445022145877473e-08,6564
720575940630244060,2.3413002828523057e-08,6565
720575940620789213,2.3411955272378086e-08,6566
720575940631098947,2.339697491210699e-08,6567
720575940642181005,2.3345266597714256e-08,6568
720575940629683707,2.334016028835952e-08,6569
720575940612598695,2.3327833730321222e-08,6570
720575940626971803,2.3317556673211954e-08,6571
720575940625763015,2.3316529809812634e-08,6572
720575940617691734,2.3288898671951384e-08,6573
720575940634008474,2.3281881526896472e-08,6574
720575940631588772,2.327638489304413e-08,6575
720575940620605940,2.321967796906167e-08,6576
720575940619729835,2.320934932642552e-08,6577
720575940622932164,2.3201872259578895e-08,6578
720575940627614199,2.319861389759386e-08,6579
720575940605699104,2.3188419571244178e-08,6580
720575940641921421,2.3176458171648486e-08,6581
720575940614956072,2.3152011872946545e-08,6582
720575940624945333,2.3132973952707048e-08,6583
720575940620235796,2.31314279568341e-08,6584
720575940634371685,2.311433515849505e-08,6585
720575940630749523,2.311044922061727e-08,6586
720575940619653184,2.3074725507577017e-08,6587
720575940633365473,2.3060343943117026e-08,6588
720575940620304321,2.3059504331872697e-08,6589
720575940639904475,2.302307381808822e-08,6590
720575940611939314,2.299897619634012e-08,6591
720575940613124817,2.2979955767060646e-08,6592
720575940618118485,2.2967818945361732e-08,6593
720575940631128877,2.2828156488794114e-08,6594
720575940638431029,2.2810582194128765e-08,6595
720575940612637554,2.2776640902996732e-08,6596
720575940607347634,2.2774334943200065e-08,6597
720575940624496280,2.2653124586000495e-08,6598
720575940626093720,2.2562584597395034e-08,6599
720575940623512317,2.2545461566685757e-08,6600
720575940622675421,2.2537662974091957e-08,6601
720575940635835967,2.2511913883740922e-08,6602
720575940636999280,2.249985987907785e-08,6603
720575940613996959,2.245455164733486e-08,6604
720575940629884119,2.240210594386477e-08,6605
720575940610472914,2.2391222578393477e-08,6606
720575940624352970,2.235242353368047e-08,6607
720575940624883898,2.234870099052041e-08,6608
720575940615343060,2.2295299096797898e-08,6609
720575940625724803,2.228254826754005e-08,6610
720575940630998595,2.226168412876763e-08,6611
720575940611957202,2.224354323344273e-08,6612
720575940615768861,2.2219088793285554e-08,6613
720575940631406667,2.2218695584124565e-08,6614
720575940612943539,2.2218104217464222e-08,6615
720575940630169660,2.2213150316736344e-08,6616
720575940625689105,2.220257548028919e-08,6617
720575940621957670,2.2201793436892175e-08,6618
720575940632395987,2.219685941703067e-08,6619
720575940627611142,2.2189139754966206e-08,6620
720575940629477675,2.2115757941292586e-08,6621
720575940612935317,2.2106890086617244e-08,6622
720575940636533574,2.2100047032879848e-08,6623
720575940624310345,2.2067634590366885e-08,6624
720575940655000737,2.1999100742253644e-08,6625
720575940631003589,2.199524649074699e-08,6626
720575940627324162,2.198725565760431e-08,6627
720575940619048315,2.1965856708088422e-08,6628
720575940638513205,2.1962723313205928e-08,6629
720575940624724458,2.1955656884736082e-08,6630
720575940629597483,2.193172519997672e-08,6631
720575940607899913,2.1904522481254987e-08,6632
720575940611638499,2.188412926033844e-08,6633
720575940637296356,2.1880216511321713e-08,6634
720575940628599934,2.1874741233841735e-08,6635
720575940620451056,2.1868231671330536e-08,6636
720575940614923462,2.18647094944418e-08,6637
720575940609927653,2.1856221499297648e-08,6638
720575940640616253,2.1852353740614593e-08,6639
720575940637415843,2.1792066234729263e-08,6640
720575940609168732,2.1790335713616023e-08,6641
720575940621608330,2.178146508943979e-08,6642
720575940622104097,2.175884380268986e-08,6643
720575940637594334,2.1703577309108883e-08,6644
720575940631050538,2.1698288575808216e-08,6645
720575940622902535,2.1643436352900433e-08,6646
720575940620866544,2.1616496672716517e-08,6647
720575940633504248,2.1604724282858098e-08,6648
720575940614332899,2.1566664596841146e-08,6649
720575940629970489,2.153160238060729e-08,6650
720575940624152359,2.1478169732412667e-08,6651
720575940617765405,2.1464331852358878e-08,6652
720575940615219417,2.1457622933800615e-08,6653
720575940620346758,2.144820137908382e-08,6654
720575940622043357,2.144353603588263e-08,6655
720575940607403275,2.144264850349185e-08,6656
720575940618784546,2.1425284726418284e-08,6657
720575940631505659,2.13878762243249e-08,6658
720575940634707807,2.1378847892412492e-08,6659
720575940629657192,2.137017999869204e-08,6660
720575940621523421,2.1367289578902075e-08,6661
720575940632355885,2.13297705431173e-08,6662
720575940618562950,2.131644869041508e-08,6663
720575940620134638,2.129970689946671e-08,6664
720575940630998339,2.129662449406644e-08,6665
720575940621448524,2.128283141388693e-08,6666
720575940623626986,2.128151444834991e-08,6667
720575940646768419,2.128112168833096e-08,6668
720575940634244191,2.125585838167667e-08,6669
720575940609282825,2.125423995053466e-08,6670
720575940628573519,2.1245949395609187e-08,6671
720575940631539001,2.1151074850732588e-08,6672
720575940629273913,2.1150097099983357e-08,6673
720575940625816606,2.1146619294327e-08,6674
720575940650760825,2.1101161963104717e-08,6675
720575940619938217,2.1095871129062153e-08,6676
720575940607635913,2.109265283348469e-08,6677
720575940634284686,2.102383606248676e-08,6678
720575940621119367,2.102097249297408e-08,6679
720575940628167498,2.1007538390601786e-08,6680
720575940641006299,2.100210061764523e-08,6681
720575940613885842,2.097632808311965e-08,6682
720575940630302551,2.097231163128851e-08,6683
720575940620201793,2.0958650402196178e-08,6684
720575940627265274,2.095184415681716e-08,6685
720575940621650712,2.0943592326042994e-08,6686
720575940629384951,2.0925128386331256e-08,6687
720575940610803891,2.0907475601383555e-08,6688
720575940613463471,2.0877876548308253e-08,6689
720575940611686314,2.080905967830439e-08,6690
720575940628033944,2.0789588134188065e-08,6691
720575940618514555,2.0770002314032546e-08,6692
720575940609459662,2.075057601172905e-08,6693
720575940627979782,2.074546721922959e-08,6694
720575940634854554,2.066263592906069e-08,6695
720575940626327720,2.0638478394615646e-08,6696
720575940620227589,2.0593690095871854e-08,6697
720575940609194962,2.051996104097281e-08,6698
720575940624250405,2.0513757787116086e-08,6699
720575940619940693,2.051206450581061e-08,6700
720575940613598105,2.051031903510947e-08,6701
720575940612342550,2.0498691763839053e-08,6702
720575940609530653,2.0466407308038662e-08,6703
720575940637791721,2.034538425156721e-08,6704
720575940633299481,2.028073141800033e-08,6705
720575940647046708,2.0275234820615028e-08,6706
720575940620774388,2.0254878080127956e-08,6707
720575940626117662,2.0253226930729532e-08,6708
720575940629820239,2.022910099413255e-08,6709
720575940614217709,2.0182279233860163e-08,6710
720575940644666916,2.018130736791283e-08,6711
720575940646122804,2.0175521545306124e-08,6712
720575940624299534,2.0167919179933435e-08,6713
720575940623528595,2.015898536031112e-08,6714
720575940614845708,2.0133099001605393e-08,6715
720575940620060838,2.0103674155019183e-08,6716
720575940638183652,2.010158526322452e-08,6717
720575940639019839,2.010153493550387e-08,6718
720575940619697134,2.007699231055622e-08,6719
720575940617374242,2.007235726264673e-08,6720
720575940634762394,2.0051064239219792e-08,6721
720575940611648209,2.001822978332893e-08,6722
720575940626098584,2.000949382865753e-08,6723
720575940626844037,1.9992648773323997e-08,6724
720575940604753437,1.9987715883704592e-08,6725
720575940623008659,1.9956139989481977e-08,6726
720575940637030975,1.9927094323145545e-08,6727
720575940634939327,1.9907659148292158e-08,6728
720575940635684762,1.9868954602981476e-08,6729
720575940618838875,1.9832800701199796e-08,6730
720575940632715234,1.9813349783765736e-08,6731
720575940605420902,1.9809744637579525e-08,6732
720575940613226961,1.980285703212742e-08,6733
720575940619309653,1.974755188445535e-08,6734
720575940630328698,1.9735699538596546e-08,6735
720575940611938001,1.9705702403032162e-08,6736
720575940645760820,1.969217766116573e-08,6737
720575940615396027,1.9674070954056176e-08,6738
720575940616015956,1.963263486029537e-08,6739
720575940647945012,1.956799513896027e-08,6740
720575940606239243,1.9550612590282967e-08,6741
720575940630962536,1.9544006745347107e-08,6742
720575940642898080,1.9498365850936976e-08,6743
720575940623542712,1.9461281283500116e-08,6744
720575940627718444,1.94550730284181e-08,6745
720575940624253991,1.9430728148561482e-08,6746
720575940627824712,1.9406421400689234e-08,6747
720575940636643832,1.9369050130105156e-08,6748
720575940628443127,1.9358839003350515e-08,6749
720575940616286395,1.9314819030649222e-08,6750
720575940624882151,1.9307393923455365e-08,6751
720575940633129171,1.9261757620453837e-08,6752
720575940610018266,1.9239835825200606e-08,6753
720575940633364984,1.9216016789499207e-08,6754
720575940647358243,1.917921655031062e-08,6755
720575940640714192,1.915918085496803e-08,6756
720575940616744059,1.9126691940503404e-08,6757
720575940628343814,1.910275855308161e-08,6758
720575940623925173,1.908771729841113e-08,6759
720575940626619785,1.9071829563514048e-08,6760
720575940622307148,1.9070297647770237e-08,6761
720575940619453831,1.9040344826050493e-08,6762
720575940631595603,1.9035252499436817e-08,6763
720575940625711626,1.9023580322710494e-08,6764
720575940618130334,1.899940233872266e-08,6765
720575940627911415,1.899468862148201e-08,6766
720575940616413894,1.897788855655753e-08,6767
720575940648646532,1.8966907504047903e-08,6768
720575940616713355,1.8959678713018745e-08,6769
720575940617303857,1.8938139936932755e-08,6770
720575940648650884,1.8937022266150404e-08,6771
720575940638496720,1.8918084427463003e-08,6772
720575940605682790,1.890967559323997e-08,6773
720575940629814103,1.8904922438467854e-08,6774
720575940620813808,1.889635687695474e-08,6775
720575940630546084,1.888118462560196e-08,6776
720575940623696681,1.885754521596105e-08,6777
720575940638169917,1.883348162763781e-08,6778
720575940635684526,1.8818338705921462e-08,6779
720575940606018690,1.8804615331141405e-08,6780
720575940619207664,1.8801299110652768e-08,6781
720575940624137656,1.879942794134808e-08,6782
720575940630922413,1.8764209784431745e-08,6783
720575940613065130,1.87505461083361e-08,6784
720575940638245399,1.874625496678057e-08,6785
720575940625962172,1.8735291903258153e-08,6786
720575940616809401,1.8725768886396822e-08,6787
720575940640032600,1.871306003201967e-08,6788
720575940617094208,1.8697006732419007e-08,6789
720575940611906713,1.8695371391957127e-08,6790
720575940633125624,1.8680863628436077e-08,6791
720575940622378281,1.8660928544285688e-08,6792
720575940633597977,1.862577333486595e-08,6793
720575940618254750,1.862289359231192e-08,6794
720575940622108001,1.859228978840914e-08,6795
720575940609959726,1.8580482745755074e-08,6796
720575940629954724,1.857495297136512e-08,6797
720575940621779661,1.856629397523841e-08,6798
720575940627081534,1.8524004513251497e-08,6799
720575940607968523,1.8478169541459045e-08,6800
720575940631423116,1.8413291475547263e-08,6801
720575940630131663,1.8388194429253482e-08,6802
720575940607188036,1.8387250326586597e-08,6803
720575940602430944,1.8375211785639713e-08,6804
720575940615631321,1.837422171311875e-08,6805
720575940619489445,1.837061493769576e-08,6806
720575940631919976,1.8345677172660798e-08,6807
720575940617606616,1.832706206700238e-08,6808
720575940620500696,1.8306970305840496e-08,6809
720575940626053907,1.8285086118266336e-08,6810
720575940620092656,1.8268960424228494e-08,6811
720575940611439066,1.824957834116202e-08,6812
720575940613142191,1.823912438218577e-08,6813
720575940627696233,1.8223303332556164e-08,6814
720575940618641542,1.820490392410935e-08,6815
720575940613481282,1.8186652917004613e-08,6816
720575940641950349,1.8161714286659407e-08,6817
720575940609476562,1.8151861082027592e-08,6818
720575940620573037,1.8115661352805537e-08,6819
720575940638874064,1.8088952062078974e-08,6820
720575940632018515,1.807057123648156e-08,6821
720575940613148625,1.805392143365668e-08,6822
720575940628636460,1.8049687764197085e-08,6823
720575940629176663,1.8044427693632888e-08,6824
720575940643174856,1.8039304284188647e-08,6825
720575940616017593,1.8032843059125315e-08,6826
720575940627519107,1.8016591216900667e-08,6827
720575940604624998,1.8012489309528732e-08,6828
720575940631058280,1.8005142584900043e-08,6829
720575940631187287,1.7997793652248073e-08,6830
720575940626991147,1.7985670001980314e-08,6831
720575940628009085,1.7981505652443753e-08,6832
720575940638202320,1.7978470539240724e-08,6833
720575940618757666,1.7977726126003347e-08,6834
720575940620933835,1.7966631041342305e-08,6835
720575940614520170,1.79568557834962e-08,6836
720575940623333770,1.7943367838063866e-08,6837
720575940630458732,1.793573860094355e-08,6838
720575940620096171,1.793483301531755e-08,6839
720575940611713634,1.790786523559837e-08,6840
720575940624111763,1.7903635804609126e-08,6841
720575940624853031,1.7892990055432454e-08,6842
720575940622623785,1.788669157913279e-08,6843
720575940613455986,1.781172137514019e-08,6844
720575940624860260,1.7797497513298664e-08,6845
720575940623451829,1.779642332726558e-08,6846
720575940625532659,1.7680373012590685e-08,6847
720575940610638434,1.767911971991033e-08,6848
720575940610522009,1.7653964666563402e-08,6849
720575940604731838,1.7595451649835268e-08,6850
720575940638606046,1.755674894708604e-08,6851
720575940629704297,1.7545653400436668e-08,6852
720575940627479290,1.7533858487763828e-08,6853
720575940609063236,1.7477845693723954e-08,6854
720575940642506459,1.7468050660266018e-08,6855
720575940619549611,1.7450688980133635e-08,6856
720575940624903064,1.7436864067106283e-08,6857
720575940629041879,1.7425375173072862e-08,6858
720575940640194493,1.742513885076395e-08,6859
720575940624406664,1.7410343692092514e-08,6860
720575940632425919,1.738794841012441e-08,6861
720575940606354633,1.738453849285994e-08,6862
720575940613323417,1.7381076623494662e-08,6863
720575940603714272,1.7337867328687205e-08,6864
720575940617529669,1.733511414427104e-08,6865
720575940626716464,1.7307373201683426e-08,6866
720575940633017903,1.7258433690900304e-08,6867
720575940637136752,1.7228511344553526e-08,6868
720575940606912386,1.7190112248815372e-08,6869
720575940619846310,1.7182430834060488e-08,6870
720575940631184610,1.7171041763498093e-08,6871
720575940631467565,1.7170674799401847e-08,6872
720575940630750279,1.7170674799401847e-08,6873
720575940612975853,1.7161034558340026e-08,6874
720575940617280985,1.716031428486681e-08,6875
720575940627558421,1.714414848763747e-08,6876
720575940624382695,1.7127813854279803e-08,6877
720575940626048387,1.710422802213314e-08,6878
720575940623443179,1.7044302810720973e-08,6879
720575940614113682,1.7023049955317853e-08,6880
720575940622356835,1.6979656923241653e-08,6881
720575940633226577,1.6961508176595727e-08,6882
720575940630257751,1.6902542233960154e-08,6883
720575940633040097,1.687838694468062e-08,6884
720575940609362898,1.6877647590290922e-08,6885
720575940646708788,1.6864593166845766e-08,6886
720575940604281888,1.6851030286010054e-08,6887
720575940623547133,1.683108677780663e-08,6888
720575940628081541,1.6828020244817142e-08,6889
720575940615641798,1.679695982634018e-08,6890
720575940616022678,1.6789943459796134e-08,6891
720575940618116766,1.676478758413954e-08,6892
720575940615555257,1.673296228533035e-08,6893
720575940628115561,1.6731072249486437e-08,6894
720575940636524777,1.6703121221505624e-08,6895
720575940630175276,1.6689600545564823e-08,6896
720575940613590501,1.6681990307028082e-08,6897
720575940611972210,1.6652627650355577e-08,6898
720575940638638926,1.6628096838848944e-08,6899
720575940636945380,1.660765034022042e-08,6900
720575940622198772,1.6594182600468844e-08,6901
720575940626585604,1.659234510331817e-08,6902
720575940628527439,1.658539027820498e-08,6903
720575940631942341,1.6571847561414657e-08,6904
720575940634224540,1.6546574947601522e-08,6905
720575940604414636,1.6534122953026548e-08,6906
720575940612856342,1.652237854141582e-08,6907
720575940627327938,1.6521936175303656e-08,6908
720575940621864060,1.65141664277044e-08,6909
720575940611384306,1.6511932467649243e-08,6910
720575940626705029,1.6501790848930566e-08,6911
720575940639193577,1.6485874476848294e-08,6912
720575940615245107,1.6460716606922155e-08,6913
720575940637219903,1.643950958292149e-08,6914
720575940627868682,1.6429012929910716e-08,6915
720575940624774839,1.642438333629856e-08,6916
720575940626679317,1.641871322543347e-08,6917
720575940634746010,1.64020729280569e-08,6918
720575940614105746,1.6385664014130105e-08,6919
720575940631866951,1.6375860606329522e-08,6920
720575940618019933,1.6369962940292266e-08,6921
720575940616566996,1.6346252879557613e-08,6922
720575940635646583,1.6329490668043657e-08,6923
720575940613238418,1.63208182136708e-08,6924
720575940614751027,1.6310154314896632e-08,6925
720575940635990896,1.6296960505513856e-08,6926
720575940626721881,1.6294771134473837e-08,6927
720575940626384200,1.6254960754620355e-08,6928
720575940621953285,1.6244909379078956e-08,6929
720575940645821316,1.623292710142809e-08,6930
720575940637910106,1.6219330533154725e-08,6931
720575940627181498,1.620794535069544e-08,6932
720575940618155600,1.6204817166679805e-08,6933
720575940626267261,1.6195658261091446e-08,6934
720575940638720233,1.6179688851851284e-08,6935
720575940624924990,1.6108801246274944e-08,6936
720575940629428522,1.6100942797551348e-08,6937
720575940618983150,1.6084522117091394e-08,6938
720575940619708507,1.6069826315976673e-08,6939
720575940615032130,1.6050193913465195e-08,6940
720575940629250775,1.6037746276327617e-08,6941
720575940630538833,1.602588900694935e-08,6942
720575940616889915,1.6018087840269862e-08,6943
720575940615395165,1.6003082933257028e-08,6944
720575940625040190,1.598002847440259e-08,6945
720575940645084104,1.5963131146925952e-08,6946
720575940638686848,1.5947462745355574e-08,6947
720575940618033232,1.5931797446197e-08,6948
720575940629009468,1.5911860697285052e-08,6949
720575940625465733,1.5910698204240703e-08,6950
720575940611400470,1.5889723755582026e-08,6951
720575940609284728,1.588769272318075e-08,6952
720575940624968013,1.5857001013675696e-08,6953
720575940628710555,1.584847514038423e-08,6954
720575940632490255,1.5841345257537095e-08,6955
720575940619773008,1.58365496826782e-08,6956
720575940642453448,1.5807395533496152e-08,6957
720575940617398358,1.5803397530326673e-08,6958
720575940660217473,1.5796821602900603e-08,6959
720575940622648723,1.5792913087195716e-08,6960
720575940618973765,1.577258881810811e-08,6961
720575940624032611,1.5745521972741144e-08,6962
720575940637526190,1.5731309659155715e-08,6963
720575940619259558,1.5721590196513247e-08,6964
720575940639198653,1.5703873680828187e-08,6965
720575940610981362,1.569823213732223e-08,6966
720575940628064016,1.566133863495607e-08,6967
720575940616390261,1.5620601813232696e-08,6968
720575940636903013,1.5617929426817747e-08,6969
720575940618827910,1.561229774263027e-08,6970
720575940635290231,1.555764482305986e-08,6971
720575940618812888,1.5512142573739073e-08,6972
720575940642875080,1.5500964615106405e-08,6973
720575940637678653,1.5483270613994312e-08,6974
720575940633299903,1.5446484579484465e-08,6975
720575940626436741,1.5408879179639416e-08,6976
720575940613127314,1.5329684028590953e-08,6977
720575940627659797,1.5293550119544e-08,6978
720575940627927573,1.5286011587135425e-08,6979
720575940635335791,1.5283048366928344e-08,6980
720575940619490133,1.5281489154848707e-08,6981
720575940617277145,1.5272230716292687e-08,6982
720575940610425061,1.5240974191594067e-08,6983
720575940617873566,1.5232765972724983e-08,6984
720575940609098286,1.523273862576215e-08,6985
720575940624891420,1.523273862576215e-08,6986
720575940628602220,1.520980594783653e-08,6987
720575940635549620,1.5202901521402045e-08,6988
720575940617026260,1.5174257289607275e-08,6989
720575940624872179,1.5150766883117338e-08,6990
720575940640612480,1.514689423184828e-08,6991
720575940624015459,1.51362176729241e-08,6992
720575940633058204,1.5129004984780268e-08,6993
720575940620709645,1.5121235854449577e-08,6994
720575940621176837,1.505938356577516e-08,6995
720575940611643033,1.505602766986103e-08,6996
720575940615469785,1.5039504216269804e-08,6997
720575940624176381,1.4989579294295875e-08,6998
720575940623767188,1.4978589830382317e-08,6999
720575940620088414,1.4967164804125445e-08,7000
720575940628445399,1.4953141405115848e-08,7001
720575940623564617,1.4922548718065007e-08,7002
720575940641701584,1.4884128295909052e-08,7003
720575940614026390,1.488331893749322e-08,7004
720575940640912291,1.4863807976832133e-08,7005
720575940624203972,1.4861902864913405e-08,7006
720575940623666213,1.4842025492210379e-08,7007
720575940624377018,1.472499960522005e-08,7008
720575940645527918,1.4711082962297505e-08,7009
720575940621345012,1.469916951690665e-08,7010
720575940638733902,1.4699155410984612e-08,7011
720575940625388873,1.4677355205877173e-08,7012
720575940620800933,1.4659579804555183e-08,7013
720575940618292416,1.4651278517807512e-08,7014
720575940621960595,1.4649053780083087e-08,7015
720575940633299993,1.464502426749517e-08,7016
720575940628874395,1.4617264446933582e-08,7017
720575940640630589,1.4599940774391173e-08,7018
720575940624454221,1.4533311463377325e-08,7019
720575940604930918,1.4514856382311785e-08,7020
720575940611532408,1.449684042641611e-08,7021
720575940626154183,1.4496027322902969e-08,7022
720575940612189480,1.4487178267249183e-08,7023
720575940613120721,1.44842707215909e-08,7024
720575940631586858,1.445896679352628e-08,7025
720575940637791603,1.4449793888972386e-08,7026
720575940617630182,1.4449372633970745e-08,7027
720575940618795349,1.4428127200675627e-08,7028
720575940616254182,1.4428127200675627e-08,7029
720575940628254402,1.4428127200675627e-08,7030
720575940639560411,1.4428127200675627e-08,7031
720575940620691811,1.4428127200675627e-08,7032
720575940603817900,1.4416361560963432e-08,7033
720575940625460632,1.4409390101386307e-08,7034
720575940603186790,1.4395379667018429e-08,7035
720575940621298523,1.4386683521737036e-08,7036
720575940606867145,1.4368537993361958e-08,7037
720575940606038729,1.4368416878210849e-08,7038
720575940606099842,1.4315613851571659e-08,7039
720575940605400096,1.4306802309992347e-08,7040
720575940620933067,1.4292605220915603e-08,7041
720575940625035790,1.4211329152144617e-08,7042
720575940625672997,1.4209356111858416e-08,7043
720575940615522706,1.4197277465580024e-08,7044
720575940617332923,1.4178875998182859e-08,7045
720575940621339713,1.4148406699235266e-08,7046
720575940635322524,1.4142743480516866e-08,7047
720575940633201400,1.4141684337512633e-08,7048
720575940631070239,1.4136309427661094e-08,7049
720575940626010042,1.4131179708417625e-08,7050
720575940631559884,1.4112265516756081e-08,7051
720575940634126478,1.4089237890507888e-08,7052
720575940622018565,1.4083607991456319e-08,7053
720575940626447848,1.4083605146115189e-08,7054
720575940621347092,1.4041931753306077e-08,7055
720575940602964140,1.4041827932674217e-08,7056
720575940633978207,1.4024167151047778e-08,7057
720575940632809683,1.4023101765687503e-08,7058
720575940635988398,1.4006819230423846e-08,7059
720575940628978391,1.3982286632683954e-08,7060
720575940609321938,1.397503463502823e-08,7061
720575940612380723,1.3922323691454921e-08,7062
720575940607166731,1.38972807982548e-08,7063
720575940610499523,1.3884378175188946e-08,7064
720575940621981464,1.3874578650375393e-08,7065
720575940606920643,1.3867527581448824e-08,7066
720575940628162832,1.3851179639213586e-08,7067
720575940621373729,1.3837707002562771e-08,7068
720575940629388135,1.3825562053696018e-08,7069
720575940633113937,1.3800536900656724e-08,7070
720575940616164213,1.3790166650171409e-08,7071
720575940650918265,1.3784780061830055e-08,7072
720575940629075697,1.3783079112172617e-08,7073
720575940630731847,1.3768882801283683e-08,7074
720575940638046948,1.3753520625406139e-08,7075
720575940637107312,1.3752734249411423e-08,7076
720575940624040743,1.3740592184328518e-08,7077
720575940625748764,1.3739419445760807e-08,7078
720575940613627954,1.3736112156151716e-08,7079
720575940605937097,1.3722518435489678e-08,7080
720575940618558769,1.3714815592456907e-08,7081
720575940612487118,1.370687036411207e-08,7082
720575940625887119,1.3701680389621378e-08,7083
720575940626663178,1.3700184828586045e-08,7084
720575940626524805,1.3693869541271877e-08,7085
720575940623333514,1.3676902464072854e-08,7086
720575940607949781,1.3673468664399068e-08,7087
720575940621776161,1.3672877393110957e-08,7088
720575940628218011,1.3650216946553832e-08,7089
720575940616246843,1.3645358266838166e-08,7090
720575940630341707,1.3624584521279547e-08,7091
720575940627406635,1.3601884102052417e-08,7092
720575940627570600,1.3591751908966139e-08,7093
720575940630467411,1.3576696977099578e-08,7094
720575940628832256,1.3559703410540255e-08,7095
720575940626471185,1.3555058801710509e-08,7096
720575940627745895,1.3545567982048158e-08,7097
720575940641058523,1.3539070913175309e-08,7098
720575940628518400,1.3533574777978582e-08,7099
720575940621717025,1.3530656708108933e-08,7100
720575940628923652,1.3523456176358582e-08,7101
720575940620694015,1.351542080883305e-08,7102
720575940643793431,1.3513501699873232e-08,7103
720575940627290108,1.3494813831703212e-08,7104
720575940633243640,1.3488932257972173e-08,7105
720575940635050521,1.347644931735037e-08,7106
720575940640642723,1.3429945315240202e-08,7107
720575940626838909,1.342992119169613e-08,7108
720575940632736815,1.3428176513525623e-08,7109
720575940619296176,1.3418148978769072e-08,7110
720575940625310793,1.3381647264666373e-08,7111
720575940641963936,1.3376610900225211e-08,7112
720575940642228384,1.3375291149508385e-08,7113
720575940626393999,1.3364056236424393e-08,7114
720575940633882925,1.3299663605986255e-08,7115
720575940624601331,1.329388683312746e-08,7116
720575940627975017,1.3281428990714568e-08,7117
720575940613016805,1.327753469053211e-08,7118
720575940620742780,1.3276155571196028e-08,7119
720575940615127471,1.3264899249142469e-08,7120
720575940628419338,1.3258600584176394e-08,7121
720575940635345519,1.3240266370123835e-08,7122
720575940610739918,1.3224703168459184e-08,7123
720575940631553603,1.3224104489451298e-08,7124
720575940637905478,1.3216983314960633e-08,7125
720575940628306784,1.3210609661852642e-08,7126
720575940620574001,1.3193890336570717e-08,7127
720575940632556640,1.3192953214991232e-08,7128
720575940628319546,1.3177522939233827e-08,7129
720575940607935154,1.3165340081365247e-08,7130
720575940620171892,1.3155281004628618e-08,7131
720575940637416078,1.3150436781426571e-08,7132
720575940625163790,1.313199703790241e-08,7133
720575940629428992,1.3122469412571914e-08,7134
720575940628226012,1.3118493766619289e-08,7135
720575940620189004,1.3115504418690555e-08,7136
720575940618444473,1.3113526677579374e-08,7137
720575940628826128,1.3103867163583809e-08,7138
720575940624856762,1.3088229388603329e-08,7139
720575940636705502,1.308774999673896e-08,7140
720575940647436835,1.3056904642311008e-08,7141
720575940622473924,1.3042063055930969e-08,7142
720575940631374440,1.3024667329340789e-08,7143
720575940613243089,1.3005308537971392e-08,7144
720575940621646730,1.299943370651333e-08,7145
720575940620754815,1.2974289927764844e-08,7146
720575940623586964,1.2969735167780243e-08,7147
720575940619517233,1.2954263534418194e-08,7148
720575940630670890,1.2953540396531457e-08,7149
720575940626260490,1.2945578079542252e-08,7150
720575940611621166,1.2930705368210588e-08,7151
720575940610076206,1.2922344225324821e-08,7152
720575940639259967,1.291778947151163e-08,7153
720575940623982323,1.2896874293729714e-08,7154
720575940627471619,1.289216547883287e-08,7155
720575940637574515,1.2880590842043284e-08,7156
720575940622551334,1.2863533254831965e-08,7157
720575940634605531,1.285527273810212e-08,7158
720575940619922566,1.2853418174381196e-08,7159
720575940620139678,1.2852976585117472e-08,7160
720575940631619921,1.2850059407521247e-08,7161
720575940635089689,1.2846350129214119e-08,7162
720575940614843275,1.2833820348860535e-08,7163
720575940625987571,1.2833234807860661e-08,7164
720575940618854126,1.2826175547558243e-08,7165
720575940624735463,1.2821157414439715e-08,7166
720575940635172191,1.2794806959726248e-08,7167
720575940636536286,1.278323313896474e-08,7168
720575940613941618,1.2780086129526705e-08,7169
720575940617716566,1.2774649203087841e-08,7170
720575940625740346,1.2744900986297608e-08,7171
720575940628287546,1.2732073920891469e-08,7172
720575940628247945,1.2731509582314872e-08,7173
720575940610232274,1.2729849467983804e-08,7174
720575940627357256,1.2699214470068315e-08,7175
720575940641764552,1.2697479715682802e-08,7176
720575940645035287,1.2695572202020277e-08,7177
720575940616957585,1.269451227860998e-08,7178
720575940631242514,1.2676971725424658e-08,7179
720575940623995748,1.2643918248998632e-08,7180
720575940640675389,1.2627140203975807e-08,7181
720575940606929282,1.2624986381312884e-08,7182
720575940640601563,1.2622755653001584e-08,7183
720575940612478181,1.2620319930378877e-08,7184
720575940648570244,1.2602522810077697e-08,7185
720575940606751922,1.2567213754884302e-08,7186
720575940637243199,1.25623306228093e-08,7187
720575940637943374,1.2558173956074775e-08,7188
720575940612518055,1.2525549185816067e-08,7189
720575940632469587,1.2524651950072787e-08,7190
720575940658875777,1.251265827133955e-08,7191
720575940613256863,1.2509550323786394e-08,7192
720575940620119023,1.2479176945273443e-08,7193
720575940633613026,1.2439299352037475e-08,7194
720575940616374667,1.2415457840366233e-08,7195
720575940609343089,1.2403125923299596e-08,7196
720575940620219329,1.2399844347621033e-08,7197
720575940620144763,1.2392927489206159e-08,7198
720575940627854595,1.2372459300018324e-08,7199
720575940614175742,1.2362705683734241e-08,7200
720575940617909643,1.2358780877234734e-08,7201
720575940640541091,1.2324100728719379e-08,7202
720575940629689982,1.2304533954943623e-08,7203
720575940639436021,1.2288057396831257e-08,7204
720575940625841241,1.2283988674219713e-08,7205
720575940619768447,1.2283268972958051e-08,7206
720575940624918972,1.2242281607954827e-08,7207
720575940640129408,1.2233834524354051e-08,7208
720575940640889176,1.2233477939370589e-08,7209
720575940616772865,1.2232436962045574e-08,7210
720575940631975884,1.2228899792165117e-08,7211
720575940626083850,1.2174036969752135e-08,7212
720575940611332325,1.21691436622491e-08,7213
720575940628699560,1.2168523606361156e-08,7214
720575940618388929,1.2159190394478608e-08,7215
720575940617520785,1.2155955406866569e-08,7216
720575940629207040,1.211681416220281e-08,7217
720575940612461774,1.2105842962264084e-08,7218
720575940629684792,1.2104464111616282e-08,7219
720575940614362380,1.2101392210477324e-08,7220
720575940639023706,1.2098766718330102e-08,7221
720575940621542747,1.2087162421873694e-08,7222
720575940627356072,1.2084656036825029e-08,7223
720575940612506994,1.20463062916673e-08,7224
720575940615391638,1.2036823344101543e-08,7225
720575940620723638,1.200207804466919e-08,7226
720575940624988455,1.1999750105814171e-08,7227
720575940614067167,1.199707638406566e-08,7228
720575940623537485,1.198321236320229e-08,7229
720575940645958196,1.1965382128242134e-08,7230
720575940618788944,1.194925884526543e-08,7231
720575940631117842,1.1907157979617028e-08,7232
720575940627872515,1.1905559394189003e-08,7233
720575940612580977,1.1890835457794571e-08,7234
720575940655571617,1.1884283037616834e-08,7235
720575940618153105,1.1872078220315533e-08,7236
720575940624245436,1.1865414849587804e-08,7237
720575940616166685,1.1861157702739604e-08,7238
720575940619900507,1.1855466739983682e-08,7239
720575940633294796,1.1840027597694372e-08,7240
720575940619397542,1.1829977948630794e-08,7241
720575940628500540,1.1812596493936675e-08,7242
720575940610610990,1.17822054091212e-08,7243
720575940630340474,1.1746116582215462e-08,7244
720575940623986634,1.1745226017762194e-08,7245
720575940624066195,1.1706611199628125e-08,7246
720575940626812218,1.1699501455928246e-08,7247
720575940622910611,1.168555623132486e-08,7248
720575940628020042,1.1673419994819063e-08,7249
720575940617735965,1.1673419994819063e-08,7250
720575940616620433,1.1673419994819063e-08,7251
720575940636804976,1.1673419994819063e-08,7252
720575940637177572,1.1673419994819063e-08,7253
720575940617130129,1.1673419994819063e-08,7254
720575940624313748,1.1673419994819063e-08,7255
720575940618033221,1.1664359626088588e-08,7256
720575940617362392,1.1635580485011192e-08,7257
720575940633206831,1.1633301693318114e-08,7258
720575940619792660,1.163257367873242e-08,7259
720575940623121643,1.1631372594234498e-08,7260
720575940614342762,1.1626499599307224e-08,7261
720575940637623780,1.162581757738215e-08,7262
720575940623437526,1.1598643645812628e-08,7263
720575940622105480,1.1587609215217548e-08,7264
720575940623044103,1.1584997981968862e-08,7265
720575940609547549,1.149113587951439e-08,7266
720575940618005531,1.1490530597830857e-08,7267
720575940622009676,1.1467355564210964e-08,7268
720575940627371834,1.1464622607169501e-08,7269
720575940622670845,1.1456873324210955e-08,7270
720575940631293092,1.1455801412278065e-08,7271
720575940605633824,1.1451960830276547e-08,7272
720575940608893623,1.1445225865214223e-08,7273
720575940614871106,1.1435384021545586e-08,7274
720575940627314088,1.1427903179346331e-08,7275
720575940632122464,1.1423193703533035e-08,7276
720575940635540671,1.142308213075597e-08,7277
720575940623587683,1.1401670996503014e-08,7278
720575940618477806,1.14007222438664e-08,7279
720575940624502269,1.1389913457085147e-08,7280
720575940604531229,1.1389241846548915e-08,7281
720575940611922126,1.1379644570922688e-08,7282
720575940638646480,1.1360462872141636e-08,7283
720575940618847947,1.1358265713206513e-08,7284
720575940612153842,1.1351767069910494e-08,7285
720575940617176321,1.1337020537554173e-08,7286
720575940626263292,1.1331928887821808e-08,7287
720575940622590558,1.133173598097914e-08,7288
720575940636772698,1.1330078794268571e-08,7289
720575940621504255,1.1325803401243713e-08,7290
720575940624684531,1.1301829483579422e-08,7291
720575940622510606,1.1299823574693697e-08,7292
720575940629414201,1.1261554882639011e-08,7293
720575940616505503,1.1258262952851008e-08,7294
720575940630947384,1.1249933333485403e-08,7295
720575940612937834,1.124087919284026e-08,7296
720575940617835313,1.1238090020271444e-08,7297
720575940633143833,1.123715883840729e-08,7298
720575940625934973,1.1235405006871538e-08,7299
720575940617781383,1.1225922944810112e-08,7300
720575940622932297,1.1222320277875889e-08,7301
720575940630357319,1.1188878671957687e-08,7302
720575940608991939,1.1158320100850399e-08,7303
720575940613804259,1.1146536142373113e-08,7304
720575940610494562,1.1130157728192838e-08,7305
720575940633237785,1.1122873768811578e-08,7306
720575940609341809,1.1121624097857676e-08,7307
720575940616850496,1.1118808937752944e-08,7308
720575940617852299,1.111538231778168e-08,7309
720575940602415584,1.1115075356288332e-08,7310
720575940637079407,1.1114217618006666e-08,7311
720575940634096279,1.1111347554725648e-08,7312
720575940625507870,1.1109819116435134e-08,7313
720575940621417421,1.1096549196613956e-08,7314
720575940608212548,1.109488384573524e-08,7315
720575940631948755,1.1090970920764747e-08,7316
720575940643239972,1.1089485133460806e-08,7317
720575940619655616,1.1074084489556546e-08,7318
720575940618233168,1.104610596965248e-08,7319
720575940634726039,1.1043438918219915e-08,7320
720575940624608442,1.0956539218060889e-08,7321
720575940621324996,1.093573104042642e-08,7322
720575940604874208,1.0916142413213132e-08,7323
720575940643120525,1.090669770634928e-08,7324
720575940616017676,1.0887984916688163e-08,7325
720575940617288605,1.0882320549117201e-08,7326
720575940604879025,1.0826891573591897e-08,7327
720575940628392279,1.0817658168309213e-08,7328
720575940621753579,1.0812168516016877e-08,7329
720575940609913042,1.0812120691873156e-08,7330
720575940638677411,1.0787639271984597e-08,7331
720575940630407388,1.07789081794099e-08,7332
720575940618165019,1.0777638831452226e-08,7333
720575940634619759,1.0768261485715946e-08,7334
720575940618267227,1.0733054742917252e-08,7335
720575940638644096,1.0724741437846409e-08,7336
720575940634094271,1.0714906857645721e-08,7337
720575940630921005,1.070547181598709e-08,7338
720575940629355520,1.0685393569145585e-08,7339
720575940656144289,1.0684418310572286e-08,7340
720575940636218340,1.0678067657981632e-08,7341
720575940631023567,1.0666216773769218e-08,7342
720575940633339362,1.0652347015801014e-08,7343
720575940631923304,1.064835928107802e-08,7344
720575940630836280,1.0639351845246447e-08,7345
720575940603924512,1.0626659872506492e-08,7346
720575940615688850,1.0624007867260235e-08,7347
720575940635565816,1.0617964425100814e-08,7348
720575940613531295,1.059946018458489e-08,7349
720575940617937543,1.0582350931177208e-08,7350
720575940625845447,1.0547894992012545e-08,7351
720575940611807923,1.054633491255771e-08,7352
720575940617493597,1.0544874994786374e-08,7353
720575940613194143,1.0541684121240876e-08,7354
720575940612936446,1.0527315910951605e-08,7355
720575940608425227,1.0522988807315639e-08,7356
720575940606683266,1.0518230262344264e-08,7357
720575940629769086,1.05108022287018e-08,7358
720575940617691220,1.0507805053261066e-08,7359
720575940621388276,1.0507805053261066e-08,7360
720575940622721577,1.0507805053261066e-08,7361
720575940624054280,1.0485218208100654e-08,7362
720575940632466784,1.0475331561688413e-08,7363
720575940625044784,1.0469559264327845e-08,7364
720575940623139341,1.0448879719525659e-08,7365
720575940627223614,1.0443814529103487e-08,7366
720575940648708228,1.0422471205502541e-08,7367
720575940631815844,1.0413614975513731e-08,7368
720575940622109466,1.0411915410419971e-08,7369
720575940623497141,1.04055452201375e-08,7370
720575940606776962,1.038785249755532e-08,7371
720575940620698136,1.0385476387960619e-08,7372
720575940631572141,1.0374746559154793e-08,7373
720575940625230366,1.036647216939724e-08,7374
720575940625454108,1.0363763325625607e-08,7375
720575940608904312,1.035773833162592e-08,7376
720575940652128502,1.0352841019603905e-08,7377
720575940622137633,1.0351240729674268e-08,7378
720575940617315189,1.0343167156070326e-08,7379
720575940630201359,1.033592768298604e-08,7380
720575940628339611,1.0335140410064986e-08,7381
720575940635637422,1.0323704812036074e-08,7382
720575940622978823,1.0321086491440444e-08,7383
720575940631370336,1.0318787985884712e-08,7384
720575940632011091,1.0306725147359057e-08,7385
720575940625050686,1.0305597414748508e-08,7386
720575940626347027,1.0297442658804862e-08,7387
720575940606873522,1.0291885039162851e-08,7388
720575940632785951,1.0287467514787016e-08,7389
720575940634379918,1.0274337046079831e-08,7390
720575940635937678,1.025645765849444e-08,7391
720575940636671886,1.0250810176662195e-08,7392
720575940626386025,1.0239182272429511e-08,7393
720575940622457443,1.0232302418646625e-08,7394
720575940621149709,1.0222609832549537e-08,7395
720575940635103001,1.0219574669520093e-08,7396
720575940614035485,1.0217770605358711e-08,7397
720575940635572576,1.0192028363194434e-08,7398
720575940621885957,1.0186469603959838e-08,7399
720575940628996867,1.0160127976851376e-08,7400
720575940625835278,1.0156420504243954e-08,7401
720575940625595696,1.0138162472231621e-08,7402
720575940637896245,1.0135717929748499e-08,7403
720575940629592567,1.0130099586787155e-08,7404
720575940640830453,1.0127652736799778e-08,7405
720575940619440816,1.0118246763980128e-08,7406
720575940616885538,1.0090290102295818e-08,7407
720575940631499843,1.0074641594803632e-08,7408
720575940625132029,1.0072570650066045e-08,7409
720575940623862313,1.0069194390949176e-08,7410
720575940625031403,1.0047883476599147e-08,7411
720575940639201764,1.0039445771046104e-08,7412
720575940622474760,1.0029628875321647e-08,7413
720575940618888246,1.0028392468889383e-08,7414
720575940630806267,1.0015115553267483e-08,7415
720575940618218048,1.0004128259118393e-08,7416
720575940618838292,1.000092773196129e-08,7417
720575940617087828,9.987030939091625e-09,7418
720575940630962280,9.95847596653771e-09,7419
720575940630070343,9.93703020718805e-09,7420
720575940633940947,9.929636857362886e-09,7421
720575940620931312,9.924004953255502e-09,7422
720575940631267655,9.910051337492074e-09,7423
720575940615170758,9.89783264758368e-09,7424
720575940615232217,9.86760042514819e-09,7425
720575940622871540,9.849095819091893e-09,7426
720575940612323025,9.846315660109217e-09,7427
720575940643853256,9.843414417505584e-09,7428
720575940646576436,9.840852929387177e-09,7429
720575940628818023,9.837580860517722e-09,7430
720575940629300736,9.809197872815089e-09,7431
720575940644900643,9.799053874607082e-09,7432
720575940621202701,9.79380371976347e-09,7433
720575940629358807,9.792193336154274e-09,7434
720575940633013355,9.79157320629916e-09,7435
720575940639159029,9.789734732763814e-09,7436
720575940634296986,9.783210513336401e-09,7437
720575940635492276,9.779422082829368e-09,7438
720575940628145393,9.779106712255427e-09,7439
720575940626888250,9.777636735496067e-09,7440
720575940615041064,9.761361300415413e-09,7441
720575940632481849,9.743621461694918e-09,7442
720575940603856352,9.729608518576962e-09,7443
720575940627282279,9.707733749083587e-09,7444
720575940612599574,9.705999852341186e-09,7445
720575940626118552,9.702718913166774e-09,7446
720575940633165980,9.693347629919877e-09,7447
720575940616030870,9.682808480131449e-09,7448
720575940614518338,9.647944363124813e-09,7449
720575940609927141,9.636800322410346e-09,7450
720575940619939188,9.628716731089933e-09,7451
720575940629761017,9.612537401696681e-09,7452
720575940633067807,9.60967374966869e-09,7453
720575940610861554,9.608625270163329e-09,7454
720575940625976409,9.596099841383878e-09,7455
720575940613078993,9.576018475906351e-09,7456
720575940626109982,9.573122513275705e-09,7457
720575940627681406,9.571091453932721e-09,7458
720575940621110464,9.552524587011212e-09,7459
720575940621097949,9.55045538021224e-09,7460
720575940629845303,9.545819621286461e-09,7461
720575940621148799,9.536134374837267e-09,7462
720575940613427198,9.536125022735753e-09,7463
720575940612235747,9.505877775341521e-09,7464
720575940621116073,9.498200599926994e-09,7465
720575940621838571,9.475661336353391e-09,7466
720575940626510169,9.456503065850502e-09,7467
720575940643275812,9.453618380890833e-09,7468
720575940626562409,9.42042707412056e-09,7469
720575940624882471,9.407542938453056e-09,7470
720575940628209152,9.401357161367467e-09,7471
720575940623378646,9.375770416002529e-09,7472
720575940608496196,9.360556326765377e-09,7473
720575940633968045,9.348372728862947e-09,7474
720575940617767937,9.34238873759656e-09,7475
720575940625035022,9.336048228531304e-09,7476
720575940624607076,9.333439602487897e-09,7477
720575940614281266,9.317290843397913e-09,7478
720575940609691075,9.299749852871329e-09,7479
720575940631067868,9.292806107780663e-09,7480
720575940614768168,9.288285235457304e-09,7481
720575940605704550,9.282090840937462e-09,7482
720575940625622354,9.259422538106816e-09,7483
720575940616324130,9.251102012328603e-09,7484
720575940617575803,9.231435300446909e-09,7485
720575940630141487,9.22577112949052e-09,7486
720575940614273292,9.217633280095752e-09,7487
720575940631319144,9.21196384120186e-09,7488
720575940612469782,9.197159981795385e-09,7489
720575940626435850,9.195985956515352e-09,7490
720575940632095628,9.169086846002391e-09,7491
720575940626269033,9.162244821227519e-09,7492
720575940612498129,9.152074897796995e-09,7493
720575940626166936,9.149447481394066e-09,7494
720575940612422002,9.147328608341817e-09,7495
720575940628825210,9.144657176867155e-09,7496
720575940614147701,9.143229892042278e-09,7497
720575940625932421,9.130419378142053e-09,7498
720575940627732423,9.118512158035586e-09,7499
720575940645774900,9.09341766251784e-09,7500
720575940627590266,9.081196279199741e-09,7501
720575940634599650,9.065790314661764e-09,7502
720575940629125996,9.062857006865203e-09,7503
720575940618769718,9.061082824109262e-09,7504
720575940637602650,9.048799637947535e-09,7505
720575940633228103,9.039189023331231e-09,7506
720575940631018031,9.028998943600927e-09,7507
720575940611876338,9.026255599576228e-09,7508
720575940619249031,9.012795127132118e-09,7509
720575940632638495,8.990350115492172e-09,7510
720575940629911595,8.986041872512393e-09,7511
720575940615133789,8.981254172365336e-09,7512
720575940630640804,8.975262496010004e-09,7513
720575940638280270,8.961694579477278e-09,7514
720575940626883483,8.954102205008471e-09,7515
720575940638726717,8.948737490174021e-09,7516
720575940632476371,8.944646967903275e-09,7517
720575940618172509,8.937784681483212e-09,7518
720575940627000363,8.93769843414637e-09,7519
720575940618723749,8.917608173160864e-09,7520
720575940606722249,8.915094164941046e-09,7521
720575940616873821,8.914590592523451e-09,7522
720575940626570648,8.906727186065917e-09,7523
720575940618888368,8.898744123619077e-09,7524
720575940629870843,8.867575394937712e-09,7525
720575940639094589,8.865804172582025e-09,7526
720575940630015084,8.830811422404522e-09,7527
720575940622198230,8.828807151229149e-09,7528
720575940636880959,8.826897391329025e-09,7529
720575940619696731,8.821529691875505e-09,7530
720575940620299617,8.821293858789858e-09,7531
720575940620946957,8.818699561062813e-09,7532
720575940624915230,8.803646229923017e-09,7533
720575940612344490,8.800896017112911e-09,7534
720575940639972816,8.799040996208882e-09,7535
720575940631368544,8.798487917284834e-09,7536
720575940620731380,8.783349375349272e-09,7537
720575940630122015,8.771276586877322e-09,7538
720575940630564179,8.757675543889464e-09,7539
720575940644166048,8.744397742539174e-09,7540
720575940616871878,8.734027866921277e-09,7541
720575940609825033,8.730230844116702e-09,7542
720575940641592795,8.655384146392774e-09,7543
720575940637376740,8.61852735065055e-09,7544
720575940623158601,8.614515006842816e-09,7545
720575940629211607,8.60441830569993e-09,7546
720575940607651083,8.598017284249514e-09,7547
720575940620521350,8.589324289605088e-09,7548
720575940626520305,8.585375020683887e-09,7549
720575940624199182,8.574638586099173e-09,7550
720575940622204925,8.566797360855995e-09,7551
720575940611077188,8.557746604388847e-09,7552
720575940623004552,8.553785930932788e-09,7553
720575940611270257,8.549354896060202e-09,7554
720575940659832705,8.531992889532373e-09,7555
720575940617546641,8.53039985301937e-09,7556
720575940622199977,8.522720008312285e-09,7557
720575940628059978,8.507797099534945e-09,7558
720575940624061336,8.50305973724134e-09,7559
720575940617186305,8.495390836594619e-09,7560
720575940627467779,8.493286463921908e-09,7561
720575940613816726,8.481734344854162e-09,7562
720575940613419695,8.474738893376433e-09,7563
720575940611734370,8.45876934702177e-09,7564
720575940640678352,8.44940601935952e-09,7565
720575940628942586,8.432866700358496e-09,7566
720575940636350565,8.413208064107817e-09,7567
720575940631205580,8.404616756803695e-09,7568
720575940635739504,8.404616756803695e-09,7569
720575940630597177,8.404616756803695e-09,7570
720575940607152476,8.404616756803695e-09,7571
720575940620699162,8.404616756803695e-09,7572
720575940630494795,8.389672148502791e-09,7573
720575940627247802,8.386902005981432e-09,7574
720575940633221090,8.353665225653975e-09,7575
720575940631458529,8.351708339237692e-09,7576
720575940621431247,8.336860056098754e-09,7577
720575940624473575,8.325783320107952e-09,7578
720575940622723110,8.320205126224908e-09,7579
720575940632414615,8.317339886741532e-09,7580
720575940619663239,8.312011315336437e-09,7581
720575940628428860,8.295316494217504e-09,7582
720575940617181185,8.2879045902249e-09,7583
720575940627737900,8.283982755857599e-09,7584
720575940630225403,8.27004687164539e-09,7585
720575940625800841,8.264686016077796e-09,7586
720575940625941022,8.246268059856583e-09,7587
720575940613793022,8.236516647619267e-09,7588
720575940642308132,8.232888275877452e-09,7589
720575940622997759,8.232660362570123e-09,7590
720575940619899014,8.232365563703228e-09,7591
720575940626016017,8.219482706551584e-09,7592
720575940621375231,8.219482706551584e-09,7593
720575940610683315,8.219482706551584e-09,7594
720575940644909347,8.21235406007953e-09,7595
720575940619720129,8.205899882518905e-09,7596
720575940618574566,8.200943769824609e-09,7597
720575940626745387,8.197162989945158e-09,7598
720575940613303471,8.191532193295155e-09,7599
720575940612339123,8.190877113051935e-09,7600
720575940612642730,8.1827268692528e-09,7601
720575940620916229,8.18194047412522e-09,7602
720575940622681889,8.179093478230386e-09,7603
720575940627690246,8.177842370681794e-09,7604
720575940619931119,8.177842370681794e-09,7605
720575940609032824,8.174999383388713e-09,7606
720575940623011622,8.122647624715744e-09,7607
720575940610766456,8.116672681279467e-09,7608
720575940621817326,8.115484334059015e-09,7609
720575940622371765,8.101091595835937e-09,7610
720575940628577388,8.100643044505187e-09,7611
720575940629511174,8.096878756506239e-09,7612
720575940639649094,8.087803316555232e-09,7613
720575940614604962,8.081122424670796e-09,7614
720575940616470796,8.06723614602115e-09,7615
720575940623468873,8.023239233920073e-09,7616
720575940626083356,8.019381948348741e-09,7617
720575940623984677,7.996048012552202e-09,7618
720575940635437560,7.991000839038981e-09,7619
720575940633168012,7.984233999547295e-09,7620
720575940626049098,7.96886234205387e-09,7621
720575940624770540,7.967330267393136e-09,7622
720575940645382691,7.961038015360727e-09,7623
720575940623465963,7.954465619446625e-09,7624
720575940610901989,7.949997868440245e-09,7625
720575940621441304,7.93684857311556e-09,7626
720575940629017591,7.928404231760197e-09,7627
720575940609522461,7.914889033183916e-09,7628
720575940637356614,7.912809093556263e-09,7629
720575940614612374,7.911827050331597e-09,7630
720575940626177768,7.9072826679734e-09,7631
720575940644704160,7.887939162613008e-09,7632
720575940627685864,7.886090982273034e-09,7633
720575940627490052,7.886090982273034e-09,7634
720575940630927691,7.886090982273034e-09,7635
720575940609665400,7.882264872386556e-09,7636
720575940612858586,7.875186117641848e-09,7637
720575940635229303,7.86655195045957e-09,7638
720575940614454870,7.856478147589899e-09,7639
720575940621572890,7.853208670864703e-09,7640
720575940626510869,7.850506292078292e-09,7641
720575940626671016,7.843397011488838e-09,7642
720575940619144987,7.83872687851372e-09,7643
720575940626099729,7.827493227894853e-09,7644
720575940630462172,7.822803442756865e-09,7645
720575940637321646,7.818217726869247e-09,7646
720575940611563310,7.798382883853665e-09,7647
720575940630960911,7.79580280287115e-09,7648
720575940617799253,7.788018192721435e-09,7649
720575940635513524,7.787541692504942e-09,7650
720575940619059102,7.772161168789887e-09,7651
720575940639195625,7.76848415108815e-09,7652
720575940625499914,7.760919614432417e-09,7653
720575940625053773,7.753333441680636e-09,7654
720575940612000022,7.743547281349879e-09,7655
720575940618388614,7.740791684974035e-09,7656
720575940626682682,7.732187377213702e-09,7657
720575940633589240,7.715574785355652e-09,7658
720575940640770805,7.705685555711594e-09,7659
720575940613221928,7.692018202775657e-09,7660
720575940616671813,7.677505858756191e-09,7661
720575940610612850,7.675300879722313e-09,7662
720575940622835947,7.674755178053235e-09,7663
720575940623404541,7.662995559379459e-09,7664
720575940622616102,7.661324213890656e-09,7665
720575940617558246,7.656151485524335e-09,7666
720575940622263821,7.653909233398338e-09,7667
720575940618590262,7.653909233398338e-09,7668
720575940606656434,7.653909233398338e-09,7669
720575940630291062,7.653909233398338e-09,7670
720575940611910898,7.653909233398338e-09,7671
720575940610022264,7.653909233398338e-09,7672
720575940619553877,7.653909233398338e-09,7673
720575940615335458,7.644636119391635e-09,7674
720575940622050328,7.642459559782723e-09,7675
720575940627969359,7.63821578083827e-09,7676
720575940626456582,7.636063558449082e-09,7677
720575940623649560,7.607173234511964e-09,7678
720575940620896937,7.60484280052548e-09,7679
720575940621761729,7.580459247804172e-09,7680
720575940621620229,7.579680979153472e-09,7681
720575940650885497,7.575142721557674e-09,7682
720575940635149198,7.57080239610202e-09,7683
720575940638557312,7.568739589184977e-09,7684
720575940617440029,7.568022603034147e-09,7685
720575940631779532,7.55627803250162e-09,7686
720575940627806992,7.554559556103613e-09,7687
720575940615217676,7.511968373023423e-09,7688
720575940622330582,7.502205055843968e-09,7689
720575940616413509,7.487908114803273e-09,7690
720575940629630679,7.486457781214929e-09,7691
720575940624943800,7.485293822033716e-09,7692
720575940631397549,7.476660584177758e-09,7693
720575940613258221,7.469208579311013e-09,7694
720575940631381212,7.468212518170696e-09,7695
720575940633324627,7.463810437920243e-09,7696
720575940619659861,7.446212727701062e-09,7697
720575940610715746,7.4364482991766e-09,7698
720575940634076095,7.4364482991766e-09,7699
720575940615700274,7.4364482991766e-09,7700
720575940620070827,7.426699352901414e-09,7701
720575940623226061,7.417737454204883e-09,7702
720575940611788970,7.377324228789727e-09,7703
720575940625866789,7.376958852703438e-09,7704
720575940624417002,7.366230144482834e-09,7705
720575940616052549,7.351831851494917e-09,7706
720575940622972259,7.347803054616431e-09,7707
720575940616878523,7.3444917514876155e-09,7708
720575940621857133,7.343272611202172e-09,7709
720575940615950453,7.338923579306092e-09,7710
720575940623899082,7.314972168882125e-09,7711
720575940632767383,7.299842645454255e-09,7712
720575940631619948,7.299814595707001e-09,7713
720575940611018865,7.287817434142104e-09,7714
720575940610481370,7.283142829514091e-09,7715
720575940610615013,7.257375682012128e-09,7716
720575940614128691,7.257185266226716e-09,7717
720575940622271684,7.25046285806324e-09,7718
720575940613262259,7.2468790624722704e-09,7719
720575940610156697,7.242464609762118e-09,7720
720575940623000858,7.239449623602357e-09,7721
720575940630001884,7.234667976887069e-09,7722
720575940617602183,7.2193939152352845e-09,7723
720575940637377764,7.215308578175066e-09,7724
720575940627617944,7.21443857771973e-09,7725
720575940610524339,7.212244004056214e-09,7726
720575940613828202,7.187802752223989e-09,7727
720575940636751717,7.1806913826252226e-09,7728
720575940603616800,7.164738390087359e-09,7729
720575940626472979,7.154032601999017e-09,7730
720575940620918443,7.140465176466107e-09,7731
720575940611504370,7.13929266782846e-09,7732
720575940625991043,7.121338762752508e-09,7733
720575940629390666,7.1208333707768475e-09,7734
720575940626625822,7.115985537150045e-09,7735
720575940605102694,7.100296095011455e-09,7736
720575940612093938,7.099267781278261e-09,7737
720575940614383978,7.097819241614273e-09,7738
720575940619421311,7.093456983591977e-09,7739
720575940626685962,7.08415639832187e-09,7740
720575940620258913,7.0718274247006545e-09,7741
720575940617143124,7.070459239335043e-09,7742
720575940619349077,7.0568560555085005e-09,7743
720575940618220480,7.046590484946358e-09,7744
720575940617612518,7.03978981948987e-09,7745
720575940626931708,7.024649275145327e-09,7746
720575940605161388,7.023403862502728e-09,7747
720575940611671506,7.005523420244646e-09,7748
720575940615625053,6.981942211236172e-09,7749
720575940620565313,6.976473091969972e-09,7750
720575940613825650,6.973849176762802e-09,7751
720575940621569293,6.97305499930175e-09,7752
720575940624016227,6.964516642694212e-09,7753
720575940629861163,6.948950418630328e-09,7754
720575940626844218,6.946380204049384e-09,7755
720575940645391748,6.941711335217862e-09,7756
720575940621331405,6.937568417416321e-09,7757
720575940634695263,6.9204087830713655e-09,7758
720575940615926796,6.901735146145227e-09,7759
720575940635768895,6.879050276355141e-09,7760
720575940614914107,6.87529859639778e-09,7761
720575940628160617,6.8737666042356496e-09,7762
720575940632458514,6.843052289268546e-09,7763
720575940621917645,6.835923923295533e-09,7764
720575940621060705,6.832665839319588e-09,7765
720575940619269029,6.8323196025733156e-09,7766
720575940609543197,6.826449852232399e-09,7767
720575940612162769,6.817704277346684e-09,7768
720575940629666971,6.800814848851976e-09,7769
720575940639375182,6.794050739219135e-09,7770
720575940627283756,6.790729366555148e-09,7771
720575940652562081,6.769489037742881e-09,7772
720575940619856222,6.73975640915546e-09,7773
720575940616964509,6.73771705261376e-09,7774
720575940622478349,6.7188153652834e-09,7775
720575940630810159,6.702407774360055e-09,7776
720575940633328026,6.697468427270163e-09,7777
720575940630744019,6.696331906974154e-09,7778
720575940629595633,6.687313322193435e-09,7779
720575940604781158,6.67744306351226e-09,7780
720575940628659650,6.65544226083822e-09,7781
720575940636539102,6.646740220899344e-09,7782
720575940603331686,6.6459562269255525e-09,7783
720575940606636210,6.630419388406265e-09,7784
720575940645032068,6.615174387036642e-09,7785
720575940628378378,6.611968420233824e-09,7786
720575940630995799,6.607750284950081e-09,7787
720575940618420417,6.60540927822834e-09,7788
720575940618847691,6.592325116798847e-09,7789
720575940633787309,6.592078563137899e-09,7790
720575940630311528,6.576926747404941e-09,7791
720575940618234704,6.570367321450584e-09,7792
720575940620451866,6.564106004727416e-09,7793
720575940632342611,6.547926232906986e-09,7794
720575940623225525,6.539270902405362e-09,7795
720575940623485960,6.52730179136767e-09,7796
720575940632361111,6.5050847617626315e-09,7797
720575940635040357,6.503423869449783e-09,7798
720575940640205952,6.499634966528267e-09,7799
720575940644682952,6.488020711535854e-09,7800
720575940640597901,6.480961615466983e-09,7801
720575940614010274,6.471401371106744e-09,7802
720575940620179553,6.459620066986554e-09,7803
720575940654562209,6.453223346746253e-09,7804
720575940634660833,6.442577120935121e-09,7805
720575940628338028,6.4421251334461945e-09,7806
720575940621588139,6.425307422441132e-09,7807
720575940642820119,6.41063117216098e-09,7808
720575940639817947,6.406350933763174e-09,7809
720575940631271993,6.405327911023789e-09,7810
720575940629371960,6.3786638979782945e-09,7811
720575940619235920,6.373511562436286e-09,7812
720575940620351691,6.3730812718416764e-09,7813
720575940630447353,6.370404017268803e-09,7814
720575940617348379,6.370031863776665e-09,7815
720575940636731199,6.369053311863433e-09,7816
720575940627649641,6.330092090590875e-09,7817
720575940616449858,6.321788231850075e-09,7818
720575940618214966,6.301013746468411e-09,7819
720575940640649691,6.294506682178772e-09,7820
720575940628599895,6.290227925869947e-09,7821
720575940617642832,6.286062174951186e-09,7822
720575940619740550,6.2855721555217095e-09,7823
720575940628101126,6.278769784846171e-09,7824
720575940627775943,6.2720881285500576e-09,7825
720575940633161497,6.2571355051581845e-09,7826
720575940621823073,6.254472296967574e-09,7827
720575940642962286,6.244340204008337e-09,7828
720575940615871967,6.241624816818802e-09,7829
720575940610846306,6.241121167869548e-09,7830
720575940610396258,6.234333117561162e-09,7831
720575940625006480,6.1955841765711095e-09,7832
720575940635520101,6.177326584875386e-09,7833
720575940626104522,6.156923059779805e-09,7834
720575940625797617,6.148845532727606e-09,7835
720575940627427015,6.140376377342457e-09,7836
720575940610079857,6.135177875171812e-09,7837
720575940623377596,6.134364066025679e-09,7838
720575940620888897,6.127928528893989e-09,7839
720575940644064968,6.124488313254706e-09,7840
720575940620380073,6.120436664848578e-09,7841
720575940630945335,6.115242263490313e-09,7842
720575940619571614,6.105608907013628e-09,7843
720575940623883815,6.09057533480079e-09,7844
720575940607672003,6.087405799351527e-09,7845
720575940615059752,6.079645595887053e-09,7846
720575940621308341,6.05434168170876e-09,7847
720575940630587167,6.040113480444398e-09,7848
720575940634460055,6.033209313590759e-09,7849
720575940616534338,6.015667812332843e-09,7850
720575940630052546,6.003076733164549e-09,7851
720575940627359228,6.000467407044035e-09,7852
720575940623126419,5.995124153944044e-09,7853
720575940628156154,5.986698226195156e-09,7854
720575940631367776,5.973797948573e-09,7855
720575940616471052,5.946611270693076e-09,7856
720575940629650997,5.940941606702683e-09,7857
720575940610665934,5.939483911543212e-09,7858
720575940625477721,5.939061751165264e-09,7859
720575940612792830,5.933249850249006e-09,7860
720575940620555696,5.931309807627599e-09,7861
720575940619479979,5.930175870916836e-09,7862
720575940624096235,5.923004172232328e-09,7863
720575940631899223,5.9133969407711034e-09,7864
720575940603464672,5.912855894759315e-09,7865
720575940628552247,5.904527491344088e-09,7866
720575940620677336,5.9037582569858514e-09,7867
720575940620937897,5.902250053263459e-09,7868
720575940630969051,5.894061530598974e-09,7869
720575940643651784,5.891212399185048e-09,7870
720575940624911548,5.8911616482291336e-09,7871
720575940623867911,5.8830165460592015e-09,7872
720575940616083345,5.857689651890602e-09,7873
720575940617106994,5.8574306944736526e-09,7874
720575940615934069,5.847749156055612e-09,7875
720575940629921067,5.838312905487754e-09,7876
720575940627580460,5.83195613461876e-09,7877
720575940622705415,5.8267622067539315e-09,7878
720575940621195290,5.826079810990223e-09,7879
720575940631295506,5.815511272406252e-09,7880
720575940626015640,5.8112507291467184e-09,7881
720575940604352172,5.8109273186538715e-09,7882
720575940642399648,5.808231019138041e-09,7883
720575940614791786,5.787579312409322e-09,7884
720575940625906088,5.780700461025818e-09,7885
720575940622312447,5.770151826153512e-09,7886
720575940617083404,5.759068778427269e-09,7887
720575940628762618,5.756494583180374e-09,7888
720575940613469545,5.751368920323696e-09,7889
720575940619668741,5.7513358563771225e-09,7890
720575940635634533,5.7472668052115646e-09,7891
720575940630049617,5.741161299127849e-09,7892
720575940614445983,5.731970587386928e-09,7893
720575940630949203,5.728502482194309e-09,7894
720575940640885411,5.726945299964856e-09,7895
720575940613257267,5.714034880555983e-09,7896
720575940651198710,5.702393655974488e-09,7897
720575940621317381,5.693999946463565e-09,7898
720575940632740397,5.6935395839994095e-09,7899
720575940631338271,5.691155141581204e-09,7900
720575940628174848,5.684570974490124e-09,7901
720575940629598935,5.681790165456976e-09,7902
720575940630530635,5.667601578381869e-09,7903
720575940624528740,5.662229730784565e-09,7904
720575940630594066,5.65378692179078e-09,7905
720575940627349860,5.652243572620445e-09,7906
720575940616611382,5.65027533395186e-09,7907
720575940617025793,5.649705843680074e-09,7908
720575940618636086,5.634487198488258e-09,7909
720575940637087599,5.624437435635537e-09,7910
720575940641359776,5.619161550000643e-09,7911
720575940610788069,5.605818837858792e-09,7912
720575940638235957,5.599574539222541e-09,7913
720575940620635747,5.587626029909704e-09,7914
720575940604196064,5.5809815833437245e-09,7915
720575940639649350,5.566136664969158e-09,7916
720575940638128474,5.551465662685251e-09,7917
720575940635767642,5.54872194625245e-09,7918
720575940624511120,5.54533728225319e-09,7919
720575940617181725,5.544661929148812e-09,7920
720575940622825736,5.544661929148812e-09,7921
720575940628267259,5.544028096660177e-09,7922
720575940620055617,5.5404110877814826e-09,7923
720575940608292361,5.539597726255742e-09,7924
720575940628979218,5.5215653378183636e-09,7925
720575940609486690,5.5151552910794344e-09,7926
720575940625232677,5.510622179957069e-09,7927
720575940645451300,5.502729773001913e-09,7928
720575940617239197,5.4840442078017604e-09,7929
720575940623169313,5.465685469742596e-09,7930
720575940623013564,5.459591499944354e-09,7931
720575940624126768,5.459022455331968e-09,7932
720575940624015543,5.447565313343929e-09,7933
720575940631787693,5.445442072107354e-09,7934
720575940633919992,5.441013799225799e-09,7935
720575940645742884,5.432320219613408e-09,7936
720575940612564135,5.397735296837436e-09,7937
720575940619263937,5.396640552555657e-09,7938
720575940612804606,5.3950542864692455e-09,7939
720575940611920365,5.362266101631161e-09,7940
720575940634675045,5.361041639565028e-09,7941
720575940612277090,5.3410893290228684e-09,7942
720575940625897572,5.315588653075819e-09,7943
720575940616843403,5.3073575021654255e-09,7944
720575940611050649,5.292182032866075e-09,7945
720575940629499130,5.271765117501422e-09,7946
720575940611137742,5.2498256135225705e-09,7947
720575940634283616,5.2413944712648395e-09,7948
720575940626870846,5.233671278248882e-09,7949
720575940625056509,5.232166570023299e-09,7950
720575940614582946,5.226905035743136e-09,7951
720575940604804030,5.221144310782225e-09,7952
720575940618176379,5.217798804164212e-09,7953
720575940639137845,5.211690424977362e-09,7954
720575940627642818,5.210026703300969e-09,7955
720575940615624994,5.200505485979254e-09,7956
720575940621391484,5.200000188732514e-09,7957
720575940623290957,5.197641514142378e-09,7958
720575940634181020,5.197445921341629e-09,7959
720575940617586757,5.192740459396425e-09,7960
720575940630158140,5.182200218641287e-09,7961
720575940620217582,5.173129165476355e-09,7962
720575940616098354,5.166883525533982e-09,7963
720575940623788040,5.166722760344399e-09,7964
720575940637046158,5.16354202526911e-09,7965
720575940621586854,5.159869963944743e-09,7966
720575940613791399,5.156287710319202e-09,7967
720575940610474610,5.146113041938028e-09,7968
720575940615406590,5.1360879635454866e-09,7969
720575940626745487,5.119712443333331e-09,7970
720575940615390119,5.1196397163604445e-09,7971
720575940623304906,5.09936807065882e-09,7972
720575940630912975,5.089581516642813e-09,7973
720575940626988574,5.086207772418897e-09,7974
720575940626650890,5.081615391366236e-09,7975
720575940620986022,5.079727343810389e-09,7976
720575940615436893,5.077852384436609e-09,7977
720575940616176571,5.066283212320114e-09,7978
720575940622545546,5.060568714790125e-09,7979
720575940614167483,5.056293557365879e-09,7980
720575940607037707,5.050590605632383e-09,7981
720575940624486548,5.043635284216456e-09,7982
720575940620550534,5.039436833713049e-09,7983
720575940610668697,5.038213380640122e-09,7984
720575940633179852,5.027234345059583e-09,7985
720575940630673483,4.995375936176508e-09,7986
720575940631996108,4.9487648559394724e-09,7987
720575940631200327,4.942989695530612e-09,7988
720575940622331882,4.926460434270183e-09,7989
720575940613934965,4.916803600599869e-09,7990
720575940604241510,4.905012310500682e-09,7991
720575940637054835,4.879501889174989e-09,7992
720575940623925774,4.8661146215218595e-09,7993
720575940622671437,4.8539298410127504e-09,7994
720575940615377041,4.8523720421370946e-09,7995
720575940616268317,4.84744180514728e-09,7996
720575940614416746,4.845849824461317e-09,7997
720575940622932487,4.83851294653325e-09,7998
720575940613185587,4.836539642199639e-09,7999
720575940619637056,4.823740436849639e-09,8000
720575940612010961,4.823361983091432e-09,8001
720575940629975799,4.818351128537062e-09,8002
720575940659479937,4.808355516574688e-09,8003
720575940634981806,4.807958468779272e-09,8004
720575940621298270,4.794954831375604e-09,8005
720575940622920074,4.794954831375604e-09,8006
720575940622910188,4.783317621535183e-09,8007
720575940641593051,4.781979858003547e-09,8008
720575940641606541,4.781979858003547e-09,8009
720575940635515572,4.761756659447998e-09,8010
720575940621388969,4.754487476099661e-09,8011
720575940611475698,4.748151244038307e-09,8012
720575940648648068,4.7481116509340546e-09,8013
720575940626200457,4.7459237021204846e-09,8014
720575940606228233,4.74559204242353e-09,8015
720575940605876866,4.744773559909749e-09,8016
720575940628034044,4.7445364715139825e-09,8017
720575940636785205,4.738892232808933e-09,8018
720575940629329602,4.737313856932164e-09,8019
720575940633938349,4.727814894439972e-09,8020
720575940606056905,4.727814894439972e-09,8021
720575940630183286,4.727814894439972e-09,8022
720575940612732146,4.725039575361734e-09,8023
720575940622314339,4.724755814503843e-09,8024
720575940627004459,4.7225849760015685e-09,8025
720575940622865084,4.719741305393315e-09,8026
720575940628606713,4.719676808007113e-09,8027
720575940623772564,4.713782392277474e-09,8028
720575940617160251,4.71179092285608e-09,8029
720575940618881995,4.708414262640474e-09,8030
720575940628941307,4.707340783157448e-09,8031
720575940614214883,4.705832870691868e-09,8032
720575940608042332,4.700553405893213e-09,8033
720575940637418549,4.693380728302698e-09,8034
720575940638666473,4.693186749988461e-09,8035
720575940628358533,4.687465337667878e-09,8036
720575940611157746,4.684182301650464e-09,8037
720575940638124147,4.6636606889195805e-09,8038
720575940631367264,4.660069735052033e-09,8039
720575940634144180,4.653522001202198e-09,8040
720575940647832185,4.6532509983395335e-09,8041
720575940622457641,4.649306923158889e-09,8042
720575940629055721,4.64747135578056e-09,8043
720575940622688765,4.630358811920143e-09,8044
720575940620443162,4.622236483027158e-09,8045
720575940628603356,4.620588037084487e-09,8046
720575940623024909,4.606521668296845e-09,8047
720575940635510196,4.5952188337798255e-09,8048
720575940637368286,4.594039823356812e-09,8049
720575940604725606,4.5839253895192065e-09,8050
720575940622293227,4.583817480308362e-09,8051
720575940625988751,4.58318304418911e-09,8052
720575940621814049,4.5815825631953665e-09,8053
720575940615570662,4.57242801752788e-09,8054
720575940610296622,4.571628192803634e-09,8055
720575940622200233,4.571628192803634e-09,8056
720575940624471373,4.569122114327814e-09,8057
720575940618833840,4.5655790463810385e-09,8058
720575940639332736,4.565485784356963e-09,8059
720575940611897837,4.56507028216441e-09,8060
720575940637140294,4.559508064320923e-09,8061
720575940629510338,4.558204701833531e-09,8062
720575940628891863,4.556788254781898e-09,8063
720575940619952725,4.5538889363730795e-09,8064
720575940627737365,4.553741344250388e-09,8065
720575940632772456,4.546920386838859e-09,8066
720575940634866586,4.540756231607693e-09,8067
720575940616466805,4.537971538054528e-09,8068
720575940615684582,4.526407479432767e-09,8069
720575940638243645,4.5193524675806755e-09,8070
720575940638019184,4.5139569895988336e-09,8071
720575940630881337,4.506251209226153e-09,8072
720575940620696024,4.504613198409384e-09,8073
720575940629642693,4.485810899905119e-09,8074
720575940626630641,4.472845775774442e-09,8075
720575940630772547,4.4723909350603216e-09,8076
720575940630904567,4.470574409097414e-09,8077
720575940621729757,4.464760538992061e-09,8078
720575940621656541,4.458669949047164e-09,8079
720575940629531095,4.455783547643655e-09,8080
720575940610801250,4.4408454465106745e-09,8081
720575940625204301,4.435547663054105e-09,8082
720575940626916936,4.434746835626967e-09,8083
720575940607845250,4.434533042416414e-09,8084
720575940613527789,4.429650244519431e-09,8085
720575940616483284,4.429392909617752e-09,8086
720575940623857300,4.4200647310604045e-09,8087
720575940630882039,4.419646739253171e-09,8088
720575940631367520,4.4113365008393785e-09,8089
720575940613414297,4.4065173252317e-09,8090
720575940617947412,4.406007327468422e-09,8091
720575940624394317,4.4008365102356404e-09,8092
720575940623787495,4.384232618259502e-09,8093
720575940625775336,4.382699242821668e-09,8094
720575940626855529,4.379691144023262e-09,8095
720575940606756030,4.37909962059569e-09,8096
720575940628962407,4.3787178128893674e-09,8097
720575940628539735,4.377365907576297e-09,8098
720575940634857583,4.373268082975469e-09,8099
720575940613943413,4.371300744427693e-09,8100
720575940632891961,4.371144804538819e-09,8101
720575940631742156,4.366745252009734e-09,8102
720575940618769153,4.361255300064923e-09,8103
720575940620065694,4.3598010125704695e-09,8104
720575940616479121,4.3554981498714494e-09,8105
720575940621103743,4.351607978624289e-09,8106
720575940624251135,4.349736222364978e-09,8107
720575940632769180,4.341524759416818e-09,8108
720575940628005245,4.3313025142889666e-09,8109
720575940627498152,4.3275087363745665e-09,8110
720575940616738171,4.324316063319932e-09,8111
720575940625136421,4.3215358551948835e-09,8112
720575940621061545,4.2908966611134705e-09,8113
720575940613588246,4.290651011029478e-09,8114
720575940603720294,4.287304824385009e-09,8115
720575940636186736,4.286416197668569e-09,8116
720575940625728089,4.279323179267105e-09,8117
720575940627265265,4.267208781921231e-09,8118
720575940633305681,4.240331020101098e-09,8119
720575940626472721,4.234996155248254e-09,8120
720575940613817110,4.2262474266641525e-09,8121
720575940626378242,4.224239570132074e-09,8122
720575940622123144,4.214589598107945e-09,8123
720575940622166998,4.210612276465804e-09,8124
720575940608029707,4.208723166416123e-09,8125
720575940616040587,4.202816447607626e-09,8126
720575940634115775,4.201571900013208e-09,8127
720575940619686208,4.186151917185049e-09,8128
720575940631191367,4.1784756926691214e-09,8129
720575940626741962,4.176850702214481e-09,8130
720575940624950078,4.166151708682483e-09,8131
720575940616063291,4.15726005127837e-09,8132
720575940625894799,4.138372177805632e-09,8133
720575940629414987,4.138372177805632e-09,8134
720575940622185430,4.1301869850357804e-09,8135
720575940624017251,4.127587801377602e-09,8136
720575940624436580,4.12617051958892e-09,8137
720575940618787099,4.1236269561788105e-09,8138
720575940628039034,4.119267573616785e-09,8139
720575940637355839,4.117976769832418e-09,8140
720575940620177543,4.113363152820052e-09,8141
720575940628998396,4.090739841188637e-09,8142
720575940654929057,4.0852663950299585e-09,8143
720575940624533956,4.082744939761484e-09,8144
720575940629964591,4.081767042170021e-09,8145
720575940620664675,4.0785202160560924e-09,8146
720575940622319715,4.0727643449308375e-09,8147
720575940629792732,4.061815844585863e-09,8148
720575940631799343,4.028669272175773e-09,8149
720575940634356831,4.008340556382316e-09,8150
720575940614734829,4.000610077314526e-09,8151
720575940648341113,3.99393045288552e-09,8152
720575940632243019,3.9862816540461404e-09,8153
720575940626666066,3.985259562989732e-09,8154
720575940624664468,3.984863329331313e-09,8155
720575940637570869,3.982359641149838e-09,8156
720575940620595883,3.9786671496977095e-09,8157
720575940627303699,3.9786671496977095e-09,8158
720575940629712640,3.977692032717889e-09,8159
720575940618800225,3.9709495706110025e-09,8160
720575940625489978,3.948660320551147e-09,8161
720575940613641915,3.936557613126132e-09,8162
720575940627744143,3.933626593860538e-09,8163
720575940626403917,3.921432409028241e-09,8164
720575940624683152,3.9025334379457124e-09,8165
720575940630665210,3.892558042459708e-09,8166
720575940638636533,3.8879195739448826e-09,8167
720575940630539023,3.8809077099291656e-09,8168
720575940616117179,3.874871618672834e-09,8169
720575940615303391,3.8600863998964715e-09,8170
720575940616497477,3.8477859714261645e-09,8171
720575940617663537,3.845312395830261e-09,8172
720575940619819802,3.84382586781347e-09,8173
720575940608390446,3.841461274826783e-09,8174
720575940617770043,3.841092019580615e-09,8175
720575940622076680,3.832317890509169e-09,8176
720575940644045335,3.81918152127761e-09,8177
720575940618709371,3.816134483471497e-09,8178
720575940641339611,3.816134483471497e-09,8179
720575940632880173,3.816134483471497e-09,8180
720575940620585942,3.815866204828372e-09,8181
720575940625989904,3.810892258536554e-09,8182
720575940622397075,3.809264536514022e-09,8183
720575940617801499,3.802710992501394e-09,8184
720575940626452120,3.802310465595361e-09,8185
720575940612477235,3.793569518115193e-09,8186
720575940622699196,3.771739122218637e-09,8187
720575940614363363,3.764472691988481e-09,8188
720575940609253956,3.759921290653294e-09,8189
720575940623960126,3.754332264056947e-09,8190
720575940611134833,3.750901262361705e-09,8191
720575940633212441,3.748225884954386e-09,8192
720575940639083648,3.745752627594172e-09,8193
720575940608455875,3.745225536730089e-09,8194
720575940622700201,3.739506624695924e-09,8195
720575940622606106,3.736296828158948e-09,8196
720575940627469041,3.7200424044700545e-09,8197
720575940630586711,3.7188488516345125e-09,8198
720575940615575007,3.716698810203407e-09,8199
720575940605007136,3.714283550656341e-09,8200
720575940627654677,3.7125802328970467e-09,8201
720575940623401128,3.710028791023276e-09,8202
720575940630140119,3.706137910174862e-09,8203
720575940616012518,3.7003670001085004e-09,8204
720575940619128699,3.6998202798894595e-09,8205
720575940616197819,3.6944679354980644e-09,8206
720575940617889915,3.665554865201342e-09,8207
720575940613609484,3.6596733005339573e-09,8208
720575940649229433,3.65662112018629e-09,8209
720575940632889389,3.6544410641380436e-09,8210
720575940632157631,3.648721551259434e-09,8211
720575940622209048,3.643145346537324e-09,8212
720575940608305161,3.639036393389644e-09,8213
720575940645995060,3.6277772049146795e-09,8214
720575940627277242,3.620418344715852e-09,8215
720575940624049300,3.614290562069826e-09,8216
720575940626096138,3.5974086641558246e-09,8217
720575940622486644,3.596761576622869e-09,8218
720575940626692355,3.5877271484523814e-09,8219
720575940621226405,3.577469041059242e-09,8220
720575940622445192,3.5731476952533807e-09,8221
720575940639547982,3.5675049692358426e-09,8222
720575940619785566,3.560221319006897e-09,8223
720575940616347478,3.5597036024963806e-09,8224
720575940640686837,3.5515732198068383e-09,8225
720575940626571578,3.5502005950414693e-09,8226
720575940619937445,3.5471949704379533e-09,8227
720575940625757205,3.5379850177688526e-09,8228
720575940626628629,3.529545028503781e-09,8229
720575940628355846,3.526473696273312e-09,8230
720575940623934608,3.5232571222431894e-09,8231
720575940621800175,3.5209515751189676e-09,8232
720575940623725204,3.4988815999529015e-09,8233
720575940626587921,3.4939387272701215e-09,8234
720575940624629379,3.49168505098131e-09,8235
720575940649911286,3.48918450582223e-09,8236
720575940624506515,3.4856541690031035e-09,8237
720575940611852072,3.4769933215369677e-09,8238
720575940614014614,3.4741230493140466e-09,8239
720575940603889086,3.4734506293075654e-09,8240
720575940623312828,3.473275527361164e-09,8241
720575940623314505,3.46853295276746e-09,8242
720575940630868793,3.4677932423715777e-09,8243
720575940623849496,3.4621714881505462e-09,8244
720575940627542316,3.4616880158696582e-09,8245
720575940640199357,3.456223450811636e-09,8246
720575940635489387,3.453738102032662e-09,8247
720575940628813049,3.4295194239067602e-09,8248
720575940621678855,3.427959204264132e-09,8249
720575940607092828,3.427959204264132e-09,8250
720575940618025748,3.427959204264132e-09,8251
720575940623442190,3.427959204264132e-09,8252
720575940609739730,3.427959204264132e-09,8253
720575940632895388,3.427959204264132e-09,8254
720575940618143435,3.427959204264132e-09,8255
720575940627978556,3.427959204264132e-09,8256
720575940625917821,3.427959204264132e-09,8257
720575940643215895,3.427959204264132e-09,8258
720575940611821334,3.4188199570735175e-09,8259
720575940637128538,3.413030079137437e-09,8260
720575940606696369,3.4089522512545656e-09,8261
720575940624056467,3.3990586270369025e-09,8262
720575940626777000,3.391842479750661e-09,8263
720575940626161224,3.3843222193480776e-09,8264
720575940623934096,3.3823023210108294e-09,8265
720575940635904942,3.3703607409312295e-09,8266
720575940621788492,3.359690693564663e-09,8267
720575940634552683,3.355058968778277e-09,8268
720575940620919578,3.354910490522537e-09,8269
720575940634432919,3.3513363507617843e-09,8270
720575940627146756,3.3437393230349283e-09,8271
720575940606574091,3.336270791480429e-09,8272
720575940614631079,3.3359002661548565e-09,8273
720575940624861989,3.326246717402467e-09,8274
720575940620125605,3.317912962389446e-09,8275
720575940611414514,3.3173839483496717e-09,8276
720575940630484495,3.3117056062630867e-09,8277
720575940614830239,3.3051423533468976e-09,8278
720575940626741552,3.3013924998486486e-09,8279
720575940619451989,3.292036163994594e-09,8280
720575940613426343,3.288310013235827e-09,8281
720575940613545066,3.2739153575167577e-09,8282
720575940623362487,3.2649156721155577e-09,8283
720575940613623961,3.254905631152809e-09,8284
720575940619781814,3.2532094929124014e-09,8285
720575940647366691,3.2512209368245098e-09,8286
720575940604150560,3.2438019428703873e-09,8287
720575940608241365,3.238926784540344e-09,8288
720575940628923639,3.2386661609956572e-09,8289
720575940631302700,3.2282881332044336e-09,8290
720575940639736272,3.219263308201931e-09,8291
720575940614136371,3.2156503353834918e-09,8292
720575940617303892,3.2080713110786025e-09,8293
720575940611261170,3.1981748655489737e-09,8294
720575940644090135,3.196674783391465e-09,8295
720575940631956584,3.19363363112506e-09,8296
720575940623547685,3.1934319351935034e-09,8297
720575940616845030,3.1855808651495424e-09,8298
720575940616328705,3.1850581807644993e-09,8299
720575940630038991,3.1729297704230348e-09,8300
720575940618765637,3.171299741686944e-09,8301
720575940619449264,3.170336997802613e-09,8302
720575940631043139,3.1696261274203234e-09,8303
720575940618682526,3.1614157715344937e-09,8304
720575940623274168,3.14938890449268e-09,8305
720575940621800539,3.1493117537147857e-09,8306
720575940645989399,3.1370947553277167e-09,8307
720575940627042622,3.1332159022547285e-09,8308
720575940607667723,3.1252667067507985e-09,8309
720575940627735537,3.122399371516605e-09,8310
720575940626555184,3.117372125234439e-09,8311
720575940635120247,3.1170049386336684e-09,8312
720575940626553596,3.1148892014210846e-09,8313
720575940622218778,3.1095148927143245e-09,8314
720575940612284569,3.097578798009662e-09,8315
720575940611772514,3.0941193296933507e-09,8316
720575940616821597,3.0891159697715205e-09,8317
720575940613803293,3.0706946249102196e-09,8318
720575940628900572,3.0697756854448803e-09,8319
720575940630309391,3.0676681122052346e-09,8320
720575940627143555,3.0670316389414046e-09,8321
720575940633801261,3.0633568561840563e-09,8322
720575940638818211,3.0535430666561034e-09,8323
720575940637896893,3.051947591097318e-09,8324
720575940620017261,3.0448155699598178e-09,8325
720575940621775856,3.0434640929041538e-09,8326
720575940635963054,3.043062875865758e-09,8327
720575940612533454,3.0429424185373973e-09,8328
720575940618771746,3.0401133105886637e-09,8329
720575940632316690,3.0242048229123064e-09,8330
720575940610772337,3.0240724494958155e-09,8331
720575940627284580,3.0214159353363427e-09,8332
720575940638616030,3.006225224769701e-09,8333
720575940633117591,3.006040487316755e-09,8334
720575940615111261,3.0056668806685743e-09,8335
720575940613924271,2.996837989106889e-09,8336
720575940631482922,2.9968138905499708e-09,8337
720575940638721094,2.991104517239772e-09,8338
720575940616793300,2.975980095857198e-09,8339
720575940613271219,2.973391562243808e-09,8340
720575940623905636,2.9680931103785057e-09,8341
720575940627515816,2.9678157261457304e-09,8342
720575940643241508,2.966616341688119e-09,8343
720575940619162417,2.966022779866728e-09,8344
720575940636521573,2.96406355460758e-09,8345
720575940627270406,2.9623605709895714e-09,8346
720575940637031770,2.9609868366707537e-09,8347
720575940632669800,2.960769939190718e-09,8348
720575940609012548,2.9599874722679096e-09,8349
720575940633356881,2.959588470993379e-09,8350
720575940621290605,2.9558262538692037e-09,8351
720575940632355626,2.9557009590949587e-09,8352
720575940628375803,2.9535019375972597e-09,8353
720575940638776227,2.951094641530813e-09,8354
720575940631049064,2.9384132839791343e-09,8355
720575940622609678,2.9289941142389157e-09,8356
720575940635176366,2.9271091492468053e-09,8357
720575940619288198,2.922016012391649e-09,8358
720575940623481980,2.922016012391649e-09,8359
720575940635841637,2.919593007602311e-09,8360
720575940622516874,2.9180061845430665e-09,8361
720575940631688955,2.9076388376630075e-09,8362
720575940636962101,2.8974614278836907e-09,8363
720575940605019057,2.8759926177465083e-09,8364
720575940629704210,2.8737128387894264e-09,8365
720575940614726773,2.870602267072185e-09,8366
720575940613019373,2.8642738710132617e-09,8367
720575940633927519,2.861645692074202e-09,8368
720575940628068867,2.8610752824197976e-09,8369
720575940623146701,2.8570711340820327e-09,8370
720575940615631266,2.8548853076855816e-09,8371
720575940609721464,2.8517206031589866e-09,8372
720575940627463043,2.8427376540507284e-09,8373
720575940627137223,2.842554810055276e-09,8374
720575940619888622,2.839295297921574e-09,8375
720575940633634199,2.831989732572303e-09,8376
720575940614936774,2.8313018046258604e-09,8377
720575940630736123,2.829285987553938e-09,8378
720575940627174247,2.824232181790604e-09,8379
720575940634537591,2.8138119681065246e-09,8380
720575940628864762,2.813550983110552e-09,8381
720575940610979043,2.809105458350421e-09,8382
720575940653705889,2.8056581563269327e-09,8383
720575940643090336,2.802293339885425e-09,8384
720575940645595188,2.8011437116707108e-09,8385
720575940611828594,2.8011437116707108e-09,8386
720575940612669933,2.799450513222632e-09,8387
720575940631174199,2.798821967698978e-09,8388
720575940617684054,2.7969607159975118e-09,8389
720575940630276567,2.7954149653371365e-09,8390
720575940624719422,2.7945672267432485e-09,8391
720575940626522910,2.7891552338385614e-09,8392
720575940612599193,2.7877900644664517e-09,8393
720575940614965691,2.7858512365283383e-09,8394
720575940632649567,2.78280126924432e-09,8395
720575940603637438,2.780529297526456e-09,8396
720575940611505430,2.772257911710146e-09,8397
720575940634377626,2.771606130936252e-09,8398
720575940613973058,2.767391698105735e-09,8399
720575940612881114,2.763830658882012e-09,8400
720575940634688959,2.763390206123745e-09,8401
720575940628599516,2.755188770018294e-09,8402
720575940621522671,2.752119909877827e-09,8403
720575940619784453,2.7451989035908043e-09,8404
720575940625587970,2.736680861323824e-09,8405
720575940612143075,2.7364513221636515e-09,8406
720575940622267201,2.735174850218109e-09,8407
720575940618466384,2.7334593615343392e-09,8408
720575940622863367,2.728341969962781e-09,8409
720575940626992202,2.7253500198226285e-09,8410
720575940636684358,2.7219160230199236e-09,8411
720575940611745429,2.7216435482826697e-09,8412
720575940617671285,2.7156470462942736e-09,8413
720575940630734393,2.6871266140005598e-09,8414
720575940620885342,2.6871266140005598e-09,8415
720575940620314221,2.682543444972743e-09,8416
720575940623578343,2.67974607193178e-09,8417
720575940630983341,2.6771217409316e-09,8418
720575940609381897,2.676190948362638e-09,8419
720575940618422161,2.6741943878183795e-09,8420
720575940618336239,2.674014350712597e-09,8421
720575940611429422,2.656482112362009e-09,8422
720575940626626895,2.649701288329103e-09,8423
720575940614090803,2.6491322111100227e-09,8424
720575940608979395,2.648686895859788e-09,8425
720575940615529414,2.6486474313862375e-09,8426
720575940632587932,2.6429472520840247e-09,8427
720575940611716325,2.6399169763746695e-09,8428
720575940630353682,2.6318327551602083e-09,8429
720575940643024663,2.6315367067006386e-09,8430
720575940623290126,2.628905926250289e-09,8431
720575940625906702,2.62840663938137e-09,8432
720575940646676612,2.623557747897658e-09,8433
720575940622474899,2.6217489537995127e-09,8434
720575940623219719,2.6178995550050413e-09,8435
720575940623792648,2.6151394642428056e-09,8436
720575940616014081,2.6151145346679996e-09,8437
720575940630706572,2.610378772117855e-09,8438
720575940622604109,2.6089507353874827e-09,8439
720575940630851036,2.6027803546584373e-09,8440
720575940634074047,2.600526187658457e-09,8441
720575940609754926,2.599820408350011e-09,8442
720575940631331855,2.599086839324258e-09,8443
720575940637469347,2.5965252370688138e-09,8444
720575940608343620,2.5924114499463116e-09,8445
720575940620422938,2.589074329816481e-09,8446
720575940634361195,2.5832425574579392e-09,8447
720575940627308828,2.581848222370812e-09,8448
720575940613004402,2.576457724127278e-09,8449
720575940641396078,2.5741470914907953e-09,8450
720575940620199962,2.5663923016332853e-09,8451
720575940630694092,2.561137565172937e-09,8452
720575940621522458,2.5567719382805637e-09,8453
720575940621218985,2.553869827024235e-09,8454
720575940628538494,2.551939700865307e-09,8455
720575940640053181,2.551361711290332e-09,8456
720575940629097922,2.5513327065006207e-09,8457
720575940615236582,2.5381791742576267e-09,8458
720575940607765259,2.5314918884820812e-09,8459
720575940628592743,2.5307341874674677e-09,8460
720575940603620268,2.5275528474854107e-09,8461
720575940619518854,2.5247667600996176e-09,8462
720575940623140428,2.524619848896155e-09,8463
720575940622749709,2.5207515320563234e-09,8464
720575940647020932,2.515140432948034e-09,8465
720575940633119127,2.5132179068632134e-09,8466
720575940640095310,2.5116817494231175e-09,8467
720575940635573367,2.511242249820884e-09,8468
720575940629489260,2.5074624205870732e-09,8469
720575940618199094,2.501175396916694e-09,8470
720575940610476145,2.4974744009172298e-09,8471
720575940639209956,2.496702564954449e-09,8472
720575940609291214,2.4927529713206574e-09,8473
720575940620884103,2.486799111060291e-09,8474
720575940636229342,2.4838078924795e-09,8475
720575940637956698,2.48118532406494e-09,8476
720575940635018352,2.479679854459796e-09,8477
720575940622719770,2.4764123758579853e-09,8478
720575940624379400,2.4649219348692304e-09,8479
720575940607775324,2.463405146723228e-09,8480
720575940629531589,2.4609768760894868e-09,8481
720575940625049781,2.457309710925878e-09,8482
720575940618226000,2.451047795254247e-09,8483
720575940609521250,2.440556034138301e-09,8484
720575940614513258,2.434317988339025e-09,8485
720575940630159159,2.428244501059438e-09,8486
720575940634240623,2.427423795074294e-09,8487
720575940613260959,2.4259406822813713e-09,8488
720575940607128771,2.420710391995425e-09,8489
720575940620795784,2.4201826017601053e-09,8490
720575940610530606,2.4169273138974187e-09,8491
720575940619268193,2.4159087318718524e-09,8492
720575940646372228,2.412816675225095e-09,8493
720575940616320852,2.410529830495562e-09,8494
720575940631450413,2.407202200581771e-09,8495
720575940623522744,2.407202200581771e-09,8496
720575940630600248,2.407202200581771e-09,8497
720575940627396943,2.407202200581771e-09,8498
720575940607817173,2.407202200581771e-09,8499
720575940619548225,2.407202200581771e-09,8500
720575940607434588,2.407202200581771e-09,8501
720575940640272013,2.4051887130721876e-09,8502
720575940640850317,2.400958316159917e-09,8503
720575940629266988,2.3998889773284098e-09,8504
720575940609533230,2.3986219127384205e-09,8505
720575940632963042,2.398411677875326e-09,8506
720575940626835784,2.3814400394288043e-09,8507
720575940631144109,2.381427810689053e-09,8508
720575940626650776,2.376762289855873e-09,8509
720575940622234211,2.3762363614883076e-09,8510
720575940612312499,2.357625991941423e-09,8511
720575940636709958,2.357625991941423e-09,8512
720575940612261603,2.3562301258677537e-09,8513
720575940635507380,2.3541378961982668e-09,8514
720575940631254777,2.3536500735393116e-09,8515
720575940624186430,2.3500826733094656e-09,8516
720575940610588057,2.340991896256909e-09,8517
720575940620762733,2.339094598952749e-09,8518
720575940627107271,2.338509250040211e-09,8519
720575940627036746,2.33601165147539e-09,8520
720575940618311070,2.3344557250953418e-09,8521
720575940630358748,2.3309753583627533e-09,8522
720575940609876036,2.3276988492469825e-09,8523
720575940640238032,2.326935896346977e-09,8524
720575940620519804,2.3264618565715604e-09,8525
720575940617956865,2.324686477550984e-09,8526
720575940627333378,2.3241419862943117e-09,8527
720575940613428945,2.322185605340607e-09,8528
720575940621449804,2.3184681605433665e-09,8529
720575940627974138,2.3150361852022227e-09,8530
720575940612487574,2.310759493295803e-09,8531
720575940629657047,2.3083955114936562e-09,8532
720575940623952679,2.3069623016670013e-09,8533
720575940636316023,2.3057384770193318e-09,8534
720575940628846491,2.299366004599662e-09,8535
720575940626312835,2.2926405186234055e-09,8536
720575940610487928,2.286699146478629e-09,8537
720575940623887288,2.284585028858729e-09,8538
720575940624440260,2.2811437370958706e-09,8539
720575940625835085,2.2771177774667136e-09,8540
720575940623499132,2.271808682878095e-09,8541
720575940614092851,2.261016341735589e-09,8542
720575940621737992,2.25531671983937e-09,8543
720575940611869677,2.2456166515823983e-09,8544
720575940609569219,2.2406853396226704e-09,8545
720575940637637208,2.2402005126945836e-09,8546
720575940611873320,2.2381629628579384e-09,8547
720575940625402501,2.235435136101889e-09,8548
720575940626321189,2.2335717458714054e-09,8549
720575940622155619,2.2333448241343505e-09,8550
720575940616055858,2.2331954073569496e-09,8551
720575940628283560,2.2278507472684736e-09,8552
720575940612768106,2.2252715222406547e-09,8553
720575940643249608,2.2171048720904448e-09,8554
720575940626342174,2.2163987253329285e-09,8555
720575940628258715,2.2160697078677554e-09,8556
720575940611852339,2.2151848420212128e-09,8557
720575940631146716,2.213210565906189e-09,8558
720575940632720026,2.1928211072241515e-09,8559
720575940622099405,2.1912260402005527e-09,8560
720575940629733626,2.1889819962366316e-09,8561
720575940624352643,2.1871019501243085e-09,8562
720575940639246662,2.1808296999450245e-09,8563
720575940638583869,2.1806092432314463e-09,8564
720575940616812217,2.179243199303893e-09,8565
720575940617346718,2.1786370969290342e-09,8566
720575940645721379,2.176960888089429e-09,8567
720575940616839380,2.176893195566292e-09,8568
720575940630697979,2.176870711934653e-09,8569
720575940611314346,2.1764877540605203e-09,8570
720575940627368250,2.1657045366411012e-09,8571
720575940624156139,2.15815927788169e-09,8572
720575940637000846,2.157397202236419e-09,8573
720575940623072013,2.157346763052343e-09,8574
720575940608932803,2.1535949018716472e-09,8575
720575940622238934,2.1519929088773e-09,8576
720575940610456270,2.1519929088773e-09,8577
720575940638682787,2.1453083548941566e-09,8578
720575940623173470,2.1453083548941566e-09,8579
720575940635791167,2.1453083548941566e-09,8580
720575940611169394,2.1424028252623747e-09,8581
720575940628531473,2.1418209319827202e-09,8582
720575940615053580,2.1347414353922738e-09,8583
720575940631930828,2.132703515682533e-09,8584
720575940620528990,2.128784478639179e-09,8585
720575940629192523,2.1224927731220207e-09,8586
720575940608089522,2.121167533620744e-09,8587
720575940631326751,2.1198994470454555e-09,8588
720575940630612536,2.1162694345085714e-09,8589
720575940631423263,2.112899986789468e-09,8590
720575940631783372,2.111344119203759e-09,8591
720575940622416520,2.110996758946566e-09,8592
720575940623836222,2.1103892265792366e-09,8593
720575940620534768,2.106055099985973e-09,8594
720575940632146340,2.1040190712494825e-09,8595
720575940612968421,2.093920914653121e-09,8596
720575940622946963,2.083337103429922e-09,8597
720575940613843506,2.073800867516854e-09,8598
720575940606101634,2.073005487173428e-09,8599
720575940608985208,2.067376321562599e-09,8600
720575940625718576,2.066453363966067e-09,8601
720575940624411623,2.066164657775294e-09,8602
720575940632812867,2.0612204655222367e-09,8603
720575940621824781,2.053591129827022e-09,8604
720575940623136717,2.0532613954309682e-09,8605
720575940611184819,2.0531725395591557e-09,8606
720575940625799950,2.047987772096978e-09,8607
720575940636795620,2.0476542129743053e-09,8608
720575940621627819,2.0472174689505762e-09,8609
720575940608088259,2.0466070122631032e-09,8610
720575940632906297,2.0404428765222916e-09,8611
720575940623029395,2.0352443311777296e-09,8612
720575940610477262,2.034435646728291e-09,8613
720575940608819780,2.0338658617251033e-09,8614
720575940620697046,2.0308841121187258e-09,8615
720575940635425893,2.029637847598584e-09,8616
720575940627139258,2.029623928720046e-09,8617
720575940610476739,2.0272205004069014e-09,8618
720575940627110672,2.0260499119542174e-09,8619
720575940615183814,2.021328439246711e-09,8620
720575940626753809,2.01187068944265e-09,8621
720575940627578156,2.0114390845095905e-09,8622
720575940649154681,1.9950102364638293e-09,8623
720575940611961878,1.9930080980546517e-09,8624
720575940621314593,1.9916263116923185e-09,8625
720575940613449256,1.990426449209484e-09,8626
720575940631576351,1.985101921116426e-09,8627
720575940614450774,1.98346188440178e-09,8628
720575940628241628,1.9820780874211145e-09,8629
720575940604852146,1.9783499811562076e-09,8630
720575940626284036,1.9783499811562076e-09,8631
720575940610798946,1.9781798907064954e-09,8632
720575940610501571,1.97777870382961e-09,8633
720575940647478148,1.9754863407812353e-09,8634
720575940631001314,1.968441989232222e-09,8635
720575940633500185,1.9655335093934645e-09,8636
720575940657604225,1.964666267933776e-09,8637
720575940636571828,1.9615341702752043e-09,8638
720575940617117656,1.9598637898688514e-09,8639
720575940604122982,1.9587586877484654e-09,8640
720575940631399008,1.9577480197701208e-09,8641
720575940624482062,1.955117693647637e-09,8642
720575940620332404,1.9543553525501164e-09,8643
720575940620512950,1.9531521729308138e-09,8644
720575940629671499,1.9500720811356245e-09,8645
720575940625585508,1.9478744333524012e-09,8646
720575940622336944,1.941516941919405e-09,8647
720575940625596676,1.9395887097984994e-09,8648
720575940660217729,1.9364173066797165e-09,8649
720575940629063618,1.9338846951619403e-09,8650
720575940631147776,1.9319835105461496e-09,8651
720575940617886533,1.930541616394171e-09,8652
720575940629179722,1.922646114359255e-09,8653
720575940619445696,1.921737905176446e-09,8654
720575940611277810,1.9195862778022274e-09,8655
720575940619510966,1.917092736232546e-09,8656
720575940633192751,1.9166284642503257e-09,8657
720575940634909594,1.916257154052162e-09,8658
720575940617105822,1.9087068307543877e-09,8659
720575940640010997,1.9024967990721224e-09,8660
720575940626675305,1.901797713109765e-09,8661
720575940626272030,1.8804595059037313e-09,8662
720575940629810882,1.8756016757106335e-09,8663
720575940615244595,1.8717821783640987e-09,8664
720575940628324802,1.869617033297993e-09,8665
720575940624004535,1.858067724316028e-09,8666
720575940611951382,1.85543984115838e-09,8667
720575940621793160,1.8538200099838995e-09,8668
720575940620214443,1.8523035468598623e-09,8669
720575940634842766,1.8483892439597458e-09,8670
720575940625584484,1.8444734612847387e-09,8671
720575940650244342,1.844181185570892e-09,8672
720575940633526684,1.8438557877078357e-09,8673
720575940623964652,1.8428374735590328e-09,8674
720575940654611617,1.8213803012303725e-09,8675
720575940625031426,1.8179191124419044e-09,8676
720575940628152475,1.8171364049259289e-09,8677
720575940618002644,1.8164700080630413e-09,8678
720575940639968640,1.8132809950101379e-09,8679
720575940634085983,1.813225085117413e-09,8680
720575940623673821,1.8080005936716015e-09,8681
720575940620047877,1.807631506956745e-09,8682
720575940619279457,1.8070821921990168e-09,8683
720575940630637330,1.8019379565231038e-09,8684
720575940615295143,1.7993928125892652e-09,8685
720575940637208718,1.7838851282291349e-09,8686
720575940628300076,1.7825062179688477e-09,8687
720575940642897293,1.7811308603214297e-09,8688
720575940638256949,1.779103319311196e-09,8689
720575940643703831,1.7679105441516766e-09,8690
720575940625645128,1.7631545782233916e-09,8691
720575940624989223,1.7604987859647057e-09,8692
720575940613222195,1.7545067135714673e-09,8693
720575940624227819,1.751951657104905e-09,8694
720575940640986075,1.7502600341760714e-09,8695
720575940627370250,1.7484471286907306e-09,8696
720575940638770493,1.7471805315443394e-09,8697
720575940624792197,1.7428353899360046e-09,8698
720575940645134359,1.7395639247776205e-09,8699
720575940622726896,1.7363383325987625e-09,8700
720575940622663962,1.733400233122272e-09,8701
720575940635005303,1.732359607460394e-09,8702
720575940611248662,1.7312597173630573e-09,8703
720575940621256682,1.7246392431772746e-09,8704
720575940626042499,1.7173068016776813e-09,8705
720575940606855554,1.714471334645541e-09,8706
720575940607948224,1.7118992675762863e-09,8707
720575940626484329,1.7086828872934764e-09,8708
720575940658442625,1.7046999032553334e-09,8709
720575940608296917,1.7028012835043489e-09,8710
720575940643467886,1.6818291224413235e-09,8711
720575940624274924,1.6771615728981687e-09,8712
720575940624008521,1.6757394177617146e-09,8713
720575940636083319,1.6740737461513318e-09,8714
720575940626800145,1.6710019906260234e-09,8715
720575940635906160,1.6705522809523302e-09,8716
720575940623888397,1.6702377892082751e-09,8717
720575940617091596,1.6660709897387012e-09,8718
720575940620766497,1.6660709897387012e-09,8719
720575940622531767,1.6656564810023972e-09,8720
720575940614734186,1.6642056418150715e-09,8721
720575940618210614,1.6629928066559515e-09,8722
720575940611123954,1.6628526958315374e-09,8723
720575940632080671,1.6620815839930493e-09,8724
720575940615124948,1.6517737243058047e-09,8725
720575940621813786,1.6501568864230378e-09,8726
720575940624311881,1.6493302737972438e-09,8727
720575940633733601,1.6493302737972438e-09,8728
720575940629752219,1.648746463275187e-09,8729
720575940626196313,1.6482346514437034e-09,8730
720575940625516925,1.6405418853469332e-09,8731
720575940628467611,1.6393851759927871e-09,8732
720575940631603281,1.6373515295855398e-09,8733
720575940615708482,1.6373515295855398e-09,8734
720575940622338742,1.6373515295855398e-09,8735
720575940623137997,1.6373515295855398e-09,8736
720575940623848388,1.6312116810700214e-09,8737
720575940619928929,1.62594309709909e-09,8738
720575940641824200,1.6254931933532734e-09,8739
720575940634640091,1.6253485123063478e-09,8740
720575940625729342,1.625190213996785e-09,8741
720575940625244426,1.62437706350443e-09,8742
720575940613643122,1.6165401953652693e-09,8743
720575940622334448,1.6154738022738469e-09,8744
720575940613080751,1.615273155768149e-09,8745
720575940629163898,1.6141707242866387e-09,8746
720575940633953948,1.6091316631007045e-09,8747
720575940631412832,1.6085203836507471e-09,8748
720575940640884312,1.6030097047155544e-09,8749
720575940619387814,1.5989187582309973e-09,8750
720575940631020079,1.5980424073548675e-09,8751
720575940619078091,1.597067466491711e-09,8752
720575940627942010,1.5961947276962067e-09,8753
720575940616078081,1.592369332321964e-09,8754
720575940631498563,1.5895186177569552e-09,8755
720575940618497556,1.588748113351715e-09,8756
720575940609775115,1.5862126533718232e-09,8757
720575940626086158,1.5862126533718232e-09,8758
720575940615029288,1.585649870843472e-09,8759
720575940611561238,1.5844799718133935e-09,8760
720575940624283891,1.5829485758986812e-09,8761
720575940641122432,1.5796628328764082e-09,8762
720575940621900620,1.5791585427683273e-09,8763
720575940637282675,1.5781696276684963e-09,8764
720575940633327385,1.5747005281043248e-09,8765
720575940628822248,1.5738460685221523e-09,8766
720575940611812050,1.573133378291834e-09,8767
720575940632681773,1.5726713156213504e-09,8768
720575940624604560,1.5616052081567588e-09,8769
720575940627240890,1.561258190276752e-09,8770
720575940620741205,1.552917263418986e-09,8771
720575940631710604,1.5492527065771583e-09,8772
720575940631038125,1.5489607540947442e-09,8773
720575940642063245,1.5422491163068236e-09,8774
720575940632596449,1.5419329077194635e-09,8775
720575940632998028,1.5398228902456853e-09,8776
720575940632692378,1.5379213269876633e-09,8777
720575940614803266,1.5367730231882842e-09,8778
720575940611208056,1.534659131624852e-09,8779
720575940622489972,1.5332529097310333e-09,8780
720575940622754342,1.5272126982213964e-09,8781
720575940622939836,1.5241702653883244e-09,8782
720575940618088758,1.523468079290586e-09,8783
720575940620057758,1.520827719317763e-09,8784
720575940633145903,1.520097101075286e-09,8785
720575940628841271,1.520048762073406e-09,8786
720575940637130985,1.518317332857573e-09,8787
720575940626094350,1.5077657668128818e-09,8788
720575940630509354,1.5071702320891243e-09,8789
720575940634303132,1.506102152517288e-09,8790
720575940639352565,1.4982541128988575e-09,8791
720575940612277415,1.4963225538923462e-09,8792
720575940624840679,1.4904707422362213e-09,8793
720575940624879911,1.4903818419757824e-09,8794
720575940632261423,1.4880089320103642e-09,8795
720575940627374598,1.4869578973672094e-09,8796
720575940619258417,1.4841451030817507e-09,8797
720575940614943126,1.4833936242613406e-09,8798
720575940622510630,1.4807033969425294e-09,8799
720575940622102554,1.478423317004831e-09,8800
720575940637580102,1.4738649233682943e-09,8801
720575940631204163,1.4738649233682943e-09,8802
720575940624976572,1.4738649233682943e-09,8803
720575940623183083,1.4738649233682943e-09,8804
720575940627402568,1.4738649233682943e-09,8805
720575940629431814,1.472297023208169e-09,8806
720575940651758838,1.4722732558625863e-09,8807
720575940611029858,1.471360690059437e-09,8808
720575940604901310,1.4702788868893166e-09,8809
720575940627464979,1.4684529414631482e-09,8810
720575940627803241,1.4666257200868071e-09,8811
720575940625779655,1.4662077632568011e-09,8812
720575940618225030,1.4662077632568011e-09,8813
720575940614081909,1.4604445717962147e-09,8814
720575940610525077,1.4602354043996294e-09,8815
720575940625003045,1.4571335559382308e-09,8816
720575940620742164,1.4505918840928383e-09,8817
720575940613470947,1.4474684766232504e-09,8818
720575940642410020,1.4419605672440136e-09,8819
720575940613650149,1.4385871947493423e-09,8820
720575940627166632,1.4382015984674653e-09,8821
720575940622591626,1.4356287740580197e-09,8822
720575940622382285,1.4243387270795871e-09,8823
720575940626337479,1.4232576596935916e-09,8824
720575940615794077,1.4222453294507568e-09,8825
720575940621957381,1.4210431346866806e-09,8826
720575940631801671,1.4186286383007525e-09,8827
720575940630597839,1.4162699950996937e-09,8828
720575940635118943,1.4156864146552333e-09,8829
720575940623333449,1.4140338303504444e-09,8830
720575940635364975,1.4131773955669822e-09,8831
720575940629963855,1.4103533765444302e-09,8832
720575940612547737,1.4077097605795548e-09,8833
720575940612938645,1.4074404451328217e-09,8834
720575940610590869,1.407225777909515e-09,8835
720575940628513542,1.4061183805744642e-09,8836
720575940661114753,1.4029722638678737e-09,8837
720575940625090997,1.4005296736207814e-09,8838
720575940615160386,1.3985463974966954e-09,8839
720575940611300323,1.3914535961273225e-09,8840
720575940627350060,1.3913379911677784e-09,8841
720575940629450106,1.3844956176360492e-09,8842
720575940606083273,1.3843495728978888e-09,8843
720575940620330801,1.3830905273560614e-09,8844
720575940608353714,1.3827337567127655e-09,8845
720575940602891232,1.3821102515030936e-09,8846
720575940625755413,1.3807019283534994e-09,8847
720575940617322897,1.3781632504125281e-09,8848
720575940614682043,1.3734530761748754e-09,8849
720575940631269650,1.3710939966233843e-09,8850
720575940631704716,1.3696978067211982e-09,8851
720575940648633988,1.3696978067211982e-09,8852
720575940616908177,1.3696978067211982e-09,8853
720575940629355064,1.3661667945084925e-09,8854
720575940627454569,1.3641356035908922e-09,8855
720575940629384566,1.3638248775354834e-09,8856
720575940626312478,1.3635459675252391e-09,8857
720575940626963018,1.3635459675252391e-09,8858
720575940629703740,1.3635459675252391e-09,8859
720575940653185014,1.3635459675252391e-09,8860
720575940636234718,1.3635459675252391e-09,8861
720575940611010730,1.3635459675252391e-09,8862
720575940625634078,1.3635459675252391e-09,8863
720575940619395494,1.3635459675252391e-09,8864
720575940635138911,1.3570902141237491e-09,8865
720575940622895911,1.354627835670222e-09,8866
720575940634351330,1.354488108988186e-09,8867
720575940615011782,1.3543898937923948e-09,8868
720575940659703937,1.3510674990997303e-09,8869
720575940633555351,1.3507212267305157e-09,8870
720575940618509878,1.3497003997316718e-09,8871
720575940635188343,1.3478062069839545e-09,8872
720575940626158735,1.3460234662929653e-09,8873
720575940615559202,1.3413620932378416e-09,8874
720575940623974602,1.3402056210992478e-09,8875
720575940608235529,1.3397130699769981e-09,8876
720575940627523584,1.3347738350706697e-09,8877
720575940627669322,1.326897581659198e-09,8878
720575940626661704,1.325242728410664e-09,8879
720575940622165974,1.3249666356751324e-09,8880
720575940619003312,1.3234497664857743e-09,8881
720575940630870871,1.3195024576077333e-09,8882
720575940624515786,1.313415484127894e-09,8883
720575940623161385,1.310144206656736e-09,8884
720575940637039962,1.309455978376309e-09,8885
720575940638300486,1.3056937501894591e-09,8886
720575940614534623,1.3055927021951393e-09,8887
720575940628391686,1.3036524251341828e-09,8888
720575940619215701,1.298415125608836e-09,8889
720575940627982332,1.2972076942967247e-09,8890
720575940622146698,1.2920729606895212e-09,8891
720575940633992147,1.28334073586956e-09,8892
720575940625014928,1.2822305387702192e-09,8893
720575940621696747,1.2822305387702192e-09,8894
720575940623739076,1.2822305387702192e-09,8895
720575940633165025,1.2822305387702192e-09,8896
720575940630989354,1.2822305387702192e-09,8897
720575940620781515,1.2822005268341327e-09,8898
720575940621820540,1.2818969430470175e-09,8899
720575940635037176,1.2812321708766227e-09,8900
720575940621172545,1.2811720144573637e-09,8901
720575940630355537,1.2807591925009578e-09,8902
720575940610674581,1.2781690708181045e-09,8903
720575940640173184,1.2768003590229503e-09,8904
720575940640415859,1.2740806602657066e-09,8905
720575940623474108,1.2726652024501078e-09,8906
720575940638419534,1.2689539983977597e-09,8907
720575940628173623,1.2667144323724958e-09,8908
720575940627118282,1.2662185907459981e-09,8909
720575940637353193,1.2637169646363256e-09,8910
720575940620263814,1.2611737778374395e-09,8911
720575940626422513,1.2583277109404337e-09,8912
720575940639993819,1.2573970048289347e-09,8913
720575940626834576,1.2552694686881454e-09,8914
720575940626795369,1.254314535910082e-09,8915
720575940644535860,1.254314535910082e-09,8916
720575940643918103,1.2517296277370909e-09,8917
720575940619414321,1.248164458641487e-09,8918
720575940613672931,1.2475877907577244e-09,8919
720575940612347571,1.2454416575216072e-09,8920
720575940632777320,1.239670476674973e-09,8921
720575940612255973,1.2374032754147394e-09,8922
720575940622883827,1.2305720645690129e-09,8923
720575940620863820,1.2289253266847216e-09,8924
720575940620392984,1.2286716651123656e-09,8925
720575940604418988,1.2263642062599345e-09,8926
720575940619820368,1.2234876633629065e-09,8927
720575940627706398,1.2204394552736253e-09,8928
720575940614950194,1.218768717159195e-09,8929
720575940614280607,1.211190255102855e-09,8930
720575940631101804,1.20438974929135e-09,8931
720575940626465542,1.2014659313970426e-09,8932
720575940607539907,1.1969180852551293e-09,8933
720575940611142323,1.1966008035750531e-09,8934
720575940627844734,1.194198166134914e-09,8935
720575940618762605,1.1911334916202124e-09,8936
720575940638134872,1.190940771465589e-09,8937
720575940612874536,1.189783326594449e-09,8938
720575940603989420,1.1886803180238896e-09,8939
720575940613144830,1.1869166080105213e-09,8940
720575940621818858,1.1855595394703488e-09,8941
720575940629237036,1.1832311536218333e-09,8942
720575940628935877,1.1830011456754087e-09,8943
720575940636289599,1.1809687610111608e-09,8944
720575940626348218,1.1807610603403438e-09,8945
720575940618207936,1.1804334419053661e-09,8946
720575940622546323,1.1803110380192094e-09,8947
720575940616673851,1.1773208329275403e-09,8948
720575940638509939,1.1773208329275403e-09,8949
720575940640841268,1.1758520470800295e-09,8950
720575940625549128,1.1703970408191818e-09,8951
720575940619914740,1.1672991231043703e-09,8952
720575940625470863,1.1631982614146831e-09,8953
720575940625433662,1.162993474254002e-09,8954
720575940620165541,1.162569199000295e-09,8955
720575940616420150,1.1619570007509829e-09,8956
720575940636646830,1.1608290029023556e-09,8957
720575940619928485,1.1607605679780185e-09,8958
720575940622671640,1.1607605679780185e-09,8959
720575940635712351,1.1607605679780185e-09,8960
720575940627339876,1.1581053591764886e-09,8961
720575940645713443,1.1574256715544551e-09,8962
720575940624587534,1.1572156608268952e-09,8963
720575940620131742,1.1572156608268952e-09,8964
720575940615348689,1.153229664108723e-09,8965
720575940646736772,1.1452111145713998e-09,8966
720575940630702789,1.1452111145713998e-09,8967
720575940615742353,1.1450171718217018e-09,8968
720575940618994859,1.1437539672540604e-09,8969
720575940620899542,1.1433640133445968e-09,8970
720575940626745193,1.1433048409071496e-09,8971
720575940628635180,1.1421510530345962e-09,8972
720575940628072130,1.1385877654505179e-09,8973
720575940621589887,1.1385024270248599e-09,8974
720575940610986006,1.1378296045314915e-09,8975
720575940627608216,1.1373466579266017e-09,8976
720575940623148285,1.1341035309652208e-09,8977
720575940630492191,1.1337403330700133e-09,8978
720575940631501676,1.1291233072102101e-09,8979
720575940613631973,1.1266322187110932e-09,8980
720575940611106453,1.1253422280187589e-09,8981
720575940621196224,1.1244107528745342e-09,8982
720575940626573585,1.123484200190816e-09,8983
720575940634126949,1.1227866708520554e-09,8984
720575940626587779,1.1209156229833578e-09,8985
720575940633606625,1.1186535117485754e-09,8986
720575940629009513,1.1176908319144093e-09,8987
720575940615855499,1.1163554606705938e-09,8988
720575940616080212,1.1158561878582361e-09,8989
720575940627184427,1.1153173780122394e-09,8990
720575940626375064,1.1118645896426407e-09,8991
720575940608732252,1.1056127985618486e-09,8992
720575940647113763,1.1045068943224527e-09,8993
720575940625559358,1.1032825591566457e-09,8994
720575940622081306,1.1030529085827633e-09,8995
720575940635867534,1.101135835422216e-09,8996
720575940606586325,1.1008353564839194e-09,8997
720575940623039838,1.0959969520929458e-09,8998
720575940630895055,1.0947921998149045e-09,8999
720575940636151871,1.0938245091953682e-09,9000
720575940660281217,1.0916103220409944e-09,9001
720575940630797113,1.090986951607544e-09,9002
720575940629463281,1.0893809896091663e-09,9003
720575940603985952,1.0893625206285647e-09,9004
720575940616245446,1.0867576929630184e-09,9005
720575940628890679,1.0853384693121976e-09,9006
720575940626961304,1.0851383036157108e-09,9007
720575940634688151,1.084835586518565e-09,9008
720575940636470629,1.0830048120066781e-09,9009
720575940640402829,1.0827399869464153e-09,9010
720575940631639500,1.0816207007651367e-09,9011
720575940618112310,1.0795767374258874e-09,9012
720575940610649442,1.0773250397992638e-09,9013
720575940624850434,1.0766615994978077e-09,9014
720575940637650522,1.076015925009658e-09,9015
720575940639555928,1.076015925009658e-09,9016
720575940614997555,1.0746958100600632e-09,9017
720575940622812799,1.0738186348387014e-09,9018
720575940610157688,1.0738186348387014e-09,9019
720575940627173636,1.0738186348387014e-09,9020
720575940619991862,1.0733351410539853e-09,9021
720575940616947174,1.0661707873066195e-09,9022
720575940624181436,1.0614501180527248e-09,9023
720575940617000768,1.0600744374628869e-09,9024
720575940631396895,1.0600110248888468e-09,9025
720575940615246643,1.0600110248888468e-09,9026
720575940625970471,1.0594784170498078e-09,9027
720575940660217985,1.0592152623588767e-09,9028
720575940610161091,1.0592152623588767e-09,9029
720575940624832743,1.0585061677431748e-09,9030
720575940617706937,1.058070379830219e-09,9031
720575940614783138,1.058070379830219e-09,9032
720575940615392578,1.058070379830219e-09,9033
720575940630548215,1.0562509129438651e-09,9034
720575940613466902,1.0562509129438651e-09,9035
720575940620779105,1.0544424329733015e-09,9036
720575940629339690,1.0529414708012316e-09,9037
720575940622631382,1.0496515718246105e-09,9038
720575940618609799,1.0470645842064345e-09,9039
720575940616113514,1.0469731662693875e-09,9040
720575940611576050,1.045445239888615e-09,9041
720575940633510431,1.0439015639407133e-09,9042
720575940629851496,1.0433745426997515e-09,9043
720575940634229615,1.0371596372920274e-09,9044
720575940624236592,1.0370053684625144e-09,9045
720575940640843316,1.0362657153998087e-09,9046
720575940610979737,1.0353988079735434e-09,9047
720575940608369026,1.0329577754828125e-09,9048
720575940630005622,1.0320360304167017e-09,9049
720575940639204669,1.0316808950685638e-09,9050
720575940622604543,1.0316757582230085e-09,9051
720575940639800910,1.0312171781696101e-09,9052
720575940621040737,1.03072665402783e-09,9053
720575940631877688,1.0303070589351593e-09,9054
720575940615972027,1.0222752213696584e-09,9055
720575940622302844,1.0208335771894952e-09,9056
720575940634104159,1.0206362037928824e-09,9057
720575940622557675,1.0200825691122333e-09,9058
720575940618676440,1.019693465804604e-09,9059
720575940632790753,1.019573572084984e-09,9060
720575940633926295,1.019180115181061e-09,9061
720575940630174268,1.0110547189755284e-09,9062
720575940633058989,1.0097452983297312e-09,9063
720575940645611652,1.0054118491279452e-09,9064
720575940611211417,1.0047851499449175e-09,9065
720575940616183483,1.001723986198817e-09,9066
720575940612444645,9.989572185006033e-10,9067
720575940626719013,9.976845874764231e-10,9068
720575940618587668,9.970745143097452e-10,9069
720575940614213599,9.964753177860588e-10,9070
720575940617803803,9.951310274445298e-10,9071
720575940612554393,9.937637730064369e-10,9072
720575940627492866,9.916779500327925e-10,9073
720575940623660558,9.874714115917587e-10,9074
720575940629278263,9.864674626734592e-10,9075
720575940621585279,9.850779288261932e-10,9076
720575940639484917,9.839349800001321e-10,9077
720575940629146107,9.83083572454393e-10,9078
720575940619937121,9.829077029162763e-10,9079
720575940634838172,9.808773357272428e-10,9080
720575940619569829,9.772449885635607e-10,9081
720575940619456728,9.734896411100968e-10,9082
720575940621779035,9.705358722679417e-10,9083
720575940640083408,9.650549429775762e-10,9084
720575940618357126,9.626123758182996e-10,9085
720575940633772452,9.622302160408835e-10,9086
720575940622638276,9.582625627642203e-10,9087
720575940647084164,9.555355753399458e-10,9088
720575940632467923,9.555355753399458e-10,9089
720575940616264788,9.555355753399458e-10,9090
720575940625323151,9.552188654042264e-10,9091
720575940631850521,9.549670396768697e-10,9092
720575940619121647,9.545214945515536e-10,9093
720575940627343125,9.527372308710284e-10,9094
720575940637078591,9.527372308710284e-10,9095
720575940624860362,9.480844208651837e-10,9096
720575940627875388,9.445755077099165e-10,9097
720575940615689634,9.433606756936666e-10,9098
720575940633500084,9.43262331036349e-10,9099
720575940622021953,9.406797430311384e-10,9100
720575940604999614,9.388442367232507e-10,9101
720575940631922969,9.382059088544702e-10,9102
720575940626288661,9.310695356357186e-10,9103
720575940607367125,9.302420680006586e-10,9104
720575940622834411,9.295698536209449e-10,9105
720575940631445452,9.295308633464779e-10,9106
720575940604911793,9.27497904539422e-10,9107
720575940630734075,9.213911630628195e-10,9108
720575940621330893,9.211179282857594e-10,9109
720575940613764817,9.20440731174907e-10,9110
720575940649045369,9.19978782512741e-10,9111
720575940614597644,9.19440073798417e-10,9112
720575940628135440,9.175879929616617e-10,9113
720575940621435585,9.169564111486835e-10,9114
720575940622340393,9.136256204905111e-10,9115
720575940633978007,9.122836544302607e-10,9116
720575940625205392,9.121887169324803e-10,9117
720575940612044750,9.107324847661089e-10,9118
720575940644447511,9.093952565319675e-10,9119
720575940636686399,9.058113189882133e-10,9120
720575940628344074,9.039414218172206e-10,9121
720575940644279150,9.022168220828325e-10,9122
720575940649939702,9.01794371817978e-10,9123
720575940621921901,8.996964062946326e-10,9124
720575940630966016,8.996964062946326e-10,9125
720575940626309438,8.973276193812285e-10,9126
720575940642968717,8.915253128551639e-10,9127
720575940639623795,8.890825893286752e-10,9128
720575940619793940,8.876495005678095e-10,9129
720575940611678181,8.876495005678095e-10,9130
720575940618865112,8.810361320070754e-10,9131
720575940638396861,8.807665300543748e-10,9132
720575940617999833,8.802459285217741e-10,9133
720575940620636954,8.783869676800561e-10,9134
720575940633537188,8.768532517338223e-10,9135
720575940630247106,8.768532517338223e-10,9136
720575940617102348,8.768532517338223e-10,9137
720575940649871737,8.768532517338223e-10,9138
720575940627333288,8.768532517338223e-10,9139
720575940629900443,8.768532517338223e-10,9140
720575940606410174,8.768532517338223e-10,9141
720575940606069937,8.768532517338223e-10,9142
720575940640917411,8.768532517338223e-10,9143
720575940628575765,8.768532517338223e-10,9144
720575940639649606,8.768532517338223e-10,9145
720575940620899967,8.755078382712645e-10,9146
720575940618715421,8.750910569656886e-10,9147
720575940619921488,8.747619214044859e-10,9148
720575940627444490,8.739656287894347e-10,9149
720575940628817372,8.717989927644049e-10,9150
720575940622432181,8.70044780548135e-10,9151
720575940613468625,8.696045931104018e-10,9152
720575940630831185,8.69499676775473e-10,9153
720575940616708070,8.681956859137335e-10,9154
720575940623444044,8.656667328946081e-10,9155
720575940614403946,8.63254310128004e-10,9156
720575940604791217,8.62800067912605e-10,9157
720575940629860089,8.604629645736514e-10,9158
720575940615324994,8.564668694385079e-10,9159
720575940619767974,8.561790476010314e-10,9160
720575940641251712,8.539199134363175e-10,9161
720575940627142855,8.525921617039713e-10,9162
720575940634682815,8.378899611168471e-10,9163
720575940632238253,8.363867450602927e-10,9164
720575940621302644,8.322366353899538e-10,9165
720575940645972771,8.311750644702639e-10,9166
720575940630570669,8.300964265091279e-10,9167
720575940626695452,8.258279552656737e-10,9168
720575940630937508,8.242223740479768e-10,9169
720575940611046885,8.227513679927604e-10,9170
720575940632923020,8.200307884709789e-10,9171
720575940630139386,8.151858049036202e-10,9172
720575940622611082,8.10293666234553e-10,9173
720575940616558779,8.097625784429595e-10,9174
720575940630648395,8.09612235389078e-10,9175
720575940631121227,8.086508954866522e-10,9176
720575940623119812,8.025780402285893e-10,9177
720575940615052812,7.983908737687315e-10,9178
720575940636274522,7.98179964998298e-10,9179
720575940621820001,7.979700205497133e-10,9180
720575940616203869,7.901422642274348e-10,9181
720575940626258690,7.889610138111697e-10,9182
720575940620203764,7.875046669841426e-10,9183
720575940624767463,7.86206921989761e-10,9184
720575940621911064,7.844187756906462e-10,9185
720575940620312052,7.844187756906462e-10,9186
720575940616317211,7.811572277459232e-10,9187
720575940632325145,7.809969664436003e-10,9188
720575940636080479,7.788092082588224e-10,9189
720575940627836359,7.786861487444835e-10,9190
720575940611619314,7.755468043098334e-10,9191
720575940623097853,7.724420554646269e-10,9192
720575940625583121,7.707549099713945e-10,9193
720575940642081952,7.706092113645173e-10,9194
720575940627410770,7.658783505591674e-10,9195
720575940628244055,7.658783505591674e-10,9196
720575940629081849,7.625687013126355e-10,9197
720575940618348357,7.596556593928789e-10,9198
720575940613851699,7.559188156417513e-10,9199
720575940626425034,7.524682216788426e-10,9200
720575940623218175,7.52026917857365e-10,9201
720575940622090416,7.495142544014871e-10,9202
720575940624530372,7.494274791590894e-10,9203
720575940626075422,7.467127496894553e-10,9204
720575940622853011,7.447485167075683e-10,9205
720575940618117305,7.446376536324669e-10,9206
720575940624724368,7.414770353118706e-10,9207
720575940631223803,7.409415436090139e-10,9208
720575940614128593,7.395896109057765e-10,9209
720575940628908670,7.386079427518124e-10,9210
720575940622650879,7.374019525916928e-10,9211
720575940624611530,7.349827942726718e-10,9212
720575940616855782,7.349827942726718e-10,9213
720575940613254290,7.320782868864519e-10,9214
720575940624145191,7.320782868864519e-10,9215
720575940634034839,7.311229963194368e-10,9216
720575940650935673,7.305181823172459e-10,9217
720575940632670156,7.297307786226749e-10,9218
720575940625190588,7.288522661171248e-10,9219
720575940636734382,7.279125229957747e-10,9220
720575940602337504,7.212410189406763e-10,9221
720575940630893196,7.21199857400349e-10,9222
720575940606315138,7.17551703691819e-10,9223
720575940624449318,7.171652341831191e-10,9224
720575940621650943,7.161168963748845e-10,9225
720575940619729611,7.15503901184009e-10,9226
720575940644753568,7.150757861091952e-10,9227
720575940626544521,7.130499930724773e-10,9228
720575940621583367,7.11924431807273e-10,9229
720575940617489236,7.094173515518514e-10,9230
720575940617778210,7.085364005399315e-10,9231
720575940609527069,7.068590951980022e-10,9232
720575940619918203,7.066740165925645e-10,9233
720575940613475557,7.04493947945259e-10,9234
720575940629017335,7.041325185536425e-10,9235
720575940633824864,7.024583973358632e-10,9236
720575940605604030,7.008869498080837e-10,9237
720575940627252798,7.005248994435104e-10,9238
720575940611723473,7.004441845918339e-10,9239
720575940619750822,6.997303002176109e-10,9240
720575940618927892,6.997303002176109e-10,9241
720575940614738444,6.997303002176109e-10,9242
720575940613116141,6.989126142465534e-10,9243
720575940621265088,6.989126142465534e-10,9244
720575940632905775,6.989126142465534e-10,9245
720575940627451241,6.967387510869301e-10,9246
720575940610468050,6.956976719969515e-10,9247
720575940641688528,6.932615334831235e-10,9248
720575940630741805,6.930273509143767e-10,9249
720575940645407268,6.92470576445077e-10,9250
720575940629414972,6.897966920083964e-10,9251
720575940621502051,6.880403789413169e-10,9252
720575940622313971,6.866813776781463e-10,9253
720575940607500297,6.866813776781463e-10,9254
720575940651681782,6.866526554400887e-10,9255
720575940642933028,6.85644801447749e-10,9256
720575940650911353,6.853991288404264e-10,9257
720575940621447077,6.846256016202715e-10,9258
720575940604982450,6.817505219854558e-10,9259
720575940633275999,6.809045459789807e-10,9260
720575940624840423,6.80668645317336e-10,9261
720575940627710470,6.764822797310646e-10,9262
720575940614482143,6.761350161567357e-10,9263
720575940620014262,6.75422769650964e-10,9264
720575940634526059,6.732164240220955e-10,9265
720575940615462873,6.728118514770508e-10,9266
720575940631589407,6.690427560385053e-10,9267
720575940630906435,6.660668142344873e-10,9268
720575940623605943,6.646591611745337e-10,9269
720575940612161394,6.64141689540471e-10,9270
720575940630889784,6.616937112334202e-10,9271
720575940622136534,6.590490213828826e-10,9272
720575940605298353,6.580280176641316e-10,9273
720575940623871015,6.559226317428057e-10,9274
720575940636168048,6.555424203360312e-10,9275
720575940627116547,6.519166088596114e-10,9276
720575940638190414,6.489610402722486e-10,9277
720575940623551684,6.489217596298361e-10,9278
720575940629386345,6.488747141940313e-10,9279
720575940627479580,6.487560967989017e-10,9280
720575940627301638,6.480068714081952e-10,9281
720575940624392679,6.446576702354436e-10,9282
720575940621123934,6.428046286858514e-10,9283
720575940631667682,6.428046286858514e-10,9284
720575940634464180,6.420022001321506e-10,9285
720575940644629028,6.390169496548532e-10,9286
720575940636703977,6.385730638265599e-10,9287
720575940622170623,6.357453266391647e-10,9288
720575940637148479,6.344759749178569e-10,9289
720575940621221614,6.322928811773121e-10,9290
720575940620692833,6.301541478811878e-10,9291
720575940626538256,6.29843583571182e-10,9292
720575940624920348,6.282350133599254e-10,9293
720575940622275199,6.272900587952198e-10,9294
720575940612407581,6.248756096376873e-10,9295
720575940643339287,6.1991395654164e-10,9296
720575940623211957,6.196098179468003e-10,9297
720575940637281395,6.192954005411688e-10,9298
720575940631227343,6.156179949686208e-10,9299
720575940625357547,6.13854623051207e-10,9300
720575940623332331,6.117730094322901e-10,9301
720575940612235439,6.117484641831381e-10,9302
720575940628207753,6.116240386866677e-10,9303
720575940634776511,6.105323878604994e-10,9304
720575940637587422,6.101410261295404e-10,9305
720575940627450567,6.040627731701592e-10,9306
720575940631463495,6.04057093654656e-10,9307
720575940659131009,6.031445405416884e-10,9308
720575940617574229,6.031152998182761e-10,9309
720575940613691559,6.004770575022762e-10,9310
720575940623876327,5.991004829919827e-10,9311
720575940626650118,5.991004829919827e-10,9312
720575940613058802,5.950493560901324e-10,9313
720575940628489516,5.948366545109577e-10,9314
720575940623036680,5.946741354834898e-10,9315
720575940612987541,5.940255572441049e-10,9316
720575940621681228,5.938027011447315e-10,9317
720575940636561754,5.90511296475447e-10,9318
720575940635631211,5.865606074802544e-10,9319
720575940629938127,5.848009462140523e-10,9320
720575940620212133,5.83986248972165e-10,9321
720575940623475324,5.83012178541676e-10,9322
720575940612238632,5.821428140023046e-10,9323
720575940630585642,5.82114872508001e-10,9324
720575940633067871,5.799228424591114e-10,9325
720575940636886639,5.789765676313105e-10,9326
720575940638086256,5.78233019728382e-10,9327
720575940628686695,5.770976672613403e-10,9328
720575940621403887,5.749509940758509e-10,9329
720575940632977378,5.746015887060624e-10,9330
720575940625118757,5.708502331651385e-10,9331
720575940615215922,5.674715600988924e-10,9332
720575940637101413,5.66799034296119e-10,9333
720575940632381240,5.6630352530124e-10,9334
720575940620287476,5.646394285692959e-10,9335
720575940628007683,5.631537079940375e-10,9336
720575940631087943,5.599415953517878e-10,9337
720575940625952186,5.598496685989086e-10,9338
720575940623802298,5.592444592482401e-10,9339
720575940618436847,5.575936578367731e-10,9340
720575940639172816,5.55324388878967e-10,9341
720575940635087246,5.520078769741542e-10,9342
720575940620593243,5.517927985304312e-10,9343
720575940619548209,5.514355664821196e-10,9344
720575940622694217,5.49605941195236e-10,9345
720575940624154697,5.457737377057212e-10,9346
720575940630650130,5.435977788168834e-10,9347
720575940632464146,5.389199902884443e-10,9348
720575940627958889,5.368365984308432e-10,9349
720575940618561445,5.3418442261408e-10,9350
720575940624206472,5.339433238554547e-10,9351
720575940611930481,5.339170264539544e-10,9352
720575940621744731,5.329993768092559e-10,9353
720575940631630021,5.327118544612321e-10,9354
720575940630590846,5.317874258724514e-10,9355
720575940627818499,5.311271794287682e-10,9356
720575940628632143,5.29715846651415e-10,9357
720575940651694326,5.292954161028967e-10,9358
720575940632835651,5.28913375930307e-10,9359
720575940623422844,5.286900443999703e-10,9360
720575940636490158,5.258209897907629e-10,9361
720575940606702601,5.240500289943465e-10,9362
720575940608281412,5.234721245932363e-10,9363
720575940631868005,5.229076298244621e-10,9364
720575940623387786,5.227761565703719e-10,9365
720575940615905931,5.216503181386071e-10,9366
720575940616736230,5.209696130445519e-10,9367
720575940628028163,5.202636574432493e-10,9368
720575940614238114,5.202403347204427e-10,9369
720575940638602842,5.202385006396244e-10,9370
720575940620543110,5.199631740876709e-10,9371
720575940632692124,5.187650147009564e-10,9372
720575940612029081,5.171750330498699e-10,9373
720575940620195719,5.167612293608296e-10,9374
720575940636001166,5.159155451191079e-10,9375
720575940623012746,5.154550227163589e-10,9376
720575940639352483,5.118652931860569e-10,9377
720575940629434118,5.106745978642299e-10,9378
720575940615941062,5.0849002091313e-10,9379
720575940621639133,5.077320429526469e-10,9380
720575940609936882,5.053169918072604e-10,9381
720575940628800506,5.040238899465982e-10,9382
720575940620823828,4.993822656100044e-10,9383
720575940659399809,4.982070321919416e-10,9384
720575940620135303,4.973271212169377e-10,9385
720575940638865725,4.973129317892609e-10,9386
720575940632184928,4.93640163872977e-10,9387
720575940621765708,4.925247677052482e-10,9388
720575940616577307,4.918070265819413e-10,9389
720575940614316650,4.910603995619145e-10,9390
720575940617745181,4.910437024968716e-10,9391
720575940610463427,4.878307411602896e-10,9392
720575940619914581,4.874846720721785e-10,9393
720575940612018786,4.862749009634204e-10,9394
720575940617311771,4.847832208016524e-10,9395
720575940632741728,4.817711837274205e-10,9396
720575940612566294,4.79921974930514e-10,9397
720575940626832386,4.772836929056466e-10,9398
720575940622853258,4.748582371216212e-10,9399
720575940645483555,4.720538680137911e-10,9400
720575940622969528,4.719101393203242e-10,9401
720575940620744728,4.715774359529796e-10,9402
720575940620382889,4.704317964067564e-10,9403
720575940642658267,4.677194590893615e-10,9404
720575940624359241,4.633004813875648e-10,9405
720575940643576224,4.617137360393869e-10,9406
720575940621196459,4.614738325892109e-10,9407
720575940629925207,4.586846358072209e-10,9408
720575940646921012,4.5832980160119636e-10,9409
720575940627209734,4.568801302619096e-10,9410
720575940603231916,4.5552691636426907e-10,9411
720575940632112429,4.548360938818195e-10,9412
720575940611395314,4.5405766913644427e-10,9413
720575940621780812,4.514960363293953e-10,9414
720575940609265417,4.514960363293953e-10,9415
720575940626601745,4.5054908112785595e-10,9416
720575940611349466,4.4964268309643457e-10,9417
720575940634629311,4.4708524010203495e-10,9418
720575940615438402,4.4531233546617045e-10,9419
720575940643074976,4.442826794303412e-10,9420
720575940629137148,4.4407661313228273e-10,9421
720575940625692396,4.4270961029763647e-10,9422
720575940620925643,4.415414235661433e-10,9423
720575940625117130,4.3753797287653906e-10,9424
720575940619403201,4.367198780294021e-10,9425
720575940638085695,4.363010325389358e-10,9426
720575940618593600,4.363010325389358e-10,9427
720575940615941179,4.3509316796071896e-10,9428
720575940617739860,4.338846035275493e-10,9429
720575940644362788,4.3378756313623864e-10,9430
720575940635405679,4.2978312285394546e-10,9431
720575940617944916,4.2975936933472573e-10,9432
720575940633964700,4.2970884220851284e-10,9433
720575940620296641,4.294828914984111e-10,9434
720575940625700739,4.289274440545371e-10,9435
720575940616377817,4.289274440545371e-10,9436
720575940612167794,4.2863496836800663e-10,9437
720575940625351461,4.2778211623950007e-10,9438
720575940632627885,4.26103890260791e-10,9439
720575940615281361,4.2528521264298226e-10,9440
720575940631593753,4.2518198439039604e-10,9441
720575940632572130,4.2025857684406757e-10,9442
720575940622631146,4.2025857684406757e-10,9443
720575940620589838,4.1988925641482624e-10,9444
720575940605807206,4.193826018799883e-10,9445
720575940627735422,4.1874812183190394e-10,9446
720575940630707795,4.1713230167784276e-10,9447
720575940630638188,4.160807254826531e-10,9448
720575940623656376,4.135669184924827e-10,9449
720575940615557682,4.129318384585223e-10,9450
720575940630476619,4.129318384585223e-10,9451
720575940623319566,4.12633481543192e-10,9452
720575940628109815,4.0939390632347005e-10,9453
720575940630147013,4.0939390632347005e-10,9454
720575940626658570,4.088986843877928e-10,9455
720575940614137809,4.086970678464239e-10,9456
720575940612100837,4.0609513471972486e-10,9457
720575940625324094,4.0609513471972486e-10,9458
720575940633965724,4.0609513471972486e-10,9459
720575940615630237,4.0558007553672527e-10,9460
720575940636805958,4.052567169970187e-10,9461
720575940637820846,4.043362870603774e-10,9462
720575940612015217,4.0218820972222166e-10,9463
720575940609014370,4.0034185263012127e-10,9464
720575940628358931,3.989443624992282e-10,9465
720575940619134789,3.98618099658683e-10,9466
720575940617313841,3.9350212230616e-10,9467
720575940626000056,3.930139735899277e-10,9468
720575940640436814,3.911860692884661e-10,9469
720575940614597307,3.908982043719839e-10,9470
720575940604914353,3.902597534305567e-10,9471
720575940613530636,3.9019803228113094e-10,9472
720575940620025620,3.881321235294136e-10,9473
720575940619449520,3.8746867194826845e-10,9474
720575940621611800,3.8718327499373396e-10,9475
720575940637381695,3.8670043182240945e-10,9476
720575940600433181,3.859957471974958e-10,9477
720575940635733093,3.839437499753136e-10,9478
720575940618595894,3.8316021578209904e-10,9479
720575940630332278,3.8257220180714984e-10,9480
720575940621267555,3.787412785901697e-10,9481
720575940610041050,3.7855038306768273e-10,9482
720575940617922439,3.7802517946459956e-10,9483
720575940624130253,3.764116166306366e-10,9484
720575940620740717,3.7493198916495894e-10,9485
720575940616402269,3.742561488549571e-10,9486
720575940629152060,3.709786968943387e-10,9487
720575940635022746,3.684798576672562e-10,9488
720575940632463464,3.6731124047198956e-10,9489
720575940628504081,3.66081040504331e-10,9490
720575940628413061,3.6383042589039164e-10,9491
720575940619863796,3.6267059217834265e-10,9492
720575940636553902,3.6150529312340963e-10,9493
720575940617102646,3.6115653503506904e-10,9494
720575940616859622,3.6115215786724005e-10,9495
720575940616615195,3.603641549395392e-10,9496
720575940619978075,3.603641549395392e-10,9497
720575940624993538,3.603641549395392e-10,9498
720575940630914304,3.601736670925067e-10,9499
720575940618536528,3.598192454722941e-10,9500
720575940625435792,3.591870481950528e-10,9501
720575940611293554,3.5837220294315226e-10,9502
720575940629839947,3.582298798720665e-10,9503
720575940629576433,3.574966017501232e-10,9504
720575940627505384,3.573382986973118e-10,9505
720575940626633986,3.573382986973118e-10,9506
720575940612196465,3.573382986973118e-10,9507
720575940617560249,3.573382986973118e-10,9508
720575940617682177,3.573382986973118e-10,9509
720575940627917578,3.573382986973118e-10,9510
720575940632438428,3.573382986973118e-10,9511
720575940626084410,3.5685834455905836e-10,9512
720575940645728803,3.566913950159111e-10,9513
720575940620929416,3.546423168685338e-10,9514
720575940637410869,3.542635686254271e-10,9515
720575940630718511,3.535072479295658e-10,9516
720575940626810628,3.5333700829628226e-10,9517
720575940626943518,3.5333700829628226e-10,9518
720575940634555488,3.5333700829628226e-10,9519
720575940631054648,3.5333700829628226e-10,9520
720575940627129290,3.5187884618107997e-10,9521
720575940610747315,3.5114066636672835e-10,9522
720575940604456108,3.499778123194177e-10,9523
720575940623672653,3.483555286105194e-10,9524
720575940628533591,3.4787276246407814e-10,9525
720575940626109592,3.4762754572783326e-10,9526
720575940617044737,3.476172770342159e-10,9527
720575940638720675,3.4734111291742336e-10,9528
720575940634609115,3.4601806493692755e-10,9529
720575940627060839,3.446782649288524e-10,9530
720575940618851073,3.4442999888421495e-10,9531
720575940631459923,3.4360195624612656e-10,9532
720575940613875858,3.4324832368961843e-10,9533
720575940625050826,3.4324832368961843e-10,9534
720575940619434689,3.4324832368961843e-10,9535
720575940642368160,3.4286455828334653e-10,9536
720575940633124812,3.4239543542732994e-10,9537
720575940623509577,3.4085296344195206e-10,9538
720575940623246343,3.405731423271965e-10,9539
720575940632960815,3.405449847702831e-10,9540
720575940626322746,3.4022590540087393e-10,9541
720575940623587780,3.3645166293850506e-10,9542
720575940627395407,3.3575535207303347e-10,9543
720575940625296074,3.3523395362893116e-10,9544
720575940617429853,3.348473231348116e-10,9545
720575940621647238,3.3425867923613847e-10,9546
720575940638676387,3.33421814078745e-10,9547
720575940628766415,3.3332349223858677e-10,9548
720575940634591087,3.331176159075586e-10,9549
720575940638415731,3.328488202094989e-10,9550
720575940616759014,3.327205252627523e-10,9551
720575940628029592,3.280211613415177e-10,9552
720575940616065254,3.2753676546609415e-10,9553
720575940604273632,3.273773698616031e-10,9554
720575940619990357,3.262833257501995e-10,9555
720575940638677070,3.256414069275002e-10,9556
720575940632957092,3.2500858589286703e-10,9557
720575940644663332,3.2428223165479e-10,9558
720575940626093553,3.2428223165479e-10,9559
720575940622920461,3.203710371461192e-10,9560
720575940644775534,3.203710371461192e-10,9561
720575940634018711,3.1859533579387793e-10,9562
720575940609533394,3.1420573841405405e-10,9563
720575940619308720,3.141384831214516e-10,9564
720575940615481598,3.137277336019684e-10,9565
720575940642916237,3.1278548689332653e-10,9566
720575940622399015,3.1240597684391485e-10,9567
720575940635968745,3.102841622579298e-10,9568
720575940623292925,3.097728685408493e-10,9569
720575940637072350,3.0947316485375757e-10,9570
720575940622045133,3.082160205594907e-10,9571
720575940615679282,3.080102649020983e-10,9572
720575940630513060,3.059304477828349e-10,9573
720575940632281901,3.0543186401932127e-10,9574
720575940612082066,3.0543186401932127e-10,9575
720575940618554041,3.0521368894726297e-10,9576
720575940628419825,3.031928306306657e-10,9577
720575940622609690,3.028868333676666e-10,9578
720575940618896624,3.024391556665626e-10,9579
720575940627905129,3.022219275311656e-10,9580
720575940622155290,2.9980704419991125e-10,9581
720575940623557373,2.9765006383212673e-10,9582
720575940618499238,2.975246780450662e-10,9583
720575940612197374,2.975246780450662e-10,9584
720575940629881964,2.9679574029658566e-10,9585
720575940639086399,2.9588797500186475e-10,9586
720575940624704514,2.9478088795772976e-10,9587
720575940631322472,2.940778756106857e-10,9588
720575940629129342,2.930358601310095e-10,9589
720575940630605881,2.912933398468148e-10,9590
720575940625727369,2.895386445149197e-10,9591
720575940629359434,2.863280204532672e-10,9592
720575940632085549,2.8491997459821214e-10,9593
720575940626022013,2.848791932765479e-10,9594
720575940622943271,2.844246980072731e-10,9595
720575940630490705,2.842858818601686e-10,9596
720575940629420362,2.839287187783205e-10,9597
720575940624353544,2.837414963033084e-10,9598
720575940618182491,2.822678286388318e-10,9599
720575940632137517,2.8138459550875745e-10,9600
720575940649581433,2.8125815660065065e-10,9601
720575940614114666,2.809325944668678e-10,9602
720575940644715287,2.7973784846787115e-10,9603
720575940616256795,2.7912652192924555e-10,9604
720575940632618148,2.787906270522337e-10,9605
720575940621943984,2.7857913996922297e-10,9606
720575940617385176,2.7808254950853733e-10,9607
720575940635185588,2.7793345548259157e-10,9608
720575940619556219,2.7673163598526897e-10,9609
720575940618378832,2.75442242466603e-10,9610
720575940626956360,2.7511331850222587e-10,9611
720575940628651931,2.7421012804060045e-10,9612
720575940637701695,2.7421012804060045e-10,9613
720575940621306700,2.7259356133144436e-10,9614
720575940614579423,2.719412636155677e-10,9615
720575940629936079,2.6966183454952487e-10,9616
720575940628307026,2.6907235979476775e-10,9617
720575940618277184,2.676537228643415e-10,9618
720575940637851504,2.671754205339494e-10,9619
720575940618135419,2.6454177486884663e-10,9620
720575940603622828,2.644645443132672e-10,9621
720575940615924037,2.6355948105004895e-10,9622
720575940617559481,2.63266031878522e-10,9623
720575940620827595,2.6307709341742215e-10,9624
720575940628087887,2.6304240546237485e-10,9625
720575940618818395,2.619635355134988e-10,9626
720575940626159379,2.613407252996176e-10,9627
720575940646310947,2.612662187915937e-10,9628
720575940630099218,2.606316271223236e-10,9629
720575940622754756,2.59204959403703e-10,9630
720575940630036803,2.5878069819445624e-10,9631
720575940636523109,2.5867842165821317e-10,9632
720575940619493402,2.5722284367867257e-10,9633
720575940631303877,2.5709333361404426e-10,9634
720575940621343348,2.5685517977763127e-10,9635
720575940623748298,2.55785633226442e-10,9636
720575940634788247,2.5561516104538775e-10,9637
720575940607206066,2.5405962922752307e-10,9638
720575940637624165,2.539880846736321e-10,9639
720575940622752041,2.5397888699720053e-10,9640
720575940620116091,2.534012036151837e-10,9641
720575940618335301,2.4998121897028344e-10,9642
720575940613254627,2.4998121897028344e-10,9643
720575940628133513,2.47007251107936e-10,9644
720575940625487256,2.4601184090927507e-10,9645
720575940605154336,2.456558468137634e-10,9646
720575940618058667,2.441748141320757e-10,9647
720575940626319902,2.441040235813278e-10,9648
720575940638312164,2.4280560659629116e-10,9649
720575940653399030,2.4280560659629116e-10,9650
720575940625146621,2.4280560659629116e-10,9651
720575940624969765,2.4253989388700803e-10,9652
720575940613971485,2.4237790882893077e-10,9653
720575940661289345,2.4132011662874183e-10,9654
720575940627619057,2.4033681976595847e-10,9655
720575940617139457,2.401606051704658e-10,9656
720575940626229337,2.395387695143036e-10,9657
720575940630118028,2.386256361832867e-10,9658
720575940619908510,2.3767171707887885e-10,9659
720575940628318458,2.367931363161259e-10,9660
720575940631422776,2.3644700596287416e-10,9661
720575940631551714,2.362625530192084e-10,9662
720575940630435525,2.355945014343169e-10,9663
720575940628120337,2.3508731861474065e-10,9664
720575940627720335,2.3500688998081897e-10,9665
720575940611499669,2.345662696872567e-10,9666
720575940623988971,2.345662696872567e-10,9667
720575940636241038,2.345662696872567e-10,9668
720575940639601752,2.345662696872567e-10,9669
720575940631049002,2.345662696872567e-10,9670
720575940631971911,2.345662696872567e-10,9671
720575940624359432,2.3448501636776595e-10,9672
720575940613966914,2.340721237911792e-10,9673
720575940637820750,2.340721237911792e-10,9674
720575940604524465,2.340721237911792e-10,9675
720575940620896477,2.340721237911792e-10,9676
720575940638185550,2.340721237911792e-10,9677
720575940625421320,2.328367539096221e-10,9678
720575940620759174,2.328367539096221e-10,9679
720575940615166111,2.321482245942348e-10,9680
720575940619960478,2.3060463858128893e-10,9681
720575940634826135,2.3027319019580155e-10,9682
720575940609787256,2.3027319019580155e-10,9683
720575940627936003,2.2954603491764077e-10,9684
720575940627946512,2.2946854063613807e-10,9685
720575940624962448,2.2844371061700177e-10,9686
720575940622368295,2.2723552969817381e-10,9687
720575940608889902,2.2722890006409684e-10,9688
720575940621805132,2.271973718384866e-10,9689
720575940639429504,2.271621264314772e-10,9690
720575940633735575,2.2584005579466932e-10,9691
720575940615271377,2.2568758897894817e-10,9692
720575940653723809,2.251546460719831e-10,9693
720575940628071696,2.2477893773495375e-10,9694
720575940619403629,2.2429911597265126e-10,9695
720575940630507079,2.2426825845752684e-10,9696
720575940627665545,2.2415572088714636e-10,9697
720575940617836854,2.2391749281260787e-10,9698
720575940604898988,2.2391749281260787e-10,9699
720575940605064126,2.2391749281260787e-10,9700
720575940629508652,2.2331303001446533e-10,9701
720575940608223701,2.2292361693472617e-10,9702
720575940637185252,2.2207351757287791e-10,9703
720575940642910152,2.2039678519996324e-10,9704
720575940635970782,2.2008951341591428e-10,9705
720575940607627275,2.1985539103898808e-10,9706
720575940624430572,2.1951313084249168e-10,9707
720575940617064716,2.195123842797425e-10,9708
720575940623320522,2.1899000773797316e-10,9709
720575940631164476,2.1802586898757601e-10,9710
720575940613139778,2.1712117826903146e-10,9711
720575940623517734,2.17118742398657e-10,9712
720575940615860566,2.1615040085640314e-10,9713
720575940638789720,2.1590430135595135e-10,9714
720575940625732227,2.156790533792703e-10,9715
720575940616378769,2.146634020721687e-10,9716
720575940611888337,2.1409132662843164e-10,9717
720575940620956144,2.1401721494006702e-10,9718
720575940621601574,2.136043099488685e-10,9719
720575940639409627,2.1356816841205818e-10,9720
720575940617384532,2.1300707415693315e-10,9721
720575940625375332,2.1224107671718093e-10,9722
720575940631056185,2.1064911532645218e-10,9723
720575940627980955,2.101422919179828e-10,9724
720575940638817725,2.0909668626507325e-10,9725
720575940634228124,2.0879364758932674e-10,9726
720575940611672538,2.0816241302492006e-10,9727
720575940620556680,2.0810681055732995e-10,9728
720575940611473305,2.0705927330740846e-10,9729
720575940642401060,2.0636197943994302e-10,9730
720575940615503170,2.0515990616933284e-10,9731
720575940638054197,2.0415534164990776e-10,9732
720575940637220211,2.0334685546064445e-10,9733
720575940621932237,2.0188291387115777e-10,9734
720575940637590756,2.0111114745361899e-10,9735
720575940614694517,2.0024662115826314e-10,9736
720575940635134053,1.9667743570792773e-10,9737
720575940616079188,1.9551123182335498e-10,9738
720575940620057502,1.9518498048907547e-10,9739
720575940639332480,1.949555577606165e-10,9740
720575940629387902,1.935671364568309e-10,9741
720575940625032548,1.9333871487779434e-10,9742
720575940624310468,1.9235450759161222e-10,9743
720575940623373606,1.909715860644526e-10,9744
720575940638909749,1.908979950835393e-10,9745
720575940619676224,1.9008860181400507e-10,9746
720575940638801124,1.8898430608951182e-10,9747
720575940615945558,1.8884794928866303e-10,9748
720575940621446057,1.8837043578441247e-10,9749
720575940611351193,1.8806939988083441e-10,9750
720575940630229007,1.8746599458247947e-10,9751
720575940612331618,1.871305593649185e-10,9752
720575940627776506,1.8663548781354177e-10,9753
720575940612289010,1.861096690255616e-10,9754
720575940627101512,1.8557477048707924e-10,9755
720575940628919852,1.8523644286581527e-10,9756
720575940653344673,1.848572370095686e-10,9757
720575940617390641,1.8427905198802483e-10,9758
720575940629534458,1.842243569687258e-10,9759
720575940617980465,1.840024851379156e-10,9760
720575940612427414,1.833344013854141e-10,9761
720575940607227826,1.822295142868795e-10,9762
720575940659056001,1.8170636237674196e-10,9763
720575940626051367,1.812926673464145e-10,9764
720575940632228578,1.812171280963968e-10,9765
720575940635378016,1.812171280963968e-10,9766
720575940627079823,1.812171280963968e-10,9767
720575940627520002,1.812171280963968e-10,9768
720575940619942859,1.799636499376273e-10,9769
720575940605929161,1.7924804555001832e-10,9770
720575940605877728,1.7912993895165512e-10,9771
720575940634759348,1.7902140900163153e-10,9772
720575940633804212,1.782463555046526e-10,9773
720575940621370484,1.7752338978958658e-10,9774
720575940634962879,1.7726168664951617e-10,9775
720575940610397619,1.7665741662298862e-10,9776
720575940625967132,1.7663657414213356e-10,9777
720575940629497088,1.7647061040093311e-10,9778
720575940637243767,1.7607621666103804e-10,9779
720575940617931678,1.7589315068237995e-10,9780
720575940623027274,1.7589315068237995e-10,9781
720575940624392171,1.7589315068237995e-10,9782
720575940612761750,1.7525170601749247e-10,9783
720575940614953565,1.7392110735907275e-10,9784
720575940615137681,1.7315276029238475e-10,9785
720575940629652555,1.7199505557132783e-10,9786
720575940618474320,1.7188710753072718e-10,9787
720575940626649084,1.7188710753072718e-10,9788
720575940631055311,1.705572970319029e-10,9789
720575940627046693,1.7020087462679248e-10,9790
720575940620300737,1.7007917632088757e-10,9791
720575940639826339,1.6843210851518464e-10,9792
720575940630932943,1.6815040088533511e-10,9793
720575940632698797,1.6774147810837492e-10,9794
720575940630772350,1.6764467518870453e-10,9795
720575940633849199,1.6659955446959655e-10,9796
720575940625834132,1.657095559352153e-10,9797
720575940616651193,1.6525600618028023e-10,9798
720575940627452263,1.6498487781723325e-10,9799
720575940612418510,1.647428437239971e-10,9800
720575940636582110,1.647428437239971e-10,9801
720575940627372346,1.6463516866273958e-10,9802
720575940621532413,1.6437679425148785e-10,9803
720575940624999056,1.6437679425148785e-10,9804
720575940628598780,1.6372238378460469e-10,9805
720575940625098115,1.6336802340750311e-10,9806
720575940615954833,1.6287584444849233e-10,9807
720575940630979781,1.6277042704404638e-10,9808
720575940617945684,1.6254406581551093e-10,9809
720575940611694545,1.6225664691926955e-10,9810
720575940626781565,1.6114651423881534e-10,9811
720575940627502338,1.6089991710561856e-10,9812
720575940625283093,1.593310015147064e-10,9813
720575940614041139,1.5923724417244676e-10,9814
720575940611294426,1.5914614021607577e-10,9815
720575940624263655,1.5800948424072527e-10,9816
720575940640369360,1.568442142303808e-10,9817
720575940627243539,1.566675261577574e-10,9818
720575940617149853,1.5620590224653616e-10,9819
720575940603730144,1.553289669397687e-10,9820
720575940625525740,1.54363926435788e-10,9821
720575940635789423,1.537508287495899e-10,9822
720575940619765268,1.537508287495899e-10,9823
720575940634170524,1.5360532725437396e-10,9824
720575940618518582,1.5278342838718197e-10,9825
720575940624763123,1.526276773371585e-10,9826
720575940631852627,1.5262767733715847e-10,9827
720575940632309841,1.5250556527124223e-10,9828
720575940625472277,1.5250556527124223e-10,9829
720575940630460727,1.5225645897640863e-10,9830
720575940629667945,1.5225645897640863e-10,9831
720575940632465962,1.5225645897640863e-10,9832
720575940628782869,1.5048179349710417e-10,9833
720575940645010286,1.5037573427536582e-10,9834
720575940646493038,1.4998697380249808e-10,9835
720575940637419120,1.4984471609942135e-10,9836
720575940634545634,1.4932046502564465e-10,9837
720575940610357858,1.4923763490291503e-10,9838
720575940619506881,1.4758103025478854e-10,9839
720575940624480028,1.4741446864699072e-10,9840
720575940621529435,1.4705195822720113e-10,9841
720575940627575596,1.4693280656464608e-10,9842
720575940639339392,1.467120342304306e-10,9843
720575940637776189,1.4666981910862084e-10,9844
720575940632737081,1.4663594989942538e-10,9845
720575940631933527,1.4647182989927468e-10,9846
720575940633666495,1.4612132471894977e-10,9847
720575940637296730,1.460484488034672e-10,9848
720575940613255731,1.460484488034672e-10,9849
720575940628638458,1.460484488034672e-10,9850
720575940604991409,1.460484488034672e-10,9851
720575940631618920,1.4599062940555794e-10,9852
720575940652063734,1.4599062940555794e-10,9853
720575940634991991,1.45405365352838e-10,9854
720575940619270676,1.4520603212852308e-10,9855
720575940626278129,1.4501869430995596e-10,9856
720575940634027383,1.4476932225745985e-10,9857
720575940629301248,1.445306965108008e-10,9858
720575940633074145,1.432881413159017e-10,9859
720575940618382529,1.4306615376031327e-10,9860
720575940627190466,1.4306615376031327e-10,9861
720575940618734214,1.4199897950973887e-10,9862
720575940625644554,1.4178377997580296e-10,9863
720575940629974058,1.4178377997580296e-10,9864
720575940630288697,1.4178377997580296e-10,9865
720575940610985189,1.4178377997580296e-10,9866
720575940622729736,1.4178377997580296e-10,9867
720575940626434822,1.4150087182722907e-10,9868
720575940632437412,1.408588866959e-10,9869
720575940616464340,1.3939779084338217e-10,9870
720575940637245237,1.3939779084338217e-10,9871
720575940632171309,1.373905013499747e-10,9872
720575940619840427,1.3713087478357695e-10,9873
720575940631774226,1.369901694245603e-10,9874
720575940613620246,1.369901694245603e-10,9875
720575940640867672,1.3668013228054413e-10,9876
720575940607891401,1.3623899783777576e-10,9877
720575940636111081,1.3614481209310238e-10,9878
720575940632873442,1.352784157188419e-10,9879
720575940636395866,1.3526942686226448e-10,9880
720575940622123875,1.3508449773711718e-10,9881
720575940635198064,1.349444121890166e-10,9882
720575940619759220,1.3473688409011546e-10,9883
720575940620597232,1.3392542640162574e-10,9884
720575940628264192,1.3355354402079263e-10,9885
720575940629270339,1.334368924030623e-10,9886
720575940623971592,1.3188500667912438e-10,9887
720575940631936081,1.3188500667912438e-10,9888
720575940638312637,1.3188500667912438e-10,9889
720575940632364115,1.3188500667912438e-10,9890
720575940619583749,1.3169591036534737e-10,9891
720575940622363574,1.300181513371499e-10,9892
720575940640142141,1.2974090966374695e-10,9893
720575940610511043,1.2939365066263671e-10,9894
720575940624922140,1.2935230530058681e-10,9895
720575940615894877,1.2925701615721954e-10,9896
720575940638668878,1.2897148970490108e-10,9897
720575940627480092,1.2887759663522718e-10,9898
720575940605367473,1.2828680607165737e-10,9899
720575940612185586,1.2791797277392717e-10,9900
720575940622120118,1.2791797277392717e-10,9901
720575940607128412,1.2681890304648737e-10,9902
720575940625196163,1.2653141197091205e-10,9903
720575940631268882,1.2548001497487377e-10,9904
720575940645240116,1.2510375610651725e-10,9905
720575940624879504,1.24977329721653e-10,9906
720575940605758142,1.2408621642484159e-10,9907
720575940612802019,1.23258304986515e-10,9908
720575940630174223,1.2290238559358195e-10,9909
720575940632394059,1.228759752781195e-10,9910
720575940612219562,1.221888672570516e-10,9911
720575940604852326,1.212047582337761e-10,9912
720575940617010226,1.2113444391470375e-10,9913
720575940650169846,1.2048458736756145e-10,9914
720575940628210887,1.201618949743133e-10,9915
720575940636523621,1.1974667431124786e-10,9916
720575940619714395,1.1965465672519146e-10,9917
720575940646572084,1.1954290567115183e-10,9918
720575940629979087,1.188851250589567e-10,9919
720575940636298085,1.188851250589567e-10,9920
720575940618649936,1.1831233488086075e-10,9921
720575940611538126,1.1818508354112837e-10,9922
720575940621765354,1.1803883495148373e-10,9923
720575940614892182,1.1798101228785901e-10,9924
720575940607256259,1.1707000616284044e-10,9925
720575940622771976,1.1656192800917667e-10,9926
720575940615826037,1.1651443256539878e-10,9927
720575940628882487,1.1651443256539878e-10,9928
720575940629557110,1.1651443256539878e-10,9929
720575940624594154,1.1627625311164296e-10,9930
720575940625626604,1.1567050729557243e-10,9931
720575940616336245,1.1400682301189656e-10,9932
720575940616035990,1.1281753608825764e-10,9933
720575940629504299,1.1144151143746744e-10,9934
720575940620524747,1.1144151143746744e-10,9935
720575940636104846,1.1102791391459634e-10,9936
720575940613959391,1.1102791391459634e-10,9937
720575940610261346,1.1094926209983478e-10,9938
720575940637966682,1.1094926209983478e-10,9939
720575940636591326,1.1094926209983478e-10,9940
720575940615645625,1.10902296135915e-10,9941
720575940624076071,1.0982856248266474e-10,9942
720575940628552699,1.0982856248266474e-10,9943
720575940616450305,1.096750467102023e-10,9944
720575940604994336,1.0936959775987647e-10,9945
720575940638642502,1.0935251536747813e-10,9946
720575940616842169,1.0836068049045314e-10,9947
720575940622629098,1.0809727479820894e-10,9948
720575940605028198,1.065983106449393e-10,9949
720575940625344529,1.065983106449393e-10,9950
720575940630960325,1.065983106449393e-10,9951
720575940629894479,1.065983106449393e-10,9952
720575940638664014,1.0590611382256957e-10,9953
720575940633267868,1.0583052520599943e-10,9954
720575940612442419,1.0559441907357972e-10,9955
720575940622650808,1.0554312478910772e-10,9956
720575940614009827,1.0483564550634915e-10,9957
720575940606725833,1.043494011376621e-10,9958
720575940622374399,1.0425133079409192e-10,9959
720575940632189255,1.0410863246164602e-10,9960
720575940621947357,1.040913211744472e-10,9961
720575940611784817,1.03975175819276e-10,9962
720575940616392849,1.03210392256302e-10,9963
720575940614595218,1.0281629193809224e-10,9964
720575940620249734,1.0215044535426744e-10,9965
720575940627197971,1.014536045327318e-10,9966
720575940630337996,1.0115369776483108e-10,9967
720575940621359988,1.0067618227577601e-10,9968
720575940628777295,1.001654956623478e-10,9969
720575940634041279,9.912737523615026e-11,9970
720575940608017026,9.892714434831501e-11,9971
720575940637472613,9.884570623439826e-11,9972
720575940626396803,9.884570623439826e-11,9973
720575940607253170,9.835725036351849e-11,9974
720575940613751658,9.81920680269659e-11,9975
720575940619465131,9.809492605491916e-11,9976
720575940603032748,9.754366583522737e-11,9977
720575940619807397,9.748481434053304e-11,9978
720575940605885897,9.656841722698522e-11,9979
720575940613584652,9.537743584020885e-11,9980
720575940618884568,9.471939554461333e-11,9981
720575940617318557,9.471939554461333e-11,9982
720575940619246256,9.448582320760125e-11,9983
720575940614753653,9.398990831059165e-11,9984
720575940624377579,9.386117916787733e-11,9985
720575940612585577,9.373299729123973e-11,9986
720575940628162300,9.371912735970803e-11,9987
720575940617887646,9.307970670405836e-11,9988
720575940615083439,9.295205874972757e-11,9989
720575940645724963,9.282144647049765e-11,9990
720575940634708887,9.25599908024201e-11,9991
720575940638078527,9.127308895303615e-11,9992
720575940627604486,9.076758334969196e-11,9993
720575940622927242,9.06085640481984e-11,9994
720575940636163440,9.059761127121827e-11,9995
720575940607371076,8.954723047820231e-11,9996
720575940625784153,8.91231777523263e-11,9997
720575940632128908,8.91231777523263e-11,9998
720575940626039996,8.89383601026095e-11,9999
720575940620031308,8.768570714341781e-11,10000
720575940629671802,8.758138317273366e-11,10001
720575940606139564,8.737254390361989e-11,10002
720575940611867629,8.699109183838465e-11,10003
720575940616611001,8.689877045377048e-11,10004
720575940606246334,8.629387052209371e-11,10005
720575940640844195,8.56662787364785e-11,10006
720575940634734817,8.552723370272169e-11,10007
720575940620438833,8.527864851595145e-11,10008
720575940622715561,8.527864851595145e-11,10009
720575940632350668,8.51823569673595e-11,10010
720575940608975371,8.494552879518601e-11,10011
720575940610626162,8.421543381833509e-11,10012
720575940617290713,8.363867450602931e-11,10013
720575940631269935,8.350201000520246e-11,10014
720575940616383193,8.344901764773899e-11,10015
720575940612062426,8.336360738533968e-11,10016
720575940633571020,8.237142186199855e-11,10017
720575940634429279,8.237142186199854e-11,10018
720575940622995082,8.215168016723339e-11,10019
720575940625413395,8.201141705758266e-11,10020
720575940611587282,8.106310284317985e-11,10021
720575940626162378,8.033605759979036e-11,10022
720575940640851363,8.013908710985615e-11,10023
720575940625410622,8.001795266594145e-11,10024
720575940618094749,7.994873298370448e-11,10025
720575940620765888,7.994873298370448e-11,10026
720575940606676572,7.994873298370448e-11,10027
720575940617838009,7.994873298370448e-11,10028
720575940630161819,7.994873298370448e-11,10029
720575940623289420,7.994873298370448e-11,10030
720575940627356547,7.994873298370448e-11,10031
720575940615680162,7.994873298370448e-11,10032
720575940644627872,7.994873298370448e-11,10033
720575940617117140,7.985746317441292e-11,10034
720575940645308196,7.766448346988434e-11,10035
720575940614740765,7.690483323959903e-11,10036
720575940638113001,7.663511399988836e-11,10037
720575940631190058,7.574829651745747e-11,10038
720575940615038367,7.574829651745747e-11,10039
720575940643418990,7.550713670683202e-11,10040
720575940611528419,7.529915588791601e-11,10041
720575940640321165,7.491404164602537e-11,10042
720575940639101412,7.491404164602537e-11,10043
720575940629904940,7.491404164602537e-11,10044
720575940623825405,7.402088067610088e-11,10045
720575940631583596,7.384245326707287e-11,10046
720575940607726857,7.346640328232304e-11,10047
720575940621088244,7.346640328232304e-11,10048
720575940636768613,7.343428822580864e-11,10049
720575940634842649,7.29733401730457e-11,10050
720575940645093230,7.194511612753182e-11,10051
720575940621884745,7.156374881090021e-11,10052
720575940633573836,7.140451477310213e-11,10053
720575940629390123,7.106554042995954e-11,10054
720575940631983464,7.060407588171305e-11,10055
720575940622930712,7.014856571473425e-11,10056
720575940615104927,6.982856268861646e-11,10057
720575940609306563,6.842281664226603e-11,10058
720575940603695025,6.799776514342396e-11,10059
720575940644157988,6.788607477213623e-11,10060
720575940608295689,6.788607477213623e-11,10061
720575940628616271,6.788607477213623e-11,10062
720575940614208914,6.788607477213623e-11,10063
720575940616163701,6.788607477213623e-11,10064
720575940622245492,6.780490369827556e-11,10065
720575940621684769,6.727458601571921e-11,10066
720575940620320884,6.727458601571921e-11,10067
720575940613335975,6.711745485051733e-11,10068
720575940633996444,6.698741386712258e-11,10069
720575940619780592,6.629894930355981e-11,10070
720575940603977062,6.629894930355981e-11,10071
720575940632994274,6.621299951939171e-11,10072
720575940617622219,6.550016678183018e-11,10073
720575940628881739,6.550016678183018e-11,10074
720575940619432129,6.506596884366104e-11,10075
720575940635452570,6.482018766321933e-11,10076
720575940626091602,6.460128887053758e-11,10077
720575940612803094,6.395898638696358e-11,10078
720575940639055933,6.395898638696358e-11,10079
720575940629541891,6.395898638696358e-11,10080
720575940625445130,6.395898638696358e-11,10081
720575940638084574,6.395898638696358e-11,10082
720575940623260236,6.395898638696358e-11,10083
720575940631396675,6.395898638696358e-11,10084
720575940613131122,6.395898638696358e-11,10085
720575940620860912,6.395898638696358e-11,10086
720575940622515895,6.363869099347644e-11,10087
720575940621272865,6.363266502784643e-11,10088
720575940628478736,6.278859545562872e-11,10089
720575940623956156,6.263406022809678e-11,10090
720575940615345164,6.24886648608265e-11,10091
720575940630917623,6.213158677590748e-11,10092
720575940615553426,6.203753570137478e-11,10093
720575940638060378,6.191781323610711e-11,10094
720575940622405708,6.177856639649891e-11,10095
720575940635508837,6.177856639649891e-11,10096
720575940633958239,6.177856639649891e-11,10097
720575940619441112,6.16283214214525e-11,10098
720575940616561803,6.16283214214525e-11,10099
720575940633616332,6.108442520103264e-11,10100
720575940608074370,6.040570936546561e-11,10101
720575940625839633,6.040570936546561e-11,10102
720575940620201069,6.040570936546561e-11,10103
720575940611569893,5.9743440714192e-11,10104
720575940618660043,5.97419103614495e-11,10105
720575940620370158,5.97419103614495e-11,10106
720575940633884333,5.97419103614495e-11,10107
720575940603683505,5.952387419224713e-11,10108
720575940628081393,5.909254177056418e-11,10109
720575940620267713,5.909254177056418e-11,10110
720575940620232640,5.89150866901721e-11,10111
720575940624057853,5.887277492668864e-11,10112
720575940621121446,5.853500308142022e-11,10113
720575940626997013,5.845713809561188e-11,10114
720575940631467949,5.798948099084698e-11,10115
720575940627410451,5.7859556067978165e-11,10116
720575940622839834,5.7723052285319357e-11,10117
720575940631537526,5.7723052285319357e-11,10118
720575940615003458,5.7723052285319357e-11,10119
720575940624038438,5.7608270705683444e-11,10120
720575940626201933,5.7608270705683444e-11,10121
720575940626869946,5.7608270705683444e-11,10122
720575940621413541,5.7608270705683444e-11,10123
720575940636806622,5.692043476455214e-11,10124
720575940621642376,5.6202946141456303e-11,10125
720575940617074004,5.6202946141456303e-11,10126
720575940632413970,5.6190167432622034e-11,10127
720575940635321054,5.592121038860558e-11,10128
720575940622503133,5.5536702464483575e-11,10129
720575940625033196,5.5434957490673337e-11,10130
720575940625964184,5.5184889463517986e-11,10131
720575940616568645,5.491428124133237e-11,10132
720575940618324625,5.491428124133237e-11,10133
720575940659418241,5.491428124133237e-11,10134
720575940641967349,5.491428124133237e-11,10135
720575940620594014,5.491428124133237e-11,10136
720575940627284935,5.4546961634366936e-11,10137
720575940617537570,5.41649635635754e-11,10138
720575940632197930,5.41649635635754e-11,10139
720575940618561403,5.41649635635754e-11,10140
720575940630571052,5.41649635635754e-11,10141
720575940631287912,5.41649635635754e-11,10142
720575940627605779,5.41649635635754e-11,10143
720575940620758221,5.3826869731603006e-11,10144
720575940612647166,5.3826869731603006e-11,10145
720575940623107464,5.372401575904498e-11,10146
720575940626034819,5.3451867702633416e-11,10147
720575940613345442,5.3451867702633416e-11,10148
720575940630303307,5.278168779506703e-11,10149
720575940637803891,5.2274171566268326e-11,10150
720575940620593749,5.227417156626831e-11,10151
720575940630549820,5.227417156626831e-11,10152
720575940603877408,5.227417156626831e-11,10153
720575940624172290,5.227417156626831e-11,10154
720575940628502090,5.227417156626831e-11,10155
720575940632584147,5.0954662973393044e-11,10156
720575940610508642,5.08085405877748e-11,10157
720575940625791783,5.08085405877748e-11,10158
720575940623474871,5.077593794548321e-11,10159
720575940632622893,5.0656670691052565e-11,10160
720575940633778093,5.0338091137888004e-11,10161
720575940635404143,5.0137103906830443e-11,10162
720575940607055061,5.0121446188686966e-11,10163
720575940631677921,4.9860579796257416e-11,10164
720575940607775106,4.978930238273607e-11,10165
720575940645362308,4.948948178351708e-11,10166
720575940632863639,4.9221704679030284e-11,10167
720575940608331650,4.897760218821536e-11,10168
720575940616702465,4.879052320871395e-11,10169
720575940611844210,4.8750267330441535e-11,10170
720575940621089569,4.8540302168677715e-11,10171
720575940629614953,4.844618972599423e-11,10172
720575940610928338,4.8440274069690205e-11,10173
720575940626326858,4.811074197249473e-11,10174
720575940624496536,4.811074197249473e-11,10175
720575940644696430,4.811074197249473e-11,10176
720575940614309535,4.799742070228672e-11,10177
720575940619385765,4.799742070228672e-11,10178
720575940643693000,4.797136151917707e-11,10179
720575940614132074,4.767010620507399e-11,10180
720575940627066757,4.646593028112739e-11,10181
720575940618713003,4.646593028112739e-11,10182
720575940608199748,4.594310167386449e-11,10183
720575940625907726,4.591674555436531e-11,10184
720575940625212965,4.568499027640256e-11,10185
720575940633428415,4.5298805635609133e-11,10186
720575940630690934,4.5298805635609133e-11,10187
720575940606406078,4.5298805635609133e-11,10188
720575940628942842,4.5075996590171075e-11,10189
720575940619061662,4.456158887616315e-11,10190
720575940631231225,4.447046088255137e-11,10191
720575940627096068,4.398039472950505e-11,10192
720575940623041732,4.379069158636683e-11,10193
720575940639349053,4.379069158636683e-11,10194
720575940623805159,4.352347422379727e-11,10195
720575940621230739,4.342641626673853e-11,10196
720575940605435010,4.2976394014955764e-11,10197
720575940635102745,4.280984982931993e-11,10198
720575940620467115,4.280719561332208e-11,10199
720575940646853508,4.280719561332208e-11,10200
720575940646364014,4.276251037913386e-11,10201
720575940640357795,4.2639324257975724e-11,10202
720575940606787785,4.2639324257975724e-11,10203
720575940634351199,4.2639324257975724e-11,10204
720575940626091609,4.2639324257975724e-11,10205
720575940637496292,4.2639324257975724e-11,10206
720575940604553504,4.2639324257975724e-11,10207
720575940631158242,4.2385168679886303e-11,10208
720575940632376907,4.2143518161952746e-11,10209
720575940617349974,4.123026612876101e-11,10210
720575940617066653,4.0876043931518075e-11,10211
720575940619077255,4.0876043931518075e-11,10212
720575940606857602,4.0270472910310404e-11,10213
720575940627338302,4.0270472910310404e-11,10214
720575940636526308,3.997436649185224e-11,10215
720575940622537653,3.939502784704279e-11,10216
720575940625083628,3.919747951056182e-11,10217
720575940619161629,3.919747951056182e-11,10218
720575940628239183,3.915667226823505e-11,10219
720575940629486018,3.91116103805173e-11,10220
720575940626483985,3.91116103805173e-11,10221
720575940626188490,3.91116103805173e-11,10222
720575940628977170,3.91116103805173e-11,10223
720575940628510480,3.897142539707458e-11,10224
720575940625314547,3.883224173494217e-11,10225
720575940613433519,3.872543670488422e-11,10226
720575940621633683,3.8556835765190814e-11,10227
720575940630778428,3.839227256996886e-11,10228
720575940620422413,3.7753568353416e-11,10229
720575940614099818,3.739261680942469e-11,10230
720575940628779260,3.6983087366611594e-11,10231
720575940628054760,3.6983087366611594e-11,10232
720575940633191066,3.6983087366611594e-11,10233
720575940628734376,3.648667008652285e-11,10234
720575940622649738,3.648667008652285e-11,10235
720575940615480370,3.612301556738807e-11,10236
720575940627186600,3.4775458724407645e-11,10237
720575940637019994,3.4627476706317865e-11,10238
720575940640554045,3.4627476706317865e-11,10239
720575940616934289,3.4627476706317865e-11,10240
720575940628936898,3.428771124928892e-11,10241
720575940648989305,3.428250194229086e-11,10242
720575940611674853,3.4053175437970394e-11,10243
720575940635449495,3.3670692806682105e-11,10244
720575940633352929,3.294856874479942e-11,10245
720575940613215283,3.202311601405822e-11,10246
720575940627747560,3.1259863900013105e-11,10247
720575940618666142,3.124433243041325e-11,10248
720575940638670397,3.106579338795374e-11,10249
720575940611145714,3.0889283198249456e-11,10250
720575940624334827,3.0371585714479915e-11,10251
720575940619435845,3.0202854682732805e-11,10252
720575940640804853,3.011919026532911e-11,10253
720575940626666515,3.005066439344739e-11,10254
720575940611703080,2.987095518072475e-11,10255
720575940640477603,2.987095518072475e-11,10256
720575940636471032,2.987095518072475e-11,10257
720575940634662554,2.987095518072475e-11,10258
720575940605101758,2.938656131292922e-11,10259
720575940625119625,2.938656131292922e-11,10260
720575940622224836,2.938656131292922e-11,10261
720575940630334828,2.899474049542349e-11,10262
720575940636239211,2.899474049542349e-11,10263
720575940631625539,2.8764623507364573e-11,10264
720575940628532623,2.7737315524958696e-11,10265
720575940630649911,2.7737315524958696e-11,10266
720575940618460857,2.7737315524958696e-11,10267
720575940611372590,2.7737315524958696e-11,10268
720575940640175731,2.7737315524958696e-11,10269
720575940619457088,2.7737315524958696e-11,10270
720575940640868184,2.7737315524958696e-11,10271
720575940629184630,2.7596516968994436e-11,10272
720575940618467195,2.7319165039657813e-11,10273
720575940638471357,2.7182569214459524e-11,10274
720575940632582829,2.6519579721423925e-11,10275
720575940625845647,2.6447314587766804e-11,10276
720575940617536473,2.5751427911082545e-11,10277
720575940627153767,2.54042702938874e-11,10278
720575940617353433,2.4824264122794084e-11,10279
720575940634851952,2.4655391577741065e-11,10280
720575940632068141,2.4324446724348567e-11,10281
720575940626840081,2.4270151084338858e-11,10282
720575940626568235,2.4029398522803142e-11,10283
720575940623181823,2.3949400188951124e-11,10284
720575940625589287,2.384435896005221e-11,10285
720575940634522872,2.3740235121798707e-11,10286
720575940627133702,2.3534691960571014e-11,10287
720575940618023707,2.3454588578443763e-11,10288
720575940637050735,2.3433249322809934e-11,10289
720575940631907159,2.3433249322809934e-11,10290
720575940622931976,2.2919904992660543e-11,10291
720575940620129415,2.26521410120496e-11,10292
720575940629142171,2.237248495017245e-11,10293
720575940636477541,2.237248495017245e-11,10294
720575940632433572,2.237248495017245e-11,10295
720575940646608180,2.2235230441275684e-11,10296
720575940620546940,2.2235230441275684e-11,10297
720575940633706916,2.2235230441275684e-11,10298
720575940621567052,2.218985241996696e-11,10299
720575940617672093,2.218985241996696e-11,10300
720575940621002785,2.218985241996696e-11,10301
720575940658297985,2.2010177501586658e-11,10302
720575940639887757,2.1940492769728354e-11,10303
720575940614742850,2.165941770076456e-11,10304
720575940638611034,2.140359780666104e-11,10305
720575940617334745,2.140359780666104e-11,10306
720575940623743999,2.140359780666104e-11,10307
720575940622644556,2.140359780666104e-11,10308
720575940622676092,2.140359780666104e-11,10309
720575940624891284,2.140359780666104e-11,10310
720575940623635848,2.140359780666104e-11,10311
720575940620896289,2.140359780666104e-11,10312
720575940624890037,2.140359780666104e-11,10313
720575940620049542,2.140359780666104e-11,10314
720575940635148468,2.140359780666104e-11,10315
720575940616352578,2.140359780666104e-11,10316
720575940620341185,2.140359780666104e-11,10317
720575940648699257,2.140359780666104e-11,10318
720575940632596511,2.140359780666104e-11,10319
720575940610510531,2.1319662128987862e-11,10320
720575940619590638,2.1319662128987862e-11,10321
720575940639686077,2.1319662128987862e-11,10322
720575940629823531,2.1319662128987862e-11,10323
720575940615043158,2.1319662128987862e-11,10324
720575940634015149,2.1319662128987862e-11,10325
720575940622721524,2.1319662128987862e-11,10326
720575940621432158,2.1319662128987862e-11,10327
720575940626761790,2.1319662128987862e-11,10328
720575940640301939,2.1319662128987862e-11,10329
720575940620417739,2.1319662128987862e-11,10330
720575940611495642,2.1319662128987862e-11,10331
720575940624997820,2.1319662128987862e-11,10332
720575940630665263,2.1236382198796502e-11,10333
720575940627265040,2.1236382198796502e-11,10334
720575940612654573,2.0990400937806583e-11,10335
720575940614770498,2.0829554953608828e-11,10336
720575940624835472,2.0671155296166938e-11,10337
720575940635586405,2.0592855465499638e-11,10338
720575940622118241,2.0515146576950583e-11,10339
720575940632501805,2.0135236455155202e-11,10340
720575940616344477,2.0135236455155202e-11,10341
720575940605115337,1.9697513923521394e-11,10342
720575940638770495,1.9210296264635706e-11,10343
720575940629271352,1.9008789660461206e-11,10344
720575940644702112,1.9008789660461203e-11,10345
720575940631095097,1.8942556943874232e-11,10346
720575940617128705,1.836660082058076e-11,10347
720575940612767893,1.8243335043261426e-11,10348
720575940631756306,1.8243335043261426e-11,10349
720575940606635040,1.8243335043261426e-11,10350
720575940622887721,1.8243335043261426e-11,10351
720575940615341991,1.8243335043261426e-11,10352
720575940621040065,1.8243335043261426e-11,10353
720575940633388115,1.8243335043261426e-11,10354
720575940615196010,1.8243335043261426e-11,10355
720575940618245094,1.8243335043261426e-11,10356
720575940632817253,1.8243335043261426e-11,10357
720575940619870622,1.8182320544788978e-11,10358
720575940629594998,1.7942289910534338e-11,10359
720575940644228375,1.7651018970428263e-11,10360
720575940608494531,1.738065753882314e-11,10361
720575940626691334,1.738065753882314e-11,10362
720575940634334675,1.7369053811156243e-11,10363
720575940625972261,1.7313738353158932e-11,10364
720575940620550705,1.642451312051935e-11,10365
720575940613513642,1.6325867396071786e-11,10366
720575940616062294,1.6180100722892572e-11,10367
720575940618023569,1.6180100722892572e-11,10368
720575940637918286,1.6180100722892572e-11,10369
720575940634027188,1.6180100722892572e-11,10370
720575940611336421,1.6180100722892572e-11,10371
720575940614075390,1.6180100722892572e-11,10372
720575940606649777,1.6180100722892572e-11,10373
720575940630937704,1.6180100722892572e-11,10374
720575940623725080,1.6180100722892572e-11,10375
720575940622744048,1.6180100722892572e-11,10376
720575940638753508,1.6180100722892572e-11,10377
720575940621995430,1.6180100722892572e-11,10378
720575940637711438,1.6180100722892572e-11,10379
720575940629772074,1.6180100722892572e-11,10380
720575940614124906,1.6180100722892572e-11,10381
720575940640750976,1.6180100722892572e-11,10382
720575940621782911,1.6180100722892572e-11,10383
720575940629719404,1.580381931073228e-11,10384
720575940620196628,1.5712467754022845e-11,10385
720575940620565339,1.535738373698278e-11,10386
720575940611086286,1.5059595132664554e-11,10387
720575940639194165,1.5059595132664554e-11,10388
720575940622811430,1.5059595132664554e-11,10389
720575940637172201,1.4935477590362376e-11,10390
720575940638041653,1.4935477590362376e-11,10391
720575940613824914,1.469328065646461e-11,10392
720575940615594658,1.4497370247711744e-11,10393
720575940626854025,1.4382311753682286e-11,10394
720575940645952791,1.412081517634261e-11,10395
720575940606050732,1.412081517634261e-11,10396
720575940616967425,1.4011633615700784e-11,10397
720575940619254036,1.3728570310333093e-11,10398
720575940630461302,1.3490108791295048e-11,10399
720575940644361888,1.3068542891567078e-11,10400
720575940624358792,1.2944080578314059e-11,10401
720575940621440677,1.267252644030747e-11,10402
720575940634030765,1.2162223362174283e-11,10403
720575940631037711,1.2162223362174283e-11,10404
720575940625534345,1.1591713950729007e-11,10405
720575940613123368,1.1373459922368e-11,10406
720575940637429567,1.043476745276757e-11,10407
720575940625334349,1.0315965546284449e-11,10408
720575940633813940,1.0315965546284449e-11,10409
720575940624184764,9.053311978171365e-12,10410
720575940629106251,8.698422148627048e-12,10411
720575940638960957,7.82232207610346e-12,10412
720575940621828084,7.457494983390815e-12,10413
720575940621239679,7.191155876841143e-12,10414
720575940623303108,7.191155876841143e-12,10415
720575940638500942,7.191155876841143e-12,10416
720575940637469254,7.191155876841143e-12,10417
720575940635604581,7.191155876841143e-12,10418
720575940604407468,7.191155876841143e-12,10419
720575940628234599,4.526655989085683e-12,10420
720575940631417887,4.526655989085683e-12,10421
720575940606652117,4.526655989085683e-12,10422
720575940630222807,0.0,10423
720575940635053468,0.0,10424
720575940644318756,0.0,10425
720575940642582039,0.0,10426
720575940634943344,0.0,10427
720575940628295187,0.0,10428
720575940624068244,0.0,10429
720575940627692565,0.0,10430
720575940623314580,0.0,10431
720575940619759041,0.0,10432
720575940637572430,0.0,10433
720575940627131218,0.0,10434
720575940655165089,0.0,10435
720575940609847307,0.0,10436
720575940610679876,0.0,10437
720575940630580854,0.0,10438
720575940623737525,0.0,10439
720575940634849888,0.0,10440
720575940615122326,0.0,10441
720575940633931150,0.0,10442
720575940640779635,0.0,10443
720575940630119532,0.0,10444
720575940611304627,0.0,10445
720575940631035603,0.0,10446
720575940621181066,0.0,10447
720575940622332403,0.0,10448
720575940624991495,0.0,10449
720575940631047751,0.0,10450
720575940632041247,0.0,10451
720575940618769232,0.0,10452
720575940623087821,0.0,10453
720575940624080176,0.0,10454
720575940607369737,0.0,10455
720575940611807795,0.0,10456
720575940646449204,0.0,10457
720575940623098589,0.0,10458
720575940616957913,0.0,10459
720575940628007676,0.0,10460
720575940624100681,0.0,10461
720575940622733133,0.0,10462
720575940630168636,0.0,10463
720575940632160593,0.0,10464
720575940625433488,0.0,10465
720575940611175118,0.0,10466
720575940613637785,0.0,10467
720575940622465732,0.0,10468
720575940615352273,0.0,10469
720575940610208046,0.0,10470
720575940639512483,0.0,10471
720575940639506758,0.0,10472
720575940625917827,0.0,10473
720575940625062552,0.0,10474
720575940627542291,0.0,10475
720575940612042981,0.0,10476
720575940629149804,0.0,10477
720575940646568227,0.0,10478
720575940648683908,0.0,10479
720575940626671633,0.0,10480
720575940656152737,0.0,10481
720575940608799556,0.0,10482
720575940635688169,0.0,10483
720575940615857691,0.0,10484
720575940632613549,0.0,10485
720575940610445666,0.0,10486
720575940619354965,0.0,10487
720575940612763242,0.0,10488
720575940630598159,0.0,10489
720575940637142926,0.0,10490
720575940610797410,0.0,10491
720575940615810909,0.0,10492
720575940626378824,0.0,10493
720575940628557879,0.0,10494
720575940637372221,0.0,10495
720575940638551860,0.0,10496
720575940624428848,0.0,10497
720575940612534056,0.0,10498
720575940628578603,0.0,10499
720575940639092925,0.0,10500
720575940616459637,0.0,10501
720575940604210976,0.0,10502
720575940629901074,0.0,10503
720575940630425285,0.0,10504
720575940622299272,0.0,10505
720575940643795054,0.0,10506
720575940626001746,0.0,10507
720575940630800658,0.0,10508
720575940629786639,0.0,10509
720575940645301812,0.0,10510
720575940629376087,0.0,10511
720575940620205147,0.0,10512
720575940626083428,0.0,10513
720575940622915864,0.0,10514
720575940630667308,0.0,10515
720575940645532292,0.0,10516
720575940614774923,0.0,10517
720575940634116448,0.0,10518
720575940638848346,0.0,10519
720575940607770972,0.0,10520
720575940615023667,0.0,10521
720575940626557995,0.0,10522
720575940618103835,0.0,10523
720575940628038906,0.0,10524
720575940632063289,0.0,10525
720575940622691622,0.0,10526
720575940623838461,0.0,10527
720575940620823796,0.0,10528
720575940611583218,0.0,10529
720575940614499551,0.0,10530
720575940634837343,0.0,10531
720575940622396343,0.0,10532
720575940620921776,0.0,10533
720575940621970342,0.0,10534
720575940621674890,0.0,10535
720575940635936180,0.0,10536
720575940616192373,0.0,10537
720575940618652214,0.0,10538
720575940633280608,0.0,10539
720575940603472864,0.0,10540
720575940624067592,0.0,10541
720575940627704828,0.0,10542
720575940637246948,0.0,10543
720575940625298276,0.0,10544
720575940630839656,0.0,10545
720575940629889383,0.0,10546
720575940637622629,0.0,10547
720575940632556831,0.0,10548
720575940635885931,0.0,10549
720575940615659521,0.0,10550
720575940626027672,0.0,10551
720575940630022223,0.0,10552
720575940632516879,0.0,10553
720575940616661465,0.0,10554
720575940641546715,0.0,10555
720575940629736443,0.0,10556
720575940630573306,0.0,10557
720575940631899496,0.0,10558
720575940626079376,0.0,10559
720575940618253083,0.0,10560
720575940627184253,0.0,10561
720575940621992257,0.0,10562
720575940617077056,0.0,10563
720575940633905294,0.0,10564
720575940631396664,0.0,10565
720575940612804862,0.0,10566
720575940621909739,0.0,10567
720575940614433990,0.0,10568
720575940633395539,0.0,10569
720575940628225256,0.0,10570
720575940659507329,0.0,10571
720575940613571025,0.0,10572
720575940626951690,0.0,10573
720575940622626303,0.0,10574
720575940622953983,0.0,10575
720575940630851065,0.0,10576
720575940619370155,0.0,10577
720575940635995614,0.0,10578
720575940630457797,0.0,10579
720575940629559851,0.0,10580
720575940621282486,0.0,10581
720575940626901327,0.0,10582
720575940619218078,0.0,10583
720575940616805179,0.0,10584
720575940621472294,0.0,10585
720575940607471829,0.0,10586
720575940626022074,0.0,10587
720575940615941270,0.0,10588
720575940626295951,0.0,10589
720575940628578639,0.0,10590
720575940637851982,0.0,10591
720575940619889499,0.0,10592
720575940613799446,0.0,10593
720575940632568680,0.0,10594
720575940615961717,0.0,10595
720575940622177379,0.0,10596
720575940629581399,0.0,10597
720575940626885960,0.0,10598
720575940630097219,0.0,10599
720575940623064968,0.0,10600
720575940607040881,0.0,10601
720575940608970453,0.0,10602
720575940621921285,0.0,10603
720575940622150569,0.0,10604
720575940644239560,0.0,10605
720575940616308921,0.0,10606
720575940629201143,0.0,10607
720575940638572789,0.0,10608
720575940607472649,0.0,10609
720575940614635757,0.0,10610
720575940631341672,0.0,10611
720575940638623165,0.0,10612
720575940622970515,0.0,10613
720575940618971457,0.0,10614
720575940606870283,0.0,10615
720575940612422579,0.0,10616
720575940609487369,0.0,10617
720575940633473761,0.0,10618
720575940616631001,0.0,10619
720575940633645732,0.0,10620
720575940620968021,0.0,10621
720575940636502264,0.0,10622
720575940630787153,0.0,10623
720575940613551144,0.0,10624
720575940608487772,0.0,10625
720575940637424547,0.0,10626
720575940633703393,0.0,10627
720575940640715728,0.0,10628
720575940628165352,0.0,10629
720575940626316602,0.0,10630
720575940610646734,0.0,10631
720575940604972209,0.0,10632
720575940614765777,0.0,10633
720575940621251286,0.0,10634
720575940628591303,0.0,10635
720575940609659331,0.0,10636
720575940642897312,0.0,10637
720575940618458900,0.0,10638
720575940622314534,0.0,10639
720575940610867379,0.0,10640
720575940611168921,0.0,10641
720575940611008718,0.0,10642
720575940625642302,0.0,10643
720575940621926669,0.0,10644
720575940626979621,0.0,10645
720575940621116807,0.0,10646
720575940627300618,0.0,10647
720575940625871460,0.0,10648
720575940617974326,0.0,10649
720575940629647351,0.0,10650
720575940628743752,0.0,10651
720575940622810153,0.0,10652
720575940634249567,0.0,10653
720575940619373888,0.0,10654
720575940609725705,0.0,10655
720575940615703007,0.0,10656
720575940631362553,0.0,10657
720575940629808795,0.0,10658
720575940623160140,0.0,10659
720575940646355508,0.0,10660
720575940623758377,0.0,10661
720575940631999970,0.0,10662
720575940618401240,0.0,10663
720575940624954808,0.0,10664
720575940605424574,0.0,10665
720575940620381567,0.0,10666
720575940630820218,0.0,10667
720575940634490219,0.0,10668
720575940606746034,0.0,10669
720575940634024877,0.0,10670
720575940622431751,0.0,10671
720575940632764995,0.0,10672
720575940625116745,0.0,10673
720575940610056149,0.0,10674
720575940632110287,0.0,10675
720575940627255226,0.0,10676
720575940640159139,0.0,10677
720575940646274670,0.0,10678
720575940623853837,0.0,10679
720575940633277364,0.0,10680
720575940629214070,0.0,10681
720575940614468438,0.0,10682
720575940622594857,0.0,10683
720575940620077990,0.0,10684
720575940627969362,0.0,10685
720575940636652863,0.0,10686
720575940631147833,0.0,10687
720575940612338942,0.0,10688
720575940616613435,0.0,10689
720575940618570525,0.0,10690
720575940639798400,0.0,10691
720575940621398721,0.0,10692
720575940622924838,0.0,10693
720575940635278455,0.0,10694
720575940631738472,0.0,10695
720575940624017357,0.0,10696
720575940633609133,0.0,10697
720575940623463756,0.0,10698
720575940633840782,0.0,10699
720575940621713502,0.0,10700
720575940626967298,0.0,10701
720575940630896308,0.0,10702
720575940616365535,0.0,10703
720575940631189366,0.0,10704
720575940627996285,0.0,10705
720575940622361270,0.0,10706
720575940627457113,0.0,10707
720575940621640150,0.0,10708
720575940633351578,0.0,10709
720575940642266509,0.0,10710
720575940608042076,0.0,10711
720575940620685172,0.0,10712
720575940634133600,0.0,10713
720575940625491556,0.0,10714
720575940641288923,0.0,10715
720575940624903757,0.0,10716
720575940621401072,0.0,10717
720575940623158453,0.0,10718
720575940625841214,0.0,10719
720575940621298164,0.0,10720
720575940623956263,0.0,10721
720575940638928035,0.0,10722
720575940608836291,0.0,10723
720575940645664644,0.0,10724
720575940636325488,0.0,10725
720575940628585948,0.0,10726
720575940624527548,0.0,10727
720575940624167093,0.0,10728
720575940613386386,0.0,10729
720575940629024087,0.0,10730
720575940636268407,0.0,10731
720575940639715712,0.0,10732
720575940640420304,0.0,10733
720575940621447629,0.0,10734
720575940628050408,0.0,10735
720575940607881667,0.0,10736
720575940654449313,0.0,10737
720575940622836460,0.0,10738
720575940640559165,0.0,10739
720575940638716275,0.0,10740
720575940634161504,0.0,10741
720575940629377367,0.0,10742
720575940624331082,0.0,10743
720575940616335675,0.0,10744
720575940617393437,0.0,10745
720575940635606639,0.0,10746
720575940638791101,0.0,10747
720575940622508073,0.0,10748
720575940611225237,0.0,10749
720575940618996894,0.0,10750
720575940627725401,0.0,10751
720575940627299358,0.0,10752
720575940620285400,0.0,10753
720575940629868843,0.0,10754
720575940629428674,0.0,10755
720575940635276384,0.0,10756
720575940613017493,0.0,10757
720575940659071361,0.0,10758
720575940613428008,0.0,10759
720575940622141965,0.0,10760
720575940624943084,0.0,10761
720575940624533948,0.0,10762
720575940625579722,0.0,10763
720575940620568436,0.0,10764
720575940606736002,0.0,10765
720575940623614903,0.0,10766
720575940624566566,0.0,10767
720575940631724306,0.0,10768
720575940626186512,0.0,10769
720575940604114604,0.0,10770
720575940625844721,0.0,10771
720575940632670434,0.0,10772
720575940611501205,0.0,10773
720575940623457535,0.0,10774
720575940623184637,0.0,10775
720575940637095657,0.0,10776
720575940621325601,0.0,10777
720575940620382324,0.0,10778
720575940617127451,0.0,10779
720575940630503798,0.0,10780
720575940626533642,0.0,10781
720575940621455017,0.0,10782
720575940624277652,0.0,10783
720575940610678482,0.0,10784
720575940619551824,0.0,10785
720575940624374334,0.0,10786
720575940644132900,0.0,10787
720575940611640755,0.0,10788
720575940626678035,0.0,10789
720575940627210568,0.0,10790
720575940631977299,0.0,10791
720575940635244724,0.0,10792
720575940616437597,0.0,10793
720575940622611224,0.0,10794
720575940638984099,0.0,10795
720575940612149418,0.0,10796
720575940624179384,0.0,10797
720575940627031226,0.0,10798
720575940629998277,0.0,10799
720575940655641505,0.0,10800
720575940635335319,0.0,10801
720575940640850304,0.0,10802
720575940641399248,0.0,10803
720575940615787718,0.0,10804
720575940607853323,0.0,10805
720575940609733845,0.0,10806
720575940612947887,0.0,10807
720575940628948444,0.0,10808
720575940634291045,0.0,10809
720575940605858784,0.0,10810
720575940607452594,0.0,10811
720575940605846962,0.0,10812
720575940623454216,0.0,10813
720575940629183643,0.0,10814
720575940618519710,0.0,10815
720575940616293855,0.0,10816
720575940629123914,0.0,10817
720575940638264390,0.0,10818
720575940621064128,0.0,10819
720575940640146035,0.0,10820
720575940628817367,0.0,10821
720575940623360440,0.0,10822
720575940638909493,0.0,10823
720575940630783023,0.0,10824
720575940616856605,0.0,10825
720575940631502137,0.0,10826
720575940629636395,0.0,10827
720575940645332259,0.0,10828
720575940627902863,0.0,10829
720575940628235260,0.0,10830
720575940639532240,0.0,10831
720575940619445451,0.0,10832
720575940612564338,0.0,10833
720575940653577974,0.0,10834
720575940625964377,0.0,10835
720575940640625469,0.0,10836
720575940624065724,0.0,10837
720575940604404913,0.0,10838
720575940614988967,0.0,10839
720575940610008217,0.0,10840
720575940637744094,0.0,10841
720575940624238640,0.0,10842
720575940629117699,0.0,10843
720575940622276340,0.0,10844
720575940630857977,0.0,10845
720575940630750402,0.0,10846
720575940630919740,0.0,10847
720575940626275632,0.0,10848
720575940622484044,0.0,10849
720575940633710756,0.0,10850
720575940616419701,0.0,10851
720575940619770608,0.0,10852
720575940638638670,0.0,10853
720575940619085397,0.0,10854
720575940623925822,0.0,10855
720575940630118979,0.0,10856
720575940628871276,0.0,10857
720575940619085190,0.0,10858
720575940631366061,0.0,10859
720575940631069255,0.0,10860
720575940618082128,0.0,10861
720575940619546422,0.0,10862
720575940620516555,0.0,10863
720575940617533067,0.0,10864
720575940637949040,0.0,10865
720575940629425920,0.0,10866
720575940607944384,0.0,10867
720575940633437850,0.0,10868
720575940640515699,0.0,10869
720575940642423797,0.0,10870
720575940619097211,0.0,10871
720575940632399976,0.0,10872
720575940617905713,0.0,10873
720575940612990486,0.0,10874
720575940626077928,0.0,10875
720575940632376416,0.0,10876
720575940611619299,0.0,10877
720575940618876209,0.0,10878
720575940628358675,0.0,10879
720575940628111875,0.0,10880
720575940624393715,0.0,10881
720575940643656046,0.0,10882
720575940612796438,0.0,10883
720575940610585317,0.0,10884
720575940627572200,0.0,10885
720575940623852476,0.0,10886
720575940633478701,0.0,10887
720575940630334201,0.0,10888
720575940615660650,0.0,10889
720575940632728095,0.0,10890
720575940602885344,0.0,10891
720575940635435159,0.0,10892
720575940610576708,0.0,10893
720575940627569920,0.0,10894
720575940621870576,0.0,10895
720575940633706148,0.0,10896
720575940632787863,0.0,10897
720575940611550418,0.0,10898
720575940620801304,0.0,10899
720575940621169690,0.0,10900
720575940621126384,0.0,10901
720575940633195148,0.0,10902
720575940628781333,0.0,10903
720575940642449909,0.0,10904
720575940633165452,0.0,10905
720575940621071495,0.0,10906
720575940619993776,0.0,10907
720575940644542880,0.0,10908
720575940637062263,0.0,10909
720575940621587324,0.0,10910
720575940637506281,0.0,10911
720575940629676035,0.0,10912
720575940635907179,0.0,10913
720575940623093068,0.0,10914
720575940629469404,0.0,10915
720575940614378602,0.0,10916
720575940635869285,0.0,10917
720575940633280537,0.0,10918
720575940616340639,0.0,10919
720575940607058524,0.0,10920
720575940617478725,0.0,10921
720575940625728284,0.0,10922
720575940622223487,0.0,10923
720575940624882106,0.0,10924
720575940622746394,0.0,10925
720575940617403622,0.0,10926
720575940631023099,0.0,10927
720575940619682368,0.0,10928
720575940620672193,0.0,10929
720575940621007270,0.0,10930
720575940633776665,0.0,10931
720575940614716712,0.0,10932
720575940629552795,0.0,10933
720575940605674249,0.0,10934
720575940606993074,0.0,10935
720575940631437997,0.0,10936
720575940614582687,0.0,10937
720575940634256028,0.0,10938
720575940631574636,0.0,10939
720575940617299490,0.0,10940
720575940616938555,0.0,10941
720575940611360661,0.0,10942
720575940629766782,0.0,10943
720575940623203720,0.0,10944
720575940625780026,0.0,10945
720575940628839623,0.0,10946
720575940625119588,0.0,10947
720575940635987647,0.0,10948
720575940624253624,0.0,10949
720575940610768994,0.0,10950
720575940629963068,0.0,10951
720575940627549205,0.0,10952
720575940625040053,0.0,10953
720575940625310014,0.0,10954
720575940627014641,0.0,10955
720575940626624488,0.0,10956
720575940634583694,0.0,10957
720575940607452117,0.0,10958
720575940624163984,0.0,10959
720575940640817204,0.0,10960
720575940609713250,0.0,10961
720575940625409086,0.0,10962
720575940623324630,0.0,10963
720575940612031129,0.0,10964
720575940619169633,0.0,10965
720575940606112940,0.0,10966
720575940612586151,0.0,10967
720575940614572906,0.0,10968
720575940623311847,0.0,10969
720575940627007019,0.0,10970
720575940621894365,0.0,10971
720575940612276963,0.0,10972
720575940610015790,0.0,10973
720575940640842485,0.0,10974
720575940624589500,0.0,10975
720575940603183840,0.0,10976
720575940624589770,0.0,10977
720575940622558133,0.0,10978
720575940627768219,0.0,10979
720575940609844117,0.0,10980
720575940621203632,0.0,10981
720575940606685129,0.0,10982
720575940631069381,0.0,10983
720575940642631131,0.0,10984
720575940629209399,0.0,10985
720575940623972610,0.0,10986
720575940618289867,0.0,10987
720575940607345365,0.0,10988
720575940628947799,0.0,10989
720575940618003284,0.0,10990
720575940613952479,0.0,10991
720575940616758075,0.0,10992
720575940616791067,0.0,10993
720575940618625927,0.0,10994
720575940620467365,0.0,10995
720575940623653002,0.0,10996
720575940608212804,0.0,10997
720575940660219265,0.0,10998
720575940614734754,0.0,10999
720575940625023024,0.0,11000
720575940617541147,0.0,11001
720575940612418483,0.0,11002
720575940632229457,0.0,11003
720575940616501787,0.0,11004
720575940617110306,0.0,11005
720575940629089067,0.0,11006
720575940614291871,0.0,11007
720575940608906965,0.0,11008
720575940627497384,0.0,11009
720575940605291040,0.0,11010
720575940616595980,0.0,11011
720575940625607178,0.0,11012
720575940614433503,0.0,11013
720575940635082347,0.0,11014
720575940618267339,0.0,11015
720575940606536393,0.0,11016
720575940627835591,0.0,11017
720575940604054188,0.0,11018
720575940624117528,0.0,11019
720575940633330111,0.0,11020
720575940610792290,0.0,11021
720575940616570966,0.0,11022
720575940636044143,0.0,11023
720575940620982966,0.0,11024
720575940621351412,0.0,11025
720575940618889931,0.0,11026
720575940630915346,0.0,11027
720575940637471677,0.0,11028
720575940625962920,0.0,11029
720575940612958614,0.0,11030
720575940623837693,0.0,11031
720575940611385829,0.0,11032
720575940619684928,0.0,11033
720575940628687272,0.0,11034
720575940651425782,0.0,11035
720575940627076964,0.0,11036
720575940621870886,0.0,11037
720575940626210916,0.0,11038
720575940617576733,0.0,11039
720575940616353675,0.0,11040
720575940628998659,0.0,11041
720575940619979387,0.0,11042
720575940626360836,0.0,11043
720575940623325654,0.0,11044
720575940609910795,0.0,11045
720575940632659552,0.0,11046
720575940630025175,0.0,11047
720575940628309251,0.0,11048
720575940633634530,0.0,11049
720575940605395232,0.0,11050
720575940617422731,0.0,11051
720575940621684358,0.0,11052
720575940614138783,0.0,11053
720575940623281043,0.0,11054
720575940627353426,0.0,11055
720575940628589438,0.0,11056
720575940630817658,0.0,11057
720575940628295482,0.0,11058
720575940640039768,0.0,11059
720575940627868471,0.0,11060
720575940625524938,0.0,11061
720575940621743240,0.0,11062
720575940621906470,0.0,11063
720575940633130592,0.0,11064
720575940625279987,0.0,11065
720575940616760844,0.0,11066
720575940623969259,0.0,11067
720575940621904767,0.0,11068
720575940615285393,0.0,11069
720575940625269136,0.0,11070
720575940646614404,0.0,11071
720575940622274124,0.0,11072
720575940618027399,0.0,11073
720575940625662360,0.0,11074
720575940620312797,0.0,11075
720575940608305756,0.0,11076
720575940606325094,0.0,11077
720575940627704375,0.0,11078
720575940644612900,0.0,11079
720575940613789137,0.0,11080
720575940621511441,0.0,11081
720575940622658301,0.0,11082
720575940611943141,0.0,11083
720575940622668671,0.0,11084
720575940646786595,0.0,11085
720575940617668662,0.0,11086
720575940622352764,0.0,11087
720575940616032918,0.0,11088
720575940637660733,0.0,11089
720575940645834275,0.0,11090
720575940616417090,0.0,11091
720575940618829915,0.0,11092
720575940626066197,0.0,11093
720575940617929250,0.0,11094
720575940624111408,0.0,11095
720575940617843483,0.0,11096
720575940622403819,0.0,11097
720575940626886159,0.0,11098
720575940630097256,0.0,11099
720575940643576480,0.0,11100
720575940620054125,0.0,11101
720575940621203297,0.0,11102
720575940639078589,0.0,11103
720575940625020651,0.0,11104
720575940626088835,0.0,11105
720575940626708523,0.0,11106
720575940628897662,0.0,11107
720575940603029472,0.0,11108
720575940612171726,0.0,11109
720575940633543531,0.0,11110
720575940624007523,0.0,11111
720575940622133158,0.0,11112
720575940630620044,0.0,11113
720575940608894812,0.0,11114
720575940614900882,0.0,11115
720575940619105438,0.0,11116
720575940629112887,0.0,11117
720575940619167798,0.0,11118
720575940624173063,0.0,11119
720575940633345700,0.0,11120
720575940618531611,0.0,11121
720575940623389183,0.0,11122
720575940633877985,0.0,11123
720575940625549464,0.0,11124
720575940624342515,0.0,11125
720575940629583914,0.0,11126
720575940620869717,0.0,11127
720575940629750138,0.0,11128
720575940609388501,0.0,11129
720575940625478296,0.0,11130
720575940637212894,0.0,11131
720575940621617286,0.0,11132
720575940625480940,0.0,11133
720575940635394552,0.0,11134
720575940614423038,0.0,11135
720575940613582233,0.0,11136
720575940625039880,0.0,11137
720575940631925156,0.0,11138
720575940613646565,0.0,11139
720575940621119061,0.0,11140
720575940643258916,0.0,11141
720575940631865029,0.0,11142
720575940623993015,0.0,11143
720575940645528430,0.0,11144
720575940623390246,0.0,11145
720575940647474979,0.0,11146
720575940628405514,0.0,11147
720575940630817071,0.0,11148
720575940604081836,0.0,11149
720575940628326594,0.0,11150
720575940614596795,0.0,11151
720575940611145682,0.0,11152
720575940607180418,0.0,11153
720575940629150261,0.0,11154
720575940625269194,0.0,11155
720575940643160520,0.0,11156
720575940632532428,0.0,11157
720575940638253790,0.0,11158
720575940620237550,0.0,11159
720575940617405755,0.0,11160
720575940612434099,0.0,11161
720575940632757658,0.0,11162
720575940637534349,0.0,11163
720575940619288478,0.0,11164
720575940635875038,0.0,11165
720575940621183326,0.0,11166
720575940632626223,0.0,11167
720575940612057186,0.0,11168
720575940634323808,0.0,11169
720575940610310339,0.0,11170
720575940618450105,0.0,11171
720575940630495738,0.0,11172
720575940634717591,0.0,11173
720575940626270000,0.0,11174
720575940637453894,0.0,11175
720575940637376869,0.0,11176
720575940626595274,0.0,11177
720575940642499725,0.0,11178
720575940616502133,0.0,11179
720575940626480792,0.0,11180
720575940620994287,0.0,11181
720575940645824644,0.0,11182
720575940620888191,0.0,11183
720575940627277950,0.0,11184
720575940630554728,0.0,11185
720575940622592099,0.0,11186
720575940622166115,0.0,11187
720575940633218444,0.0,11188
720575940629810748,0.0,11189
720575940645697828,0.0,11190
720575940632052194,0.0,11191
720575940629117148,0.0,11192
720575940628828631,0.0,11193
720575940608971218,0.0,11194
720575940631549231,0.0,11195
720575940637277766,0.0,11196
720575940611527886,0.0,11197
720575940608021596,0.0,11198
720575940629812284,0.0,11199
720575940621521917,0.0,11200
720575940628605096,0.0,11201
720575940626293534,0.0,11202
720575940631038208,0.0,11203
720575940618335889,0.0,11204
720575940643355080,0.0,11205
720575940636926583,0.0,11206
720575940629484482,0.0,11207
720575940623553468,0.0,11208
720575940618998644,0.0,11209
720575940617589573,0.0,11210
720575940621686561,0.0,11211
720575940614677307,0.0,11212
720575940610186905,0.0,11213
720575940612970151,0.0,11214
720575940620932774,0.0,11215
720575940609416969,0.0,11216
720575940622235930,0.0,11217
720575940631985349,0.0,11218
720575940636507493,0.0,11219
720575940620129961,0.0,11220
720575940606548914,0.0,11221
720575940631182354,0.0,11222
720575940615249314,0.0,11223
720575940618217280,0.0,11224
720575940614204414,0.0,11225
720575940627197200,0.0,11226
720575940620898544,0.0,11227
720575940631384545,0.0,11228
720575940629549815,0.0,11229
720575940636365540,0.0,11230
720575940625650378,0.0,11231
720575940622570165,0.0,11232
720575940627714665,0.0,11233
720575940633547359,0.0,11234
720575940627845711,0.0,11235
720575940627976776,0.0,11236
720575940615033410,0.0,11237
720575940628711080,0.0,11238
720575940638933045,0.0,11239
720575940630794767,0.0,11240
720575940626699045,0.0,11241
720575940635154271,0.0,11242
720575940641518069,0.0,11243
720575940617201553,0.0,11244
720575940629814332,0.0,11245
720575940609661906,0.0,11246
720575940622212045,0.0,11247
720575940632107940,0.0,11248
720575940619295623,0.0,11249
720575940627356495,0.0,11250
720575940611630194,0.0,11251
720575940622277400,0.0,11252
720575940611899158,0.0,11253
720575940612403437,0.0,11254
720575940619024816,0.0,11255
720575940613200530,0.0,11256
720575940621654664,0.0,11257
720575940619557473,0.0,11258
720575940629126651,0.0,11259
720575940628274626,0.0,11260
720575940634140084,0.0,11261
720575940628700571,0.0,11262
720575940626374040,0.0,11263
720575940613627158,0.0,11264
720575940616907067,0.0,11265
720575940636498660,0.0,11266
720575940610254638,0.0,11267
720575940615434123,0.0,11268
720575940608193545,0.0,11269
720575940632968161,0.0,11270
720575940624078436,0.0,11271
720575940624111177,0.0,11272
720575940629386819,0.0,11273
720575940611863928,0.0,11274
720575940628216975,0.0,11275
720575940626077010,0.0,11276
720575940617034333,0.0,11277
720575940620113799,0.0,11278
720575940614478278,0.0,11279
720575940621097398,0.0,11280
720575940622709725,0.0,11281
720575940629354703,0.0,11282
720575940626701886,0.0,11283
720575940624308355,0.0,11284
720575940619065429,0.0,11285
720575940630075448,0.0,11286
720575940617426973,0.0,11287
720575940632569145,0.0,11288
720575940638529525,0.0,11289
720575940633122711,0.0,11290
720575940616421307,0.0,11291
720575940604217534,0.0,11292
720575940615096495,0.0,11293
720575940628826172,0.0,11294
720575940620896240,0.0,11295
720575940611327923,0.0,11296
720575940613152426,0.0,11297
720575940640291125,0.0,11298
720575940621283931,0.0,11299
720575940629775324,0.0,11300
720575940628896252,0.0,11301
720575940614037229,0.0,11302
720575940624327572,0.0,11303
720575940609774091,0.0,11304
720575940631383085,0.0,11305
720575940630858767,0.0,11306
720575940629985900,0.0,11307
720575940608412611,0.0,11308
720575940617063325,0.0,11309
720575940629220214,0.0,11310
720575940631022329,0.0,11311
720575940643903904,0.0,11312
720575940617095837,0.0,11313
720575940624993543,0.0,11314
720575940630404419,0.0,11315
720575940639410035,0.0,11316
720575940632430381,0.0,11317
720575940634014362,0.0,11318
720575940617433371,0.0,11319
720575940630796908,0.0,11320
720575940616242918,0.0,11321
720575940604249824,0.0,11322
720575940625680074,0.0,11323
720575940623746708,0.0,11324
720575940622075530,0.0,11325
720575940634789495,0.0,11326
720575940630530263,0.0,11327
720575940623222271,0.0,11328
720575940624930999,0.0,11329
720575940620244741,0.0,11330
720575940624468455,0.0,11331
720575940610705843,0.0,11332
720575940619329414,0.0,11333
720575940621846883,0.0,11334
720575940630759755,0.0,11335
720575940608280841,0.0,11336
720575940613097881,0.0,11337
720575940613622014,0.0,11338
720575940632698835,0.0,11339
720575940650422006,0.0,11340
720575940635545310,0.0,11341
720575940638592384,0.0,11342
720575940620602721,0.0,11343
720575940631416109,0.0,11344
720575940622961961,0.0,11345
720575940628926684,0.0,11346
720575940611690666,0.0,11347
720575940628107397,0.0,11348
720575940626108433,0.0,11349
720575940635390350,0.0,11350
720575940605824946,0.0,11351
720575940629253376,0.0,11352
720575940628402023,0.0,11353
720575940631809863,0.0,11354
720575940606621374,0.0,11355
720575940632507919,0.0,11356
720575940628730129,0.0,11357
720575940622114145,0.0,11358
720575940631359412,0.0,11359
720575940631167043,0.0,11360
720575940638432053,0.0,11361
720575940612940269,0.0,11362
720575940620276144,0.0,11363
720575940609298808,0.0,11364
720575940630630284,0.0,11365
720575940628434167,0.0,11366
720575940652059894,0.0,11367
720575940605398206,0.0,11368
720575940629122170,0.0,11369
720575940637289573,0.0,11370
720575940628040778,0.0,11371
720575940626402376,0.0,11372
720575940620281048,0.0,11373
720575940627812295,0.0,11374
720575940629996794,0.0,11375
720575940623467084,0.0,11376
720575940621323689,0.0,11377
720575940620486209,0.0,11378
720575940607832498,0.0,11379
720575940631101548,0.0,11380
720575940623197976,0.0,11381
720575940640077400,0.0,11382
720575940623519502,0.0,11383
720575940615229115,0.0,11384
720575940635184820,0.0,11385
720575940635847269,0.0,11386
720575940629273585,0.0,11387
720575940631219830,0.0,11388
720575940634309477,0.0,11389
720575940636307448,0.0,11390
720575940623396607,0.0,11391
720575940611829477,0.0,11392
720575940625755850,0.0,11393
720575940643562952,0.0,11394
720575940632768031,0.0,11395
720575940641484277,0.0,11396
720575940624248300,0.0,11397
720575940618972587,0.0,11398
720575940627099006,0.0,11399
720575940637751524,0.0,11400
720575940623101877,0.0,11401
720575940618255936,0.0,11402
720575940628901758,0.0,11403
720575940624989111,0.0,11404
720575940618090141,0.0,11405
720575940626882762,0.0,11406
720575940631231033,0.0,11407
720575940638244068,0.0,11408
720575940615830228,0.0,11409
720575940625333292,0.0,11410
720575940627458570,0.0,11411
720575940613193642,0.0,11412
720575940621124016,0.0,11413
720575940625362840,0.0,11414
720575940629194614,0.0,11415
720575940638107445,0.0,11416
720575940633257753,0.0,11417
720575940629620421,0.0,11418
720575940622052586,0.0,11419
720575940637289694,0.0,11420
720575940624502601,0.0,11421
720575940615343825,0.0,11422
720575940626029200,0.0,11423
720575940619922358,0.0,11424
720575940605209521,0.0,11425
720575940609732398,0.0,11426
720575940615826269,0.0,11427
720575940618678045,0.0,11428
720575940627351543,0.0,11429
720575940634241727,0.0,11430
720575940623529875,0.0,11431
720575940606913154,0.0,11432
720575940631554616,0.0,11433
720575940640683891,0.0,11434
720575940614912402,0.0,11435
720575940636569434,0.0,11436
720575940620676929,0.0,11437
720575940624903994,0.0,11438
720575940614417258,0.0,11439
720575940619075207,0.0,11440
720575940621434495,0.0,11441
720575940620254829,0.0,11442
720575940633165207,0.0,11443
720575940616401375,0.0,11444
720575940629035116,0.0,11445
720575940632016943,0.0,11446
720575940623267732,0.0,11447
720575940637850557,0.0,11448
720575940630870851,0.0,11449
720575940626801169,0.0,11450
720575940611059922,0.0,11451
720575940613323030,0.0,11452
720575940632025939,0.0,11453
720575940625196472,0.0,11454
720575940615981173,0.0,11455
720575940644656419,0.0,11456
720575940606011570,0.0,11457
720575940627112492,0.0,11458
720575940624950349,0.0,11459
720575940623420651,0.0,11460
720575940619107675,0.0,11461
720575940631788871,0.0,11462
720575940617665856,0.0,11463
720575940639226431,0.0,11464
720575940624400713,0.0,11465
720575940630770550,0.0,11466
720575940629590981,0.0,11467
720575940628935564,0.0,11468
720575940609831800,0.0,11469
720575940619498337,0.0,11470
720575940631262035,0.0,11471
720575940637619007,0.0,11472
720575940607931145,0.0,11473
720575940622807629,0.0,11474
720575940616548692,0.0,11475
720575940618911425,0.0,11476
720575940625418983,0.0,11477
720575940623986983,0.0,11478
720575940616286465,0.0,11479
720575940625363096,0.0,11480
720575940609732654,0.0,11481
720575940619759552,0.0,11482
720575940632803996,0.0,11483
720575940622581709,0.0,11484
720575940628742043,0.0,11485
720575940611473301,0.0,11486
720575940620156763,0.0,11487
720575940626644679,0.0,11488
720575940624576845,0.0,11489
720575940630930191,0.0,11490
720575940619330251,0.0,11491
720575940637844157,0.0,11492
720575940609565230,0.0,11493
720575940626833926,0.0,11494
720575940606190025,0.0,11495
720575940608524224,0.0,11496
720575940615239746,0.0,11497
720575940626309509,0.0,11498
720575940609859960,0.0,11499
720575940616172650,0.0,11500
720575940614186914,0.0,11501
720575940624547878,0.0,11502
720575940613824874,0.0,11503
720575940630667587,0.0,11504
720575940636735886,0.0,11505
720575940641552117,0.0,11506
720575940640632893,0.0,11507
720575940627036478,0.0,11508
720575940620511493,0.0,11509
720575940632285132,0.0,11510
720575940626346938,0.0,11511
720575940611830451,0.0,11512
720575940625170667,0.0,11513
720575940608875703,0.0,11514
720575940625890888,0.0,11515
720575940632477738,0.0,11516
720575940634424511,0.0,11517
720575940605191526,0.0,11518
720575940630478892,0.0,11519
720575940625095813,0.0,11520
720575940624800868,0.0,11521
720575940645904675,0.0,11522
720575940608942275,0.0,11523
720575940634239083,0.0,11524
720575940639449909,0.0,11525
720575940622770189,0.0,11526
720575940651933686,0.0,11527
720575940608876471,0.0,11528
720575940624422141,0.0,11529
720575940627554203,0.0,11530
720575940607639307,0.0,11531
720575940628078346,0.0,11532
720575940614446790,0.0,11533
720575940618640965,0.0,11534
720575940628430920,0.0,11535
720575940621196826,0.0,11536
720575940613135870,0.0,11537
720575940618149972,0.0,11538
720575940618085937,0.0,11539
720575940620969477,0.0,11540
720575940627752443,0.0,11541
720575940620150255,0.0,11542
720575940618544507,0.0,11543
720575940627195691,0.0,11544
720575940629275180,0.0,11545
720575940618677976,0.0,11546
720575940611807641,0.0,11547
720575940633027865,0.0,11548
720575940626933002,0.0,11549
720575940624755896,0.0,11550
720575940625217978,0.0,11551
720575940614647658,0.0,11552
720575940635191694,0.0,11553
720575940638894397,0.0,11554
720575940614514886,0.0,11555
720575940616612025,0.0,11556
720575940611958963,0.0,11557
720575940625229861,0.0,11558
720575940630472727,0.0,11559
720575940640761819,0.0,11560
720575940630964187,0.0,11561
720575940619757488,0.0,11562
720575940620743883,0.0,11563
720575940612027285,0.0,11564
720575940622198298,0.0,11565
720575940611007717,0.0,11566
720575940635092122,0.0,11567
720575940615070837,0.0,11568
720575940627883087,0.0,11569
720575940618118193,0.0,11570
720575940620447329,0.0,11571
720575940647073412,0.0,11572
720575940619883344,0.0,11573
720575940637236287,0.0,11574
720575940613105311,0.0,11575
720575940627532933,0.0,11576
720575940607764681,0.0,11577
720575940622155485,0.0,11578
720575940632788511,0.0,11579
720575940627442707,0.0,11580
720575940629101135,0.0,11581
720575940628768680,0.0,11582
720575940634999950,0.0,11583
720575940624475656,0.0,11584
720575940621002605,0.0,11585
720575940624283901,0.0,11586
720575940621919940,0.0,11587
720575940614117039,0.0,11588
720575940625885512,0.0,11589
720575940619549520,0.0,11590
720575940627118892,0.0,11591
720575940629576463,0.0,11592
720575940607785739,0.0,11593
720575940616862465,0.0,11594
720575940622433799,0.0,11595
720575940613900178,0.0,11596
720575940637293146,0.0,11597
720575940627694744,0.0,11598
720575940629774274,0.0,11599
720575940621715336,0.0,11600
720575940624794611,0.0,11601
720575940637807156,0.0,11602
720575940637114509,0.0,11603
720575940633590167,0.0,11604
720575940613782239,0.0,11605
720575940615355798,0.0,11606
720575940618763201,0.0,11607
720575940637932451,0.0,11608
720575940610343642,0.0,11609
720575940622437770,0.0,11610
720575940625349520,0.0,11611
720575940624019893,0.0,11612
720575940630644439,0.0,11613
720575940660229505,0.0,11614
720575940618899579,0.0,11615
720575940621729968,0.0,11616
720575940632281927,0.0,11617
720575940631866508,0.0,11618
720575940628978409,0.0,11619
720575940661338497,0.0,11620
720575940605622658,0.0,11621
720575940638652800,0.0,11622
720575940609620693,0.0,11623
720575940619909652,0.0,11624
720575940613814971,0.0,11625
720575940645745188,0.0,11626
720575940631841311,0.0,11627
720575940630538799,0.0,11628
720575940611324530,0.0,11629
720575940625283646,0.0,11630
720575940619545905,0.0,11631
720575940627680021,0.0,11632
720575940608285570,0.0,11633
720575940621761057,0.0,11634
720575940618861105,0.0,11635
720575940631444013,0.0,11636
720575940623252173,0.0,11637
720575940613603698,0.0,11638
720575940626027341,0.0,11639
720575940630601854,0.0,11640
720575940634109154,0.0,11641
720575940613526937,0.0,11642
720575940617415202,0.0,11643
720575940611227029,0.0,11644
720575940610899349,0.0,11645
720575940633738603,0.0,11646
720575940621614435,0.0,11647
720575940628079742,0.0,11648
720575940618795911,0.0,11649
720575940618796352,0.0,11650
720575940608376073,0.0,11651
720575940623252723,0.0,11652
720575940626825744,0.0,11653
720575940615438482,0.0,11654
720575940631641704,0.0,11655
720575940628397655,0.0,11656
720575940620959258,0.0,11657
720575940628891774,0.0,11658
720575940626562570,0.0,11659
720575940632165857,0.0,11660
720575940629380559,0.0,11661
720575940629058391,0.0,11662
720575940625494053,0.0,11663
720575940613793170,0.0,11664
720575940637232447,0.0,11665
720575940660123777,0.0,11666
720575940605443017,0.0,11667
720575940619034782,0.0,11668
720575940632081439,0.0,11669
720575940630625132,0.0,11670
720575940614929245,0.0,11671
720575940618517185,0.0,11672
720575940623978239,0.0,11673
720575940622501214,0.0,11674
720575940643251748,0.0,11675
720575940626597662,0.0,11676
720575940624727226,0.0,11677
720575940618156315,0.0,11678
720575940615879995,0.0,11679
720575940629972215,0.0,11680
720575940620575579,0.0,11681
720575940635507824,0.0,11682
720575940625087546,0.0,11683
720575940622205505,0.0,11684
720575940626627580,0.0,11685
720575940624180616,0.0,11686
720575940610024056,0.0,11687
720575940635552111,0.0,11688
720575940618933558,0.0,11689
720575940626803714,0.0,11690
720575940636147704,0.0,11691
720575940635629163,0.0,11692
720575940624923379,0.0,11693
720575940621517227,0.0,11694
720575940629130492,0.0,11695
720575940619955102,0.0,11696
720575940627032834,0.0,11697
720575940635482542,0.0,11698
720575940605489632,0.0,11699
720575940630528512,0.0,11700
720575940612258254,0.0,11701
720575940616835634,0.0,11702
720575940644887831,0.0,11703
720575940629652995,0.0,11704
720575940628463559,0.0,11705
720575940614214115,0.0,11706
720575940616453563,0.0,11707
720575940626499594,0.0,11708
720575940628592684,0.0,11709
720575940629051343,0.0,11710
720575940607078066,0.0,11711
720575940625807193,0.0,11712
720575940624071975,0.0,11713
720575940628133714,0.0,11714
720575940630722351,0.0,11715
720575940622595828,0.0,11716
720575940622923447,0.0,11717
720575940615220383,0.0,11718
720575940630946245,0.0,11719
720575940625777040,0.0,11720
720575940622657268,0.0,11721
720575940641339021,0.0,11722
720575940626814501,0.0,11723
720575940630787665,0.0,11724
720575940624168455,0.0,11725
720575940615367530,0.0,11726
720575940630149420,0.0,11727
720575940638361919,0.0,11728
720575940640537984,0.0,11729
720575940605597058,0.0,11730
720575940615920799,0.0,11731
720575940632146792,0.0,11732
720575940640203061,0.0,11733
720575940645400100,0.0,11734
720575940648706692,0.0,11735
720575940638586496,0.0,11736
720575940607484939,0.0,11737
720575940608516107,0.0,11738
720575940630212601,0.0,11739
720575940620400987,0.0,11740
720575940638259544,0.0,11741
720575940629903691,0.0,11742
720575940640004541,0.0,11743
720575940625352947,0.0,11744
720575940605793470,0.0,11745
720575940624538189,0.0,11746
720575940631295336,0.0,11747
720575940623449676,0.0,11748
720575940628356358,0.0,11749
720575940604103084,0.0,11750
720575940628533036,0.0,11751
720575940629852866,0.0,11752
720575940613107734,0.0,11753
720575940633278689,0.0,11754
720575940618369209,0.0,11755
720575940652186102,0.0,11756
720575940624366055,0.0,11757
720575940613781983,0.0,11758
720575940632000979,0.0,11759
720575940634589594,0.0,11760
720575940643240228,0.0,11761
720575940623087507,0.0,11762
720575940630202983,0.0,11763
720575940630765783,0.0,11764
720575940619455552,0.0,11765
720575940626091326,0.0,11766
720575940632297487,0.0,11767
720575940618482781,0.0,11768
720575940623277035,0.0,11769
720575940616742434,0.0,11770
720575940610668152,0.0,11771
720575940645670020,0.0,11772
720575940648325252,0.0,11773
720575940632688813,0.0,11774
720575940621416572,0.0,11775
720575940624758884,0.0,11776
720575940615751839,0.0,11777
720575940632525534,0.0,11778
720575940639974744,0.0,11779
720575940640073816,0.0,11780
720575940610278980,0.0,11781
720575940617295901,0.0,11782
720575940645372964,0.0,11783
720575940632505359,0.0,11784
720575940609474766,0.0,11785
720575940629521914,0.0,11786
720575940619845942,0.0,11787
720575940620632369,0.0,11788
720575940630069504,0.0,11789
720575940620660207,0.0,11790
720575940620031341,0.0,11791
720575940606640329,0.0,11792
720575940621582528,0.0,11793
720575940625038059,0.0,11794
720575940623777869,0.0,11795
720575940636033655,0.0,11796
720575940620940276,0.0,11797
720575940606605745,0.0,11798
720575940626956777,0.0,11799
720575940622139862,0.0,11800
720575940606443977,0.0,11801
720575940623352247,0.0,11802
720575940614386070,0.0,11803
720575940630865724,0.0,11804
720575940625612474,0.0,11805
720575940623352063,0.0,11806
720575940646508852,0.0,11807
720575940622090316,0.0,11808
720575940623693962,0.0,11809
720575940629316089,0.0,11810
720575940621114177,0.0,11811
720575940620588747,0.0,11812
720575940633564703,0.0,11813
720575940628594705,0.0,11814
720575940660588161,0.0,11815
720575940623777771,0.0,11816
720575940622892988,0.0,11817
720575940629517818,0.0,11818
720575940619059115,0.0,11819
720575940614999967,0.0,11820
720575940636202382,0.0,11821
720575940632428867,0.0,11822
720575940625295339,0.0,11823
720575940634771552,0.0,11824
720575940605421442,0.0,11825
720575940617175965,0.0,11826
720575940624507829,0.0,11827
720575940620926836,0.0,11828
720575940626042149,0.0,11829
720575940645437806,0.0,11830
720575940638044126,0.0,11831
720575940607590748,0.0,11832
720575940618043732,0.0,11833
720575940609655108,0.0,11834
720575940629586417,0.0,11835
720575940609328226,0.0,11836
720575940606087625,0.0,11837
720575940630334658,0.0,11838
720575940634915691,0.0,11839
720575940632436072,0.0,11840
720575940644815908,0.0,11841
720575940650845174,0.0,11842
720575940627350504,0.0,11843
720575940620862896,0.0,11844
720575940634789271,0.0,11845
720575940614866242,0.0,11846
720575940635345271,0.0,11847
720575940611982598,0.0,11848
720575940630070519,0.0,11849
720575940627580136,0.0,11850
720575940629185751,0.0,11851
720575940622344170,0.0,11852
720575940616929419,0.0,11853
720575940631821911,0.0,11854
720575940640216910,0.0,11855
720575940629644291,0.0,11856
720575940633904284,0.0,11857
720575940607235593,0.0,11858
720575940628637937,0.0,11859
720575940618831124,0.0,11860
720575940636688752,0.0,11861
720575940608508867,0.0,11862
720575940626344061,0.0,11863
720575940624663482,0.0,11864
720575940645503876,0.0,11865
720575940644726432,0.0,11866
720575940619572762,0.0,11867
720575940618056753,0.0,11868
720575940639742627,0.0,11869
720575940642442893,0.0,11870
720575940649828473,0.0,11871
720575940610901090,0.0,11872
720575940620027515,0.0,11873
720575940637633678,0.0,11874
720575940615942506,0.0,11875
720575940633984025,0.0,11876
720575940610802403,0.0,11877
720575940612739989,0.0,11878
720575940626648836,0.0,11879
720575940623091550,0.0,11880
720575940628857982,0.0,11881
720575940627186813,0.0,11882
720575940628343941,0.0,11883
720575940656063905,0.0,11884
720575940622991529,0.0,11885
720575940644627735,0.0,11886
720575940622635517,0.0,11887
720575940628041722,0.0,11888
720575940615778610,0.0,11889
720575940622052641,0.0,11890
720575940620926234,0.0,11891
720575940649812857,0.0,11892
720575940648304761,0.0,11893
720575940618600246,0.0,11894
720575940625589117,0.0,11895
720575940631461805,0.0,11896
720575940628422555,0.0,11897
720575940616375041,0.0,11898
720575940623264807,0.0,11899
720575940624171408,0.0,11900
720575940640293083,0.0,11901
720575940633121175,0.0,11902
720575940654070689,0.0,11903
720575940610146713,0.0,11904
720575940627978395,0.0,11905
720575940614377228,0.0,11906
720575940633388479,0.0,11907
720575940625691667,0.0,11908
720575940634508911,0.0,11909
720575940620991940,0.0,11910
720575940625702670,0.0,11911
720575940638928191,0.0,11912
720575940625838606,0.0,11913
720575940624017800,0.0,11914
720575940632014411,0.0,11915
720575940627761241,0.0,11916
720575940625228121,0.0,11917
720575940635127182,0.0,11918
720575940624874524,0.0,11919
720575940640753037,0.0,11920
720575940614715295,0.0,11921
720575940608960722,0.0,11922
720575940632695204,0.0,11923
720575940605558402,0.0,11924
720575940615716469,0.0,11925
720575940602974688,0.0,11926
720575940606539454,0.0,11927
720575940631418875,0.0,11928
720575940615014865,0.0,11929
720575940641395664,0.0,11930
720575940622462452,0.0,11931
720575940615458594,0.0,11932
720575940629290233,0.0,11933
720575940622991112,0.0,11934
720575940632401433,0.0,11935
720575940631292959,0.0,11936
720575940628267767,0.0,11937
720575940637975110,0.0,11938
720575940622471431,0.0,11939
720575940622412807,0.0,11940
720575940605277641,0.0,11941
720575940620252799,0.0,11942
720575940614276876,0.0,11943
720575940626406916,0.0,11944
720575940623527608,0.0,11945
720575940613358450,0.0,11946
720575940622217992,0.0,11947
720575940644421428,0.0,11948
720575940633551002,0.0,11949
720575940643673454,0.0,11950
720575940624138242,0.0,11951
720575940618843073,0.0,11952
720575940620339009,0.0,11953
720575940621801819,0.0,11954
720575940625549036,0.0,11955
720575940640263989,0.0,11956
720575940619065627,0.0,11957
720575940625825892,0.0,11958
720575940604257638,0.0,11959
720575940613917359,0.0,11960
720575940659439233,0.0,11961
720575940607005788,0.0,11962
720575940624432944,0.0,11963
720575940625523837,0.0,11964
720575940624537546,0.0,11965
720575940627329579,0.0,11966
720575940618474581,0.0,11967
720575940621728588,0.0,11968
720575940637844558,0.0,11969
720575940618669808,0.0,11970
720575940630607756,0.0,11971
720575940623224044,0.0,11972
720575940633458842,0.0,11973
720575940621332645,0.0,11974
720575940626341253,0.0,11975
720575940623493902,0.0,11976
720575940624179455,0.0,11977
720575940645805188,0.0,11978
720575940618476368,0.0,11979
720575940626794314,0.0,11980
720575940620052464,0.0,11981
720575940618483323,0.0,11982
720575940630953892,0.0,11983
720575940637838670,0.0,11984
720575940622929193,0.0,11985
720575940626686282,0.0,11986
720575940618076763,0.0,11987
720575940619060589,0.0,11988
720575940636084848,0.0,11989
720575940627293194,0.0,11990
720575940643850862,0.0,11991
720575940620126811,0.0,11992
720575940626492059,0.0,11993
720575940617828893,0.0,11994
720575940625452176,0.0,11995
720575940650119289,0.0,11996
720575940610427512,0.0,11997
720575940622416903,0.0,11998
720575940615634619,0.0,11999
720575940630422543,0.0,12000
720575940616526420,0.0,12001
720575940624544748,0.0,12002
720575940619680933,0.0,12003
720575940629504262,0.0,12004
720575940621452526,0.0,12005
720575940624910876,0.0,12006
720575940625173006,0.0,12007
720575940615859423,0.0,12008
720575940611067716,0.0,12009
720575940641997301,0.0,12010
720575940611055310,0.0,12011
720575940620575653,0.0,12012
720575940625392740,0.0,12013
720575940629483520,0.0,12014
720575940627043344,0.0,12015
720575940617212929,0.0,12016
720575940626650108,0.0,12017
720575940623778284,0.0,12018
720575940625279294,0.0,12019
720575940613106906,0.0,12020
720575940637461134,0.0,12021
720575940625874469,0.0,12022
720575940611982322,0.0,12023
720575940660160385,0.0,12024
720575940621268907,0.0,12025
720575940622666503,0.0,12026
720575940612043235,0.0,12027
720575940630439106,0.0,12028
720575940613063653,0.0,12029
720575940617853853,0.0,12030
720575940651828214,0.0,12031
720575940621294612,0.0,12032
720575940627812358,0.0,12033
720575940632264223,0.0,12034
720575940635822437,0.0,12035
720575940620454238,0.0,12036
720575940616687046,0.0,12037
720575940636047608,0.0,12038
720575940617341270,0.0,12039
720575940616377942,0.0,12040
720575940618728395,0.0,12041
720575940642936520,0.0,12042
720575940622726663,0.0,12043
720575940616393814,0.0,12044
720575940628011458,0.0,12045
720575940625470526,0.0,12046
720575940633621017,0.0,12047
720575940616132509,0.0,12048
720575940616962233,0.0,12049
720575940631104825,0.0,12050
720575940621778158,0.0,12051
720575940612229349,0.0,12052
720575940626286794,0.0,12053
720575940628777371,0.0,12054
720575940616263436,0.0,12055
720575940627514562,0.0,12056
720575940637627470,0.0,12057
720575940624255529,0.0,12058
720575940615944337,0.0,12059
720575940622347784,0.0,12060
720575940623415849,0.0,12061
720575940618881585,0.0,12062
720575940625369648,0.0,12063
720575940613504808,0.0,12064
720575940629534679,0.0,12065
720575940630677900,0.0,12066
720575940614195618,0.0,12067
720575940648669060,0.0,12068
720575940632185130,0.0,12069
720575940632065164,0.0,12070
720575940629354087,0.0,12071
720575940634970559,0.0,12072
720575940611920594,0.0,12073
720575940614654383,0.0,12074
720575940628875735,0.0,12075
720575940641425872,0.0,12076
720575940641957595,0.0,12077
720575940639887413,0.0,12078
720575940621814092,0.0,12079
720575940639599192,0.0,12080
720575940631271251,0.0,12081
720575940654500257,0.0,12082
720575940617702208,0.0,12083
720575940650570617,0.0,12084
720575940639137443,0.0,12085
720575940626453337,0.0,12086
720575940616131414,0.0,12087
720575940617287458,0.0,12088
720575940639953742,0.0,12089
720575940631499595,0.0,12090
720575940625450498,0.0,12091
720575940621898665,0.0,12092
720575940628933975,0.0,12093
720575940618652318,0.0,12094
720575940632164772,0.0,12095
720575940614618741,0.0,12096
720575940628838850,0.0,12097
720575940607874315,0.0,12098
720575940633548895,0.0,12099
720575940643261220,0.0,12100
720575940626746140,0.0,12101
720575940624200679,0.0,12102
720575940618261371,0.0,12103
720575940612414101,0.0,12104
720575940631281772,0.0,12105
720575940621175649,0.0,12106
720575940617532062,0.0,12107
720575940625740042,0.0,12108
720575940621603750,0.0,12109
720575940646441780,0.0,12110
720575940644057635,0.0,12111
720575940633770067,0.0,12112
720575940626241636,0.0,12113
720575940627438906,0.0,12114
720575940637747519,0.0,12115
720575940611849178,0.0,12116
720575940643065032,0.0,12117
720575940631479096,0.0,12118
720575940645884707,0.0,12119
720575940631694098,0.0,12120
720575940608297774,0.0,12121
720575940618393478,0.0,12122
720575940613535554,0.0,12123
720575940613877423,0.0,12124
720575940633269695,0.0,12125
720575940612819763,0.0,12126
720575940609260494,0.0,12127
720575940608920388,0.0,12128
720575940628764265,0.0,12129
720575940632742723,0.0,12130
720575940620847999,0.0,12131
720575940627579976,0.0,12132
720575940630593384,0.0,12133
720575940638610421,0.0,12134
720575940604236768,0.0,12135
720575940621145053,0.0,12136
720575940612465817,0.0,12137
720575940609979610,0.0,12138
720575940618375965,0.0,12139
720575940617030329,0.0,12140
720575940637687408,0.0,12141
720575940623125161,0.0,12142
720575940639610019,0.0,12143
720575940626486302,0.0,12144
720575940607927938,0.0,12145
720575940634199703,0.0,12146
720575940628177171,0.0,12147
720575940635127964,0.0,12148
720575940609795593,0.0,12149
720575940609829077,0.0,12150
720575940645108680,0.0,12151
720575940623307815,0.0,12152
720575940613166515,0.0,12153
720575940627676871,0.0,12154
720575940632384537,0.0,12155
720575940628786600,0.0,12156
720575940614465517,0.0,12157
720575940623801127,0.0,12158
720575940620951167,0.0,12159
720575940631141317,0.0,12160
720575940608410325,0.0,12161
720575940607522226,0.0,12162
720575940623234269,0.0,12163
720575940618427833,0.0,12164
720575940633316895,0.0,12165
720575940642142683,0.0,12166
720575940631303365,0.0,12167
720575940608610140,0.0,12168
720575940612756399,0.0,12169
720575940617540509,0.0,12170
720575940611337518,0.0,12171
720575940623512004,0.0,12172
720575940629287106,0.0,12173
720575940623160489,0.0,12174
720575940622212790,0.0,12175
720575940622849306,0.0,12176
720575940616561211,0.0,12177
720575940621308655,0.0,12178
720575940634320610,0.0,12179
720575940620036613,0.0,12180
720575940625047815,0.0,12181
720575940640748195,0.0,12182
720575940613153320,0.0,12183
720575940620953254,0.0,12184
720575940605625958,0.0,12185
720575940624353277,0.0,12186
720575940640062005,0.0,12187
720575940628443962,0.0,12188
720575940613903778,0.0,12189
720575940614618683,0.0,12190
720575940614557586,0.0,12191
720575940630004700,0.0,12192
720575940630878519,0.0,12193
720575940625780105,0.0,12194
720575940620206068,0.0,12195
720575940611329138,0.0,12196
720575940636299327,0.0,12197
720575940632198442,0.0,12198
720575940630738171,0.0,12199
720575940612992479,0.0,12200
720575940638872629,0.0,12201
720575940625946430,0.0,12202
720575940632437971,0.0,12203
720575940637965621,0.0,12204
720575940624470372,0.0,12205
720575940626357009,0.0,12206
720575940643767662,0.0,12207
720575940642352117,0.0,12208
720575940626833158,0.0,12209
720575940630712493,0.0,12210
720575940615131567,0.0,12211
720575940624156686,0.0,12212
720575940607019019,0.0,12213
720575940628917251,0.0,12214
720575940627269642,0.0,12215
720575940620828165,0.0,12216
720575940636332663,0.0,12217
720575940637711167,0.0,12218
720575940630156631,0.0,12219
720575940616361302,0.0,12220
720575940622755589,0.0,12221
720575940624156696,0.0,12222
720575940621747444,0.0,12223
720575940632698541,0.0,12224
720575940637788137,0.0,12225
720575940616382014,0.0,12226
720575940626360828,0.0,12227
720575940619524852,0.0,12228
720575940626270236,0.0,12229
720575940639683389,0.0,12230
720575940627850622,0.0,12231
720575940640371253,0.0,12232
720575940607546889,0.0,12233
720575940642686999,0.0,12234
720575940612975007,0.0,12235
720575940630622509,0.0,12236
720575940613106582,0.0,12237
720575940611151480,0.0,12238
720575940617967188,0.0,12239
720575940622190550,0.0,12240
720575940631988179,0.0,12241
720575940631931183,0.0,12242
720575940616653030,0.0,12243
720575940604662700,0.0,12244
720575940634657431,0.0,12245
720575940609393732,0.0,12246
720575940615073587,0.0,12247
720575940623981576,0.0,12248
720575940617695572,0.0,12249
720575940619117039,0.0,12250
720575940617249949,0.0,12251
720575940607685700,0.0,12252
720575940633269971,0.0,12253
720575940642910368,0.0,12254
720575940615261073,0.0,12255
720575940621781773,0.0,12256
720575940616295937,0.0,12257
720575940628649465,0.0,12258
720575940627680923,0.0,12259
720575940631263775,0.0,12260
720575940611351267,0.0,12261
720575940612387555,0.0,12262
720575940629270487,0.0,12263
720575940624012692,0.0,12264
720575940633024924,0.0,12265
720575940616311513,0.0,12266
720575940623210008,0.0,12267
720575940631275181,0.0,12268
720575940638422480,0.0,12269
720575940622604749,0.0,12270
720575940658539905,0.0,12271
720575940621531312,0.0,12272
720575940625337546,0.0,12273
720575940637013726,0.0,12274
720575940619318619,0.0,12275
720575940636732334,0.0,12276
720575940607846083,0.0,12277
720575940620457505,0.0,12278
720575940624881180,0.0,12279
720575940610408643,0.0,12280
720575940638021348,0.0,12281
720575940606039241,0.0,12282
720575940635137198,0.0,12283
720575940619158694,0.0,12284
720575940623522708,0.0,12285
720575940624342569,0.0,12286
720575940607641010,0.0,12287
720575940637662697,0.0,12288
720575940627207823,0.0,12289
720575940625664202,0.0,12290
720575940605282505,0.0,12291
720575940633135185,0.0,12292
720575940629828864,0.0,12293
720575940631368953,0.0,12294
720575940641035509,0.0,12295
720575940640609525,0.0,12296
720575940620260596,0.0,12297
720575940622357740,0.0,12298
720575940622456039,0.0,12299
720575940617066560,0.0,12300
720575940642670752,0.0,12301
720575940652452769,0.0,12302
720575940605647234,0.0,12303
720575940609799410,0.0,12304
720575940616365766,0.0,12305
720575940640820788,0.0,12306
720575940626274314,0.0,12307
720575940607881152,0.0,12308
720575940638811507,0.0,12309
720575940623150369,0.0,12310
720575940638138019,0.0,12311
720575940616320822,0.0,12312
720575940626997292,0.0,12313
720575940611560341,0.0,12314
720575940621489407,0.0,12315
720575940619080907,0.0,12316
720575940626735141,0.0,12317
720575940616153868,0.0,12318
720575940617323035,0.0,12319
720575940620174933,0.0,12320
720575940626985219,0.0,12321
720575940611565778,0.0,12322
720575940608809006,0.0,12323
720575940625918225,0.0,12324
720575940631385057,0.0,12325
720575940636118452,0.0,12326
720575940623537366,0.0,12327
720575940617245908,0.0,12328
720575940628692679,0.0,12329
720575940644987188,0.0,12330
720575940635119967,0.0,12331
720575940629892311,0.0,12332
720575940620234177,0.0,12333
720575940631715896,0.0,12334
720575940630607212,0.0,12335
720575940624693432,0.0,12336
720575940618615360,0.0,12337
720575940619846046,0.0,12338
720575940645983511,0.0,12339
720575940629730575,0.0,12340
720575940627261882,0.0,12341
720575940630284306,0.0,12342
720575940625270798,0.0,12343
720575940624863015,0.0,12344
720575940606705073,0.0,12345
720575940610236740,0.0,12346
720575940627721154,0.0,12347
720575940614280554,0.0,12348
720575940637389534,0.0,12349
720575940618979382,0.0,12350
720575940614195251,0.0,12351
720575940630448215,0.0,12352
720575940619425739,0.0,12353
720575940633741229,0.0,12354
720575940620224677,0.0,12355
720575940624112381,0.0,12356
720575940614821087,0.0,12357
720575940626881991,0.0,12358
720575940624258318,0.0,12359
720575940609830851,0.0,12360
720575940619394427,0.0,12361
720575940623806611,0.0,12362
720575940626669086,0.0,12363
720575940622540749,0.0,12364
720575940634208151,0.0,12365
720575940633005880,0.0,12366
720575940613284527,0.0,12367
720575940610423538,0.0,12368
720575940620997396,0.0,12369
720575940618491485,0.0,12370
720575940624679463,0.0,12371
720575940628663281,0.0,12372
720575940620060807,0.0,12373
720575940638333662,0.0,12374
720575940613169843,0.0,12375
720575940626949925,0.0,12376
720575940621928547,0.0,12377
720575940639185990,0.0,12378
720575940620423104,0.0,12379
720575940621970598,0.0,12380
720575940621185050,0.0,12381
720575940611477873,0.0,12382
720575940630521083,0.0,12383
720575940631204204,0.0,12384
720575940606431189,0.0,12385
720575940628953595,0.0,12386
720575940612373362,0.0,12387
720575940628722284,0.0,12388
720575940614913653,0.0,12389
720575940644815395,0.0,12390
720575940603439020,0.0,12391
720575940619636756,0.0,12392
720575940635973989,0.0,12393
720575940614427195,0.0,12394
720575940623765518,0.0,12395
720575940621013364,0.0,12396
720575940632022888,0.0,12397
720575940632678248,0.0,12398
720575940628451175,0.0,12399
720575940618850128,0.0,12400
720575940616545437,0.0,12401
720575940632557281,0.0,12402
720575940622716961,0.0,12403
720575940624694798,0.0,12404
720575940610683342,0.0,12405
720575940616458309,0.0,12406
720575940615750318,0.0,12407
720575940624625388,0.0,12408
720575940623056422,0.0,12409
720575940621470847,0.0,12410
720575940618864833,0.0,12411
720575940625771858,0.0,12412
720575940622417737,0.0,12413
720575940631913005,0.0,12414
720575940621250030,0.0,12415
720575940637450074,0.0,12416
720575940611329137,0.0,12417
720575940615992091,0.0,12418
720575940636267950,0.0,12419
720575940619430320,0.0,12420
720575940639475517,0.0,12421
720575940616560450,0.0,12422
720575940625413925,0.0,12423
720575940619441969,0.0,12424
720575940633138074,0.0,12425
720575940631048749,0.0,12426
720575940630890583,0.0,12427
720575940616037014,0.0,12428
720575940647471395,0.0,12429
720575940620983637,0.0,12430
720575940610594766,0.0,12431
720575940624781799,0.0,12432
720575940631966791,0.0,12433
720575940637792233,0.0,12434
720575940608279817,0.0,12435
720575940635247284,0.0,12436
720575940605695665,0.0,12437
720575940619791019,0.0,12438
720575940628539863,0.0,12439
720575940633825166,0.0,12440
720575940630187727,0.0,12441
720575940612329934,0.0,12442
720575940624889323,0.0,12443
720575940625281308,0.0,12444
720575940621341210,0.0,12445
720575940632571583,0.0,12446
720575940644723748,0.0,12447
720575940619856763,0.0,12448
720575940622326298,0.0,12449
720575940642839092,0.0,12450
720575940606311772,0.0,12451
720575940625550398,0.0,12452
720575940611313578,0.0,12453
720575940635450254,0.0,12454
720575940628256763,0.0,12455
720575940620638335,0.0,12456
720575940624052989,0.0,12457
720575940626171880,0.0,12458
720575940629539383,0.0,12459
720575940614111711,0.0,12460
720575940629172679,0.0,12461
720575940604367294,0.0,12462
720575940624355051,0.0,12463
720575940604130481,0.0,12464
720575940623265258,0.0,12465
720575940619169985,0.0,12466
720575940638006086,0.0,12467
720575940623543881,0.0,12468
720575940634710629,0.0,12469
720575940623437606,0.0,12470
720575940618227515,0.0,12471
720575940610527637,0.0,12472
720575940626755673,0.0,12473
720575940639691136,0.0,12474
720575940620751231,0.0,12475
720575940629402103,0.0,12476
720575940630696645,0.0,12477
720575940612453526,0.0,12478
720575940623791152,0.0,12479
720575940614026269,0.0,12480
720575940625890067,0.0,12481
720575940624175565,0.0,12482
720575940627219272,0.0,12483
720575940610103906,0.0,12484
720575940622982694,0.0,12485
720575940624791527,0.0,12486
720575940623538951,0.0,12487
720575940627173578,0.0,12488
720575940611092036,0.0,12489
720575940620032788,0.0,12490
720575940618055883,0.0,12491
720575940632069657,0.0,12492
720575940624087187,0.0,12493
720575940629182716,0.0,12494
720575940632431391,0.0,12495
720575940631426375,0.0,12496
720575940631308648,0.0,12497
720575940628963279,0.0,12498
720575940610379443,0.0,12499
720575940645418548,0.0,12500
720575940627894471,0.0,12501
720575940621497368,0.0,12502
720575940623048413,0.0,12503
720575940615567163,0.0,12504
720575940631459629,0.0,12505
720575940629396796,0.0,12506
720575940610719730,0.0,12507
720575940643871854,0.0,12508
720575940628740346,0.0,12509
720575940624677182,0.0,12510
720575940618451285,0.0,12511
720575940628969984,0.0,12512
720575940640240885,0.0,12513
720575940613241490,0.0,12514
720575940634115252,0.0,12515
720575940623038249,0.0,12516
720575940622939912,0.0,12517
720575940633294527,0.0,12518
720575940632802972,0.0,12519
720575940628117118,0.0,12520
720575940630902287,0.0,12521
720575940626576892,0.0,12522
720575940620252543,0.0,12523
720575940626052369,0.0,12524
720575940627461380,0.0,12525
720575940615010933,0.0,12526
720575940632897491,0.0,12527
720575940639928117,0.0,12528
720575940623183544,0.0,12529
720575940626583838,0.0,12530
720575940639037016,0.0,12531
720575940617048157,0.0,12532
720575940613045666,0.0,12533
720575940612922851,0.0,12534
720575940623190453,0.0,12535
720575940637671342,0.0,12536
720575940604498022,0.0,12537
720575940605913516,0.0,12538
720575940611838050,0.0,12539
720575940628371475,0.0,12540
720575940615859942,0.0,12541
720575940624626154,0.0,12542
720575940636020855,0.0,12543
720575940635432855,0.0,12544
720575940620939685,0.0,12545
720575940644587464,0.0,12546
720575940624107751,0.0,12547
720575940637907312,0.0,12548
720575940622467307,0.0,12549
720575940630765260,0.0,12550
720575940632996152,0.0,12551
720575940632154285,0.0,12552
720575940616085151,0.0,12553
720575940619607431,0.0,12554
720575940619564342,0.0,12555
720575940635774559,0.0,12556
720575940647102755,0.0,12557
720575940623835784,0.0,12558
720575940637097390,0.0,12559
720575940635123356,0.0,12560
720575940632252661,0.0,12561
720575940613429811,0.0,12562
720575940638170019,0.0,12563
720575940616892161,0.0,12564
720575940612886695,0.0,12565
720575940643000480,0.0,12566
720575940622297855,0.0,12567
720575940624224408,0.0,12568
720575940624650388,0.0,12569
720575940644945608,0.0,12570
720575940626349767,0.0,12571
720575940620048148,0.0,12572
720575940627167567,0.0,12573
720575940644881188,0.0,12574
720575940642975524,0.0,12575
720575940637085503,0.0,12576
720575940632218898,0.0,12577
720575940617145654,0.0,12578
720575940610356849,0.0,12579
720575940631170346,0.0,12580
720575940626943269,0.0,12581
720575940625567004,0.0,12582
720575940623340246,0.0,12583
720575940630514769,0.0,12584
720575940647654521,0.0,12585
720575940631347011,0.0,12586
720575940612011377,0.0,12587
720575940620348125,0.0,12588
720575940624092293,0.0,12589
720575940622093436,0.0,12590
720575940623791799,0.0,12591
720575940634048154,0.0,12592
720575940620520557,0.0,12593
720575940615179423,0.0,12594
720575940623174803,0.0,12595
720575940615500030,0.0,12596
720575940621292126,0.0,12597
720575940633300159,0.0,12598
720575940628761643,0.0,12599
720575940619748717,0.0,12600
720575940616917721,0.0,12601
720575940622127830,0.0,12602
720575940624967612,0.0,12603
720575940622268186,0.0,12604
720575940629948098,0.0,12605
720575940639945891,0.0,12606
720575940623371596,0.0,12607
720575940625616521,0.0,12608
720575940627595772,0.0,12609
720575940647470115,0.0,12610
720575940616567227,0.0,12611
720575940612582514,0.0,12612
720575940624898540,0.0,12613
720575940609601486,0.0,12614
720575940632254233,0.0,12615
720575940627633863,0.0,12616
720575940620291286,0.0,12617
720575940610935410,0.0,12618
720575940624986375,0.0,12619
720575940608356053,0.0,12620
720575940623843145,0.0,12621
720575940624310676,0.0,12622
720575940629965708,0.0,12623
720575940622585224,0.0,12624
720575940617594769,0.0,12625
720575940645599268,0.0,12626
720575940633660386,0.0,12627
720575940619446465,0.0,12628
720575940623543117,0.0,12629
720575940614107554,0.0,12630
720575940630990533,0.0,12631
720575940624323342,0.0,12632
720575940622208695,0.0,12633
720575940631622681,0.0,12634
720575940631082124,0.0,12635
720575940614211295,0.0,12636
720575940615424966,0.0,12637
720575940638218173,0.0,12638
720575940638813016,0.0,12639
720575940633660314,0.0,12640
720575940621252779,0.0,12641
720575940617101213,0.0,12642
720575940622584772,0.0,12643
720575940628941762,0.0,12644
720575940616162235,0.0,12645
720575940626256003,0.0,12646
720575940636111735,0.0,12647
720575940626915472,0.0,12648
720575940619262305,0.0,12649
720575940615274425,0.0,12650
720575940607544329,0.0,12651
720575940652043254,0.0,12652
720575940613802989,0.0,12653
720575940614682274,0.0,12654
720575940620532976,0.0,12655
720575940625741114,0.0,12656
720575940640836660,0.0,12657
720575940625271845,0.0,12658
720575940623567949,0.0,12659
720575940628231211,0.0,12660
720575940640467517,0.0,12661
720575940626886025,0.0,12662
720575940628276162,0.0,12663
720575940627274298,0.0,12664
720575940613144306,0.0,12665
720575940635776760,0.0,12666
720575940628174608,0.0,12667
720575940619112102,0.0,12668
720575940643573284,0.0,12669
720575940630352635,0.0,12670
720575940632093132,0.0,12671
720575940637051325,0.0,12672
720575940630957509,0.0,12673
720575940605411104,0.0,12674
720575940627045164,0.0,12675
720575940622061132,0.0,12676
720575940638248518,0.0,12677
720575940614688322,0.0,12678
720575940636306288,0.0,12679
720575940634317011,0.0,12680
720575940611543219,0.0,12681
720575940627127596,0.0,12682
720575940621752417,0.0,12683
720575940632503608,0.0,12684
720575940620297638,0.0,12685
720575940615695289,0.0,12686
720575940606659970,0.0,12687
720575940630679148,0.0,12688
720575940637903081,0.0,12689
720575940630266983,0.0,12690
720575940641045120,0.0,12691
720575940622216624,0.0,12692
720575940613531365,0.0,12693
720575940606650754,0.0,12694
720575940614930794,0.0,12695
720575940621810437,0.0,12696
720575940622764058,0.0,12697
720575940633256140,0.0,12698
720575940611837560,0.0,12699
720575940627116858,0.0,12700
720575940613915089,0.0,12701
720575940626132508,0.0,12702
720575940619191687,0.0,12703
720575940613353169,0.0,12704
720575940628452431,0.0,12705
720575940616786501,0.0,12706
720575940619800199,0.0,12707
720575940643099808,0.0,12708
720575940655234977,0.0,12709
720575940634638562,0.0,12710
720575940629205578,0.0,12711
720575940632069583,0.0,12712
720575940630591532,0.0,12713
720575940633300636,0.0,12714
720575940614885010,0.0,12715
720575940638064100,0.0,12716
720575940611509939,0.0,12717
720575940626276400,0.0,12718
720575940635266740,0.0,12719
720575940619767467,0.0,12720
720575940626878120,0.0,12721
720575940615255993,0.0,12722
720575940625732196,0.0,12723
720575940612903793,0.0,12724
720575940620979622,0.0,12725
720575940644179400,0.0,12726
720575940628082682,0.0,12727
720575940619996598,0.0,12728
720575940628406600,0.0,12729
720575940630289804,0.0,12730
720575940618371796,0.0,12731
720575940614301452,0.0,12732
720575940607037635,0.0,12733
720575940622008560,0.0,12734
720575940637176885,0.0,12735
720575940625621908,0.0,12736
720575940618059298,0.0,12737
720575940606775486,0.0,12738
720575940624224949,0.0,12739
720575940623110837,0.0,12740
720575940613795880,0.0,12741
720575940604990124,0.0,12742
720575940629306667,0.0,12743
720575940630620207,0.0,12744
720575940643425646,0.0,12745
720575940635266411,0.0,12746
720575940616232349,0.0,12747
720575940632698519,0.0,12748
720575940624049147,0.0,12749
720575940626648606,0.0,12750
720575940625626348,0.0,12751
720575940637352893,0.0,12752
720575940628882450,0.0,12753
720575940628398202,0.0,12754
720575940611773041,0.0,12755
720575940621933421,0.0,12756
720575940631855185,0.0,12757
720575940607332873,0.0,12758
720575940632427112,0.0,12759
720575940621833054,0.0,12760
720575940622696319,0.0,12761
720575940620979700,0.0,12762
720575940608161116,0.0,12763
720575940617690658,0.0,12764
720575940615824011,0.0,12765
720575940621373534,0.0,12766
720575940615222634,0.0,12767
720575940628750185,0.0,12768
720575940615622050,0.0,12769
720575940630506240,0.0,12770
720575940610272354,0.0,12771
720575940621700528,0.0,12772
720575940632788025,0.0,12773
720575940629211960,0.0,12774
720575940620754089,0.0,12775
720575940617398745,0.0,12776
720575940627001637,0.0,12777
720575940633173143,0.0,12778
720575940621704268,0.0,12779
720575940624981069,0.0,12780
720575940628121576,0.0,12781
720575940607915394,0.0,12782
720575940632779112,0.0,12783
720575940609809476,0.0,12784
720575940628048999,0.0,12785
720575940623626445,0.0,12786
720575940623178995,0.0,12787
720575940625177836,0.0,12788
720575940607827392,0.0,12789
720575940611546318,0.0,12790
720575940630572089,0.0,12791
720575940605174188,0.0,12792
720575940618039330,0.0,12793
720575940625037239,0.0,12794
720575940638540989,0.0,12795
720575940644395936,0.0,12796
720575940633698970,0.0,12797
720575940616821824,0.0,12798
720575940625887207,0.0,12799
720575940621733759,0.0,12800
720575940629896183,0.0,12801
720575940628782065,0.0,12802
720575940612955107,0.0,12803
720575940616508555,0.0,12804
720575940620957110,0.0,12805
720575940639169597,0.0,12806
720575940626947130,0.0,12807
720575940619181105,0.0,12808
720575940644281380,0.0,12809
720575940625651849,0.0,12810
720575940628055239,0.0,12811
720575940608332674,0.0,12812
720575940633101516,0.0,12813
720575940632573496,0.0,12814
720575940608435246,0.0,12815
720575940618066978,0.0,12816
720575940645367406,0.0,12817
720575940628716795,0.0,12818
720575940605411040,0.0,12819
720575940640338485,0.0,12820
720575940631408604,0.0,12821
720575940627964746,0.0,12822
720575940620813515,0.0,12823
720575940621393172,0.0,12824
720575940615832726,0.0,12825
720575940631090402,0.0,12826
720575940619676598,0.0,12827
720575940644740256,0.0,12828
720575940642669728,0.0,12829
720575940610436547,0.0,12830
720575940634215578,0.0,12831
720575940624003592,0.0,12832
720575940619678366,0.0,12833
720575940626759780,0.0,12834
720575940629451526,0.0,12835
720575940623300093,0.0,12836
720575940620918256,0.0,12837
720575940628895787,0.0,12838
720575940625744784,0.0,12839
720575940634472670,0.0,12840
720575940640611803,0.0,12841
720575940638416336,0.0,12842
720575940611507320,0.0,12843
720575940624142020,0.0,12844
720575940650337401,0.0,12845
720575940627970971,0.0,12846
720575940628389379,0.0,12847
720575940625013943,0.0,12848
720575940638434749,0.0,12849
720575940633666460,0.0,12850
720575940627110330,0.0,12851
720575940632386899,0.0,12852
720575940613253106,0.0,12853
720575940627373342,0.0,12854
720575940619160861,0.0,12855
720575940620223659,0.0,12856
720575940621501609,0.0,12857
720575940630760223,0.0,12858
720575940626875529,0.0,12859
720575940633724068,0.0,12860
720575940628164612,0.0,12861
720575940624861072,0.0,12862
720575940612629210,0.0,12863
720575940632341452,0.0,12864
720575940616971035,0.0,12865
720575940623463562,0.0,12866
720575940629667065,0.0,12867
720575940619116061,0.0,12868
720575940605098626,0.0,12869
720575940612188200,0.0,12870
720575940621421844,0.0,12871
720575940633215327,0.0,12872
720575940604872416,0.0,12873
720575940622053286,0.0,12874
720575940625477001,0.0,12875
720575940640527861,0.0,12876
720575940629866563,0.0,12877
720575940606190770,0.0,12878
720575940605487550,0.0,12879
720575940621392219,0.0,12880
720575940633762667,0.0,12881
720575940615358907,0.0,12882
720575940630703631,0.0,12883
720575940622877940,0.0,12884
720575940641876168,0.0,12885
720575940639234879,0.0,12886
720575940630682428,0.0,12887
720575940618591030,0.0,12888
720575940612968103,0.0,12889
720575940627879496,0.0,12890
720575940617444254,0.0,12891
720575940622785418,0.0,12892
720575940622130058,0.0,12893
720575940626291581,0.0,12894
720575940628993871,0.0,12895
720575940660397441,0.0,12896
720575940620204678,0.0,12897
720575940627807877,0.0,12898
720575940624842483,0.0,12899
720575940622056572,0.0,12900
720575940627086863,0.0,12901
720575940634532247,0.0,12902
720575940612418766,0.0,12903
720575940605844448,0.0,12904
720575940631147148,0.0,12905
720575940616657665,0.0,12906
720575940625753744,0.0,12907
720575940622375382,0.0,12908
720575940630925686,0.0,12909
720575940633285739,0.0,12910
720575940637550221,0.0,12911
720575940637255821,0.0,12912
720575940632706643,0.0,12913
720575940624199721,0.0,12914
720575940615863638,0.0,12915
720575940626744838,0.0,12916
720575940612434661,0.0,12917
720575940627976222,0.0,12918
720575940622505332,0.0,12919
720575940617315033,0.0,12920
720575940632783673,0.0,12921
720575940633730329,0.0,12922
720575940655690145,0.0,12923
720575940622726804,0.0,12924
720575940631521644,0.0,12925
720575940630222336,0.0,12926
720575940631993299,0.0,12927
720575940605799601,0.0,12928
720575940630971679,0.0,12929
720575940629792018,0.0,12930
720575940610938180,0.0,12931
720575940623697165,0.0,12932
720575940632037224,0.0,12933
720575940619923182,0.0,12934
720575940620842516,0.0,12935
720575940608745685,0.0,12936
720575940627930142,0.0,12937
720575940620327956,0.0,12938
720575940630027833,0.0,12939
720575940631346605,0.0,12940
720575940618698411,0.0,12941
720575940635467883,0.0,12942
720575940627373072,0.0,12943
720575940628225034,0.0,12944
720575940617995494,0.0,12945
720575940614266229,0.0,12946
720575940636504553,0.0,12947
720575940638410099,0.0,12948
720575940614686058,0.0,12949
720575940625204611,0.0,12950
720575940640775027,0.0,12951
720575940629405190,0.0,12952
720575940632437561,0.0,12953
720575940628420264,0.0,12954
720575940638475573,0.0,12955
720575940646044980,0.0,12956
720575940623729968,0.0,12957
720575940632410159,0.0,12958
720575940605658033,0.0,12959
720575940628893188,0.0,12960
720575940627334474,0.0,12961
720575940610239939,0.0,12962
720575940637966424,0.0,12963
720575940613478166,0.0,12964
720575940628715285,0.0,12965
720575940629485584,0.0,12966
720575940627529049,0.0,12967
720575940614732328,0.0,12968
720575940626506329,0.0,12969
720575940634148377,0.0,12970
720575940611352538,0.0,12971
720575940622440308,0.0,12972
720575940622525168,0.0,12973
720575940629985910,0.0,12974
720575940613399781,0.0,12975
720575940638154805,0.0,12976
720575940604272672,0.0,12977
720575940628657975,0.0,12978
720575940606632224,0.0,12979
720575940626817284,0.0,12980
720575940610728178,0.0,12981
720575940625047479,0.0,12982
720575940629704041,0.0,12983
720575940611088563,0.0,12984
720575940631498925,0.0,12985
720575940623179923,0.0,12986
720575940623486858,0.0,12987
720575940627003179,0.0,12988
720575940605274825,0.0,12989
720575940627249764,0.0,12990
720575940629642972,0.0,12991
720575940604624574,0.0,12992
720575940652127734,0.0,12993
720575940640092238,0.0,12994
720575940622805700,0.0,12995
720575940624865584,0.0,12996
720575940626865649,0.0,12997
720575940630980559,0.0,12998
720575940629607921,0.0,12999
720575940624516042,0.0,13000
720575940607193986,0.0,13001
720575940629561347,0.0,13002
720575940615908795,0.0,13003
720575940610975385,0.0,13004
720575940604341216,0.0,13005
720575940635960943,0.0,13006
720575940632426002,0.0,13007
720575940642447349,0.0,13008
720575940615774139,0.0,13009
720575940626514920,0.0,13010
720575940637715689,0.0,13011
720575940616462429,0.0,13012
720575940618494032,0.0,13013
720575940622156720,0.0,13014
720575940612732050,0.0,13015
720575940610505957,0.0,13016
720575940639359933,0.0,13017
720575940638770109,0.0,13018
720575940625531832,0.0,13019
720575940610753503,0.0,13020
720575940623324087,0.0,13021
720575940638286243,0.0,13022
720575940615147020,0.0,13023
720575940645369892,0.0,13024
720575940618680321,0.0,13025
720575940618402694,0.0,13026
720575940625113637,0.0,13027
720575940623475224,0.0,13028
720575940622189448,0.0,13029
720575940631397165,0.0,13030
720575940621532713,0.0,13031
720575940621418573,0.0,13032
720575940627039034,0.0,13033
720575940623014695,0.0,13034
720575940627753865,0.0,13035
720575940615596850,0.0,13036
720575940615114402,0.0,13037
720575940628513610,0.0,13038
720575940625703434,0.0,13039
720575940621574661,0.0,13040
720575940634331036,0.0,13041
720575940613488815,0.0,13042
720575940631183378,0.0,13043
720575940623901283,0.0,13044
720575940639021757,0.0,13045
720575940630362619,0.0,13046
720575940640430755,0.0,13047
720575940607894146,0.0,13048
720575940626250115,0.0,13049
720575940618264955,0.0,13050
720575940616020544,0.0,13051
720575940618706043,0.0,13052
720575940634976174,0.0,13053
720575940620249941,0.0,13054
720575940617910848,0.0,13055
720575940623901695,0.0,13056
720575940629988222,0.0,13057
720575940636930671,0.0,13058
720575940628985423,0.0,13059
720575940622655979,0.0,13060
720575940635632052,0.0,13061
720575940615676334,0.0,13062
720575940620038433,0.0,13063
720575940604330854,0.0,13064
720575940604494694,0.0,13065
720575940632722771,0.0,13066
720575940626041240,0.0,13067
720575940643794592,0.0,13068
720575940611403226,0.0,13069
720575940627221764,0.0,13070
720575940627570309,0.0,13071
720575940655983777,0.0,13072
720575940620639329,0.0,13073
720575940628103428,0.0,13074
720575940623787619,0.0,13075
720575940620492404,0.0,13076
720575940643790446,0.0,13077
720575940626620004,0.0,13078
720575940619542107,0.0,13079
720575940612888178,0.0,13080
720575940622042603,0.0,13081
720575940624532408,0.0,13082
720575940608227118,0.0,13083
720575940607041154,0.0,13084
720575940622263275,0.0,13085
720575940628991993,0.0,13086
720575940625654164,0.0,13087
720575940622406694,0.0,13088
720575940611056482,0.0,13089
720575940636542565,0.0,13090
720575940625826916,0.0,13091
720575940628218976,0.0,13092
720575940623458633,0.0,13093
720575940629936348,0.0,13094
720575940625571240,0.0,13095
720575940616708108,0.0,13096
720575940619542081,0.0,13097
720575940626980410,0.0,13098
720575940613611048,0.0,13099
720575940624555559,0.0,13100
720575940625018119,0.0,13101
720575940624554170,0.0,13102
720575940648804217,0.0,13103
720575940620553654,0.0,13104
720575940636116080,0.0,13105
720575940626521744,0.0,13106
720575940613073960,0.0,13107
720575940613022367,0.0,13108
720575940637665626,0.0,13109
720575940619754699,0.0,13110
720575940638082163,0.0,13111
720575940637062633,0.0,13112
720575940655071905,0.0,13113
720575940621848781,0.0,13114
720575940615015976,0.0,13115
720575940623511795,0.0,13116
720575940634667234,0.0,13117
720575940616855185,0.0,13118
720575940629365868,0.0,13119
720575940608227595,0.0,13120
720575940609934365,0.0,13121
720575940629826123,0.0,13122
720575940639177891,0.0,13123
720575940617369117,0.0,13124
720575940626567701,0.0,13125
720575940623554963,0.0,13126
720575940618947956,0.0,13127
720575940620026864,0.0,13128
720575940625087159,0.0,13129
720575940612572131,0.0,13130
720575940636943849,0.0,13131
720575940610753522,0.0,13132
720575940627359107,0.0,13133
720575940621903896,0.0,13134
720575940611430513,0.0,13135
720575940612593361,0.0,13136
720575940608626697,0.0,13137
720575940604663520,0.0,13138
720575940632651091,0.0,13139
720575940628634191,0.0,13140
720575940630547909,0.0,13141
720575940625564676,0.0,13142
720575940625073154,0.0,13143
720575940625701909,0.0,13144
720575940624186602,0.0,13145
720575940629307129,0.0,13146
720575940628606980,0.0,13147
720575940627915090,0.0,13148
720575940632818259,0.0,13149
720575940631747023,0.0,13150
720575940623168695,0.0,13151
720575940620696405,0.0,13152
720575940613367538,0.0,13153
720575940611126904,0.0,13154
720575940613424593,0.0,13155
720575940617918950,0.0,13156
720575940632740911,0.0,13157
720575940615347874,0.0,13158
720575940614200994,0.0,13159
720575940606753884,0.0,13160
720575940610956953,0.0,13161
720575940628455336,0.0,13162
720575940606599042,0.0,13163
720575940636024671,0.0,13164
720575940630060887,0.0,13165
720575940612156968,0.0,13166
720575940645830435,0.0,13167
720575940629339959,0.0,13168
720575940616614946,0.0,13169
720575940640348149,0.0,13170
720575940630546171,0.0,13171
720575940620715789,0.0,13172
720575940608526089,0.0,13173
720575940618440943,0.0,13174
720575940616548416,0.0,13175
720575940623968612,0.0,13176
720575940626606211,0.0,13177
720575940610725874,0.0,13178
720575940631390940,0.0,13179
720575940637366335,0.0,13180
720575940618727760,0.0,13181
720575940622236671,0.0,13182
720575940625602597,0.0,13183
720575940646213667,0.0,13184
720575940610955925,0.0,13185
720575940639505792,0.0,13186
720575940637982552,0.0,13187
720575940606046892,0.0,13188
720575940628155868,0.0,13189
720575940629911503,0.0,13190
720575940631940559,0.0,13191
720575940619999252,0.0,13192
720575940606254002,0.0,13193
720575940633967842,0.0,13194
720575940630153068,0.0,13195
720575940637079359,0.0,13196
720575940629776502,0.0,13197
720575940637202350,0.0,13198
720575940613740455,0.0,13199
720575940630173689,0.0,13200
720575940607178709,0.0,13201
720575940619928346,0.0,13202
720575940618876830,0.0,13203
720575940621171806,0.0,13204
720575940625041127,0.0,13205
720575940616837132,0.0,13206
720575940626745118,0.0,13207
720575940618594117,0.0,13208
720575940626012761,0.0,13209
720575940633823630,0.0,13210
720575940627105580,0.0,13211
720575940626856220,0.0,13212
720575940637291639,0.0,13213
720575940627175415,0.0,13214
720575940612687597,0.0,13215
720575940612620145,0.0,13216
720575940630609146,0.0,13217
720575940621633313,0.0,13218
720575940624455863,0.0,13219
720575940634941614,0.0,13220
720575940627372184,0.0,13221
720575940617448331,0.0,13222
720575940622896115,0.0,13223
720575940611735002,0.0,13224
720575940627538434,0.0,13225
720575940617541755,0.0,13226
720575940623706405,0.0,13227
720575940626209413,0.0,13228
720575940638972149,0.0,13229
720575940627142666,0.0,13230
720575940617943205,0.0,13231
720575940661321857,0.0,13232
720575940611892707,0.0,13233
720575940635383647,0.0,13234
720575940630356346,0.0,13235
720575940630525566,0.0,13236
720575940613663346,0.0,13237
720575940622632798,0.0,13238
720575940617845051,0.0,13239
720575940625428971,0.0,13240
720575940626986373,0.0,13241
720575940623177964,0.0,13242
720575940628551680,0.0,13243
720575940640031651,0.0,13244
720575940631271235,0.0,13245
720575940629665900,0.0,13246
720575940615385798,0.0,13247
720575940634231653,0.0,13248
720575940633583059,0.0,13249
720575940634813536,0.0,13250
720575940652566177,0.0,13251
720575940620289701,0.0,13252
720575940620748457,0.0,13253
720575940630780101,0.0,13254
720575940623675367,0.0,13255
720575940630120236,0.0,13256
720575940630775511,0.0,13257
720575940640147152,0.0,13258
720575940608104540,0.0,13259
720575940635891802,0.0,13260
720575940606091622,0.0,13261
720575940628947047,0.0,13262
720575940634748385,0.0,13263
720575940623440086,0.0,13264
720575940630321356,0.0,13265
720575940628538703,0.0,13266
720575940628372613,0.0,13267
720575940615623051,0.0,13268
720575940635760350,0.0,13269
720575940612331250,0.0,13270
720575940608990306,0.0,13271
720575940639350589,0.0,13272
720575940657919873,0.0,13273
720575940623218359,0.0,13274
720575940625218404,0.0,13275
720575940622678781,0.0,13276
720575940639374707,0.0,13277
720575940628761160,0.0,13278
720575940625696601,0.0,13279
720575940619173104,0.0,13280
720575940611451598,0.0,13281
720575940614803103,0.0,13282
720575940609105859,0.0,13283
720575940621325150,0.0,13284
720575940621880831,0.0,13285
720575940627081022,0.0,13286
720575940624299500,0.0,13287
720575940610489668,0.0,13288
720575940621091776,0.0,13289
720575940645103304,0.0,13290
720575940611646962,0.0,13291
720575940603957694,0.0,13292
720575940628645831,0.0,13293
720575940612196850,0.0,13294
720575940624696810,0.0,13295
720575940619675456,0.0,13296
720575940620129927,0.0,13297
720575940609869774,0.0,13298
720575940613302169,0.0,13299
720575940622583766,0.0,13300
720575940629458748,0.0,13301
720575940640046477,0.0,13302
720575940624481980,0.0,13303
720575940607711836,0.0,13304
720575940617967941,0.0,13305
720575940617135389,0.0,13306
720575940623472363,0.0,13307
720575940627502824,0.0,13308
720575940619772513,0.0,13309
720575940630991500,0.0,13310
720575940622944196,0.0,13311
720575940629104578,0.0,13312
720575940624549820,0.0,13313
720575940629167515,0.0,13314
720575940621128432,0.0,13315
720575940630097987,0.0,13316
720575940629141292,0.0,13317
720575940628781178,0.0,13318
720575940634393963,0.0,13319
720575940618901675,0.0,13320
720575940633171808,0.0,13321
720575940632780359,0.0,13322
720575940618348155,0.0,13323
720575940624171813,0.0,13324
720575940643966743,0.0,13325
720575940634194936,0.0,13326
720575940620989781,0.0,13327
720575940624730004,0.0,13328
720575940638192829,0.0,13329
720575940615868962,0.0,13330
720575940626377349,0.0,13331
720575940613686698,0.0,13332
720575940640438643,0.0,13333
720575940617607029,0.0,13334
720575940618478913,0.0,13335
720575940622616396,0.0,13336
720575940638312262,0.0,13337
720575940613081250,0.0,13338
720575940638312270,0.0,13339
720575940631622225,0.0,13340
720575940642203611,0.0,13341
720575940621291028,0.0,13342
720575940603693158,0.0,13343
720575940629875499,0.0,13344
720575940629438251,0.0,13345
720575940633660316,0.0,13346
720575940626725032,0.0,13347
720575940626463781,0.0,13348
720575940631379420,0.0,13349
720575940631992082,0.0,13350
720575940645534516,0.0,13351
720575940626454361,0.0,13352
720575940611463010,0.0,13353
720575940623312107,0.0,13354
720575940629944107,0.0,13355
720575940631598904,0.0,13356
720575940629974603,0.0,13357
720575940633764121,0.0,13358
720575940641417869,0.0,13359
720575940631394920,0.0,13360
720575940626376600,0.0,13361
720575940623137818,0.0,13362
720575940613356851,0.0,13363
720575940604247985,0.0,13364
720575940614061930,0.0,13365
720575940630255447,0.0,13366
720575940612461795,0.0,13367
720575940633286611,0.0,13368
720575940617490005,0.0,13369
720575940644053540,0.0,13370
720575940614840715,0.0,13371
720575940636858943,0.0,13372
720575940628763208,0.0,13373
720575940634136255,0.0,13374
720575940622607082,0.0,13375
720575940608956373,0.0,13376
720575940628766480,0.0,13377
720575940627594216,0.0,13378
720575940625066388,0.0,13379
720575940612803606,0.0,13380
720575940621226917,0.0,13381
720575940632829741,0.0,13382
720575940611527544,0.0,13383
720575940628159081,0.0,13384
720575940626593618,0.0,13385
720575940627053861,0.0,13386
720575940623855763,0.0,13387
720575940616166075,0.0,13388
720575940632302161,0.0,13389
720575940621332150,0.0,13390
720575940615894358,0.0,13391
720575940615385823,0.0,13392
720575940613353425,0.0,13393
720575940618557008,0.0,13394
720575940631999955,0.0,13395
720575940626557436,0.0,13396
720575940624418352,0.0,13397
720575940645100910,0.0,13398
720575940611388595,0.0,13399
720575940640681680,0.0,13400
720575940617226753,0.0,13401
720575940623938125,0.0,13402
720575940623886925,0.0,13403
720575940618820033,0.0,13404
720575940620393040,0.0,13405
720575940620441821,0.0,13406
720575940640547928,0.0,13407
720575940631272003,0.0,13408
720575940615568070,0.0,13409
720575940631353671,0.0,13410
720575940614883551,0.0,13411
720575940627990035,0.0,13412
720575940638148686,0.0,13413
720575940626890377,0.0,13414
720575940626839464,0.0,13415
720575940624504328,0.0,13416
720575940633772708,0.0,13417
720575940626184848,0.0,13418
720575940622686973,0.0,13419
720575940619011494,0.0,13420
720575940619437478,0.0,13421
720575940628387663,0.0,13422
720575940615621266,0.0,13423
720575940617821063,0.0,13424
720575940629485135,0.0,13425
720575940619470256,0.0,13426
720575940636241550,0.0,13427
720575940632413604,0.0,13428
720575940634462304,0.0,13429
720575940646663044,0.0,13430
720575940621057159,0.0,13431
720575940627713040,0.0,13432
720575940613071313,0.0,13433
720575940643041992,0.0,13434
720575940608677641,0.0,13435
720575940635742063,0.0,13436
720575940628769040,0.0,13437
720575940626674988,0.0,13438
720575940610735970,0.0,13439
720575940631399308,0.0,13440
720575940613686954,0.0,13441
720575940636390542,0.0,13442
720575940612738197,0.0,13443
720575940618571200,0.0,13444
720575940622448589,0.0,13445
720575940631526215,0.0,13446
720575940630066007,0.0,13447
720575940623992300,0.0,13448
720575940623238636,0.0,13449
720575940619784641,0.0,13450
720575940612278195,0.0,13451
720575940620197153,0.0,13452
720575940639040675,0.0,13453
720575940629764906,0.0,13454
720575940611775194,0.0,13455
720575940625240653,0.0,13456
720575940623912380,0.0,13457
720575940615957663,0.0,13458
720575940633041503,0.0,13459
720575940642506184,0.0,13460
720575940615495867,0.0,13461
720575940638094911,0.0,13462
720575940640207192,0.0,13463
720575940627176394,0.0,13464
720575940640855384,0.0,13465
720575940627034792,0.0,13466
720575940620682837,0.0,13467
720575940624280066,0.0,13468
720575940623473335,0.0,13469
720575940634903915,0.0,13470
720575940645722403,0.0,13471
720575940611189038,0.0,13472
720575940646214766,0.0,13473
720575940619986123,0.0,13474
720575940621622652,0.0,13475
720575940632435783,0.0,13476
720575940627021349,0.0,13477
720575940626148733,0.0,13478
720575940614481873,0.0,13479
720575940641659956,0.0,13480
720575940633683610,0.0,13481
720575940638636510,0.0,13482
720575940610832602,0.0,13483
720575940627455079,0.0,13484
720575940630695243,0.0,13485
720575940622687002,0.0,13486
720575940606242592,0.0,13487
720575940618492245,0.0,13488
720575940623538729,0.0,13489
720575940616433291,0.0,13490
720575940618693917,0.0,13491
720575940635372700,0.0,13492
720575940621736189,0.0,13493
720575940621754367,0.0,13494
720575940621665886,0.0,13495
720575940621796973,0.0,13496
720575940627072617,0.0,13497
720575940617249254,0.0,13498
720575940628602476,0.0,13499
720575940621363421,0.0,13500
720575940626319235,0.0,13501
720575940615051473,0.0,13502
720575940603514141,0.0,13503
720575940627999019,0.0,13504
720575940613685162,0.0,13505
720575940634842804,0.0,13506
720575940622063948,0.0,13507
720575940630288696,0.0,13508
720575940638546229,0.0,13509
720575940603489824,0.0,13510
720575940638982478,0.0,13511
720575940627301970,0.0,13512
720575940636333710,0.0,13513
720575940620182181,0.0,13514
720575940612768665,0.0,13515
720575940623216141,0.0,13516
720575940625158328,0.0,13517
720575940622588969,0.0,13518
720575940613864298,0.0,13519
720575940621417454,0.0,13520
720575940628818791,0.0,13521
720575940616198587,0.0,13522
720575940621113782,0.0,13523
720575940619409840,0.0,13524
720575940623318247,0.0,13525
720575940626520402,0.0,13526
720575940625799513,0.0,13527
720575940622144648,0.0,13528
720575940620008112,0.0,13529
720575940634699119,0.0,13530
720575940617387732,0.0,13531
720575940627747884,0.0,13532
720575940627217410,0.0,13533
720575940639043418,0.0,13534
720575940609973624,0.0,13535
720575940638675261,0.0,13536
720575940615254489,0.0,13537
720575940612698287,0.0,13538
720575940612069745,0.0,13539
720575940616378811,0.0,13540
720575940624589035,0.0,13541
720575940632441415,0.0,13542
720575940606407625,0.0,13543
720575940632888377,0.0,13544
720575940635815287,0.0,13545
720575940631716399,0.0,13546
720575940627768453,0.0,13547
720575940625164327,0.0,13548
720575940620533720,0.0,13549
720575940632829836,0.0,13550
720575940623902973,0.0,13551
720575940647380020,0.0,13552
720575940621082733,0.0,13553
720575940623133636,0.0,13554
720575940629343643,0.0,13555
720575940611498714,0.0,13556
720575940606868681,0.0,13557
720575940626286142,0.0,13558
720575940630306871,0.0,13559
720575940624537608,0.0,13560
720575940609024451,0.0,13561
720575940633160418,0.0,13562
720575940632164397,0.0,13563
720575940629121274,0.0,13564
