root_id,super_class
720575940629561347,motor
720575940626415620,central
720575940607967241,central
720575940632510479,sensory
720575940630020111,sensory
720575940626153488,central
720575940630773778,sensory
720575940633198615,sensory_ascending
720575940644175895,central
720575940622188568,central
720575940620451866,central
720575940630216735,sensory_ascending
720575940623237161,central
720575940629397564,sensory
720575940630937660,central
720575940621762625,sensory
720575940638343238,central
720575940625727560,sensory_ascending
720575940627824712,ascending
720575940630839371,descending
720575940628873295,sensory
720575940617371732,central
720575940636606554,descending
720575940634574943,central
720575940610916465,ascending
720575940620320884,sensory
720575940619206772,ascending
720575940648304761,sensory
720575940620910716,sensory
720575940618027143,sensory_ascending
720575940623532176,sensory_ascending
720575940618682526,sensory
720575940623401128,sensory
720575940628283560,central
720575940605771948,central
720575940632412333,descending
720575940607377586,central
720575940625006776,descending
720575940608884931,sensory
720575940621304004,descending
720575940627398855,ascending
720575940617273560,sensory
720575940632084705,central
720575940625596647,descending
720575940622450924,sensory_ascending
720575940612423922,central
720575940629201143,sensory
720575940613144830,central
720575940621861119,sensory
720575940629987587,central
720575940625596676,sensory
720575940608557323,central
720575940630708498,central
720575940627300627,central
720575940621336852,descending
720575940622254375,central
720575940611604776,central
720575940629102891,visual_projection
720575940624154928,sensory
720575940625203504,sensory
720575940631462200,central
720575940629954872,central
720575940616028475,central
720575940637851982,sensory
720575940628578639,sensory
720575940615700820,sensory_ascending
720575940619895125,central
720575940624449881,sensory_ascending
720575940607770972,sensory
720575940633067871,central
720575940634837343,sensory
720575940634181984,sensory
720575940610261346,sensory
720575940636541285,central
720575940627792233,central
720575940629725545,descending
720575940628644218,central
720575940618682747,sensory
720575940622352764,descending
720575940620550534,central
720575940622123400,descending
720575940625269136,sensory
720575940615537041,ascending
720575940613603737,ascending
720575940635066778,central
720575940612686233,central
720575940613996959,sensory
720575940639785379,central
720575940617568697,descending
720575940633330111,sensory
720575940622778820,central
720575940631003589,central
720575940615700934,sensory
720575940624515530,sensory
720575940625269194,sensory
720575940609868238,sensory
720575940611015122,central
720575940611768803,central
720575940613112293,central
720575940636279273,central
720575940623696362,ascending
720575940624679403,sensory
720575940611277293,central
720575940613669357,sensory
720575940633919992,central
720575940628349446,sensory
720575940622844424,central
720575940630020639,sensory_ascending
720575940643258916,sensory
720575940644635172,sensory
720575940624679463,motor
720575940622385703,sensory_ascending
720575940624351785,central
720575940631855663,descending
720575940620550705,central
720575940637458997,central
720575940618551862,sensory
720575940627235386,central
720575940614685243,central
720575940615995970,sensory
720575940630118979,sensory
720575940616258117,central
720575940630544967,sensory
720575940631429707,sensory
720575940637360730,central
720575940635066975,central
720575940657611393,sensory_ascending
720575940621107847,descending
720575940624319124,descending
720575940626612888,central
720575940611965593,central
720575940635067034,sensory
720575940612031129,sensory
720575940611932842,ascending
720575940621533867,central
720575940604396209,central
720575940622451383,sensory
720575940624253624,sensory
720575940630741701,sensory
720575940626154183,central
720575940642210504,central
720575940605739721,central
720575940627071690,central
720575940618289867,sensory
720575940622516941,central
720575940607345365,sensory
720575940611474138,central
720575940611080922,central
720575940621894365,sensory
720575940603183840,sensory
720575940628054760,sensory
720575940621763312,central
720575940620780272,central
720575940623303411,central
720575940639458037,ascending
720575940635034360,central
720575940628579066,central
720575940626678524,central
720575940621730557,sensory
720575940622811903,sensory
720575940630610688,sensory
720575940608295689,sensory
720575940627366675,descending
720575940633199383,sensory_ascending
720575940645913367,visual_projection
720575940631593753,descending
720575940619928346,descending
720575940630217503,sensory_ascending
720575940617110306,sensory
720575940631397165,sensory
720575940624450352,central
720575940646929204,sensory
720575940628841271,central
720575940627039034,sensory
720575940638081855,sensory
720575940616356672,sensory_ascending
720575940629201731,central
720575940616553300,ascending
720575940616848214,central
720575940630020968,central
720575940619928429,central
720575940621009773,central
720575940633625455,sensory
720575940621599604,descending
720575940629693302,sensory
720575940648272761,sensory
720575940629824378,sensory
720575940621566844,descending
720575940625597317,central
720575940627104649,sensory
720575940632118156,central
720575940643259277,central
720575940623008659,central
720575940618519454,descending
720575940613243807,central
720575940618879910,central
720575940613309359,sensory
720575940606919602,central
720575940636017588,sensory
720575940620878785,descending
720575940643029960,central
720575940624516042,sensory
720575940622123981,central
720575940613080017,central
720575940609573845,sensory
720575940606657493,sensory
720575940610753503,sensory
720575940605379552,sensory
720575940626514920,sensory
720575940636410869,sensory
720575940621599741,ascending
720575940629365760,sensory
720575940625073154,sensory
720575940631331855,sensory
720575940631299090,central
720575940625466387,central
720575940632871961,central
720575940625695772,sensory
720575940617241629,central
720575940609934365,sensory
720575940629267498,sensory
720575940618847281,sensory
720575940614128691,central
720575940647060532,central
720575940637721653,central
720575940631462969,sensory
720575940617241659,sensory
720575940621534273,descending
720575940609377348,central
720575940623991881,sensory
720575940625138761,optic
720575940616455261,visual_projection
720575940628218976,sensory
720575940625826916,sensory
720575940627989609,sensory
720575940635427947,sensory
720575940630119532,descending
720575940637525104,sensory
720575940638082163,sensory
720575940610753656,sensory
720575940619535483,sensory
720575940619076731,central
720575940626875529,sensory
720575940642309261,sensory
720575940626941080,central
720575940628710555,ascending
720575940633429148,sensory
720575940628874395,sensory
720575940618355870,central
720575940618519710,motor
720575940641653920,sensory_ascending
720575940621501609,sensory
720575940620649641,sensory
720575940612129962,sensory
720575940636050606,central
720575940622877884,sensory_ascending
720575940615242964,sensory_ascending
720575940628546775,central
720575940622419165,sensory
720575940637656286,central
720575940611015909,sensory
720575940616946918,central
720575940620092656,sensory
720575940622877940,sensory
720575940639360245,sensory
720575940627825923,descending
720575940629792018,sensory
720575940621141274,sensory
720575940617504027,sensory
720575940630971679,sensory
720575940623729968,sensory
720575940614554930,central
720575940646044980,sensory
720575940629792060,descending
720575940627334474,sensory
720575940616783190,central
720575940618290523,sensory_ascending
720575940604364134,central
720575940614686058,sensory
720575940634903915,descending
720575940631037302,sensory
720575940626318717,central
720575940660233601,central
720575940659479937,sensory
720575940625204611,sensory
720575940629235084,sensory
720575940637197710,central
720575940623533459,central
720575940626613659,sensory_ascending
720575940635362716,central
720575940614751650,central
720575940619437478,sensory
720575940636181934,central
720575940621010352,sensory
720575940606002609,sensory
720575940607641010,motor
720575940605937074,central
720575940615308729,central
720575940604364222,central
720575940642506184,sensory
720575940605937097,central
720575940632020428,central
720575940611671506,central
720575940617930200,central
720575940634609115,sensory
720575940633626082,sensory
720575940611802595,central
720575940623238636,sensory
720575940611343853,sensory
720575940620813808,sensory
720575940612031986,central
720575940620649972,sensory
720575940623992317,central
720575940615505406,descending
720575940624057853,central
720575940622026245,central
720575940622222856,sensory
720575940609279499,sensory
720575940631299602,central
720575940619601428,central
720575940626679317,sensory
720575940622517784,sensory_ascending
720575940617242141,central
720575940626089502,central
720575940631070239,sensory
720575940627629598,descending
720575940633396767,central
720575940611900968,sensory_ascending
720575940609181230,sensory
720575940625172016,central
720575940624418352,sensory
720575940612523571,central
720575940626843194,central
720575940638836285,sensory
720575940631463495,sensory
720575940628743752,motor
720575940625040973,sensory
720575940632315473,sensory
720575940632839763,central
720575940630251095,sensory
720575940639196760,sensory
720575940618815067,central
720575940621665886,sensory
720575940621502051,sensory
720575940615898730,descending
720575940620977773,central
720575940646274670,motor
720575940612556402,sensory
720575940620879476,central
720575940608788088,central
720575940611442296,central
720575940607280770,central
720575940622386824,descending
720575940643325581,central
720575940635952782,central
720575940634379918,sensory
720575940635330204,central
720575940652566177,sensory
720575940620289701,sensory
720575940621469350,sensory
720575940613080751,sensory
720575940640212669,central
720575940620879552,sensory
720575940615046854,central
720575940640147152,central
720575940633364179,sensory
720575940631365340,central
720575940631693026,central
720575940628416232,visual_projection
720575940622059242,sensory
720575940612687597,sensory
720575940624123645,sensory
720575940630054656,sensory
720575940626646787,sensory
720575940628481798,central
720575940620715789,sensory
720575940631299855,descending
720575940632413970,central
720575940618094356,sensory_ascending
720575940627728149,central
720575940627236629,central
720575940607870749,sensory_ascending
720575940609541917,sensory
720575940633397023,central
720575940621633313,sensory
720575940622124833,central
720575940613408563,central
720575940644439860,sensory
720575940625729342,ascending
720575940636346175,central
720575940617504581,central
720575940638312262,sensory
720575940615964485,sensory_ascending
720575940638803790,central
720575940638312270,sensory
720575940630054735,descending
720575940639786830,sensory
720575940637820750,sensory
720575940628744023,sensory_ascending
720575940623173470,sensory
720575940636804976,sensory
720575940640507763,central
720575940637689728,sensory_ascending
720575940614326162,central
720575940635625367,central
720575940639786915,central
720575940633921453,central
720575940635527092,ascending
720575940617668537,sensory
720575940624549820,central
720575940620879808,sensory
720575940620322753,sensory
720575940619110347,central
720575940609869774,sensory
720575940614129617,descending
720575940609476562,sensory
720575940631988179,sensory
720575940631037907,central
720575940622583766,central
720575940621207517,sensory
720575940615407583,ascending
720575940618291174,central
720575940621076458,sensory
720575940623042539,sensory
720575940624943084,motor
720575940613670893,central
720575940610656242,central
720575940630775801,central
720575940625893372,sensory_ascending
720575940624222205,central
720575940623861757,sensory
720575940622878719,descending
720575940622026757,sensory
720575940621928453,central
720575940607772681,sensory
720575940607019019,sensory
720575940624156686,sensory
720575940628514832,central
720575940626974737,central
720575940631889938,sensory
720575940624156696,sensory
720575940615473186,sensory
720575940624910373,sensory
720575940623108134,sensory
720575940621043753,central
720575940631693354,central
720575940626745387,central
720575940631889965,descending
720575940633462829,central
720575940617668662,sensory
720575940618684481,sensory
720575940620257345,sensory
720575940610000964,central
720575940627826760,descending
720575940627105864,sensory
720575940628252751,descending
720575940630349905,central
720575940630448215,sensory
720575940629956695,descending
720575940638541914,sensory
720575940637296730,sensory
720575940605282406,descending
720575940630546540,central
720575940635723887,central
720575940615276661,sensory
720575940636346487,central
720575940635297911,central
720575940619077755,descending
720575940659611777,central
720575940606101634,sensory
720575940634871950,central
720575940623468691,descending
720575940621633683,central
720575940610590869,central
720575940611868825,sensory_ascending
720575940635527322,central
720575940609673369,central
720575940637526190,central
720575940606757041,central
720575940623993015,motor
720575940638312637,sensory
720575940604299454,sensory
720575940620814528,sensory
720575940628154562,central
720575940605282505,sensory
720575940625664202,sensory
720575940624124109,central
720575940631038163,sensory
720575940622944491,central
720575940627826929,central
720575940630808827,descending
720575940627663100,ascending
720575940628973827,central
720575940621568269,central
720575940628023569,central
720575940612000022,sensory
720575940622649633,visual_projection
720575940644669732,central
720575940627040549,central
720575940632873261,central
720575940647029044,descending
720575940640639293,central
720575940638214461,central
720575940637919551,sensory
720575940618291520,descending
720575940626745682,sensory
720575940617341270,sensory
720575940636772698,central
720575940620454238,sensory
720575940621666654,sensory
720575940634249567,sensory
720575940614588778,descending
720575940637362544,sensory
720575940617636213,central
720575940627106173,sensory
720575940640803200,central
720575940648601988,central
720575940628023685,central
720575940623272328,central
720575940630677900,sensory
720575940616620433,sensory
720575940634085786,sensory
720575940615735711,sensory
720575940643817888,descending
720575940604103084,descending
720575940631366061,central
720575940624484796,descending
720575940634773951,central
720575940606986691,sensory
720575940624976330,sensory
720575940629531095,sensory
720575940628875735,sensory
720575940617898456,central
720575940640934363,ascending
720575940622485981,central
720575940622518749,sensory
720575940637231593,central
720575940621568490,sensory_ascending
720575940619307504,sensory_ascending
720575940619405812,central
720575940640901621,sensory
720575940633364984,sensory
720575940630678009,sensory
720575940623436285,central
720575940629662208,central
720575940627565059,central
720575940625173006,sensory
720575940619864596,sensory
720575940600433181,sensory
720575940644801060,descending
720575940612950568,sensory
720575940630907434,central
720575940608035374,central
720575940625861168,sensory
720575940625369648,sensory
720575940616194610,central
720575940646930996,central
720575940618816054,central
720575940617407030,central
720575940629367352,sensory_ascending
720575940618095173,sensory_ascending
720575940638280270,sensory
720575940631399008,sensory
720575940635789935,central
720575940612950642,ascending
720575940616653429,sensory
720575940628908670,sensory
720575940639361664,sensory
720575940626745987,descending
720575940642474637,central
720575940641950349,sensory
720575940618652318,sensory
720575940639787683,central
720575940613311151,central
720575940605676210,central
720575940639296189,sensory
720575940625763015,sensory
720575940610788069,sensory
720575940626287336,sensory
720575940618586862,sensory_ascending
720575940621241072,ascending
720575940640770805,sensory
720575940650535670,central
720575940631694069,sensory
720575940629302016,sensory
720575940628417280,central
720575940621077253,sensory
720575940627270406,sensory
720575940626057990,sensory_ascending
720575940628810512,central
720575940627368723,descending
720575940644342551,central
720575940634086169,central
720575940608658205,sensory
720575940643261220,sensory
720575940623338281,descending
720575940628024107,central
720575940608297774,sensory
720575940609084206,central
720575940617833265,central
720575940615244595,central
720575940612819763,sensory
720575940623862590,sensory_ascending
720575940625599304,sensory_ascending
720575940621306700,sensory
720575940639591246,central
720575940627467087,central
720575940630776657,central
720575940617997140,central
720575940627008345,central
720575940617505629,central
720575940604201830,central
720575940627925865,sensory
720575940631530348,ascending
720575940646341486,central
720575940622519156,central
720575940617636725,central
720575940620847999,sensory
720575940605971330,central
720575940620553094,central
720575940609739669,central
720575940633660314,sensory
720575940620094366,ascending
720575940644473760,descending
720575940614163367,sensory
720575940610198442,sensory_ascending
720575940604988332,sensory
720575940612131759,central
720575940607347634,sensory
720575940617079737,central
720575940616162235,sensory
720575940633299903,central
720575940628941762,sensory
720575940623535044,central
720575940613770182,sensory_ascending
720575940620585933,sensory
720575940615343060,central
720575940608986069,sensory
720575940630580183,central
720575940616817625,central
720575940602891232,central
720575940620749807,descending
720575940627827697,descending
720575940623764467,central
720575940652043254,sensory
720575940629761017,sensory
720575940629105658,sensory
720575940628745209,descending
720575940624321538,sensory_ascending
720575940607544329,sensory
720575940607970313,central
720575940623404046,central
720575940644965399,sensory
720575940625861660,central
720575940609543197,sensory
720575940632644639,sensory
720575940623666213,central
720575940622683174,sensory
720575940621339686,central
720575940632513581,sensory
720575940640836660,sensory
720575940621339713,descending
720575940613966914,sensory
720575940624157769,sensory
720575940620422229,sensory
720575940620061793,central
720575940622552163,sensory
720575940628548711,ascending
720575940631989352,central
720575940629859432,sensory_ascending
720575940645948526,sensory
720575940638149744,central
720575940611411057,central
720575940630023286,central
720575940628319354,sensory
720575940621864060,sensory
720575940622879882,central
720575940617440395,central
720575940641655949,central
720575940635954318,central
720575940636675214,central
720575940614884502,central
720575940615179423,sensory
720575940640246947,sensory
720575940610624682,ascending
720575940621110454,sensory
720575940624518328,central
720575940603874494,central
720575940633300159,sensory
720575940626877639,descending
720575940610231509,descending
720575940610100437,central
720575940624846039,sensory_ascending
720575940622650582,central
720575940641590491,central
720575940604431584,central
720575940638149865,central
720575940612558061,central
720575940627500279,descending
720575940625632516,sensory_ascending
720575940619668741,sensory_ascending
720575940607446281,central
720575940620422413,sensory
720575940630514959,central
720575940629564688,central
720575940627303699,descending
720575940617440539,ascending
720575940613803293,sensory
720575940605119776,ascending
720575940605185312,sensory
720575940631170346,sensory
720575940626484523,sensory_ascending
720575940629237036,sensory
720575940619341105,sensory
720575940618325302,central
720575940615671106,descending
720575940627828040,central
720575940619930965,sensory
720575940621667693,descending
720575940614393205,central
720575940660235649,central
720575940622486922,sensory
720575940627172751,sensory
720575940617244049,sensory
720575940611345813,sensory
720575940634807708,visual_centrifugal
720575940617112989,central
720575940613311914,central
720575940620946864,sensory
720575940621471157,descending
720575940620979638,central
720575940620553654,motor
720575940617407929,sensory
720575940639198653,sensory
720575940633791935,sensory
720575940619800001,sensory
720575940609314243,sensory
720575940622224836,central
720575940627107271,sensory
720575940645129672,central
720575940619865547,central
720575940623207885,ascending
720575940641656283,sensory
720575940637330921,sensory
720575940619931119,central
720575940629040625,sensory
720575940620979700,sensory
720575940621340148,sensory
720575940617047553,central
720575940628975107,ascending
720575940627467779,sensory
720575940628942340,central
720575940625042951,central
720575940622093832,sensory_ascending
720575940623044103,central
720575940614065676,central
720575940629138959,sensory
720575940625403409,sensory_ascending
720575940633136663,sensory_ascending
720575940620815896,descending
720575940626648606,sensory
720575940630122015,sensory
720575940617440802,central
720575940616064546,sensory
720575940615015976,sensory
720575940616162866,central
720575940647030324,central
720575940614688322,sensory
720575940638248518,sensory
720575940627828296,central
720575940622683724,sensory
720575940614721110,sensory_ascending
720575940616851030,central
720575940607872604,central
720575940631367264,sensory
720575940634512992,sensory
720575940613443178,sensory
720575940633726575,sensory_ascending
720575940638019184,descending
720575940630580854,motor
720575940621831804,sensory
720575940639166080,sensory
720575940658990721,sensory
720575940606004866,central
720575940627107465,sensory
720575940642442893,sensory
720575940628614799,central
720575940628319899,central
720575940619898526,central
720575940619669157,central
720575940621405861,central
720575940626878120,sensory
720575940621242025,central
720575940619767467,sensory
720575940630908589,central
720575940611772083,descending
720575940624846517,central
720575940622323382,ascending
720575940625927868,central
720575940620455616,central
720575940618096321,ascending
720575940621569728,central
720575940628254402,sensory
720575940629204674,central
720575940623208141,central
720575940630187727,sensory
720575940641263312,central
720575940612001489,central
720575940606332629,central
720575940621274845,descending
720575940632743649,sensory
720575940634545890,central
720575940631957218,sensory
720575940611509989,central
720575940624355051,sensory
720575940629860089,sensory
720575940629106438,central
720575940622978823,sensory
720575940621340429,sensory
720575940620422938,sensory
720575940617539355,ascending
720575940617801499,sensory
720575940617735965,sensory
720575940617244445,sensory_ascending
720575940623339305,central
720575940629696299,central
720575940646735668,sensory
720575940647030580,central
720575940629729084,central
720575940639756093,central
720575940635791167,sensory
720575940618522433,central
720575940629270339,sensory
720575940618260293,central
720575940627828552,descending
720575940636970830,sensory_ascending
720575940618850128,sensory
720575940628352850,descending
720575940616851286,sensory
720575940631367520,sensory
720575940631957344,sensory
720575940628451175,sensory
720575940632022888,sensory
720575940631924584,central
720575940613410666,sensory
720575940628680553,central
720575940630253420,sensory
720575940634414959,sensory
720575940613934965,sensory
720575940634087287,sensory_ascending
720575940624748419,descending
720575940627107721,descending
720575940626059152,sensory
720575940612427670,descending
720575940634251164,central
720575940617113501,central
720575940644704160,central
720575940618424235,sensory_ascending
720575940606693297,central
720575940627206074,central
720575940634939327,central
720575940619866059,central
720575940606431189,sensory
720575940620357597,sensory_ascending
720575940621864925,central
720575940633366498,sensory_ascending
720575940627304424,ascending
720575940619800560,sensory_ascending
720575940611837938,sensory
720575940621307892,central
720575940629172218,sensory
720575940628713468,central
720575940626649084,sensory
720575940624289789,central
720575940624224253,central
720575940609347595,central
720575940622749709,sensory
720575940628910095,central
720575940620292116,central
720575940626124828,sensory
720575940623503401,sensory
720575940632317997,central
720575940610494510,visual_projection
720575940631662648,descending
720575940628287546,central
720575940626780222,central
720575940609937476,central
720575940615868485,central
720575940636643406,sensory_ascending
720575940618424405,central
720575940616130646,central
720575940617048157,sensory
720575940621373534,central
720575940615573597,sensory
720575940631367776,sensory
720575940633759840,sensory
720575940620980323,central
720575940615540841,sensory
720575940645556334,descending
720575940611018865,central
720575940619047028,sensory
720575940636020855,sensory
720575940660269185,descending
720575940619407495,sensory
720575940624683152,sensory
720575940610887829,visual_projection
720575940612984981,central
720575940611674265,central
720575940634775706,sensory
720575940628910235,sensory
720575940618293406,sensory
720575940643000480,sensory
720575940614656162,sensory
720575940613345442,central
720575940612886695,sensory
720575940626190504,central
720575940630712493,descending
720575940636053678,central
720575940632154285,sensory
720575940624683194,sensory
720575940638707901,central
720575940614099142,central
720575940613050577,central
720575940613869777,central
720575940616261844,sensory_ascending
720575940621930710,central
720575940619210968,sensory
720575940604891360,ascending
720575940633301217,sensory
720575940613804259,central
720575940638183652,sensory
720575940617212134,sensory
720575940637462761,central
720575940621734126,visual_projection
720575940632252661,sensory
720575940630679801,central
720575940626092302,descending
720575940630548751,central
720575940626583836,central
720575940626518302,central
720575940630384927,sensory_ascending
720575940618031394,central
720575940624879911,central
720575940630122796,central
720575940614000947,sensory
720575940618195254,central
720575940628517175,sensory
720575940632416569,sensory
720575940623962430,ascending
720575940615672130,central
720575940617867589,sensory_ascending
720575940638904646,sensory
720575940632252743,central
720575940627829064,central
720575940617343316,central
720575940638708058,sensory
720575940615049578,central
720575940634186091,sensory
720575940611379569,central
720575940638642547,central
720575940621013364,sensory
720575940635005303,sensory
720575940639691136,sensory
720575940604891522,sensory_ascending
720575940622225800,central
720575940616786315,sensory
720575940629926284,sensory_ascending
720575940642378144,central
720575940639625635,central
720575940632940964,sensory
720575940631925156,descending
720575940616196539,sensory
720575940639068605,central
720575940604367294,sensory
720575940621570496,visual_projection
720575940631663052,central
720575940620718552,central
720575940617441752,central
720575940640936411,central
720575940613640685,central
720575940612952557,central
720575940628386295,central
720575940629139968,descending
720575940616786433,descending
720575940627304963,sensory
720575940621865479,central
720575940623897096,sensory
720575940625175054,central
720575940625175059,sensory_ascending
720575940627927573,central
720575940621341210,sensory
720575940604531229,sensory
720575940619244081,central
720575940616098354,sensory
720575940616589878,sensory
720575940630319671,sensory
720575940614427195,sensory
720575940631335491,central
720575940616786501,sensory
720575940624126537,central
720575940622520908,central
720575940632449619,sensory
720575940619309653,central
720575940607775324,sensory
720575940635202155,central
720575940611773041,sensory
720575940620653172,central
720575940619997819,central
720575940621308540,sensory
720575940621013640,central
720575940641231501,central
720575940622946963,sensory
720575940616688286,descending
720575940619047582,central
720575940639789731,descending
720575940620096171,central
720575940605219500,sensory
720575940622160560,descending
720575940622291632,central
720575940623110837,sensory
720575940623078071,central
720575940639298237,sensory
720575940620587713,sensory
720575940630713029,central
720575940627927751,sensory
720575940623209165,central
720575940614165201,descending
720575940622127830,sensory
720575940619473624,central
720575940616917721,sensory
720575940639560411,sensory
720575940637594334,central
720575940612100837,sensory
720575940627731176,descending
720575940620096238,central
720575940630221563,descending
720575940609282825,central
720575940627108625,sensory
720575940630352658,central
720575940611904296,ascending
720575940629369642,descending
720575940629861163,central
720575940617114418,central
720575940646441780,sensory
720575940646507316,sensory
720575940628648759,central
720575940629828407,central
720575940627403578,descending
720575940626125626,sensory
720575940626682682,central
720575940622160705,central
720575940609610564,sensory
720575940626748232,sensory
720575940632187729,central
720575940631794513,sensory
720575940626453337,sensory
720575940618818395,descending
720575940621538142,central
720575940631368544,sensory
720575940628648809,central
720575940635136880,sensory
720575940613510002,ascending
720575940630549370,central
720575940628779898,central
720575940629468026,central
720575940646736772,sensory
720575940622193546,central
720575940612461461,central
720575940633957271,sensory
720575940626551707,sensory_ascending
720575940618130334,sensory
720575940620129182,central
720575940618097573,central
720575940615607207,descending
720575940604662700,central
720575940632679341,central
720575940612756399,sensory
720575940624651189,descending
720575940614001595,sensory_ascending
720575940621931460,sensory
720575940630451141,sensory
720575940643001288,sensory_ascending
720575940624421834,central
720575940626191306,central
720575940617245652,descending
720575940621145053,sensory
720575940604236768,sensory
720575940635628516,sensory_ascending
720575940625306603,descending
720575940619932654,sensory
720575940638610421,sensory
720575940626650108,sensory
720575940628091910,sensory
720575940618818580,sensory
720575940619998228,sensory
720575940633170969,central
720575940632384537,sensory
720575940626748446,sensory
720575940644672548,central
720575940624520231,sensory
720575940623307815,sensory
720575940627272747,sensory
720575940615541810,central
720575940647031860,descending
720575940625601594,central
720575940629009468,sensory
720575940636873791,central
720575940637561919,central
720575940621833281,central
720575940609348676,sensory_ascending
720575940636709958,sensory_ascending
720575940637627470,sensory
720575940628616271,sensory
720575940627469394,central
720575940627207257,sensory
720575940634645600,central
720575940629009513,central
720575940615050346,central
720575940634612843,sensory
720575940632974443,ascending
720575940634809455,central
720575940616655989,sensory
720575940647654521,ascending
720575940622587018,central
720575940626224280,central
720575940625699992,central
720575940624028855,central
720575940624913596,sensory
720575940618261696,sensory_ascending
720575940619801793,ascending
720575940610888910,central
720575940617245908,sensory
720575940608562389,sensory
720575940610299098,central
720575940628419804,central
720575940615410911,central
720575940633040097,central
720575940612461795,sensory
720575940622456039,sensory
720575940626027752,descending
720575940622357740,sensory
720575940620260596,sensory
720575940640609525,sensory
720575940630910203,sensory
720575940622324991,central
720575940627404035,central
720575940627535110,central
720575940621571341,sensory
720575940623602958,central
720575940624258318,sensory
720575940629730575,sensory
720575940628780309,central
720575940625700124,central
720575940626748702,descending
720575940616885538,sensory
720575940632679727,central
720575940616164658,central
720575940639233333,sensory
720575940627371322,sensory
720575940618229051,visual_centrifugal
720575940625962312,central
720575940623537485,descending
720575940618392912,central
720575940618556752,sensory
720575940616951124,sensory
720575940617999700,ascending
720575940616361302,sensory
720575940621800798,central
720575940614165866,central
720575940614296938,central
720575940620031341,sensory
720575940641396078,sensory
720575940640413043,ascending
720575940637791603,central
720575940610332024,central
720575940627404154,sensory_ascending
720575940629796222,central
720575940620621190,descending
720575940617901447,sensory_ascending
720575940620031366,central
720575940615345558,central
720575940633662871,ascending
720575940617672093,sensory
720575940621866416,central
720575940635596212,central
720575940623078852,central
720575940625929671,sensory_ascending
720575940626191818,central
720575940619867595,central
720575940613838289,descending
720575940610004437,central
720575940622161366,descending
720575940615378399,descending
720575940611249635,central
720575940625012204,central
720575940626093553,sensory
720575940628649465,sensory
720575940616295937,sensory
720575940607546889,sensory
720575940619998740,central
720575940620293652,sensory
720575940619572762,sensory
720575940617541147,sensory
720575940624881180,sensory
720575940625798695,central
720575940631467565,sensory
720575940611151406,central
720575940628911671,central
720575940631008824,ascending
720575940629894716,central
720575940619114048,central
720575940613641794,central
720575940625962568,sensory
720575940628059722,central
720575940625339981,central
720575940632188497,sensory
720575940626028114,central
720575940617967188,sensory
720575940639037016,central
720575940632286816,sensory_ascending
720575940637562469,sensory_ascending
720575940644410990,central
720575940612888178,motor
720575940635530871,central
720575940618851963,sensory
720575940626618000,central
720575940615214738,sensory
720575940623242900,central
720575940626650776,central
720575940624324248,sensory
720575940633335450,sensory
720575940632975002,central
720575940611905177,central
720575940611643033,sensory
720575940653913761,sensory
720575940619310757,central
720575940618426021,ascending
720575940605154988,ascending
720575940632680109,sensory
720575940620981936,sensory
720575940623079095,central
720575940613641915,sensory
720575940625045180,central
720575940616197819,central
720575940623013564,sensory_ascending
720575940610463427,central
720575940608628419,central
720575940631631564,central
720575940611938001,sensory
720575940632057570,central
720575940613052131,central
720575940625733351,descending
720575940613019373,sensory
720575940620097262,sensory_ascending
720575940628387587,central
720575940626552597,central
720575940618098459,central
720575940621539113,central
720575940629141292,sensory
720575940631598904,sensory
720575940627371834,central
720575940618524481,central
720575940626257736,sensory
720575940621047632,central
720575940618950480,sensory
720575940626454361,sensory
720575940636186463,descending
720575940633171808,sensory
720575940644968302,central
720575940644706158,sensory
720575940637136752,central
720575940633401199,central
720575940639397747,sensory
720575940619900788,sensory
720575940619376500,central
720575940619016059,central
720575940627535742,central
720575940637955968,sensory_ascending
720575940605187970,central
720575940623406984,sensory
720575940641265549,sensory
720575940624750480,descending
720575940612429714,descending
720575940633499548,central
720575940631041956,ascending
720575940604991409,sensory
720575940611545011,sensory
720575940638218173,sensory
720575940624095172,central
720575940623210445,ascending
720575940609644498,sensory
720575940622030806,sensory
720575940629534679,sensory
720575940629370844,central
720575940614166495,sensory
720575940637530084,descending
720575940618786798,central
720575940624816115,descending
720575940617181185,central
720575940627142666,sensory
720575940624226318,central
720575940629207055,central
720575940628125715,descending
720575940619606036,central
720575940619999252,sensory
720575940626847765,central
720575940634023961,sensory
720575940614035485,sensory
720575940625602597,sensory
720575940622391337,central
720575940611610670,descending
720575940618590262,sensory
720575940629502009,sensory
720575940627404858,central
720575940627372090,ascending
720575940637366335,sensory
720575940619671616,central
720575940637661247,sensory
720575940624160845,central
720575940638185550,sensory
720575940630059087,descending
720575940617738325,sensory
720575940608399452,sensory
720575940608104540,sensory
720575940621244510,sensory
720575940627109991,sensory
720575940612626538,sensory
720575940611610737,central
720575940637464691,ascending
720575940647524473,sensory_ascending
720575940617541755,sensory
720575940625537149,central
720575940629239934,central
720575940604926082,sensory_ascending
720575940625897603,sensory_ascending
720575940626847875,sensory
720575940631632012,descending
720575940613347474,sensory
720575940614985878,central
720575940627372184,sensory
720575940618295454,central
720575940620982437,central
720575940611184819,sensory
720575940625111223,central
720575940624554170,motor
720575940622457028,sensory
720575940625242314,central
720575940630321356,sensory
720575940630223052,central
720575940620785869,sensory_ascending
720575940612626641,central
720575940623636701,central
720575940602534112,descending
720575940615411942,sensory_ascending
720575940620130543,sensory
720575940650244342,sensory
720575940634614008,ascending
720575940636645624,sensory
720575940623767805,central
720575940614396172,sensory
720575940626094350,motor
720575940629141775,sensory
720575940620359956,central
720575940628781333,motor
720575940621441304,central
720575940617476379,central
720575940617083163,sensory
720575940622129441,central
720575940645722403,sensory
720575940644247844,sensory
720575940624587046,central
720575940646443316,descending
720575940638546229,sensory
720575940628683063,central
720575940630288696,sensory
720575940619508033,sensory
720575940630157635,central
720575940609939780,central
720575940617967941,sensory
720575940630157643,central
720575940622063948,sensory
720575940631664971,sensory
720575940637825358,sensory
720575940626520402,sensory
720575940625799513,motor
720575940618656091,central
720575940620687707,sensory
720575940616395101,sensory
720575940616853853,central
720575940609513841,central
720575940628846966,central
720575940639332736,sensory
720575940620556680,sensory
720575940621900170,central
720575940629797260,sensory_ascending
720575940641921421,sensory
720575940619114918,ascending
720575940615346617,sensory_ascending
720575940605188542,central
720575940632615359,sensory_ascending
720575940620097985,central
720575940618820033,sensory
720575940629240263,descending
720575940612856273,central
720575940632615379,sensory
720575940621441494,central
720575940636350942,central
720575940633074145,central
720575940618066415,central
720575940619114991,central
720575940613413374,sensory
720575940625340945,sensory_ascending
720575940625668638,central
720575940632713759,central
720575940615772706,sensory_ascending
720575940645493283,sensory
720575940642609700,sensory_ascending
720575940611807795,descending
720575940647033396,ascending
720575940631271993,central
720575940627372602,sensory
720575940640676413,central
720575940639758909,central
720575940637661759,central
720575940631829059,descending
720575940609645124,sensory
720575940626127432,central
720575940627667530,central
720575940616526420,sensory
720575940637956698,central
720575940633041503,descending
720575940631370336,sensory
720575940610103906,sensory
720575940626258532,sensory
720575940630649448,central
720575940610595442,sensory_ascending
720575940608432760,central
720575940618263174,central
720575940637661838,sensory
720575940612692633,central
720575940618394269,sensory
720575940620294821,central
720575940610366122,sensory_ascending
720575940610955946,central
720575940630846125,sensory_ascending
720575940623473335,motor
720575940615641798,sensory
720575940642478792,central
720575940619934411,sensory
720575940631108303,central
720575940628978391,central
720575940611775194,sensory
720575940642544347,optic
720575940621736669,central
720575940638907108,ascending
720575940616100582,central
720575940624882407,central
720575940628978409,sensory
720575940622457579,central
720575940621409008,sensory
720575940622686973,sensory
720575940628781828,central
720575940628355846,sensory
720575940623047432,sensory
720575940628978450,sensory
720575940618427156,descending
720575940621572890,descending
720575940618165019,motor
720575940624915230,sensory
720575940631468831,sensory
720575940631829279,central
720575940623014695,descending
720575940624882471,sensory
720575940632877869,descending
720575940613380914,central
720575940616067890,central
720575940645264180,sensory
720575940618591030,sensory
720575940628192055,sensory
720575940638284607,sensory
720575940614363970,sensory
720575940630059847,sensory
720575940627274578,sensory
720575940629371735,central
720575940607777628,central
720575940635564896,descending
720575940629044071,sensory
720575940633762667,sensory
720575940635990896,sensory
720575940648377209,sensory
720575940626291581,sensory
720575940625996677,central
720575940622130058,sensory
720575940622785418,sensory
720575940616100753,sensory
720575940614200214,central
720575940612692889,descending
720575940633762714,central
720575940629207963,central
720575940617444254,sensory
720575940617477022,descending
720575940632648612,central
720575940621573030,central
720575940622195625,descending
720575940614167483,central
720575940634647487,sensory
720575940619869120,sensory
720575940620622785,sensory
720575940632189900,descending
720575940610759634,sensory
720575940631993299,sensory
720575940611349466,sensory
720575940641627099,central
720575940612955107,sensory
720575940623637482,ascending
720575940628487153,descending
720575940611939314,sensory
720575940630911991,sensory_ascending
720575940630682618,descending
720575940628552699,ascending
720575940626390018,central
720575940623047688,sensory
720575940613708812,central
720575940629765138,central
720575940617411611,central
720575940642413604,sensory
720575940644281380,sensory
720575940631469098,sensory
720575940610956334,central
720575940619181105,sensory
720575940631174199,sensory
720575940629371960,sensory_ascending
720575940639169597,sensory
720575940626816062,descending
720575940617903168,central
720575940620262465,central
720575940630092867,sensory
720575940607188036,central
720575940638088262,central
720575940622163020,sensory
720575940621442124,central
720575940624981069,sensory
720575940626881625,sensory
720575940608498780,central
720575940608990306,sensory
720575940627373161,central
720575940613545066,central
720575940611644529,descending
720575940626029693,sensory_ascending
720575940648180868,descending
720575940628225167,descending
720575940616952977,central
720575940618165393,central
720575940633173143,sensory
720575940635696279,central
720575940611906713,central
720575940633992346,central
720575940632648868,ascending
720575940621442224,sensory
720575940621900981,central
720575940624686268,sensory
720575940629011655,central
720575940619738315,central
720575940620819659,central
720575940623211725,central
720575940606336213,central
720575940640971995,central
720575940612857055,sensory_ascending
720575940615970015,central
720575940632714465,sensory
720575940637334756,central
720575940621540586,central
720575940623178995,sensory
720575940628684023,central
720575940633304312,sensory_ascending
720575940629667065,sensory
720575940628356358,sensory
720575940630650130,sensory
720575940634090777,central
720575940609187101,sensory_ascending
720575940609547549,sensory
720575940628749612,central
720575940618558769,sensory
720575940614004019,sensory
720575940628356407,central
720575940638088511,descending
720575940632812867,sensory
720575940617674053,sensory_ascending
720575940632386899,sensory
720575940616428884,sensory
720575940620983637,sensory
720575940637039962,sensory
720575940635172191,sensory
720575940604763494,sensory
720575940628651369,sensory_ascending
720575940614856042,sensory
720575940645100910,sensory
720575940639792494,sensory_ascending
720575940625145221,sensory_ascending
720575940623146378,sensory
720575940630257051,central
720575940615740834,central
720575940614102434,central
720575940621573542,central
720575940625571240,sensory
720575940611087786,descending
720575940623474108,central
720575940624981436,sensory
720575940603944382,central
720575940619378123,central
720575940632190412,central
720575940638416336,sensory
720575940631207388,visual_centrifugal
720575940637662697,motor
720575940622589419,sensory
720575940623637995,sensory
720575940619771375,central
720575940620131824,sensory
720575940620819952,sensory
720575940624391667,sensory
720575940627078650,sensory_ascending
720575940630715899,sensory
720575940627930630,sensory
720575940627209734,sensory
720575940607614475,central
720575940626456081,central
720575940628815381,central
720575940633304601,ascending
720575940618165787,central
720575940613971485,sensory
720575940624555559,sensory
720575940614954536,central
720575940613611048,sensory
720575940631469610,central
720575940632288815,sensory
720575940640841268,sensory
720575940624719422,central
720575940619542081,sensory
720575940639661646,sensory
720575940619083349,sensory
720575940630552151,sensory
720575940626357865,sensory_ascending
720575940643790446,sensory
720575940633697903,sensory_ascending
720575940629470838,central
720575940627046010,sensory
720575940606926466,central
720575940624948867,sensory
720575940617117323,sensory
720575940616855185,sensory
720575940610956953,sensory
720575940633796252,central
720575940614200994,sensory
720575940620263088,central
720575940605353649,central
720575940620459702,sensory
720575940616298171,central
720575940606762686,central
720575940619411147,central
720575940623146701,central
720575940612136666,sensory
720575940621508336,sensory
720575940630683385,central
720575940627799802,descending
720575940629307129,sensory
720575940628029180,central
720575940629012227,descending
720575940626849546,descending
720575940622786317,descending
720575940630060831,sensory_ascending
720575940628946731,ascending
720575940616167218,sensory
720575940647034676,central
720575940636679989,central
720575940629339959,sensory
720575940617510720,sensory
720575940630060887,sensory
720575940627537753,central
720575940621147998,ascending
720575940603453286,central
720575940643823470,central
720575940648804217,motor
720575940622917500,visual_centrifugal
720575940630716286,central
720575940621508479,sensory
720575940625080197,sensory_ascending
720575940626784137,central
720575940627177359,sensory
720575940634877850,central
720575940628258715,sensory
720575940628651931,sensory
720575940628422555,central
720575940616101789,central
720575940641791904,sensory_ascending
720575940656144289,descending
720575940639268771,central
720575940630159268,sensory_ascending
720575940610138026,sensory_ascending
720575940610334634,sensory_ascending
720575940604403628,central
720575940625047479,descending
720575940615774139,sensory
720575940625047484,central
720575940620099520,sensory
720575940606205897,sensory
720575940605976521,ascending
720575940607451081,descending
720575940621836246,central
720575940631044059,sensory
720575940634714075,sensory
720575940632649697,central
720575940632977378,central
720575940618723303,sensory_ascending
720575940627603432,sensory
720575940627439592,central
720575940626554856,sensory
720575940622491632,central
720575940641464309,central
720575940651360246,sensory
720575940621082623,sensory_ascending
720575940626456582,central
720575940626096138,central
720575940627275795,central
720575940644216855,central
720575940604272672,sensory
720575940625866789,sensory
720575940629438508,descending
720575940618887217,sensory
720575940645199924,central
720575940616921152,central
720575940630028359,central
720575940618788944,sensory
720575940627243097,sensory
720575940609712226,sensory
720575940630323303,central
720575940630290536,descending
720575940639301747,ascending
720575940637106295,ascending
720575940610269304,central
720575940629766266,central
720575940647100548,central
720575940621181066,descending
720575940625178768,central
720575940625014928,central
720575940623179923,sensory
720575940617674909,sensory
720575940655587489,descending
720575940639531171,sensory
720575940621443241,sensory
720575940633075885,ascending
720575940635304110,central
720575940612235439,sensory
720575940611088563,sensory
720575940623474871,sensory
720575940623605943,central
720575940626030776,central
720575940623933626,sensory_ascending
720575940618363072,sensory
720575940629602501,sensory
720575940611121362,sensory
720575940642545883,descending
720575940614004973,sensory
720575940629733626,central
720575940630159616,central
720575940626817284,sensory
720575940621902085,ascending
720575940627210502,central
720575940625047815,descending
720575940625146122,central
720575940626555153,central
720575940643594519,central
720575940621771041,central
720575940631470378,sensory
720575940625867056,central
720575940616167730,central
720575940614234418,sensory
720575940646576436,central
720575940625310014,central
720575940619280705,central
720575940610236740,sensory
720575940625408333,central
720575940630126929,central
720575940630749523,central
720575940618920277,sensory
720575940629176663,sensory
720575940631994728,central
720575940631699816,sensory
720575940645527918,motor
720575940630126966,central
720575940635631991,central
720575940618264955,sensory
720575940639826304,sensory
720575940608369026,sensory
720575940616561035,sensory
720575940631699852,sensory
720575940637139342,sensory
720575940638286243,sensory
720575940614660519,central
720575940637663662,central
720575940615676334,sensory
720575940615578043,descending
720575940622950844,sensory_ascending
720575940643791304,sensory
720575940631110095,descending
720575940614332899,sensory
720575940612235747,central
720575940624392679,central
720575940624163303,central
720575940622557675,central
720575940622655979,sensory
720575940626620913,central
720575940621148660,central
720575940630094325,sensory
720575940641366517,central
720575940629766649,central
720575940630356473,central
720575940626522620,sensory
720575940628390400,sensory
720575940627538434,descending
720575940621574661,sensory
720575940622328328,sensory_ascending
720575940625703434,sensory
720575940626391562,central
720575940606239243,sensory
720575940627243539,central
720575940618002964,sensory_ascending
720575940632945177,central
720575940618166811,central
720575940622295585,sensory
720575940625113637,sensory
720575940613153320,sensory
720575940622721577,sensory
720575940630487594,sensory
720575940629275180,sensory
720575940633895469,sensory
720575940626555440,central
720575940618756657,central
720575940619608625,central
720575940614136371,central
720575940647952948,central
720575940638745141,central
720575940618953270,sensory
720575940609253956,sensory
720575940617478725,sensory
720575940626817610,central
720575940631863883,sensory
720575940619543120,sensory_ascending
720575940608500316,central
720575940607058524,sensory
720575940635370079,sensory
720575940628095593,central
720575940613120618,central
720575940619772525,central
720575940635959919,sensory
720575940609778289,sensory_ascending
720575940630291062,sensory
720575940629766782,sensory
720575940621804159,descending
720575940626784899,sensory
720575940624851589,sensory_ascending
720575940611351193,sensory
720575940654310049,central
720575940631437997,sensory
720575940607386290,central
720575940606993074,sensory
720575940622361270,motor
720575940608893623,sensory
720575940616823481,sensory
720575940627276474,central
720575940624589500,sensory
720575940629111490,central
720575940607386307,sensory
720575940629242567,central
720575940626162378,sensory
720575940619969227,sensory
720575940632683212,sensory
720575940629013199,central
720575940613120721,central
720575940606567125,sensory_ascending
720575940620591837,central
720575940614759149,descending
720575940621771502,central
720575940611875570,sensory
720575940640842485,sensory
720575940628751095,central
720575940630291195,sensory
720575940617184001,central
720575940627538690,ascending
720575940627702547,visual_projection
720575940625802003,sensory
720575940620919578,sensory
720575940625408796,central
720575940626522910,sensory
720575940617151266,central
720575940633338669,sensory
720575940625376062,descending
720575940625408830,sensory
720575940630553415,sensory
720575940629701451,central
720575940617642832,central
720575940618003284,sensory
720575940619182933,central
720575940624032611,central
720575940627604327,central
720575940629865319,central
720575940629701484,central
720575940645528430,motor
720575940645036932,central
720575940626719621,ascending
720575940618625927,sensory
720575940615742353,central
720575940624327572,motor
720575940633797530,central
720575940615611303,central
720575940606239666,sensory
720575940611089331,central
720575940622558133,sensory
720575940626031548,sensory
720575940623180732,central
720575940628784066,central
720575940609811395,sensory
720575940604568521,central
720575940624589770,sensory
720575940622099405,sensory
720575940607452117,sensory
720575940616659929,sensory
720575940640613339,central
720575940635403230,central
720575940604470240,central
720575940604273632,sensory
720575940635960292,central
720575940623311847,sensory
720575940627047400,central
720575940628030440,descending
720575940627735537,central
720575940611384306,central
720575940625703923,visual_centrifugal
720575940615513086,central
720575940630160384,ascending
720575940627538947,sensory
720575940630422543,sensory
720575940615808029,central
720575940626818085,central
720575940614956072,central
720575940629472298,descending
720575940630127660,ascending
720575940630783023,sensory
720575940615480370,central
720575940616758322,central
720575940627768375,sensory_ascending
720575940632028216,central
720575940632486969,descending
720575940614595643,ascending
720575940630324284,sensory
720575940625409086,sensory
720575940637303871,central
720575940623836222,sensory
720575940607910980,sensory_ascending
720575940609221700,central
720575940630750279,sensory
720575940628259912,sensory
720575940622591049,sensory
720575940632192075,visual_projection
720575940628259919,central
720575940628915279,sensory
720575940638024794,central
720575940616332381,sensory
720575940621116510,central
720575940634813536,motor
720575940609713250,sensory
720575940634453093,central
720575940605682790,sensory
720575940629701737,central
720575940637107312,sensory
720575940609647729,sensory_ascending
720575940629210230,sensory
720575940617839739,central
720575940621509759,sensory
720575940638024832,central
720575940623934600,ascending
720575940635960462,sensory
720575940635075726,central
720575940628653199,central
720575940613153938,central
720575940610008217,sensory
720575940615677090,sensory_ascending
720575940618724517,sensory_ascending
720575940627244200,ascending
720575940618888368,sensory
720575940604404913,sensory
720575940607059122,sensory
720575940625376442,central
720575940614235323,descending
720575940624065724,sensory
720575940615972027,sensory
720575940630095045,central
720575940606010569,central
720575940609221845,sensory
720575940622525654,central
720575940612662499,central
720575940635239672,central
720575940623148285,central
720575940621870349,sensory
720575940625179918,sensory
720575940625966350,sensory
720575940625343761,descending
720575940625605905,sensory
720575940644447511,central
720575940643202327,central
720575940644676900,sensory
720575940626982181,descending
720575940632618287,visual_projection
720575940616103218,central
720575940647560500,descending
720575940630586684,sensory
720575940631635271,sensory_ascending
720575940626097482,sensory_ascending
720575940630521163,visual_projection
720575940618233168,central
720575940628194647,sensory
720575940608042332,central
720575940608370012,central
720575940627637607,central
720575940628129129,central
720575940621706605,ascending
720575940638811507,sensory
720575940617807227,sensory
720575940622329212,sensory
720575940619085190,sensory
720575940618626439,central
720575940621313414,descending
720575940626949513,sensory
720575940621608330,central
720575940642088333,sensory
720575940614923666,sensory
720575940633634199,sensory
720575940652606881,sensory_ascending
720575940605846962,sensory
720575940607452594,sensory
720575940619838912,central
720575940621477312,central
720575940629112258,central
720575940615579078,sensory
720575940625573322,descending
720575940630521292,central
720575940611352014,central
720575940622198230,sensory
720575940628817367,sensory
720575940630488540,central
720575940622067165,descending
720575940628948444,sensory
720575940633044449,central
720575940627572200,sensory
720575940621870576,sensory
720575940611876338,sensory
720575940624393715,sensory
720575940622362109,central
720575940622263821,sensory
720575940628391440,sensory
720575940633372185,central
720575940621870618,sensory
720575940627015196,descending
720575940625507870,sensory
720575940622427681,sensory
720575940618757666,central
720575940620494369,sensory
720575940629243434,sensory_ascending
720575940617905713,sensory
720575940616169010,central
720575940640843316,sensory
720575940616889915,sensory
720575940637763135,central
720575940629440067,sensory
720575940608763460,sensory
720575940618135109,sensory
720575940628096586,motor
720575940622493260,central
720575940638680654,central
720575940619085397,sensory
720575940638844504,central
720575940636649061,central
720575940604241510,sensory
720575940621051501,sensory
720575940611384946,central
720575940640515699,ascending
720575940639467136,central
720575940620658310,sensory
720575940633044634,central
720575940633437850,sensory
720575940616791709,central
720575940620068518,central
720575940620953254,sensory
720575940630914733,sensory_ascending
720575940607387314,central
720575940624623287,central
720575940607944384,sensory
720575940620494529,central
720575940614563526,central
720575940623804106,sensory_ascending
720575940632618700,sensory
720575940621805261,sensory
720575940611548878,central
720575940612925146,visual_projection
720575940630456028,ascending
720575940637239006,sensory
720575940615382751,central
720575940637009636,central
720575940616759014,central
720575940630882039,sensory
720575940629309177,sensory
720575940625147645,central
720575940628391686,ascending
720575940622886663,sensory
720575940609648395,central
720575940631340815,central
720575940627801877,central
720575940613154582,central
720575940623083288,sensory
720575940634093337,central
720575940623017769,sensory
720575940629866283,descending
720575940647036724,ascending
720575940630751031,visual_projection
720575940624131913,descending
720575940632422219,descending
720575940639205198,central
720575940619675472,central
720575940617938772,sensory
720575940634683237,central
720575940639762291,central
720575940639696755,central
720575940626622339,ascending
720575940640679821,central
720575940616038294,central
720575940634781594,sensory
720575940634224540,ascending
720575940637632419,sensory
720575940630292388,sensory
720575940639041443,sensory
720575940631701412,central
720575940619741104,central
720575940612335539,descending
720575940623312828,sensory
720575940604274622,sensory
720575940614465478,central
720575940626163658,central
720575940631930828,central
720575940630980559,descending
720575940608370645,central
720575940603029472,sensory
720575940622919655,central
720575940621150191,central
720575940619249648,sensory_ascending
720575940626163697,sensory_ascending
720575940622198772,sensory
720575940629932035,central
720575940623017989,central
720575940608305161,sensory
720575940628326417,central
720575940620199962,central
720575940625737776,central
720575940647036980,central
720575940625803336,central
720575940631406667,sensory
720575940620626011,central
720575940634617952,descending
720575940634683488,sensory
720575940628818023,sensory
720575940630554728,sensory
720575940616169578,central
720575940645103726,sensory
720575940638124147,sensory
720575940616661109,sensory
720575940610173048,descending
720575940627277950,sensory
720575940620888191,sensory
720575940625737859,central
720575940645824644,sensory
720575940622657684,central
720575940634257564,sensory
720575940633274524,sensory
720575940617873566,sensory
720575940632815780,central
720575940626327720,sensory
720575940631898285,sensory
720575940635863214,central
720575940631963821,sensory
720575940605552818,central
720575940614596795,sensory
720575940628326594,sensory
720575940623739076,central
720575940620691672,central
720575940614727903,central
720575940604340448,sensory
720575940621838571,central
720575940622330100,sensory
720575940651198710,central
720575940651231478,central
720575940626557186,central
720575940630915346,sensory
720575940620724504,sensory_ascending
720575940615088434,sensory_ascending
720575940645497140,central
720575940632258872,sensory
720575940632029496,central
720575940624984378,sensory_ascending
720575940616071483,central
720575940628785468,central
720575940625279294,sensory
720575940615809349,sensory
720575940639041862,sensory
720575940626065736,central
720575940618627412,central
720575940617972052,sensory
720575940625049945,sensory
720575940625738073,central
720575940621183326,sensory
720575940620691811,sensory
720575940623968612,descending
720575940630686060,central
720575940631538028,central
720575940620822893,sensory
720575940613941618,central
720575940611811704,central
720575940648839545,central
720575940626983293,sensory
720575940618398086,sensory_ascending
720575940624296328,central
720575940634945943,sensory
720575940628031896,central
720575940640123299,sensory
720575940619938217,sensory
720575940621642155,central
720575940618856896,sensory
720575940618529217,central
720575940608862677,sensory
720575940629211607,sensory
720575940620200413,sensory_ascending
720575940634257890,central
720575940636387812,sensory
720575940611385829,sensory
720575940624755180,sensory
720575940628916730,central
720575940626557436,sensory
720575940623837693,sensory
720575940627311106,central
720575940627540484,sensory
720575940626360836,sensory
720575940625607178,sensory
720575940623149581,central
720575940627245585,central
720575940627442197,sensory
720575940628130325,central
720575940643793431,central
720575940633143833,sensory
720575940626524702,descending
720575940632128031,sensory
720575940605291040,sensory
720575940621314593,sensory
720575940645693988,visual_centrifugal
720575940647037492,central
720575940627704375,sensory
720575940638288447,central
720575940638091839,central
720575940627704392,central
720575940616202838,central
720575940639599192,sensory
720575940626229849,central
720575940625148505,sensory
720575940626295396,descending
720575940631997032,central
720575940628327034,central
720575940623444604,central
720575940658702977,central
720575940626524805,sensory
720575940621642376,sensory
720575940623084170,central
720575940615285393,sensory
720575940634782359,descending
720575940614302370,sensory
720575940632717988,sensory
720575940620593840,sensory
720575940606012081,sensory
720575940614597307,sensory
720575940639206077,central
720575940606536393,sensory
720575940618889931,sensory
720575940618267339,sensory
720575940611549902,central
720575940614138577,ascending
720575940632816339,sensory
720575940629768919,central
720575940620921565,sensory
720575940614433503,sensory
720575940634290913,visual_centrifugal
720575940623805159,sensory
720575940620856046,sensory
720575940621150958,sensory
720575940620757748,descending
720575940638681845,sensory
720575940626066197,sensory
720575940623051544,central
720575940618726171,central
720575940604865312,ascending
720575940645497635,sensory
720575940624362277,central
720575940625083175,sensory_ascending
720575940625181488,central
720575940625345328,central
720575940627868471,sensory
720575940632030008,central
720575940628622140,central
720575940619447105,sensory
720575940629670723,ascending
720575940610698052,central
720575940638714694,central
720575940638223174,central
720575940623543117,descending
720575940638190414,sensory
720575940632226641,sensory
720575940615875412,central
720575940620528475,central
720575940609944418,central
720575940626787172,central
720575940634291045,sensory
720575940606667622,central
720575940612074353,central
720575940619643771,sensory_ascending
720575940625836925,sensory
720575940628589438,sensory
720575940629965708,descending
720575940635962254,sensory
720575940637436814,central
720575940623281043,sensory
720575940614138783,sensory
720575940613286818,central
720575940618759078,sensory_ascending
720575940619479979,sensory
720575940615023535,descending
720575940620921776,sensory
720575940635732916,sensory
720575940622396343,sensory
720575940608076739,descending
720575940625705930,central
720575940640713680,sensory
720575940611025874,sensory_ascending
720575940633373651,central
720575940615613396,central
720575940602506208,sensory
720575940631735265,central
720575940632423394,sensory
720575940618922992,sensory_ascending
720575940642352117,sensory
720575940631342073,descending
720575940629736443,sensory
720575940627704828,sensory
720575940626099214,central
720575940627180561,central
720575940627442709,sensory
720575940633340953,central
720575940621511706,central
720575940616137755,central
720575940626033692,sensory
720575940625542172,sensory
720575940621380646,central
720575940623313961,sensory
720575940626557995,sensory
720575940628491308,sensory
720575940625050686,central
720575940630064195,central
720575940638092366,sensory
720575940619742288,sensory
720575940616793174,sensory
720575940629376087,sensory
720575940629146711,sensory
720575940631899223,central
720575940629081175,central
720575940620627035,central
720575940626197593,central
720575940610501730,central
720575940627803241,central
720575940629965932,ascending
720575940645629038,sensory
720575940640779379,central
720575940622593148,sensory
720575940620004479,central
720575940623412360,sensory
720575940631997580,sensory
720575940631866508,sensory
720575940630686860,sensory
720575940637633678,central
720575940635831438,central
720575940637666446,central
720575940626295951,sensory
720575940615941270,sensory
720575940616793246,central
720575940619218078,sensory
720575940622199977,sensory
720575940605488305,central
720575940635733172,central
720575940624133306,central
720575940620037312,central
720575940614433990,sensory
720575940642581704,sensory
720575940626164938,sensory
720575940630326479,central
720575940630097103,central
720575940633308371,central
720575940616793300,sensory
720575940615941337,sensory
720575940620135645,descending
720575940622724331,sensory
720575940623183083,sensory
720575940611583218,sensory
720575940611910898,sensory
720575940620791028,sensory
720575940620823796,sensory
720575940639436021,central
720575940636454136,descending
720575940627049731,sensory
720575940625771780,sensory_ascending
720575940609125641,visual_projection
720575940607651083,sensory
720575940608601355,ascending
720575940630654226,central
720575940626656531,central
720575940645039383,central
720575940617809181,descending
720575940622691622,sensory
720575940625706279,central
720575940623379750,central
720575940631539001,sensory
720575940616695099,central
720575940626885960,sensory
720575940624592217,central
720575940638092634,central
720575940630785388,sensory
720575940619939188,central
720575940620332404,sensory
720575940635274615,ascending
720575940622298492,optic
720575940607880578,motor
720575940646088068,central
720575940617940359,sensory_ascending
720575940623314312,central
720575940633243034,sensory
720575940619087269,central
720575940622200233,sensory
720575940611976618,descending
720575940612599215,ascending
720575940619644336,ascending
720575940605095346,central
720575940623642037,sensory
720575940623707575,central
720575940616727995,sensory
720575940622593476,sensory
720575940627836359,sensory
720575940624854474,central
720575940610665934,sensory
720575940619152856,descending
720575940619513304,central
720575940635995614,sensory
720575940620692974,central
720575940618366447,sensory_ascending
720575940629310970,central
720575940614434302,central
720575940622953983,sensory
720575940608929289,sensory
720575940627410451,motor
720575940618497556,central
720575940642582039,sensory
720575940626034204,sensory
720575940614041117,sensory
720575940644318756,sensory
720575940626132519,central
720575940613221928,sensory
720575940623380009,central
720575940631309866,descending
720575940630588972,sensory
720575940610076206,central
720575940631244335,central
720575940613418547,central
720575940645301812,sensory
720575940637896245,sensory
720575940618432054,sensory
720575940629278263,central
720575940625313338,central
720575940631047751,sensory
720575940624756297,central
720575940630654539,sensory
720575940618497616,sensory
720575940616400470,descending
720575940635078239,sensory
720575940636552805,central
720575940612763242,sensory
720575940635209323,central
720575940630589036,central
720575940628360812,sensory_ascending
720575940610895474,endocrine
720575940639764083,sensory_ascending
720575940622102154,central
720575940622397075,sensory
720575940624068244,sensory
720575940623314580,sensory
720575940615810717,sensory_ascending
720575940638682787,sensory
720575940633767588,ascending
720575940628885160,descending
720575940631572141,sensory
720575940614598319,sensory
720575940624428728,sensory
720575940630425285,sensory
720575940630195909,sensory
720575940609617614,central
720575940640681680,motor
720575940639043280,sensory
720575940616695508,sensory
720575940617678566,central
720575940628590312,central
720575940626919144,central
720575940624625388,central
720575940621512445,ascending
720575940621774591,sensory
720575940624461576,ascending
720575940626624275,central
720575940617973524,sensory_ascending
720575940624920348,sensory
720575940604210976,sensory
720575940612534056,sensory
720575940625870640,descending
720575940624428848,sensory
720575940638256949,sensory
720575940616564534,central
720575940631670584,sensory
720575940637372221,sensory
720575940638125887,central
720575940632588099,central
720575940637568838,sensory
720575940628787016,central
720575940626001746,sensory
720575940616466260,central
720575940616597334,descending
720575940620627803,central
720575940610797410,sensory
720575940631244648,ascending
720575940629704553,central
720575940634619759,sensory
720575940636553071,sensory
720575940636290935,sensory
720575940622004106,central
720575940615024543,sensory
720575940621840297,sensory_ascending
720575940605161388,sensory
720575940636487598,sensory
720575940613943215,central
720575940606865330,central
720575940632620991,descending
720575940607881152,sensory
720575940642910152,central
720575940632784851,sensory
720575940616957913,sensory
720575940632293346,sensory
720575940616859622,sensory
720575940625805288,sensory_ascending
720575940622331882,central
720575940622168052,motor
720575940627410944,central
720575940628164612,motor
720575940622168088,central
720575940617121819,sensory
720575940627312668,central
720575940627083294,central
720575940632129567,sensory
720575940624265264,sensory
720575940646449204,sensory
720575940629147703,central
720575940628557879,sensory
720575940631703608,central
720575940638191679,sensory
720575940636356678,sensory
720575940626690120,sensory
720575940623380556,central
720575940629114959,sensory
720575940617613392,sensory
720575940626559055,sensory_ascending
720575940621021278,descending
720575940622921827,central
720575940603195494,central
720575940632817768,central
720575940628820073,sensory
720575940637667443,descending
720575940637569139,central
720575940639699059,sensory
720575940629213302,sensory
720575940650119289,motor
720575940641173632,descending
720575940608176258,central
720575940626591875,central
720575940622299272,sensory
720575940616597643,central
720575940637208718,central
720575940614795410,sensory
720575940624101524,central
720575940624134296,central
720575940612010137,sensory
720575940633964700,sensory
720575940615516319,sensory
720575940654117025,central
720575940630098084,sensory
720575940604735660,central
720575940612698287,descending
720575940624167093,sensory
720575940624003255,central
720575940624527548,sensory
720575940637896893,descending
720575940624986300,descending
720575940620267713,sensory
720575940629377218,central
720575940642943176,central
720575940607619273,central
720575940611682522,central
720575940614336739,sensory
720575940637012196,sensory
720575940615450854,sensory_ascending
720575940623020263,central
720575940618760432,sensory
720575940623511795,sensory
720575940624724211,sensory
720575940651593974,central
720575940628951287,sensory
720575940618432769,sensory
720575940624003336,sensory
720575940614205708,sensory
720575940632490255,central
720575940621054234,sensory
720575940627443996,central
720575940620038433,central
720575940642517284,sensory
720575940624986407,central
720575940612960552,sensory
720575940627542316,descending
720575940627378476,central
720575940610208046,sensory
720575940629999919,sensory_ascending
720575940614697275,sensory_ascending
720575940616335675,sensory
720575940630098243,sensory
720575940632424779,central
720575940625871181,sensory
720575940629377367,sensory
720575940626952537,central
720575940634161504,sensory
720575940611223906,sensory
720575940610077026,central
720575940631343464,central
720575940633014635,central
720575940630458732,sensory
720575940638716275,sensory
720575940629901686,sensory
720575940630753662,central
720575940621939071,central
720575940645007748,sensory_ascending
720575940645466500,sensory
720575940620169607,descending
720575940633178508,descending
720575940631081356,sensory
720575940627739023,central
720575940625871248,sensory
720575940625904016,sensory
720575940624069012,central
720575940615090582,sensory
720575940612567449,sensory
720575940615582111,central
720575940614107554,descending
720575940621283750,sensory
720575940628492712,central
720575940604211628,ascending
720575940634948014,central
720575940629574082,central
720575940607881667,sensory
720575940621447629,sensory
720575940640420304,sensory
720575940641501648,visual_projection
720575940610896338,central
720575940606800341,sensory
720575940628263388,sensory_ascending
720575940624724458,sensory
720575940628853239,sensory
720575940620694015,central
720575940627444234,central
720575940608078347,motor
720575940630131218,central
720575940625642012,central
720575940604211744,sensory
720575940644057635,sensory
720575940643795492,central
720575940645728803,sensory
720575940621906470,sensory
720575940612502056,sensory
720575940621972009,central
720575940625871408,central
720575940613255731,sensory
720575940646056500,central
720575940631179831,central
720575940614959675,descending
720575940616401467,descending
720575940623938125,sensory
720575940632752723,central
720575940615811670,central
720575940639994456,central
720575940622234211,sensory
720575940625871460,sensory
720575940631999080,motor
720575940643467886,central
720575940638093939,sensory
720575940634718839,central
720575940616925819,sensory_ascending
720575940616729211,sensory_ascending
720575940659131009,sensory
720575940659098241,central
720575940626592387,central
720575940619448967,sensory
720575940631147148,sensory
720575940619678366,descending
720575940640748195,sensory
720575940620595883,descending
720575940630983341,central
720575940613419695,central
720575940627247802,visual_centrifugal
720575940607947456,sensory
720575940618171073,sensory_ascending
720575940624528068,central
720575940615385798,descending
720575940627575495,sensory_ascending
720575940645106376,sensory
720575940622136022,sensory
720575940616631001,sensory
720575940635767524,sensory
720575940611715813,central
720575940611388141,central
720575940627542769,sensory
720575940621349620,central
720575940623512317,sensory
720575940623184637,sensory
720575940626494210,sensory_ascending
720575940633277209,central
720575940622070554,central
720575940621906726,sensory
720575940623381286,central
720575940631049002,sensory
720575940627575596,sensory_ascending
720575940629967663,sensory
720575940624954185,ascending
720575940631606091,sensory
720575940629017419,sensory_ascending
720575940624266061,sensory
720575940614468438,sensory
720575940626953049,ascending
720575940637602650,central
720575940608471900,central
720575940621513566,sensory
720575940626035556,ascending
720575940631049064,sensory
720575940634915691,descending
720575940636029807,descending
720575940617286517,ascending
720575940629214070,sensory
720575940622267260,sensory
720575940639339392,sensory
720575940659426177,sensory
720575940607193986,motor
720575940621218694,central
720575940628132745,descending
720575940614796171,sensory_ascending
720575940624266128,central
720575940621579155,central
720575940614960022,central
720575940640912291,sensory_ascending
720575940614730663,central
720575940621218729,sensory
720575940620661675,sensory
720575940615222201,sensory
720575940625118138,sensory_ascending
720575940615320505,central
720575940625937340,descending
720575940605424574,sensory
720575940623840196,sensory
720575940606866377,descending
720575940619940811,sensory
720575940630131663,central
720575940608898005,central
720575940618859480,central
720575940615189465,central
720575940640945115,central
720575940614009827,central
720575940617155558,central
720575940623250407,central
720575940617876455,sensory_ascending
720575940623676394,central
720575940612338674,central
720575940630098937,central
720575940625019911,central
720575940627444746,sensory
720575940613747734,central
720575940645106723,central
720575940624462885,sensory
720575940624987175,central
720575940613551144,sensory
720575940629443626,central
720575940632425517,central
720575940639241279,central
720575940617811013,sensory
720575940628329546,sensory
720575940619973712,central
720575940630787153,sensory
720575940639601752,sensory
720575940638684248,central
720575940626068569,descending
720575940620039259,central
720575940610339938,sensory
720575940635210859,descending
720575940611552370,descending
720575940620989556,sensory
720575940629804158,central
720575940622726271,central
720575940627379333,sensory
720575940621743240,sensory
720575940627117193,central
720575940636685454,central
720575940614763666,central
720575940633965724,sensory
720575940635047068,ascending
720575940639274147,central
720575940621218985,sensory
720575940620661931,sensory
720575940605883569,central
720575940611388595,sensory
720575940625773752,central
720575940638291133,central
720575940637603038,descending
720575940637209822,central
720575940631901409,central
720575940623938795,sensory
720575940620858606,central
720575940610798834,sensory
720575940612338942,sensory
720575940621776135,sensory_ascending
720575940623971592,sensory
720575940625052942,central
720575940632458514,descending
720575940626625813,central
720575940618958109,central
720575940626625822,sensory
720575940632556831,ascending
720575940621776161,central
720575940644648244,sensory_ascending
720575940639339829,central
720575940646122804,central
720575940631180599,visual_centrifugal
720575940631147833,sensory
720575940627903804,sensory_ascending
720575940636652863,sensory
720575940620563777,sensory
720575940624201033,central
720575940624659789,central
720575940623840589,sensory
720575940626953561,central
720575940621776227,sensory
720575940637013349,ascending
720575940615222634,ascending
720575940634490219,sensory
720575940612732273,central
720575940630721910,sensory
720575940630820218,sensory
720575940629804414,sensory
720575940640224640,central
720575940606801282,sensory
720575940622529939,sensory
720575940610012565,central
720575940634228124,sensory
720575940643141024,sensory
720575940653233569,sensory
720575940642715040,central
720575940639831459,central
720575940612273575,central
720575940627314088,sensory
720575940605162924,descending
720575940620957110,sensory
720575940625970616,central
720575940632425919,sensory
720575940607948224,sensory
720575940609816014,sensory
720575940609750482,central
720575940631999955,sensory
720575940607817173,sensory
720575940628133335,central
720575940614534623,sensory
720575940631999970,sensory
720575940611814883,sensory
720575940622661095,central
720575940620400116,central
720575940640978421,central
720575940630099445,central
720575940623742461,central
720575940630164992,central
720575940630951424,central
720575940628100614,sensory
720575940622431751,sensory
720575940608112137,sensory
720575940621776410,sensory
720575940617582107,sensory_ascending
720575940624922140,sensory
720575940624397863,central
720575940628952619,sensory_ascending
720575940638094911,descending
720575940637701695,sensory
720575940619548225,sensory
720575940623971917,central
720575940630787665,sensory
720575940632229457,sensory
720575940622857827,sensory
720575940632000104,ascending
720575940636325488,sensory
720575940614927989,sensory
720575940638586496,sensory
720575940606736002,sensory
720575940626396803,sensory
720575940620170887,central
720575940633212556,central
720575940641339021,sensory
720575940611225237,descending
720575940624496280,sensory
720575940618040997,sensory_ascending
720575940634261172,central
720575940622923447,sensory
720575940618106553,ascending
720575940634228415,sensory
720575940634949311,central
720575940629378754,central
720575940615354054,sensory_ascending
720575940613682911,sensory
720575940613191391,central
720575940637177572,sensory
720575940620203764,central
720575940629837563,central
720575940629706496,sensory
720575940624234242,descending
720575940622300941,central
720575940632524559,descending
720575940631967506,central
720575940619613972,central
720575940612208406,sensory
720575940611061526,sensory
720575940622235425,central
720575940630722351,sensory
720575940625807152,central
720575940630034231,central
720575940630853436,central
720575940629837628,sensory
720575940619155264,central
720575940631344971,ascending
720575940626167634,central
720575940632754003,ascending
720575940639405912,sensory
720575940625807193,sensory
720575940606375772,sensory_ascending
720575940617156445,sensory
720575940612306786,ascending
720575940605622118,sensory
720575940630689644,descending
720575940630493050,central
720575940618467195,sensory
720575940618729350,central
720575940626200457,sensory
720575940627085199,sensory
720575940627249039,sensory
720575940615583647,central
720575940615583650,central
720575940613191591,sensory
720575940615550905,central
720575940615976891,sensory
720575940604901310,sensory
720575940609423299,central
720575940619155403,sensory
720575940617484248,ascending
720575940612470755,central
720575940617123814,central
720575940622202858,sensory
720575940619286512,sensory_ascending
720575940635211768,central
720575940626528252,central
720575940625905660,sensory_ascending
720575940625020935,central
720575940622104584,sensory_ascending
720575940616042508,sensory
720575940625381397,sensory
720575940617091106,sensory
720575940626626597,central
720575940628592684,sensory
720575940638980149,sensory
720575940630820919,central
720575940640651325,sensory
720575940639242303,descending
720575940609488964,central
720575940626397256,sensory
720575940621547619,central
720575940624758884,sensory
720575940637243504,sensory
720575940609685624,sensory
720575940646156420,central
720575940619745415,sensory
720575940624201876,central
720575940634622103,sensory_ascending
720575940632361111,sensory
720575940619024542,descending
720575940614830239,sensory
720575940620335269,central
720575940621547689,central
720575940632688813,sensory
720575940612012207,sensory_ascending
720575940611881139,descending
720575940635244724,sensory
720575940624660664,central
720575940620564673,descending
720575940615420102,central
720575940633278675,sensory
720575940612208858,central
720575940633278689,sensory
720575940629018865,sensory
720575940629707008,sensory
720575940622235930,motor
720575940618696989,central
720575940622137633,motor
720575940643240228,sensory
720575940633082157,sensory
720575940626135344,sensory
720575940638357813,sensory
720575940631017783,central
720575940609915204,central
720575940617648453,central
720575940632295751,central
720575940629412170,descending
720575940629903691,sensory
720575940622760269,descending
720575940628527439,sensory
720575940618795349,sensory
720575940640880984,central
720575940624660825,central
720575940638259544,sensory
720575940635179359,central
720575940633475424,sensory
720575940627282279,sensory
720575940635212139,descending
720575940635212143,central
720575940612077938,central
720575940620204412,central
720575940638652800,sensory
720575940607162754,central
720575940605622658,sensory
720575940614633867,central
720575940625938831,central
720575940614109586,central
720575940627806616,central
720575940634589594,sensory
720575940632164772,sensory
720575940632623524,sensory
720575940612635050,central
720575940614109615,sensory
720575940611684787,sensory
720575940625119671,central
720575940624562618,sensory
720575940605426110,sensory
720575940619123136,central
720575940618107339,central
720575940632000979,sensory
720575940622432726,sensory
720575940613781983,sensory
720575940632000993,central
720575940623776235,descending
720575940620859886,central
720575940629543409,descending
720575940610669042,central
720575940612438514,central
720575940621351412,motor
720575940641372661,sensory
720575940631706107,central
720575940626135548,sensory
720575940613061118,sensory
720575940622170623,sensory
720575940627675648,sensory_ascending
720575940615453182,descending
720575940606966281,central
720575940614830604,sensory
720575940619909652,sensory
720575940612307478,sensory
720575940616501787,sensory
720575940629903903,sensory
720575940605950496,descending
720575940604705312,central
720575940631444013,sensory
720575940618861105,sensory
720575940636785205,sensory
720575940632328761,sensory
720575940618238523,motor
720575940625283646,sensory
720575940631312967,central
720575940631968343,central
720575940607687260,central
720575940621875821,central
720575940611324530,sensory
720575940609030776,central
720575940628134526,sensory
720575940648188548,descending
720575940625021573,sensory_ascending
720575940610341525,sensory
720575940615649942,visual_projection
720575940634229399,sensory
720575940628134555,central
720575940620008112,motor
720575940635507380,central
720575940613814971,descending
720575940615387846,sensory
720575940623776458,sensory_ascending
720575940630297292,descending
720575940630690508,central
720575940609522382,central
720575940621286102,sensory
720575940613782239,sensory
720575940612537061,central
720575940624366315,central
720575940624005868,central
720575940619287278,sensory
720575940629576443,central
720575940623547133,central
720575940618500865,sensory
720575940616862465,sensory
720575940629576451,central
720575940607785739,sensory
720575940630788882,central
720575940626889491,descending
720575940609522461,sensory
720575940617878306,central
720575940611783464,sensory
720575940627184427,central
720575940615289650,central
720575940613618483,sensory
720575940618206006,sensory_ascending
720575940630788919,central
720575940631083833,ascending
720575940628429626,central
720575940620565313,central
720575940609653572,central
720575940627774287,sensory
720575940619549520,sensory
720575940631968599,central
720575940614929245,sensory
720575940635179871,descending
720575940633213792,central
720575940611029858,sensory
720575940609948514,descending
720575940628659049,descending
720575940630625132,sensory
720575940618599277,central
720575940630690678,ascending
720575940630461302,ascending
720575940629805950,descending
720575940618795911,sensory
720575940625349520,sensory
720575940619549598,central
720575940610309034,descending
720575940618927024,sensory
720575940625054647,sensory
720575940619910080,descending
720575940618763201,sensory
720575940622793668,central
720575940619942859,central
720575940630395852,sensory_ascending
720575940621417421,sensory
720575940621089741,central
720575940612307921,central
720575940609194962,central
720575940608900050,ascending
720575940641536987,central
720575940613520351,endocrine
720575940603198432,sensory
720575940633869281,sensory
720575940633738209,sensory
720575940631542753,sensory_ascending
720575940624530407,descending
720575940624333802,descending
720575940613258221,central
720575940620860398,central
720575940624006131,sensory
720575940624595961,sensory
720575940626627580,sensory
720575940619877396,descending
720575940643339287,sensory
720575940633443353,sensory
720575940616404002,sensory
720575940625972261,sensory
720575940610669614,central
720575940613553202,ascending
720575940628560951,sensory
720575940625087546,sensory
720575940640554045,sensory
720575940625841214,sensory
720575940610374724,sensory
720575940625251401,central
720575940631575627,sensory
720575940631280721,central
720575940631936081,sensory
720575940625841241,ascending
720575940628659305,descending
720575940634229871,descending
720575940635507824,sensory
720575940610079857,sensory
720575940628659318,central
720575940629806206,sensory
720575940647894148,sensory
720575940626726021,sensory
720575940613127314,sensory
720575940613684370,sensory
720575940610473109,sensory
720575940619058334,central
720575940632001700,sensory
720575940619549867,central
720575940633476269,sensory
720575940624727226,sensory
720575940626988231,sensory
720575940645108936,sensory
720575940610440402,descending
720575940610079957,central
720575940630461660,central
720575940622335197,central
720575940602313952,central
720575940623318247,sensory
720575940619681006,central
720575940620860654,ascending
720575940612963570,visual_centrifugal
720575940623252723,sensory
720575940652580086,central
720575940628266235,sensory_ascending
720575940615257342,visual_projection
720575940627086594,central
720575940626922771,sensory
720575940615879965,ascending
720575940614634786,sensory
720575940623449382,central
720575940623777065,central
720575940627578156,sensory
720575940610604334,central
720575940618861873,sensory
720575940613356851,central
720575940626922810,central
720575940630232380,central
720575940632821059,central
720575940628462927,central
720575940629445967,sensory
720575940635901274,sensory_ascending
720575940618173787,sensory
720575940620860766,sensory
720575940621614435,sensory
720575940633738603,sensory
720575940630461804,sensory
720575940619484525,sensory
720575940636425584,sensory
720575940630068602,sensory
720575940622138762,sensory
720575940642422157,ascending
720575940642061709,central
720575940625972624,sensory
720575940610899349,sensory
720575940626857368,sensory
720575940633968045,sensory
720575940624137656,sensory
720575940638817725,sensory
720575940638719421,central
720575940634688959,sensory
720575940618599872,sensory
720575940628463042,central
720575940620991940,sensory
720575940614831558,sensory
720575940615093702,central
720575940625907143,sensory_ascending
720575940620369355,sensory
720575940630363596,sensory
720575940629380559,sensory
720575940640652752,central
720575940632002017,sensory
720575940632165857,sensory
720575940638064100,sensory
720575940629544442,sensory
720575940623351295,ascending
720575940622466565,visual_projection
720575940606279179,sensory_ascending
720575940622728728,descending
720575940623154712,central
720575940620959258,sensory
720575940624891420,sensory
720575940604018208,sensory
720575940643241508,sensory
720575940627021349,descending
720575940633640493,central
720575940632297007,sensory
720575940633017903,central
720575940640390709,sensory_ascending
720575940608212548,central
720575940616633925,central
720575940619451989,descending
720575940628397655,sensory
720575940611849826,central
720575940610801250,sensory
720575940631641704,sensory
720575940612734570,sensory_ascending
720575940633968235,central
720575940633378411,sensory
720575940614667882,sensory
720575940635606639,sensory
720575940615716469,sensory
720575940634525303,descending
720575940610702968,sensory
720575940638064256,central
720575940605558402,sensory
720575940624629379,central
720575940626169481,sensory
720575940621254282,sensory_ascending
720575940615323298,descending
720575940614635175,central
720575940622204585,sensory
720575940618698411,descending
720575940632985261,central
720575940625612474,motor
720575940625579722,sensory
720575940621778646,central
720575940630462172,sensory
720575940616273631,central
720575940615225055,sensory
720575940633771745,descending
720575940623875819,central
720575940624367339,central
720575940620304110,central
720575940612341490,sensory
720575940623253235,central
720575940642422517,central
720575940613816062,descending
720575940616896257,central
720575940626693894,sensory
720575940622991112,sensory
720575940613422860,central
720575940629249808,sensory
720575940617125666,sensory
720575940647075619,central
720575940624432944,sensory
720575940644421428,sensory
720575940618600246,motor
720575940636098367,descending
720575940638719807,central
720575940631347011,central
720575940638818118,central
720575940628954954,central
720575940638818126,central
720575940639375182,sensory
720575940627677017,central
720575940616437597,sensory
720575940631412576,sensory
720575940610768738,sensory
720575940627939177,central
720575940620926836,sensory
720575940627513210,sensory_ascending
720575940629806974,descending
720575940658904961,sensory
720575940660281217,central
720575940631314316,sensory
720575940612439958,sensory
720575940630953892,sensory
720575940619059115,sensory
720575940604805036,sensory
720575940619845552,endocrine
720575940622401462,central
720575940615716795,sensory
720575940622892988,sensory
720575940640194493,descending
720575940629020610,sensory
720575940624334826,central
720575940624334827,sensory
720575940623777771,sensory
720575940613521389,sensory
720575940620206068,sensory
720575940624138242,sensory
720575940627709956,central
720575940626956298,sensory
720575940628070419,central
720575940644978711,central
720575940631412778,ascending
720575940630724652,ascending
720575940625874992,central
720575940625023024,sensory
720575940614996018,sensory
720575940615159859,central
720575940640817204,sensory
720575940625580094,central
720575940608999492,sensory
720575940627677258,sensory
720575940629839947,central
720575940631740497,central
720575940619878485,sensory
720575940637966424,descending
720575940634820703,sensory
720575940631412832,sensory
720575940626890852,central
720575940635672677,sensory
720575940605919334,sensory
720575940627087463,sensory_ascending
720575940630691958,central
720575940621385855,central
720575940660314241,central
720575940625809539,ascending
720575940617781383,central
720575940617945246,sensory
720575940617552057,central
720575940609589443,descending
720575940608475331,central
720575940606083273,central
720575940606640329,sensory
720575940632723660,central
720575940628463823,sensory_ascending
720575940609065173,sensory
720575940608606421,sensory
720575940640293083,sensory
720575940633772257,central
720575940622631146,sensory
720575940622008560,motor
720575940624761075,sensory
720575940623810813,sensory
720575940623352063,motor
720575940608770313,central
720575940622434584,sensory
720575940612407581,sensory
720575940622729513,central
720575940620632369,descending
720575940630233404,motor
720575940627677514,central
720575940616864086,central
720575940627153241,sensory
720575940607590748,sensory
720575940622074206,central
720575940631970144,sensory
720575940643209582,sensory_ascending
720575940635607408,sensory
720575940636688752,sensory
720575940612473202,sensory
720575940615553397,sensory
720575940630659446,central
720575940635345271,sensory
720575940649992569,descending
720575940648747385,sensory
720575940621910399,central
720575940659429761,central
720575940627972485,visual_projection
720575940640850317,central
720575940636656014,sensory
720575940624171408,sensory
720575940614046098,central
720575940610146713,sensory
720575940613194143,sensory
720575940613652906,sensory
720575940623352247,sensory
720575940628332994,sensory
720575940627218882,central
720575940627775943,sensory
720575940623974858,central
720575940630299084,sensory
720575940609425874,central
720575940616864217,central
720575940630462940,sensory
720575940602380768,central
720575940615684582,central
720575940626956777,sensory
720575940623778284,sensory
720575940620468718,descending
720575940622696944,visual_projection
720575940629316089,sensory
720575940628038138,central
720575940622238205,central
720575940615455230,sensory
720575940607459849,sensory
720575940624007694,central
720575940643045911,central
720575940620698136,sensory
720575940625941022,sensory
720575940615029288,central
720575940628038187,central
720575940609098286,sensory
720575940625875504,central
720575940615422514,central
720575940618633782,sensory
720575940619682368,motor
720575940619944513,descending
720575940614046274,central
720575940630790723,sensory_ascending
720575940636492358,central
720575940626465352,central
720575940632134227,central
720575940617945684,sensory
720575940628628055,sensory_ascending
720575940627808857,central
720575940610638434,central
720575940635345519,sensory
720575940610474610,sensory
720575940639539840,descending
720575940634428058,descending
720575940617552541,central
720575940655071905,sensory
720575940632986276,sensory
720575940615750318,sensory
720575940635574958,central
720575940610605747,central
720575940614046395,descending
720575940619518667,sensory
720575940632101583,central
720575940632494818,sensory
720575940611588835,central
720575940610802403,sensory
720575940615226086,central
720575940623057642,sensory
720575940640686837,central
720575940628267767,sensory
720575940613423870,central
720575940623090446,central
720575940615881501,sensory_ascending
720575940604150560,central
720575940625351461,sensory
720575940624040743,central
720575940628071211,central
720575940629906223,sensory
720575940631642937,central
720575940630233916,sensory
720575940638065469,sensory_ascending
720575940628300604,central
720575940638556998,sensory
720575940627219272,sensory
720575940623352649,central
720575940623745869,sensory
720575940627645263,central
720575940615848788,sensory
720575940634657632,central
720575940636361573,central
720575940626531177,central
720575940613849962,central
720575940645503854,central
720575940612637554,central
720575940649829241,descending
720575940607001474,central
720575940641833869,descending
720575940642063245,sensory
720575940634198926,descending
720575940624106388,descending
720575940626760600,ascending
720575940643177376,central
720575940614734754,motor
720575940611654570,descending
720575940622336944,central
720575940605658033,descending
720575940623614903,sensory
720575940624532408,central
720575940625580988,central
720575940618961857,central
720575940608508867,sensory
720575940610376658,sensory_ascending
720575940612375525,sensory
720575940627022824,ascending
720575940627350504,sensory
720575940613522413,ascending
720575940620633070,central
720575940622271472,central
720575940640719861,sensory
720575940650845174,sensory
720575940612146174,central
720575940626990086,central
720575940621583367,sensory
720575940622861326,sensory_ascending
720575940631381007,central
720575940621911064,sensory
720575940635116569,central
720575940627448860,central
720575940604281888,sensory
720575940643275812,sensory
720575940644226084,central
720575940631381037,central
720575940610606126,central
720575940631708719,central
720575940626826288,central
720575940618208310,ascending
720575940629677112,central
720575940630201401,central
720575940617094208,sensory
720575940630070343,sensory
720575940619551824,sensory
720575940632364115,sensory
720575940637410394,central
720575940634133600,sensory
720575940625187940,descending
720575940612670570,sensory
720575940639769715,central
720575940630070394,sensory
720575940628857982,sensory
720575940629742718,descending
720575940641211520,central
720575940659299457,central
720575940627154063,sensory
720575940615357585,sensory_ascending
720575940622632084,descending
720575940628038808,visual_centrifugal
720575940610901145,sensory
720575940633904284,sensory
720575940616340639,motor
720575940620731561,central
720575940611720362,sensory
720575940606739634,central
720575940638622909,central
720575940628268226,sensory_ascending
720575940623484100,central
720575940622271684,sensory
720575940629316815,sensory
720575940629185751,sensory
720575940632626402,descending
720575940628595944,ascending
720575940627580136,sensory
720575940635968745,sensory
720575940620731631,central
720575940618896624,sensory
720575940628923639,sensory
720575940635608312,central
720575940628825348,descending
720575940622042373,central
720575940623025413,visual_centrifugal
720575940624991495,descending
720575940622140680,sensory_ascending
720575940607853833,sensory
720575940618896660,sensory
720575940618831124,sensory
720575940604839200,central
720575940623385894,descending
720575940624139559,central
720575940627907883,sensory
720575940618601782,sensory
720575940639802685,descending
720575940639245631,ascending
720575940617160000,central
720575940614866242,sensory
720575940618765637,optic
720575940625319245,ascending
720575940619978075,sensory
720575940629677417,central
720575940618831213,ascending
720575940640589171,descending
720575940609787256,sensory
720575940640130432,sensory
720575940638360960,central
720575940627383685,central
720575940619453831,central
720575940622927242,sensory
720575940631643532,descending
720575940640753037,sensory
720575940609787285,sensory_ascending
720575940614178198,central
720575940614636950,sensory
720575940620862896,sensory
720575940622763447,central
720575940629022149,sensory
720575940616996294,central
720575940605298121,central
720575940623484374,central
720575940629743063,sensory
720575940611392986,sensory
720575940637246948,sensory
720575940618339823,sensory_ascending
720575940636165624,motor
720575940614178302,sensory
720575940623222271,sensory
720575940628497923,central
720575940621256212,central
720575940644488727,central
720575940633085463,sensory_ascending
720575940646094359,central
720575940622435866,sensory
720575940617127451,sensory
720575940605691424,sensory
720575940603266592,sensory
720575940644390436,central
720575940631447085,sensory
720575940631971373,central
720575940612572723,central
720575940637410869,sensory
720575940630890040,central
720575940627646026,central
720575940626138701,central
720575940639082062,sensory
720575940640753267,sensory
720575940634789495,sensory
720575940619421311,sensory_ascending
720575940619617919,sensory_ascending
720575940660217473,central
720575940625843843,sensory
720575940645865092,sensory
720575940617815687,sensory
720575940622075530,sensory
720575940626073232,sensory
720575940616504977,central
720575940623746708,sensory
720575940614014614,sensory
720575940611557017,central
720575940632692378,sensory
720575940631021220,central
720575940632102564,central
720575940619028144,sensory_ascending
720575940621092534,sensory
720575940623812284,central
720575940640163517,central
720575940605101758,central
720575940621256384,central
720575940625680074,sensory
720575940619847371,central
720575940604249824,sensory
720575940612605667,central
720575940616242918,sensory
720575940623189739,sensory
720575940619028208,sensory
720575940624402173,descending
720575940624336647,central
720575940614276876,sensory
720575940630300434,ascending
720575940622960422,sensory
720575940623189799,sensory
720575940615030568,descending
720575940632430381,sensory
720575940617422641,central
720575940616177458,sensory
720575940631250744,central
720575940631283512,central
720575940620339009,sensory
720575940625549128,sensory
720575940626794314,sensory
720575940629317450,central
720575940630660951,sensory
720575940640032600,central
720575940626433881,central
720575940639049560,sensory
720575940620633947,central
720575940617095005,sensory
720575940627285860,visual_projection
720575940632037224,descending
720575940645504878,sensory
720575940639410035,sensory
720575940621911924,sensory
720575940620568436,sensory
720575940638164864,central
720575940657858433,central
720575940648191876,central
720575940621715336,sensory
720575940624664468,sensory
720575940612999065,sensory
720575940610213785,sensory
720575940638984099,sensory
720575940631742381,central
720575940611327923,sensory
720575940634691508,central
720575940624435128,central
720575940616669115,sensory
720575940638623677,central
720575940619945931,descending
720575940612704209,central
720575940610148306,sensory
720575940611000274,sensory
720575940622731229,sensory
720575940615227359,central
720575940615292895,descending
720575940625090535,sensory
720575940639705077,descending
720575940629350394,sensory
720575940628826128,motor
720575940620797976,sensory_ascending
720575940626270236,sensory
720575940646062115,sensory
720575940626073637,central
720575940615063592,central
720575940622993449,sensory
720575940627810347,sensory
720575940626991147,central
720575940630661164,central
720575940632889389,sensory
720575940627941431,sensory
720575940628826172,sensory
720575940639803453,sensory
720575940621289537,sensory
720575940631971911,sensory
720575940627286088,central
720575940627023954,sensory
720575940616570966,motor
720575940631349335,central
720575940639017050,central
720575940618078299,sensory
720575940617488477,central
720575940626401380,central
720575940624730212,sensory
720575940633774187,central
720575940610476145,central
720575940617128059,central
720575940658579585,central
720575940648650884,central
720575940626860175,central
720575940625352852,central
720575940614998166,ascending
720575940612606105,central
720575940615063711,sensory_ascending
720575940614736034,descending
720575940630169764,sensory_ascending
720575940620208293,central
720575940636559534,sensory
720575940615096495,sensory
720575940611197107,sensory
720575940611000499,sensory
720575940625483962,central
720575940604217534,sensory
720575940625909962,sensory
720575940632725708,central
720575940630530263,sensory
720575940639574235,sensory_ascending
720575940620896477,sensory
720575940636887262,sensory
720575940622371037,sensory
720575940612376805,descending
720575940629055721,sensory
720575940613622014,sensory
720575940630202624,sensory
720575940628957443,sensory
720575940622108933,central
720575940626761990,sensory
720575940608280841,sensory
720575940607166731,sensory
720575940616014092,central
720575940647471395,descending
720575940644751652,descending
720575940623386918,central
720575940632463663,sensory
720575940613425459,sensory
720575940631447879,ascending
720575940620863820,central
720575940626565455,sensory
720575940626729295,descending
720575940615719252,sensory_ascending
720575940630956375,central
720575940631939415,central
720575940631939432,central
720575940646521198,central
720575940633807215,sensory_ascending
720575940612016498,central
720575940623452540,sensory_ascending
720575940629416318,sensory
720575940659071361,sensory
720575940626860421,central
720575940620110215,descending
720575940626893193,central
720575940621322634,sensory_ascending
720575940613163410,central
720575940614113682,central
720575940619061662,central
720575940615752095,sensory
720575940642884000,central
720575940654057889,central
720575940620274085,central
720575940620700073,central
720575940618078635,sensory
720575940636068270,sensory_ascending
720575940637870510,descending
720575940610705843,sensory
720575940625090997,central
720575940635576767,central
720575940624533956,central
720575940625320394,central
720575940620929483,descending
720575940630038991,central
720575940630333911,descending
720575940618865112,central
720575940612475365,central
720575940612508133,sensory_ascending
720575940625058279,sensory
720575940624566759,central
720575940624468455,sensory
720575940623157738,sensory
720575940612344306,sensory
720575940621388276,sensory
720575940636625400,central
720575940614572542,central
720575940617226753,sensory
720575940622141965,sensory
720575940612409885,sensory
720575940600646173,sensory
720575940630989354,central
720575940631153194,central
720575940632463919,sensory
720575940614933043,central
720575940636822069,sensory_ascending
720575940615424571,central
720575940639672893,central
720575940630268483,central
720575940636985934,sensory_ascending
720575940633315921,central
720575940630137425,ascending
720575940633676383,central
720575940636789360,central
720575940611230322,sensory
720575940608707192,central
720575940629777018,descending
720575940628400773,central
720575940642163341,sensory
720575940617095837,sensory
720575940643867296,central
720575940618603179,sensory
720575940604414636,central
720575940632300205,central
720575940604054188,sensory
720575940613917359,descending
720575940634659508,central
720575940622699196,central
720575940644096712,ascending
720575940632726220,central
720575940639705808,central
720575940620012253,central
720575940624042727,sensory
720575940623878891,central
720575940621355759,central
720575940621126384,motor
720575940619389680,sensory_ascending
720575940622633716,descending
720575940616375041,sensory
720575940626074378,central
720575940621159181,central
720575940634823449,central
720575940617882397,central
720575940622207785,central
720575940631153455,central
720575940630170421,ascending
720575940618898230,sensory
720575940630137655,ascending
720575940625812286,sensory
720575940616538944,central
720575940618472261,central
720575940632365905,central
720575940616080212,sensory
720575940627778393,sensory
720575940616670045,central
720575940635642725,central
720575940614572906,descending
720575940629220214,sensory
720575940619553671,central
720575940615261073,sensory
720575940614310802,central
720575940609919897,sensory
720575940632628122,sensory_ascending
720575940617063325,sensory
720575940652813217,central
720575940656090017,central
720575940640230307,optic
720575940627221416,central
720575940625779642,central
720575940615097275,sensory
720575940638624701,central
720575940620471232,central
720575940619652033,sensory
720575940608412611,sensory
720575940615424966,descending
720575940609592270,central
720575940633316307,central
720575940610018266,sensory
720575940622732253,central
720575940638002142,sensory
720575940612869087,sensory_ascending
720575940603464672,central
720575940610116581,central
720575940622568423,sensory_ascending
720575940629285879,central
720575940628335611,ascending
720575940607101961,sensory
720575940630858767,sensory
720575940626336784,sensory_ascending
720575940626271260,central
720575940624698396,sensory
720575940605627424,sensory
720575940615064616,central
720575940630432815,central
720575940626893882,central
720575940637445183,sensory
720575940629777475,central
720575940637936710,central
720575940626402376,sensory
720575940628040778,sensory
720575940617718864,sensory_ascending
720575940626598994,central
720575940619553877,sensory
720575940618800225,central
720575940624010339,central
720575940629941356,sensory
720575940636167280,central
720575940612050033,ascending
720575940611329138,sensory
720575940610215032,central
720575940629122170,sensory
720575940621552767,central
720575940621814911,central
720575940657630337,sensory_ascending
720575940620504198,central
720575940634627214,ascending
720575940615097490,visual_projection
720575940613786774,sensory
720575940613262495,sensory_ascending
720575940642458784,central
720575940614835362,sensory
720575940623158453,sensory
720575940623715509,sensory
720575940605398206,sensory
720575940634037439,central
720575940628958405,sensory_ascending
720575940641836232,central
720575940606938313,sensory
720575940618308825,central
720575940623289575,sensory
720575940625419495,central
720575940623224044,sensory
720575940639739125,sensory
720575940652059894,sensory
720575940628434167,sensory
720575940635217144,sensory
720575940634168568,sensory
720575940626533634,ascending
720575940624993538,sensory
720575940626533642,sensory
720575940626107665,sensory
720575940627418387,central
720575940622667032,sensory
720575940609527069,sensory
720575940626730270,central
720575940633185567,motor
720575940626042149,sensory
720575940622961961,sensory
720575940631416109,sensory
720575940630924591,central
720575940618210614,central
720575940629253431,sensory
720575940631416121,central
720575940625812798,sensory
720575940618440000,descending
720575940620537153,central
720575940637838670,sensory
720575940626468178,central
720575940630564179,sensory
720575940617686357,sensory_ascending
720575940616801622,central
720575940631973207,descending
720575940619128155,central
720575940619783518,central
720575940620602721,sensory
720575940628598121,central
720575940648095097,sensory
720575940638592384,sensory
720575940660219265,motor
720575940626795909,sensory
720575940642393485,sensory
720575940625845647,central
720575940635086234,sensory
720575940621323689,sensory
720575940620078507,sensory
720575940605300140,descending
720575940636986798,sensory
720575940619095472,sensory_ascending
720575940612312499,sensory_ascending
720575940612279731,sensory
720575940623158709,central
720575940635610548,central
720575940624666044,sensory
720575940609691075,sensory
720575940610739666,sensory
720575940611132890,sensory
720575940635282910,central
720575940613590501,central
720575940620013044,central
720575940628958711,sensory
720575940631023099,motor
720575940624502269,sensory
720575940626664962,sensory
720575940624928284,central
720575940604808736,central
720575940621717025,sensory
720575940622667303,central
720575940640820788,sensory
720575940647046708,central
720575940629810748,motor
720575940618571344,central
720575940632170065,sensory
720575940615720532,central
720575940617490005,sensory
720575940624338521,sensory
720575940620537435,sensory
720575940635184735,central
720575940603956838,central
720575940619390573,central
720575940629450366,sensory
720575940660219521,central
720575940606185090,central
720575940633087628,central
720575940615294609,sensory_ascending
720575940624305812,sensory
720575940625813140,central
720575940629188251,sensory
720575940614344354,central
720575940619259558,central
720575940613656231,central
720575940621455017,sensory
720575940621618859,central
720575940633513645,visual_projection
720575940635184820,sensory
720575940615229115,sensory
720575940621553348,ascending
720575940630695621,sensory
720575940630990533,descending
720575940644064968,central
720575940617031385,descending
720575940640952027,sensory
720575940640231131,sensory
720575940635545310,sensory
720575940638068446,sensory
720575940623224555,central
720575940623781611,descending
720575940618669808,sensory
720575940612443890,central
720575940628303607,central
720575940624273149,central
720575940623322877,central
720575940628467462,sensory
720575940624600840,central
720575940627877642,sensory
720575940614377228,sensory
720575940623519502,sensory
720575940627189525,central
720575940624109340,ascending
720575940615458594,sensory
720575940624437029,central
720575940623290153,sensory
720575940630236988,descending
720575940614803266,sensory
720575940631809863,sensory
720575940625878861,central
720575940629024591,central
720575940630630225,sensory
720575940631187287,visual_projection
720575940637019994,sensory
720575940633153375,sensory
720575940633579360,sensory
720575940628402023,sensory
720575940645539694,sensory
720575940637216624,central
720575940630695798,descending
720575940657598337,central
720575940620537734,sensory
720575940621815690,sensory
720575940630630284,sensory
720575940610674581,sensory
720575940605824946,sensory
720575940635611060,ascending
720575940623617973,central
720575940622929847,sensory_ascending
720575940623060924,sensory_ascending
720575940635578303,central
720575940618375104,sensory_ascending
720575940606611401,sensory
720575940618309579,central
720575940613558225,central
720575940616114132,central
720575940621717469,central
720575940620275677,sensory_ascending
720575940616376287,descending
720575940632596449,sensory
720575940633612258,central
720575940640591861,sensory
720575940652060662,sensory
720575940629647351,sensory
720575940630269945,sensory
720575940628041722,sensory
720575940628107267,sensory
720575940623781896,central
720575940624011278,sensory
720575940626108433,sensory
720575940629843986,central
720575940630925330,sensory
720575940640002071,sensory_ascending
720575940621684769,sensory
720575940622340137,sensory
720575940621586473,descending
720575940631253052,central
720575940619653184,central
720575940622405708,sensory
720575940614574166,sensory_ascending
720575940610773090,sensory
720575940625780836,central
720575940628467830,descending
720575940648652921,ascending
720575940629778554,motor
720575940619128955,sensory
720575940628009085,central
720575940632105100,central
720575940642361485,sensory
720575940615295121,sensory_ascending
720575940626960536,central
720575940616999069,sensory
720575940619489445,sensory
720575940611690666,sensory
720575940612149418,sensory
720575940610871475,central
720575940623650997,sensory
720575940617556153,ascending
720575940605530302,sensory
720575940632727756,central
720575940609003733,sensory
720575940628074711,sensory_ascending
720575940619456728,central
720575940617457881,sensory
720575940628926684,sensory
720575940605890784,central
720575940603891936,central
720575940633186530,central
720575940624470247,central
720575940620243183,sensory
720575940618440943,descending
720575940620931312,central
720575940626174193,sensory_ascending
720575940619620596,sensory_ascending
720575940627714310,sensory
720575940622471431,sensory
720575940625223944,central
720575940606218528,central
720575940605694240,central
720575940631482666,sensory
720575940610609454,central
720575940619653440,central
720575940637184326,central
720575940627157322,central
720575940619161936,central
720575940626043218,central
720575940634104159,sensory
720575940640723315,descending
720575940609298808,sensory
720575940660220289,descending
720575940620538246,sensory
720575940624404872,descending
720575940627779983,central
720575940623913364,central
720575940633121175,sensory
720575940611428761,central
720575940634726810,central
720575940639773091,central
720575940621586854,motor
720575940620276144,sensory
720575940633711028,central
720575940635185588,sensory
720575940636168628,ascending
720575940625060280,sensory
720575940618998208,sensory
720575940628959685,sensory_ascending
720575940630991311,central
720575940606415317,sensory
720575940628828631,sensory
720575940629975516,central
720575940631384545,sensory
720575940630139386,motor
720575940622635517,sensory
720575940612805118,descending
720575940627386884,sensory_ascending
720575940625977870,central
720575940621521422,sensory_ascending
720575940630794767,sensory
720575940617654818,sensory
720575940628894251,ascending
720575940629025324,sensory
720575940618342966,central
720575940615033410,sensory
720575940632302151,descending
720575940627845711,sensory
720575940626666066,sensory
720575940618310229,central
720575940631155287,sensory
720575940627812953,central
720575940633547359,sensory
720575940634923621,sensory
720575940627714665,sensory
720575940619883124,central
720575940630041206,central
720575940636332663,sensory
720575940606743170,central
720575940620800646,sensory
720575940620374693,central
720575940619358885,ascending
720575940611396266,visual_projection
720575940637086382,sensory
720575940603728561,sensory
720575940604973746,sensory
720575940611756723,descending
720575940634038964,sensory
720575940622570165,sensory
720575940614279867,central
720575940625650378,sensory
720575940623225549,sensory_ascending
720575940623192781,central
720575940630991567,central
720575940610872014,descending
720575940614181585,descending
720575940612969169,sensory
720575940639904475,sensory
720575940624700138,central
720575940621325034,descending
720575940619981550,sensory_ascending
720575940621423348,sensory
720575940629549815,sensory
720575940635579128,sensory
720575940620833535,central
720575940627354372,central
720575940622537477,descending
720575940621521678,sensory_ascending
720575940623684366,central
720575940631319311,central
720575940610773782,central
720575940620735258,central
720575940622734106,central
720575940619686689,sensory
720575940618539810,motor
720575940646163235,sensory
720575940613428008,sensory
720575940622635817,sensory
720575940631450413,sensory
720575940638921525,sensory
720575940619555638,sensory
720575940632400696,sensory
720575940639019839,central
720575940617589573,sensory
720575940622013257,sensory_ascending
720575940619948880,central
720575940618474320,sensory
720575940617524053,sensory
720575940625748825,central
720575940630041452,central
720575940618998644,sensory
720575940621128583,central
720575940640396173,ascending
720575940616934289,sensory
720575940634825623,central
720575940615623586,central
720575940619654053,descending
720575940625159098,visual_projection
720575940615590843,sensory
720575940623553468,sensory
720575940605498302,central
720575940635055039,central
720575940629484482,sensory
720575940623848388,central
720575940610708430,central
720575940619588568,central
720575940625093607,sensory
720575940620866544,central
720575940626404337,central
720575940641281013,central
720575940626043900,central
720575940621521917,sensory
720575940624372738,sensory_ascending
720575940608742409,sensory
720575940614018060,central
720575940617884692,sensory_ascending
720575940605400096,central
720575940622406694,sensory
720575940629582892,sensory
720575940613657650,sensory
720575940615656498,sensory
720575940612772915,central
720575940615197747,motor
720575940629812284,sensory
720575940617884736,central
720575940637742150,central
720575940638364750,central
720575940617819216,central
720575940625454162,ascending
720575940618409045,central
720575940618474581,sensory
720575940639970392,sensory
720575940607005788,sensory
720575940622996579,descending
720575940629091431,central
720575940620833901,ascending
720575940611986545,sensory
720575940630697078,descending
720575940628993146,sensory
720575940629681278,central
720575940606678146,sensory
720575940625716357,central
720575940622144648,sensory
720575940617917579,central
720575940616508555,sensory
720575940642428045,central
720575940627027087,central
720575940625355920,ascending
720575940634825879,descending
720575940614280359,sensory
720575940620833974,central
720575940624176312,central
720575940613788859,central
720575940615623867,central
720575940605433022,sensory
720575940634629311,sensory
720575940633810111,sensory
720575940628272322,sensory
720575940620473547,descending
720575940612248794,central
720575940630467804,sensory
720575940631090402,descending
720575940612478181,sensory
720575940619130096,central
720575940627977457,sensory
720575940628698371,sensory
720575940608939273,sensory
720575940609627403,visual_projection
720575940621522190,sensory_ascending
720575940625913105,central
720575940631549202,descending
720575940617393435,ascending
720575940617393437,sensory
720575940621325601,sensory
720575940628370732,central
720575940632040749,sensory
720575940633941293,central
720575940631549231,sensory
720575940618343734,sensory
720575940628862268,central
720575940609922372,central
720575940629943623,sensory_ascending
720575940623062349,central
720575940626077010,sensory
720575940632466784,sensory
720575940633548128,ascending
720575940631418216,central
720575940614280554,sensory
720575940628338028,central
720575940630664556,central
720575940643673454,sensory
720575940625356163,central
720575940624012692,central
720575940624504212,central
720575940634826135,sensory
720575940615460255,ascending
720575940639741347,sensory
720575940612478383,central
720575940634891700,sensory
720575940623979959,sensory
720575940620441024,central
720575940606612937,sensory
720575940623193549,central
720575940616345049,sensory
720575940617393625,central
720575940617295321,descending
720575940612019683,central
720575940624274924,sensory
720575940623062515,descending
720575940639839733,central
720575940652127734,sensory
720575940628567545,central
720575940627420668,central
720575940612773374,sensory
720575940627748352,sensory_ascending
720575940617197057,central
720575940625847810,central
720575940625454596,central
720575940607923721,central
720575940621522446,sensory_ascending
720575940645541399,central
720575940632401433,sensory
720575940620539418,sensory
720575940626109982,sensory
720575940632827423,sensory
720575940646032931,central
720575940647441955,central
720575940623390246,motor
720575940615034408,central
720575940623291945,sensory
720575940632499757,descending
720575940614608435,sensory
720575940612281907,central
720575940624799290,sensory
720575940629386819,sensory
720575940624111177,sensory
720575940639118926,descending
720575940638332494,sensory
720575940627125842,ascending
720575940631254611,sensory
720575940616738390,central
720575940634105439,central
720575940622112353,central
720575940611167842,central
720575940624078436,sensory
720575940620998253,sensory
720575940612019825,descending
720575940609824369,central
720575940637316727,central
720575940619228795,sensory
720575940639512192,central
720575940661335681,central
720575940604745346,central
720575940607170178,descending
720575940648654468,descending
720575940606154370,sensory
720575940642428557,central
720575940610610841,descending
720575940617950877,descending
720575940655011489,central
720575940612970151,sensory
720575940620703401,sensory
720575940630992557,sensory
720575940624012981,ascending
720575940622341814,central
720575940622440119,sensory
720575940621457079,central
720575940604843710,ascending
720575940624537284,descending
720575940623128269,descending
720575940631156431,sensory
720575940630107855,ascending
720575940613428945,sensory
720575940611528410,sensory
720575940624832231,sensory
720575940626732776,descending
720575940623357675,sensory
720575940624373483,sensory
720575940635776760,motor
720575940616017676,sensory
720575940622898957,central
720575940621981464,sensory
720575940633515801,central
720575940615853851,sensory_ascending
720575940621686561,sensory
720575940617164578,sensory
720575940647474979,motor
720575940619097905,central
720575940638431029,sensory
720575940638103349,central
720575940637742911,sensory
720575940617000768,sensory
720575940619360065,sensory
720575940618409797,central
720575940622604109,sensory
720575940628993871,descending
720575940632303441,descending
720575940627453778,sensory
720575940611757922,sensory
720575940629387111,central
720575940628436839,central
720575940637218672,ascending
720575940620506996,central
720575940627552125,visual_projection
720575940650751873,sensory
720575940647606148,central
720575940620113799,sensory
720575940630042508,central
720575940641904525,central
720575940621555603,central
720575940633122711,sensory
720575940611561369,central
720575940634662810,sensory
720575940634761116,central
720575940654094241,descending
720575940612642730,sensory
720575940618901424,sensory
720575940611692467,central
720575940638300093,sensory
720575940603533246,central
720575940630009794,sensory
720575940622211012,central
720575940625586122,central
720575940624537546,sensory
720575940624046026,central
720575940620933067,central
720575940633286611,sensory
720575940607367125,sensory
720575940630403031,descending
720575940602353632,sensory
720575940633221090,sensory
720575940621391850,sensory_ascending
720575940623718380,central
720575940638529525,sensory
720575940635777016,sensory
720575940630173689,ascending
720575940630665210,descending
720575940630829051,central
720575940628404227,central
720575940626274314,sensory
720575940609890315,central
720575940625815562,descending
720575940607989771,central
720575940628994063,sensory_ascending
720575940617426973,sensory
720575940631812141,central
720575940610611246,central
720575940624209968,central
720575940614281266,sensory
720575940630075448,sensory
720575940625324094,sensory
720575940636104767,descending
720575940637612095,sensory
720575940613527618,central
720575940614871106,central
720575940611070020,sensory
720575940615723077,central
720575940627716168,central
720575940622637133,central
720575940637317198,central
720575940618410069,central
720575940619065429,sensory
720575940616345686,central
720575940640888920,central
720575940637022298,sensory
720575940635285599,sensory
720575940634073183,sensory
720575940611758178,sensory
720575940634892389,sensory
720575940626307177,sensory
720575940636137591,sensory
720575940627814522,descending
720575940624308355,sensory
720575940631353484,central
720575940641609869,central
720575940612511894,sensory_ascending
720575940635547802,central
720575940627978395,sensory
720575940617066653,sensory
720575940616837277,sensory
720575940618344606,ascending
720575940612249770,sensory
720575940633483444,central
720575940618770625,sensory
720575940628306114,central
720575940630960325,sensory
720575940624963786,sensory
720575940632664268,ascending
720575940632041676,central
720575940622801101,central
720575940628469967,sensory_ascending
720575940640397520,sensory
720575940613527761,central
720575940629354703,sensory
720575940632533203,ascending
720575940613003487,sensory_ascending
720575940612479205,central
720575940639152361,descending
720575940636530921,sensory
720575940612315373,sensory
720575940622997759,sensory
720575940615624961,ascending
720575940627290371,sensory
720575940626831620,central
720575940626536720,central
720575940620114196,sensory
720575940623292713,central
720575940615723314,central
720575940619688256,central
720575940630501699,central
720575940638300486,sensory
720575940630042951,sensory_ascending
720575940627814728,central
720575940630927691,sensory
720575940617492821,central
720575940622309726,central
720575940621556062,central
720575940637153648,sensory
720575940647606660,central
720575940632795532,central
720575940623784340,sensory
720575940618344861,sensory
720575940616935838,descending
720575940643903904,sensory
720575940637415843,sensory_ascending
720575940627356072,sensory
720575940622342569,sensory
720575940621097398,sensory
720575940615035323,sensory
720575940623587780,sensory
720575940616804806,central
720575940614478278,sensory
720575940624767434,central
720575940617492939,sensory_ascending
720575940607990229,central
720575940630534615,sensory
720575940615330265,central
720575940614805983,sensory
720575940638202345,sensory
720575940623161834,central
720575940621261296,central
720575940639611381,sensory
720575940623292925,sensory
720575940629289472,central
720575940626799120,central
720575940625422867,central
720575940621490721,central
720575940645739044,central
720575940631190058,sensory
720575940628896299,sensory
720575940636990005,sensory
720575940617787963,central
720575940630174268,sensory
720575940638726717,sensory
720575940624374334,descending
720575940607695428,sensory_ascending
720575940627847752,descending
720575940625881672,central
720575940620540507,central
720575940615133789,sensory_ascending
720575940617034333,sensory
720575940635187807,central
720575940631976544,sensory_ascending
720575940619557473,sensory
720575940622998115,sensory
720575940613266026,ascending
720575940649081465,central
720575940629387902,sensory
720575940621097606,sensory
720575940621654664,sensory
720575940626242191,sensory
720575940615297681,ascending
720575940613954194,central
720575940613200530,sensory
720575940623260308,central
720575940612446866,sensory_ascending
720575940613167766,sensory
720575940633057943,sensory
720575940627585688,sensory
720575940613626521,central
720575940639742627,sensory
720575940619197093,sensory
720575940618672806,sensory_ascending
720575940619623083,central
720575940626668218,central
720575940640168637,central
720575940639021757,motor
720575940619492033,sensory_ascending
720575940627585730,sensory_ascending
720575940633123539,central
720575940620245718,sensory_ascending
720575940619590360,descending
720575940617689816,descending
720575940633287394,sensory
720575940636498660,sensory
720575940624571116,central
720575940627454730,central
720575940609268491,central
720575940627946261,descending
720575940621916952,sensory
720575940622277400,sensory
720575940609530653,sensory
720575940617853730,central
720575940631190314,sensory
720575940627356459,central
720575940630797113,sensory
720575940637449023,central
720575940610054980,central
720575940621294412,sensory
720575940622900044,sensory
720575940639578958,central
720575940627356495,sensory
720575940618476368,sensory
720575940627585874,central
720575940607761244,descending
720575940628306784,sensory
720575940623358819,sensory
720575940623817572,central
720575940605860710,sensory
720575940629388135,sensory
720575940631616360,sensory_ascending
720575940620508013,central
720575940613036914,sensory
720575940610022264,sensory
720575940619295623,sensory
720575940627389321,sensory
720575940626733967,sensory
720575940611562393,ascending
720575940610284441,ascending
720575940618574749,descending
720575940638694307,sensory
720575940638989219,central
720575940632107940,sensory
720575940621818790,central
720575940611988391,central
720575940622932905,central
720575940605238188,sensory
720575940637612974,descending
720575940623522744,sensory
720575940625488826,central
720575940605238206,visual_centrifugal
720575940622212045,sensory
720575940609661906,sensory
720575940617034713,sensory
720575940612217818,sensory
720575940636498907,sensory
720575940621097949,central
720575940624538599,central
720575940623490026,central
720575940618705902,sensory_ascending
720575940628896759,sensory
720575940629584887,central
720575940626570242,sensory
720575940628372484,sensory
720575940631288850,sensory
720575940625816606,central
720575940621753377,central
720575940623916071,central
720575940629552170,central
720575940619557937,sensory
720575940629814332,sensory
720575940610677828,descending
720575940632304711,motor
720575940617493597,central
720575940624800868,sensory
720575940629421159,descending
720575940631321704,central
720575940628962407,sensory
720575940613004402,sensory
720575940618706043,sensory
720575940645805188,sensory
720575940625095813,sensory
720575940625161349,sensory_ascending
720575940625063049,sensory_ascending
720575940624833673,sensory
720575940622146698,sensory
720575940640398477,central
720575940625652879,sensory_ascending
720575940624014483,central
720575940614642838,descending
720575940634139799,central
720575940626406552,sensory
720575940643347616,descending
720575940655013025,central
720575940614675618,central
720575940622179497,sensory
720575940622572713,sensory
720575940611366058,central
720575940620541099,descending
720575940634631342,central
720575940611562675,central
720575940633320628,sensory_ascending
720575940613725371,sensory_ascending
720575940622638276,sensory
720575940614544582,sensory
720575940622638294,sensory_ascending
720575940612775130,ascending
720575940610481370,sensory
720575940610219237,sensory_ascending
720575940619361520,sensory_ascending
720575940640955637,central
720575940629388535,central
720575940633189624,sensory_ascending
720575940629290233,sensory
720575940624276733,ascending
720575940623457535,motor
720575940624211202,sensory_ascending
720575940628995331,central
720575940625489160,descending
720575940609269001,central
720575940607008011,sensory
720575940632468761,central
720575940621163802,ascending
720575940615986459,sensory
720575940615626018,central
720575940646362403,sensory
720575940625653029,sensory
720575940624342309,central
720575940624375079,sensory
720575940611792168,central
720575940625718576,sensory
720575940626767152,sensory
720575940626799920,descending
720575940638301493,central
720575940630797624,central
720575940619689280,visual_projection
720575940620410177,sensory
720575940627062088,central
720575940624899405,sensory
720575940631977299,sensory
720575940615134557,sensory_ascending
720575940618870113,descending
720575940635254117,sensory
720575940629421415,central
720575940637220211,sensory
720575940614413685,sensory_ascending
720575940621786504,central
720575940623195530,ascending
720575940615855499,sensory
720575940642168205,sensory
720575940624604560,sensory
720575940617035153,descending
720575940626374040,sensory
720575940626570648,sensory
720575940612054425,central
720575940628700571,sensory
720575940615134623,sensory
720575940620541349,central
720575940602879404,central
720575940620672432,ascending
720575940604517809,central
720575940606746034,central
720575940634140084,sensory
720575940617559481,sensory
720575940639579581,sensory
720575940607827392,sensory
720575940628274626,sensory
720575940609957315,central
720575940625915338,sensory
720575940639972816,sensory
720575940611759569,sensory_ascending
720575940619591128,central
720575940618149336,central
720575940636990948,central
720575940637482473,central
720575940621229556,sensory
720575940620312052,sensory
720575940651736566,central
720575940629126651,sensory
720575940613135870,sensory
720575940614086142,sensory
720575940628209152,central
720575940629487104,central
720575940628995587,central
720575940626406916,sensory
720575940627979782,sensory
720575940622474760,central
720575940626538000,central
720575940628504081,central
720575940630535698,sensory
720575940612906518,central
720575940612840982,central
720575940630175276,ascending
720575940627717676,sensory_ascending
720575940608613934,sensory_ascending
720575940629650997,sensory
720575940627783223,sensory_ascending
720575940625686078,central
720575940632829507,central
720575940638989894,descending
720575940627357256,sensory
720575940620279376,visual_centrifugal
720575940639088216,descending
720575940626308697,central
720575940628668009,central
720575940620017261,descending
720575940622474868,ascending
720575940621590132,sensory
720575940636335735,sensory
720575940627455621,central
720575940622474899,central
720575940614348438,descending
720575940614643350,central
720575940641545888,central
720575940654227105,ascending
720575940618051237,sensory_ascending
720575940613791399,central
720575940633058989,sensory
720575940635549364,sensory
720575940633288372,sensory_ascending
720575940606222014,descending
720575940614446790,sensory
720575940627488455,sensory
720575940611006158,sensory
720575940631092943,central
720575940628373199,sensory_ascending
720575940610678482,sensory
720575940630404823,central
720575940637023966,central
720575940633714402,central
720575940623490794,sensory
720575940612579053,sensory
720575940630470391,central
720575940612153086,central
720575940625587970,sensory
720575940628832004,central
720575940622933765,descending
720575940626013958,central
720575940626833158,sensory
720575940625030922,sensory_ascending
720575940626472721,sensory
720575940625850131,sensory
720575940621328148,central
720575940622606106,sensory
720575940624342812,central
720575940625293084,sensory
720575940605697824,sensory
720575940622671655,central
720575940624342825,central
720575940632960813,descending
720575940630241071,central
720575940618149686,central
720575940632043320,descending
720575940616642363,sensory
720575940639350589,sensory
720575940615626562,central
720575940636761926,descending
720575940631191367,sensory
720575940623064909,ascending
720575940628701015,sensory_ascending
720575940607434588,sensory
720575940626243428,central
720575940625489764,sensory
720575940628963175,sensory
720575940637384560,sensory
720575940637712243,central
720575940637056887,central
720575940610711416,sensory
720575940618706811,sensory
720575940660223873,central
720575940621229962,sensory_ascending
720575940633223052,central
720575940623654804,central
720575940625620888,central
720575940610121625,sensory
720575940625227672,sensory
720575940627554203,sensory
720575940618051485,sensory
720575940640858019,central
720575940627455912,central
720575940624015287,descending
720575940613726150,sensory_ascending
720575940626046919,central
720575940641808328,sensory_ascending
720575940612087758,ascending
720575940609499086,central
720575940608090069,ascending
720575940608909269,central
720575940617953241,ascending
720575940640169947,sensory
720575940638203881,central
720575940622344170,sensory
720575940623261675,central
720575940624834547,sensory
720575940651933686,sensory
720575940633354232,sensory_ascending
720575940626931708,sensory_ascending
720575940612612094,central
720575940621754367,sensory
720575940628832256,sensory
720575940615659521,descending
720575940607500297,sensory
720575940608188427,descending
720575940622770189,sensory
720575940620804109,sensory_ascending
720575940622344216,sensory
720575940626243614,central
720575940644659236,descending
720575940644036644,sensory
720575940624670759,sensory
720575940622508073,sensory
720575940632305711,central
720575940619984950,central
720575940631715896,motor
720575940618444864,central
720575940624310345,sensory
720575940622639181,sensory
720575940620181584,sensory
720575940617461844,central
720575940606222428,sensory
720575940633518176,central
720575940636926053,sensory
720575940629422183,central
720575940630962280,sensory
720575940628635751,ascending
720575940628471916,central
720575940645707886,sensory
720575940636008559,ascending
720575940612907121,central
720575940630077558,central
720575940621000831,central
720575940645150852,sensory_ascending
720575940628209801,ascending
720575940624769168,central
720575940624277652,sensory
720575940612186265,sensory
720575940633551002,sensory
720575940615495839,central
720575940655014049,ascending
720575940614840482,central
720575940611039402,sensory
720575940604879025,sensory
720575940604911793,central
720575940619034806,central
720575940624179384,sensory
720575940615495867,descending
720575940634599615,descending
720575940608942275,sensory
720575940607140035,sensory
720575940613726406,sensory_ascending
720575940607664329,optic
720575940623982794,central
720575940625293514,sensory
720575940622541005,central
720575940640760016,sensory
720575940617429208,sensory_ascending
720575940618051801,descending
720575940634599643,sensory
720575940615528678,central
720575940618772719,central
720575940629192975,central
720575940628504849,central
720575940604027168,sensory
720575940620411169,central
720575940622147873,descending
720575940645904675,sensory
720575940627194174,visual_centrifugal
720575940626309438,sensory
720575940620181825,ascending
720575940630667587,sensory
720575940617593157,ascending
720575940616413509,sensory
720575940624113993,central
720575940623458633,sensory
720575940618903888,sensory
720575940624539993,central
720575940619624795,central
720575940617494877,central
720575940613824874,sensory
720575940621328749,sensory
720575940636598639,sensory
720575940634599792,central
720575940611367282,central
720575940630503798,sensory
720575940609859960,sensory
720575940629717370,central
720575940619035003,central
720575940660224385,descending
720575940661338497,motor
720575940626309509,sensory
720575940618936710,descending
720575940623524234,central
720575940617593233,central
720575940616479121,sensory
720575940630274459,descending
720575940631388589,central
720575940611498419,descending
720575940635058612,sensory
720575940623688119,central
720575940625031610,sensory
720575940633190847,central
720575940630569413,descending
720575940617167316,sensory
720575940611858906,central
720575940628603356,central
720575940604191200,sensory_ascending
720575940633289185,sensory
720575940612612581,sensory
720575940617724390,sensory
720575940611891685,central
720575940627685864,sensory
720575940625424871,central
720575940629586417,descending
720575940627423740,central
720575940623524349,sensory
720575940622443007,ascending
720575940621722111,sensory
720575940628111875,sensory
720575940626866691,sensory_ascending
720575940626833926,sensory
720575940608975371,sensory
720575940629062162,sensory_ascending
720575940623557158,sensory
720575940631028266,sensory_ascending
720575940630798893,sensory_ascending
720575940609565230,sensory
720575940626080304,sensory
720575940614087219,central
720575940614840891,central
720575940637975110,sensory
720575940628210272,sensory
720575940604781158,sensory
720575940614316650,sensory
720575940644561518,ascending
720575940635222640,descending
720575940617658997,central
720575940630372982,central
720575940610253432,sensory
720575940617986683,central
720575940622312063,central
720575940620673663,sensory
720575940620182151,central
720575940623590024,sensory
720575940632044172,central
720575940627751567,sensory
720575940624999056,sensory
720575940612612757,central
720575940632175268,sensory
720575940620182181,motor
720575940622082729,sensory
720575940612219562,sensory
720575940606878386,central
720575940620706486,ascending
720575940639285949,central
720575940637844157,sensory
720575940620214977,sensory
720575940630799042,central
720575940610482883,central
720575940610646734,sensory
720575940620149469,sensory
720575940613563117,central
720575940641284853,central
720575940633125624,sensory
720575940628996867,sensory
720575940630930191,sensory
720575940611400470,central
720575940645085975,sensory
720575940616217403,central
720575940617298747,central
720575940627915580,sensory_ascending
720575940614742850,sensory
720575940625621832,central
720575940626146125,central
720575940627063634,sensory
720575940631683927,central
720575940620411742,central
720575940624016227,central
720575940628669289,sensory
720575940634207087,descending
720575940647412601,sensory_ascending
720575940630340474,central
720575940625589117,sensory
720575940625359741,sensory
720575940625785731,sensory
720575940647478148,descending
720575940624704393,central
720575940626703241,sensory
720575940622148490,sensory
720575940614054802,central
720575940623491987,descending
720575940632863639,central
720575940627981211,sensory
720575940619559838,central
720575940616709022,sensory_ascending
720575940619101099,central
720575940621329328,central
720575940620805046,central
720575940623295415,ascending
720575940623262652,central
720575940624606140,sensory
720575940620673985,central
720575940621067204,central
720575940631978956,central
720575940632339425,descending
720575940612678637,central
720575940620444654,sensory
720575940611597298,central
720575940622345204,sensory
720575940628997123,motor
720575940628472835,sensory
720575940626015242,sensory
720575940623164429,central
720575940627620881,central
720575940630504466,central
720575940605699104,sensory
720575940613432360,central
720575940623918121,descending
720575940618118193,sensory
720575940637418549,sensory
720575940630340664,central
720575940629587011,sensory_ascending
720575940610679876,motor
720575940637844558,sensory
720575940627883087,sensory
720575940619134037,sensory
720575940639417432,central
720575940628669545,descending
720575940626375785,sensory
720575940629947500,central
720575940636075119,sensory
720575940612547698,ascending
720575940611630194,sensory
720575940615070837,sensory
720575940633715831,central
720575940627588218,sensory_ascending
720575940625523837,sensory
720575940620543110,sensory
720575940618609799,sensory
720575940621264010,sensory_ascending
720575940613956767,sensory
720575940614644898,sensory
720575940639777955,optic
720575940632634532,descending
720575940613203119,central
720575940626310330,sensory
720575940617299131,central
720575940623033532,descending
720575940604814526,central
720575940628866242,central
720575940630275269,central
720575940611531986,descending
720575940618151128,central
720575940632077538,sensory
720575940611007717,sensory
720575940622574823,sensory_ascending
720575940619625703,sensory_ascending
720575940614710509,visual_centrifugal
720575940619724016,central
720575940638991605,sensory_ascending
720575940653606134,central
720575940629521655,descending
720575940629292281,central
720575940613006590,sensory
720575940622345471,sensory_ascending
720575940627490052,sensory
720575940622902535,sensory
720575940626933002,sensory
720575940614808844,sensory
720575940623164685,descending
720575940619986196,central
720575940613825814,central
720575940644627735,sensory
720575940633027865,sensory
720575940617135389,sensory
720575940623426854,descending
720575940622378281,sensory
720575940627293483,central
720575940628014391,central
720575940619625792,sensory_ascending
720575940619658576,central
720575940632307025,descending
720575940630603091,central
720575940634830175,sensory
720575940604257638,sensory
720575940618544507,sensory
720575940627555709,sensory
720575940628112765,visual_centrifugal
720575940627096957,central
720575940627359109,central
720575940620445062,central
720575940624377224,central
720575940623525258,central
720575940631061900,descending
720575940626015640,central
720575940615038367,sensory
720575940631455140,sensory
720575940615366055,central
720575940626671016,central
720575940631553453,central
720575940613924271,sensory
720575940621854135,central
720575940603930046,central
720575940633388479,sensory
720575940614776262,central
720575940625917386,sensory
720575940631651810,descending
720575940624377323,central
720575940624344556,central
720575940624770540,sensory
720575940620740078,sensory
720575940620150255,sensory
720575940621755888,central
720575940627588602,sensory_ascending
720575940630832635,sensory
720575940627752443,sensory
720575940626572802,central
720575940625163790,sensory
720575940620740116,sensory
720575940643972631,central
720575940620740122,central
720575940626179614,descending
720575940632634911,sensory
720575940627916331,central
720575940616611382,central
720575940617299515,central
720575940617561669,central
720575940624311881,sensory
720575940626867786,sensory
720575940637943374,central
720575940626507346,central
720575940628244064,central
720575940625491556,sensory
720575940637648485,descending
720575940624082532,sensory_ascending
720575940659439233,sensory
720575940624967305,sensory_ascending
720575940611499669,sensory
720575940627490459,descending
720575940613105311,sensory
720575940644726432,motor
720575940615071391,central
720575940603569836,central
720575940636436142,sensory
720575940607796914,sensory
720575940611335859,central
720575940625065653,descending
720575940616185531,descending
720575940621919940,sensory
720575940629620421,sensory
720575940605929161,sensory
720575940607272649,central
720575940626835146,central
720575940632274636,sensory
720575940621395661,sensory
720575940609894094,sensory
720575940632602316,central
720575940630308567,sensory
720575940629587671,central
720575940639090395,sensory
720575940640696027,central
720575940633749217,central
720575940623951591,sensory
720575940623525619,central
720575940641285877,ascending
720575940638664437,sensory
720575940629063418,central
720575940616742657,sensory
720575940622018309,central
720575940623066893,central
720575940626966289,central
720575940631291666,sensory
720575940645086999,sensory
720575940633257753,sensory
720575940628211499,central
720575940627195691,sensory
720575940610254638,sensory
720575940609959726,central
720575940638107445,sensory
720575940630865724,motor
720575940636731199,central
720575940632307527,sensory
720575940629587787,central
720575940623296333,sensory_ascending
720575940621821787,central
720575940606388060,sensory_ascending
720575940617955165,sensory
720575940623132510,visual_projection
720575940634339167,sensory
720575940622116705,central
720575940627490663,sensory
720575940628834151,central
720575940613695346,central
720575940630505334,descending
720575940629194614,sensory
720575940625622909,central
720575940658685825,sensory
720575940626311049,sensory
720575940639811469,central
720575940625688463,central
720575940625164176,central
720575940623624084,sensory
720575940614842262,sensory
720575940644464544,central
720575940614186914,sensory
720575940638631843,sensory_ascending
720575940632602532,central
720575940612679594,sensory
720575940632700845,central
720575940619757488,sensory
720575940606388146,central
720575940616546233,central
720575940614383547,central
720575940606584766,visual_projection
720575940606224318,ascending
720575940622346180,sensory
720575940622673860,descending
720575940628539335,sensory
720575940630964187,sensory
720575940630964188,central
720575940622706653,sensory
720575940640761819,sensory
720575940637616094,sensory
720575940619888622,ascending
720575940620150767,sensory
720575940620052464,sensory
720575940624082931,descending
720575940623820787,central
720575940633356280,sensory_ascending
720575940627523584,sensory
720575940622018565,ascending
720575940625164302,ascending
720575940627949589,descending
720575940630472727,sensory
720575940631750687,sensory
720575940625492005,central
720575940625229861,sensory
720575940625426469,descending
720575940631586858,central
720575940625852464,central
720575940619003969,sensory_ascending
720575940624115785,sensory
720575940626049098,sensory
720575940638009434,central
720575940611172465,central
720575940617889915,central
720575940605667458,central
720575940626606211,sensory
720575940606683266,sensory
720575940618086535,descending
720575940623001736,sensory
720575940622575754,sensory
720575940631423116,central
720575940627753103,central
720575940626901136,descending
720575940610156697,sensory_ascending
720575940635322524,central
720575940613302431,sensory_ascending
720575940626999464,central
720575940602914988,central
720575940636895406,central
720575940616612025,sensory
720575940614514886,sensory
720575940626933959,sensory
720575940625524938,sensory
720575940631914700,central
720575940611008718,motor
720575940610549970,central
720575940629358807,sensory
720575940630407388,central
720575940602718432,central
720575940634667234,sensory
720575940635650276,sensory_ascending
720575940610812133,central
720575940617398502,sensory
720575940612843762,central
720575940621887732,sensory
720575940624574717,central
720575940612647166,sensory
720575940621625597,sensory
720575940621101311,central
720575940627327238,central
720575940628343050,central
720575940623165709,sensory
720575940625164558,central
720575940632045839,central
720575940625328401,ascending
720575940630800658,sensory
720575940626540821,sensory
720575940645087511,sensory
720575940616317211,central
720575940617431325,central
720575940620380449,descending
720575940621625633,sensory
720575940643318052,sensory
720575940638894397,sensory
720575940625885512,sensory
720575940624968013,descending
720575940632734033,central
720575940618873179,central
720575940617496925,central
720575940627949929,central
720575940629719404,sensory
720575940634634606,sensory
720575940637354355,sensory_ascending
720575940629752190,ascending
720575940660914561,central
720575940620249478,central
720575940622838154,descending
720575940622444938,sensory
720575940629752204,sensory
720575940642630029,sensory
720575940635191694,sensory
720575940626639259,descending
720575940655671713,central
720575940620183973,central
720575940612286899,sensory
720575940625033653,sensory_ascending
720575940626672058,descending
720575940607437269,sensory
720575940628769239,sensory
720575940637813220,sensory
720575940612975085,central
720575940620741102,central
720575940628015601,sensory
720575940622313971,sensory
720575940621298164,sensory
720575940626606594,sensory
720575940628998659,motor
720575940627556868,central
720575940622248453,descending
720575940623165965,ascending
720575940624706062,central
720575940628802069,central
720575940625689109,central
720575940630211127,sensory
720575940631554616,sensory
720575940632898105,motor
720575940626115134,central
720575940635847231,sensory_ascending
720575940609993284,central
720575940617792069,descending
720575940630080071,sensory
720575940623886925,sensory
720575940633356883,central
720575940614351477,sensory
720575940635290231,sensory
720575940637321847,sensory
720575940650920569,central
720575940620642940,descending
720575940627425918,sensory_ascending
720575940660292225,sensory
720575940626475653,central
720575940620249734,sensory
720575940622281352,sensory
720575940616186507,central
720575940642335373,central
720575940641417869,central
720575940624181904,central
720575940619037342,sensory_ascending
720575940617857694,sensory
720575940619397797,central
720575940620937897,sensory
720575940607208114,sensory
720575940636437172,ascending
720575940626672314,central
720575940624378556,central
720575940623592124,central
720575940634241727,sensory
720575940621068996,sensory_ascending
720575940630440645,ascending
720575940630702789,sensory
720575940622510788,central
720575940625296074,sensory
720575940640369360,sensory
720575940631915219,sensory
720575940623690474,central
720575940628081393,sensory
720575940611697394,central
720575940628638458,sensory
720575940622707455,central
720575940607765259,sensory
720575940630539023,sensory
720575940632406802,central
720575940627032851,central
720575940622183194,central
720575940626574108,sensory
720575940614056733,sensory
720575940620544801,sensory
720575940628146987,sensory
720575940615596850,motor
720575940645743412,sensory
720575940616121147,central
720575940639648573,sensory
720575940613761858,central
720575940624116553,sensory
720575940632243019,central
720575940628343634,central
720575940617497437,central
720575940615826269,sensory
720575940630506344,central
720575940614417258,sensory
720575940636044143,motor
720575940619201403,central
720575940618021755,central
720575940627819397,sensory
720575940622707592,ascending
720575940614908822,sensory
720575940613106582,central
720575940613237654,sensory_ascending
720575940615072662,sensory
720575940632767383,sensory
720575940632603548,central
720575940633553820,sensory
720575940616383389,sensory
720575940605209521,sensory
720575940610091955,descending
720575940619922358,sensory
720575940616809401,central
720575940615465913,sensory_ascending
720575940635945919,central
720575940627327938,sensory
720575940628212695,ascending
720575940630309847,sensory
720575940641811419,motor
720575940620119005,sensory
720575940632308705,central
720575940610976739,sensory_ascending
720575940624411623,sensory
720575940630834171,sensory
720575940630866939,sensory
720575940617432065,descending
720575940626148354,sensory
720575940622412807,sensory
720575940623199239,sensory
720575940630244367,central
720575940625984528,central
720575940632505359,central
720575940631292959,sensory
720575940645907491,central
720575940644072483,central
720575940610550830,central
720575940647021620,central
720575940630277175,central
720575940632996920,ascending
720575940615957563,sensory
720575940626279486,central
720575940616121408,central
720575940620381249,central
720575940630768707,central
720575940633193543,central
720575940626705497,central
720575940620020827,central
720575940619627611,central
720575940635159659,sensory
720575940635028591,central
720575940638108787,central
720575940614188149,sensory
720575940614384757,descending
720575940630670454,central
720575940611075192,sensory
720575940621823100,central
720575940640173184,ascending
720575940624968841,sensory_ascending
720575940622085258,central
720575940632243340,central
720575940636241038,sensory
720575940611501205,sensory
720575940635028634,sensory
720575940630244507,central
720575940616613022,sensory
720575940615957663,descending
720575940638928035,sensory
720575940612648106,descending
720575940603636913,central
720575940605308082,central
720575940624608442,central
720575940614155462,central
720575940643744968,central
720575940625558730,descending
720575940630867148,central
720575940629884119,sensory
720575940637289694,sensory
720575940637060318,central
720575940637715689,sensory
720575940622052586,sensory
720575940620217582,central
720575940633881848,central
720575940628114684,ascending
720575940614581502,central
720575940625952002,central
720575940628344074,sensory
720575940623166733,central
720575940627197200,sensory
720575940626476305,central
720575940625624350,sensory
720575940612189480,central
720575940632112429,sensory
720575940636962101,central
720575940626279742,central
720575940617727296,central
720575940628573519,central
720575940619332944,descending
720575940625100121,central
720575940618055003,sensory
720575940615466333,central
720575940634373471,central
720575940620348769,central
720575940610649442,sensory
720575940623134051,sensory
720575940626247012,central
720575940609764721,sensory_ascending
720575940621593972,sensory
720575940627099006,sensory
720575940639649152,sensory
720575940608126338,visual_centrifugal
720575940639944077,sensory_ascending
720575940635127182,sensory
720575940626148751,central
720575940625624464,sensory
720575940625034640,central
720575940624313748,sensory
720575940622675348,central
720575940612910503,central
720575940621397417,sensory
720575940621659563,sensory
720575940618972587,sensory
720575940612058543,descending
720575940622937528,sensory
720575940629065154,central
720575940607045059,sensory_ascending
720575940629097922,central
720575940606619081,sensory
720575940625919434,sensory
720575940623134157,central
720575940614516177,sensory
720575940609076693,central
720575940628147671,sensory_ascending
720575940641648091,central
720575940611894757,central
720575940635618793,sensory
720575940624248300,sensory
720575940630834683,sensory
720575940616351233,sensory
720575940627426835,central
720575940619071005,central
720575940632636959,central
720575940606651936,central
720575940616449570,central
720575940644400675,central
720575940629098028,central
720575940632669741,sensory
720575940630244911,central
720575940613533234,sensory_ascending
720575940646039092,sensory
720575940617301563,ascending
720575940614811202,central
720575940607635012,sensory
720575940627820104,central
720575940624281165,central
720575940624903757,sensory
720575940634701407,central
720575940604030566,central
720575940613828202,central
720575940614155882,sensory
720575940628672122,sensory
720575940618514043,descending
720575940621332092,central
720575940626017917,central
720575940613861010,central
720575940626968216,central
720575940612615833,sensory
720575940623068841,descending
720575940619038379,sensory
720575940603768497,sensory_ascending
720575940622577336,central
720575940623527608,sensory
720575940623986364,central
720575940605177534,central
720575940627558082,ascending
720575940622413508,sensory
720575940625755850,sensory
720575940627099338,descending
720575940626968266,central
720575940629589711,ascending
720575940639715024,central
720575940641058523,sensory
720575940628967153,central
720575940610518770,sensory
720575940638863093,sensory_ascending
720575940639813365,central
720575940630179579,sensory_ascending
720575940632407826,descending
720575940624117528,motor
720575940619661082,central
720575940629917471,sensory
720575940609732398,sensory
720575940644695860,sensory_ascending
720575940624903994,sensory
720575940625559358,sensory
720575940637323071,central
720575940620676929,sensory
720575940611108676,descending
720575940627132232,central
720575940627394376,sensory
720575940626673490,sensory
720575940619431765,descending
720575940628016983,central
720575940636569434,sensory
720575940615860061,sensory
720575940621561697,descending
720575940630114156,central
720575940612976497,visual_centrifugal
720575940611436408,central
720575940622348156,central
720575940628901758,sensory
720575940657606529,sensory_ascending
720575940615434123,sensory
720575940637650830,ascending
720575940625887119,central
720575940627263375,central
720575940625362840,sensory
720575940613533607,central
720575940620185515,sensory
720575940604653484,central
720575940605800369,sensory
720575940623101877,sensory
720575940619759552,sensory
720575940614254534,endocrine
720575940619530187,descending
720575940607438805,central
720575940619694040,sensory
720575940638928868,ascending
720575940623593451,central
720575940612354034,central
720575940625952755,optic
720575940621365236,central
720575940627722234,descending
720575940623298559,sensory
720575940629786624,central
720575940627230722,ascending
720575940629524483,ascending
720575940627492866,central
720575940608716809,descending
720575940629786639,sensory
720575940626018321,central
720575940625526805,sensory_ascending
720575940631326751,sensory
720575940644663332,sensory
720575940625494053,sensory
720575940612517928,central
720575940615041064,sensory
720575940609732654,sensory
720575940623626288,sensory_ascending
720575940616548416,descending
720575940617990228,descending
720575940633358431,sensory
720575940610715746,sensory
720575940620382324,sensory
720575940613992565,sensory
720575940622413948,central
720575940659703937,descending
720575940626247823,central
720575940617629841,central
720575940613009558,central
720575940625363096,sensory
720575940619235486,sensory
720575940613828770,central
720575940612649122,central
720575940620054694,descending
720575940605997233,sensory
720575940612419763,sensory
720575940616286395,sensory
720575940626149578,sensory
720575940611502286,central
720575940631163091,sensory_ascending
720575940631621843,central
720575940633129171,sensory
720575940623233238,central
720575940634341587,central
720575940642042075,sensory
720575940633293025,descending
720575940632572130,sensory
720575940612714723,central
720575940627493096,sensory
720575940621398254,central
720575940626837745,sensory
720575940652593398,ascending
720575940632998136,central
720575940616286465,sensory
720575940616450305,central
720575940621889799,central
720575940607570185,central
720575940626608401,central
720575940632047890,central
720575940619792660,central
720575940611535126,sensory
720575940645056791,central
720575940645089559,sensory
720575940632080671,sensory
720575940624576806,central
720575940624216359,central
720575940623986983,sensory
720575940628115756,central
720575940624052528,central
720575940616778038,central
720575940630868281,descending
720575940640665917,central
720575940610617668,central
720575940638175558,descending
720575940622020940,central
720575940623135053,sensory_ascending
720575940624576845,sensory
720575940616548692,sensory
720575940617597268,sensory_ascending
720575940608487772,sensory
720575940614418794,ascending
720575940610584945,central
720575940649120121,central
720575940630770042,central
720575940640993664,central
720575940614386070,motor
720575940632703388,central
720575940617859486,sensory
720575940638634403,central
720575940619465131,sensory
720575940619694512,sensory
720575940621791664,sensory
720575940605309361,central
720575940612288947,descending
720575940625002936,central
720575940622643661,sensory
720575940621431247,sensory
720575940637258206,sensory
720575940633555425,sensory
720575940633522658,central
720575940635587064,descending
720575940622021117,sensory_ascending
720575940615500286,central
720575940628574723,sensory
720575940626936324,descending
720575940626674182,sensory
720575940615860748,sensory
720575940633621017,sensory
720575940625003045,central
720575940627329579,sensory
720575940625101360,sensory
720575940623856176,sensory_ascending
720575940613304883,sensory
720575940629623351,central
720575940626870846,central
720575940632506947,central
720575940622807629,sensory
720575940629000783,central
720575940619235920,sensory
720575940620087888,sensory
720575940631622225,central
720575940638011994,sensory
720575940607865436,central
720575940618941025,sensory_ascending
720575940630311528,central
720575940612387434,central
720575940636308075,descending
720575940630737516,visual_projection
720575940618941037,sensory
720575940617663093,descending
720575940634571383,central
720575940626575997,central
720575940646236804,central
720575940646400644,central
720575940622447242,sensory
720575940632539788,descending
720575940633195148,motor
720575940637192846,sensory
720575940612387474,sensory_ascending
720575940644467360,descending
720575940612879010,central
720575940620382889,sensory
720575940621071017,descending
720575940602720940,sensory
720575940607832754,central
720575940611273395,sensory
720575940639290045,sensory
720575940622447309,ascending
720575940633129683,sensory
720575940637389534,sensory
720575940633293538,sensory
720575940617433830,sensory
720575940616254182,sensory
720575940636209897,central
720575940624872179,central
720575940631622393,visual_projection
720575940616811265,sensory
720575940615598849,ascending
720575940629459718,central
720575940621595399,sensory
720575940622217992,sensory
720575940607931145,sensory
720575940628345610,descending
720575940627264262,sensory
720575940622742286,sensory_ascending
720575940630311698,sensory
720575940622611224,sensory
720575940621464344,sensory
720575940629394232,central
720575940630868793,motor
720575940616647483,descending
720575940640142141,descending
720575940636537663,sensory
720575940637619007,sensory
720575940628378440,descending
720575940632015699,ascending
720575940631262035,sensory
720575940620088149,sensory
720575940640469848,central
720575940634538847,central
720575940619498337,sensory
720575940635751269,central
720575940631982952,descending
720575940621005677,sensory
720575940639421299,central
720575940619334516,central
720575940609831800,sensory
720575940647547769,sensory_ascending
720575940619891591,ascending
720575940633228172,descending
720575940628935564,sensory
720575940632376204,sensory
720575940625626000,sensory
720575940627362715,sensory_ascending
720575940620153765,descending
720575940621136816,sensory
720575940618220480,sensory_ascending
720575940618843073,sensory
720575940629754818,central
720575940629590981,sensory
720575940627985351,sensory
720575940631884748,sensory
720575940609733582,descending
720575940611765201,descending
720575940622185430,sensory
720575940630246364,central
720575940623528925,central
720575940635816926,central
720575940636898270,descending
720575940631098338,sensory
720575940613632997,ascending
720575940617434086,sensory
720575940627821553,sensory
720575940620940276,sensory
720575940629492727,sensory
720575940635587576,central
720575940626641916,central
720575940628116476,sensory
720575940619072513,sensory
720575940621530117,descending
720575940620874757,central
720575940621333509,central
720575940622021637,central
720575940608193545,sensory
720575940626773009,sensory
720575940630705170,ascending
720575940621497368,sensory
720575940631622681,ascending
720575940621169690,motor
720575940623135770,central
720575940614026269,sensory
720575940632081439,sensory
720575940632638495,central
720575940623758377,ascending
720575940623791152,sensory
720575940618056753,sensory
720575940629296185,sensory
720575940621136961,central
720575940620055617,sensory
720575940608554052,sensory
720575940639487054,sensory
720575940628673615,sensory
720575940632835155,central
720575940618777684,central
720575940633031775,central
720575940634178656,sensory
720575940610716770,sensory
720575940621071495,descending
720575940622283912,sensory
720575940642108557,sensory
720575940614714514,central
720575940624675988,central
720575940614976662,ascending
720575940614026390,central
720575940612453526,sensory
720575940615861405,sensory_ascending
720575940614190242,central
720575940621628582,descending
720575940612256938,sensory
720575940613698747,sensory
720575940621333696,central
720575940620219585,central
720575940629689541,sensory
720575940615926982,sensory
720575940631393484,sensory
720575940609307854,sensory_ascending
720575940632868051,descending
720575940618646744,sensory
720575940616287449,sensory
720575940623824106,central
720575940621202670,visual_projection
720575940640240885,sensory
720575940627854595,sensory
720575940615664908,optic
720575940626052369,sensory
720575940623037720,descending
720575940616615195,sensory
720575940605703456,central
720575940605244704,sensory_ascending
720575940625888560,sensory
720575940625167664,central
720575940630279480,sensory
720575940614485307,sensory
720575940620612929,sensory
720575940610028868,sensory
720575940631721287,descending
720575940627821896,sensory
720575940628903247,sensory
720575940632343891,sensory
720575940617074004,sensory
720575940622054753,central
720575940624905572,sensory
720575940613469545,sensory
720575940619826548,sensory
720575940618089851,central
720575940620252543,sensory
720575940624381315,sensory_ascending
720575940624840069,sensory_ascending
720575940622448008,central
720575940640404877,central
720575940636013966,sensory
720575940622251411,central
720575940627002776,central
720575940616287645,central
720575940604425644,sensory
720575940624807352,sensory
720575940617205179,central
720575940625003964,sensory
720575940605277641,sensory
720575940609832410,central
720575940623889895,sensory
720575940637160937,ascending
720575940618614254,sensory_ascending
720575940639159797,descending
720575940628444667,sensory
720575940626576892,sensory
720575940621923837,descending
720575940625004034,central
720575940628149763,central
720575940622906887,central
720575940625167886,central
720575940630902287,sensory
720575940631295506,ascending
720575940644632087,central
720575940624381468,central
720575940604753437,sensory
720575940630050335,sensory_ascending
720575940606129696,sensory
720575940623300137,sensory
720575940630672938,central
720575940644697652,central
720575940630574659,sensory
720575940630017603,sensory
720575940615894614,central
720575940629034583,central
720575940620678750,central
720575940634703456,sensory
720575940633130592,sensory
720575940605277798,central
720575940632835688,central
720575940636276336,sensory
720575940611405425,central
720575940614190709,sensory_ascending
720575940634080887,sensory_ascending
720575940610258552,central
720575940617533051,central
720575940622644860,sensory
720575940618483323,sensory
720575940628117118,sensory
720575940620252799,sensory
720575940639454848,central
720575940607014530,central
720575940614125202,sensory
720575940633556634,sensory
720575940632802972,sensory
720575940652562081,central
720575940614682274,descending
720575940622153385,sensory_ascending
720575940633884333,central
720575940613142191,sensory
720575940612355763,sensory
720575940611864243,central
720575940634539700,central
720575940623955637,central
720575940633294527,sensory
720575940606850761,sensory
720575940613764817,central
720575940632868563,central
720575940634343123,central
720575940637095657,sensory
720575940638144233,sensory
720575940627265265,sensory
720575940630771449,central
720575940627265274,central
720575940625561348,sensory
720575940622939912,sensory
720575940622743309,sensory
720575940629133071,central
720575940626642705,central
720575940626741013,central
720575940623562534,sensory
720575940623038249,sensory
720575940627003179,descending
720575940631459629,sensory
720575940617303857,sensory
720575940616582962,sensory
720575940631721785,central
720575940626413370,central
720575940615567163,sensory
720575940637062975,sensory
720575940617467712,central
720575940617041728,sensory
720575940613535554,descending
720575940608816964,central
720575940628379471,sensory
720575940617303892,central
720575940640896856,central
720575940637128538,sensory
720575940621399899,central
720575940606261084,sensory_ascending
720575940620842846,central
720575940620777315,sensory_ascending
720575940625102692,central
720575940635391845,sensory
720575940630050668,sensory
720575940636079991,sensory
720575940647516025,ascending
720575940630607738,descending
720575940650006393,central
720575940628182910,central
720575940619663239,sensory
720575940630607756,sensory
720575940640012173,sensory_ascending
720575940623759248,central
720575940625627024,sensory
720575940623529875,sensory
720575940623267732,sensory
720575940623431571,descending
720575940612683670,sensory_ascending
720575940618876830,descending
720575940614715295,sensory
720575940619532190,sensory
720575940630214564,central
720575940626839464,sensory
720575940621268907,visual_projection
720575940621596587,visual_centrifugal
720575940603639724,sensory
720575940604524465,sensory
720575940635031476,central
720575940621563841,visual_projection
720575940642666440,endocrine
720575940605999049,sensory_ascending
720575940633294796,central
720575940632082387,sensory
720575940616943572,ascending
720575940607178709,descending
720575940623366102,central
720575940631394263,central
720575940634605531,sensory
720575940630181852,central
720575940615272415,sensory
720575940604590048,sensory
720575940637915113,sensory_ascending
720575940628445169,descending
720575940625070067,sensory
720575940629428215,descending
720575940631328763,central
720575940623988733,central
720575940628379651,central
720575940630968335,sensory
720575940602132509,sensory
720575940632082463,sensory
720575940616910882,central
720575940626544677,sensory
720575940632803375,central
720575940632016943,sensory
720575940615862322,sensory
720575940631656504,sensory
720575940631918649,central
720575940618188859,central
720575940629821500,sensory
720575940615239746,sensory
720575940630018115,sensory
720575940637096026,sensory
720575940633589855,central
720575940612585577,sensory
720575940629035116,sensory
720575940621662332,central
720575940626675837,central
720575940638111872,central
720575940623399059,sensory
720575940615043222,descending
720575940633458842,sensory
720575940619991232,sensory
720575940608784579,sensory
720575940632475859,sensory
720575940618385620,central
720575940633524443,sensory
720575940637849822,central
720575940632213730,central
720575940632639714,central
720575940617795814,sensory
720575940623988971,sensory
720575940625594604,central
720575940624283891,sensory
720575940624087283,central
720575940624906483,central
720575940628740346,sensory
720575940622579967,descending
720575940624251135,central
720575940608293129,central
720575940606720265,central
720575940608227595,sensory
720575940617763099,central
720575940627167516,descending
720575940618942747,central
720575940626217244,central
720575940623956263,sensory
720575940624283945,central
720575940626741552,central
720575940628543799,central
720575940629920056,central
720575940624677182,sensory
720575940618058048,central
720575940617140544,central
720575940615108930,sensory
720575940621891905,central
720575940615076162,central
720575940627396943,sensory
720575940618451285,sensory
720575940607015260,sensory
720575940636768613,sensory
720575940630313324,central
720575940620319085,central
720575940612422002,sensory
720575940640274803,sensory
720575940637948288,central
720575940657445249,sensory
720575940639553920,descending
720575940619630982,sensory
720575940623530378,central
720575940630706572,central
720575940612487574,sensory_ascending
720575940634278295,sensory
720575940618516894,central
720575940617828766,sensory
720575940610259370,sensory
720575940605213100,sensory
720575940633065901,central
720575940607375794,ascending
720575940606425522,central
720575940623137212,descending
720575940638603709,central
720575940604099006,central
720575940618156480,sensory
720575940629461442,descending
720575940610423235,central
720575940640405968,sensory
720575940642666971,central
720575940622547421,central
720575940632967649,sensory
720575940628478449,central
720575940638636533,sensory
720575940622612989,sensory
720575940628969984,sensory
720575940616583681,central
720575940622318085,visual_projection
720575940627692048,sensory
720575940626348560,sensory_ascending
720575940627429907,central
720575940631689753,sensory_ascending
720575940622154266,central
720575940621957670,central
720575940629199402,sensory
720575940632377913,visual_projection
720575940637030975,sensory
720575940615076418,ascending
720575940615469634,sensory
720575940639029830,sensory
720575940620417616,sensory
720575940618877531,central
720575940620155489,central
720575940629985900,sensory
720575940612684402,sensory
720575940638440051,central
720575940617337461,central
720575940615010933,sensory
720575940630379126,sensory
720575940608588408,sensory_ascending
720575940650760825,sensory
720575940621335167,central
720575940622416520,central
720575940613241490,sensory
720575940611308181,descending
720575940613307033,descending
720575940612029081,sensory
720575940632803996,sensory
720575940617534110,sensory
720575940618746533,sensory
720575940612586151,descending
720575940620155561,central
720575940607244978,central
720575940625005239,central
720575940616190651,sensory
720575940626021052,central
720575940632607423,sensory_ascending
720575940607539907,central
720575940610292430,central
720575940629887695,sensory
720575940609768149,central
720575940615469785,sensory
720575940630969051,sensory
720575940632967905,sensory
720575940611308261,sensory
720575940622449388,sensory
720575940620778223,central
720575940627593978,sensory_ascending
720575940629134080,sensory_ascending
720575940608457483,sensory
720575940621761293,sensory_ascending
720575940625890067,sensory
720575940614060829,sensory
720575940632640287,central
720575940621040417,sensory
720575940616878882,sensory_ascending
720575940626774827,central
720575940628446010,central
720575940638243645,sensory
720575940630870851,sensory
720575940630772547,central
720575940630575943,central
720575940626873160,central
720575940628020042,sensory
720575940621728588,sensory
720575940626774863,central
720575940632836947,central
720575940627069796,central
720575940636310373,central
720575940642962286,central
720575940610849649,sensory
720575940612029297,sensory
720575940620581748,central
720575940606163842,sensory
720575940616551307,sensory
720575940634508174,central
720575940635392910,sensory
720575940626873240,sensory
720575940616616861,sensory
720575940615502751,sensory
720575940643912608,sensory
720575940654070689,sensory
720575940637424547,descending
720575940619729835,sensory
720575940618058667,central
720575940612422579,sensory
720575940626086842,central
720575940637850557,sensory
720575940609407939,descending
720575940606720969,central
720575940638571486,sensory
720575940637686750,central
720575940632968161,sensory
720575940632574946,descending
720575940618124262,sensory
720575940619697134,sensory
720575940621401072,sensory
720575940621171700,sensory
720575940652104694,descending
720575940624710653,central
720575940629330944,central
720575940618451969,sensory
720575940622318599,central
720575940622416903,sensory
720575940615142412,sensory
720575940622482445,sensory
720575940623137818,motor
720575940622810153,motor
720575940627332139,sensory
720575940631034936,sensory
720575940626381882,central
720575940630182972,central
720575940630641731,central
720575940608883780,central
720575940631067719,central
720575940631624785,central
720575940628315232,sensory
720575940620745825,sensory
720575940610522210,ascending
720575940635425893,sensory
720575940634606693,central
720575940639521902,sensory_ascending
720575940611177586,sensory
720575940617010293,sensory
720575940640177280,ascending
720575940626185353,central
720575940627790991,descending
720575940617010321,central
720575940626971803,central
720575940617469085,sensory
720575940637457571,sensory_ascending
720575940634115252,sensory
720575940623957173,central
720575940633296052,sensory_ascending
720575940619762880,central
720575940621761729,central
720575940632607948,central
720575940623432918,central
720575940634180833,visual_projection
720575940633165025,central
720575940617403622,motor
720575940622351595,central
720575940623498483,central
720575940621532413,sensory
720575940607737099,sensory
720575940631100690,sensory
720575940631592223,central
720575940603903264,central
720575940621106465,sensory
720575940627594540,sensory_ascending
720575940620156209,central
720575940615241010,sensory
720575940646927668,sensory
720575940629593401,sensory_ascending
720575940626316602,sensory
720575940617665851,sensory
720575940629396796,sensory
720575940625431870,central
720575940639259967,sensory
720575940631788871,sensory
720575940629921099,central
720575940616486230,central
720575940621827419,central
720575940619107675,sensory
720575940604984678,central
720575940631919976,central
720575940635196779,central
720575940616224117,sensory
720575940618648955,central
720575940623007100,visual_centrifugal
720575940644994436,sensory_ascending
720575940615503249,central
720575940617207185,central
720575940612193682,central
720575940633165207,sensory
720575940626972056,central
720575940635032986,sensory
720575940642897312,sensory
720575940655512993,sensory
720575940614847906,sensory
720575940613078434,central
720575940633296319,sensory
720575940620320193,sensory
720575940617567691,sensory_ascending
720575940619697624,sensory
720575940611374554,central
720575940623203805,central
720575940613012959,sensory
720575940614815199,central
720575940610883043,sensory_ascending
720575940623334891,sensory
720575940612357618,central
720575940610981362,sensory
720575940630117879,sensory
720575940626284036,sensory
720575940624743946,central
720575940630543887,central
720575940629888530,central
720575940621368858,central
720575940621762081,central
720575940644666916,ascending
720575940612423208,central
720575940627201579,central
720575940639161909,sensory
720575940618255936,sensory
720575940632641095,sensory
720575940625890888,descending
720575940620254796,sensory_ascending
720575940627594834,sensory
720575940614454870,sensory
720575940628610647,sensory_ascending
720575940628119127,central
720575940619107931,sensory
720575940620746334,central
720575940623040094,central
720575940635131488,central
720575940610621026,central
720575940620254829,sensory
720575940643487342,descending
720575940634508911,sensory
720575940610981489,central
720575940638604915,central
720575940622351996,descending
720575940621434495,sensory
720575940619435655,central
720575940619075207,sensory
720575940633165452,descending
720575940641783437,sensory
720575940624023188,central
720575940613635737,central
720575940628709019,central
720575940635360924,motor
720575940615634589,sensory_ascending
720575940620091038,central
720575940619173534,central
720575940632084141,central
720575940623138485,sensory
720575940615634619,sensory
720575940618911425,sensory
720575940626644679,sensory
720575940633198284,central
720575940610358990,central
720575940616748756,central
720575940621696747,central
720575940614291181,ascending
720575940620746478,central
720575940630773495,central
720575940630806267,sensory
720575940631133952,central
720575940620320517,sensory
720575940621303565,sensory
720575940626775824,central
720575940620353300,central
720575940620025620,motor
720575940611899158,sensory
720575940617797405,central
720575940627103518,sensory
720575940622352161,sensory
720575940613504808,sensory
720575940630118186,sensory_ascending
720575940615700274,sensory
720575940638965567,central
720575940616224576,sensory_ascending
720575940621172545,sensory
720575940637130566,central
720575940623564617,central
720575940626022218,sensory_ascending
720575940626939737,motor
720575940625137497,central
720575940620156763,sensory
720575940622155619,sensory
720575940628676457,central
720575940635197291,ascending
720575940612161394,central
720575940630151030,central
720575940629004158,sensory
720575940625727369,sensory
720575940636671886,descending
720575940611473301,sensory
720575940626972568,central
720575940632706970,sensory_ascending
720575940628742043,sensory
720575940620091294,central
720575940630937508,sensory
720575940605214636,central
720575940630839213,sensory_ascending
720575940631461805,sensory
720575940606656434,sensory
720575940623925173,descending
720575940607541187,central
720575940631003077,sensory
720575940622581709,sensory
720575940613078993,sensory
720575940621729757,sensory
720575940625563623,central
720575940627562472,sensory
720575940623990763,sensory
720575940624154604,descending
720575940623663084,central
720575940610719730,sensory
720575940651646966,central
720575940633165816,sensory_ascending
720575940621008895,sensory
