root_id,super_class,class
720575940624384007,sensory,olfactory
720575940623728647,central,unknown
720575940627202058,central,Kenyon_Cell
720575940614717452,central,unknown
720575940623302669,sensory,olfactory
720575940631003151,central,Kenyon_Cell
720575940624154648,central,unknown
720575940631494687,sensory,olfactory
720575940646043683,visual_projection,unknown
720575940623237161,central,ALPN
720575940624351273,central,LHCENT
720575940628217899,central,Kenyon_Cell
720575940631429165,sensory,olfactory
720575940616093746,sensory,olfactory
720575940646142004,sensory,olfactory
720575940637524021,central,LHLN
720575940627890231,sensory,olfactory
720575940630282297,sensory,hygrosensory
720575940627103802,central,Kenyon_Cell
720575940625760318,central,unknown
720575940615503938,central,LHLN
720575940615438402,central,unknown
720575940638212166,sensory,olfactory
720575940638343238,central,unknown
720575940629823563,central,Kenyon_Cell
720575940622090316,central,LHLN
720575940617371732,central,unknown
720575940620189790,central,ALPN
720575940634771552,central,ALLN
720575940631101548,central,unknown
720575940634706035,sensory,olfactory
720575940608295032,central,ALPN
720575940630610042,descending,unknown
720575940621009023,sensory,hygrosensory
720575940659150977,sensory,olfactory
720575940606853250,central,Kenyon_Cell
720575940620124295,central,unknown
720575940621926536,sensory,olfactory
720575940625694857,sensory,olfactory
720575940615143563,central,unknown
720575940624482452,central,Kenyon_Cell
720575940611113109,central,Kenyon_Cell
720575940614684822,central,unknown
720575940634083479,sensory,olfactory
720575940625334424,sensory,olfactory
720575940611440793,central,unknown
720575940615405718,central,DAN
720575940633493660,central,Kenyon_Cell
720575940615438495,central,unknown
720575940640932003,central,unknown
720575940614553767,central,LHLN
720575940628283560,central,ALPN
720575940627660968,central,Kenyon_Cell
720575940611637418,sensory,olfactory
720575940603871404,sensory,olfactory
720575940635361454,central,Kenyon_Cell
720575940633755828,central,Kenyon_Cell
720575940617470137,central,ALPN
720575940626022586,central,unknown
720575940618551481,central,unknown
720575940624941244,central,ALPN
720575940629496002,central,unknown
720575940608524483,central,Kenyon_Cell
720575940643651784,central,unknown
720575940606722249,central,ALLN
720575940619010251,central,Kenyon_Cell
720575940622647501,central,Kenyon_Cell
720575940613898449,central,unknown
720575940631953619,sensory,olfactory
720575940617470164,central,unknown
720575940622745834,sensory,olfactory
720575940628349169,central,unknown
720575940630020345,central,unknown
720575940629528827,sensory,olfactory
720575940617502977,central,LHLN
720575940629397763,sensory,olfactory
720575940628447491,central,Kenyon_Cell
720575940622811400,central,ALLN
720575940621926669,central,ALPN
720575940631232786,central,LHLN
720575940627693845,central,unknown
720575940633067807,central,unknown
720575940617208098,sensory,olfactory
720575940622811430,central,ALPN
720575940622287142,central,ALPN
720575940611703080,central,ALPN
720575940621336873,central,unknown
720575940628218155,central,Kenyon_Cell
720575940629299500,central,Kenyon_Cell
720575940646535476,central,unknown
720575940646895924,central,unknown
720575940631462200,central,ALPN
720575940615569723,central,Kenyon_Cell
720575940630151484,central,unknown
720575940639686973,central,unknown
720575940617077056,central,unknown
720575940620779841,central,Kenyon_Cell
720575940614586690,sensory,olfactory
720575940631986499,sensory,olfactory
720575940609114436,sensory,olfactory
720575940631396675,central,unknown
720575940638638406,central,LHLN
720575940618649920,central,unknown
720575940623925577,central,unknown
720575940629266767,sensory,olfactory
720575940619895125,central,ALPN
720575940619927893,central,LHLN
720575940615274838,central,Kenyon_Cell
720575940634116448,central,unknown
720575940636508517,central,LHLN
720575940632904043,central,Kenyon_Cell
720575940621926765,central,ALPN
720575940637098352,central,LHCENT
720575940612096370,sensory,olfactory
720575940638179699,central,Kenyon_Cell
720575940648993145,central,Kenyon_Cell
720575940617011579,central,unknown
720575940620157307,central,unknown
720575940630217086,central,ALPN
720575940621730175,central,Kenyon_Cell
720575940659577217,central,Kenyon_Cell
720575940615831947,sensory,olfactory
720575940640735629,central,Kenyon_Cell
720575940615537041,ascending,AN
720575940616815005,sensory,olfactory
720575940618682782,central,unknown
720575940618715550,central,unknown
720575940639785379,central,unknown
720575940614062503,central,unknown
720575940627431848,central,LHLN
720575940636246446,central,Kenyon_Cell
720575940634771892,sensory,olfactory
720575940620386742,sensory,olfactory
720575940616356281,sensory,olfactory
720575940624974266,sensory,olfactory
720575940616651193,central,unknown
720575940615930299,central,unknown
720575940604821950,central,unknown
720575940621500865,central,ALLN
720575940628185538,central,ALPN
720575940618256833,central,ALPN
720575940623303108,central,ALPN
720575940623368644,central,Kenyon_Cell
720575940625465802,central,unknown
720575940633231827,central,Kenyon_Cell
720575940632052194,visual_projection,unknown
720575940612260323,central,unknown
720575940636508644,central,Kenyon_Cell
720575940637688292,central,unknown
720575940623598058,central,unknown
720575940626252273,central,Kenyon_Cell
720575940624515571,central,ALPN
720575940624450035,central,unknown
720575940642046453,central,ALPN
720575940628677114,sensory,olfactory
720575940628808186,central,Kenyon_Cell
720575940628382203,central,CX
720575940614423038,central,unknown
720575940629529088,central,Kenyon_Cell
720575940627628548,central,Kenyon_Cell
720575940621304325,sensory,olfactory
720575940625924618,central,ALPN
720575940624712206,central,unknown
720575940631134738,central,unknown
720575940617765405,central,unknown
720575940604985888,central,Kenyon_Cell
720575940619895329,central,Kenyon_Cell
720575940617208354,sensory,olfactory
720575940622746150,central,unknown
720575940625826352,central,LHLN
720575940620550705,central,ALON
720575940619403841,central,unknown
720575940608819780,central,unknown
720575940618125893,central,Kenyon_Cell
720575940622451273,central,Kenyon_Cell
720575940631003723,sensory,olfactory
720575940626416205,central,unknown
720575940626023001,central,ALPN
720575940617306717,central,unknown
720575940619960926,central,Kenyon_Cell
720575940635066975,central,ALPN
720575940633625184,central,ALLN
720575940621009505,central,unknown
720575940606165606,sensory,olfactory
720575940630315623,central,unknown
720575940634018415,central,Kenyon_Cell
720575940610818673,central,unknown
720575940621828732,central,unknown
720575940620649084,central,Kenyon_Cell
720575940628906622,central,Kenyon_Cell
720575940639195776,sensory,olfactory
720575940625990277,central,ALLN
720575940615668370,central,unknown
720575940617077405,central,Kenyon_Cell
720575940618912427,sensory,olfactory
720575940612817583,central,Kenyon_Cell
720575940635493044,central,Kenyon_Cell
720575940625040053,central,ALPN
720575940623008440,central,Kenyon_Cell
720575940625334970,central,unknown
720575940635001535,central,LHLN
720575940620354241,central,Kenyon_Cell
720575940622516941,central,unknown
720575940622484182,central,unknown
720575940611769059,central,Kenyon_Cell
720575940614357731,central,unknown
720575940623368940,central,Kenyon_Cell
720575940624745203,central,unknown
720575940630053632,central,LHLN
720575940617044737,central,unknown
720575940626449154,central,ALPN
720575940608623371,central,unknown
720575940624941838,central,Kenyon_Cell
720575940631036687,central,Kenyon_Cell
720575940626907923,sensory,olfactory
720575940633953049,central,LHLN
720575940618027803,central,unknown
720575940632347423,central,Kenyon_Cell
720575940621533985,central,ALPN
720575940624450342,central,ALLN
720575940616913705,sensory,olfactory
720575940629955372,central,unknown
720575940629398316,central,LHLN
720575940616094523,central,unknown
720575940625793854,central,unknown
720575940631167811,central,Kenyon_Cell
720575940629300043,central,Kenyon_Cell
720575940619305808,central,Kenyon_Cell
720575940632281937,central,unknown
720575940630840147,central,unknown
720575940614816598,central,Kenyon_Cell
720575940630512471,central,Kenyon_Cell
720575940620157787,central,unknown
720575940607869788,sensory,olfactory
720575940634706789,central,Kenyon_Cell
720575940605608806,sensory,olfactory
720575940603773798,central,Kenyon_Cell
720575940632707944,visual_projection,unknown
720575940634903403,central,ALPN
720575940629103468,central,unknown
720575940619928429,central,ALPN
720575940644766574,central,unknown
720575940644733806,central,unknown
720575940620551021,central,unknown
720575940612653937,central,ALPN
720575940629693302,sensory,hygrosensory
720575940629955446,central,Kenyon_Cell
720575940629594998,central,unknown
720575940622058364,central,unknown
720575940622779263,central,unknown
720575940638704512,central,unknown
720575940646372228,sensory,thermosensory
720575940622189448,central,unknown
720575940626580361,sensory,hygrosensory
720575940625433488,central,LHLN
720575940614325138,sensory,olfactory
720575940614652818,central,Kenyon_Cell
720575940621763475,central,Kenyon_Cell
720575940617175965,central,ALLN
720575940618978206,central,unknown
720575940616913822,central,Kenyon_Cell
720575940653351841,central,Kenyon_Cell
720575940620223398,central,Kenyon_Cell
720575940625957800,central,Kenyon_Cell
720575940620714921,sensory,olfactory
720575940613211055,central,LHLN
720575940621009840,central,unknown
720575940634575796,central,unknown
720575940623205303,central,Kenyon_Cell
720575940620551105,central,unknown
720575940631659461,visual_centrifugal,unknown
720575940620846027,central,unknown
720575940617470932,central,unknown
720575940606624725,central,unknown
720575940614390755,central,unknown
720575940638770148,central,unknown
720575940611867629,central,unknown
720575940653581302,central,unknown
720575940628644855,central,Kenyon_Cell
720575940631692283,central,unknown
720575940625564676,central,ALPN
720575940625630212,central,ALLN
720575940623041549,central,unknown
720575940612785174,central,unknown
720575940624155672,central,unknown
720575940633691161,central,Kenyon_Cell
720575940617307165,central,unknown
720575940630971434,sensory,olfactory
720575940630086698,central,unknown
720575940624483376,central,unknown
720575940614128691,central,unknown
720575940630807619,sensory,olfactory
720575940618224709,central,Kenyon_Cell
720575940638639174,central,unknown
720575940632118343,central,MBON
720575940630578247,central,Kenyon_Cell
720575940619863125,central,LHCENT
720575940620551259,central,ALPN
720575940634215525,central,unknown
720575940605641830,central,unknown
720575940603446374,central,ALPN
720575940635919471,central,LHLN
720575940621370484,central,unknown
720575940618552443,central,ALLN
720575940622779519,central,unknown
720575940622288008,sensory,olfactory
720575940623139976,central,unknown
720575940623991956,central,unknown
720575940629005467,central,unknown
720575940635362460,central,unknown
720575940615406751,central,ALPN
720575940642669728,sensory,olfactory
720575940654924961,central,LHLN
720575940620813478,central,Kenyon_Cell
720575940627498152,central,unknown
720575940607280306,central,Kenyon_Cell
720575940621763767,central,Kenyon_Cell
720575940614522043,central,Kenyon_Cell
720575940623041732,central,unknown
720575940643882184,central,LHCENT
720575940622353622,central,Kenyon_Cell
720575940611376346,central,unknown
720575940611835098,central,LHLN
720575940614587615,central,unknown
720575940632315106,sensory,olfactory
720575940637590756,central,unknown
720575940622550251,sensory,olfactory
720575940624680172,central,LHLN
720575940623041772,central,Kenyon_Cell
720575940611966194,sensory,olfactory
720575940623729907,sensory,olfactory
720575940631135488,central,unknown
720575940627629315,sensory,olfactory
720575940628251907,central,ALLN
720575940627825923,descending,unknown
720575940625007879,central,unknown
720575940615800076,central,Kenyon_Cell
720575940626941205,central,Kenyon_Cell
720575940627367189,central,Kenyon_Cell
720575940622517530,sensory,olfactory
720575940622091546,central,LHLN
720575940631758111,central,LHLN
720575940632544543,central,unknown
720575940620191009,central,unknown
720575940644472100,central,Kenyon_Cell
720575940623271206,central,unknown
720575940611736872,central,unknown
720575940628251947,sensory,olfactory
720575940638475573,sensory,olfactory
720575940631201079,central,Kenyon_Cell
720575940629824825,central,unknown
720575940629824828,central,Kenyon_Cell
720575940623205705,sensory,olfactory
720575940625007949,central,ALPN
720575940625925458,central,Kenyon_Cell
720575940639917400,central,unknown
720575940626482521,central,unknown
720575940617176413,central,Kenyon_Cell
720575940633331040,central,unknown
720575940614653290,sensory,olfactory
720575940630250860,central,unknown
720575940630414700,central,Kenyon_Cell
720575940634510703,central,Kenyon_Cell
720575940615144821,sensory,olfactory
720575940629726590,central,LHLN
720575940621239679,central,ALPN
720575940605412738,central,Kenyon_Cell
720575940625728899,sensory,olfactory
720575940627203461,central,unknown
720575940623107464,central,unknown
720575940636607886,central,LHLN
720575940611114389,sensory,olfactory
720575940635362716,central,unknown
720575940643063200,central,Kenyon_Cell
720575940639753635,central,unknown
720575940632413604,central,unknown
720575940621436325,central,unknown
720575940614489511,central,unknown
720575940626744744,sensory,olfactory
720575940635493812,central,unknown
720575940625860026,central,Kenyon_Cell
720575940615210427,central,unknown
720575940616127931,central,unknown
720575940634183103,sensory,olfactory
720575940620420544,central,unknown
720575940620617153,central,unknown
720575940620355009,central,Kenyon_Cell
720575940623369668,central,Kenyon_Cell
720575940611671506,central,ALLN
720575940610229717,central,unknown
720575940620912086,sensory,olfactory
720575940629235159,sensory,olfactory
720575940631365084,central,unknown
720575940614981087,central,Kenyon_Cell
720575940637623780,central,ALLN
720575940624811499,central,unknown
720575940620158447,central,unknown
720575940612031986,central,ALPN
720575940651419126,central,unknown
720575940631725561,central,ALPN
720575940624057853,central,ALPN
720575940616783361,sensory,olfactory
720575940625368578,sensory,olfactory
720575940629431814,central,unknown
720575940628055558,central,Kenyon_Cell
720575940625958414,central,ALLN
720575940626253331,sensory,olfactory
720575940644308503,central,mAL
720575940626220574,central,Kenyon_Cell
720575940631201311,sensory,olfactory
720575940628186667,central,Kenyon_Cell
720575940631135789,central,unknown
720575940646667828,central,Kenyon_Cell
720575940630644281,sensory,hygrosensory
720575940631758393,central,DAN
720575940629694027,central,Kenyon_Cell
720575940624221773,central,unknown
720575940618159696,central,unknown
720575940633036369,central,ALPN
720575940633036371,sensory,olfactory
720575940615833174,sensory,olfactory
720575940629497431,sensory,olfactory
720575940622026334,central,unknown
720575940622321251,central,Kenyon_Cell
720575940604921446,central,unknown
720575940643980910,sensory,olfactory
720575940629661306,central,unknown
720575940627334782,sensory,olfactory
720575940622812799,central,ALLN
720575940648633988,central,ALLN
720575940622812808,central,Kenyon_Cell
720575940627728009,central,LHLN
720575940641621645,central,ALLN
720575940627465871,sensory,olfactory
720575940623697552,central,unknown
720575940614719122,central,unknown
720575940613637782,sensory,olfactory
720575940634707607,central,unknown
720575940613637785,central,unknown
720575940633953948,central,unknown
720575940639032995,central,Kenyon_Cell
720575940620813989,visual_projection,unknown
720575940622124713,central,unknown
720575940635690670,central,unknown
720575940620519088,sensory,olfactory
720575940607280818,central,Kenyon_Cell
720575940615767739,sensory,olfactory
720575940623468228,central,unknown
720575940633593548,central,unknown
720575940621862605,sensory,olfactory
720575940611344078,central,MBON
720575940610885330,central,Kenyon_Cell
720575940617570008,central,unknown
720575940617078489,central,unknown
720575940642506459,central,unknown
720575940638639838,central,unknown
720575940633626337,central,LHCENT
720575940637296356,central,ALON
720575940617340646,sensory,olfactory
720575940635821801,central,unknown
720575940629137148,visual_projection,unknown
720575940619896581,central,Kenyon_Cell
720575940624942855,central,unknown
720575940622878477,central,Kenyon_Cell
720575940624549646,central,Kenyon_Cell
720575940623009549,central,Kenyon_Cell
720575940625532689,central,Kenyon_Cell
720575940627728149,central,unknown
720575940616095517,central,Kenyon_Cell
720575940603676448,central,unknown
720575940621764385,central,Kenyon_Cell
720575940622681889,visual_centrifugal,unknown
720575940643129124,central,Kenyon_Cell
720575940626122535,sensory,olfactory
720575940615014184,central,unknown
720575940628219692,central,Kenyon_Cell
720575940647978804,sensory,olfactory
720575940629432124,central,unknown
720575940636510015,central,Kenyon_Cell
720575940617504581,central,ALPN
720575940638803790,central,unknown
720575940619896656,central,unknown
720575940632151889,central,unknown
720575940628514647,central,ALPN
720575940635068255,central,LHLN
720575940632741728,central,unknown
720575940634707807,central,unknown
720575940637624165,central,unknown
720575940626745193,central,unknown
720575940630579052,central,unknown
720575940619798381,sensory,olfactory
720575940638410611,sensory,olfactory
720575940621010804,central,Kenyon_Cell
720575940621371252,central,unknown
720575940649682809,central,Kenyon_Cell
720575940649650041,central,Kenyon_Cell
720575940639328128,central,Kenyon_Cell
720575940659316609,central,Kenyon_Cell
720575940658726785,central,Kenyon_Cell
720575940625237891,central,ALPN
720575940620781446,sensory,olfactory
720575940622354312,central,unknown
720575940624975760,central,Kenyon_Cell
720575940625368976,central,ALPN
720575940614326162,central,ALPN
720575940614784918,central,Kenyon_Cell
720575940634707863,central,LHCENT
720575940626778008,central,unknown
720575940617865117,central,Kenyon_Cell
720575940618225566,central,Kenyon_Cell
720575940654499745,sensory,olfactory
720575940611475370,sensory,olfactory
720575940620519339,central,unknown
720575940633921453,central,unknown
720575940637820846,central,unknown
720575940621174704,central,Kenyon_Cell
720575940606756785,central,ALLN
720575940608362418,central,ALLN
720575940624091061,sensory,olfactory
720575940624549820,central,ALLN
720575940624713660,central,Kenyon_Cell
720575940622649284,central,ALPN
720575940615112646,sensory,olfactory
720575940633593804,central,unknown
720575940609935310,central,Kenyon_Cell
720575940607641557,sensory,olfactory
720575940608886741,central,unknown
720575940622190550,central,unknown
720575940617963480,central,Kenyon_Cell
720575940629792732,central,ALLN
720575940614522847,sensory,olfactory
720575940613212141,central,unknown
720575940620847086,sensory,hygrosensory
720575940619864047,central,unknown
720575940613670893,central,unknown
720575940628318193,central,Kenyon_Cell
720575940612327410,central,unknown
720575940621764596,central,unknown
720575940630644727,central,unknown
720575940629301248,central,ALPN
720575940623828999,central,unknown
720575940628285450,sensory,olfactory
720575940627269642,central,unknown
720575940624746510,central,unknown
720575940628514832,central,unknown
720575940630284306,sensory,olfactory
720575940626581525,sensory,olfactory
720575940633102361,central,Kenyon_Cell
720575940604168224,central,Kenyon_Cell
720575940620421153,sensory,olfactory
720575940617537570,central,ALLN
720575940624975909,sensory,olfactory
720575940625631280,central,unknown
720575940632676409,central,Kenyon_Cell
720575940626516026,sensory,olfactory
720575940621142081,central,LHLN
720575940627826760,descending,unknown
720575940621437004,sensory,olfactory
720575940638148686,central,unknown
720575940639197262,central,Kenyon_Cell
720575940631234643,sensory,olfactory
720575940617209940,sensory,olfactory
720575940632676435,central,unknown
720575940620159070,central,unknown
720575940635592805,sensory,olfactory
720575940636477541,central,unknown
720575940614785130,central,Kenyon_Cell
720575940630546540,central,ALPN
720575940643489902,central,unknown
720575940609378424,central,Kenyon_Cell
720575940620814463,sensory,olfactory
720575940659447937,sensory,olfactory
720575940659611777,central,ALPN
720575940626614405,sensory,olfactory
720575940620421255,sensory,olfactory
720575940617668747,central,ALPN
720575940615604363,central,Kenyon_Cell
720575940626811023,sensory,olfactory
720575940625336464,central,unknown
720575940614719634,central,unknown
720575940623927444,central,Kenyon_Cell
720575940634609815,central,Kenyon_Cell
720575940626778264,central,unknown
720575940616128669,central,Kenyon_Cell
720575940613867682,central,Kenyon_Cell
720575940620224677,sensory,olfactory
720575940614326439,central,Kenyon_Cell
720575940631038125,central,unknown
720575940637526190,central,ALPN
720575940620028080,sensory,olfactory
720575940606757041,central,ALPN
720575940625107127,central,unknown
720575940624943292,central,unknown
720575940635953343,central,Kenyon_Cell
720575940622944461,central,Kenyon_Cell
720575940640049360,central,unknown
720575940609607890,central,unknown
720575940615669972,central,ALLN
720575940608657621,central,Kenyon_Cell
720575940619274456,central,Kenyon_Cell
720575940641360091,central,Kenyon_Cell
720575940614883551,central,LHLN
720575940616653030,sensory,olfactory
720575940623567082,central,unknown
720575940622813418,central,Kenyon_Cell
720575940620847342,sensory,olfactory
720575940642015477,central,ALLN
720575940623862015,central,unknown
720575940616980737,central,unknown
720575940630251791,central,ALLN
720575940644899095,central,unknown
720575940626286878,central,Kenyon_Cell
720575940605675808,central,unknown
720575940621732129,central,LHLN
720575940622682409,sensory,olfactory
720575940630612280,sensory,olfactory
720575940627368250,central,unknown
720575940628056380,central,unknown
720575940640639293,central,ALPN
720575940615506242,central,unknown
720575940638214470,sensory,olfactory
720575940632906055,central,unknown
720575940630972747,central,Kenyon_Cell
720575940621470028,central,ALLN
720575940637788494,central,Kenyon_Cell
720575940628678991,central,unknown
720575940632086865,central,Kenyon_Cell
720575940618946901,sensory,olfactory
720575940626712921,central,Kenyon_Cell
720575940620552539,central,LHLN
720575940616194397,sensory,olfactory
720575940620355934,central,Kenyon_Cell
720575940611803490,central,Kenyon_Cell
720575940645226862,central,Kenyon_Cell
720575940636838256,central,unknown
720575940621273460,central,unknown
720575940631497078,central,ALLN
720575940625795453,sensory,olfactory
720575940622780799,central,unknown
720575940639099264,sensory,olfactory
720575940640803200,central,ALLN
720575940639328640,central,Kenyon_Cell
720575940628023685,central,ALLN
720575940637559182,central,unknown
720575940625107352,central,unknown
720575940610951577,central,Kenyon_Cell
720575940654500257,sensory,olfactory
720575940640541091,central,ALLN
720575940619930021,central,unknown
720575940627073448,central,Kenyon_Cell
720575940621011376,central,unknown
720575940638607805,sensory,olfactory
720575940634773951,central,ALON
720575940634839487,central,Kenyon_Cell
720575940634970559,central,LHLN
720575940629498306,central,Kenyon_Cell
720575940608461251,central,unknown
720575940605381065,central,unknown
720575940619766219,central,ALPN
720575940619078091,central,ALLN
720575940623010253,central,Kenyon_Cell
720575940609149394,central,Kenyon_Cell
720575940629236183,sensory,olfactory
720575940617079257,central,Kenyon_Cell
720575940640934363,ascending,AN
720575940622387677,central,Kenyon_Cell
720575940609903077,central,ALPN
720575940637231593,central,ALPN
720575940613736941,sensory,olfactory
720575940628777466,central,Kenyon_Cell
720575940629268986,central,unknown
720575940623043069,central,unknown
720575940629662208,central,unknown
720575940617308673,sensory,olfactory
720575940624484866,central,unknown
720575940628515331,central,unknown
720575940628908548,optic,optic_lobe_intrinsic
720575940622060040,central,unknown
720575940630514191,sensory,olfactory
720575940626876945,central,ALLN
720575940631267858,central,unknown
720575940612590102,central,Kenyon_Cell
720575940604103200,central,Kenyon_Cell
720575940625926693,central,DAN
720575940623764007,central,unknown
720575940613016104,central,ALPN
720575940622977577,central,LHLN
720575940631595562,sensory,olfactory
720575940630907434,central,unknown
720575940624681520,central,unknown
720575940631792184,central,Kenyon_Cell
720575940638083647,central,unknown
720575940620814913,central,unknown
720575940638673478,central,unknown
720575940626582088,sensory,olfactory
720575940630547019,sensory,olfactory
720575940637461082,central,unknown
720575940634937951,central,Kenyon_Cell
720575940634217061,central,unknown
720575940636052080,sensory,olfactory
720575940637067888,central,unknown
720575940609870449,central,unknown
720575940615768693,central,Kenyon_Cell
720575940610427512,central,unknown
720575940626057853,central,unknown
720575940625402501,central,ALPN
720575940642343565,central,ALLN
720575940635593358,sensory,olfactory
720575940636609166,central,LHLN
720575940626451088,central,unknown
720575940643293837,central,unknown
720575940623927956,sensory,olfactory
720575940617341597,central,Kenyon_Cell
720575940613999263,sensory,olfactory
720575940654926497,central,LHLN
720575940620159659,central,unknown
720575940621241008,central,unknown
720575940621175472,central,Kenyon_Cell
720575940635462324,central,unknown
720575940624943800,central,unknown
720575940638804669,sensory,olfactory
720575940605250238,sensory,olfactory
720575940630973125,central,unknown
720575940642212552,central,ALPN
720575940630285007,sensory,olfactory
720575940611672785,central,unknown
720575940631661281,central,Kenyon_Cell
720575940633496290,central,Kenyon_Cell
720575940639230692,central,LHLN
720575940611377893,sensory,hygrosensory
720575940616915686,central,Kenyon_Cell
720575940620225264,central,Kenyon_Cell
720575940621241072,ascending,AN
720575940652403446,central,Kenyon_Cell
720575940617046785,sensory,olfactory
720575940628581123,central,Kenyon_Cell
720575940627172100,central,ALPN
720575940622977799,sensory,olfactory
720575940624288520,central,Kenyon_Cell
720575940622027527,central,unknown
720575940607085323,sensory,olfactory
720575940628810512,central,unknown
720575940631268114,central,LHLN
720575940627237651,central,unknown
720575940632677145,sensory,olfactory
720575940623141658,central,unknown
720575940645325603,sensory,olfactory
720575940628024107,central,ALPN
720575940630219567,central,Kenyon_Cell
720575940619537201,central,unknown
720575940631792440,central,Kenyon_Cell
720575940616358715,central,Kenyon_Cell
720575940637002574,sensory,olfactory
720575940619864912,central,Kenyon_Cell
720575940632447827,central,Kenyon_Cell
720575940639427416,sensory,olfactory
720575940610460514,sensory,hygrosensory
720575940623928163,central,unknown
720575940613507946,central,Kenyon_Cell
720575940620815213,central,unknown
720575940638116723,sensory,olfactory
720575940620028788,sensory,olfactory
720575940620356468,sensory,olfactory
720575940630317942,central,unknown
720575940623403900,central,unknown
720575940629007230,sensory,thermosensory
720575940638509952,sensory,hygrosensory
720575940646308740,sensory,olfactory
720575940620454790,central,LHLN
720575940622060426,central,Kenyon_Cell
720575940625828752,central,unknown
720575940609739669,central,ALPN
720575940634708887,central,unknown
720575940610952089,central,Kenyon_Cell
720575940610755481,central,unknown
720575940644473760,descending,unknown
720575940620192677,ascending,AN
720575940619930534,sensory,thermosensory
720575940612590503,central,Kenyon_Cell
720575940631956397,sensory,olfactory
720575940605742002,sensory,olfactory
720575940637756349,central,Kenyon_Cell
720575940639132605,central,unknown
720575940634938303,central,LHLN
720575940620454848,central,LHLN
720575940620454849,central,Kenyon_Cell
720575940634643391,central,unknown
720575940621896653,sensory,olfactory
720575940622781389,central,Kenyon_Cell
720575940610886610,central,Kenyon_Cell
720575940630580183,central,unknown
720575940640115675,central,Kenyon_Cell
720575940621044701,central,Kenyon_Cell
720575940614523871,central,Kenyon_Cell
720575940603317216,central,Kenyon_Cell
720575940633365473,central,unknown
720575940633660386,central,unknown
720575940613049315,central,Kenyon_Cell
720575940639067108,central,ALLN
720575940613213151,central,Kenyon_Cell
720575940637395945,central,Kenyon_Cell
720575940624157675,central,Kenyon_Cell
720575940613213165,central,LHLN
720575940612099053,central,Kenyon_Cell
720575940619373551,sensory,olfactory
720575940620749807,descending,unknown
720575940641065973,central,Kenyon_Cell
720575940614982654,sensory,olfactory
720575940621929471,sensory,olfactory
720575940622289919,sensory,olfactory
720575940612197374,central,ALPN
720575940628155395,central,Kenyon_Cell
720575940606954507,central,Kenyon_Cell
720575940627631125,central,unknown
720575940617473051,central,Kenyon_Cell
720575940625271845,sensory,olfactory
720575940610493486,central,unknown
720575940639624253,central,Kenyon_Cell
720575940618652736,central,unknown
720575940615146562,sensory,olfactory
720575940608199748,central,ALPN
720575940623797321,sensory,olfactory
720575940623567945,sensory,olfactory
720575940622519372,sensory,olfactory
720575940621765708,central,ALPN
720575940619603024,sensory,olfactory
720575940639099992,central,Kenyon_Cell
720575940637592666,central,unknown
720575940629072999,central,Kenyon_Cell
720575940631923816,sensory,olfactory
720575940627958889,central,ALPN
720575940620913773,central,LHLN
720575940620881005,central,unknown
720575940637068400,central,LHLN
720575940638149744,central,ALPN
720575940611837041,central,Kenyon_Cell
720575940639624307,central,unknown
720575940650929273,descending,unknown
720575940625665149,central,Kenyon_Cell
720575940621044863,sensory,olfactory
720575940621470847,central,unknown
720575940617145483,sensory,olfactory
720575940615081099,central,ALPN
720575940615113867,central,Kenyon_Cell
720575940625435792,central,unknown
720575940614327442,sensory,olfactory
720575940634414231,sensory,olfactory
720575940625894552,central,unknown
720575940612590754,central,Kenyon_Cell
720575940638772387,sensory,olfactory
720575940614229159,central,Kenyon_Cell
720575940626812072,sensory,olfactory
720575940613180591,central,unknown
720575940620258480,central,unknown
720575940636576948,central,unknown
720575940624911548,central,LHCENT
720575940635036863,central,unknown
720575940622748868,central,Kenyon_Cell
720575940631858373,central,ALLN
720575940625337546,sensory,olfactory
720575940631727308,sensory,olfactory
720575940611476686,central,unknown
720575940641361104,central,unknown
720575940631432403,central,Kenyon_Cell
720575940610100437,central,ALPN
720575940621372630,central,unknown
720575940629892311,central,unknown
720575940616260825,central,Kenyon_Cell
720575940623568093,central,unknown
720575940614524127,central,Kenyon_Cell
720575940604431584,central,ALPN
720575940604398816,central,LHLN
720575940634709217,central,unknown
720575940613016805,central,unknown
720575940625534187,central,unknown
720575940612099309,central,Kenyon_Cell
720575940620324079,central,unknown
720575940621667568,central,unknown
720575940641066229,central,Kenyon_Cell
720575940629925111,central,LHLN
720575940629499130,central,unknown
720575940630285563,central,unknown
720575940606496011,central,Kenyon_Cell
720575940615310604,visual_centrifugal,unknown
720575940625763601,central,Kenyon_Cell
720575940605119776,ascending,AN
720575940645686564,sensory,olfactory
720575940623273254,central,unknown
720575940623174953,central,Kenyon_Cell
720575940625698096,central,LHLN
720575940646735156,central,unknown
720575940638477621,central,unknown
720575940618259766,central,ALLN
720575940631498040,sensory,olfactory
720575940626681146,central,ALLN
720575940626582842,central,Kenyon_Cell
720575940628319546,central,unknown
720575940638444861,central,Kenyon_Cell
720575940637232447,central,mAL
720575940621012289,central,unknown
720575940632841539,central,Kenyon_Cell
720575940610002244,central,unknown
720575940630089031,central,CX
720575940621438284,sensory,olfactory
720575940630973779,central,unknown
720575940616654166,central,Kenyon_Cell
720575940639100248,central,Kenyon_Cell
720575940621307230,sensory,olfactory
720575940620422494,central,Kenyon_Cell
720575940619472225,central,Kenyon_Cell
720575940611116386,sensory,olfactory
720575940635757936,sensory,olfactory
720575940637822323,central,Kenyon_Cell
720575940635561335,central,unknown
720575940637887872,sensory,olfactory
720575940606659970,central,unknown
720575940648570244,central,unknown
720575940624878992,sensory,olfactory
720575940626451864,sensory,olfactory
720575940628843931,central,Kenyon_Cell
720575940617932189,central,unknown
720575940652993953,central,unknown
720575940640837027,sensory,olfactory
720575940619996582,sensory,olfactory
720575940614229415,central,Kenyon_Cell
720575940627598760,central,Kenyon_Cell
720575940624682426,central,Kenyon_Cell
720575940614131131,central,Kenyon_Cell
720575940614196667,central,unknown
720575940606201278,central,Kenyon_Cell
720575940629499330,central,Kenyon_Cell
720575940629532098,central,Kenyon_Cell
720575940622224836,central,ALLN
720575940630547909,central,ALPN
720575940623404484,central,unknown
720575940619111883,sensory,olfactory
720575940631203276,central,unknown
720575940619767243,central,unknown
720575940617244116,sensory,olfactory
720575940640935387,central,unknown
720575940629728732,sensory,olfactory
720575940628155868,central,unknown
720575940633660898,central,LHLN
720575940613017059,central,Kenyon_Cell
720575940623764967,central,unknown
720575940619931119,central,ALLN
720575940620717551,central,unknown
720575940611673586,central,unknown
720575940629564922,central,unknown
720575940626779644,sensory,olfactory
720575940615409150,central,unknown
720575940622650879,central,ALLN
720575940630023680,central,Kenyon_Cell
720575940614065676,central,ALPN
720575940623044109,central,unknown
720575940620946957,central,unknown
720575940631268882,central,unknown
720575940633988633,central,LHLN
720575940642410020,central,ALPN
720575940631399978,central,Kenyon_Cell
720575940627598891,sensory,olfactory
720575940629270060,central,Kenyon_Cell
720575940632284717,sensory,olfactory
720575940618849841,central,Kenyon_Cell
720575940618292785,central,Kenyon_Cell
720575940637494837,sensory,hygrosensory
720575940638936629,central,Kenyon_Cell
720575940628909623,sensory,olfactory
720575940631203384,central,Kenyon_Cell
720575940628254263,central,Kenyon_Cell
720575940624977466,central,ALLN
720575940629761591,central,unknown
720575940628876860,central,Kenyon_Cell
720575940627271230,sensory,hygrosensory
720575940617899584,sensory,olfactory
720575940631662147,central,Kenyon_Cell
720575940609904196,central,unknown
720575940627172936,central,Kenyon_Cell
720575940626779722,central,Kenyon_Cell
720575940638379598,central,unknown
720575940626091602,central,ALPN
720575940631301715,central,ALPN
720575940638871128,sensory,olfactory
720575940608364124,central,LHLN
720575940607872604,central,unknown
720575940621995614,central,unknown
720575940612853354,central,Kenyon_Cell
720575940630384246,sensory,olfactory
720575940621831804,sensory,thermosensory
720575940606987906,central,unknown
720575940619210375,sensory,olfactory
720575940620029575,central,Kenyon_Cell
720575940624223888,sensory,olfactory
720575940624158352,central,Kenyon_Cell
720575940612918930,central,Kenyon_Cell
720575940633857687,sensory,olfactory
720575940626452120,central,unknown
720575940617571997,central,unknown
720575940616949406,central,LHLN
720575940619112102,central,Kenyon_Cell
720575940620979888,sensory,olfactory
720575940619439792,central,Kenyon_Cell
720575940624846517,central,unknown
720575940621307574,central,ALPN
720575940620652214,central,Kenyon_Cell
720575940615474875,central,unknown
720575940620193472,sensory,olfactory
720575940615868102,central,Kenyon_Cell
720575940605513417,sensory,olfactory
720575940606725833,central,unknown
720575940624191181,central,unknown
720575940617473748,central,Kenyon_Cell
720575940629728988,sensory,olfactory
720575940634545890,central,ALLN
720575940637626084,sensory,olfactory
720575940615802598,central,LHLN
720575940626550504,central,Kenyon_Cell
720575940636675817,central,Kenyon_Cell
720575940625207019,central,ALPN
720575940624649964,central,unknown
720575940612951789,sensory,olfactory
720575940635397880,central,Kenyon_Cell
720575940636348152,central,unknown
720575940627140348,sensory,olfactory
720575940626976522,sensory,olfactory
720575940628385546,central,Kenyon_Cell
720575940627042064,central,ALPN
720575940627631893,central,LHLN
720575940621897496,sensory,olfactory
720575940646768419,visual_projection,unknown
720575940643163940,central,Kenyon_Cell
720575940623011622,central,unknown
720575940626976555,central,unknown
720575940629696299,central,unknown
720575940615802674,central,unknown
720575940638936885,central,Kenyon_Cell
720575940621832001,central,ALLN
720575940619571009,central,unknown
720575940618358597,central,LHLN
720575940631957319,central,Kenyon_Cell
720575940627173192,central,Kenyon_Cell
720575940630155083,central,ALPN
720575940622880588,sensory,olfactory
720575940623994701,central,Kenyon_Cell
720575940631629643,central,unknown
720575940628352850,descending,unknown
720575940639100760,central,Kenyon_Cell
720575940620488539,central,unknown
720575940608462684,central,unknown
720575940630482796,central,unknown
720575940636741488,sensory,olfactory
720575940611837809,central,Kenyon_Cell
720575940609347448,central,Kenyon_Cell
720575940620750716,sensory,olfactory
720575940639166336,sensory,olfactory
720575940648669060,central,ALIN
720575940619898759,central,Kenyon_Cell
720575940623011720,central,Kenyon_Cell
720575940628123535,central,unknown
720575940613509010,sensory,olfactory
720575940644704160,central,ALLN
720575940654927777,central,unknown
720575940620226470,central,Kenyon_Cell
720575940606922674,sensory,olfactory
720575940625993656,central,unknown
720575940634939327,central,ALPN
720575940620423104,central,LHLN
720575940626124743,central,Kenyon_Cell
720575940632350668,central,unknown
720575940639068112,sensory,olfactory
720575940633366483,sensory,olfactory
720575940629270487,sensory,olfactory
720575940620193752,central,unknown
720575940623339495,sensory,olfactory
720575940627369960,central,ALLN
720575940621701104,central,unknown
720575940621471732,central,Kenyon_Cell
720575940640804853,central,ALPN
720575940630384635,central,unknown
720575940622651389,sensory,olfactory
720575940608200713,central,LHLN
720575940608626697,central,LHLN
720575940623831054,sensory,olfactory
720575940623437838,central,ALLN
720575940621766680,sensory,olfactory
720575940620128282,central,unknown
720575940631629866,sensory,olfactory
720575940627370027,sensory,olfactory
720575940632416298,central,ALLN
720575940631105580,central,ALLN
720575940629893162,central,Kenyon_Cell
720575940631302186,central,Kenyon_Cell
720575940618522673,central,unknown
720575940631203896,sensory,olfactory
720575940619702337,sensory,olfactory
720575940631498819,central,Kenyon_Cell
720575940639625286,sensory,olfactory
720575940627271762,central,unknown
720575940629532759,central,Kenyon_Cell
720575940619898971,central,unknown
720575940608364636,central,unknown
720575940611772514,visual_centrifugal,unknown
720575940645556334,descending,unknown
720575940642967662,central,LHLN
720575940635562096,sensory,olfactory
720575940612919410,central,unknown
720575940648276089,central,Kenyon_Cell
720575940618784891,sensory,olfactory
720575940627370110,central,unknown
720575940620128391,central,LHLN
720575940616786065,central,Kenyon_Cell
720575940633333916,central,unknown
720575940619997342,central,unknown
720575940615639199,sensory,olfactory
720575940613345442,central,ALPN
720575940638511267,sensory,olfactory
720575940619243691,sensory,olfactory
720575940614426799,sensory,olfactory
720575940607185074,central,Kenyon_Cell
720575940611477683,central,unknown
720575940622192822,central,ALPN
720575940620390592,central,unknown
720575940620226753,central,LHLN
720575940631630021,central,ALPN
720575940615540934,central,unknown
720575940610756814,sensory,olfactory
720575940611477710,central,unknown
720575940612755665,sensory,olfactory
720575940613050577,central,ALPN
720575940613869777,central,ALPN
720575940608987349,central,unknown
720575940615606489,central,unknown
720575940633333986,central,Kenyon_Cell
720575940613804259,central,ALLN
720575940638216420,sensory,olfactory
720575940614492397,central,unknown
720575940621373680,sensory,olfactory
720575940624781555,central,LHLN
720575940622618867,central,unknown
720575940651553014,sensory,olfactory
720575940617769217,central,Kenyon_Cell
720575940615770369,central,unknown
720575940626649348,central,unknown
720575940606267659,central,ALLN
720575940624224526,central,Kenyon_Cell
720575940629926159,central,ALPN
720575940631269650,central,unknown
720575940618326292,central,Kenyon_Cell
720575940620783898,sensory,olfactory
720575940625305884,sensory,olfactory
720575940625273116,sensory,olfactory
720575940624421148,central,Kenyon_Cell
720575940631761183,central,Kenyon_Cell
720575940626518302,central,ALLN
720575940624879911,central,ALPN
720575940628484396,central,Kenyon_Cell
720575940627632428,central,unknown
720575940631728431,central,unknown
720575940617179451,central,ALPN
720575940618654016,central,LHLN
720575940638642502,central,unknown
720575940627796298,central,unknown
720575940617343316,central,ALPN
720575940630679895,central,Kenyon_Cell
720575940622356835,central,unknown
720575940631925096,sensory,olfactory
720575940615049578,central,unknown
720575940633727339,descending,unknown
720575940645097838,central,LHLN
720575940611117425,sensory,olfactory
720575940611379569,central,ALLN
720575940638642547,central,unknown
720575940619964788,central,ALPN
720575940630024566,central,ALPN
720575940636316023,central,unknown
720575940648931705,sensory,olfactory
720575940629139834,central,unknown
720575940628058493,central,unknown
720575940625502595,sensory,olfactory
720575940631925132,sensory,olfactory
720575940639887757,central,unknown
720575940622979475,central,Kenyon_Cell
720575940623962516,central,Kenyon_Cell
720575940643623328,central,Kenyon_Cell
720575940654436769,sensory,olfactory
720575940640477603,central,ALPN
720575940612362663,central,Kenyon_Cell
720575940620685739,sensory,olfactory
720575940614427055,sensory,olfactory
720575940620030384,sensory,olfactory
720575940612166063,central,unknown
720575940638773693,sensory,olfactory
720575940637069757,central,unknown
720575940620390848,central,unknown
720575940617015750,central,Kenyon_Cell
720575940605252041,central,Kenyon_Cell
720575940625732042,central,unknown
720575940610658766,central,ALPN
720575940610724306,sensory,olfactory
720575940608987605,central,unknown
720575940617441752,central,ALLN
720575940632646114,descending,unknown
720575940637954532,central,Kenyon_Cell
720575940622389735,central,ALPN
720575940620587503,central,LHLN
720575940618326511,central,unknown
720575940619964916,central,Kenyon_Cell
720575940636643832,central,unknown
720575940631335417,central,Kenyon_Cell
720575940630352379,central,unknown
720575940623045117,sensory,olfactory
720575940622586367,central,unknown
720575940629172736,central,Kenyon_Cell
720575940624945666,central,Kenyon_Cell
720575940627534339,central,Kenyon_Cell
720575940628582915,central,Kenyon_Cell
720575940626223633,central,Kenyon_Cell
720575940627927573,central,ALLN
720575940633203225,sensory,olfactory
720575940616229405,central,LHCENT
720575940633563679,central,unknown
720575940609577518,sensory,olfactory
720575940630778428,central,ALPN
720575940638085695,central,unknown
720575940620096065,central,unknown
720575940609905220,central,unknown
720575940623503945,sensory,olfactory
720575940618162773,central,unknown
720575940637725272,central,Kenyon_Cell
720575940620554843,central,unknown
720575940634808927,central,Kenyon_Cell
720575940620096097,sensory,olfactory
720575940625732196,central,ALLN
720575940634710629,central,ALPN
720575940643361390,central,unknown
720575940612887154,central,unknown
720575940634546807,central,Kenyon_Cell
720575940627960442,central,unknown
720575940618293883,sensory,olfactory
720575940658795137,central,Kenyon_Cell
720575940619899527,central,Kenyon_Cell
720575940616622731,central,unknown
720575940634776218,sensory,olfactory
720575940616295069,central,Kenyon_Cell
720575940615443103,central,unknown
720575940614328994,central,unknown
720575940630450852,central,Kenyon_Cell
720575940620522155,central,unknown
720575940632613549,central,unknown
720575940619440816,central,unknown
720575940623307447,central,ALPN
720575940615770811,central,unknown
720575940624061116,sensory,olfactory
720575940604924606,central,Kenyon_Cell
720575940635955903,central,unknown
720575940620358336,central,unknown
720575940629336770,sensory,olfactory
720575940622619332,central,unknown
720575940630713029,central,unknown
720575940616295110,sensory,olfactory
720575940624749258,central,Kenyon_Cell
720575940612723409,central,Kenyon_Cell
720575940611773138,central,unknown
720575940633170643,descending,unknown
720575940637594334,central,ALPN
720575940612821727,central,ALPN
720575940632351457,central,Kenyon_Cell
720575940612559587,sensory,olfactory
720575940627043048,sensory,olfactory
720575940624290539,central,Kenyon_Cell
720575940623438571,central,Kenyon_Cell
720575940619539182,sensory,olfactory
720575940619440878,sensory,olfactory
720575940620096238,central,unknown
720575940621308656,central,unknown
720575940630057728,central,ALPN
720575940620555013,central,unknown
720575940627731206,central,unknown
720575940622848775,central,unknown
720575940609282825,central,ALLN
720575940626354954,sensory,olfactory
720575940609807113,central,unknown
720575940624323342,central,ALLN
720575940632351513,sensory,olfactory
720575940620882714,sensory,olfactory
720575940617704219,central,unknown
720575940626158364,central,DAN
720575940616196898,central,unknown
720575940624716581,central,Kenyon_Cell
720575940631991082,central,unknown
720575940624126768,central,unknown
720575940619506481,central,unknown
720575940615246643,central,unknown
720575940645917492,sensory,olfactory
720575940630811449,sensory,olfactory
720575940626125626,sensory,hygrosensory
720575940626682682,central,ALPN
720575940631237433,central,Kenyon_Cell
720575940620522305,sensory,olfactory
720575940620653377,central,Kenyon_Cell
720575940631499587,central,Kenyon_Cell
720575940640314190,central,ALLN
720575940639003470,central,unknown
720575940620981072,central,unknown
720575940633367377,sensory,olfactory
720575940619670352,central,unknown
720575940620096341,sensory,olfactory
720575940617048925,central,unknown
720575940621833054,central,unknown
720575940634710879,central,LHLN
720575940620850017,central,Kenyon_Cell
720575940623930211,central,ALLN
720575940620817261,central,LHLN
720575940639691635,central,unknown
720575940620948340,central,Kenyon_Cell
720575940628714358,central,Kenyon_Cell
720575940630549370,central,ALPN
720575940629631870,central,Kenyon_Cell
720575940627075977,central,unknown
720575940616786833,central,Kenyon_Cell
720575940612461461,central,ALLN
720575940612166553,sensory,olfactory
720575940633596826,central,Kenyon_Cell
720575940617540509,central,unknown
720575940613772194,central,unknown
720575940620981158,central,unknown
720575940615607207,descending,unknown
720575940627239848,sensory,olfactory
720575940614263719,central,Kenyon_Cell
720575940611773354,sensory,olfactory
720575940615541671,central,unknown
720575940604662700,central,ALLN
720575940632679341,central,unknown
720575940614427567,sensory,olfactory
720575940606563249,central,LHLN
720575940623274935,sensory,olfactory
720575940625765306,central,Kenyon_Cell
720575940638249917,sensory,olfactory
720575940624716746,sensory,olfactory
720575940621767629,sensory,olfactory
720575940632679379,sensory,olfactory
720575940617475028,central,unknown
720575940619441112,central,unknown
720575940620719064,central,unknown
720575940641362907,central,Kenyon_Cell
720575940612789219,central,Kenyon_Cell
720575940610823141,central,Kenyon_Cell
720575940611052517,central,Kenyon_Cell
720575940625994728,central,Kenyon_Cell
720575940627993576,central,unknown
720575940625306603,descending,unknown
720575940620555252,sensory,olfactory
720575940620686324,sensory,olfactory
720575940635399160,sensory,olfactory
720575940626879484,sensory,olfactory
720575940627469315,central,unknown
720575940620227589,central,unknown
720575940627239946,central,ALPN
720575940623897613,central,ALPN
720575940622881805,central,Kenyon_Cell
720575940626879505,central,unknown
720575940627174419,central,LHLN
720575940619637780,central,ALPN
720575940644869143,central,unknown
720575940620981274,sensory,olfactory
720575940617638946,central,unknown
720575940623799335,sensory,olfactory
720575940624290855,central,Kenyon_Cell
720575940631467050,central,unknown
720575940629271596,central,Kenyon_Cell
720575940631630893,sensory,olfactory
720575940629304364,central,Kenyon_Cell
720575940631041071,sensory,olfactory
720575940608889902,central,unknown
720575940615541810,central,unknown
720575940638872629,sensory,olfactory
720575940636873791,central,ALPN
720575940631827527,central,Kenyon_Cell
720575940619375701,central,Kenyon_Cell
720575940619637845,central,Kenyon_Cell
720575940634743903,central,Kenyon_Cell
720575940626256992,sensory,hygrosensory
720575940610036834,sensory,olfactory
720575940626158692,central,Kenyon_Cell
720575940629009513,central,ALPN
720575940634809455,central,ALLN
720575940612920434,central,unknown
720575940616295541,central,unknown
720575940621538431,central,Kenyon_Cell
720575940659844225,central,ALLN
720575940620129415,central,unknown
720575940626486409,central,Kenyon_Cell
720575940625765520,central,unknown
720575940625405072,central,Kenyon_Cell
720575940614755478,central,Kenyon_Cell
720575940633662615,sensory,olfactory
720575940626224280,central,unknown
720575940634154140,central,Kenyon_Cell
720575940654929057,central,unknown
720575940610921642,central,Kenyon_Cell
720575940618556587,central,unknown
720575940615345339,central,Kenyon_Cell
720575940632876223,central,unknown
720575940619441345,central,unknown
720575940618884289,central,unknown
720575940608496835,central,Kenyon_Cell
720575940628190407,central,unknown
720575940642968776,sensory,olfactory
720575940644541640,central,Kenyon_Cell
720575940611085518,sensory,olfactory
720575940640445648,central,unknown
720575940608824530,central,unknown
720575940617475284,central,LHLN
720575940617376980,central,Kenyon_Cell
720575940628419804,central,unknown
720575940614984927,central,Kenyon_Cell
720575940605842656,central,unknown
720575940617540838,central,Kenyon_Cell
720575940623209703,sensory,hygrosensory
720575940638053609,central,Kenyon_Cell
720575940623242476,sensory,olfactory
720575940628419825,central,LHLN
720575940624651507,central,Kenyon_Cell
720575940629075191,sensory,olfactory
720575940628976887,sensory,olfactory
720575940629894391,central,Kenyon_Cell
720575940630385915,central,unknown
720575940623209727,central,unknown
720575940622324991,central,unknown
720575940625044743,sensory,olfactory
720575940609447179,central,ALPN
720575940632417554,central,LHCENT
720575940626191635,central,unknown
720575940621014292,central,ALIN
720575940620227860,central,unknown
720575940616852763,central,Kenyon_Cell
720575940617180445,sensory,olfactory
720575940644902179,sensory,olfactory
720575940625667365,central,Kenyon_Cell
720575940625175845,central,Kenyon_Cell
720575940632745261,central,Kenyon_Cell
720575940613051699,sensory,olfactory
720575940614067507,central,unknown
720575940618229051,visual_centrifugal,unknown
720575940638053693,central,Kenyon_Cell
720575940636841286,central,Kenyon_Cell
720575940626584904,sensory,olfactory
720575940638446936,central,Kenyon_Cell
720575940621505883,central,unknown
720575940628452711,sensory,olfactory
720575940629009769,sensory,olfactory
720575940637332851,central,unknown
720575940616459637,central,unknown
720575940616426869,central,Kenyon_Cell
720575940610332024,central,unknown
720575940629009786,sensory,olfactory
720575940629337470,sensory,olfactory
720575940629108094,central,Kenyon_Cell
720575940639004032,sensory,olfactory
720575940647097732,sensory,olfactory
720575940618458513,central,ALLN
720575940627994008,central,unknown
720575940628288923,sensory,olfactory
720575940635334044,central,LHLN
720575940653913505,sensory,olfactory
720575940619277733,sensory,olfactory
720575940618753445,central,LHLN
720575940628420008,central,ALPN
720575940620686761,central,Kenyon_Cell
720575940615116207,central,unknown
720575940610397619,central,ALIN
720575940624651704,central,unknown
720575940614559163,sensory,olfactory
720575940626027964,central,unknown
720575940638807485,sensory,olfactory
720575940620326336,central,Kenyon_Cell
720575940642936264,sensory,olfactory
720575940609873358,central,Kenyon_Cell
720575940640249296,central,unknown
720575940613084625,sensory,olfactory
720575940622915030,sensory,olfactory
720575940622161366,descending,unknown
720575940619245016,central,DAN
720575940617541081,sensory,olfactory
720575940641592795,central,ALLN
720575940614952415,central,unknown
720575940631434722,central,Kenyon_Cell
720575940611053029,central,Kenyon_Cell
720575940637791721,central,unknown
720575940622915060,central,unknown
720575940626879996,sensory,olfactory
720575940622128639,central,unknown
720575940606498313,central,ALPN
720575940628420106,central,unknown
720575940627273226,central,unknown
720575940609381897,visual_centrifugal,unknown
720575940619998740,central,unknown
720575940614919709,sensory,hygrosensory
720575940624487975,central,ALPN
720575940629468716,central,unknown
720575940630189624,central,Kenyon_Cell
720575940629894716,central,ALPN
720575940625929790,central,Kenyon_Cell
720575940637693503,central,unknown
720575940620654145,sensory,olfactory
720575940619245121,central,Kenyon_Cell
720575940618294853,central,Kenyon_Cell
720575940631467591,sensory,olfactory
720575940623472201,central,Kenyon_Cell
720575940628059722,central,ALPN
720575940625012301,central,unknown
720575940619834965,central,Kenyon_Cell
720575940619146837,central,Kenyon_Cell
720575940619048533,central,unknown
720575940619933269,central,unknown
720575940638938712,central,unknown
720575940621309534,sensory,olfactory
720575940635006559,central,Kenyon_Cell
720575940629141095,central,Kenyon_Cell
720575940646540910,sensory,olfactory
720575940635072111,sensory,olfactory
720575940634678895,central,Kenyon_Cell
720575940612003441,central,unknown
720575940611905138,sensory,olfactory
720575940619474548,central,unknown
720575940620260980,central,unknown
720575940630648438,sensory,olfactory
720575940616525429,central,unknown
720575940620719743,sensory,olfactory
720575940661089921,central,unknown
720575940620129927,central,unknown
720575940623472264,sensory,olfactory
720575940641592973,sensory,olfactory
720575940623242900,central,unknown
720575940626650776,central,ALPN
720575940628125339,central,unknown
720575940628420264,central,ALLN
720575940605154988,ascending,AN
720575940620490416,central,unknown
720575940606662322,central,Kenyon_Cell
720575940625176250,sensory,olfactory
720575940616197819,central,ALLN
720575940624914108,central,LHLN
720575940608628419,central,ALPN
720575940642936520,sensory,olfactory
720575940605449929,central,Kenyon_Cell
720575940631631564,central,unknown
720575940630877903,central,Kenyon_Cell
720575940628879055,central,unknown
720575940612593361,central,LHLN
720575940609218258,central,ALPN
720575940630484687,central,unknown
720575940617213652,central,unknown
720575940620719832,central,unknown
720575940610922202,sensory,olfactory
720575940641593051,central,ALLN
720575940612757210,central,unknown
720575940637333214,central,Kenyon_Cell
720575940604663520,central,LHLN
720575940611413733,central,unknown
720575940625733351,descending,unknown
720575940625503979,central,unknown
720575940626323185,central,unknown
720575940612331250,central,unknown
720575940624422643,central,ALLN
720575940639889141,central,Kenyon_Cell
720575940623865597,sensory,olfactory
720575940622227213,visual_projection,unknown
720575940629829391,sensory,olfactory
720575940644968215,central,unknown
720575940633302809,central,unknown
720575940620195610,central,unknown
720575940618098459,central,unknown
720575940604991264,central,Kenyon_Cell
720575940623603495,sensory,olfactory
720575940624520999,central,LHLN
720575940625405744,central,Kenyon_Cell
720575940638840629,central,unknown
720575940639692605,central,unknown
720575940624521022,central,Kenyon_Cell
720575940631926599,central,Kenyon_Cell
720575940628059978,central,ALLN
720575940638775118,central,ALLN
720575940638578510,central,Kenyon_Cell
720575940627240783,central,unknown
720575940632287057,central,LHLN
720575940631271251,central,unknown
720575940630189911,central,Kenyon_Cell
720575940621440859,central,unknown
720575940634384224,central,Kenyon_Cell
720575940620621665,sensory,olfactory
720575940644607854,central,Kenyon_Cell
720575940637136752,central,ALLN
720575940636841840,central,CX
720575940639594355,central,unknown
720575940635170679,sensory,olfactory
720575940629632894,central,Kenyon_Cell
720575940646672260,sensory,olfactory
720575940626585481,sensory,olfactory
720575940624291728,central,Kenyon_Cell
720575940615903121,central,Kenyon_Cell
720575940635432855,visual_projection,unknown
720575940635498394,central,unknown
720575940633499548,central,ALPN
720575940610070442,central,ALPN
720575940604762028,central,unknown
720575940633040813,central,unknown
720575940635695022,central,unknown
720575940634023860,sensory,olfactory
720575940620392374,sensory,olfactory
720575940625110967,central,unknown
720575940625176506,central,unknown
720575940614625211,central,Kenyon_Cell
720575940642871240,central,unknown
720575940642478024,central,unknown
720575940620883917,central,Kenyon_Cell
720575940611086286,central,unknown
720575940612593617,central,unknown
720575940616886228,sensory,olfactory
720575940608956373,central,unknown
720575940617476052,central,unknown
720575940631336930,central,Kenyon_Cell
720575940633565154,central,Kenyon_Cell
720575940637169636,central,Kenyon_Cell
720575940611512293,central,unknown
720575940637300708,central,unknown
720575940636579817,central,Kenyon_Cell
720575940629567473,sensory,olfactory
720575940626946033,central,Kenyon_Cell
720575940616165377,central,unknown
720575940608235529,central,unknown
720575940607580171,sensory,olfactory
720575940622882829,central,Kenyon_Cell
720575940624095246,sensory,olfactory
720575940625242129,central,LHLN
720575940617279517,central,unknown
720575940629239852,sensory,olfactory
720575940632123439,central,Kenyon_Cell
720575940618131505,central,Kenyon_Cell
720575940615247923,central,unknown
720575940630288440,central,Kenyon_Cell
720575940631631929,central,unknown
720575940638447677,central,Kenyon_Cell
720575940620687425,sensory,olfactory
720575940619540545,central,unknown
720575940631992391,central,unknown
720575940622358604,central,unknown
720575940638677070,central,ALPN
720575940619245648,central,Kenyon_Cell
720575940631435345,central,Kenyon_Cell
720575940626356306,sensory,olfactory
720575940618819668,visual_projection,unknown
720575940633991263,sensory,olfactory
720575940635596901,sensory,olfactory
720575940636481637,central,LHLN
720575940629141607,central,Kenyon_Cell
720575940630616168,central,LHLN
720575940644542574,sensory,olfactory
720575940611610737,central,unknown
720575940612167794,central,ALPN
720575940639594611,central,ALPN
720575940637464691,ascending,AN
720575940620032123,central,CX
720575940623439996,central,unknown
720575940619376767,central,ALPN
720575940606335106,central,Kenyon_Cell
720575940631632012,descending,unknown
720575940624849040,sensory,olfactory
720575940626815120,central,unknown
720575940624062612,sensory,olfactory
720575940618295454,central,ALPN
720575940618950814,central,unknown
720575940643002528,sensory,olfactory
720575940652734625,central,unknown
720575940619638950,sensory,olfactory
720575940612429994,central,Kenyon_Cell
720575940621146294,central,Kenyon_Cell
720575940615346363,central,Kenyon_Cell
720575940640151741,central,unknown
720575940639135933,central,unknown
720575940622457028,sensory,hygrosensory
720575940606761161,central,LHLN
720575940620916939,central,unknown
720575940622096589,central,Kenyon_Cell
720575940623636701,central,ALLN
720575940634646753,central,unknown
720575940613970147,central,ALLN
720575940612266213,central,Kenyon_Cell
720575940613183717,central,unknown
720575940614756589,central,ALLN
720575940640282869,sensory,olfactory
720575940627405052,central,ALLN
720575940622063871,sensory,olfactory
720575940624095496,central,unknown
720575940615149836,visual_projection,unknown
720575940615608588,central,unknown
720575940630452495,central,Kenyon_Cell
720575940622915864,central,LHLN
720575940617607451,central,unknown
720575940617476386,central,unknown
720575940624980261,sensory,olfactory
720575940629502251,descending,unknown
720575940631468335,sensory,olfactory
720575940632123695,central,Kenyon_Cell
720575940646508852,central,LHLN
720575940631763257,central,Kenyon_Cell
720575940627372346,central,unknown
720575940615903547,sensory,olfactory
720575940629895484,central,Kenyon_Cell
720575940616296763,central,unknown
720575940638054719,central,unknown
720575940618492224,central,Kenyon_Cell
720575940615510338,central,unknown
720575940632189255,central,LHLN
720575940626618696,sensory,olfactory
720575940630190411,central,unknown
720575940624390477,sensory,olfactory
720575940628584783,central,unknown
720575940619704656,central,Kenyon_Cell
720575940619835733,central,Kenyon_Cell
720575940637628762,central,ALPN
720575940622653795,central,unknown
720575940631566700,central,ALLN
720575940619770228,central,Kenyon_Cell
720575940622489972,central,unknown
720575940610529656,central,Kenyon_Cell
720575940649228665,central,Kenyon_Cell
720575940629633406,central,Kenyon_Cell
720575940620917119,central,unknown
720575940613740950,sensory,olfactory
720575940614429078,sensory,olfactory
720575940614887830,central,Kenyon_Cell
720575940628158875,central,unknown
720575940631239076,sensory,olfactory
720575940619966885,central,unknown
720575940621343142,sensory,olfactory
720575940620523947,central,unknown
720575940636187054,sensory,olfactory
720575940606433713,central,Kenyon_Cell
720575940633500084,central,unknown
720575940625013175,central,ALLN
720575940623014328,central,Kenyon_Cell
720575940616788409,central,Kenyon_Cell
720575940616198587,central,ALLN
720575940634941887,sensory,olfactory
720575940610464195,sensory,olfactory
720575940614724038,sensory,olfactory
720575940629240263,descending,unknown
720575940632615372,central,unknown
720575940632353228,central,unknown
720575940640020944,central,ALLN
720575940612856273,central,ALPN
720575940613347793,central,ALPN
720575940616526292,sensory,olfactory
720575940616264148,central,Kenyon_Cell
720575940621441494,central,ALLN
720575940620687832,central,unknown
720575940611873242,central,Kenyon_Cell
720575940628322780,central,unknown
720575940623636957,central,LHCENT
720575940633074145,central,ALPN
720575940626651624,central,Kenyon_Cell
720575940614429165,central,ALLN
720575940620720622,central,unknown
720575940620196336,central,Kenyon_Cell
720575940629928439,central,unknown
720575940629961219,central,unknown
720575940621638149,central,unknown
720575940624357896,central,LHLN
720575940608530955,central,Kenyon_Cell
720575940623735310,central,Kenyon_Cell
720575940630419983,central,Kenyon_Cell
720575940627044885,descending,unknown
720575940612626966,central,Kenyon_Cell
720575940644870679,sensory,olfactory
720575940612856342,central,ALPN
720575940632713759,central,unknown
720575940645722660,sensory,olfactory
720575940622785062,central,ALPN
720575940629502506,central,Kenyon_Cell
720575940614036019,central,Kenyon_Cell
720575940647033396,ascending,AN
720575940637694517,central,unknown
720575940628453946,central,unknown
720575940639693373,central,unknown
720575940630846019,sensory,olfactory
720575940631763523,central,unknown
720575940639267406,central,Kenyon_Cell
720575940627077714,central,unknown
720575940631108179,central,Kenyon_Cell
720575940638513752,sensory,olfactory
720575940638874202,visual_centrifugal,unknown
720575940637956698,central,unknown
720575940614953565,central,LHLN
720575940622457443,central,ALLN
720575940625504868,central,Kenyon_Cell
720575940629043817,sensory,olfactory
720575940614199914,central,Kenyon_Cell
720575940628945516,sensory,hygrosensory
720575940621343348,central,ALPN
720575940608432760,central,unknown
720575940626782845,central,Kenyon_Cell
720575940629338750,sensory,olfactory
720575940639988352,central,Kenyon_Cell
720575940625898121,central,unknown
720575940636023438,central,Kenyon_Cell
720575940617509521,central,unknown
720575940613118610,sensory,olfactory
720575940623964820,central,Kenyon_Cell
720575940612987541,central,unknown
720575940611611285,central,Kenyon_Cell
720575940610562713,central,Kenyon_Cell
720575940618263197,visual_projection,unknown
720575940643756704,central,unknown
720575940656077473,central,ALPN
720575940632091300,central,unknown
720575940632582829,central,unknown
720575940624915128,central,unknown
720575940623735482,central,unknown
720575940612692672,central,Kenyon_Cell
720575940622949069,central,Kenyon_Cell
720575940615281361,visual_centrifugal,unknown
720575940634155731,visual_projection,unknown
720575940608989909,central,LHLN
720575940621736662,central,Kenyon_Cell
720575940636809950,sensory,olfactory
720575940615183071,central,unknown
720575940615019231,central,Kenyon_Cell
720575940631960290,sensory,olfactory
720575940633402082,central,Kenyon_Cell
720575940638579428,sensory,olfactory
720575940623407850,central,Kenyon_Cell
720575940626422513,central,unknown
720575940611611378,central,Kenyon_Cell
720575940624784115,central,LHLN
720575940628355843,central,Kenyon_Cell
720575940627700484,central,Kenyon_Cell
720575940628781828,central,unknown
720575940628060934,central,Kenyon_Cell
720575940623538951,central,unknown
720575940624358152,central,unknown
720575940607154955,central,Kenyon_Cell
720575940624030478,sensory,olfactory
720575940625079054,central,unknown
720575940630584079,central,ALPN
720575940620196628,central,ALPN
720575940626225941,central,Kenyon_Cell
720575940631567129,central,unknown
720575940631305004,central,unknown
720575940615215923,central,unknown
720575940628749111,sensory,olfactory
720575940630158140,central,unknown
720575940631763779,central,LHLN
720575940618263365,central,unknown
720575940638612294,central,unknown
720575940631403335,central,Kenyon_Cell
720575940630682449,central,Kenyon_Cell
720575940626815826,central,ALLN
720575940627045202,central,unknown
720575940618394453,central,Kenyon_Cell
720575940634385247,central,ALLN
720575940635138911,central,unknown
720575940620622691,central,ALPN
720575940614691690,sensory,olfactory
720575940614396778,central,unknown
720575940629830508,sensory,olfactory
720575940638022515,central,ALLN
720575940614495093,central,Kenyon_Cell
720575940616559477,central,unknown
720575940649098105,sensory,olfactory
720575940629535610,central,unknown
720575940626422659,central,Kenyon_Cell
720575940621638534,visual_centrifugal,unknown
720575940617509777,central,unknown
720575940614953878,central,unknown
720575940613348246,central,Kenyon_Cell
720575940633271191,central,Kenyon_Cell
720575940616199071,central,unknown
720575940611578794,sensory,olfactory
720575940606139308,central,unknown
720575940621048758,central,unknown
720575940623801276,sensory,olfactory
720575940615838662,central,Kenyon_Cell
720575940606663625,central,Kenyon_Cell
720575940620917707,central,ALLN
720575940631632844,sensory,olfactory
720575940631305164,central,Kenyon_Cell
720575940613053393,sensory,olfactory
720575940610694098,central,unknown
720575940612430821,central,unknown
720575940624292843,central,unknown
720575940624915435,central,unknown
720575940611218418,sensory,olfactory
720575940634483704,sensory,olfactory
720575940629535738,central,Kenyon_Cell
720575940608564233,central,Kenyon_Cell
720575940624030734,sensory,olfactory
720575940626619411,sensory,olfactory
720575940621966369,central,Kenyon_Cell
720575940623309862,central,unknown
720575940610956334,central,unknown
720575940638055487,central,unknown
720575940617903168,central,ALPN
720575940631796803,central,unknown
720575940617739333,sensory,olfactory
720575940619672656,central,Kenyon_Cell
720575940616723549,central,Kenyon_Cell
720575940621540446,sensory,olfactory
720575940633599071,central,unknown
720575940621343838,central,ALLN
720575940626160740,central,unknown
720575940611644529,descending,unknown
720575940628257914,central,Kenyon_Cell
720575940659879041,central,Kenyon_Cell
720575940606893186,central,Kenyon_Cell
720575940626553993,sensory,olfactory
720575940642151565,central,unknown
720575940625767568,central,unknown
720575940618493073,central,unknown
720575940633107607,central,unknown
720575940634025111,central,unknown
720575940611906713,central,ALLN
720575940638678179,sensory,olfactory
720575940639202467,central,ALPN
720575940619902117,central,unknown
720575940618722475,central,Kenyon_Cell
720575940603911340,sensory,olfactory
720575940624227509,sensory,olfactory
720575940634975423,central,unknown
720575940618886336,central,Kenyon_Cell
720575940629798082,central,unknown
720575940623572164,sensory,olfactory
720575940629011655,central,ALPN
720575940611284174,central,Kenyon_Cell
720575940618198233,central,unknown
720575940640971995,central,ALPN
720575940636679390,sensory,olfactory
720575940633599201,central,LHLN
720575940632714465,sensory,hygrosensory
720575940639202532,central,Kenyon_Cell
720575940625177836,central,ALLN
720575940620197104,sensory,olfactory
720575940627635441,central,unknown
720575940624456947,central,unknown
720575940621376756,central,unknown
720575940634057976,sensory,olfactory
720575940630093051,central,ALPN
720575940628847867,central,unknown
720575940622163197,central,Kenyon_Cell
720575940630519035,central,Kenyon_Cell
720575940621802751,central,Kenyon_Cell
720575940627045636,central,Kenyon_Cell
720575940623047950,central,ALPN
720575940631272719,central,unknown
720575940628815120,central,unknown
720575940625898780,central,Kenyon_Cell
720575940614921501,sensory,hygrosensory
720575940631174431,sensory,olfactory
720575940603747616,central,Kenyon_Cell
720575940630617386,central,unknown
720575940628225323,sensory,olfactory
720575940632681773,central,unknown
720575940610530606,central,unknown
720575940632091951,sensory,olfactory
720575940630682927,central,Kenyon_Cell
720575940618886454,central,LHLN
720575940631502136,central,LHLN
720575940632059193,central,unknown
720575940631764281,central,Kenyon_Cell
720575940616887611,central,Kenyon_Cell
720575940629962044,central,unknown
720575940630125884,central,unknown
720575940637728063,sensory,olfactory
720575940631141699,central,Kenyon_Cell
720575940619115845,central,Kenyon_Cell
720575940623965513,central,Kenyon_Cell
720575940627144010,sensory,olfactory
720575940639366478,central,unknown
720575940628290895,sensory,olfactory
720575940617575760,central,unknown
720575940626357586,sensory,olfactory
720575940617542996,sensory,olfactory
720575940619640149,central,Kenyon_Cell
720575940638645592,sensory,olfactory
720575940634811743,central,Kenyon_Cell
720575940620623201,central,Kenyon_Cell
720575940625440100,central,unknown
720575940614298986,ascending,AN
720575940643757422,sensory,olfactory
720575940645264750,central,unknown
720575940635499888,central,Kenyon_Cell
720575940635958639,central,unknown
720575940616428917,central,Kenyon_Cell
720575940630093174,sensory,olfactory
720575940649622905,central,Kenyon_Cell
720575940648246649,central,Kenyon_Cell
720575940628716926,central,unknown
720575940626423171,central,Kenyon_Cell
720575940614430102,sensory,olfactory
720575940612758934,central,Kenyon_Cell
720575940624620952,central,ALPN
720575940613414297,central,unknown
720575940617674141,sensory,olfactory
720575940615249314,central,unknown
720575940618755494,central,unknown
720575940625341880,sensory,olfactory
720575940616068539,central,Kenyon_Cell
720575940634320319,central,unknown
720575940624096708,sensory,olfactory
720575940626881991,central,unknown
720575940618821067,sensory,olfactory
720575940622949837,central,LHLN
720575940616691156,central,unknown
720575940608990677,central,unknown
720575940622130646,central,LHLN
720575940622392790,central,Kenyon_Cell
720575940617280985,central,unknown
720575940611153370,sensory,olfactory
720575940631207388,visual_centrifugal,unknown
720575940605877728,central,unknown
720575940633566690,central,Kenyon_Cell
720575940613119459,central,Kenyon_Cell
720575940621966827,central,Kenyon_Cell
720575940619738612,central,unknown
720575940642086389,central,ALPN
720575940631633401,central,ALPN
720575940630420985,central,Kenyon_Cell
720575940627996156,central,unknown
720575940626226690,central,Kenyon_Cell
720575940626161154,central,Kenyon_Cell
720575940626980358,sensory,olfactory
720575940623539719,central,unknown
720575940629470726,central,unknown
720575940622229005,central,unknown
720575940629765647,central,Kenyon_Cell
720575940629601810,central,Kenyon_Cell
720575940618591764,central,unknown
720575940623113752,central,unknown
720575940625669660,central,Kenyon_Cell
720575940644150819,central,LHLN
720575940625800741,central,Kenyon_Cell
720575940609318446,central,Kenyon_Cell
720575940609908270,central,unknown
720575940615380530,sensory,olfactory
720575940639071797,central,Kenyon_Cell
720575940618886710,central,unknown
720575940630945335,central,ALLN
720575940617313846,central,Kenyon_Cell
720575940628651575,central,Kenyon_Cell
720575940631502392,central,unknown
720575940617182779,central,unknown
720575940628356666,visual_projection,unknown
720575940637826623,central,Kenyon_Cell
720575940631797315,central,LHLN
720575940631666243,central,Kenyon_Cell
720575940624227917,central,unknown
720575940618133072,central,Kenyon_Cell
720575940617739860,central,unknown
720575940614757974,central,ALLN
720575940625210969,central,unknown
720575940623998563,central,unknown
720575940631240296,sensory,olfactory
720575940614659690,central,unknown
720575940629929580,central,unknown
720575940635958895,central,LHLN
720575940621246068,descending,unknown
720575940616953467,central,ALLN
720575940629044862,central,LHLN
720575940619705983,central,Kenyon_Cell
720575940607090306,sensory,olfactory
720575940606729858,central,Kenyon_Cell
720575940619902598,central,ALPN
720575940623212170,central,unknown
720575940626849423,sensory,olfactory
720575940627996315,sensory,olfactory
720575940629044891,central,LHLN
720575940643266208,central,unknown
720575940611546794,central,unknown
720575940631502509,central,Kenyon_Cell
720575940635664046,central,ALLN
720575940607155890,central,MBON
720575940611022515,central,ALPN
720575940624817845,central,unknown
720575940620459702,sensory,hygrosensory
720575940616855225,central,ALLN
720575940615413435,central,unknown
720575940606762686,central,ALPN
720575940633927359,central,unknown
720575940609220291,central,Kenyon_Cell
720575940619411147,central,ALPN
720575940623146701,central,ALLN
720575940610694866,sensory,olfactory
720575940634156755,central,unknown
720575940608663253,central,unknown
720575940612071130,central,LHLN
720575940623441629,central,unknown
720575940619280110,sensory,olfactory
720575940620590831,central,LHLN
720575940620721903,central,unknown
720575940624785139,central,LHLN
720575940635565816,central,unknown
720575940628029180,central,unknown
720575940616756993,sensory,olfactory
720575940622917381,central,unknown
720575940627996422,central,LHLN
720575940628061968,sensory,olfactory
720575940620197652,central,LHLN
720575940621475610,central,unknown
720575940605452064,central,Kenyon_Cell
720575940622196518,sensory,olfactory
720575940622360358,sensory,olfactory
720575940624555815,central,unknown
720575940628586283,central,unknown
720575940628684588,central,Kenyon_Cell
720575940615708466,sensory,olfactory
720575940646346548,central,Kenyon_Cell
720575940629995319,central,unknown
720575940624555838,sensory,olfactory
720575940620263233,central,Kenyon_Cell
720575940615708482,central,ALLN
720575940609908548,central,LHLN
720575940627111752,central,unknown
720575940633304913,central,unknown
720575940627275602,central,unknown
720575940639891288,central,unknown
720575940627537753,central,unknown
720575940607811420,sensory,olfactory
720575940606730076,central,Kenyon_Cell
720575940622557022,central,Kenyon_Cell
720575940620230497,central,Kenyon_Cell
720575940603453286,central,ALPN
720575940614791018,central,unknown
720575940620623725,central,Kenyon_Cell
720575940634943344,central,unknown
720575940639661939,central,LHLN
720575940630716286,central,unknown
720575940620459910,central,unknown
720575940630912908,sensory,olfactory
720575940631469964,central,ALPN
720575940614102930,sensory,olfactory
720575940613939090,central,Kenyon_Cell
720575940624654228,central,unknown
720575940611514261,central,unknown
720575940628783003,central,unknown
720575940616101789,central,unknown
720575940619804582,sensory,olfactory
720575940628750248,central,ALPN
720575940627079080,central,Kenyon_Cell
720575940604403628,central,ALPN
720575940635271086,central,unknown
720575940634976174,central,ALPN
720575940612202419,central,unknown
720575940610793395,central,Kenyon_Cell
720575940616363963,sensory,olfactory
720575940639072189,central,unknown
720575940618461121,central,ALPN
720575940607451081,descending,unknown
720575940630912975,central,unknown
720575940641562587,central,LHLN
720575940636942302,sensory,olfactory
720575940624195559,central,Kenyon_Cell
720575940627439592,central,unknown
720575940612169709,central,Kenyon_Cell
720575940622491632,central,ALLN
720575940641464309,central,unknown
720575940651425782,central,unknown
720575940634648568,sensory,olfactory
720575940631011328,central,unknown
720575940619051009,sensory,olfactory
720575940628553731,sensory,olfactory
720575940623867911,central,unknown
720575940624359432,central,unknown
720575940626685962,central,unknown
720575940607221771,sensory,olfactory
720575940635140121,central,unknown
720575940614037533,sensory,olfactory
720575940626653214,central,unknown
720575940646412323,central,LHLN
720575940613218344,central,Kenyon_Cell
720575940616921129,sensory,olfactory
720575940631306284,optic,unknown
720575940645199924,central,ALON
720575940638154805,central,unknown
720575940615512130,central,LHLN
720575940626522184,central,Kenyon_Cell
720575940617904208,descending,unknown
720575940630323303,central,ALLN
720575940631732328,central,Kenyon_Cell
720575940616101994,central,unknown
720575940640415859,central,ALLN
720575940620689524,central,ALLN
720575940629766266,central,unknown
720575940626653309,central,unknown
720575940659323009,central,Kenyon_Cell
720575940626587779,central,LHLN
720575940646609028,central,Kenyon_Cell
720575940627210373,central,Kenyon_Cell
720575940619968647,central,Kenyon_Cell
720575940625014928,central,ALPN
720575940628029592,central,unknown
720575940618657950,central,Kenyon_Cell
720575940614824095,central,Kenyon_Cell
720575940613152938,central,Kenyon_Cell
720575940605780140,central,unknown
720575940632813741,central,Kenyon_Cell
720575940621607093,central,ALLN
720575940623605943,central,ALPN
720575940625342648,sensory,olfactory
720575940626030776,central,ALLN
720575940625309882,central,Kenyon_Cell
720575940606664894,central,unknown
720575940620329152,central,Kenyon_Cell
720575940607484099,central,unknown
720575940630290629,central,Kenyon_Cell
720575940630913221,central,DAN
720575940632617164,central,Kenyon_Cell
720575940624130253,central,unknown
720575940608663765,central,Kenyon_Cell
720575940629373148,sensory,olfactory
720575940615217375,central,unknown
720575940638744804,ascending,AN
720575940619903215,sensory,olfactory
720575940640841973,central,LHLN
720575940639727861,central,Kenyon_Cell
720575940629733626,central,ALPN
720575940630520059,central,unknown
720575940627636476,sensory,olfactory
720575940617511169,sensory,olfactory
720575940628914436,central,ALLN
720575940627603733,central,unknown
720575940626784533,central,unknown
720575940632224031,sensory,olfactory
720575940606337312,central,ALPN
720575940617052450,central,unknown
720575940627046693,central,unknown
720575940622655782,sensory,olfactory
720575940622917927,central,unknown
720575940617969961,sensory,hygrosensory
720575940620624177,central,unknown
720575940614037811,central,Kenyon_Cell
720575940646576436,central,ALLN
720575940646773044,central,Kenyon_Cell
720575940629274935,sensory,olfactory
720575940627243322,central,Kenyon_Cell
720575940630159676,central,unknown
720575940629963068,central,unknown
720575940625310014,central,unknown
720575940617871680,central,Kenyon_Cell
720575940622262593,sensory,olfactory
720575940617118016,central,Kenyon_Cell
720575940619280705,central,ALPN
720575940627931466,central,Kenyon_Cell
720575940625408333,central,unknown
720575940630651223,central,Kenyon_Cell
720575940604961126,central,Kenyon_Cell
720575940633731435,sensory,olfactory
720575940629963116,sensory,olfactory
720575940612006257,central,unknown
720575940649394553,sensory,olfactory
720575940629471610,central,Kenyon_Cell
720575940627079557,central,Kenyon_Cell
720575940620263814,central,ALIN
720575940615152011,central,ALPN
720575940625572240,central,Kenyon_Cell
720575940617380241,central,Kenyon_Cell
720575940624359828,central,unknown
720575940614037910,sensory,olfactory
720575940614529430,central,unknown
720575940618428830,central,ALLN
720575940616331679,central,unknown
720575940619870622,visual_projection,unknown
720575940654932385,central,unknown
720575940618953126,central,unknown
720575940614463911,central,unknown
720575940613743023,central,Kenyon_Cell
720575940612104627,central,Kenyon_Cell
720575940623638967,sensory,olfactory
720575940615578043,descending,unknown
720575940638482877,central,unknown
720575940605551038,central,Kenyon_Cell
720575940630946245,central,unknown
720575940643693000,central,unknown
720575940606009801,central,Kenyon_Cell
720575940625670602,sensory,olfactory
720575940622655949,central,unknown
720575940611285454,central,Kenyon_Cell
720575940614103505,central,unknown
720575940616987097,central,unknown
720575940636975582,sensory,olfactory
720575940615184863,central,unknown
720575940619117039,sensory,olfactory
720575940652114422,central,unknown
720575940635566584,central,LHLN
720575940631077369,sensory,olfactory
720575940630356473,central,unknown
720575940630225403,central,ALLN
720575940618953217,central,unknown
720575940628914692,central,ALLN
720575940628455942,central,unknown
720575940631208466,central,unknown
720575940612661782,central,Kenyon_Cell
720575940626031132,sensory,olfactory
720575940604240416,central,unknown
720575940643398180,central,Kenyon_Cell
720575940624917031,sensory,olfactory
720575940630192682,central,Kenyon_Cell
720575940632388138,central,Kenyon_Cell
720575940628226604,central,Kenyon_Cell
720575940625179184,central,unknown
720575940619608625,central,unknown
720575940647952948,central,unknown
720575940629832252,sensory,olfactory
720575940630716995,sensory,olfactory
720575940631765571,central,unknown
720575940628259407,central,ALPN
720575940632715859,central,unknown
720575940619280981,central,unknown
720575940630618711,central,unknown
720575940635697765,central,unknown
720575940635075179,central,Kenyon_Cell
720575940630094444,central,Kenyon_Cell
720575940621148781,sensory,olfactory
720575940619772525,central,ALPN
720575940621804159,descending,unknown
720575940659323521,central,Kenyon_Cell
720575940608074370,central,unknown
720575940615905931,central,unknown
720575940616462987,central,unknown
720575940614595218,central,MBON
720575940612498073,central,unknown
720575940613022367,central,unknown
720575940623180457,central,unknown
720575940621640363,central,unknown
720575940619903664,sensory,olfactory
720575940620886704,sensory,olfactory
720575940616790713,central,Kenyon_Cell
720575940634354367,central,unknown
720575940642022088,central,Kenyon_Cell
720575940606010057,central,unknown
720575940626457290,sensory,olfactory
720575940625539786,sensory,olfactory
720575940622590669,central,unknown
720575940620624589,central,ALPN
720575940639695568,central,unknown
720575940630258391,central,LHLN
720575940619150040,sensory,olfactory
720575940612137690,central,unknown
720575940641039067,sensory,olfactory
720575940610990821,central,Kenyon_Cell
720575940637434601,central,Kenyon_Cell
720575940624589548,central,Kenyon_Cell
720575940621017840,central,Kenyon_Cell
720575940624425715,central,unknown
720575940629439238,central,unknown
720575940623901447,central,LHLN
720575940626064138,sensory,olfactory
720575940609417995,descending,unknown
720575940624851726,central,Kenyon_Cell
720575940622295832,central,Kenyon_Cell
720575940617839389,central,unknown
720575940626916126,central,Kenyon_Cell
720575940604994336,central,unknown
720575940625998629,central,unknown
720575940622230310,sensory,olfactory
720575940623409959,central,Kenyon_Cell
720575940613481256,sensory,olfactory
720575940621804329,sensory,olfactory
720575940627964715,sensory,olfactory
720575940631307053,central,Kenyon_Cell
720575940631143213,central,unknown
720575940619477809,central,Kenyon_Cell
720575940613776179,central,Kenyon_Cell
720575940638778165,central,ALPN
720575940627342138,central,unknown
720575940610073412,central,unknown
720575940617642832,central,ALPN
720575940618888016,central,unknown
720575940626719570,central,unknown
720575940637696858,central,unknown
720575940622099294,sensory,olfactory
720575940627604327,central,ALLN
720575940615021418,central,unknown
720575940613940074,central,unknown
720575940634616687,central,unknown
720575940638155632,central,unknown
720575940612727665,central,unknown
720575940619936639,central,Kenyon_Cell
720575940638974848,sensory,olfactory
720575940606010242,central,unknown
720575940626031493,central,Kenyon_Cell
720575940626883465,central,unknown
720575940624491402,sensory,olfactory
720575940630258572,central,unknown
720575940627080079,central,ALPN
720575940624294800,central,unknown
720575940614726546,sensory,olfactory
720575940622820243,central,unknown
720575940625834900,central,Kenyon_Cell
720575940633142170,central,Kenyon_Cell
720575940628390811,sensory,olfactory
720575940618953630,central,unknown
720575940618331038,central,unknown
720575940644742048,central,Kenyon_Cell
720575940615283618,central,Kenyon_Cell
720575940612498346,central,unknown
720575940634026925,central,unknown
720575940618855344,central,ALPN
720575940606796722,central,Kenyon_Cell
720575940611089331,central,unknown
720575940623147959,sensory,olfactory
720575940624917432,central,LHLN
720575940623311804,central,unknown
720575940639892413,central,ALLN
720575940604568521,central,ALLN
720575940620952523,central,unknown
720575940610565070,central,unknown
720575940614104017,central,unknown
720575940631143383,central,Kenyon_Cell
720575940612203482,descending,unknown
720575940611351514,central,unknown
720575940622492637,sensory,olfactory
720575940603356128,sensory,olfactory
720575940620067823,central,unknown
720575940615513086,central,ALLN
720575940623901695,central,ALLN
720575940630160384,ascending,AN
720575940617479169,sensory,olfactory
720575940625146882,central,Kenyon_Cell
720575940627833860,central,unknown
720575940629111814,central,ALLN
720575940608336907,central,unknown
720575940624983054,central,unknown
720575940628882450,central,ALPN
720575940621378580,sensory,olfactory
720575940644512791,sensory,olfactory
720575940622656536,central,unknown
720575940615808029,central,ALPN
720575940617479202,central,unknown
720575940626818085,central,unknown
720575940614956072,central,ALLN
720575940627211307,central,Kenyon_Cell
720575940616758322,central,ALLN
720575940614562867,visual_projection,unknown
720575940618888246,central,unknown
720575940631503928,central,LHLN
720575940628685884,central,Kenyon_Cell
720575940613973058,central,unknown
720575940614825026,central,Kenyon_Cell
720575940625376329,central,unknown
720575940639368270,central,unknown
720575940629963855,central,ALPN
720575940631962705,central,unknown
720575940627768409,central,ALLN
720575940639073370,central,unknown
720575940620919905,central,unknown
720575940637664357,central,LHLN
720575940604961894,central,Kenyon_Cell
720575940631798888,central,Kenyon_Cell
720575940629701737,central,unknown
720575940619084909,central,unknown
720575940616463477,central,MBON
720575940635731063,central,LHLN
720575940618626171,central,unknown
720575940621870204,central,unknown
720575940639859840,central,Kenyon_Cell
720575940626949253,central,unknown
720575940619445382,sensory,olfactory
720575940626883721,central,unknown
720575940616561803,central,unknown
720575940627211407,central,unknown
720575940617577617,central,unknown
720575940623377555,central,Kenyon_Cell
720575940633994391,central,unknown
720575940612465817,central,unknown
720575940633175196,sensory,olfactory
720575940617249949,central,ALLN
720575940618691742,central,Kenyon_Cell
720575940613776543,central,Kenyon_Cell
720575940642284704,sensory,olfactory
720575940613579943,central,ALPN
720575940612531370,central,unknown
720575940619674795,sensory,olfactory
720575940603520172,central,Kenyon_Cell
720575940612203699,central,unknown
720575940623344821,central,Kenyon_Cell
720575940624884920,central,Kenyon_Cell
720575940615185595,central,unknown
720575940606108862,sensory,olfactory
720575940635468991,central,unknown
720575940620133568,sensory,olfactory
720575940610499779,central,unknown
720575940630979781,central,unknown
720575940630914245,central,unknown
720575940644316360,sensory,olfactory
720575940626818250,central,unknown
720575940619445451,central,unknown
720575940631930060,sensory,olfactory
720575940620952779,central,unknown
720575940611056846,sensory,olfactory
720575940625343690,central,unknown
720575940619674840,sensory,olfactory
720575940619445464,sensory,olfactory
720575940632356066,sensory,olfactory
720575940630848740,central,Kenyon_Cell
720575940613645541,central,unknown
720575940621935850,central,Kenyon_Cell
720575940612072685,central,Kenyon_Cell
720575940621706480,central,LHLN
720575940624786675,central,unknown
720575940628554999,central,Kenyon_Cell
720575940629275898,sensory,hygrosensory
720575940631700731,central,unknown
720575940627932412,central,Kenyon_Cell
720575940630914304,central,unknown
720575940625671426,sensory,olfactory
720575940628358406,sensory,olfactory
720575940628260106,central,unknown
720575940631274770,central,ALPN
720575940620231956,central,unknown
720575940618036509,central,Kenyon_Cell
720575940627014949,central,ALLN
720575940628981036,sensory,olfactory
720575940639204661,central,LHLN
720575940631012664,sensory,olfactory
720575940630521145,central,Kenyon_Cell
720575940618593600,central,unknown
720575940617577797,sensory,olfactory
720575940617413957,central,unknown
720575940622132553,central,unknown
720575940632651091,central,unknown
720575940639892824,central,LHLN
720575940639728984,central,Kenyon_Cell
720575940621542747,central,ALLN
720575940616955229,central,Kenyon_Cell
720575940604700006,sensory,olfactory
720575940630947176,sensory,olfactory
720575940615021930,central,unknown
720575940614792554,central,LHLN
720575940612105586,sensory,olfactory
720575940612564338,sensory,olfactory
720575940634027383,central,unknown
720575940621673852,visual_projection,unknown
720575940626589053,sensory,olfactory
720575940606698882,sensory,olfactory
720575940625442192,sensory,olfactory
720575940615611793,central,unknown
720575940613809554,central,ALPN
720575940615677330,central,unknown
720575940614890902,central,Kenyon_Cell
720575940634224023,central,unknown
720575940625868184,sensory,hygrosensory
720575940628391323,sensory,olfactory
720575940629144987,central,unknown
720575940644709792,central,unknown
720575940653295009,sensory,olfactory
720575940613449122,central,unknown
720575940632389028,central,unknown
720575940622067113,central,Kenyon_Cell
720575940636878254,sensory,thermosensory
720575940619675056,sensory,olfactory
720575940621051312,central,Kenyon_Cell
720575940620723638,central,unknown
720575940619838912,central,ALPN
720575940619445696,central,unknown
720575940643956168,central,unknown
720575940607878601,central,unknown
720575940625901002,central,Kenyon_Cell
720575940627146186,central,unknown
720575940611352014,central,ALPN
720575940630914511,central,unknown
720575940639139280,central,unknown
720575940630193628,central,Kenyon_Cell
720575940637599204,central,unknown
720575940622624234,sensory,olfactory
720575940620887536,ascending,AN
720575940621739508,central,unknown
720575940652115446,central,unknown
720575940630062587,sensory,olfactory
720575940624328200,central,LHLN
720575940627441169,central,Kenyon_Cell
720575940628358675,central,unknown
720575940622263832,central,Kenyon_Cell
720575940633372185,central,ALLN
720575940618036765,central,Kenyon_Cell
720575940620822049,sensory,olfactory
720575940618757666,central,ALLN
720575940645824035,sensory,olfactory
720575940621280801,central,Kenyon_Cell
720575940625212965,central,unknown
720575940644644387,central,Kenyon_Cell
720575940631930415,sensory,olfactory
720575940625507888,central,Kenyon_Cell
720575940619511345,central,unknown
720575940632913461,sensory,thermosensory
720575940608501316,central,unknown
720575940639368782,central,unknown
720575940628620879,central,unknown
720575940619576912,sensory,olfactory
720575940627048018,sensory,olfactory
720575940638910040,central,unknown
720575940625802841,visual_projection,unknown
720575940638844504,central,ALLN
720575940623050334,central,unknown
720575940634715743,central,ALPN
720575940622722659,central,unknown
720575940631078504,central,unknown
720575940614792810,central,LHLN
720575940635960943,central,unknown
720575940621149812,central,Kenyon_Cell
720575940614661749,central,unknown
720575940614694517,central,unknown
720575940649428601,sensory,olfactory
720575940621674108,sensory,olfactory
720575940660176513,central,unknown
720575940616627851,central,Kenyon_Cell
720575940626851471,sensory,olfactory
720575940611745429,central,unknown
720575940614825622,central,Kenyon_Cell
720575940633798295,central,LHLN
720575940612499097,central,LHLN
720575940617807517,central,Kenyon_Cell
720575940618135198,central,unknown
720575940643497632,central,Kenyon_Cell
720575940655589025,central,unknown
720575940642383520,central,Kenyon_Cell
720575940619937445,central,ALLN
720575940620068518,central,ALPN
720575940620986022,central,unknown
720575940621444777,central,Kenyon_Cell
720575940631275181,central,ALLN
720575940605028017,central,unknown
720575940607059634,sensory,olfactory
720575940605060798,central,Kenyon_Cell
720575940643104456,central,unknown
720575940606731977,central,unknown
720575940612433614,central,ALPN
720575940632094415,central,ALLN
720575940640646864,central,Kenyon_Cell
720575940632815315,ascending,AN
720575940622558941,central,Kenyon_Cell
720575940637009636,central,ALPN
720575940618594022,descending,unknown
720575940623607527,sensory,olfactory
720575940624066279,sensory,olfactory
720575940624951020,sensory,olfactory
720575940622919411,central,unknown
720575940629669623,central,unknown
720575940629735163,central,Kenyon_Cell
720575940629178108,sensory,olfactory
720575940630488827,central,Kenyon_Cell
720575940627343108,central,Kenyon_Cell
720575940627572484,central,unknown
720575940623902471,central,ALPN
720575940623509256,sensory,olfactory
720575940626065162,central,unknown
720575940616824588,central,ALPN
720575940624361230,central,ALLN
720575940619314964,sensory,olfactory
720575940627638037,central,unknown
720575940626949909,central,Kenyon_Cell
720575940612794134,central,unknown
720575940626949918,central,unknown
720575940632192799,sensory,olfactory
720575940645431075,sensory,olfactory
720575940646250275,central,Kenyon_Cell
720575940621870886,central,unknown
720575940630914858,central,ALPN
720575940617381681,central,ALPN
720575940617021234,central,ALLN
720575940626163518,central,LHLN
720575940619675456,central,unknown
720575940614793026,central,Kenyon_Cell
720575940611090244,central,LHCENT
720575940626425682,central,unknown
720575940633831264,central,ALLN
720575940621018977,central,unknown
720575940604274534,central,unknown
720575940619904877,central,unknown
720575940637402995,central,Kenyon_Cell
720575940649133945,central,ALPN
720575940629047162,central,unknown
720575940618561403,central,ALLN
720575940605421442,central,ALPN
720575940622198664,sensory,olfactory
720575940631865228,central,unknown
720575940626982799,central,LHCENT
720575940622526355,sensory,olfactory
720575940626524056,central,unknown
720575940612532121,central,LHLN
720575940621182889,sensory,olfactory
720575940636551086,central,Kenyon_Cell
720575940634781620,sensory,hygrosensory
720575940623476661,sensory,hygrosensory
720575940622428087,central,Kenyon_Cell
720575940625049527,central,unknown
720575940617480121,central,unknown
720575940627244986,central,ALPN
720575940623771580,sensory,olfactory
720575940633569215,central,Kenyon_Cell
720575940605290441,central,Kenyon_Cell
720575940625672138,central,LHLN
720575940631930828,central,ALPN
720575940611286990,central,Kenyon_Cell
720575940639434704,sensory,olfactory
720575940614137809,central,unknown
720575940640745424,central,unknown
720575940631406547,central,Kenyon_Cell
720575940639172560,central,Kenyon_Cell
720575940622165974,central,unknown
720575940630292439,central,unknown
720575940620625880,descending,unknown
720575940613253091,central,LHLN
720575940639172585,visual_centrifugal,unknown
720575940620101614,sensory,olfactory
720575940621019120,sensory,olfactory
720575940629669879,central,Kenyon_Cell
720575940628817914,central,Kenyon_Cell
720575940620920831,central,ALPN
720575940628621316,sensory,olfactory
720575940620429317,central,Kenyon_Cell
720575940627572742,central,Kenyon_Cell
720575940622428167,central,unknown
720575940623902727,central,unknown
720575940628326417,central,ALLN
720575940626917393,central,ALPN
720575940627343377,central,Kenyon_Cell
720575940620199962,central,ALPN
720575940632193055,sensory,olfactory
720575940644448292,central,Kenyon_Cell
720575940624853031,central,unknown
720575940628588587,central,unknown
720575940625541168,central,Kenyon_Cell
720575940616398898,sensory,olfactory
720575940613613619,central,ALPN
720575940632389688,sensory,olfactory
720575940631603256,central,unknown
720575940636256319,central,unknown
720575940620822593,central,Kenyon_Cell
720575940615448642,central,unknown
720575940619937872,central,unknown
720575940631406673,sensory,olfactory
720575940631603281,central,ALLN
720575940631275601,central,unknown
720575940634617952,descending,unknown
720575940610762850,central,LHLN
720575940616169578,central,ALLN
720575940620363885,central,Kenyon_Cell
720575940635175023,central,unknown
720575940621346932,central,unknown
720575940634028151,central,unknown
720575940621871228,central,unknown
720575940621052031,central,unknown
720575940640123008,central,LHLN
720575940618627207,central,Kenyon_Cell
720575940636256398,sensory,olfactory
720575940637632654,central,ALPN
720575940613875858,sensory,olfactory
720575940622657684,central,unknown
720575940612499609,central,LHLN
720575940616857757,sensory,olfactory
720575940618659998,central,Kenyon_Cell
720575940610926762,sensory,olfactory
720575940620232875,central,unknown
720575940612204723,sensory,olfactory
720575940623280311,central,ALLN
720575940624689336,sensory,olfactory
720575940605520062,central,unknown
720575940623739076,central,ALPN
720575940618660043,central,ALPN
720575940609845454,sensory,olfactory
720575940608633045,central,Kenyon_Cell
720575940630292695,central,unknown
720575940614727903,central,ALPN
720575940632652002,central,unknown
720575940629899511,central,Kenyon_Cell
720575940629342458,central,Kenyon_Cell
720575940629244154,central,unknown
720575940622493949,central,unknown
720575940614105342,sensory,olfactory
720575940625606916,central,LHLN
720575940625148174,sensory,hygrosensory
720575940627605779,central,ALLN
720575940624853276,sensory,olfactory
720575940613941533,sensory,hygrosensory
720575940644153636,central,Kenyon_Cell
720575940621904166,sensory,olfactory
720575940624001321,central,ALPN
720575940623116585,central,Kenyon_Cell
720575940632652077,central,Kenyon_Cell
720575940631275821,central,Kenyon_Cell
720575940631931183,sensory,olfactory
720575940631767353,central,Kenyon_Cell
720575940618299712,central,Kenyon_Cell
720575940620036417,sensory,olfactory
720575940621019457,central,Kenyon_Cell
720575940629244227,central,unknown
720575940617873728,central,Kenyon_Cell
720575940622625097,sensory,hygrosensory
720575940632160593,central,LHLN
720575940615809366,sensory,olfactory
720575940628392279,central,unknown
720575940637665626,central,unknown
720575940617087325,sensory,olfactory
720575940603455846,central,ALPN
720575940631898472,central,unknown
720575940631538028,central,ALON
720575940635961711,central,unknown
720575940615711093,sensory,olfactory
720575940614662517,central,unknown
720575940649691513,central,Kenyon_Cell
720575940621871484,central,Kenyon_Cell
720575940625508733,central,Kenyon_Cell
720575940606929282,central,unknown
720575940622920074,central,ALLN
720575940632193420,central,unknown
720575940625508752,central,unknown
720575940612991381,central,ALLN
720575940628687259,central,Kenyon_Cell
720575940614236575,sensory,olfactory
720575940640844195,central,unknown
720575940632357284,central,Kenyon_Cell
720575940635404724,central,unknown
720575940623870389,sensory,olfactory
720575940624296376,central,Kenyon_Cell
720575940624918972,central,unknown
720575940633668031,sensory,olfactory
720575940629539269,sensory,olfactory
720575940629244359,central,unknown
720575940621740493,sensory,olfactory
720575940630063575,central,unknown
720575940633635298,central,unknown
720575940614367715,central,unknown
720575940631964130,central,LHLN
720575940616858086,sensory,olfactory
720575940639140329,central,unknown
720575940627737073,sensory,olfactory
720575940610861554,central,unknown
720575940627802618,central,Kenyon_Cell
720575940627114492,central,ALPN
720575940622625279,central,ALLN
720575940627311108,sensory,olfactory
720575940622494215,sensory,olfactory
720575940614203916,central,Kenyon_Cell
720575940631243279,central,unknown
720575940626688529,sensory,olfactory
720575940627245585,central,ALPN
720575940626524691,central,Kenyon_Cell
720575940620134932,sensory,olfactory
720575940628130325,central,unknown
720575940644907543,central,LHLN
720575940644940311,central,unknown
720575940617972253,central,Kenyon_Cell
720575940624951847,central,unknown
720575940639173173,central,unknown
720575940630063671,central,Kenyon_Cell
720575940630424121,sensory,olfactory
720575940626164286,central,unknown
720575940638288447,central,ALPN
720575940619676224,central,DAN
720575940608928324,sensory,olfactory
720575940637469254,central,ALPN
720575940630620747,central,Kenyon_Cell
720575940620233307,central,ALPN
720575940620462686,central,unknown
720575940624853600,sensory,olfactory
720575940610108002,sensory,olfactory
720575940644743790,central,ALLN
720575940634847863,central,unknown
720575940649429625,sensory,olfactory
720575940620495484,central,Kenyon_Cell
720575940639468160,ascending,AN
720575940622920328,central,Kenyon_Cell
720575940623084170,central,unknown
720575940631997068,sensory,olfactory
720575940641237645,central,unknown
720575940642253453,central,unknown
720575940630620812,central,Kenyon_Cell
720575940623379091,central,Kenyon_Cell
720575940626492059,central,LHLN
720575940617939613,central,unknown
720575940614728351,sensory,olfactory
720575940642810528,central,unknown
720575940637469347,central,unknown
720575940630915748,sensory,olfactory
720575940619807397,central,ALPN
720575940627704488,central,unknown
720575940605029036,central,unknown
720575940632816301,central,LHLN
720575940631046829,central,unknown
720575940632849069,central,Kenyon_Cell
720575940610206387,central,Kenyon_Cell
720575940623542972,central,Kenyon_Cell
720575940622363332,sensory,olfactory
720575940630719173,central,unknown
720575940623444676,central,LHLN
720575940625902282,central,Kenyon_Cell
720575940611451598,central,unknown
720575940640451280,central,Kenyon_Cell
720575940611648209,central,unknown
720575940631964371,sensory,olfactory
720575940630260439,central,unknown
720575940630358748,central,LHCENT
720575940612598499,central,ALPN
720575940612434661,central,unknown
720575940617874150,sensory,olfactory
720575940617480934,central,Kenyon_Cell
720575940623444715,central,ALPN
720575940624100075,central,unknown
720575940623706867,sensory,olfactory
720575940640942837,central,LHCENT
720575940616923905,sensory,olfactory
720575940627081994,central,Kenyon_Cell
720575940608273163,sensory,olfactory
720575940622658317,central,unknown
720575940627737365,central,ALLN
720575940611844886,sensory,olfactory
720575940621183768,central,Kenyon_Cell
720575940617841437,central,unknown
720575940613942045,sensory,hygrosensory
720575940616039197,sensory,thermosensory
720575940604865312,ascending,AN
720575940620659489,central,Kenyon_Cell
720575940621740833,central,unknown
720575940621413158,central,Kenyon_Cell
720575940616923945,sensory,olfactory
720575940629539628,central,unknown
720575940631571247,central,Kenyon_Cell
720575940615252786,central,Kenyon_Cell
720575940627147578,central,Kenyon_Cell
720575940616203067,sensory,olfactory
720575940631407427,central,unknown
720575940610698052,central,unknown
720575940617022277,sensory,olfactory
720575940633340753,central,Kenyon_Cell
720575940631898961,central,unknown
720575940631964503,central,unknown
720575940620528475,central,unknown
720575940607814492,central,LHLN
720575940635011935,sensory,olfactory
720575940633471839,sensory,olfactory
720575940604963686,central,Kenyon_Cell
720575940627606375,sensory,olfactory
720575940613974890,sensory,olfactory
720575940645038958,central,unknown
720575940649134969,sensory,olfactory
720575940605029250,central,Kenyon_Cell
720575940646120324,sensory,olfactory
720575940622232458,central,Kenyon_Cell
720575940635110286,central,Kenyon_Cell
720575940615711638,visual_projection,unknown
720575940618955678,central,LHLN
720575940652837793,central,Kenyon_Cell
720575940653460385,central,Kenyon_Cell
720575940654607265,central,unknown
720575940620266406,central,ALPN
720575940611845034,sensory,olfactory
720575940617120697,central,unknown
720575940617317305,central,Kenyon_Cell
720575940621577152,central,Kenyon_Cell
720575940619742144,central,Kenyon_Cell
720575940622363588,central,unknown
720575940615941062,central,unknown
720575940631964620,central,Kenyon_Cell
720575940612664273,central,unknown
720575940615613396,central,unknown
720575940607749077,central,unknown
720575940618759128,sensory,olfactory
720575940629965788,sensory,olfactory
720575940604341216,central,unknown
720575940622822378,central,Kenyon_Cell
720575940622789611,central,unknown
720575940624428019,central,Kenyon_Cell
720575940639337461,central,ALPN
720575940629539834,central,unknown
720575940614204414,central,unknown
720575940628917251,central,unknown
720575940627573766,central,Kenyon_Cell
720575940623543303,central,Kenyon_Cell
720575940622134285,sensory,olfactory
720575940611124246,central,unknown
720575940626197532,sensory,olfactory
720575940613942301,sensory,hygrosensory
720575940624886812,central,unknown
720575940644940835,central,Kenyon_Cell
720575940625345584,descending,unknown
720575940613909555,central,Kenyon_Cell
720575940627082298,central,Kenyon_Cell
720575940638583869,central,ALPN
720575940626132030,central,unknown
720575940620889153,central,Kenyon_Cell
720575940632390731,central,unknown
720575940623576141,central,ALPN
720575940617940048,central,Kenyon_Cell
720575940631899223,central,ALLN
720575940638026842,sensory,olfactory
720575940634455136,central,unknown
720575940634127456,central,ALLN
720575940636093541,sensory,olfactory
720575940645334126,central,Kenyon_Cell
720575940612009074,central,Kenyon_Cell
720575940610403448,central,unknown
720575940618464379,central,Kenyon_Cell
720575940606045314,central,ALLN
720575940623117448,central,LHLN
720575940616760459,central,LHLN
720575940637666446,central,ALLN
720575940637633678,central,unknown
720575940635012238,central,Kenyon_Cell
720575940616826001,central,Kenyon_Cell
720575940624264340,sensory,olfactory
720575940626689176,central,Kenyon_Cell
720575940633996444,central,unknown
720575940619119782,central,Kenyon_Cell
720575940626033838,central,Kenyon_Cell
720575940613156015,sensory,olfactory
720575940636716206,central,unknown
720575940604931249,sensory,hygrosensory
720575940636519598,central,Kenyon_Cell
720575940619873472,sensory,olfactory
720575940608535747,central,Kenyon_Cell
720575940625050826,sensory,olfactory
720575940632030412,central,Kenyon_Cell
720575940630097103,central,ALPN
720575940630621391,central,unknown
720575940608765141,central,unknown
720575940611419354,central,unknown
720575940621315293,sensory,olfactory
720575940622462173,central,CX
720575940615253215,central,unknown
720575940603882720,central,Kenyon_Cell
720575940617612518,central,unknown
720575940623510762,central,Kenyon_Cell
720575940620594415,central,Kenyon_Cell
720575940611615986,central,Kenyon_Cell
720575940650740982,central,Kenyon_Cell
720575940629048567,central,unknown
720575940635307256,central,unknown
720575940634684664,central,unknown
720575940630359290,central,unknown
720575940624166141,central,LHLN
720575940614434046,central,unknown
720575940628524292,central,ALPN
720575940628425990,central,unknown
720575940626951434,central,unknown
720575940608535819,central,Kenyon_Cell
720575940624264462,central,Kenyon_Cell
720575940630523151,central,unknown
720575940633799961,central,Kenyon_Cell
720575940613942557,sensory,hygrosensory
720575940617973021,central,Kenyon_Cell
720575940623150369,central,unknown
720575940621413670,central,Kenyon_Cell
720575940622888231,central,unknown
720575940626820395,central,Kenyon_Cell
720575940631014703,sensory,olfactory
720575940619545905,central,LHLN
720575940624100681,central,unknown
720575940628983119,central,unknown
720575940626984274,sensory,olfactory
720575940616105302,central,Kenyon_Cell
720575940629900631,central,unknown
720575940624592217,central,unknown
720575940620561761,central,LHLN
720575940625476964,central,Kenyon_Cell
720575940645236078,central,Kenyon_Cell
720575940639534451,central,Kenyon_Cell
720575940616203637,central,unknown
720575940649430393,sensory,olfactory
720575940629507450,central,Kenyon_Cell
720575940626853245,central,unknown
720575940621479295,sensory,olfactory
720575940658539905,sensory,olfactory
720575940618562950,central,unknown
720575940626886025,central,unknown
720575940622495114,sensory,olfactory
720575940631342476,central,Kenyon_Cell
720575940640877965,central,Kenyon_Cell
720575940632128908,central,ALPN
720575940623969684,central,Kenyon_Cell
720575940613975455,central,Kenyon_Cell
720575940632063396,sensory,olfactory
720575940613746087,central,unknown
720575940610862506,central,Kenyon_Cell
720575940612599215,ascending,AN
720575940619644336,ascending,AN
720575940603751857,central,unknown
720575940620463536,central,Kenyon_Cell
720575940620561840,descending,unknown
720575940623969717,central,LHLN
720575940623904181,central,Kenyon_Cell
720575940623707575,central,ALPN
720575940620234177,central,ALLN
720575940630818242,central,unknown
720575940609027523,central,unknown
720575940615581126,central,unknown
720575940619709899,central,unknown
720575940608044501,sensory,olfactory
720575940621282774,sensory,olfactory
720575940620725720,central,ALPN
720575940611157466,sensory,olfactory
720575940612992479,central,ALPN
720575940633538018,central,unknown
720575940611812835,central,Kenyon_Cell
720575940613254627,central,unknown
720575940610403813,central,unknown
720575940633177570,central,unknown
720575940620660207,central,unknown
720575940623248883,central,ALLN
720575940652477942,central,unknown
720575940626394626,central,unknown
720575940621872645,central,Kenyon_Cell
720575940624330248,central,unknown
720575940623707656,central,Kenyon_Cell
720575940608437769,central,Kenyon_Cell
720575940622364184,central,ALPN
720575940616924701,sensory,olfactory
720575940625477150,central,Kenyon_Cell
720575940618038813,central,LHLN
720575940605619744,central,Kenyon_Cell
720575940604997152,central,Kenyon_Cell
720575940618464802,central,unknown
720575940646415907,central,unknown
720575940621413926,central,Kenyon_Cell
720575940624330281,central,ALLN
720575940630916650,central,ALLN
720575940627017259,central,unknown
720575940629999148,central,unknown
720575940613418547,central,unknown
720575940614041139,central,unknown
720575940645858868,sensory,olfactory
720575940618595894,central,unknown
720575940629343799,sensory,olfactory
720575940616891958,central,unknown
720575940631801401,central,Kenyon_Cell
720575940617186875,central,unknown
720575940611092036,central,unknown
720575940616793669,sensory,olfactory
720575940609060420,central,unknown
720575940631866951,central,unknown
720575940623543881,central,ALPN
720575940637404750,central,Kenyon_Cell
720575940628753999,central,unknown
720575940617645652,sensory,olfactory
720575940628393559,central,unknown
720575940610960994,central,Kenyon_Cell
720575940633439851,central,unknown
720575940633210475,central,Kenyon_Cell
720575940628164222,central,ALPN
720575940622790271,central,unknown
720575940646088324,sensory,olfactory
720575940624789125,central,ALPN
720575940625182341,descending,unknown
720575940645858948,central,Kenyon_Cell
720575940625608329,central,Kenyon_Cell
720575940626394767,central,unknown
720575940623249043,central,unknown
720575940616892061,central,ALLN
720575940644744864,central,ALPN
720575940643794592,central,unknown
720575940622495401,central,unknown
720575940604407468,central,ALPN
720575940613877423,central,unknown
720575940605947569,central,LHLN
720575940623707831,central,LHLN
720575940621807300,central,Kenyon_Cell
720575940630949573,central,unknown
720575940615876294,central,Kenyon_Cell
720575940641369808,central,ALPN
720575940608241365,central,ALLN
720575940622167766,central,LHLN
720575940616924902,central,Kenyon_Cell
720575940623871723,central,LHLN
720575940612140781,sensory,olfactory
720575940624527091,central,Kenyon_Cell
720575940622987007,sensory,olfactory
720575940608601865,central,unknown
720575940628360970,central,unknown
720575940626624275,central,ALLN
720575940624166680,central,unknown
720575940625805084,central,ALPN
720575940619087645,central,unknown
720575940624133925,central,unknown
720575940613713704,central,Kenyon_Cell
720575940630982442,central,unknown
720575940629409580,central,ALLN
720575940625870640,descending,unknown
720575940615089970,sensory,olfactory
720575940615155507,central,unknown
720575940647956276,central,unknown
720575940617056064,sensory,olfactory
720575940608667460,sensory,olfactory
720575940631801671,central,ALPN
720575940621709132,central,Kenyon_Cell
720575940623576909,central,Kenyon_Cell
720575940630392684,central,Kenyon_Cell
720575940620595053,central,ALPN
720575940612468594,central,ALPN
720575940635537271,central,Kenyon_Cell
720575940629671802,central,unknown
720575940617187195,central,unknown
720575940659392385,central,Kenyon_Cell
720575940606963586,central,Kenyon_Cell
720575940645728132,sensory,olfactory
720575940627771279,descending,unknown
720575940617351057,central,Kenyon_Cell
720575940623183763,central,ALLN
720575940633735063,central,unknown
720575940611059609,central,Kenyon_Cell
720575940627214235,central,ALLN
720575940614238114,central,ALPN
720575940620103590,central,ALPN
720575940604276652,ascending,AN
720575940606865330,central,unknown
720575940606603186,ascending,AN
720575940623085495,sensory,olfactory
720575940625215416,sensory,olfactory
720575940617482169,central,unknown
720575940623871928,central,unknown
720575940624953276,central,unknown
720575940621316033,central,ALPN
720575940627148746,central,unknown
720575940614008785,central,Kenyon_Cell
720575940610895826,central,unknown
720575940613353425,central,unknown
720575940615385055,central,unknown
720575940605882336,central,LHLN
720575940632915937,central,Kenyon_Cell
720575940623708135,sensory,olfactory
720575940627902440,central,Kenyon_Cell
720575940622331882,central,ALPN
720575940624527340,central,Kenyon_Cell
720575940626919409,central,Kenyon_Cell
720575940629049335,sensory,olfactory
720575940623282175,central,LHLN
720575940628590595,central,Kenyon_Cell
720575940631638034,sensory,olfactory
720575940612042774,central,unknown
720575940635111449,central,unknown
720575940621185050,central,ALPN
720575940622102554,central,unknown
720575940646416419,central,ALPN
720575940630622250,central,unknown
720575940632817709,central,unknown
720575940631998511,sensory,olfactory
720575940646514740,sensory,olfactory
720575940639043637,central,Kenyon_Cell
720575940644974644,central,Kenyon_Cell
720575940631769145,central,Kenyon_Cell
720575940616138811,sensory,olfactory
720575940620759105,central,Kenyon_Cell
720575940631048267,central,Kenyon_Cell
720575940623380556,central,unknown
720575940628983887,central,unknown
720575940636684378,central,unknown
720575940616564829,central,unknown
720575940634325087,central,ALPN
720575940610469986,central,unknown
720575940614533226,central,Kenyon_Cell
720575940629377132,central,unknown
720575940644221038,sensory,olfactory
720575940616368245,central,Kenyon_Cell
720575940616564853,central,unknown
720575940620202111,sensory,olfactory
720575940608176258,central,unknown
720575940626034819,central,ALPN
720575940621545606,central,unknown
720575940623413384,sensory,olfactory
720575940626854025,central,unknown
720575940631474316,sensory,olfactory
720575940641403021,sensory,olfactory
720575940637208718,central,ALPN
720575940625772688,central,LHLN
720575940625576080,central,Kenyon_Cell
720575940633211031,sensory,olfactory
720575940613583001,central,MBIN
720575940628983963,central,Kenyon_Cell
720575940653723809,central,unknown
720575940614467751,central,unknown
720575940634849460,central,Kenyon_Cell
720575940623118519,central,ALLN
720575940605423806,central,unknown
720575940615155910,central,unknown
720575940622135501,central,Kenyon_Cell
720575940622201046,central,unknown
720575940618727640,central,unknown
720575940637143262,central,Kenyon_Cell
720575940633080033,sensory,olfactory
720575940636356836,central,Kenyon_Cell
720575940611682533,central,unknown
720575940612042981,central,ALLN
720575940623151339,sensory,olfactory
720575940613058802,central,ALPN
720575940622070004,sensory,olfactory
720575940630720763,central,unknown
720575940624167165,central,unknown
720575940630950144,central,unknown
720575940629508358,central,unknown
720575940623872263,central,ALPN
720575940622659847,central,unknown
720575940614304012,central,Kenyon_Cell
720575940615090444,central,Kenyon_Cell
720575940621086996,central,ALLN
720575940626886933,sensory,olfactory
720575940621414676,central,ALPN
720575940623085850,central,unknown
720575940625772828,central,ALLN
720575940626690334,central,unknown
720575940605391136,central,unknown
720575940624986407,central,unknown
720575940615778610,central,unknown
720575940630360377,central,Kenyon_Cell
720575940638683453,sensory,olfactory
720575940639076669,sensory,olfactory
720575940629541187,central,Kenyon_Cell
720575940608176452,central,unknown
720575940628787528,central,LHLN
720575940640420174,central,unknown
720575940619153749,central,Kenyon_Cell
720575940616532310,sensory,olfactory
720575940626952537,central,unknown
720575940636520805,central,LHLN
720575940636291429,central,Kenyon_Cell
720575940603556198,central,unknown
720575940634259819,central,unknown
720575940630196588,sensory,olfactory
720575940630098284,central,unknown
720575940643041646,central,unknown
720575940611092849,central,unknown
720575940616565109,central,LHLN
720575940611846520,central,unknown
720575940618236283,sensory,olfactory
720575940630753662,central,unknown
720575940621939071,central,ALIN
720575940640125312,central,unknown
720575940620497286,central,unknown
720575940626821513,central,unknown
720575940625740169,central,Kenyon_Cell
720575940623479178,central,unknown
720575940641632653,central,mAL
720575940623315347,central,Kenyon_Cell
720575940624069012,central,ALLN
720575940624462228,central,Kenyon_Cell
720575940612534681,central,unknown
720575940616925597,central,unknown
720575940618989982,central,LHLN
720575940637864355,central,ALPN
720575940614468007,central,unknown
720575940636488110,central,unknown
720575940620661168,central,LHCENT
720575940613222835,central,ALLN
720575940622528951,central,Kenyon_Cell
720575940605620670,central,Kenyon_Cell
720575940619743680,central,Kenyon_Cell
720575940608537027,central,Kenyon_Cell
720575940630917573,central,Kenyon_Cell
720575940614926790,sensory,olfactory
720575940643008968,central,unknown
720575940625543626,central,unknown
720575940630950351,central,unknown
720575940611944914,central,ALLN
720575940610896338,central,unknown
720575940616597977,central,unknown
720575940637372894,central,Kenyon_Cell
720575940612829663,central,ALPN
720575940612403685,central,unknown
720575940624789991,central,unknown
720575940620628463,central,unknown
720575940620956144,central,ALPN
720575940621545968,central,Kenyon_Cell
720575940609978866,central,unknown
720575940624036339,central,Kenyon_Cell
720575940621414900,central,unknown
720575940630917623,central,unknown
720575940629901819,central,unknown
720575940628034044,central,unknown
720575940616303105,central,unknown
720575940624331272,central,unknown
720575940626657802,central,ALPN
720575940609454603,central,ALPN
720575940615320076,central,Kenyon_Cell
720575940621873677,sensory,olfactory
720575940608471563,central,Kenyon_Cell
720575940615713292,central,Kenyon_Cell
720575940626199059,sensory,olfactory
720575940626756117,sensory,olfactory
720575940631900697,central,unknown
720575940626133532,central,unknown
720575940622594601,central,Kenyon_Cell
720575940630852138,sensory,olfactory
720575940627214891,sensory,olfactory
720575940629508652,central,ALLN
720575940632818221,central,unknown
720575940625871408,central,unknown
720575940615975474,central,unknown
720575940629836343,central,unknown
720575940618203707,descending,unknown
720575940630164028,central,LHLN
720575940626002494,central,Kenyon_Cell
720575940636848710,central,Kenyon_Cell
720575940625183309,central,Kenyon_Cell
720575940628755023,central,Kenyon_Cell
720575940617876048,central,Kenyon_Cell
720575940617908820,central,Kenyon_Cell
720575940627739225,central,unknown
720575940639076954,central,unknown
720575940619973211,sensory,olfactory
720575940625019481,central,Kenyon_Cell
720575940621611614,sensory,olfactory
720575940621808227,sensory,olfactory
720575940627772009,central,ALPN
720575940613943914,central,ALPN
720575940616008309,central,Kenyon_Cell
720575940616467061,central,unknown
720575940616565365,central,unknown
720575940629508726,central,unknown
720575940640125568,central,unknown
720575940622168712,central,unknown
720575940622627466,central,unknown
720575940642288269,central,LHLN
720575940626002575,central,unknown
720575940613911186,sensory,olfactory
720575940610142869,central,Kenyon_Cell
720575940633146007,central,Kenyon_Cell
720575940632720026,central,ALPN
720575940634194588,central,unknown
720575940619219627,sensory,olfactory
720575940619940523,central,unknown
720575940631737005,sensory,olfactory
720575940606046892,central,unknown
720575940613419695,central,ALPN
720575940606767806,central,ALPN
720575940621021892,central,ALPN
720575940615713478,central,unknown
720575940621349590,sensory,olfactory
720575940618531544,sensory,hygrosensory
720575940640551643,central,unknown
720575940628394716,central,Kenyon_Cell
720575940605915872,sensory,olfactory
720575940635767524,sensory,hygrosensory
720575940637274852,central,unknown
720575940613452525,central,Kenyon_Cell
720575940619875060,central,unknown
720575940650480374,central,unknown
720575940627935996,central,Kenyon_Cell
720575940626985738,sensory,olfactory
720575940615746316,central,unknown
720575940624265998,central,Kenyon_Cell
720575940630819599,central,CX
720575940628787984,central,unknown
720575940627575569,central,ALPN
720575940633932569,central,LHLN
720575940622070554,central,ALPN
720575940626199324,central,Kenyon_Cell
720575940605621024,central,Kenyon_Cell
720575940629312300,descending,unknown
720575940632195887,central,Kenyon_Cell
720575940632261423,central,unknown
720575940617351990,sensory,olfactory
720575940617712438,sensory,olfactory
720575940629279544,central,ALPN
720575940609880900,central,unknown
720575940637569870,central,unknown
720575940631966545,central,unknown
720575940619940693,central,unknown
720575940616139606,central,Kenyon_Cell
720575940630066007,central,ALPN
720575940638487384,sensory,olfactory
720575940630852439,central,unknown
720575940637602650,central,ALLN
720575940628820823,central,unknown
720575940607128412,central,unknown
720575940634194783,central,unknown
720575940609651554,central,Kenyon_Cell
720575940622332771,sensory,olfactory
720575940636291941,central,Kenyon_Cell
720575940634915691,descending,unknown
720575940635964271,central,unknown
720575940610012024,central,Kenyon_Cell
720575940629050234,central,unknown
720575940621742972,central,unknown
720575940625871741,central,Kenyon_Cell
720575940640093056,central,unknown
720575940610700181,sensory,olfactory
720575940612633494,sensory,olfactory
720575940610601881,central,unknown
720575940618924965,central,Kenyon_Cell
720575940618990507,central,unknown
720575940631737261,sensory,olfactory
720575940634751918,central,unknown
720575940630754221,central,unknown
720575940633277364,central,ALLN
720575940624528314,central,Kenyon_Cell
720575940620071872,sensory,olfactory
720575940630688709,sensory,olfactory
720575940618728395,sensory,olfactory
720575940630754252,central,Kenyon_Cell
720575940630131663,central,ALPN
720575940632458195,sensory,olfactory
720575940608898005,central,ALPN
720575940615189465,central,ALPN
720575940640945115,central,unknown
720575940636193758,sensory,olfactory
720575940615255007,central,unknown
720575940632916961,central,unknown
720575940614009827,central,ALPN
720575940627444721,central,unknown
720575940640027637,sensory,olfactory
720575940626265084,central,Kenyon_Cell
720575940624462850,central,unknown
720575940608635913,central,unknown
720575940609553419,central,ALPN
720575940622889997,central,Kenyon_Cell
720575940631639058,sensory,olfactory
720575940620235796,central,unknown
720575940625642517,central,ALLN
720575940619842580,central,Kenyon_Cell
720575940618761250,central,unknown
720575940625773605,central,Kenyon_Cell
720575940623610919,sensory,olfactory
720575940623938599,central,unknown
720575940628231211,central,LHLN
720575940629443628,sensory,olfactory
720575940610536494,central,unknown
720575940618630193,central,Kenyon_Cell
720575940617483318,sensory,olfactory
720575940607685700,central,ALLN
720575940631934023,sensory,olfactory
720575940620923980,central,Kenyon_Cell
720575940628132943,sensory,olfactory
720575940616205405,sensory,olfactory
720575940623119454,central,unknown
720575940634948703,central,Kenyon_Cell
720575940636521573,central,unknown
720575940605686886,sensory,olfactory
720575940622726271,central,ALPN
720575940621612159,central,Kenyon_Cell
720575940606833794,central,unknown
720575940623119496,central,unknown
720575940627510409,sensory,olfactory
720575940631704716,central,ALLN
720575940632065164,central,unknown
720575940623447188,sensory,olfactory
720575940633932951,central,Kenyon_Cell
720575940618499238,central,ALPN
720575940622038182,central,ALLN
720575940605883569,central,ALLN
720575940611519667,central,unknown
720575940626003130,central,LHCENT
720575940624037052,sensory,olfactory
720575940638389437,sensory,thermosensory
720575940639175869,central,unknown
720575940626494663,central,Kenyon_Cell
720575940610864338,central,unknown
720575940615386324,central,Kenyon_Cell
720575940616762585,central,unknown
720575940612306138,sensory,olfactory
720575940641174747,sensory,olfactory
720575940609979610,central,unknown
720575940637209822,central,unknown
720575940627870952,sensory,olfactory
720575940621251818,central,ALLN
720575940639110389,central,unknown
720575940651758838,central,ALLN
720575940633670904,sensory,hygrosensory
720575940634916088,central,Kenyon_Cell
720575940626855171,central,Kenyon_Cell
720575940627150090,central,Kenyon_Cell
720575940626658570,central,unknown
720575940624200974,central,ALPN
720575940630557967,central,unknown
720575940628788496,central,Kenyon_Cell
720575940630983954,central,ALPN
720575940625413395,central,ALPN
720575940620236052,central,LHLN
720575940644156695,central,Kenyon_Cell
720575940621776161,central,ALPN
720575940625446181,central,Kenyon_Cell
720575940610307374,central,Kenyon_Cell
720575940619547953,central,unknown
720575940646221108,sensory,olfactory
720575940637472053,sensory,olfactory
720575940646122804,central,ALPN
720575940617942326,central,Kenyon_Cell
720575940633802045,sensory,olfactory
720575940624201033,central,ALIN
720575940627969359,central,unknown
720575940625249618,central,ALPN
720575940615681366,sensory,olfactory
720575940626527577,central,unknown
720575940619318619,sensory,olfactory
720575940610798946,central,unknown
720575940635211115,central,unknown
720575940620301677,central,unknown
720575940612732273,central,ALLN
720575940638422387,sensory,olfactory
720575940616566133,central,ALPN
720575940635538807,central,Kenyon_Cell
720575940622169471,central,Kenyon_Cell
720575940659164545,sensory,olfactory
720575940625937797,central,Kenyon_Cell
720575940616140171,sensory,olfactory
720575940632032652,central,ALPN
720575940631934348,central,Kenyon_Cell
720575940626363791,central,Kenyon_Cell
720575940624889232,central,unknown
720575940610864533,sensory,olfactory
720575940612961686,central,Kenyon_Cell
720575940614862230,central,Kenyon_Cell
720575940612634009,sensory,olfactory
720575940617745821,central,unknown
720575940643501472,central,Kenyon_Cell
720575940621383077,central,unknown
720575940605162924,descending,unknown
720575940636489140,central,LHCENT
720575940615615929,central,unknown
720575940623119812,central,unknown
720575940619154891,central,Kenyon_Cell
720575940638422480,central,ALLN
720575940632753619,central,unknown
720575940609586645,sensory,olfactory
720575940632950241,central,Kenyon_Cell
720575940623971819,central,Kenyon_Cell
720575940620269039,sensory,olfactory
720575940619777520,central,Kenyon_Cell
720575940620400116,central,ALLN
720575940628690423,sensory,olfactory
720575940623119871,central,Kenyon_Cell
720575940629804544,central,Kenyon_Cell
720575940628952579,central,unknown
720575940622726663,central,ALLN
720575940623971848,sensory,olfactory
720575940608407049,central,Kenyon_Cell
720575940625708554,sensory,olfactory
720575940608603657,central,unknown
720575940622890509,central,Kenyon_Cell
720575940631639570,sensory,olfactory
720575940612240918,central,Kenyon_Cell
720575940633212441,central,ALLN
720575940621973018,central,Kenyon_Cell
720575940616599069,sensory,olfactory
720575940622104097,central,unknown
720575940619974193,sensory,olfactory
720575940619548209,central,unknown
720575940639209013,central,unknown
720575940617713206,central,Kenyon_Cell
720575940628624956,sensory,olfactory
720575940636685894,central,Kenyon_Cell
720575940632098375,central,Kenyon_Cell
720575940627543624,central,Kenyon_Cell
720575940631868999,central,Kenyon_Cell
720575940639274574,central,Kenyon_Cell
720575940633146961,central,unknown
720575940610471522,central,unknown
720575940610209378,central,unknown
720575940635604581,central,ALPN
720575940630558316,central,LHLN
720575940630689388,ascending,AN
720575940645303918,central,Kenyon_Cell
720575940635670128,central,Kenyon_Cell
720575940612699761,central,ALPN
720575940631508598,descending,unknown
720575940610668152,central,unknown
720575940610766456,central,unknown
720575940629706362,central,unknown
720575940621809276,central,unknown
720575940633212556,central,unknown
720575940624922256,central,Kenyon_Cell
720575940626888336,central,unknown
720575940609881749,central,ALLN
720575940633671319,sensory,olfactory
720575940642780832,sensory,olfactory
720575940654970529,central,unknown
720575940638455459,sensory,olfactory
720575940627576488,central,Kenyon_Cell
720575940612339370,central,Kenyon_Cell
720575940635899566,central,Kenyon_Cell
720575940621088438,central,unknown
720575940627281594,central,unknown
720575940615747259,sensory,olfactory
720575940616140475,central,LHLN
720575940637898429,central,Kenyon_Cell
720575940614567611,central,unknown
720575940634949311,central,ALLN
720575940609619666,central,unknown
720575940609586901,sensory,olfactory
720575940629837527,central,unknown
720575940612110042,central,unknown
720575940621612765,central,ALLN
720575940637013726,sensory,olfactory
720575940622792423,central,ALLN
720575940637832937,central,unknown
720575940620465904,central,ALPN
720575940621743860,central,unknown
720575940634818296,sensory,olfactory
720575940635047672,central,unknown
720575940629837563,central,unknown
720575940617910017,central,unknown
720575940626822916,sensory,olfactory
720575940608571145,central,Kenyon_Cell
720575940608177929,central,unknown
720575940608407305,central,Kenyon_Cell
720575940621514509,sensory,olfactory
720575940628264721,sensory,olfactory
720575940630918930,central,unknown
720575940631967506,central,unknown
720575940620039956,central,Kenyon_Cell
720575940611323670,central,ALPN
720575940616959778,central,ALLN
720575940622694182,central,Kenyon_Cell
720575940615059240,central,unknown
720575940623284009,central,unknown
720575940608341806,central,ALPN
720575940614076211,central,unknown
720575940629346103,central,ALPN
720575940608177988,central,Kenyon_Cell
720575940632196935,central,unknown
720575940626593618,sensory,olfactory
720575940632754003,ascending,AN
720575940624660313,central,Kenyon_Cell
720575940633540447,central,unknown
720575940612306786,ascending,AN
720575940627707753,sensory,olfactory
720575940614928234,central,unknown
720575940611454833,central,Kenyon_Cell
720575940629706618,central,unknown
720575940628723578,central,unknown
720575940621875068,central,unknown
720575940626986885,central,ALPN
720575940618729350,central,unknown
720575940641961869,central,unknown
720575940616370065,central,unknown
720575940627216283,central,unknown
720575940627478427,central,unknown
720575940618663838,descending,unknown
720575940613355423,central,ALPN
720575940654675873,central,Kenyon_Cell
720575940653332385,central,Kenyon_Cell
720575940613191591,sensory,thermosensory
720575940619188139,sensory,olfactory
720575940607227826,central,unknown
720575940615255993,central,ALPN
720575940624365500,sensory,olfactory
720575940619843520,sensory,olfactory
720575940629182402,sensory,olfactory
720575940608505795,central,Kenyon_Cell
720575940609226702,central,Kenyon_Cell
720575940612044750,central,unknown
720575940641372112,sensory,olfactory
720575940611094478,central,unknown
720575940608767957,central,Kenyon_Cell
720575940628035543,central,ALPN
720575940616566745,sensory,olfactory
720575940613257187,central,LHLN
720575940617123814,central,unknown
720575940624791527,central,unknown
720575940636325865,central,Kenyon_Cell
720575940623742956,central,unknown
720575940618336239,central,unknown
720575940621645808,central,unknown
720575940624758771,central,LHLN
720575940635539448,central,unknown
720575940623218687,central,Kenyon_Cell
720575940628953088,sensory,olfactory
720575940616009729,central,Kenyon_Cell
720575940621449221,central,unknown
720575940628002822,central,Kenyon_Cell
720575940614993932,sensory,olfactory
720575940630132754,sensory,olfactory
720575940627249171,central,unknown
720575940619417620,central,ALLN
720575940644157463,central,Kenyon_Cell
720575940620007457,central,Kenyon_Cell
720575940645599268,central,unknown
720575940622268454,sensory,olfactory
720575940629248044,sensory,olfactory
720575940610504750,central,unknown
720575940619253809,central,LHLN
720575940614043699,central,LHLN
720575940646484020,sensory,olfactory
720575940618893366,central,unknown
720575940630067255,central,Kenyon_Cell
720575940621023297,central,Kenyon_Cell
720575940637112390,central,Kenyon_Cell
720575940621285452,sensory,olfactory
720575940628265039,central,Kenyon_Cell
720575940626724946,central,Kenyon_Cell
720575940619155541,central,Kenyon_Cell
720575940638914648,sensory,olfactory
720575940621809755,central,unknown
720575940633311328,sensory,olfactory
720575940635342949,sensory,olfactory
720575940604704870,sensory,olfactory
720575940605032550,central,unknown
720575940630493292,central,Kenyon_Cell
720575940636227696,sensory,olfactory
720575940638881907,sensory,olfactory
720575940649433209,sensory,olfactory
720575940628953210,sensory,olfactory
720575940636620942,central,LHLN
720575940627150991,sensory,hygrosensory
720575940614633622,central,unknown
720575940613355670,central,unknown
720575940618238109,central,unknown
720575940639013027,central,ALPN
720575940620499115,central,LHCENT
720575940611881139,descending,unknown
720575940623972533,central,unknown
720575940624693432,central,unknown
720575940616534201,sensory,olfactory
720575940624431288,ascending,AN
720575940624595132,sensory,olfactory
720575940618696896,central,Kenyon_Cell
720575940608997571,central,Kenyon_Cell
720575940630722757,central,Kenyon_Cell
720575940623087821,central,unknown
720575940608768213,central,Kenyon_Cell
720575940618696920,sensory,olfactory
720575940617058521,sensory,olfactory
720575940617877720,central,Kenyon_Cell
720575940619319512,central,Kenyon_Cell
720575940630001884,central,unknown
720575940614174943,sensory,olfactory
720575940628822248,central,ALLN
720575940618926319,central,Kenyon_Cell
720575940623087859,sensory,olfactory
720575940634032376,central,Kenyon_Cell
720575940628429056,sensory,olfactory
720575940623317261,sensory,olfactory
720575940623546638,central,Kenyon_Cell
720575940630624530,central,unknown
720575940628789525,central,unknown
720575940644223255,central,unknown
720575940603885856,central,unknown
720575940612700450,sensory,olfactory
720575940615059752,central,unknown
720575940610505006,descending,unknown
720575940629707068,sensory,olfactory
720575940628691260,central,unknown
720575940639668541,central,unknown
720575940608211268,central,Kenyon_Cell
720575940627249480,central,unknown
720575940628887887,central,Kenyon_Cell
720575940619909461,central,unknown
720575940624660825,central,unknown
720575940638128474,central,ALLN
720575940639013210,central,Kenyon_Cell
720575940625709401,central,unknown
720575940615846237,central,Kenyon_Cell
720575940634622303,sensory,olfactory
720575940633803104,sensory,olfactory
720575940634163552,central,Kenyon_Cell
720575940626102628,central,Kenyon_Cell
720575940636227941,central,LHLN
720575940606179686,descending,unknown
720575940614207850,central,Kenyon_Cell
720575940643830126,central,Kenyon_Cell
720575940629248374,central,unknown
720575940610406776,central,Kenyon_Cell
720575940628363642,central,Kenyon_Cell
720575940617648507,central,Kenyon_Cell
720575940625185149,central,unknown
720575940640094592,central,ALPN
720575940639504768,central,unknown
720575940626692485,sensory,olfactory
720575940619024774,sensory,thermosensory
720575940628330885,central,ALLN
720575940625119625,central,ALLN
720575940632099212,central,LHLN
720575940641536397,central,Kenyon_Cell
720575940636588430,central,LHLN
720575940627675535,sensory,olfactory
720575940623972756,central,Kenyon_Cell
720575940612766102,central,Kenyon_Cell
720575940643371424,central,unknown
720575940643797408,central,unknown
720575940614666658,central,LHLN
720575940625906088,central,unknown
720575940612635050,central,ALIN
720575940636490158,central,unknown
720575940636096948,central,ALPN
720575940617157049,central,unknown
720575940635933119,central,ALPN
720575940613257664,central,Kenyon_Cell
720575940606769609,central,LHLN
720575940626069962,central,unknown
720575940633573836,visual_centrifugal,unknown
720575940622039501,sensory,olfactory
720575940610505170,central,ALPN
720575940622203350,central,unknown
720575940632000993,central,ALLN
720575940637964772,central,Kenyon_Cell
720575940628003304,central,unknown
720575940637932009,central,Kenyon_Cell
720575940622334448,central,ALPN
720575940610669042,central,unknown
720575940621351412,motor,brain_motor_neuron
720575940629477882,central,Kenyon_Cell
720575940631706107,central,unknown
720575940614240766,central,Kenyon_Cell
720575940622039551,sensory,olfactory
720575940622957064,central,unknown
720575940631181842,central,LHLN
720575940618533403,sensory,olfactory
720575940626364956,central,Kenyon_Cell
720575940630592031,central,ALLN
720575940629871146,central,Kenyon_Cell
720575940632689199,visual_centrifugal,unknown
720575940628724284,central,Kenyon_Cell
720575940617910848,central,ALLN
720575940621023809,central,Kenyon_Cell
720575940630428227,sensory,olfactory
720575940631247431,sensory,olfactory
720575940638915160,sensory,olfactory
720575940627806809,central,unknown
720575940639210072,central,unknown
720575940637637208,central,unknown
720575940607687260,central,ALPN
720575940622793310,central,ALPN
720575940634819167,central,unknown
720575940627249764,central,unknown
720575940636523109,central,ALPN
720575940636359275,central,unknown
720575940620892781,central,unknown
720575940630493818,central,ALPN
720575940626594435,sensory,olfactory
720575940646386308,central,unknown
720575940623121032,central,unknown
720575940627446415,central,unknown
720575940614371986,central,Kenyon_Cell
720575940610308757,central,Kenyon_Cell
720575940633213591,sensory,olfactory
720575940625709720,sensory,olfactory
720575940634688151,central,unknown
720575940628920987,central,Kenyon_Cell
720575940621482665,sensory,olfactory
720575940603820716,sensory,hygrosensory
720575940635146926,sensory,olfactory
720575940635277998,sensory,olfactory
720575940619254448,central,Kenyon_Cell
720575940612700847,central,unknown
720575940607195826,central,ALPN
720575940635507380,central,unknown
720575940625283770,sensory,olfactory
720575940606769854,central,unknown
720575940605557438,central,Kenyon_Cell
720575940619418304,sensory,olfactory
720575940620925643,central,unknown
720575940621449933,sensory,olfactory
720575940622236365,central,unknown
720575940622236374,central,unknown
720575940618959576,central,unknown
720575940617812696,central,unknown
720575940629543644,sensory,olfactory
720575940637965028,central,Kenyon_Cell
720575940637145828,central,unknown
720575940625775336,central,unknown
720575940619385583,sensory,olfactory
720575940624366323,sensory,olfactory
720575940635081464,sensory,olfactory
720575940631083769,sensory,olfactory
720575940623547133,central,ALPN
720575940630067968,central,Kenyon_Cell
720575940616239873,sensory,hygrosensory
720575940616502017,central,Kenyon_Cell
720575940617911041,central,unknown
720575940617878273,central,unknown
720575940621581061,sensory,olfactory
720575940623481608,sensory,olfactory
720575940613978892,central,Kenyon_Cell
720575940627708688,central,ALPN
720575940626856721,sensory,olfactory
720575940626889491,descending,unknown
720575940611652374,central,Kenyon_Cell
720575940617485083,central,Kenyon_Cell
720575940626299678,sensory,olfactory
720575940605688608,central,unknown
720575940622105377,central,unknown
720575940644191012,sensory,olfactory
720575940632197930,central,ALLN
720575940632197935,central,Kenyon_Cell
720575940628888375,sensory,olfactory
720575940628429626,central,unknown
720575940638161725,central,Kenyon_Cell
720575940624694078,sensory,olfactory
720575940617911104,central,Kenyon_Cell
720575940620565313,central,ALLN
720575940615060290,sensory,olfactory
720575940631771971,central,unknown
720575940618992449,central,Kenyon_Cell
720575940609653572,central,unknown
720575940624104265,central,unknown
720575940621613918,sensory,olfactory
720575940619451233,sensory,olfactory
720575940610833250,central,Kenyon_Cell
720575940611160930,central,unknown
720575940635900773,central,Kenyon_Cell
720575940605328230,sensory,olfactory
720575940614634346,sensory,olfactory
720575940634884971,sensory,olfactory
720575940635114347,sensory,olfactory
720575940634229615,central,ALPN
720575940612504434,central,LHLN
720575940616469365,central,unknown
720575940616502133,central,unknown
720575940628790142,sensory,olfactory
720575940629805950,descending,unknown
720575940639964032,central,Kenyon_Cell
720575940661296001,sensory,olfactory
720575940624563075,central,Kenyon_Cell
720575940646583172,sensory,olfactory
720575940645993348,central,Kenyon_Cell
720575940616698769,sensory,olfactory
720575940622891923,sensory,olfactory
720575940633475991,sensory,olfactory
720575940611685273,central,Kenyon_Cell
720575940617681822,sensory,olfactory
720575940615289759,central,Kenyon_Cell
720575940619385765,central,ALPN
720575940620041125,central,Kenyon_Cell
720575940614470567,central,unknown
720575940626201512,central,Kenyon_Cell
720575940619549611,central,unknown
720575940636261294,central,unknown
720575940633934772,central,Kenyon_Cell
720575940619844534,sensory,olfactory
720575940623449015,central,unknown
720575940624235448,central,Kenyon_Cell
720575940624300984,central,Kenyon_Cell
720575940616076219,sensory,olfactory
720575940624956348,central,unknown
720575940629380034,sensory,olfactory
720575940608932803,central,unknown
720575940630952901,central,unknown
720575940643240904,sensory,olfactory
720575940643863496,central,MBON
720575940643404744,central,Kenyon_Cell
720575940630789071,central,Kenyon_Cell
720575940609719250,descending,unknown
720575940617452500,central,unknown
720575940608801749,central,Kenyon_Cell
720575940617616345,sensory,olfactory
720575940641536987,central,unknown
720575940603853792,central,unknown
720575940611849187,central,ALPN
720575940623973356,sensory,olfactory
720575940613258221,central,ALON
720575940620172272,central,Kenyon_Cell
720575940621089780,central,ALLN
720575940629347319,central,unknown
720575940629445626,central,Kenyon_Cell
720575940614306814,central,Kenyon_Cell
720575940614437886,central,unknown
720575940628954112,central,ALPN
720575940614175742,central,unknown
720575940628134915,central,Kenyon_Cell
720575940621286405,sensory,olfactory
720575940627643398,sensory,olfactory
720575940624923655,central,unknown
720575940625415178,central,unknown
720575940623514638,central,LHLN
720575940631182354,central,unknown
720575940644846615,central,unknown
720575940632362015,central,Kenyon_Cell
720575940610669614,central,ALLN
720575940631313455,sensory,olfactory
720575940624661552,central,ALPN
720575940615322674,central,ALPN
720575940618599478,central,unknown
720575940628200506,central,ALPN
720575940631903299,sensory,olfactory
720575940607425604,central,unknown
720575940637736006,central,unknown
720575940632001607,central,Kenyon_Cell
720575940625251401,central,ALLN
720575940628397138,descending,unknown
720575940632558675,central,Kenyon_Cell
720575940638719064,sensory,olfactory
720575940638391384,central,Kenyon_Cell
720575940620205147,central,LHLN
720575940615847005,central,Kenyon_Cell
720575940635114591,central,unknown
720575940636523621,central,unknown
720575940630166646,central,Kenyon_Cell
720575940610702456,central,unknown
720575940638719104,central,ALPN
720575940660051073,central,unknown
720575940606999682,central,unknown
720575940636490894,central,Kenyon_Cell
720575940625513616,central,Kenyon_Cell
720575940617452689,central,Kenyon_Cell
720575940611161237,sensory,olfactory
720575940612930710,central,Kenyon_Cell
720575940618304670,central,ALLN
720575940614110375,sensory,olfactory
720575940626529448,sensory,olfactory
720575940620565673,central,ALPN
720575940611292330,central,unknown
720575940604935340,central,Kenyon_Cell
720575940613127343,sensory,olfactory
720575940622007472,visual_centrifugal,unknown
720575940634197172,central,unknown
720575940614831291,sensory,olfactory
720575940635540671,central,unknown
720575940618894528,central,Kenyon_Cell
720575940615945414,central,LHLN
720575940607818965,sensory,olfactory
720575940629511383,sensory,olfactory
720575940628561111,central,Kenyon_Cell
720575940610669786,central,Kenyon_Cell
720575940628888796,central,Kenyon_Cell
720575940623613149,central,unknown
720575940636753118,sensory,olfactory
720575940633672930,central,unknown
720575940612439269,central,unknown
720575940628954344,central,unknown
720575940620467438,central,ALPN
720575940611357938,sensory,olfactory
720575940624366835,sensory,olfactory
720575940611489010,central,Kenyon_Cell
720575940630428921,central,Kenyon_Cell
720575940628823299,central,LHLN
720575940627086596,central,Kenyon_Cell
720575940607393033,central,unknown
720575940608015627,central,Kenyon_Cell
720575940613782796,central,Kenyon_Cell
720575940622564621,sensory,olfactory
720575940625317139,central,Kenyon_Cell
720575940627479829,central,Kenyon_Cell
720575940644683031,sensory,olfactory
720575940614634786,sensory,hygrosensory
720575940645403939,central,ALPN
720575940646354211,central,Kenyon_Cell
720575940622269734,sensory,olfactory
720575940632198442,central,ALLN
720575940631575855,central,Kenyon_Cell
720575940619517233,central,unknown
720575940615257395,sensory,olfactory
720575940646911284,central,unknown
720575940637965621,sensory,olfactory
720575940629151031,sensory,olfactory
720575940625022270,central,ALPN
720575940632821059,central,ALIN
720575940608376132,sensory,olfactory
720575940624694601,central,unknown
720575940624006477,central,Kenyon_Cell
720575940615650646,sensory,olfactory
720575940639669592,central,ALPN
720575940608277852,central,Kenyon_Cell
720575940634951007,central,Kenyon_Cell
720575940609097058,central,Kenyon_Cell
720575940625743204,central,unknown
720575940612898161,central,ALIN
720575940620303732,sensory,olfactory
720575940609785208,sensory,olfactory
720575940639505792,central,unknown
720575940632034700,central,Kenyon_Cell
720575940623252884,central,unknown
720575940606705073,central,ALLN
720575940633804212,central,ALPN
720575940615749051,central,unknown
720575940605427134,central,unknown
720575940635934143,central,ALLN
720575940619320768,sensory,olfactory
720575940606246334,central,unknown
720575940620205505,central,unknown
720575940614569414,sensory,olfactory
720575940606836169,central,unknown
720575940612046286,central,unknown
720575940629347791,central,Kenyon_Cell
720575940630953423,central,unknown
720575940611128782,central,unknown
720575940607229397,central,unknown
720575940617092569,central,LHCENT
720575940642651611,central,unknown
720575940634721761,central,unknown
720575940612570595,central,unknown
720575940621581802,central,Kenyon_Cell
720575940623482355,sensory,olfactory
720575940630101497,sensory,olfactory
720575940630003195,central,unknown
720575940621680133,central,Kenyon_Cell
720575940620828165,central,unknown
720575940608605705,central,LHCENT
720575940624694798,central,unknown
720575940627578385,central,unknown
720575940613815830,central,unknown
720575940626988574,central,LHCENT
720575940633509407,sensory,olfactory
720575940632264223,central,unknown
720575940616306210,central,Kenyon_Cell
720575940625874469,central,LHLN
720575940623318566,central,unknown
720575940621123113,central,ALPN
720575940630461994,sensory,olfactory
720575940631576109,central,Kenyon_Cell
720575940610375214,central,unknown
720575940629249591,sensory,olfactory
720575940638096959,central,unknown
720575940613783106,central,Kenyon_Cell
720575940637277766,central,unknown
720575940639309390,central,Kenyon_Cell
720575940627316303,sensory,olfactory
720575940618075733,central,Kenyon_Cell
720575940626792025,central,LHLN
720575940619746907,central,unknown
720575940620533339,central,unknown
720575940621712990,central,unknown
720575940633509471,central,Kenyon_Cell
720575940636524133,central,LHLN
720575940629577319,sensory,olfactory
720575940633280107,sensory,hygrosensory
720575940628823674,sensory,olfactory
720575940626202237,sensory,olfactory
720575940660313729,central,unknown
720575940619812487,sensory,olfactory
720575940624039560,central,ALPN
720575940620107399,central,unknown
720575940625612425,central,unknown
720575940631084684,sensory,olfactory
720575940632854156,sensory,olfactory
720575940627709583,central,unknown
720575940625776272,central,unknown
720575940614110866,sensory,olfactory
720575940623351443,central,Kenyon_Cell
720575940612800153,sensory,olfactory
720575940620140190,central,unknown
720575940642455200,sensory,olfactory
720575940654972577,central,LHLN
720575940619353766,central,Kenyon_Cell
720575940621057702,central,unknown
720575940621844137,sensory,olfactory
720575940618960555,sensory,olfactory
720575940603231916,central,ALPN
720575940632624813,sensory,olfactory
720575940635999918,sensory,olfactory
720575940632985261,central,unknown
720575940635508404,central,unknown
720575940624793272,central,Kenyon_Cell
720575940633837247,sensory,olfactory
720575940620500673,central,unknown
720575940618337985,central,Kenyon_Cell
720575940622204612,sensory,olfactory
720575940622565069,central,unknown
720575940612439761,central,unknown
720575940610899666,central,unknown
720575940621778646,central,ALLN
720575940629806807,central,unknown
720575940628561628,central,unknown
720575940616273631,central,ALPN
720575940615257823,central,LHLN
720575940613258975,central,Kenyon_Cell
720575940623875819,central,ALPN
720575940621221614,central,unknown
720575940625383155,sensory,olfactory
720575940641079029,central,Kenyon_Cell
720575940630560505,central,Kenyon_Cell
720575940617486081,sensory,olfactory
720575940616601345,sensory,olfactory
720575940628889347,central,unknown
720575940626497286,visual_projection,unknown
720575940607983369,central,Kenyon_Cell
720575940608573193,central,unknown
720575940623056653,central,LHLN
720575940630003472,central,ALPN
720575940632461074,central,unknown
720575940633673497,central,Kenyon_Cell
720575940621811482,central,unknown
720575940647075619,central,unknown
720575940627480363,central,Kenyon_Cell
720575940615978802,central,Kenyon_Cell
720575940639735613,central,unknown
720575940619681600,sensory,olfactory
720575940619026241,central,Kenyon_Cell
720575940631347011,central,ALPN
720575940630921027,central,unknown
720575940631379783,central,Kenyon_Cell
720575940631248711,central,unknown
720575940623646537,sensory,olfactory
720575940626726730,sensory,olfactory
720575940631281483,central,unknown
720575940628954954,central,unknown
720575940631510865,sensory,olfactory
720575940617977684,central,unknown
720575940615257942,central,Kenyon_Cell
720575940627677017,central,ALPN
720575940604182374,central,Kenyon_Cell
720575940630036332,central,Kenyon_Cell
720575940645797742,central,unknown
720575940616503157,central,unknown
720575940650581881,central,ALLN
720575940629675902,central,LHLN
720575940628955006,central,unknown
720575940640030592,central,LHLN
720575940625383299,sensory,olfactory
720575940622761864,sensory,olfactory
720575940636426126,central,Kenyon_Cell
720575940617453457,central,Kenyon_Cell
720575940615978902,central,unknown
720575940634460055,central,unknown
720575940624859032,central,Kenyon_Cell
720575940635180956,central,ALLN
720575940619059102,central,ALLN
720575940652941217,central,ALPN
720575940606967730,central,Kenyon_Cell
720575940622270391,central,Kenyon_Cell
720575940624302008,central,Kenyon_Cell
720575940615356347,central,Kenyon_Cell
720575940614143942,central,Kenyon_Cell
720575940631019468,central,Kenyon_Cell
720575940622663629,sensory,olfactory
720575940630233047,central,unknown
720575940616929241,sensory,olfactory
720575940610637786,central,unknown
720575940632854498,central,unknown
720575940637999076,central,LHLN
720575940627808232,central,Kenyon_Cell
720575940641243125,central,LHLN
720575940650844150,central,unknown
720575940629839863,central,Kenyon_Cell
720575940622696447,central,unknown
720575940628660224,sensory,olfactory
720575940627087364,central,unknown
720575940606869513,sensory,olfactory
720575940609228809,sensory,olfactory
720575940627480586,central,ALPN
720575940615094284,central,Kenyon_Cell
720575940631937042,central,unknown
720575940626694163,central,unknown
720575940643536919,central,unknown
720575940622368792,central,ALPN
720575940644978711,central,unknown
720575940631740447,central,unknown
720575940603985952,central,ALPN
720575940644028452,sensory,olfactory
720575940624891941,central,unknown
720575940624695335,central,Kenyon_Cell
720575940631347242,central,unknown
720575940610375726,central,Kenyon_Cell
720575940614996018,sensory,hygrosensory
720575940646682676,central,unknown
720575940638818357,sensory,olfactory
720575940618076214,central,ALLN
720575940630134839,central,ALPN
720575940618895414,central,unknown
720575940633509949,sensory,olfactory
720575940637737021,central,Kenyon_Cell
720575940618436672,central,Kenyon_Cell
720575940618534977,central,unknown
720575940627677258,sensory,thermosensory
720575940639080526,sensory,olfactory
720575940639309902,central,Kenyon_Cell
720575940617617494,central,unknown
720575940633313376,sensory,olfactory
720575940609884258,sensory,olfactory
720575940610768994,central,unknown
720575940630593644,central,unknown
720575940619419757,sensory,olfactory
720575940620861549,central,unknown
720575940629184630,central,unknown
720575940635082871,central,ALPN
720575940621746300,central,unknown
720575940626661501,central,unknown
720575940625809539,ascending,AN
720575940646682756,central,LHLN
720575940627054725,central,Kenyon_Cell
720575940617781383,central,ALPN
720575940621648008,central,Kenyon_Cell
720575940642193549,central,unknown
720575940628168847,central,ALIN
720575940626694288,central,unknown
720575940616536209,sensory,olfactory
720575940613914774,sensory,hygrosensory
720575940627284123,central,Kenyon_Cell
720575940614176927,central,Kenyon_Cell
720575940654973089,central,LHLN
720575940614308002,central,Kenyon_Cell
720575940620239013,central,unknown
720575940621385893,central,unknown
720575940619649195,sensory,olfactory
720575940635803822,sensory,olfactory
720575940635213998,central,Kenyon_Cell
720575940620107968,central,LHLN
720575940610408643,central,ALLN
720575940623450308,central,unknown
720575940642193608,central,Kenyon_Cell
720575940617158868,central,unknown
720575940608901333,central,unknown
720575940622565590,descending,unknown
720575940628398295,central,Kenyon_Cell
720575940622467293,central,Kenyon_Cell
720575940612374757,central,unknown
720575940617650407,sensory,olfactory
720575940625154283,sensory,olfactory
720575940624597228,central,Kenyon_Cell
720575940620370158,central,unknown
720575940620828912,central,Kenyon_Cell
720575940641243381,central,unknown
720575940629971191,central,Kenyon_Cell
720575940630331643,sensory,olfactory
720575940623122685,sensory,olfactory
720575940622074109,central,unknown
720575940630069504,central,LHLN
720575940626530564,sensory,olfactory
720575940627284234,central,unknown
720575940608606475,central,unknown
720575940608344331,central,Kenyon_Cell
720575940624662798,central,unknown
720575940624695566,central,unknown
720575940627480853,central,Kenyon_Cell
720575940622926104,central,LHLN
720575940620566808,central,ALPN
720575940618699037,central,unknown
720575940646289699,central,Kenyon_Cell
720575940621812006,central,Kenyon_Cell
720575940623319334,central,unknown
720575940630135084,descending,unknown
720575940619354417,central,Kenyon_Cell
720575940614308146,central,Kenyon_Cell
720575940613161267,sensory,olfactory
720575940617290043,descending,unknown
720575940639080765,central,ALPN
720575940608508228,sensory,olfactory
720575940616438085,central,Kenyon_Cell
720575940624695629,central,ALPN
720575940630987091,central,Kenyon_Cell
720575940619911509,central,unknown
720575940639506776,sensory,olfactory
720575940637966682,central,unknown
720575940608344412,central,LHLN
720575940618469725,central,Kenyon_Cell
720575940610015586,sensory,olfactory
720575940621943139,sensory,olfactory
720575940627349860,central,unknown
720575940634132843,central,unknown
720575940610113905,central,unknown
720575940614898037,sensory,olfactory
720575940616831349,sensory,olfactory
720575940636066167,central,unknown
720575940629709182,central,unknown
720575940621910399,central,unknown
720575940640129408,central,unknown
720575940659429761,central,ALLN
720575940648681860,sensory,olfactory
720575940616569227,central,Kenyon_Cell
720575940631511436,central,unknown
720575940635967886,central,unknown
720575940625645968,central,Kenyon_Cell
720575940625777040,central,unknown
720575940613751186,central,ALPN
720575940621943187,central,unknown
720575940627120536,sensory,olfactory
720575940611686809,central,Kenyon_Cell
720575940635050394,central,LHLN
720575940628627867,descending,unknown
720575940628136347,central,unknown
720575940618731934,central,Kenyon_Cell
720575940614832543,central,ALLN
720575940633772452,central,ALLN
720575940620173737,central,unknown
720575940605264305,sensory,hygrosensory
720575940624302520,central,Kenyon_Cell
720575940615750075,sensory,olfactory
720575940621124033,sensory,olfactory
720575940627218882,central,unknown
720575940629709250,central,unknown
720575940623450564,central,LHLN
720575940629676495,central,unknown
720575940613849553,central,unknown
720575940630233559,central,unknown
720575940610605530,sensory,olfactory
720575940631314908,central,unknown
720575940632920545,sensory,olfactory
720575940632166881,central,unknown
720575940616929766,central,Kenyon_Cell
720575940623942119,sensory,olfactory
720575940623253994,central,Kenyon_Cell
720575940613226989,central,LHLN
720575940620468718,descending,unknown
720575940620993008,central,unknown
720575940624761331,central,unknown
720575940621746676,central,unknown
720575940651434486,central,unknown
720575940624335367,central,unknown
720575940607459849,sensory,olfactory
720575940623122957,sensory,olfactory
720575940644258327,central,ALPN
720575940621845018,central,Kenyon_Cell
720575940617454114,sensory,olfactory
720575940617552418,sensory,olfactory
720575940644815395,central,unknown
720575940616012322,central,unknown
720575940630037036,central,unknown
720575940610605614,descending,unknown
720575940616045106,sensory,olfactory
720575940616077874,central,unknown
720575940616798779,central,unknown
720575940624990782,sensory,olfactory
720575940637835839,central,Kenyon_Cell
720575940638097983,central,LHLN
720575940616798784,central,Kenyon_Cell
720575940615160386,central,ALPN
720575940618306112,central,Kenyon_Cell
720575940618601024,central,unknown
720575940618043973,central,unknown
720575940639638086,central,unknown
720575940615455318,central,unknown
720575940638229080,sensory,olfactory
720575940637966938,central,LHLN
720575940635116127,central,LHLN
720575940610769506,central,unknown
720575940627284580,central,unknown
720575940636754533,sensory,olfactory
720575940628202089,sensory,olfactory
720575940627153513,central,unknown
720575940635705963,sensory,olfactory
720575940634952299,central,unknown
720575940635935343,sensory,olfactory
720575940611424882,central,Kenyon_Cell
720575940634296951,central,Kenyon_Cell
720575940618830459,central,Kenyon_Cell
720575940628103806,central,Kenyon_Cell
720575940629578366,central,Kenyon_Cell
720575940640031360,central,LHCENT
720575940625318531,central,Kenyon_Cell
720575940622926472,central,Kenyon_Cell
720575940629906060,sensory,olfactory
720575940614374034,central,unknown
720575940634657431,central,ALLN
720575940634034839,central,ALLN
720575940617552541,central,ALPN
720575940618404510,central,ALPN
720575940615520927,central,unknown
720575940653892257,sensory,olfactory
720575940614701730,central,unknown
720575940620993193,sensory,olfactory
720575940611261098,sensory,olfactory
720575940604412588,central,ALPN
720575940632625837,sensory,olfactory
720575940632167085,central,ALPN
720575940607197874,central,unknown
720575940624859834,sensory,olfactory
720575940621124289,sensory,olfactory
720575940618371777,central,Kenyon_Cell
720575940606149321,central,unknown
720575940625613514,sensory,olfactory
720575940630561484,central,Kenyon_Cell
720575940610933458,central,LHLN
720575940609163986,central,Kenyon_Cell
720575940610409170,central,unknown
720575940637639396,sensory,olfactory
720575940637934308,central,MBON
720575940623581930,central,unknown
720575940623090412,sensory,olfactory
720575940622697196,central,Kenyon_Cell
720575940629119737,central,Kenyon_Cell
720575940627972860,central,LHLN
720575940625056509,central,ALPN
720575940625187586,central,Kenyon_Cell
720575940627153668,central,Kenyon_Cell
720575940621878021,central,Kenyon_Cell
720575940627546897,central,Kenyon_Cell
720575940626826005,sensory,olfactory
720575940633674521,central,Kenyon_Cell
720575940624597788,central,Kenyon_Cell
720575940630430495,central,Kenyon_Cell
720575940632265503,central,LHLN
720575940644750116,central,ALON
720575940614570793,sensory,hygrosensory
720575940629349164,sensory,olfactory
720575940609065774,sensory,olfactory
720575940611228462,central,Kenyon_Cell
720575940617093938,central,unknown
720575940628431671,sensory,olfactory
720575940631905080,central,unknown
720575940631642937,central,unknown
720575940616799035,central,unknown
720575940620862273,central,Kenyon_Cell
720575940615422786,central,unknown
720575940613784386,central,Kenyon_Cell
720575940619682625,central,Kenyon_Cell
720575940627022664,central,Kenyon_Cell
720575940625253193,central,unknown
720575940631413585,sensory,olfactory
720575940616766294,central,unknown
720575940626793305,central,LHLN
720575940635116383,central,unknown
720575940622140257,central,unknown
720575940634231653,central,unknown
720575940635706219,sensory,olfactory
720575940612637554,central,ALLN
720575940609819512,central,unknown
720575940629676926,central,unknown
720575940624663427,central,Kenyon_Cell
720575940642030477,central,unknown
720575940635214734,sensory,olfactory
720575940614308758,central,ALLN
720575940654810017,central,Kenyon_Cell
720575940614636450,central,LHLN
720575940627186600,central,unknown
720575940620010409,central,unknown
720575940623287228,central,ALPN
720575940639179709,central,unknown
720575940626170826,sensory,olfactory
720575940624106442,central,ALPN
720575940632495052,central,Kenyon_Cell
720575940613489617,central,ALLN
720575940610081746,sensory,olfactory
720575940618011604,central,unknown
720575940610048981,central,ALPN
720575940617290713,central,unknown
720575940621648861,sensory,olfactory
720575940603233248,central,unknown
720575940633543650,sensory,olfactory
720575940612506595,central,unknown
720575940624335851,central,unknown
720575940624663532,central,unknown
720575940620633070,central,unknown
720575940628071409,central,Kenyon_Cell
720575940611982322,central,unknown
720575940622762995,central,ALPN
720575940624794611,central,LHLN
720575940621222900,central,unknown
720575940628694007,central,Kenyon_Cell
720575940617257985,central,unknown
720575940628792323,central,LHLN
720575940628694019,central,unknown
720575940621616133,central,unknown
720575940626498566,central,unknown
720575940627547153,central,Kenyon_Cell
720575940622697496,central,unknown
720575940627448860,central,unknown
720575940626793502,central,Kenyon_Cell
720575940645372964,central,ALLN
720575940627252267,central,Kenyon_Cell
720575940633936941,central,unknown
720575940609066030,central,Kenyon_Cell
720575940625679408,central,LHLN
720575940630168636,central,unknown
720575940625843262,central,unknown
720575940609393732,sensory,olfactory
720575940618110021,central,Kenyon_Cell
720575940625384521,central,unknown
720575940627645514,descending,unknown
720575940617684054,central,unknown
720575940629644375,sensory,olfactory
720575940620305499,central,Kenyon_Cell
720575940618142813,central,ALPN
720575940620305502,central,Kenyon_Cell
720575940635116639,central,unknown
720575940634461280,central,unknown
720575940620567661,central,Kenyon_Cell
720575940649501817,central,Kenyon_Cell
720575940620141691,central,unknown
720575940632036492,central,unknown
720575940635903118,central,unknown
720575940627154063,sensory,olfactory
720575940636624014,central,unknown
720575940609950869,central,Kenyon_Cell
720575940625581208,sensory,olfactory
720575940626826392,central,unknown
720575940619388062,sensory,olfactory
720575940618306718,central,Kenyon_Cell
720575940655891617,central,unknown
720575940632429732,central,unknown
720575940632462500,central,unknown
720575940619420838,central,unknown
720575940611720362,sensory,thermosensory
720575940603167916,central,unknown
720575940631741613,central,Kenyon_Cell
720575940605559986,central,Kenyon_Cell
720575940623353013,central,Kenyon_Cell
720575940620993718,sensory,olfactory
720575940621321412,central,Kenyon_Cell
720575940630955205,central,unknown
720575940643931336,sensory,olfactory
720575940624860362,central,unknown
720575940611196110,central,Kenyon_Cell
720575940612375761,central,LHLN
720575940608148693,central,Kenyon_Cell
720575940631381212,central,unknown
720575940638360798,central,unknown
720575940603430112,sensory,olfactory
720575940603659488,sensory,olfactory
720575940614079715,central,unknown
720575940637050084,central,unknown
720575940637869284,central,Kenyon_Cell
720575940616275174,sensory,olfactory
720575940638983401,central,unknown
720575940624663788,central,unknown
720575940622599408,central,unknown
720575940621747444,central,unknown
720575940640851189,sensory,olfactory
720575940639278325,central,Kenyon_Cell
720575940635280632,central,unknown
720575940622042373,central,unknown
720575940608214281,central,unknown
720575940626138378,sensory,olfactory
720575940622894349,central,Kenyon_Cell
720575940628071696,central,unknown
720575940627383569,central,unknown
720575940613588246,visual_centrifugal,unknown
720575940611327254,central,Kenyon_Cell
720575940627121436,central,unknown
720575940617094429,sensory,olfactory
720575940605494560,central,unknown
720575940624958757,sensory,olfactory
720575940631708973,central,unknown
720575940630824239,sensory,olfactory
720575940615980338,central,Kenyon_Cell
720575940631512376,sensory,olfactory
720575940614866235,central,unknown
720575940616799547,central,unknown
720575940639114557,sensory,olfactory
720575940630168892,central,unknown
720575940609590596,sensory,olfactory
720575940616930629,central,Kenyon_Cell
720575940637148486,central,Kenyon_Cell
720575940625286473,central,LHLN
720575940622009676,central,unknown
720575940632692051,central,LHLN
720575940634953055,central,Kenyon_Cell
720575940604675430,sensory,olfactory
720575940612506994,central,unknown
720575940637574515,central,unknown
720575940614899061,central,Kenyon_Cell
720575940630758782,central,unknown
720575940640097664,central,LHLN
720575940639868288,central,Kenyon_Cell
720575940607001986,central,ALPN
720575940606641538,central,LHLN
720575940622075274,central,Kenyon_Cell
720575940625614224,central,Kenyon_Cell
720575940614342038,descending,unknown
720575940633642391,sensory,olfactory
720575940628006296,central,unknown
720575940630005147,central,unknown
720575940627449243,central,Kenyon_Cell
720575940614833567,sensory,olfactory
720575940624598460,sensory,olfactory
720575940603889086,central,unknown
720575940635837887,central,unknown
720575940629677509,sensory,olfactory
720575940630726085,central,Kenyon_Cell
720575940632659404,central,unknown
720575940630726095,sensory,olfactory
720575940613785041,sensory,olfactory
720575940622403030,central,Kenyon_Cell
720575940629611996,sensory,olfactory
720575940636820958,central,LHCENT
720575940614014431,sensory,olfactory
720575940624041447,central,Kenyon_Cell
720575940620469742,central,Kenyon_Cell
720575940610999794,sensory,olfactory
720575940624532979,central,Kenyon_Cell
720575940621649396,central,unknown
720575940641015285,central,Kenyon_Cell
720575940611229170,central,unknown
720575940629153274,sensory,olfactory
720575940628071939,central,unknown
720575940614735372,sensory,olfactory
720575940619093524,sensory,olfactory
720575940621256212,central,ALPN
720575940622894616,central,unknown
720575940619978266,central,Kenyon_Cell
720575940624565788,central,Kenyon_Cell
720575940631741983,sensory,olfactory
720575940622009889,central,unknown
720575940624205353,central,unknown
720575940632200749,central,unknown
720575940613785139,central,unknown
720575940646094388,sensory,olfactory
720575940646880820,central,unknown
720575940646192692,central,unknown
720575940638885429,central,unknown
720575940617160251,central,unknown
720575940637509190,central,LHLN
720575940624041545,central,Kenyon_Cell
720575940624107081,central,unknown
720575940622272076,central,Kenyon_Cell
720575940633151057,central,LHCENT
720575940627383890,central,unknown
720575940632692307,central,unknown
720575940632135249,central,Kenyon_Cell
720575940616144470,central,unknown
720575940629677655,sensory,olfactory
720575940608116316,central,unknown
720575940605625958,central,unknown
720575940628137577,central,unknown
720575940629710444,sensory,olfactory
720575940631119468,central,unknown
720575940636165743,sensory,olfactory
720575940634429039,central,Kenyon_Cell
720575940611229297,central,Kenyon_Cell
720575940631217782,sensory,olfactory
720575940611655288,central,Kenyon_Cell
720575940648191609,sensory,olfactory
720575940620273279,central,Kenyon_Cell
720575940660217473,central,ALLN
720575940659857025,central,unknown
720575940621616776,central,Kenyon_Cell
720575940627711631,central,unknown
720575940623353488,sensory,olfactory
720575940616504977,central,unknown
720575940634035863,central,ALPN
720575940614309535,central,ALPN
720575940643407520,sensory,olfactory
720575940643473056,central,Kenyon_Cell
720575940613359266,central,Kenyon_Cell
720575940639442595,sensory,olfactory
720575940632102564,central,unknown
720575940626368168,central,unknown
720575940632364717,central,Kenyon_Cell
720575940608345778,central,ALLN
720575940607198898,central,ALPN
720575940634199732,central,Kenyon_Cell
720575940616079035,central,ALPN
720575940638492349,central,Kenyon_Cell
720575940605101758,central,ALLN
720575940620273344,central,Kenyon_Cell
720575940620175040,central,unknown
720575940631742156,central,ALPN
720575940630496975,sensory,olfactory
720575940616701657,central,Kenyon_Cell
720575940612605667,central,ALPN
720575940636526308,central,LHLN
720575940623943404,central,unknown
720575940619519727,sensory,olfactory
720575940627777265,sensory,olfactory
720575940628498161,descending,unknown
720575940627384049,central,unknown
720575940628334342,central,unknown
720575940621944583,central,Kenyon_Cell
720575940624336647,central,unknown
720575940607690507,central,unknown
720575940644914967,central,unknown
720575940633773849,central,Kenyon_Cell
720575940632758041,central,Kenyon_Cell
720575940624402204,central,unknown
720575940618700573,central,Kenyon_Cell
720575940624500519,sensory,olfactory
720575940619552561,central,unknown
720575940615980850,central,Kenyon_Cell
720575940617422641,central,ALPN
720575940631840568,central,Kenyon_Cell
720575940619028289,central,Kenyon_Cell
720575940619421505,central,Kenyon_Cell
720575940628301642,central,unknown
720575940632364881,sensory,olfactory
720575940626433881,central,unknown
720575940620437339,central,ALPN
720575940618471261,central,unknown
720575940624467812,central,Kenyon_Cell
720575940636231525,central,unknown
720575940629055340,central,unknown
720575940639246195,sensory,olfactory
720575940630497142,central,Kenyon_Cell
720575940635969399,sensory,thermosensory
720575940627941242,central,Kenyon_Cell
720575940639672192,central,unknown
720575940660217729,central,ALLN
720575940657858433,central,ALLN
720575940628236169,central,unknown
720575940626892687,central,unknown
720575940616439697,sensory,olfactory
720575940617324433,central,Kenyon_Cell
720575940625516436,central,Kenyon_Cell
720575940611098517,central,Kenyon_Cell
720575940616210333,central,unknown
720575940620044190,central,LHLN
720575940627318696,sensory,olfactory
720575940628236200,central,LHLN
720575940611622826,descending,unknown
720575940633741229,central,ALLN
720575940622436277,central,ALPN
720575940624435128,central,ALLN
720575940638623677,central,unknown
720575940605396926,central,unknown
720575940628432834,central,Kenyon_Cell
720575940619651019,central,Kenyon_Cell
720575940628694991,central,Kenyon_Cell
720575940632725459,central,Kenyon_Cell
720575940617390036,central,Kenyon_Cell
720575940608313301,central,Kenyon_Cell
720575940618405848,central,unknown
720575940611983322,central,Kenyon_Cell
720575940632889313,sensory,olfactory
720575940634658785,central,ALPN
720575940611098595,central,ALLN
720575940622665707,central,unknown
720575940624631788,central,unknown
720575940624664556,central,unknown
720575940628695043,central,unknown
720575940623747086,sensory,olfactory
720575940628695056,central,unknown
720575940622075928,sensory,olfactory
720575940626991147,central,ALPN
720575940624828464,sensory,olfactory
720575940637050933,central,Kenyon_Cell
720575940630169660,central,unknown
720575940617390149,sensory,olfactory
720575940617586757,central,ALLN
720575940623976521,central,Kenyon_Cell
720575940627679306,central,unknown
720575940630759507,central,Kenyon_Cell
720575940633413715,central,unknown
720575940639017050,central,ALPN
720575940635052127,central,LHLN
720575940624894052,central,Kenyon_Cell
720575940635838565,sensory,olfactory
720575940632463464,central,ALPN
720575940645537902,descending,unknown
720575940615719029,sensory,olfactory
720575940629874806,central,ALPN
720575940622600319,central,unknown
720575940640032896,central,ALPN
720575940660217985,central,ALLN
720575940639836288,central,Kenyon_Cell
720575940648650884,central,ALPN
720575940624140424,visual_projection,unknown
720575940623386762,central,Kenyon_Cell
720575940623321226,central,Kenyon_Cell
720575940641704077,central,unknown
720575940635838606,central,ALPN
720575940612638866,central,unknown
720575940623288467,central,unknown
720575940625352852,central,unknown
720575940654647457,central,Kenyon_Cell
720575940614604962,central,unknown
720575940613752999,central,Kenyon_Cell
720575940623878327,central,Kenyon_Cell
720575940625025207,central,unknown
720575940629088450,central,Kenyon_Cell
720575940607330499,central,Kenyon_Cell
720575940619749579,central,unknown
720575940612737233,central,Kenyon_Cell
720575940617291993,central,unknown
720575940624795879,central,unknown
720575940625909991,central,unknown
720575940623943914,sensory,olfactory
720575940622567659,central,ALPN
720575940621551854,central,ALLN
720575940624763123,central,unknown
720575940614998270,central,unknown
720575940616866049,sensory,olfactory
720575940608313611,sensory,olfactory
720575940609460491,central,ALPN
720575940628072721,central,Kenyon_Cell
720575940617947412,central,unknown
720575940621912346,central,Kenyon_Cell
720575940618897693,central,ALPN
720575940616440098,central,Kenyon_Cell
720575940621814054,central,ALLN
720575940622403881,sensory,olfactory
720575940631054634,central,ALPN
720575940624206121,central,unknown
720575940610509102,central,unknown
720575940624304432,sensory,olfactory
720575940624369968,sensory,olfactory
720575940617062706,central,unknown
720575940646783284,central,Kenyon_Cell
720575940637509941,central,Kenyon_Cell
720575940631447879,ascending,AN
720575940622698825,central,Kenyon_Cell
720575940630464843,central,unknown
720575940638853454,central,ALLN
720575940628269391,central,Kenyon_Cell
720575940617390429,central,unknown
720575940624894308,central,Kenyon_Cell
720575940605528422,central,Kenyon_Cell
720575940629317991,central,ALPN
720575940630399340,central,Kenyon_Cell
720575940636002679,sensory,olfactory
720575940628564350,sensory,olfactory
720575940629350782,sensory,olfactory
720575940639443328,sensory,olfactory
720575940621650303,central,Kenyon_Cell
720575940625779075,central,unknown
720575940647242116,central,Kenyon_Cell
720575940648683908,central,unknown
720575940627712399,central,unknown
720575940614113682,central,ALLN
720575940623059347,sensory,olfactory
720575940624599444,central,Kenyon_Cell
720575940610836885,central,ALLN
720575940622731667,central,unknown
720575940634364311,central,ALLN
720575940629023131,central,unknown
720575940619061662,central,ALLN
720575940654483873,central,Kenyon_Cell
720575940614932898,sensory,olfactory
720575940626139560,central,Kenyon_Cell
720575940620634537,sensory,hygrosensory
720575940633938349,central,ALLN
720575940638624189,central,ALPN
720575940626860487,sensory,olfactory
720575940606773705,central,Kenyon_Cell
720575940606806473,central,unknown
720575940619684299,central,Kenyon_Cell
720575940623223245,central,unknown
720575940639836624,sensory,olfactory
720575940608969173,central,unknown
720575940628924887,central,Kenyon_Cell
720575940618865112,central,ALPN
720575940630366684,central,unknown
720575940628367836,central,Kenyon_Cell
720575940611394019,central,Kenyon_Cell
720575940638099940,sensory,olfactory
720575940611885541,sensory,olfactory
720575940612344293,central,Kenyon_Cell
720575940637510121,central,ALLN
720575940624665068,central,LHLN
720575940640262645,sensory,olfactory
720575940651502070,sensory,olfactory
720575940616800780,central,ALPN
720575940622928397,central,Kenyon_Cell
720575940627450385,central,Kenyon_Cell
720575940627286545,central,unknown
720575940627221011,central,unknown
720575940626663953,central,unknown
720575940612803094,central,unknown
720575940626958878,central,unknown
720575940633446943,central,unknown
720575940620831265,sensory,olfactory
720575940612704802,sensory,olfactory
720575940617030178,central,ALPN
720575940623321638,central,unknown
720575940613622312,central,Kenyon_Cell
720575940630989354,central,ALPN
720575940628597291,sensory,olfactory
720575940626729515,central,Kenyon_Cell
720575940627483179,central,Kenyon_Cell
720575940628630059,central,unknown
720575940619258417,central,unknown
720575940619553329,central,unknown
720575940612049459,central,ALLN
720575940618930737,central,unknown
720575940639181365,central,unknown
720575940637477439,central,unknown
720575940618373701,central,LHLN
720575940616211013,central,unknown
720575940625910354,central,Kenyon_Cell
720575940608281180,central,Kenyon_Cell
720575940634298975,central,LHLN
720575940621716067,central,Kenyon_Cell
720575940605102694,central,ALPN
720575940627253865,sensory,olfactory
720575940649536121,central,Kenyon_Cell
720575940619979387,central,unknown
720575940620044935,central,unknown
720575940624206472,central,ALIN
720575940614605458,central,Kenyon_Cell
720575940624599700,central,unknown
720575940626991771,central,Kenyon_Cell
720575940616964766,central,Kenyon_Cell
720575940618996382,central,unknown
720575940619946661,central,unknown
720575940621388453,descending,unknown
720575940614474407,central,unknown
720575940620896937,central,ALPN
720575940612344490,central,unknown
720575940604414636,central,ALPN
720575940632627885,central,unknown
720575940635249332,central,ALLN
720575940624042677,central,unknown
720575940622338742,central,ALLN
720575940605758142,central,ALLN
720575940612475598,central,ALLN
720575940612606673,central,Kenyon_Cell
720575940632562387,central,unknown
720575940610214613,central,unknown
720575940641802971,central,unknown
720575940622633693,central,unknown
720575940633938657,sensory,olfactory
720575940633250530,sensory,olfactory
720575940637870820,central,Kenyon_Cell
720575940612999909,central,unknown
720575940623878891,central,unknown
720575940611623661,central,unknown
720575940620733166,central,unknown
720575940611984114,sensory,olfactory
720575940622633716,descending,unknown
720575940629842681,sensory,olfactory
720575940628007676,central,LHLN
720575940623289087,central,LHLN
720575940617128705,central,ALPN
720575940620045061,central,Kenyon_Cell
720575940608215817,central,unknown
720575940627286794,central,unknown
720575940626074378,central,ALLN
720575940615785228,central,Kenyon_Cell
720575940626631441,sensory,olfactory
720575940626565907,sensory,olfactory
720575940627680021,central,unknown
720575940622109466,central,unknown
720575940621650721,central,unknown
720575940625156901,central,Kenyon_Cell
720575940624861989,central,unknown
720575940629089068,central,ALPN
720575940631120696,central,unknown
720575940625484602,central,Kenyon_Cell
720575940616309563,central,Kenyon_Cell
720575940638034751,central,Kenyon_Cell
720575940616538944,central,unknown
720575940608281412,central,unknown
720575940624108361,central,unknown
720575940619651920,central,unknown
720575940630301523,central,ALPN
720575940631907159,central,ALLN
720575940639509336,sensory,olfactory
720575940635708267,sensory,olfactory
720575940634463083,central,Kenyon_Cell
720575940638165875,sensory,olfactory
720575940628499322,sensory,olfactory
720575940620602236,sensory,hygrosensory
720575940629908350,sensory,olfactory
720575940621585279,central,ALLN
720575940618701703,sensory,olfactory
720575940630465420,central,Kenyon_Cell
720575940641606541,central,ALLN
720575940636625806,central,unknown
720575940631710604,central,unknown
720575940625451920,central,Kenyon_Cell
720575940618439569,central,unknown
720575940629056411,central,unknown
720575940633906076,central,LHLN
720575940656090017,central,ALPN
720575940614212514,sensory,olfactory
720575940614605730,central,unknown
720575940620143525,central,Kenyon_Cell
720575940613360554,visual_projection,unknown
720575940612901807,sensory,olfactory
720575940613655483,central,ALPN
720575940608969667,central,unknown
720575940622961604,sensory,olfactory
720575940615490502,sensory,olfactory
720575940624763850,central,Kenyon_Cell
720575940619455448,central,unknown
720575940630367196,central,unknown
720575940628728796,central,unknown
720575940603464672,central,ALPN
720575940633611234,central,unknown
720575940617456614,central,Kenyon_Cell
720575940613196781,sensory,olfactory
720575940620110830,sensory,olfactory
720575940621487088,central,Kenyon_Cell
720575940627942391,central,unknown
720575940629154810,sensory,olfactory
720575940630399995,central,Kenyon_Cell
720575940631186432,central,unknown
720575940628794371,central,LHLN
720575940626893834,sensory,olfactory
720575940608379915,central,unknown
720575940624960522,central,ALPN
720575940627549205,central,DAN
720575940612803606,central,LHLN
720575940632792089,sensory,olfactory
720575940625583132,central,unknown
720575940616670242,sensory,olfactory
720575940644490276,central,Kenyon_Cell
720575940624829479,central,Kenyon_Cell
720575940613557288,central,unknown
720575940629515306,central,Kenyon_Cell
720575940625681456,central,LHCENT
720575940629908540,central,unknown
720575940626730058,sensory,olfactory
720575940632333395,sensory,olfactory
720575940619029589,sensory,olfactory
720575940619357275,central,Kenyon_Cell
720575940621585507,sensory,olfactory
720575940625583204,sensory,olfactory
720575940624043107,central,unknown
720575940631448680,central,ALLN
720575940626664553,central,unknown
720575940614147178,sensory,olfactory
720575940620897389,central,unknown
720575940621290605,central,unknown
720575940636167280,central,ALPN
720575940608904312,central,unknown
720575940628565114,sensory,olfactory
720575940621749375,central,LHLN
720575940645670020,central,unknown
720575940647472260,central,LHLN
720575940620078215,central,unknown
720575940626500745,central,unknown
720575940622961802,central,ALLN
720575940616572043,central,unknown
720575940623387786,central,unknown
720575940631710860,central,LHLN
720575940625452176,central,LHLN
720575940624632980,central,unknown
720575940624338068,central,unknown
720575940628270235,central,Kenyon_Cell
720575940614638754,central,LHLN
720575940639018147,central,Kenyon_Cell
720575940621061285,central,ALLN
720575940614311079,central,Kenyon_Cell
720575940614376615,central,unknown
720575940621388969,central,unknown
720575940635511988,central,unknown
720575940622666933,central,Kenyon_Cell
720575940630793413,central,Kenyon_Cell
720575940622732493,central,Kenyon_Cell
720575940639116496,sensory,olfactory
720575940638559440,central,ALLN
720575940607626453,sensory,olfactory
720575940618308825,central,ALPN
720575940621880541,central,Kenyon_Cell
720575940625288423,sensory,olfactory
720575940625419495,central,unknown
720575940623289578,central,ALLN
720575940624174323,central,unknown
720575940621192436,sensory,olfactory
720575940641148149,descending,unknown
720575940629548282,central,LHLN
720575940626435330,central,unknown
720575940626533634,ascending,AN
720575940623650055,central,unknown
720575940622830856,central,Kenyon_Cell
720575940623781127,descending,unknown
720575940608544011,central,Kenyon_Cell
720575940630891791,central,unknown
720575940625681681,central,unknown
720575940625747217,central,unknown
720575940619160861,central,unknown
720575940626828574,central,Kenyon_Cell
720575940632530207,central,Kenyon_Cell
720575940623191334,central,Kenyon_Cell
720575940631711021,sensory,olfactory
720575940610542894,central,LHLN
720575940618112310,central,ALLN
720575940618210614,central,ALPN
720575940632890681,central,ALPN
720575940638559549,central,unknown
720575940618440000,descending,unknown
720575940631842119,sensory,olfactory
720575940628303183,sensory,olfactory
720575940631448913,central,Kenyon_Cell
720575940636560730,central,Kenyon_Cell
720575940635118943,central,unknown
720575940636069215,central,unknown
720575940620569953,central,unknown
720575940635184485,sensory,olfactory
720575940636364133,central,Kenyon_Cell
720575940639673715,central,LHLN
720575940636134775,central,Kenyon_Cell
720575940649045369,central,ALPN
720575940629450106,central,unknown
720575940618145147,sensory,olfactory
720575940619783548,central,unknown
720575940618308987,central,CX
720575940628237705,central,unknown
720575940616572299,central,unknown
720575940626107800,sensory,olfactory
720575940635807130,central,unknown
720575940629155227,descending,unknown
720575940633906588,central,unknown
720575940619062686,sensory,olfactory
720575940653829537,sensory,olfactory
720575940654878113,central,unknown
720575940613524903,central,unknown
720575940605037996,central,unknown
720575940604284337,central,unknown
720575940607233458,central,unknown
720575940634955188,sensory,olfactory
720575940639903165,central,unknown
720575940630957509,central,unknown
720575940608970197,central,ALPN
720575940631350743,sensory,olfactory
720575940630269404,central,Kenyon_Cell
720575940622339549,central,Kenyon_Cell
720575940637183454,central,ALLN
720575940604874208,central,unknown
720575940613590501,central,ALLN
720575940637412841,central,Kenyon_Cell
720575940624305642,central,unknown
720575940627451388,sensory,olfactory
720575940626599420,central,unknown
720575940614114814,central,ALPN
720575940621880831,central,unknown
720575940627910160,central,Kenyon_Cell
720575940628401681,central,unknown
720575940604808736,central,unknown
720575940621618721,central,LHLN
720575940616900130,central,unknown
720575940643573284,central,unknown
720575940632825389,central,LHLN
720575940618997297,central,Kenyon_Cell
720575940632432184,sensory,olfactory
720575940631842360,central,unknown
720575940613885506,sensory,olfactory
720575940623322697,sensory,olfactory
720575940630662737,sensory,olfactory
720575940619914837,central,LHLN
720575940616179286,sensory,olfactory
720575940629483095,central,Kenyon_Cell
720575940639116888,central,Kenyon_Cell
720575940625813081,sensory,olfactory
720575940615032406,central,unknown
720575940614573674,central,unknown
720575940614671978,central,unknown
720575940649012857,central,Kenyon_Cell
720575940627844734,central,ALPN
720575940629646974,central,LHLN
720575940618931846,central,unknown
720575940621684358,central,unknown
720575940622995080,central,Kenyon_Cell
720575940643311245,central,unknown
720575940611591829,central,Kenyon_Cell
720575940612935317,central,unknown
720575940612509337,central,unknown
720575940627811995,sensory,olfactory
720575940617916061,central,unknown
720575940653764257,sensory,olfactory
720575940614344354,central,ALPN
720575940619423398,central,Kenyon_Cell
720575940612968103,central,unknown
720575940621618859,central,ALIN
720575940620144304,central,unknown
720575940634365620,sensory,olfactory
720575940623748789,central,unknown
720575940623126200,central,LHLN
720575940623945404,central,ALPN
720575940620373697,central,Kenyon_Cell
720575940628238023,central,unknown
720575940625944266,central,Kenyon_Cell
720575940631154380,central,Kenyon_Cell
720575940608970453,central,unknown
720575940610739930,central,Kenyon_Cell
720575940631154396,central,unknown
720575940631875298,sensory,thermosensory
720575940622307051,central,Kenyon_Cell
720575940623781611,descending,unknown
720575940623224555,central,unknown
720575940620472046,central,Kenyon_Cell
720575940629384953,sensory,olfactory
720575940629548794,central,unknown
720575940630105851,sensory,olfactory
720575940626009852,descending,unknown
720575940627517186,central,unknown
720575940624043784,central,LHLN
720575940628565776,sensory,olfactory
720575940628336401,central,LHLN
720575940626468629,central,Kenyon_Cell
720575940611985174,sensory,olfactory
720575940612149014,sensory,olfactory
720575940627713813,central,unknown
720575940633808665,central,Kenyon_Cell
720575940626075422,central,unknown
720575940645211939,sensory,olfactory
720575940624863015,central,ALPN
720575940613197608,central,Kenyon_Cell
720575940623322921,central,unknown
720575940621913897,central,Kenyon_Cell
720575940628533036,central,unknown
720575940619358001,central,Kenyon_Cell
720575940630138679,central,unknown
720575940631056184,central,unknown
720575940629253948,sensory,olfactory
720575940624928574,central,LHCENT
720575940618604352,central,unknown
720575940614770498,central,unknown
720575940630105931,sensory,olfactory
720575940632399691,central,unknown
720575940622733133,central,LHLN
720575940632006481,central,Kenyon_Cell
720575940626534226,sensory,olfactory
720575940627353426,central,ALPN
720575940631547729,central,unknown
720575940639182680,sensory,olfactory
720575940625485657,sensory,olfactory
720575940608184156,central,Kenyon_Cell
720575940610412386,sensory,olfactory
720575940630630248,sensory,olfactory
720575940628205417,sensory,olfactory
720575940614180714,central,Kenyon_Cell
720575940626993001,central,Kenyon_Cell
720575940637282167,central,ALPN
720575940650946425,central,ALPN
720575940620177275,central,unknown
720575940638691200,central,Kenyon_Cell
720575940659400577,central,ALPN
720575940623486858,central,unknown
720575940628467611,central,ALPN
720575940630990756,sensory,olfactory
720575940632137636,central,unknown
720575940620472235,central,unknown
720575940622831541,sensory,olfactory
720575940623617973,central,ALPN
720575940626010042,central,unknown
720575940639150013,central,unknown
720575940605890505,central,unknown
720575940612607953,central,Kenyon_Cell
720575940611592154,central,Kenyon_Cell
720575940622634973,central,unknown
720575940616310751,central,unknown
720575940616376287,descending,unknown
720575940624666604,central,LHLN
720575940619259886,central,Kenyon_Cell
720575940620537839,central,Kenyon_Cell
720575940612575230,central,Kenyon_Cell
720575940623650823,central,ALLN
720575940626567178,central,unknown
720575940615917580,central,LHLN
720575940622929944,central,LHLN
720575940617228315,central,Kenyon_Cell
720575940605431840,central,Kenyon_Cell
720575940608512046,central,unknown
720575940619358257,central,Kenyon_Cell
720575940614344755,sensory,olfactory
720575940646916148,central,unknown
720575940616343611,central,Kenyon_Cell
720575940640559165,central,ALLN
720575940637118527,central,unknown
720575940621946945,visual_projection,unknown
720575940637806662,central,unknown
720575940626403400,central,Kenyon_Cell
720575940623781965,central,Kenyon_Cell
720575940638593102,central,Kenyon_Cell
720575940619620432,central,unknown
720575940631318609,sensory,olfactory
720575940640100440,central,unknown
720575940620603489,sensory,olfactory
720575940604645478,sensory,olfactory
720575940635119723,central,unknown
720575940620177517,central,Kenyon_Cell
720575940638822515,sensory,olfactory
720575940620406900,sensory,olfactory
720575940636135543,central,Kenyon_Cell
720575940650946681,central,unknown
720575940626600067,central,unknown
720575940626632837,central,Kenyon_Cell
720575940620472454,central,unknown
720575940620112007,central,LHLN
720575940625584265,central,unknown
720575940626698377,central,Kenyon_Cell
720575940628238473,central,unknown
720575940627157135,sensory,olfactory
720575940624601236,central,Kenyon_Cell
720575940611068053,sensory,olfactory
720575940625354904,central,Kenyon_Cell
720575940613623961,central,unknown
720575940616999069,sensory,thermosensory
720575940642492576,central,ALPN
720575940610052266,central,ALPN
720575940605661361,sensory,olfactory
720575940605792434,central,Kenyon_Cell
720575940610773171,central,Kenyon_Cell
720575940620177601,sensory,olfactory
720575940621750465,central,unknown
720575940610511043,central,ALPN
720575940630958277,central,unknown
720575940630106309,descending,unknown
720575940622700749,sensory,hygrosensory
720575940609921230,central,Kenyon_Cell
720575940619456728,central,ALPN
720575940629287132,central,unknown
720575940622438621,central,unknown
720575940633186530,central,unknown
720575940636561636,central,Kenyon_Cell
720575940611035365,central,Kenyon_Cell
720575940624470247,central,unknown
720575940636561641,central,Kenyon_Cell
720575940623880427,central,unknown
720575940612870381,central,Kenyon_Cell
720575940620931312,central,ALPN
720575940628304113,central,Kenyon_Cell
720575940635545848,central,unknown
720575940622668031,central,unknown
720575940628861188,central,ALLN
720575940608708875,central,Kenyon_Cell
720575940621914381,sensory,olfactory
720575940625781009,central,Kenyon_Cell
720575940612542742,central,unknown
720575940646097175,central,unknown
720575940622930200,central,unknown
720575940632531231,central,Kenyon_Cell
720575940606218528,central,unknown
720575940625781029,central,Kenyon_Cell
720575940623847728,central,unknown
720575940639314229,descending,unknown
720575940618080566,sensory,olfactory
720575940631875896,central,unknown
720575940627321146,central,unknown
720575940618277184,central,ALPN
720575940631351619,central,Kenyon_Cell
720575940626698568,sensory,olfactory
720575940621291852,sensory,olfactory
720575940618473808,central,Kenyon_Cell
720575940633317713,central,unknown
720575940626043218,central,ALPN
720575940630532439,sensory,olfactory
720575940620505435,central,LHLN
720575940634399071,sensory,olfactory
720575940635119967,central,unknown
720575940625584484,central,ALLN
720575940606775654,central,Kenyon_Cell
720575940631908712,central,LHLN
720575940615000426,central,unknown
720575940638888307,central,Kenyon_Cell
720575940618932603,central,unknown
720575940622209404,central,LHLN
720575940622176648,central,unknown
720575940626698633,central,Kenyon_Cell
720575940615885195,sensory,olfactory
720575940614869387,central,Kenyon_Cell
720575940627779983,central,unknown
720575940623913364,central,ALPN
720575940615983510,central,unknown
720575940633907607,central,Kenyon_Cell
720575940617720221,sensory,olfactory
720575940618539422,sensory,olfactory
720575940618211742,central,Kenyon_Cell
720575940655010209,sensory,olfactory
720575940654879137,central,Kenyon_Cell
720575940639543715,central,Kenyon_Cell
720575940621226405,central,DAN
720575940611002803,central,unknown
720575940634988991,central,LHLN
720575940628697538,central,unknown
720575940608545219,central,unknown
720575940623225284,central,Kenyon_Cell
720575940625977802,central,ALLN
720575940630991308,sensory,olfactory
720575940622242253,sensory,olfactory
720575940624175565,central,ALPN
720575940631941587,sensory,olfactory
720575940633186771,central,Kenyon_Cell
720575940608152021,central,Kenyon_Cell
720575940608971221,central,unknown
720575940617032148,central,unknown
720575940612444645,central,unknown
720575940637970921,central,Kenyon_Cell
720575940625879537,central,ALPN
720575940619620852,central,ALPN
720575940620866036,central,unknown
720575940630696443,central,Kenyon_Cell
720575940628599296,sensory,olfactory
720575940606611977,central,unknown
720575940608283147,sensory,olfactory
720575940624699918,central,Kenyon_Cell
720575940625977870,central,unknown
720575940625355281,central,unknown
720575940625715733,central,Kenyon_Cell
720575940622930456,central,unknown
720575940622864920,central,Kenyon_Cell
720575940632465945,central,Kenyon_Cell
720575940632793645,central,unknown
720575940632203823,central,Kenyon_Cell
720575940638855733,sensory,olfactory
720575940638528053,central,unknown
720575940630336057,central,Kenyon_Cell
720575940616376891,central,unknown
720575940615262786,central,Kenyon_Cell
720575940616704581,sensory,olfactory
720575940637610566,central,unknown
720575940631056971,central,Kenyon_Cell
720575940624699981,central,Kenyon_Cell
720575940628632143,central,unknown
720575940630958673,sensory,olfactory
720575940626895442,central,Kenyon_Cell
720575940639117912,central,Kenyon_Cell
720575940608053852,sensory,olfactory
720575940621292126,central,LHLN
720575940635054687,central,unknown
720575940623192675,sensory,olfactory
720575940626174564,central,unknown
720575940629254759,central,Kenyon_Cell
720575940611428977,central,unknown
720575940619883124,central,unknown
720575940636299895,central,unknown
720575940624994941,central,Kenyon_Cell
720575940647473796,central,unknown
720575940618572422,central,Kenyon_Cell
720575940630991500,central,unknown
720575940614476434,central,unknown
720575940629058203,central,LHLN
720575940614378143,central,unknown
720575940614673058,central,unknown
720575940620243621,central,unknown
720575940621226661,central,unknown
720575940614443687,central,unknown
720575940620210854,central,Kenyon_Cell
720575940636431022,central,Kenyon_Cell
720575940613690031,central,Kenyon_Cell
720575940635513524,central,unknown
720575940619686593,central,unknown
720575940630368965,sensory,olfactory
720575940630696645,sensory,olfactory
720575940642624200,central,Kenyon_Cell
720575940610872014,descending,unknown
720575940630139599,central,Kenyon_Cell
720575940612674257,sensory,olfactory
720575940614116049,central,unknown
720575940616311513,sensory,olfactory
720575940620178141,central,LHLN
720575940623356651,central,unknown
720575940624405228,central,Kenyon_Cell
720575940613493485,central,unknown
720575940624405235,central,unknown
720575940651864822,central,Kenyon_Cell
720575940627911415,central,unknown
720575940633580280,central,unknown
720575940630598395,central,Kenyon_Cell
720575940627452668,sensory,olfactory
720575940630008571,central,LHCENT
720575940621521663,central,Kenyon_Cell
720575940621456127,central,unknown
720575940625814274,sensory,olfactory
720575940627059460,central,Kenyon_Cell
720575940628239110,central,Kenyon_Cell
720575940628697872,central,Kenyon_Cell
720575940631253778,central,unknown
720575940620997396,visual_projection,unknown
720575940610773782,central,ALPN
720575940622930712,central,unknown
720575940633940761,sensory,olfactory
720575940632335129,central,Kenyon_Cell
720575940605694752,ascending,AN
720575940620997409,sensory,olfactory
720575940604810016,central,unknown
720575940625781541,central,Kenyon_Cell
720575940628009771,sensory,olfactory
720575940628599595,sensory,olfactory
720575940618277681,central,Kenyon_Cell
720575940647703348,visual_projection,unknown
720575940638626613,central,Kenyon_Cell
720575940628173623,central,unknown
720575940631057209,central,Kenyon_Cell
720575940618146619,central,ALPN
720575940619260737,central,Kenyon_Cell
720575940624044873,central,Kenyon_Cell
720575940624274249,central,unknown
720575940631319371,central,unknown
720575940620407628,central,Kenyon_Cell
720575940627321674,central,unknown
720575940638561102,central,Kenyon_Cell
720575940632105809,central,Kenyon_Cell
720575940631450451,sensory,olfactory
720575940637938522,central,unknown
720575940634235744,central,Kenyon_Cell
720575940645344110,central,Kenyon_Cell
720575940615754613,central,Kenyon_Cell
720575940611527544,central,LHLN
720575940625159043,central,unknown
720575940646785924,sensory,thermosensory
720575940622996360,central,Kenyon_Cell
720575940635153294,central,Kenyon_Cell
720575940632728476,central,Kenyon_Cell
720575940619522974,central,unknown
720575940632433572,central,unknown
720575940621226917,central,unknown
720575940619654053,descending,unknown
720575940621030320,central,unknown
720575940604941234,central,unknown
720575940634792884,central,unknown
720575940620538806,sensory,olfactory
720575940637316029,central,Kenyon_Cell
720575940628599746,sensory,olfactory
720575940629746626,central,Kenyon_Cell
720575940630696901,sensory,olfactory
720575940615885766,central,unknown
720575940618802123,sensory,olfactory
720575940631253967,sensory,olfactory
720575940633940947,central,unknown
720575940617917396,descending,unknown
720575940616934361,sensory,olfactory
720575940640986075,central,ALLN
720575940628829148,central,Kenyon_Cell
720575940621456349,sensory,olfactory
720575940614378463,sensory,olfactory
720575940617327590,central,ALLN
720575940620440559,central,Kenyon_Cell
720575940621423604,central,unknown
720575940641084405,central,Kenyon_Cell
720575940636627960,central,unknown
720575940630107131,sensory,olfactory
720575940612576254,central,Kenyon_Cell
720575940621554693,sensory,olfactory
720575940621620229,central,ALPN
720575940623455239,central,unknown
720575940626240522,sensory,olfactory
720575940626928650,central,unknown
720575940622930957,central,Kenyon_Cell
720575940627944464,sensory,thermosensory
720575940621325338,sensory,olfactory
720575940617688093,central,unknown
720575940605400096,central,ALPN
720575940617819170,central,unknown
720575940644623396,central,unknown
720575940631024682,central,Kenyon_Cell
720575940632826925,central,LHLN
720575940627223614,central,unknown
720575940616475717,central,Kenyon_Cell
720575940619916368,central,LHLN
720575940630664273,sensory,olfactory
720575940625454162,ascending,AN
720575940616475732,sensory,olfactory
720575940624045155,sensory,olfactory
720575940635776101,central,unknown
720575940629091431,central,ALON
720575940629910636,central,unknown
720575940620866669,central,unknown
720575940638069875,sensory,olfactory
720575940640789619,visual_centrifugal,unknown
720575940630336634,central,unknown
720575940622013564,central,Kenyon_Cell
720575940628632702,sensory,olfactory
720575940629681278,central,unknown
720575940621554815,central,Kenyon_Cell
720575940626601093,sensory,olfactory
720575940631450764,sensory,olfactory
720575940617098385,central,unknown
720575940611724437,central,Kenyon_Cell
720575940634170524,central,LHLN
720575940617786525,central,unknown
720575940620113054,central,unknown
720575940615394463,sensory,olfactory
720575940614476967,central,LHLN
720575940628829352,central,LHLN
720575940621849769,central,unknown
720575940610380970,central,unknown
720575940605039788,central,unknown
720575940611331251,central,unknown
720575940621292726,central,unknown
720575940625388730,central,unknown
720575940615623867,central,unknown
720575940635022527,central,unknown
720575940620833985,sensory,olfactory
720575940631942341,central,unknown
720575940631876805,central,unknown
720575940641936584,central,Kenyon_Cell
720575940609594574,central,unknown
720575940608971989,central,LHLN
720575940621817046,central,ALPN
720575940632925409,central,Kenyon_Cell
720575940637185252,central,ALPN
720575940627322088,sensory,olfactory
720575940626633960,central,Kenyon_Cell
720575940612019442,sensory,olfactory
720575940621260020,central,unknown
720575940650554614,central,unknown
720575940652258550,central,unknown
720575940628894970,sensory,olfactory
720575940624176381,central,unknown
720575940624274685,central,unknown
720575940623291647,central,LHLN
720575940626371842,central,Kenyon_Cell
720575940625749258,central,unknown
720575940631549202,descending,unknown
720575940622439704,central,Kenyon_Cell
720575940625028380,sensory,olfactory
720575940625683740,central,Kenyon_Cell
720575940626961694,central,LHLN
720575940632532255,central,Kenyon_Cell
720575940619031837,central,unknown
720575940646229283,central,Kenyon_Cell
720575940643869988,central,ALLN
720575940645541155,central,unknown
720575940633941293,central,unknown
720575940632007983,central,ALLN
720575940618343734,sensory,olfactory
720575940629845303,central,unknown
720575940628436282,descending,unknown
720575940639118653,sensory,olfactory
720575940637087039,sensory,olfactory
720575940617229632,central,ALPN
720575940617917760,central,ALPN
720575940638594374,central,unknown
720575940632171857,central,unknown
720575940609168732,central,unknown
720575940635055455,central,unknown
720575940625585508,central,ALLN
720575940637611365,central,unknown
720575940605007206,central,unknown
720575940604319078,central,Kenyon_Cell
720575940628338028,central,ALPN
720575940612019570,central,Kenyon_Cell
720575940638922099,central,unknown
720575940621423999,sensory,olfactory
720575940618671495,central,Kenyon_Cell
720575940624012692,central,ALLN
720575940634432919,central,unknown
720575940615394719,central,ALPN
720575940613920159,central,Kenyon_Cell
720575940615460255,ascending,AN
720575940614673826,central,unknown
720575940626404776,central,Kenyon_Cell
720575940622046633,sensory,olfactory
720575940611724714,central,unknown
720575940604908972,central,Kenyon_Cell
720575940605007276,central,unknown
720575940605171121,central,Kenyon_Cell
720575940610774451,central,Kenyon_Cell
720575940633286068,central,ALLN
720575940628174279,central,unknown
720575940628207047,central,unknown
720575940639905232,central,Kenyon_Cell
720575940634334675,central,unknown
720575940604483040,central,Kenyon_Cell
720575940632303073,central,unknown
720575940633613794,central,LHLN
720575940612347363,central,LHLN
720575940624733671,central,unknown
720575940636562921,central,Kenyon_Cell
720575940623390186,central,Kenyon_Cell
720575940620342768,central,Kenyon_Cell
720575940622734835,central,ALPN
720575940651079158,sensory,hygrosensory
720575940630599161,central,unknown
720575940627420668,central,unknown
720575940627813892,central,unknown
720575940628076038,central,Kenyon_Cell
720575940609496585,central,ALPN
720575940630926863,central,LHLN
720575940632532511,central,Kenyon_Cell
720575940626535973,central,unknown
720575940628862507,central,unknown
720575940629911084,central,Kenyon_Cell
720575940631483949,central,Kenyon_Cell
720575940608644654,central,Kenyon_Cell
720575940625454640,central,Kenyon_Cell
720575940618868273,central,Kenyon_Cell
720575940647966260,central,unknown
720575940637906502,sensory,olfactory
720575940631090759,sensory,olfactory
720575940639479366,central,ALPN
720575940623423049,central,unknown
720575940623881801,central,Kenyon_Cell
720575940627650120,central,unknown
720575940620932684,central,Kenyon_Cell
720575940624602701,central,unknown
720575940618606160,central,Kenyon_Cell
720575940632335953,sensory,olfactory
720575940617819728,central,unknown
720575940632041043,sensory,olfactory
720575940616377942,sensory,olfactory
720575940630566487,central,unknown
720575940625684057,central,ALLN
720575940634695263,central,unknown
720575940620015201,sensory,olfactory
720575940619589217,central,unknown
720575940629354087,central,unknown
720575940631713384,central,Kenyon_Cell
720575940620932717,sensory,olfactory
720575940636137079,central,unknown
720575940605236866,central,Kenyon_Cell
720575940606776962,central,unknown
720575940645377668,central,Kenyon_Cell
720575940622014090,central,ALLN
720575940630435468,central,unknown
720575940633155226,central,Kenyon_Cell
720575940615657119,sensory,olfactory
720575940643804832,central,LHLN
720575940613396130,sensory,olfactory
720575940640855715,central,unknown
720575940639020707,central,Kenyon_Cell
720575940632434340,central,Kenyon_Cell
720575940604352172,central,ALPN
720575940613494447,central,LHLN
720575940612347571,central,ALLN
720575940621326006,central,unknown
720575940623586999,central,Kenyon_Cell
720575940616017593,central,unknown
720575940606514878,central,unknown
720575940634990271,central,unknown
720575940623750852,sensory,olfactory
720575940624537284,descending,unknown
720575940615886534,central,LHCENT
720575940622800589,central,Kenyon_Cell
720575940619097816,sensory,olfactory
720575940623062749,sensory,olfactory
720575940623619805,visual_projection,unknown
720575940632729313,sensory,olfactory
720575940616902374,central,Kenyon_Cell
720575940624144107,central,Kenyon_Cell
720575940620244719,central,unknown
720575940620408560,sensory,olfactory
720575940631680763,sensory,olfactory
720575940627060476,sensory,olfactory
720575940623030015,central,Kenyon_Cell
720575940621424397,sensory,olfactory
720575940627912464,central,Kenyon_Cell
720575940628600592,central,unknown
720575940627486485,central,unknown
720575940612740886,central,Kenyon_Cell
720575940633515801,central,unknown
720575940625520412,sensory,olfactory
720575940627912492,central,Kenyon_Cell
720575940631549743,central,Kenyon_Cell
720575940638824245,central,unknown
720575940631451449,central,unknown
720575940625946430,sensory,olfactory
720575940624275262,central,unknown
720575940628174674,central,unknown
720575940627158866,central,Kenyon_Cell
720575940620146523,sensory,olfactory
720575940615952221,central,unknown
720575940621784926,central,Kenyon_Cell
720575940617328477,central,Kenyon_Cell
720575940634466144,central,unknown
720575940631058280,central,unknown
720575940628993900,sensory,olfactory
720575940620179309,central,Kenyon_Cell
720575940637087599,central,unknown
720575940635416431,central,unknown
720575940630271862,sensory,hygrosensory
720575940649342841,central,unknown
720575940629452670,sensory,olfactory
720575940630763390,sensory,olfactory
720575940650751873,sensory,thermosensory
720575940604974978,central,ALPN
720575940621129607,central,LHCENT
720575940621358984,central,Kenyon_Cell
720575940624406408,central,unknown
720575940641904525,central,unknown
720575940625913743,central,unknown
720575940625749904,central,unknown
720575940610873237,sensory,olfactory
720575940613167007,central,ALPN
720575940641773472,central,ALLN
720575940653078433,central,Kenyon_Cell
720575940620212133,central,unknown
720575940621424549,central,unknown
720575940620474278,central,unknown
720575940622833577,sensory,olfactory
720575940635678638,central,unknown
720575940634826676,central,unknown
720575940620277686,central,unknown
720575940618442681,central,unknown
720575940625127354,sensory,olfactory
720575940630665157,central,unknown
720575940623914954,central,Kenyon_Cell
720575940625586122,central,ALPN
720575940631975884,central,ALLN
720575940617885643,central,ALPN
720575940617328596,central,unknown
720575940622112726,sensory,hygrosensory
720575940642658267,central,unknown
720575940628404188,central,Kenyon_Cell
720575940614936543,central,unknown
720575940637743076,central,unknown
720575940616902630,central,Kenyon_Cell
720575940638201833,central,unknown
720575940623489002,central,unknown
720575940624308203,central,unknown
720575940628371441,central,unknown
720575940630697979,central,unknown
720575940624013309,central,Kenyon_Cell
720575940614117374,sensory,olfactory
720575940614248446,central,Kenyon_Cell
720575940622964735,central,unknown
720575940628404227,central,unknown
720575940610185221,sensory,olfactory
720575940628895750,central,unknown
720575940626601994,central,ALPN
720575940609890315,central,ALLN
720575940627290122,central,unknown
720575940614313996,central,Kenyon_Cell
720575940627257361,central,unknown
720575940627290129,central,unknown
720575940631255058,central,unknown
720575940617754653,sensory,olfactory
720575940617295901,central,ALLN
720575940618901533,central,ALPN
720575940645214243,sensory,olfactory
720575940622538790,sensory,olfactory
720575940631943213,sensory,olfactory
720575940632696877,central,Kenyon_Cell
720575940620343345,central,unknown
720575940645345332,sensory,olfactory
720575940646852660,central,DAN
720575940631877688,central,LHLN
720575940639053885,sensory,olfactory
720575940615526466,central,LHLN
720575940614871106,central,ALPN
720575940632991815,descending,unknown
720575940627716168,central,unknown
720575940624046153,central,Kenyon_Cell
720575940624701513,central,unknown
720575940617623632,central,Kenyon_Cell
720575940616345686,central,ALPN
720575940616673366,central,unknown
720575940620310625,central,Kenyon_Cell
720575940631287912,central,ALLN
720575940633188459,central,Kenyon_Cell
720575940630272108,central,Kenyon_Cell
720575940611856498,central,ALPN
720575940620638335,central,ALPN
720575940638496896,central,Kenyon_Cell
720575940640757888,central,unknown
720575940619163783,sensory,olfactory
720575940617918603,central,ALLN
720575940641609869,central,ALLN
720575940618180766,central,unknown
720575940615166111,central,unknown
720575940618344606,ascending,AN
720575940638791843,central,unknown
720575940621457577,central,Kenyon_Cell
720575940632697005,central,unknown
720575940632008877,central,unknown
720575940604876977,sensory,olfactory
720575940604352689,sensory,olfactory
720575940608252082,central,LHCENT
720575940620802230,sensory,olfactory
720575940622276791,sensory,olfactory
720575940632303807,central,unknown
720575940642134216,central,unknown
720575940625651914,central,unknown
720575940609792206,sensory,hygrosensory
720575940613527761,central,unknown
720575940616673497,central,Kenyon_Cell
720575940640331995,sensory,olfactory
720575940632172770,central,Kenyon_Cell
720575940633680098,central,LHLN
720575940624832743,central,ALLN
720575940639152361,descending,unknown
720575940623554796,central,unknown
720575940624668908,central,unknown
720575940652128502,central,unknown
720575940622735615,central,Kenyon_Cell
720575940628928771,central,LHLN
720575940627683588,central,unknown
720575940620572933,sensory,olfactory
720575940627585286,central,Kenyon_Cell
720575940606974219,sensory,olfactory
720575940614576396,central,ALPN
720575940608383243,central,Kenyon_Cell
720575940628142352,central,ALLN
720575940626012433,sensory,olfactory
720575940619360532,sensory,olfactory
720575940620245268,central,unknown
720575940621654298,sensory,olfactory
720575940622047514,central,unknown
720575940617034013,sensory,olfactory
720575940626864414,central,Kenyon_Cell
720575940643477796,sensory,olfactory
720575940617984297,sensory,olfactory
720575940628437291,descending,unknown
720575940632336685,central,Kenyon_Cell
720575940618541361,central,unknown
720575940615723314,central,unknown
720575940631615800,sensory,olfactory
720575940631877944,central,unknown
720575940631189817,central,unknown
720575940629453116,sensory,olfactory
720575940639349053,central,unknown
720575940631353671,central,unknown
720575940633221447,central,unknown
720575940632107335,central,DAN
720575940624963917,sensory,olfactory
720575940626569554,ascending,AN
720575940632566099,central,unknown
720575940619917653,central,unknown
720575940615723350,sensory,olfactory
720575940633778528,central,unknown
720575940614871402,central,Kenyon_Cell
720575940614281578,central,unknown
720575940628961644,sensory,olfactory
720575940620573037,central,unknown
720575940643707246,sensory,hygrosensory
720575940643281262,central,Kenyon_Cell
720575940610218360,central,Kenyon_Cell
720575940658321793,central,Kenyon_Cell
720575940618606983,sensory,olfactory
720575940622440840,sensory,olfactory
720575940632795532,central,ALLN
720575940630731148,central,Kenyon_Cell
720575940616804753,central,Kenyon_Cell
720575940616378769,central,unknown
720575940613003669,central,unknown
720575940616018326,central,unknown
720575940634663319,central,unknown
720575940614740374,central,unknown
720575940610906521,central,Kenyon_Cell
720575940633024924,sensory,olfactory
720575940614314399,central,unknown
720575940631353764,sensory,olfactory
720575940632435108,central,unknown
720575940614150567,central,unknown
720575940628896168,central,unknown
720575940636531118,central,unknown
720575940633909695,sensory,olfactory
720575940633713087,sensory,olfactory
720575940629518786,central,unknown
720575940643543496,central,unknown
720575940606056905,central,ALLN
720575940622604749,sensory,olfactory
720575940630895055,central,ALPN
720575940630862287,central,Kenyon_Cell
720575940630927823,central,unknown
720575940616640980,central,unknown
720575940607990229,central,ALPN
720575940629977559,sensory,olfactory
720575940641282523,sensory,olfactory
720575940628994524,sensory,olfactory
720575940622375389,sensory,olfactory
720575940633254370,central,unknown
720575940633614818,central,unknown
720575940624210407,sensory,olfactory
720575940623784428,central,unknown
720575940620605940,central,unknown
720575940619491828,central,unknown
720575940628601344,sensory,olfactory
720575940630174208,sensory,olfactory
720575940620900869,central,unknown
720575940626930186,central,Kenyon_Cell
720575940607793675,central,Kenyon_Cell
720575940627192337,central,unknown
720575940620671512,sensory,olfactory
720575940633221657,sensory,olfactory
720575940621326874,sensory,olfactory
720575940626930206,central,LHLN
720575940633483807,central,ALLN
720575940646263331,central,Kenyon_Cell
720575940643183140,sensory,olfactory
720575940644362788,central,ALLN
720575940645673508,central,unknown
720575940624570917,central,Kenyon_Cell
720575940616903209,sensory,olfactory
720575940629518892,sensory,olfactory
720575940632271405,central,LHLN
720575940610611758,sensory,olfactory
720575940646197812,central,unknown
720575940628732471,central,Kenyon_Cell
720575940626143806,central,ALPN
720575940618574400,central,LHLN
720575940629256779,central,unknown
720575940623030861,sensory,hygrosensory
720575940639021646,central,LHLN
720575940628634191,central,LHLN
720575940617853524,central,Kenyon_Cell
720575940626700889,central,Kenyon_Cell
720575940626831961,central,unknown
720575940617394781,central,unknown
720575940620737121,central,Kenyon_Cell
720575940633156203,central,ALLN
720575940634860143,sensory,olfactory
720575940634991215,sensory,olfactory
720575940613003889,central,unknown
720575940640791155,central,unknown
720575940627946106,central,unknown
720575940626668165,central,Kenyon_Cell
720575940630960780,sensory,olfactory
720575940622441107,sensory,olfactory
720575940611496597,central,unknown
720575940627159704,sensory,olfactory
720575940634303132,central,ALLN
720575940614707874,central,unknown
720575940614544034,central,Kenyon_Cell
720575940611857066,central,unknown
720575940635515572,central,unknown
720575940624243388,central,Kenyon_Cell
720575940622342852,sensory,olfactory
720575940622473924,central,unknown
720575940615133894,central,Kenyon_Cell
720575940642495176,central,unknown
720575940615002833,central,unknown
720575940609399506,central,Kenyon_Cell
720575940617296601,central,unknown
720575940616575705,central,unknown
720575940615068383,central,Kenyon_Cell
720575940633352929,central,unknown
720575940613167845,central,ALLN
720575940617362150,sensory,olfactory
720575940611988197,central,unknown
720575940637973225,central,Kenyon_Cell
720575940613692141,central,LHLN
720575940613364461,central,Kenyon_Cell
720575940628536055,central,Kenyon_Cell
720575940629388026,central,Kenyon_Cell
720575940617820929,central,Kenyon_Cell
720575940622211845,sensory,olfactory
720575940624964362,sensory,olfactory
720575940627454730,central,unknown
720575940628044560,sensory,olfactory
720575940633156377,central,unknown
720575940619819802,central,unknown
720575940617067305,sensory,olfactory
720575940616903465,sensory,olfactory
720575940629814060,central,Kenyon_Cell
720575940615953202,central,DAN
720575940638432053,central,unknown
720575940618902326,central,unknown
720575940616805179,central,unknown
720575940637449023,central,ALPN
720575940637711167,central,unknown
720575940618181445,central,Kenyon_Cell
720575940638006086,central,ALLN
720575940620573516,central,LHLN
720575940632271697,central,LHLN
720575940626307922,sensory,olfactory
720575940627585874,central,unknown
720575940609137500,visual_centrifugal,unknown
720575940617165661,central,Kenyon_Cell
720575940635777893,central,unknown
720575940628372327,sensory,olfactory
720575940629388135,sensory,gustatory
720575940629912428,central,ALLN
720575940613397362,central,unknown
720575940621359988,central,unknown
720575940621097855,central,Kenyon_Cell
720575940608285570,central,unknown
720575940646853508,central,unknown
720575940620311430,central,Kenyon_Cell
720575940615134091,central,unknown
720575940618574749,descending,unknown
720575940627454888,sensory,olfactory
720575940604418988,central,ALPN
720575940637612974,descending,unknown
720575940620082096,sensory,olfactory
720575940606548914,central,unknown
720575940622474165,central,Kenyon_Cell
720575940622343094,central,unknown
720575940605565886,central,Kenyon_Cell
720575940634991551,central,unknown
720575940621196224,central,ALPN
720575940629486530,central,unknown
720575940624440260,central,unknown
720575940624079821,central,ALLN
720575940639415248,sensory,olfactory
720575940617493460,central,unknown
720575940611791834,sensory,olfactory
720575940614642655,central,LHLN
720575940602977248,central,LHLN
720575940629594106,central,unknown
720575940624538599,central,unknown
720575940623358954,sensory,olfactory
720575940618214383,central,ALPN
720575940619623407,central,unknown
720575940623129587,sensory,olfactory
720575940652063734,central,ALLN
720575940629584887,central,unknown
720575940630666234,central,unknown
720575940628077568,central,ALPN
720575940617034753,central,Kenyon_Cell
720575940629355520,central,unknown
720575940623981576,sensory,olfactory
720575940614380556,central,unknown
720575940631223314,central,unknown
720575940626996252,sensory,olfactory
720575940621753377,central,ALPN
720575940617853986,central,unknown
720575940623916071,central,ALPN
720575940613528616,central,unknown
720575940627586091,sensory,olfactory
720575940618869814,central,unknown
720575940630142007,central,unknown
720575940632009784,central,unknown
720575940638989375,visual_projection,unknown
720575940617821248,central,LHLN
720575940609203268,central,Kenyon_Cell
720575940630600775,central,unknown
720575940621491276,central,unknown
720575940624702541,sensory,olfactory
720575940617854036,central,Kenyon_Cell
720575940628864087,central,unknown
720575940635122783,central,unknown
720575940622998627,central,unknown
720575940636105829,central,unknown
720575940629421159,descending,unknown
720575940631321704,central,ALON
720575940630043756,central,unknown
720575940611890289,central,unknown
720575940621163636,central,Kenyon_Cell
720575940636171383,central,Kenyon_Cell
720575940622015612,central,Kenyon_Cell
720575940639939712,central,unknown
720575940618574983,sensory,hygrosensory
720575940626865289,sensory,olfactory
720575940621786250,central,unknown
720575940640398477,central,ALPN
720575940624014483,central,ALIN
720575940628372635,sensory,olfactory
720575940618640542,sensory,olfactory
720575940643544224,central,Kenyon_Cell
720575940642921632,central,unknown
720575940639382691,central,unknown
720575940618738853,sensory,olfactory
720575940620311718,central,ALLN
720575940620541099,descending,unknown
720575940632108205,sensory,olfactory
720575940606319794,central,unknown
720575940616117433,central,unknown
720575940605664446,central,Kenyon_Cell
720575940621556928,sensory,olfactory
720575940619754699,central,unknown
720575940613954769,central,Kenyon_Cell
720575940609924306,sensory,olfactory
720575940617395412,central,Kenyon_Cell
720575940607958229,sensory,olfactory
720575940629617879,central,ALLN
720575940604714208,central,unknown
720575940613233891,central,unknown
720575940625521899,central,ALPN
720575940620475630,central,Kenyon_Cell
720575940627619057,central,unknown
720575940620705012,sensory,olfactory
720575940640955637,central,ALLN
720575940627160322,central,ALPN
720575940626439426,central,LHLN
720575940609269001,central,ALON
720575940627291402,central,unknown
720575940615101708,central,Kenyon_Cell
720575940624243982,central,Kenyon_Cell
720575940626111761,sensory,olfactory
720575940622081306,central,unknown
720575940614053149,sensory,olfactory
720575940606385440,central,ALLN
720575940622966054,sensory,olfactory
720575940612971816,sensory,olfactory
720575940624276784,central,Kenyon_Cell
720575940613987635,central,Kenyon_Cell
720575940646919476,central,unknown
720575940630961464,central,Kenyon_Cell
720575940631584057,central,Kenyon_Cell
720575940630797624,central,unknown
720575940637711686,central,unknown
720575940623457609,sensory,olfactory
720575940630928715,central,ALPN
720575940639022414,sensory,olfactory
720575940631911761,sensory,olfactory
720575940633320785,central,unknown
720575940639186264,sensory,olfactory
720575940625784153,central,ALPN
720575940620148059,sensory,olfactory
720575940633353568,sensory,olfactory
720575940610907490,central,Kenyon_Cell
720575940624473444,central,Kenyon_Cell
720575940627684713,central,unknown
720575940607040881,central,unknown
720575940636171639,central,Kenyon_Cell
720575940636302711,central,Kenyon_Cell
720575940630830458,central,LHLN
720575940629060986,central,unknown
720575940621589887,central,unknown
720575940606680450,central,unknown
720575940619689350,sensory,olfactory
720575940626996632,sensory,olfactory
720575940634107292,central,Kenyon_Cell
720575940644494752,descending,unknown
720575940620541349,central,ALLN
720575940627455400,sensory,olfactory
720575940625718696,central,Kenyon_Cell
720575940626144680,central,Kenyon_Cell
720575940635286958,central,Kenyon_Cell
720575940612251055,central,unknown
720575940605992369,central,unknown
720575940606483890,sensory,olfactory
720575940621327798,central,unknown
720575940605664702,central,Kenyon_Cell
720575940604550590,central,Kenyon_Cell
720575940609957315,central,unknown
720575940631027148,central,Kenyon_Cell
720575940639448528,sensory,olfactory
720575940611988946,central,unknown
720575940612120026,central,unknown
720575940604714464,central,LHLN
720575940632731105,sensory,olfactory
720575940603174368,central,Kenyon_Cell
720575940638006756,central,unknown
720575940611104229,central,Kenyon_Cell
720575940624473575,central,unknown
720575940624309739,central,LHLN
720575940614741485,central,LHLN
720575940621589999,central,unknown
720575940621491696,central,Kenyon_Cell
720575940612185586,central,unknown
720575940631617017,central,unknown
720575940620344837,central,Kenyon_Cell
720575940623851015,sensory,olfactory
720575940622212615,central,unknown
720575940622278157,central,Kenyon_Cell
720575940627193363,central,unknown
720575940612840982,central,unknown
720575940631879193,central,Kenyon_Cell
720575940621196826,sensory,olfactory
720575940614053405,sensory,olfactory
720575940632370719,central,Kenyon_Cell
720575940622736934,sensory,olfactory
720575940632239661,sensory,olfactory
720575940609891886,central,ALPN
720575940632501805,central,LHLN
720575940610514478,central,LHLN
720575940632829485,central,unknown
720575940615757362,sensory,olfactory
720575940615265843,central,unknown
720575940639219253,central,unknown
720575940618509878,central,unknown
720575940631518776,central,unknown
720575940615527995,central,Kenyon_Cell
720575940630109756,central,Kenyon_Cell
720575940635745855,sensory,olfactory
720575940637810239,central,Kenyon_Cell
720575940637089343,visual_projection,unknown
720575940631387719,central,Kenyon_Cell
720575940622147148,central,Kenyon_Cell
720575940633058897,central,Kenyon_Cell
720575940618116693,central,unknown
720575940616773206,central,unknown
720575940622048862,central,unknown
720575940635057759,central,unknown
720575940628471392,central,Kenyon_Cell
720575940620574305,sensory,olfactory
720575940606746214,central,unknown
720575940628602471,central,unknown
720575940636270199,central,unknown
720575940606680706,central,Kenyon_Cell
720575940607041154,central,unknown
720575940623130248,central,unknown
720575940641119885,sensory,olfactory
720575940613594783,central,unknown
720575940615429791,central,unknown
720575940654194337,sensory,olfactory
720575940654849697,sensory,olfactory
720575940614774434,central,ALLN
720575940653276833,central,Kenyon_Cell
720575940639022755,central,Kenyon_Cell
720575940613791399,central,ALLN
720575940621655723,central,unknown
720575940620476075,central,LHLN
720575940613889711,central,unknown
720575940606123698,central,Kenyon_Cell
720575940624211640,sensory,olfactory
720575940603829950,central,unknown
720575940634992319,central,unknown
720575940628831938,central,unknown
720575940630765253,central,unknown
720575940640759504,central,LHLN
720575940638662352,central,Kenyon_Cell
720575940617363156,central,Kenyon_Cell
720575940608810709,central,Kenyon_Cell
720575940608974549,central,unknown
720575940628569815,central,Kenyon_Cell
720575940635614942,central,Kenyon_Cell
720575940614184671,sensory,olfactory
720575940632338145,central,Kenyon_Cell
720575940611661541,central,Kenyon_Cell
720575940620639982,central,LHLN
720575940620508912,central,unknown
720575940640923381,central,Kenyon_Cell
720575940652064502,sensory,olfactory
720575940630044409,sensory,olfactory
720575940628864762,central,unknown
720575940614283006,central,Kenyon_Cell
720575940617035521,central,Kenyon_Cell
720575940628766467,central,Kenyon_Cell
720575940628766480,central,unknown
720575940620345108,central,unknown
720575940622081818,central,unknown
720575940631912223,central,unknown
720575940623032102,sensory,olfactory
720575940613791528,central,unknown
720575940632829741,central,LHLN
720575940618903345,sensory,olfactory
720575940613463859,central,unknown
720575940618149686,central,ALIN
720575940629749559,central,unknown
720575940615528251,central,Kenyon_Cell
720575940630011708,central,Kenyon_Cell
720575940639711037,central,unknown
720575940624473918,central,unknown
720575940609892164,central,unknown
720575940630339403,central,unknown
720575940622245708,central,Kenyon_Cell
720575940632272721,central,LHLN
720575940638957400,sensory,olfactory
720575940632371040,central,Kenyon_Cell
720575940634697573,central,unknown
720575940636335984,central,Kenyon_Cell
720575940637712243,central,ALPN
720575940615659381,sensory,olfactory
720575940630273910,central,unknown
720575940637056887,central,ALPN
720575940621098879,sensory,olfactory
720575940658814849,sensory,olfactory
720575940660912001,central,ALPN
720575940623064968,central,LHLN
720575940617494417,central,unknown
720575940610908053,central,unknown
720575940613201814,sensory,olfactory
720575940626833304,central,unknown
720575940654129057,central,Kenyon_Cell
720575940640858019,central,ALON
720575940639023011,central,Kenyon_Cell
720575940622540713,sensory,olfactory
720575940632698797,central,ALPN
720575940632928173,central,Kenyon_Cell
720575940636008366,central,unknown
720575940610088883,central,unknown
720575940635549620,descending,unknown
720575940623065013,sensory,hygrosensory
720575940625686458,central,LHLN
720575940624637884,central,Kenyon_Cell
720575940629913538,central,unknown
720575940630339525,sensory,olfactory
720575940622540749,central,unknown
720575940612087758,ascending,AN
720575940623458262,central,unknown
720575940628766679,central,Kenyon_Cell
720575940614676447,sensory,olfactory
720575940631650274,central,Kenyon_Cell
720575940611694565,central,Kenyon_Cell
720575940627390440,central,ALLN
720575940622606315,central,Kenyon_Cell
720575940614610925,central,ALPN
720575940652490742,central,unknown
720575940623491069,central,Kenyon_Cell
720575940608188427,descending,unknown
720575940632403986,central,ALLN
720575940626243614,central,unknown
720575940617166882,sensory,olfactory
720575940617986089,sensory,hygrosensory
720575940645576756,sensory,olfactory
720575940633059381,sensory,thermosensory
720575940630110263,central,LHLN
720575940631650361,central,Kenyon_Cell
720575940638990397,central,Kenyon_Cell
720575940639645757,central,unknown
720575940622245953,central,unknown
720575940631453763,central,Kenyon_Cell
720575940631388231,central,Kenyon_Cell
720575940621688926,central,Kenyon_Cell
720575940634992735,central,Kenyon_Cell
720575940620574817,sensory,olfactory
720575940626210916,central,unknown
720575940628635751,ascending,AN
720575940644429934,sensory,olfactory
720575940636401776,central,ALPN
720575940612907121,central,ALLN
720575940616577141,central,unknown
720575940630077558,central,ALLN
720575940609171576,central,Kenyon_Cell
720575940621328508,central,unknown
720575940629454974,sensory,olfactory
720575940621000831,central,unknown
720575940645544068,central,Kenyon_Cell
720575940619690118,sensory,olfactory
720575940620378246,central,Kenyon_Cell
720575940622999688,central,unknown
720575940624834697,central,ALPN
720575940614774923,central,ALPN
720575940624736400,sensory,olfactory
720575940617166993,central,unknown
720575940626800792,sensory,olfactory
720575940612284569,central,ALPN
720575940614709410,central,LHLN
720575940639121571,central,ALPN
720575940614348962,central,unknown
720575940622540969,sensory,olfactory
720575940639056061,central,Kenyon_Cell
720575940621590720,sensory,olfactory
720575940619591872,sensory,olfactory
720575940609237187,central,mAL
720575940614742214,sensory,olfactory
720575940628209863,central,LHLN
720575940625293514,sensory,thermosensory
720575940624113866,central,unknown
720575940610318542,sensory,olfactory
720575940611137742,central,unknown
720575940613234897,central,unknown
720575940615856345,sensory,thermosensory
720575940612120794,central,unknown
720575940629455068,sensory,olfactory
720575940639121636,central,ALIN
720575940616642790,central,ALLN
720575940618707183,central,Kenyon_Cell
720575940639088885,sensory,olfactory
720575940623393038,central,Kenyon_Cell
720575940627947792,central,Kenyon_Cell
720575940625162515,sensory,olfactory
720575940622311704,central,ALPN
720575940618051867,central,unknown
720575940626342174,central,ALLN
720575940643152164,central,ALPN
720575940615004456,central,unknown
720575940617986345,sensory,hygrosensory
720575940630864170,central,ALLN
720575940627849515,central,unknown
720575940613103912,central,unknown
720575940631978287,central,unknown
720575940630634799,central,Kenyon_Cell
720575940619297073,central,Kenyon_Cell
720575940615692594,sensory,olfactory
720575940625457456,central,unknown
720575940644987188,central,unknown
720575940636893493,central,unknown
720575940632043832,sensory,olfactory
720575940630044985,central,Kenyon_Cell
720575940633813309,sensory,olfactory
720575940618182981,central,Kenyon_Cell
720575940626571592,sensory,olfactory
720575940620869964,central,unknown
720575940619821392,central,unknown
720575940630733137,central,Kenyon_Cell
720575940619723088,central,Kenyon_Cell
720575940621033808,central,unknown
720575940628504919,central,ALPN
720575940638007640,central,unknown
720575940634698079,central,unknown
720575940634141024,central,Kenyon_Cell
720575940605436262,central,Kenyon_Cell
720575940636991856,central,Kenyon_Cell
720575940650885497,central,unknown
720575940621164927,central,ALLN
720575940640006528,central,Kenyon_Cell
720575940641251712,central,unknown
720575940607697282,sensory,olfactory
720575940660093313,central,unknown
720575940616315281,central,unknown
720575940613824914,central,ALPN
720575940622737812,central,Kenyon_Cell
720575940611498389,central,unknown
720575940633289111,central,Kenyon_Cell
720575940653703585,central,unknown
720575940639449507,sensory,olfactory
720575940620181925,central,unknown
720575940633026989,central,unknown
720575940631388589,central,unknown
720575940623688119,central,unknown
720575940623360440,central,unknown
720575940638564797,sensory,olfactory
720575940633190847,central,ALPN
720575940609040835,sensory,olfactory
720575940623163844,central,Kenyon_Cell
720575940623032781,central,Kenyon_Cell
720575940617462228,central,unknown
720575940622082518,sensory,thermosensory
720575940605927904,central,unknown
720575940632273378,central,Kenyon_Cell
720575940635353592,central,Kenyon_Cell
720575940630667770,central,unknown
720575940629029370,central,Kenyon_Cell
720575940621885957,central,unknown
720575940607369737,central,unknown
720575940626965002,central,Kenyon_Cell
720575940622836237,central,Kenyon_Cell
720575940627915280,central,Kenyon_Cell
720575940632371737,central,Kenyon_Cell
720575940613792296,central,unknown
720575940628406828,central,Kenyon_Cell
720575940632830509,central,LHLN
720575940626047536,sensory,olfactory
720575940625457712,central,LHLN
720575940625097274,central,ALPN
720575940615758395,sensory,olfactory
720575940629226044,sensory,olfactory
720575940628800060,central,unknown
720575940617036352,central,Kenyon_Cell
720575940615332418,central,Kenyon_Cell
720575940631388743,central,Kenyon_Cell
720575940624310857,central,unknown
720575940626833994,central,unknown
720575940627948111,sensory,olfactory
720575940628210255,sensory,olfactory
720575940630995537,central,unknown
720575940616151638,sensory,olfactory
720575940621263457,sensory,olfactory
720575940635419237,sensory,olfactory
720575940635288165,central,unknown
720575940628374121,central,Kenyon_Cell
720575940614218346,central,Kenyon_Cell
720575940631585388,central,unknown
720575940634468975,sensory,olfactory
720575940619756148,central,Kenyon_Cell
720575940630274678,central,unknown
720575940618609275,central,unknown
720575940621820540,central,ALPN
720575940615856779,sensory,olfactory
720575940624442000,sensory,olfactory
720575940623196819,central,unknown
720575940626997912,sensory,olfactory
720575940615594658,central,ALPN
720575940632437412,central,LHLN
720575940605993649,central,unknown
720575940607206066,central,unknown
720575940611957427,central,unknown
720575940622705335,sensory,olfactory
720575940615398075,sensory,olfactory
720575940624245436,central,unknown
720575940639285949,central,unknown
720575940630799042,central,ALIN
720575940616413894,central,unknown
720575940619821771,central,unknown
720575940614087377,central,unknown
720575940622607069,central,unknown
720575940604682976,central,unknown
720575940632404706,sensory,olfactory
720575940612448997,central,unknown
720575940613530349,central,unknown
720575940612219629,central,unknown
720575940620673776,sensory,olfactory
720575940621656816,central,unknown
720575940621689584,central,unknown
720575940621787892,central,unknown
720575940621755124,central,LHCENT
720575940650525430,central,unknown
720575940635386616,central,Kenyon_Cell
720575940627784442,central,unknown
720575940623557373,central,unknown
720575940614120190,sensory,olfactory
720575940613858046,central,unknown
720575940628538112,central,Kenyon_Cell
720575940629127936,central,Kenyon_Cell
720575940624671490,sensory,olfactory
720575940626965258,central,unknown
720575940626768656,central,ALPN
720575940628800277,sensory,olfactory
720575940612743958,central,Kenyon_Cell
720575940614054685,sensory,olfactory
720575940622934817,central,unknown
720575940643906340,sensory,olfactory
720575940623131433,central,Kenyon_Cell
720575940627817260,sensory,olfactory
720575940646921012,central,unknown
720575940618609462,central,ALPN
720575940631880505,central,LHLN
720575940625818426,sensory,olfactory
720575940616020795,central,ALPN
720575940628407098,central,unknown
720575940628013898,central,unknown
720575940621493068,ascending,AN
720575940627948367,sensory,olfactory
720575940618806101,sensory,olfactory
720575940630569815,sensory,olfactory
720575940631683927,central,ALPN
720575940621820763,central,unknown
720575940633781088,central,unknown
720575940620116833,central,unknown
720575940625490788,central,Kenyon_Cell
720575940624409444,central,unknown
720575940635157355,central,LHLN
720575940629521260,sensory,olfactory
720575940628669292,central,unknown
720575940636992368,central,MBON
720575940611662706,sensory,olfactory
720575940630340474,central,ALLN
720575940620182399,central,Kenyon_Cell
720575940639974272,central,Kenyon_Cell
720575940625163139,central,Kenyon_Cell
720575940619559815,central,unknown
720575940626867081,sensory,olfactory
720575940622771082,central,Kenyon_Cell
720575940622050186,central,Kenyon_Cell
720575940630078348,central,Kenyon_Cell
720575940636599182,sensory,olfactory
720575940635026330,central,unknown
720575940644004768,central,ALPN
720575940644725664,central,unknown
720575940614677410,central,unknown
720575940604126129,central,Kenyon_Cell
720575940605305777,central,ALLN
720575940635517876,central,unknown
720575940623262645,central,unknown
720575940623262652,central,unknown
720575940619789248,sensory,olfactory
720575940620411841,central,Kenyon_Cell
720575940629488578,central,unknown
720575940609237955,central,unknown
720575940622574532,central,ALPN
720575940630963141,central,LHLN
720575940615529414,central,ALPN
720575940627129290,central,ALPN
720575940632765388,sensory,olfactory
720575940631978956,central,ALLN
720575940640433104,central,unknown
720575940610941906,central,unknown
720575940616938470,sensory,olfactory
720575940623229927,central,Kenyon_Cell
720575940621558762,central,unknown
720575940625032171,central,unknown
720575940635452408,central,Kenyon_Cell
720575940624704514,central,unknown
720575940624344072,central,unknown
720575940627719184,central,ALPN
720575940619559956,sensory,olfactory
720575940619953172,central,unknown
720575940625261598,central,unknown
720575940617987113,sensory,hygrosensory
720575940629947439,central,ALPN
720575940631782447,central,Kenyon_Cell
720575940616053810,central,unknown
720575940638434357,sensory,olfactory
720575940631061559,central,unknown
720575940616905787,central,unknown
720575940626015294,central,Kenyon_Cell
720575940621821004,sensory,olfactory
720575940637647950,central,unknown
720575940628407375,sensory,olfactory
720575940621100117,sensory,olfactory
720575940629587031,sensory,olfactory
720575940637910106,central,ALPN
720575940620543067,sensory,olfactory
720575940618019933,central,unknown
720575940618970209,central,unknown
720575940626080868,central,Kenyon_Cell
720575940630996072,sensory,olfactory
720575940629849196,central,Kenyon_Cell
720575940640728179,central,unknown
720575940620477556,sensory,olfactory
720575940630209658,sensory,olfactory
720575940621788284,central,unknown
720575940659274881,sensory,olfactory
720575940622771338,central,Kenyon_Cell
720575940629783692,central,unknown
720575940624147600,sensory,olfactory
720575940613563538,sensory,olfactory
720575940622509203,sensory,olfactory
720575940635092122,central,ALLN
720575940632994970,central,ALPN
720575940633552028,central,ALPN
720575940617626781,sensory,olfactory
720575940615431327,central,unknown
720575940654490785,central,unknown
720575940613301410,central,Kenyon_Cell
720575940632634532,descending,unknown
720575940621460645,central,Kenyon_Cell
720575940613727399,central,Kenyon_Cell
720575940626769064,sensory,olfactory
720575940611237034,sensory,olfactory
720575940619297963,sensory,olfactory
720575940619003051,central,Kenyon_Cell
720575940613203119,central,ALPN
720575940611728563,central,Kenyon_Cell
720575940622542007,central,Kenyon_Cell
720575940624737464,central,Kenyon_Cell
720575940627031226,central,ALLN
720575940617299131,central,ALLN
720575940639057085,central,Kenyon_Cell
720575940606682302,central,unknown
720575940619658433,central,Kenyon_Cell
720575940621919428,central,Kenyon_Cell
720575940630275269,central,ALPN
720575940628210887,central,unknown
720575940619723979,central,Kenyon_Cell
720575940623099085,central,unknown
720575940611990738,sensory,olfactory
720575940632437971,sensory,olfactory
720575940634207443,central,ALPN
720575940611794138,central,unknown
720575940604486880,central,unknown
720575940631651554,central,unknown
720575940611204323,central,Kenyon_Cell
720575940623721703,sensory,olfactory
720575940614710509,visual_centrifugal,unknown
720575940623983859,central,unknown
720575940639483125,central,Kenyon_Cell
720575940624180479,central,ALLN
720575940626179334,sensory,olfactory
720575940624344328,central,unknown
720575940608386315,central,Kenyon_Cell
720575940627326229,central,unknown
720575940623000858,central,ALLN
720575940625851676,central,unknown
720575940645610787,central,unknown
720575940624540967,central,unknown
720575940622804263,central,unknown
720575940630013228,central,unknown
720575940625655088,central,Kenyon_Cell
720575940618937649,sensory,olfactory
720575940617102646,central,unknown
720575940631061815,central,unknown
720575940631782712,central,Kenyon_Cell
720575940627129672,sensory,olfactory
720575940626834762,central,Kenyon_Cell
720575940639024462,sensory,olfactory
720575940638664014,central,ALLN
720575940628538703,central,unknown
720575940625589593,sensory,olfactory
720575940635059551,central,unknown
720575940604978534,central,Kenyon_Cell
720575940631618920,central,ALLN
720575940633224555,central,Kenyon_Cell
720575940635157867,central,unknown
720575940630242668,central,LHLN
720575940635944303,central,LHLN
720575940625884541,sensory,olfactory
720575940627096957,central,unknown
720575940638860672,sensory,olfactory
720575940659996033,sensory,olfactory
720575940639417728,central,unknown
720575940620445062,central,ALPN
720575940623132040,central,unknown
720575940615497099,central,unknown
720575940615955851,central,unknown
720575940635157902,central,unknown
720575940614612374,central,unknown
720575940626769304,sensory,olfactory
720575940628342171,central,unknown
720575940654851489,sensory,olfactory
720575940615366055,central,ALPN
720575940620805545,sensory,olfactory
720575940621952425,central,Kenyon_Cell
720575940636665262,central,Kenyon_Cell
720575940620510640,central,unknown
720575940608124338,central,ALPN
720575940624508341,sensory,olfactory
720575940623787445,sensory,olfactory
720575940627228090,central,unknown
720575940624180668,sensory,olfactory
720575940628702658,sensory,olfactory
720575940615955910,central,unknown
720575940606715337,central,Kenyon_Cell
720575940607894985,central,unknown
720575940629489103,central,Kenyon_Cell
720575940609533394,central,unknown
720575940610680274,central,ALLN
720575940617201113,central,Kenyon_Cell
720575940631193052,central,ALPN
720575940624311787,central,LHLN
720575940627588593,central,Kenyon_Cell
720575940641842677,sensory,olfactory
720575940629521914,central,unknown
720575940624049661,central,Kenyon_Cell
720575940625819138,central,ALPN
720575940626572802,central,unknown
720575940623623687,sensory,olfactory
720575940607927817,sensory,olfactory
720575940606649865,central,ALPN
720575940626540042,central,Kenyon_Cell
720575940623164941,central,unknown
720575940624770574,central,Kenyon_Cell
720575940629620239,central,Kenyon_Cell
720575940631193106,central,unknown
720575940625753621,central,Kenyon_Cell
720575940645709335,central,Kenyon_Cell
720575940626867742,central,Kenyon_Cell
720575940626310686,central,ALLN
720575940604093984,central,Kenyon_Cell
720575940637255221,central,Kenyon_Cell
720575940625720890,sensory,olfactory
720575940617561669,central,ALON
720575940637222470,central,Kenyon_Cell
720575940622149196,central,Kenyon_Cell
720575940622116428,central,Kenyon_Cell
720575940637943374,central,ALPN
720575940616578646,central,Kenyon_Cell
720575940619331163,sensory,olfactory
720575940611040866,central,unknown
720575940614219370,central,Kenyon_Cell
720575940629489260,central,unknown
720575940637419120,central,unknown
720575940615956085,sensory,olfactory
720575940626048637,sensory,olfactory
720575940607043202,central,unknown
720575940618610311,sensory,olfactory
720575940627752585,central,unknown
720575940617496209,central,unknown
720575940614416018,central,Kenyon_Cell
720575940633093786,central,unknown
720575940617234077,sensory,olfactory
720575940619560606,central,unknown
720575940613531295,central,unknown
720575940639352483,central,unknown
720575940632635053,central,unknown
720575940636698286,central,Kenyon_Cell
720575940622542517,central,Kenyon_Cell
720575940624803511,central,unknown
720575940625098423,central,unknown
720575940616185531,descending,unknown
720575940604552894,sensory,olfactory
720575940609533635,sensory,olfactory
720575940607698627,central,Kenyon_Cell
720575940614055622,central,unknown
720575940628211399,central,unknown
720575940632536780,central,Kenyon_Cell
720575940608845525,central,ALPN
720575940629587671,central,ALPN
720575940616578777,sensory,olfactory
720575940620936925,central,Kenyon_Cell
720575940624770791,central,ALPN
720575940623230698,central,unknown
720575940628080369,central,unknown
720575940611696370,sensory,olfactory
720575940630734587,sensory,olfactory
720575940607960843,sensory,olfactory
720575940607239947,sensory,olfactory
720575940629423887,central,unknown
720575940644759319,central,Kenyon_Cell
720575940633650969,central,unknown
720575940618086173,central,unknown
720575940617692962,central,Kenyon_Cell
720575940625590053,central,unknown
720575940624901927,central,unknown
720575940629980972,central,LHLN
720575940632340269,central,unknown
720575940638402357,sensory,olfactory
720575940631422776,central,unknown
720575940625393466,central,unknown
720575940615825211,sensory,olfactory
720575940618217280,central,unknown
720575940613793602,central,Kenyon_Cell
720575940609894212,central,LHCENT
720575940619134789,central,unknown
720575940637124422,central,Kenyon_Cell
720575940626999114,central,Kenyon_Cell
720575940628408143,sensory,olfactory
720575940619855696,central,Kenyon_Cell
720575940631619409,central,ALPN
720575940619593552,central,unknown
720575940621231966,central,unknown
720575940620576609,central,unknown
720575940621002593,central,LHLN
720575940627195748,central,LHLN
720575940626081636,central,Kenyon_Cell
720575940626179940,central,unknown
720575940644530030,sensory,olfactory
720575940643448686,central,Kenyon_Cell
720575940645381998,central,unknown
720575940640794483,central,LHLN
720575940629423994,sensory,olfactory
720575940659832705,central,unknown
720575940660160385,central,unknown
720575940624934787,central,unknown
720575940648200068,central,unknown
720575940618839942,central,Kenyon_Cell
720575940624967561,ascending,AN
720575940625360784,sensory,olfactory
720575940624934800,central,Kenyon_Cell
720575940624574356,central,unknown
720575940614842262,sensory,hygrosensory
720575940633323415,central,Kenyon_Cell
720575940634208151,central,LHLN
720575940612384665,central,Kenyon_Cell
720575940628277147,sensory,olfactory
720575940639451043,sensory,olfactory
720575940619298731,sensory,olfactory
720575940619429803,sensory,olfactory
720575940619954091,central,Kenyon_Cell
720575940605929394,sensory,olfactory
720575940612319155,central,ALIN
720575940623984567,central,unknown
720575940624738232,central,Kenyon_Cell
720575940619954112,central,ALLN
720575940622673860,descending,unknown
720575940604880841,central,unknown
720575940625328074,central,unknown
720575940618512331,sensory,olfactory
720575940619757515,central,unknown
720575940631783372,central,unknown
720575940610287566,sensory,olfactory
720575940632733651,sensory,olfactory
720575940608845781,central,LHLN
720575940610254810,central,unknown
720575940604389344,central,unknown
720575940623067114,central,Kenyon_Cell
720575940622411760,visual_projection,unknown
720575940623820787,central,unknown
720575940631095289,ascending,AN
720575940629522426,central,unknown
720575940629620731,sensory,olfactory
720575940627982332,central,unknown
720575940627818499,central,unknown
720575940621625349,sensory,olfactory
720575940623788040,central,ALLN
720575940608583689,central,unknown
720575940614383628,central,unknown
720575940627654677,central,unknown
720575940612024342,sensory,olfactory
720575940620740632,central,unknown
720575940616546333,sensory,olfactory
720575940625852446,sensory,olfactory
720575940632504351,central,unknown
720575940617857053,central,Kenyon_Cell
720575940645316643,central,unknown
720575940625393701,central,unknown
720575940631586858,central,ALLN
720575940630571052,central,ALLN
720575940610189358,sensory,olfactory
720575940609271854,central,Kenyon_Cell
720575940624345136,central,unknown
720575940619298865,central,Kenyon_Cell
720575940616054834,central,unknown
720575940626507834,central,ALPN
720575940616349755,central,Kenyon_Cell
720575940637255743,sensory,olfactory
720575940629424195,sensory,olfactory
720575940631062603,central,Kenyon_Cell
720575940621396044,sensory,olfactory
720575940619921488,central,unknown
720575940632275025,central,unknown
720575940632635475,central,Kenyon_Cell
720575940616480852,sensory,olfactory
720575940625492057,sensory,olfactory
720575940625164377,central,unknown
720575940638009434,central,unknown
720575940608059484,central,unknown
720575940621953118,central,unknown
720575940630603884,central,unknown
720575940631586924,central,unknown
720575940629260406,central,Kenyon_Cell
720575940630210682,sensory,olfactory
720575940621166719,sensory,olfactory
720575940627097733,central,Kenyon_Cell
720575940618184839,central,Kenyon_Cell
720575940626868361,sensory,olfactory
720575940626376841,central,unknown
720575940631423116,central,ALLN
720575940640401549,central,Kenyon_Cell
720575940630407308,central,unknown
720575940626606223,sensory,olfactory
720575940627720335,central,ALIN
720575940631160972,central,unknown
720575940611532949,central,Kenyon_Cell
720575940611762329,sensory,olfactory
720575940633323674,central,Kenyon_Cell
720575940620904614,central,unknown
720575940627720360,central,unknown
720575940622182569,central,LHCENT
720575940636698798,central,Kenyon_Cell
720575940605733042,central,unknown
720575940623919287,central,unknown
720575940616579257,central,ALLN
720575940639058109,central,Kenyon_Cell
720575940640172221,central,unknown
720575940622477508,sensory,olfactory
720575940644366536,sensory,olfactory
720575940605995209,central,Kenyon_Cell
720575940618840280,central,ALPN
720575940616546521,sensory,olfactory
720575940630407388,central,ALLN
720575940621363421,central,unknown
720575940633389281,sensory,olfactory
720575940619495664,central,Kenyon_Cell
720575940618512624,sensory,thermosensory
720575940621560052,central,Kenyon_Cell
720575940641220853,central,unknown
720575940639844597,central,unknown
720575940629981440,central,MBON
720575940624935182,central,Kenyon_Cell
720575940625164558,central,unknown
720575940627654933,central,unknown
720575940646037783,central,ALLN
720575940618021147,central,Kenyon_Cell
720575940626901278,central,Kenyon_Cell
720575940643842340,sensory,olfactory
720575940632832301,central,unknown
720575940615792946,central,LHLN
720575940639090997,central,Kenyon_Cell
720575940617496886,sensory,olfactory
720575940617922870,central,Kenyon_Cell
720575940631587129,central,Kenyon_Cell
720575940613794114,sensory,thermosensory
720575940615924037,central,LHLN
720575940637747526,sensory,olfactory
720575940621429068,sensory,olfactory
720575940623362380,central,ALLN
720575940631619921,central,ALLN
720575940627327314,sensory,olfactory
720575940614711638,sensory,hygrosensory
720575940639517016,sensory,olfactory
720575940637387098,sensory,olfactory
720575940617496925,central,ALIN
720575940626082148,central,Kenyon_Cell
720575940626180452,central,unknown
720575940628244841,sensory,olfactory
720575940629162348,central,Kenyon_Cell
720575940612647282,central,Kenyon_Cell
720575940639287667,sensory,olfactory
720575940615629173,sensory,olfactory
720575940648397177,central,unknown
720575940660914561,central,ALON
720575940647020932,central,unknown
720575940621658502,central,Kenyon_Cell
720575940618250630,central,unknown
720575940625066388,central,LHLN
720575940624017812,central,unknown
720575940629752219,central,ALPN
720575940615104927,central,ALPN
720575940614777247,central,Kenyon_Cell
720575940621396390,sensory,olfactory
720575940627163560,sensory,olfactory
720575940612450730,central,Kenyon_Cell
720575940612483498,central,unknown
720575940619463088,central,Kenyon_Cell
720575940606126514,sensory,olfactory
720575940611959219,central,unknown
720575940621167030,central,Kenyon_Cell
720575940627261882,central,LHLN
720575940626672058,descending,unknown
720575940639680957,central,ALPN
720575940620577217,sensory,olfactory
720575940613466577,sensory,olfactory
720575940615858644,central,Kenyon_Cell
720575940608682453,central,Kenyon_Cell
720575940629883351,central,unknown
720575940630276567,central,unknown
720575940616612313,central,unknown
720575940617398745,central,unknown
720575940614220269,central,unknown
720575940620511732,sensory,olfactory
720575940630538752,sensory,olfactory
720575940617038337,central,Kenyon_Cell
720575940627687940,central,Kenyon_Cell
720575940628834832,central,ALPN
720575940625754643,sensory,olfactory
720575940627196435,central,unknown
720575940626737685,sensory,olfactory
720575940628802069,central,unknown
720575940617333275,sensory,olfactory
720575940626967070,central,unknown
720575940604783136,descending,unknown
720575940646431267,central,LHLN
720575940644629028,central,unknown
720575940623067686,central,unknown
720575940630833706,central,Kenyon_Cell
720575940629457452,central,unknown
720575940632734253,central,Kenyon_Cell
720575940632799789,central,unknown
720575940637846069,sensory,olfactory
720575940626508346,central,unknown
720575940615465531,central,LHLN
720575940639124029,central,unknown
720575940626115134,central,ALLN
720575940618218048,central,unknown
720575940638304838,central,unknown
720575940622084681,sensory,olfactory
720575940626999882,central,Kenyon_Cell
720575940630374987,central,unknown
720575940632013387,central,unknown
720575940639025742,central,unknown
720575940626803279,central,Kenyon_Cell
720575940618185296,central,Kenyon_Cell
720575940631620177,sensory,olfactory
720575940626868818,sensory,olfactory
720575940633356883,central,ALPN
720575940618938964,sensory,olfactory
720575940633356881,central,unknown
720575940639910488,central,unknown
720575940608158300,central,Kenyon_Cell
720575940621298270,central,ALLN
720575940614285930,central,unknown
720575940616546933,central,unknown
720575940615072373,central,Kenyon_Cell
720575940650822265,sensory,olfactory
720575940620642940,descending,unknown
720575940620675711,sensory,olfactory
720575940607011458,central,unknown
720575940626147971,sensory,olfactory
720575940623428234,central,unknown
720575940633422490,sensory,olfactory
720575940628933275,central,ALLN
720575940634208924,central,unknown
720575940634045084,central,Kenyon_Cell
720575940632898204,central,unknown
720575940653705889,central,unknown
720575940619397797,central,unknown
720575940619430571,sensory,olfactory
720575940619791019,sensory,olfactory
720575940635126452,sensory,olfactory
720575940622281399,sensory,olfactory
720575940626672314,central,unknown
720575940619659969,central,Kenyon_Cell
720575940607896265,central,LHLN
720575940640205520,central,unknown
720575940608977621,central,LHLN
720575940620675800,central,LHLN
720575940631390940,central,unknown
720575940631161570,central,ALPN
720575940623854311,sensory,olfactory
720575940627950312,sensory,olfactory
720575940627983080,central,unknown
720575940619725551,central,unknown
720575940628703993,sensory,olfactory
720575940630604537,central,unknown
720575940617038593,sensory,olfactory
720575940622248709,sensory,olfactory
720575940623002373,central,unknown
720575940624149256,central,Kenyon_Cell
720575940607765257,central,unknown
720575940626213642,sensory,olfactory
720575940623461134,central,Kenyon_Cell
720575940627196691,central,unknown
720575940622674712,central,unknown
720575940614548253,sensory,olfactory
720575940618087197,central,ALPN
720575940645808931,sensory,olfactory
720575940620020534,central,unknown
720575940629130039,central,unknown
720575940632243019,central,ALPN
720575940639025998,sensory,olfactory
720575940637190990,central,Kenyon_Cell
720575940628343634,central,ALLN
720575940620249941,central,ALLN
720575940614908758,central,LHLN
720575940609010524,central,unknown
720575940633553760,sensory,olfactory
720575940629326695,central,unknown
720575940630440808,central,Kenyon_Cell
720575940630276972,sensory,olfactory
720575940620741485,central,Kenyon_Cell
720575940620577652,central,Kenyon_Cell
720575940616940405,sensory,olfactory
720575940629162870,sensory,olfactory
720575940629588854,sensory,olfactory
720575940635323255,sensory,olfactory
720575940618021755,central,ALLN
720575940618873723,central,Kenyon_Cell
720575940628769662,sensory,olfactory
720575940638894976,sensory,olfactory
720575940635978638,sensory,olfactory
720575940636633998,central,unknown
720575940626410392,central,unknown
720575940644465568,visual_projection,unknown
720575940638960547,central,Kenyon_Cell
720575940622150569,central,unknown
720575940632144813,central,Kenyon_Cell
720575940620348342,sensory,olfactory
720575940620774326,sensory,olfactory
720575940623756215,central,Kenyon_Cell
720575940615957433,central,Kenyon_Cell
720575940635945919,central,ALLN
720575940634962879,central,unknown
720575940633062335,central,unknown
720575940632308684,sensory,olfactory
720575940623100877,central,unknown
720575940609633230,central,unknown
720575940631227343,central,unknown
720575940611369938,sensory,olfactory
720575940619168728,central,LHLN
720575940634733537,sensory,olfactory
720575940613041123,central,Kenyon_Cell
720575940624247787,central,unknown
720575940612615149,sensory,olfactory
720575940622871540,central,unknown
720575940639484917,central,unknown
720575940634078200,central,Kenyon_Cell
720575940629326841,sensory,olfactory
720575940613237758,central,Kenyon_Cell
720575940614089726,descending,unknown
720575940617038849,central,Kenyon_Cell
720575940621921285,central,unknown
720575940628376586,central,unknown
720575940615171084,sensory,olfactory
720575940617104396,central,unknown
720575940632505359,central,ALLN
720575940626410515,central,unknown
720575940619725844,sensory,olfactory
720575940619136020,central,unknown
720575940627491861,central,Kenyon_Cell
720575940622085146,central,unknown
720575940605078560,central,ALLN
720575940613073960,central,unknown
720575940616055858,central,unknown
720575940640304181,central,unknown
720575940639124533,central,Kenyon_Cell
720575940631555128,central,Kenyon_Cell
720575940631718969,central,Kenyon_Cell
720575940616121403,central,unknown
720575940629064764,central,ALLN
720575940638075967,central,unknown
720575940617825344,central,Kenyon_Cell
720575940621167681,central,unknown
720575940610124868,sensory,olfactory
720575940623526985,central,ALLN
720575940628966479,central,LHLN
720575940633324627,visual_projection,unknown
720575940617792596,central,Kenyon_Cell
720575940616711254,central,Kenyon_Cell
720575940630146135,central,Kenyon_Cell
720575940618447965,central,unknown
720575940634078303,sensory,olfactory
720575940634209376,central,Kenyon_Cell
720575940636470373,central,unknown
720575940631620712,sensory,olfactory
720575940620020845,sensory,olfactory
720575940612615282,central,unknown
720575940612680818,central,Kenyon_Cell
720575940610157688,central,ALLN
720575940610649208,central,unknown
720575940649020537,central,Kenyon_Cell
720575940616744059,central,unknown
720575940621823100,central,unknown
720575940627590266,central,unknown
720575940621528191,central,unknown
720575940646136964,sensory,olfactory
720575940646661252,central,ALPN
720575940623264906,central,ALPN
720575940624673936,sensory,hygrosensory
720575940623068308,central,Kenyon_Cell
720575940625656980,central,unknown
720575940616121501,central,Kenyon_Cell
720575940613434530,central,Kenyon_Cell
720575940638731427,central,ALLN
720575940621331621,central,Kenyon_Cell
720575940612549799,central,unknown
720575940636699822,central,unknown
720575940613303471,central,unknown
720575940620250294,sensory,olfactory
720575940615859385,central,Kenyon_Cell
720575940614614203,central,Kenyon_Cell
720575940638469309,central,Kenyon_Cell
720575940634799295,central,Kenyon_Cell
720575940608978115,central,unknown
720575940625951946,central,unknown
720575940629621975,central,Kenyon_Cell
720575940621921501,sensory,olfactory
720575940615859423,central,LHLN
720575940623592682,central,unknown
720575940630736123,central,unknown
720575940630080763,central,ALLN
720575940623396093,central,Kenyon_Cell
720575940628868352,sensory,olfactory
720575940627000582,sensory,olfactory
720575940626738438,central,unknown
720575940614778124,sensory,olfactory
720575940621462797,central,Kenyon_Cell
720575940630539535,central,unknown
720575940627492117,central,Kenyon_Cell
720575940622609690,central,unknown
720575940617825563,sensory,olfactory
720575940614548765,sensory,olfactory
720575940626640158,central,Kenyon_Cell
720575940630572319,central,unknown
720575940622052641,central,unknown
720575940613729576,central,Kenyon_Cell
720575940617989417,sensory,olfactory
720575940612910376,central,unknown
720575940629589292,central,ALLN
720575940616056114,central,unknown
720575940613991731,central,unknown
720575940645186868,central,Kenyon_Cell
720575940615204146,central,unknown
720575940632735033,central,unknown
720575940631260476,central,unknown
720575940626279742,central,unknown
720575940609568068,central,unknown
720575940628311370,central,unknown
720575940638567758,central,Kenyon_Cell
720575940628573519,central,ALLN
720575940615892310,central,unknown
720575940631915863,central,LHLN
720575940620283227,central,Kenyon_Cell
720575940634373471,central,unknown
720575940633259360,sensory,olfactory
720575940622118241,central,unknown
720575940636470629,central,unknown
720575940636306789,central,Kenyon_Cell
720575940638764403,central,unknown
720575940637126007,descending,unknown
720575940635749751,central,unknown
720575940628901246,central,Kenyon_Cell
720575940628082053,visual_centrifugal,unknown
720575940620381575,central,unknown
720575940623003016,central,Kenyon_Cell
720575940636110222,central,ALLN
720575940637683086,central,unknown
720575940624739728,sensory,olfactory
720575940616908177,central,ALLN
720575940613860754,sensory,olfactory
720575940625493400,central,ALPN
720575940635094426,sensory,olfactory
720575940653542817,sensory,olfactory
720575940613762466,central,ALPN
720575940637846947,central,ALLN
720575940621659563,sensory,thermosensory
720575940635159982,sensory,olfactory
720575940620840368,central,ALPN
720575940607208882,central,LHLN
720575940620217782,sensory,olfactory
720575940621987255,central,Kenyon_Cell
720575940617366969,central,Kenyon_Cell
720575940625952186,central,unknown
720575940638993853,central,Kenyon_Cell
720575940639878589,central,ALLN
720575940619759041,central,unknown
720575940629097922,central,ALPN
720575940609240515,central,unknown
720575940623199684,central,unknown
720575940642106824,central,Kenyon_Cell
720575940643941832,central,unknown
720575940632014284,sensory,olfactory
720575940624084429,central,ALLN
720575940610059726,sensory,olfactory
720575940630932943,central,LHLN
720575940640697808,central,ALPN
720575940612713937,central,unknown
720575940640566736,central,Kenyon_Cell
720575940633587148,central,unknown
720575940617334228,central,Kenyon_Cell
720575940611403226,central,unknown
720575940622675421,descending,unknown
720575940637355497,sensory,olfactory
720575940623265258,sensory,olfactory
720575940621725168,central,unknown
720575940631719417,central,unknown
720575940626378242,central,ALLN
720575940628147718,central,Kenyon_Cell
720575940608192009,central,unknown
720575940626607626,sensory,olfactory
720575940607667723,central,unknown
720575940626705937,central,unknown
720575940627197459,central,LHLN
720575940622773784,central,Kenyon_Cell
720575940621692440,central,Kenyon_Cell
720575940619071005,central,ALPN
720575940625853989,central,Kenyon_Cell
720575940622675494,central,ALPN
720575940629917228,central,Kenyon_Cell
720575940629294636,central,Kenyon_Cell
720575940631260716,central,unknown
720575940632014383,central,unknown
720575940615237170,central,Kenyon_Cell
720575940617498166,sensory,olfactory
720575940627295802,central,Kenyon_Cell
720575940616482363,sensory,olfactory
720575940625329726,central,Kenyon_Cell
720575940638633535,central,ALPN
720575940618022469,central,unknown
720575940627787343,sensory,olfactory
720575940632407635,central,Kenyon_Cell
720575940617629270,central,ALLN
720575940626411097,sensory,olfactory
720575940627656281,central,unknown
720575940625133145,central,unknown
720575940632964704,central,Kenyon_Cell
720575940628246121,sensory,olfactory
720575940614155882,sensory,olfactory
720575940635291247,central,Kenyon_Cell
720575940611370610,central,Kenyon_Cell
720575940634537591,central,unknown
720575940610584184,central,unknown
720575940638535296,central,Kenyon_Cell
720575940606357122,sensory,olfactory
720575940626312835,central,unknown
720575940607012482,central,LHLN
720575940636241550,central,ALLN
720575940624641680,sensory,olfactory
720575940635651735,central,Kenyon_Cell
720575940617825949,central,unknown
720575940617334430,central,Kenyon_Cell
720575940631752356,central,ALPN
720575940613271219,central,ALPN
720575940621332150,central,LHLN
720575940625657530,sensory,olfactory
720575940623986364,central,ALPN
720575940632571583,central,ALPN
720575940633554636,central,unknown
720575940623298253,sensory,olfactory
720575940611469006,central,unknown
720575940630933199,central,LHLN
720575940622642893,central,unknown
720575940610682578,sensory,olfactory
720575940632637139,sensory,olfactory
720575940617498324,central,unknown
720575940629229271,central,unknown
720575940617137881,central,Kenyon_Cell
720575940641386203,central,unknown
720575940615302879,sensory,olfactory
720575940633128673,central,unknown
720575940627951336,central,unknown
720575940638666473,central,unknown
720575940612058861,central,unknown
720575940621037296,central,unknown
720575940641779445,sensory,olfactory
720575940640894709,central,unknown
720575940640468725,central,Kenyon_Cell
720575940628934403,central,unknown
720575940643417879,central,Kenyon_Cell
720575940645089059,central,Kenyon_Cell
720575940644597540,central,unknown
720575940623986469,central,Kenyon_Cell
720575940629884715,central,unknown
720575940628868907,central,unknown
720575940629327660,central,unknown
720575940615073587,central,ALLN
720575940647907124,central,unknown
720575940630146871,central,unknown
720575940626607930,central,unknown
720575940637323071,central,unknown
720575940620775233,central,Kenyon_Cell
720575940621102913,central,unknown
720575940627132232,central,ALLN
720575940624609101,central,Kenyon_Cell
720575940628868943,central,Kenyon_Cell
720575940636077919,central,unknown
720575940614647658,sensory,olfactory
720575940645941102,sensory,olfactory
720575940645023598,central,unknown
720575940629524342,sensory,olfactory
720575940647088004,sensory,olfactory
720575940627066757,central,ALLN
720575940623331210,central,Kenyon_Cell
720575940632080268,central,unknown
720575940616417169,sensory,olfactory
720575940629163931,central,unknown
720575940614483879,central,unknown
720575940604456876,central,unknown
720575940605702065,central,unknown
720575940623953845,central,unknown
720575940623462328,central,Kenyon_Cell
720575940615794619,sensory,olfactory
720575940633915327,sensory,olfactory
720575940620349376,central,Kenyon_Cell
720575940643516360,central,Kenyon_Cell
720575940623986634,central,unknown
720575940608978901,central,unknown
720575940618252249,central,unknown
720575940621529053,sensory,olfactory
720575940637618142,descending,unknown
720575940632342497,central,Kenyon_Cell
720575940639191017,central,unknown
720575940612321266,central,LHLN
720575940611698674,central,unknown
720575940620840948,central,unknown
720575940652101622,sensory,olfactory
720575940628443127,central,unknown
720575940634570744,sensory,olfactory
720575940613337086,sensory,olfactory
720575940623036415,central,Kenyon_Cell
720575940626509830,central,Kenyon_Cell
720575940608716809,descending,unknown
720575940626083850,central,unknown
720575940627197971,central,unknown
720575940625002526,central,Kenyon_Cell
720575940603899936,central,unknown
720575940642926628,central,Kenyon_Cell
720575940613795880,central,unknown
720575940611960872,central,Kenyon_Cell
720575940623233065,central,unknown
720575940629557292,sensory,olfactory
720575940625625136,central,Kenyon_Cell
720575940638666805,sensory,olfactory
720575940617433142,sensory,olfactory
720575940630147127,central,unknown
720575940629688375,central,unknown
720575940631490616,central,unknown
720575940625821758,sensory,olfactory
720575940624773182,central,Kenyon_Cell
720575940631588931,central,unknown
720575940637913158,central,Kenyon_Cell
720575940625657928,sensory,hygrosensory
720575940629917771,central,unknown
720575940637683790,central,Kenyon_Cell
720575940637618254,central,Kenyon_Cell
720575940632342611,central,unknown
720575940630704211,central,ALLN
720575940616220765,sensory,olfactory
720575940620644446,sensory,hygrosensory
720575940621332574,central,Kenyon_Cell
720575940634538080,sensory,olfactory
720575940610846818,central,Kenyon_Cell
720575940636504165,central,unknown
720575940615696490,sensory,olfactory
720575940613664874,sensory,olfactory
720575940634865771,central,unknown
720575940620382317,central,Kenyon_Cell
720575940635717743,central,Kenyon_Cell
720575940629098618,sensory,olfactory
720575940622413948,central,unknown
720575940629000318,sensory,olfactory
720575940647153796,central,Kenyon_Cell
720575940626247823,central,ALPN
720575940614549650,central,Kenyon_Cell
720575940623331475,central,Kenyon_Cell
720575940622839956,central,Kenyon_Cell
720575940610977941,central,unknown
720575940638077091,central,unknown
720575940631687332,central,Kenyon_Cell
720575940612747434,sensory,olfactory
720575940634013869,sensory,olfactory
720575940612714671,central,Kenyon_Cell
720575940605604030,central,unknown
720575940620382400,central,unknown
720575940619169985,sensory,olfactory
720575940639158480,central,Kenyon_Cell
720575940609929426,sensory,olfactory
720575940607471829,central,unknown
720575940623233238,central,unknown
720575940616646873,central,Kenyon_Cell
720575940615303391,central,ALLN
720575940633293025,descending,unknown
720575940612714723,central,ALPN
720575940611502309,central,unknown
720575940617400550,central,LHLN
720575940621398254,central,ALLN
720575940620611822,central,Kenyon_Cell
720575940621201647,central,unknown
720575940620480751,central,unknown
720575940629164283,central,Kenyon_Cell
720575940628934915,central,unknown
720575940627230986,central,Kenyon_Cell
720575940644237591,sensory,olfactory
720575940635095321,sensory,olfactory
720575940635128089,central,unknown
720575940625461534,central,Kenyon_Cell
720575940630999327,central,Kenyon_Cell
720575940646433059,central,unknown
720575940626051367,central,ALLN
720575940630769962,central,Kenyon_Cell
720575940626936107,central,LHLN
720575940632736045,central,Kenyon_Cell
720575940631228719,sensory,olfactory
720575940616778038,central,unknown
720575940629721399,sensory,olfactory
720575940633817405,sensory,olfactory
720575940625330494,central,Kenyon_Cell
720575940630933827,central,unknown
720575940637749574,central,ALPN
720575940631425361,sensory,olfactory
720575940617695572,sensory,olfactory
720575940626510169,central,unknown
720575940621529435,central,ALPN
720575940607865180,sensory,olfactory
720575940617007453,sensory,olfactory
720575940621398366,sensory,olfactory
720575940621922654,central,Kenyon_Cell
720575940635586912,central,unknown
720575940619891041,sensory,olfactory
720575940607930716,central,Kenyon_Cell
720575940625559908,central,unknown
720575940645220718,central,Kenyon_Cell
720575940622479732,central,unknown
720575940630770042,central,ALPN
720575940622512522,sensory,olfactory
720575940630278540,central,unknown
720575940614549906,central,Kenyon_Cell
720575940622971283,central,unknown
720575940622840211,central,ALPN
720575940624642452,central,unknown
720575940609962389,central,ALPN
720575940614943126,central,unknown
720575940626805147,central,unknown
720575940642599328,sensory,olfactory
720575940605309361,central,ALPN
720575940624019893,central,LHLN
720575940623102396,central,Kenyon_Cell
720575940605702590,central,unknown
720575940608979395,central,unknown
720575940618645963,sensory,olfactory
720575940610683342,central,unknown
720575940615631321,central,unknown
720575940641550811,central,unknown
720575940612190693,central,Kenyon_Cell
720575940620382704,sensory,olfactory
720575940630737403,sensory,olfactory
720575940629131772,central,LHCENT
720575940625461762,central,unknown
720575940624740878,central,Kenyon_Cell
720575940624773646,central,Kenyon_Cell
720575940628181520,central,ALPN
720575940626182673,central,unknown
720575940631261714,central,LHLN
720575940630671890,central,Kenyon_Cell
720575940625035790,central,unknown
720575940625953317,central,LHLN
720575940613337640,central,Kenyon_Cell
720575940630868525,central,Kenyon_Cell
720575940610486830,central,unknown
720575940639126069,central,Kenyon_Cell
720575940630966840,central,Kenyon_Cell
720575940630049337,central,Kenyon_Cell
720575940626248250,central,unknown
720575940616254016,sensory,olfactory
720575940614844994,sensory,olfactory
720575940631458371,central,Kenyon_Cell
720575940626608712,central,unknown
720575940627722826,central,unknown
720575940627264082,central,Kenyon_Cell
720575940632375891,central,unknown
720575940616483414,central,unknown
720575940624839257,central,Kenyon_Cell
720575940621922910,central,Kenyon_Cell
720575940634702431,sensory,olfactory
720575940605309542,sensory,olfactory
720575940605407846,central,Kenyon_Cell
720575940631196264,central,unknown
720575940629787244,central,Kenyon_Cell
720575940630606444,central,unknown
720575940643517038,central,ALPN
720575940638208627,central,Kenyon_Cell
720575940634800759,central,Kenyon_Cell
720575940623463036,central,unknown
720575940626575997,central,unknown
720575940621103743,central,ALPN
720575940606947970,central,Kenyon_Cell
720575940646236804,central,unknown
720575940632081036,central,unknown
720575940632539788,descending,unknown
720575940623528595,central,unknown
720575940623594132,central,unknown
720575940634276506,central,LHLN
720575940643812000,central,LHCENT
720575940644467360,descending,unknown
720575940631687844,central,Kenyon_Cell
720575940625724072,central,Kenyon_Cell
720575940619367083,sensory,olfactory
720575940613796527,central,Kenyon_Cell
720575940625953466,sensory,olfactory
720575940638339773,sensory,olfactory
720575940610519747,sensory,olfactory
720575940629557957,central,Kenyon_Cell
720575940611175118,central,LHLN
720575940632113871,central,LHLN
720575940629951183,central,unknown
720575940615959252,central,Kenyon_Cell
720575940615271124,central,unknown
720575940612387555,sensory,olfactory
720575940624085739,central,Kenyon_Cell
720575940619793134,sensory,olfactory
720575940630442745,sensory,olfactory
720575940629918459,sensory,olfactory
720575940628837124,central,unknown
720575940627690246,central,ALLN
720575940627264262,sensory,hygrosensory
720575940623594248,sensory,olfactory
720575940625494792,central,unknown
720575940623004429,central,Kenyon_Cell
720575940620448532,sensory,olfactory
720575940627493653,central,Kenyon_Cell
720575940615992091,central,unknown
720575940642894628,descending,unknown
720575940629295916,central,Kenyon_Cell
720575940628476716,central,Kenyon_Cell
720575940615336754,central,unknown
720575940645450548,central,Kenyon_Cell
720575940630704953,sensory,olfactory
720575940628443962,visual_centrifugal,unknown
720575940631589689,central,Kenyon_Cell
720575940639683389,central,unknown
720575940614714178,central,ALPN
720575940613403458,central,Kenyon_Cell
720575940621988684,central,unknown
720575940625888089,sensory,olfactory
720575940623037283,sensory,olfactory
720575940609143672,central,Kenyon_Cell
720575940625757053,sensory,olfactory
720575940660196225,central,unknown
720575940623594378,central,unknown
720575940631524236,central,unknown
720575940642108301,central,Kenyon_Cell
720575940641977229,central,unknown
720575940626674584,central,Kenyon_Cell
720575940614255522,sensory,olfactory
720575940620153765,descending,unknown
720575940619269029,central,unknown
720575940613436327,central,unknown
720575940612551594,central,ALPN
720575940620252075,central,unknown
720575940618875819,central,Kenyon_Cell
720575940636734382,central,unknown
720575940620219329,central,unknown
720575940622054340,central,Kenyon_Cell
720575940627067847,central,unknown
720575940624413642,central,unknown
720575940640732112,central,LHLN
720575940617368532,central,Kenyon_Cell
720575940623528925,central,ALPN
720575940636963806,central,unknown
720575940613632997,ascending,AN
720575940627264488,central,Kenyon_Cell
720575940624544748,central,unknown
720575940612879341,central,Kenyon_Cell
720575940620612590,central,Kenyon_Cell
720575940640830453,central,ALLN
720575940652200950,central,Kenyon_Cell
720575940627985402,central,Kenyon_Cell
720575940621530117,descending,unknown
720575940624348168,central,unknown
720575940608291849,central,unknown
720575940607177739,central,Kenyon_Cell
720575940623004685,central,Kenyon_Cell
720575940621661197,central,Kenyon_Cell
720575940623889421,central,LHCENT
720575940626805777,central,unknown
720575940627166225,central,LHLN
720575940626674707,sensory,olfactory
720575940628706325,central,unknown
720575940633785369,central,Kenyon_Cell
720575940626117662,central,unknown
720575940629918762,sensory,olfactory
720575940631295018,central,Kenyon_Cell
720575940614386738,central,Kenyon_Cell
720575940616844347,sensory,olfactory
720575940628837436,sensory,olfactory
720575940621136961,central,unknown
720575940611077188,central,unknown
720575940638667846,sensory,olfactory
720575940624577613,central,Kenyon_Cell
720575940627526735,sensory,olfactory
720575940630836305,central,unknown
720575940618777684,central,unknown
720575940630541399,central,unknown
720575940639028312,sensory,olfactory
720575940637258842,central,unknown
720575940607439964,central,ALPN
720575940618482781,central,unknown
720575940633883744,sensory,olfactory
720575940622054497,central,ALLN
720575940610847842,central,Kenyon_Cell
720575940629853292,central,Kenyon_Cell
720575940619531373,central,ALPN
720575940645024878,central,LHLN
720575940635325551,central,unknown
720575940637783155,central,unknown
720575940639421555,central,Kenyon_Cell
720575940649153657,central,unknown
720575940648236153,central,unknown
720575940629296254,sensory,olfactory
720575940659770497,sensory,olfactory
720575940620121223,central,unknown
720575940623463562,central,unknown
720575940616746123,central,Kenyon_Cell
720575940631295116,sensory,olfactory
720575940622775443,central,unknown
720575940611830937,sensory,olfactory
720575940644238496,central,Kenyon_Cell
720575940638962851,central,Kenyon_Cell
720575940620809381,sensory,olfactory
720575940614485159,central,unknown
720575940618876075,central,Kenyon_Cell
720575940619465904,central,Kenyon_Cell
720575940621202608,central,Kenyon_Cell
720575940606751922,central,ALLN
720575940621399222,central,unknown
720575940621792438,central,ALPN
720575940616156347,central,unknown
720575940621333696,central,ALPN
720575940619760833,central,unknown
720575940627920071,central,Kenyon_Cell
720575940619662539,central,unknown
720575940610323674,central,Kenyon_Cell
720575940641289435,central,unknown
720575940631688417,central,unknown
720575940632835298,central,Kenyon_Cell
720575940637226212,sensory,olfactory
720575940623824106,central,ALON
720575940624086251,central,Kenyon_Cell
720575940620023024,sensory,olfactory
720575940609963248,central,Kenyon_Cell
720575940630508793,sensory,olfactory
720575940629099770,sensory,olfactory
720575940630738171,sensory,olfactory
720575940628673786,sensory,olfactory
720575940627035388,central,ALPN
720575940628444410,central,unknown
720575940616713473,sensory,olfactory
720575940625298690,sensory,olfactory
720575940627133702,central,unknown
720575940622972167,sensory,olfactory
720575940606915849,sensory,olfactory
720575940608619787,central,unknown
720575940628608272,central,Kenyon_Cell
720575940626183443,sensory,olfactory
720575940645680407,central,ALPN
720575940605441312,central,Kenyon_Cell
720575940624250160,central,Kenyon_Cell
720575940637619509,sensory,olfactory
720575940640372021,central,ALPN
720575940631655737,central,Kenyon_Cell
720575940626773306,central,unknown
720575940626707770,central,unknown
720575940638143805,central,Kenyon_Cell
720575940622021953,central,unknown
720575940614583618,sensory,olfactory
720575940630902083,central,Kenyon_Cell
720575940623496521,sensory,olfactory
720575940627559759,central,Kenyon_Cell
720575940628346194,central,ALPN
720575940632638803,central,unknown
720575940630738263,central,unknown
720575940625855833,sensory,olfactory
720575940620514651,central,unknown
720575940608193884,central,ALIN
720575940620154206,central,Kenyon_Cell
720575940620055905,sensory,olfactory
720575940618843489,central,unknown
720575940636505445,central,LHLN
720575940628641127,central,unknown
720575940631229800,sensory,olfactory
720575940627494249,sensory,olfactory
720575940631328104,central,ALPN
720575940630607212,central,LHLN
720575940631623020,central,unknown
720575940645221742,central,Kenyon_Cell
720575940612945266,central,unknown
720575940612846962,central,Kenyon_Cell
720575940649809273,descending,unknown
720575940618483067,central,unknown
720575940626216317,central,Kenyon_Cell
720575940608324994,sensory,olfactory
720575940605834626,sensory,olfactory
720575940606850434,central,Kenyon_Cell
720575940606162306,central,unknown
720575940619531654,central,unknown
720575940619498887,sensory,olfactory
720575940625790352,central,unknown
720575940611437973,sensory,olfactory
720575940617172381,sensory,olfactory
720575940654921121,central,LHLN
720575940638832035,central,unknown
720575940613207471,central,unknown
720575940619761072,sensory,olfactory
720575940606227890,sensory,olfactory
720575940612355507,central,ALPN
720575940617205179,central,ALLN
720575940626052540,central,unknown
720575940614682043,central,unknown
720575940640175549,central,unknown
720575940615828923,central,unknown
720575940622972365,central,Kenyon_Cell
720575940639487440,sensory,olfactory
720575940609570258,central,unknown
720575940620744152,central,unknown
720575940635850206,central,Kenyon_Cell
720575940632114658,central,Kenyon_Cell
720575940613502435,sensory,olfactory
720575940616910310,central,Kenyon_Cell
720575940628739560,central,ALPN
720575940612879853,central,Kenyon_Cell
720575940626904561,central,Kenyon_Cell
720575940624152051,central,unknown
720575940622906867,central,Kenyon_Cell
720575940623398397,central,Kenyon_Cell
720575940623103487,central,Kenyon_Cell
720575940629263872,sensory,olfactory
720575940617795073,central,Kenyon_Cell
720575940617696769,central,Kenyon_Cell
720575940623037965,central,unknown
720575940627363349,sensory,olfactory
720575940644238871,central,ALPN
720575940620383768,central,unknown
720575940631393823,sensory,olfactory
720575940630738463,central,unknown
720575940622448166,central,ALPN
720575940631229999,central,unknown
720575940631459385,central,unknown
720575940616844859,sensory,olfactory
720575940631164476,central,ALLN
720575940638078527,central,unknown
720575940637849151,central,Kenyon_Cell
720575940618647104,central,unknown
720575940613338690,central,unknown
720575940611110468,central,Kenyon_Cell
720575940616189509,central,Kenyon_Cell
720575940624184905,central,unknown
720575940638733902,central,unknown
720575940632671827,central,unknown
720575940618319444,visual_projection,unknown
720575940631852627,central,unknown
720575940630050391,central,unknown
720575940629067351,central,Kenyon_Cell
720575940630181463,central,unknown
720575940617172573,central,Kenyon_Cell
720575940629263975,central,Kenyon_Cell
720575940632835688,central,ALLN
720575940636767856,sensory,olfactory
720575940611208817,central,Kenyon_Cell
720575940611208818,sensory,olfactory
720575940610487928,central,unknown
720575940610258552,central,unknown
720575940626216573,central,Kenyon_Cell
720575940620482182,central,unknown
720575940634703511,central,unknown
720575940634048154,central,unknown
720575940617598621,sensory,olfactory
720575940654069409,sensory,olfactory
720575940652562081,central,ALLN
720575940638963363,central,Kenyon_Cell
720575940614485671,central,unknown
720575940611372714,central,ALPN
720575940631885485,sensory,olfactory
720575940633884333,central,ALPN
720575940636473006,central,LHLN
720575940613863087,central,LHLN
720575940619466416,central,Kenyon_Cell
720575940606949042,sensory,olfactory
720575940606621362,central,Kenyon_Cell
720575940619007664,central,ALLN
720575940623955637,central,ALLN
720575940623922869,central,ALPN
720575940623791799,central,unknown
720575940619695809,central,Kenyon_Cell
720575940629591746,sensory,olfactory
720575940632868563,central,ALPN
720575940618319577,central,unknown
720575940616222438,central,Kenyon_Cell
720575940623267559,sensory,olfactory
720575940619204335,central,unknown
720575940611471090,central,Kenyon_Cell
720575940627265274,central,ALPN
720575940629559034,central,unknown
720575940631688955,central,unknown
720575940626347778,central,unknown
720575940627822340,central,unknown
720575940621629189,sensory,olfactory
720575940622972686,central,Kenyon_Cell
720575940628510480,central,unknown
720575940626937617,central,ALPN
720575940627592977,central,unknown
720575940625430302,central,Kenyon_Cell
720575940631754527,central,Kenyon_Cell
720575940625561374,central,Kenyon_Cell
720575940622055201,central,unknown
720575940604589856,central,unknown
720575940612650792,central,Kenyon_Cell
720575940629952300,central,unknown
720575940613961522,central,ALPN
720575940616025906,central,unknown
720575940626282298,sensory,olfactory
720575940639094589,central,unknown
720575940625987390,central,unknown
720575940617041728,sensory,thermosensory
720575940619761473,sensory,olfactory
720575940638472006,central,Kenyon_Cell
720575940619925328,central,unknown
720575940639684440,central,Kenyon_Cell
720575940607637340,sensory,olfactory
720575940636505957,central,unknown
720575940613666666,sensory,olfactory
720575940629985132,central,unknown
720575940643977070,sensory,olfactory
720575940629952374,central,Kenyon_Cell
720575940649154425,sensory,olfactory
720575940630607738,descending,unknown
720575940621825916,central,unknown
720575940661114753,central,ALPN
720575940648564612,central,LHCENT
720575940622186376,central,unknown
720575940632803212,central,ALLN
720575940636571534,central,unknown
720575940625692560,central,Kenyon_Cell
720575940622972820,sensory,thermosensory
720575940633032599,central,Kenyon_Cell
720575940613863330,central,Kenyon_Cell
720575940640634787,central,Kenyon_Cell
720575940614518690,central,unknown
720575940618418085,central,Kenyon_Cell
720575940625823656,central,ALPN
720575940621137833,sensory,olfactory
720575940621072297,sensory,olfactory
720575940632704941,central,Kenyon_Cell
720575940613011375,sensory,olfactory
720575940620056496,sensory,olfactory
720575940613437359,sensory,olfactory
720575940612159411,central,unknown
720575940633294796,central,ALLN
720575940623136717,central,ALLN
720575940622448589,central,ALPN
720575940611373006,central,unknown
720575940614092753,central,unknown
720575940612683729,central,unknown
720575940623366102,central,ALIN
720575940604131296,central,Kenyon_Cell
720575940631328738,central,unknown
720575940624021483,central,Kenyon_Cell
720575940619401199,sensory,olfactory
720575940612093938,central,unknown
720575940629428215,descending,unknown
720575940630247418,central,unknown
720575940630411259,central,Kenyon_Cell
720575940624054280,central,unknown
720575940609406985,central,ALLN
720575940627200010,central,Kenyon_Cell
720575940624349192,central,unknown
720575940608456715,central,Kenyon_Cell
720575940627101706,central,Kenyon_Cell
720575940627888144,central,unknown
720575940646074391,central,unknown
720575940632377375,central,Kenyon_Cell
720575940643846180,central,unknown
720575940625954853,central,unknown
720575940623071270,sensory,olfactory
720575940632737837,central,Kenyon_Cell
720575940632115247,central,Kenyon_Cell
720575940627822647,central,ALPN
720575940628641847,central,Kenyon_Cell
720575940620679233,sensory,olfactory
720575940609865796,central,LHLN
720575940630411339,sensory,olfactory
720575940625233997,central,unknown
720575940628641871,sensory,olfactory
720575940620875861,central,ALPN
720575940617730141,sensory,olfactory
720575940621006945,central,unknown
720575940604852326,central,unknown
720575940628314217,sensory,olfactory
720575940611012721,central,unknown
720575940634703987,sensory,olfactory
720575940649154681,central,ALLN
720575940626675837,central,ALPN
720575940628674686,sensory,olfactory
720575940620253311,sensory,olfactory
720575940639979648,central,Kenyon_Cell
720575940646598788,central,Kenyon_Cell
720575940619597958,central,unknown
720575940626282633,sensory,olfactory
720575940616616075,central,Kenyon_Cell
720575940640503949,central,unknown
720575940627724431,central,unknown
720575940616026262,central,unknown
720575940615043222,descending,unknown
720575940638963875,central,Kenyon_Cell
720575940621531312,sensory,olfactory
720575940605343921,sensory,olfactory
720575940621203632,central,ALPN
720575940607146162,central,Kenyon_Cell
720575940618844353,central,Kenyon_Cell
720575940631296204,sensory,olfactory
720575940611373262,central,unknown
720575940630902991,central,LHLN
720575940614944977,central,ALLN
720575940633688275,central,ALPN
720575940618385620,central,ALLN
720575940608227541,sensory,olfactory
720575940622219478,sensory,olfactory
720575940623628509,central,unknown
720575940613699807,sensory,olfactory
720575940635883748,central,Kenyon_Cell
720575940622383338,sensory,olfactory
720575940623464683,sensory,olfactory
720575940629494010,central,unknown
720575940623071485,sensory,olfactory
720575940613798142,central,unknown
720575940626446594,central,LHLN
720575940624349448,central,unknown
720575940608293129,central,ALPN
720575940615305484,sensory,olfactory
720575940630411535,central,Kenyon_Cell
720575940628707600,sensory,olfactory
720575940626872593,sensory,olfactory
720575940630575375,central,ALLN
720575940617763099,central,unknown
720575940627167516,descending,unknown
720575940631591199,central,ALLN
720575940605376800,central,unknown
720575940645714211,central,Kenyon_Cell
720575940624709925,central,Kenyon_Cell
720575940629723434,central,Kenyon_Cell
720575940628478251,sensory,olfactory
720575940632738093,central,Kenyon_Cell
720575940626741552,central,ALLN
720575940617959729,central,Kenyon_Cell
720575940613798195,sensory,olfactory
720575940613863731,central,unknown
720575940639127861,central,Kenyon_Cell
720575940629788983,central,Kenyon_Cell
720575940629920056,central,unknown
720575940616812859,central,unknown
720575940629821756,sensory,olfactory
720575940637686079,central,unknown
720575940621039952,central,unknown
720575940625889625,sensory,olfactory
720575940636080479,central,unknown
720575940622055777,central,unknown
720575940610357602,central,unknown
720575940611012962,central,unknown
720575940626086244,central,Kenyon_Cell
720575940630968680,central,unknown
720575940630313324,central,unknown
720575940620319085,central,ALLN
720575940630608236,central,unknown
720575940611930481,central,unknown
720575940621236596,central,unknown
720575940648139129,central,Kenyon_Cell
720575940629625210,central,Kenyon_Cell
720575940628674938,central,unknown
720575940626217341,central,Kenyon_Cell
720575940639553920,descending,unknown
720575940627069321,central,unknown
720575940641323405,central,unknown
720575940611045781,sensory,olfactory
720575940611111317,central,Kenyon_Cell
720575940643781024,central,unknown
720575940638964131,central,Kenyon_Cell
720575940640864675,central,unknown
720575940614486439,central,LHLN
720575940605934001,central,Kenyon_Cell
720575940624677303,visual_projection,unknown
720575940639095229,central,unknown
720575940638603709,central,unknown
720575940629461442,descending,unknown
720575940610161091,central,ALLN
720575940615764422,central,Kenyon_Cell
720575940640471504,central,unknown
720575940607932885,sensory,olfactory
720575940621728214,central,Kenyon_Cell
720575940622612957,central,unknown
720575940637784548,central,Kenyon_Cell
720575940617009638,sensory,olfactory
720575940627069416,visual_projection,unknown
720575940638145001,central,LHLN
720575940623530474,central,Kenyon_Cell
720575940624710122,central,unknown
720575940611733997,central,Kenyon_Cell
720575940628478449,central,unknown
720575940623825405,central,unknown
720575940628281860,sensory,olfactory
720575940628347398,central,unknown
720575940623792648,central,ALLN
720575940607375881,sensory,olfactory
720575940624054792,central,unknown
720575940609112587,central,ALLN
720575940631230994,central,LHLN
720575940619696660,central,Kenyon_Cell
720575940627429909,central,Kenyon_Cell
720575940621892122,central,Kenyon_Cell
720575940617828893,central,unknown
720575940621761057,central,LHLN
720575940618353186,central,Kenyon_Cell
720575940646369827,central,unknown
720575940645059107,central,Kenyon_Cell
720575940613339688,central,unknown
720575940629723690,central,Kenyon_Cell
720575940631460394,central,LHLN
720575940628609579,central,unknown
720575940629854764,central,Kenyon_Cell
720575940616256059,sensory,olfactory
720575940618615360,central,ALPN
720575940618582592,central,unknown
720575940627102280,central,unknown
720575940622842441,central,unknown
720575940619565648,sensory,olfactory
720575940637555288,central,unknown
720575940619696731,central,unknown
720575940615436893,central,unknown
720575940620286558,central,Kenyon_Cell
720575940620319329,sensory,olfactory
720575940625136228,sensory,olfactory
720575940628970087,central,unknown
720575940614781546,central,Kenyon_Cell
720575940634704491,central,unknown
720575940630608492,central,LHLN
720575940619205229,central,Kenyon_Cell
720575940629789292,central,Kenyon_Cell
720575940611242609,central,unknown
720575940638440051,central,unknown
720575940616551029,central,unknown
720575940616944251,sensory,olfactory
720575940621204095,central,unknown
720575940645386884,central,Kenyon_Cell
720575940625529477,central,Kenyon_Cell
720575940621564550,central,unknown
720575940623465098,central,unknown
720575940642142861,central,MBON
720575940635916942,sensory,hygrosensory
720575940612717202,central,Kenyon_Cell
720575940633983639,sensory,olfactory
720575940624611992,central,unknown
720575940612160153,sensory,olfactory
720575940610751129,central,Kenyon_Cell
720575940618779294,central,unknown
720575940614159010,central,unknown
720575940635425460,central,Kenyon_Cell
720575940619434689,sensory,olfactory
720575940630149829,central,unknown
720575940615568070,central,unknown
720575940613929670,central,Kenyon_Cell
720575940626053834,central,unknown
720575940623956682,central,unknown
720575940632410828,central,unknown
720575940622547661,sensory,olfactory
720575940610292430,central,ALPN
720575940610456270,central,unknown
720575940639619792,sensory,olfactory
720575940612881105,sensory,olfactory
720575940610915026,central,LHLN
720575940619434712,central,unknown
720575940616649433,central,Kenyon_Cell
720575940617272025,central,unknown
720575940621073117,central,Kenyon_Cell
720575940614388447,central,unknown
720575940612586211,central,LHLN
720575940638046948,central,unknown
720575940611504869,sensory,olfactory
720575940629854953,sensory,olfactory
720575940621761263,central,unknown
720575940620024560,sensory,olfactory
720575940610423538,central,ALPN
720575940634868472,central,Kenyon_Cell
720575940621433599,central,unknown
720575940630084352,central,unknown
720575940628347654,central,unknown
720575940624382727,sensory,olfactory
720575940623235848,sensory,olfactory
720575940627397386,sensory,olfactory
720575940608588555,central,unknown
720575940631100175,central,Kenyon_Cell
720575940629494543,central,Kenyon_Cell
720575940628478736,central,unknown
720575940627364629,central,unknown
720575940617534235,central,Kenyon_Cell
720575940645714723,central,Kenyon_Cell
720575940624775975,central,unknown
720575940621433641,central,unknown
720575940628773675,central,Kenyon_Cell
720575940617009970,central,unknown
720575940628446010,central,unknown
720575940636998463,sensory,olfactory
720575940615502658,central,LHLN
720575940631526215,central,ALLN
720575940624186185,central,unknown
720575940627135306,sensory,thermosensory
720575940624120649,central,unknown
720575940624677709,central,LHCENT
720575940639030094,sensory,olfactory
720575940628773711,central,unknown
720575940618681168,central,ALLN
720575940631264083,central,unknown
720575940609932130,central,unknown
720575940609768290,central,Kenyon_Cell
720575940628478823,central,unknown
720575940628675433,central,ALIN
720575940636343147,central,LHCENT
720575940629232492,sensory,olfactory
720575940644076398,sensory,olfactory
720575940642962286,central,ALPN
720575940620483444,central,unknown
720575940621302644,central,unknown
720575940630510454,central,unknown
720575940615961461,central,unknown
720575940618746747,central,Kenyon_Cell
720575940618648443,central,unknown
720575940658101121,central,Kenyon_Cell
720575940620123015,central,unknown
720575940619434887,central,Kenyon_Cell
720575940641979277,sensory,olfactory
720575940611767189,central,unknown
720575940634606490,central,unknown
720575940612553642,central,unknown
720575940620614571,sensory,olfactory
720575940605180849,central,Kenyon_Cell
720575940610784179,central,Kenyon_Cell
720575940616092603,central,Kenyon_Cell
720575940618517440,central,Kenyon_Cell
720575940629199810,sensory,olfactory
720575940629068741,central,ALLN
720575940618746827,central,unknown
720575940623137741,central,ALPN
720575940623104973,central,unknown
720575940610849742,central,Kenyon_Cell
720575940640078800,central,unknown
720575940613864401,central,ALPN
720575940617501652,central,unknown
720575940612127706,central,unknown
720575940637686750,central,unknown
720575940633557986,sensory,olfactory
720575940611111907,sensory,olfactory
720575940617534438,central,Kenyon_Cell
720575940628184040,sensory,olfactory
720575940626643944,central,Kenyon_Cell
720575940623629292,sensory,gustatory
720575940621597678,central,Kenyon_Cell
720575940620418032,sensory,olfactory
720575940652104694,descending,unknown
720575940628839419,central,LHLN
720575940626480124,sensory,olfactory
720575940628347910,central,unknown
720575940621466637,central,unknown
720575940624776206,central,Kenyon_Cell
720575940627168273,central,unknown
720575940627692565,central,unknown
720575940627627029,central,unknown
720575940620057626,visual_projection,unknown
720575940645747747,central,Kenyon_Cell
720575940645682211,central,Kenyon_Cell
720575940623268902,central,unknown
720575940632542253,central,unknown
720575940632149039,central,Kenyon_Cell
720575940639194165,central,unknown
720575940639718453,central,unknown
720575940617010240,central,Kenyon_Cell
720575940619238465,central,unknown
720575940631067715,sensory,olfactory
720575940611079236,central,ALPN
720575940631034955,central,Kenyon_Cell
720575940621728844,central,Kenyon_Cell
720575940620811340,central,Kenyon_Cell
720575940631624785,central,unknown
720575940629724247,sensory,olfactory
720575940639915096,central,unknown
720575940625235033,central,Kenyon_Cell
720575940630281319,central,LHLN
720575940628708460,central,Kenyon_Cell
720575940639554675,central,Kenyon_Cell
720575940637293687,central,unknown
720575940626513027,central,Kenyon_Cell
720575940621401222,descending,unknown
720575940619828359,central,Kenyon_Cell
720575940623137930,sensory,olfactory
720575940616551563,sensory,olfactory
720575940631919756,central,Kenyon_Cell
720575940617436305,central,Kenyon_Cell
720575940611013785,central,Kenyon_Cell
720575940628380827,sensory,olfactory
720575940617567390,central,Kenyon_Cell
720575940620057758,central,LHCENT
720575940612619431,central,unknown
720575940621860009,sensory,olfactory
720575940634574004,sensory,olfactory
720575940605705406,central,unknown
720575940629265602,sensory,olfactory
720575940607900867,central,Kenyon_Cell
720575940629724354,central,Kenyon_Cell
720575940632575180,central,unknown
720575940623137997,central,ALLN
720575940612521166,central,unknown
720575940639751376,central,unknown
720575940610686162,sensory,olfactory
720575940617534676,sensory,olfactory
720575940622548182,central,unknown
720575940619271384,central,Kenyon_Cell
720575940612062426,central,ALPN
720575940604493024,central,Kenyon_Cell
720575940633165025,central,ALPN
720575940638113001,central,LHLN
720575940637949161,central,Kenyon_Cell
720575940638080233,central,unknown
720575940618714351,central,Kenyon_Cell
720575940620451056,central,unknown
720575940618878191,central,unknown
720575940629724411,sensory,olfactory
720575940627528964,sensory,olfactory
720575940629495046,central,unknown
720575940631002386,central,Kenyon_Cell
720575940626513171,central,Kenyon_Cell
720575940620221716,central,unknown
720575940621729050,central,unknown
720575940605410592,central,unknown
720575940621335841,sensory,olfactory
720575940644961588,central,ALPN
720575940638932277,central,LHLN
720575940625431866,central,ALPN
720575940625431870,central,ALPN
720575940626283838,central,unknown
720575940636114239,central,Kenyon_Cell
720575940614257986,sensory,olfactory
720575940615503170,central,unknown
720575940627594568,central,DAN
720575940617665876,central,unknown
720575940616486230,central,ALLN
720575940616322397,sensory,olfactory
720575940636507493,central,unknown
720575940628348265,central,unknown
720575940635196779,central,unknown
720575940630281580,central,unknown
720575940621368685,sensory,olfactory
720575940620909933,central,unknown
720575940612914546,central,LHLN
720575940630183286,central,ALLN
720575940629396858,central,unknown
720575940618648955,central,unknown
720575940639260032,sensory,olfactory
720575940637883776,central,unknown
720575940606590338,central,ALPN
720575940625497488,central,Kenyon_Cell
720575940617207185,central,ALPN
720575940611702165,central,Kenyon_Cell
720575940635229591,central,unknown
720575940626218392,central,unknown
720575940617665950,sensory,hygrosensory
720575940614880671,sensory,olfactory
720575940643814816,central,unknown
720575940614258082,sensory,olfactory
720575940632378788,central,unknown
720575940620123558,sensory,olfactory
720575940623236521,central,unknown
720575940613668266,central,unknown
720575940619795883,central,Kenyon_Cell
720575940623334837,sensory,olfactory
720575940623465909,central,ALPN
720575940623367607,sensory,olfactory
720575940623203767,central,Kenyon_Cell
720575940615962043,central,Kenyon_Cell
720575940630511055,sensory,olfactory
720575940630281687,central,LHLN
720575940616650201,central,Kenyon_Cell
720575940628151772,central,LHLN
720575940623203805,central,unknown
720575940636048862,central,Kenyon_Cell
720575940603870688,sensory,olfactory
720575940624514535,central,Kenyon_Cell
720575940612455917,sensory,olfactory
720575940629593585,central,unknown
720575940629233145,central,Kenyon_Cell
720575940623400445,central,Kenyon_Cell
720575940629986816,central,unknown
720575940619075073,sensory,hygrosensory
720575940626316802,central,Kenyon_Cell
720575940627987974,central,unknown
720575940624875018,central,unknown
720575940608589323,central,unknown
720575940624121358,sensory,olfactory
720575940624940558,central,Kenyon_Cell
720575940619632148,sensory,olfactory
720575940615994907,sensory,olfactory
720575940617141789,sensory,olfactory
720575940621762081,central,ALPN
720575940622089761,central,unknown
720575940621041185,central,unknown
720575940624514599,central,unknown
720575940628839979,central,unknown
720575940608130606,central,ALPN
720575940614618683,central,ALLN
720575940638670397,central,unknown
720575940621467212,central,unknown
720575940623793741,sensory,thermosensory
720575940629888599,sensory,olfactory
720575940639686232,central,Kenyon_Cell
720575940629397079,central,Kenyon_Cell
720575940608392796,central,LHLN
720575940633034336,central,Kenyon_Cell
720575940644765294,central,unknown
720575940636999280,central,unknown
720575940611210865,central,Kenyon_Cell
720575940629921398,central,Kenyon_Cell
720575940625956483,central,ALLN
720575940626579075,central,unknown
720575940626382473,central,unknown
720575940613865110,central,unknown
720575940628709019,central,unknown
720575940620091038,central,unknown
720575940615437983,central,LHLN
720575940613897890,central,Kenyon_Cell
720575940627431080,sensory,olfactory
720575940632805037,central,Kenyon_Cell
720575940631527085,central,unknown
720575940604919473,central,ALPN
720575940622352055,central,LHLN
720575940626022074,central,DAN
720575940634836671,central,Kenyon_Cell
720575940607672003,central,unknown
720575940622646980,central,Kenyon_Cell
720575940629298885,central,Kenyon_Cell
720575940620385997,central,unknown
720575940632510163,sensory,olfactory
720575940620418774,central,Kenyon_Cell
720575940621696747,central,ALPN
720575940614291181,ascending,AN
720575940620058350,central,Kenyon_Cell
720575940626874097,central,Kenyon_Cell
720575940629200631,central,Kenyon_Cell
720575940624187133,central,LHLN
720575940625825538,sensory,olfactory
720575940608360203,central,unknown
720575940615798540,central,Kenyon_Cell
720575940630642447,sensory,olfactory
720575940627595024,sensory,olfactory
720575940619403028,sensory,olfactory
720575940627332885,sensory,olfactory
720575940612587286,central,Kenyon_Cell
720575940616748827,central,Kenyon_Cell
720575940605411104,central,unknown
720575940624547622,central,MBIN
720575940624449318,central,unknown
720575940631461674,central,unknown
720575940628217643,central,Kenyon_Cell
720575940629856044,central,Kenyon_Cell
720575940618846001,central,Kenyon_Cell
720575940617895744,sensory,olfactory
720575940619337536,central,ALPN
720575940615405378,central,Kenyon_Cell
720575940628086607,sensory,olfactory
720575940639588184,central,unknown
720575940637982552,central,unknown
720575940622843747,central,unknown
720575940626087780,central,Kenyon_Cell
720575940629364583,central,unknown
720575940634967915,sensory,olfactory
720575940619075437,central,ALPN
720575940644667246,sensory,olfactory
720575940645093230,central,unknown
720575940610457457,central,unknown
720575940620255092,sensory,olfactory
720575940638474112,central,Kenyon_Cell
720575940659019649,central,unknown
720575940626349957,sensory,olfactory
720575940641423245,central,unknown
720575940627431311,sensory,olfactory
720575940628316047,central,ALPN
720575940617273233,central,unknown
720575940627726223,central,LHLN
720575940622581651,sensory,hygrosensory
720575940635983770,central,ALPN
720575940634935194,central,Kenyon_Cell
720575940633984924,central,unknown
720575940619992997,central,unknown
720575940605312945,central,Kenyon_Cell
720575940606001074,sensory,olfactory
720575940612882355,central,unknown
720575940635492276,central,unknown
720575940629036997,central,Kenyon_Cell
720575940619108299,central,unknown
720575940608884693,central,unknown
720575940630282199,central,unknown
720575940630544348,central,unknown
720575940624711655,central,Kenyon_Cell
720575940627857384,central,Kenyon_Cell
720575940624023539,central,unknown
720575940651646966,central,unknown
720575940652335094,central,unknown
720575940629561338,central,unknown
