root_id,super_class,class
720575940629561347,motor,brain_motor_neuron
720575940626415620,central,unknown
720575940607967241,central,unknown
720575940632510479,sensory,gustatory
720575940626153488,central,unknown
720575940611047446,central,unknown
720575940644175895,central,unknown
720575940622188568,central,unknown
720575940620451866,central,unknown
720575940642308132,central,unknown
720575940624547878,optic,optic_lobe_intrinsic
720575940613144616,central,unknown
720575940632477738,optic,optic_lobe_intrinsic
720575940629921835,ascending,AN
720575940630478892,visual_centrifugal,unknown
720575940629823531,optic,optic_lobe_intrinsic
720575940629102636,central,unknown
720575940614193202,central,unknown
720575940638933045,optic,optic_lobe_intrinsic
720575940618518582,central,unknown
720575940614914107,visual_projection,unknown
720575940630937660,central,unknown
720575940620091457,central,unknown
720575940615438402,central,unknown
720575940631167043,optic,optic_lobe_intrinsic
720575940609015876,central,unknown
720575940638343238,central,unknown
720575940627824712,ascending,AN
720575940624154697,central,unknown
720575940630839371,descending,unknown
720575940622090316,central,LHLN
720575940625334349,central,unknown
720575940631855185,optic,optic_lobe_intrinsic
720575940617371732,central,unknown
720575940636606554,descending,unknown
720575940615635037,central,unknown
720575940634574943,central,unknown
720575940634771552,central,ALLN
720575940622319715,central,unknown
720575940625825892,optic,optic_lobe_intrinsic
720575940635852901,central,unknown
720575940604624998,central,unknown
720575940630937704,central,unknown
720575940626481257,central,unknown
720575940631101548,central,unknown
720575940610916465,ascending,AN
720575940620320884,sensory,mechanosensory
720575940619206772,ascending,AN
720575940648304761,sensory,mechanosensory
720575940647518340,central,unknown
720575940620320902,central,unknown
720575940622123144,central,unknown
720575940621107336,visual_projection,unknown
720575940627136655,central,unknown
720575940615438482,optic,optic_lobe_intrinsic
720575940624056467,central,unknown
720575940614619282,central,unknown
720575940611211417,sensory,gustatory
720575940628218011,sensory,mechanosensory
720575940628152475,central,unknown
720575940633165980,sensory,gustatory
720575940618682526,sensory,gustatory
720575940619960478,central,unknown
720575940642898080,central,unknown
720575940614783138,optic,optic_lobe_intrinsic
720575940629954724,central,unknown
720575940620157093,central,unknown
720575940620714150,descending,unknown
720575940623401128,sensory,mechanosensory
720575940621697193,ascending,AN
720575940628283560,central,ALPN
720575940627333288,optic,optic_lobe_intrinsic
720575940632412333,descending,unknown
720575940621729968,optic,optic_lobe_intrinsic
720575940622090416,optic,optic_lobe_intrinsic
720575940607377586,central,unknown
720575940620910774,central,unknown
720575940625006776,descending,unknown
720575940626972858,central,unknown
720575940618420417,central,unknown
720575940627398855,ascending,AN
720575940643651784,central,unknown
720575940606722249,central,ALLN
720575940606787785,optic,optic_lobe_intrinsic
720575940609474766,visual_centrifugal,unknown
720575940613243089,central,unknown
720575940639817947,visual_projection,unknown
720575940637032670,central,unknown
720575940632084705,central,unknown
720575940612554979,central,unknown
720575940610425061,central,unknown
720575940637130985,sensory,gustatory
720575940624417002,central,unknown
720575940625170667,optic,optic_lobe_intrinsic
720575940629463281,central,unknown
720575940612423922,central,unknown
720575940638572789,central,unknown
720575940629201143,sensory,mechanosensory
720575940630020345,central,unknown
720575940631625979,central,unknown
720575940613144830,central,unknown
720575940621861119,sensory,mechanosensory
720575940627333378,central,unknown
720575940629987587,central,unknown
720575940625596676,sensory,mechanosensory
720575940628971779,descending,unknown
720575940627300618,optic,optic_lobe_intrinsic
720575940621926669,central,ALPN
720575940625989904,central,unknown
720575940626186512,central,unknown
720575940631724306,optic,optic_lobe_intrinsic
720575940627300627,central,unknown
720575940626678035,visual_centrifugal,unknown
720575940626809109,central,unknown
720575940621336852,descending,unknown
720575940620779800,central,unknown
720575940618715421,visual_projection,unknown
720575940633067807,central,unknown
720575940646568227,optic,optic_lobe_intrinsic
720575940622811430,central,ALPN
720575940622254375,central,unknown
720575940611604776,central,unknown
720575940611703080,central,ALPN
720575940629102891,visual_projection,ocellar
720575940628578603,optic,optic_lobe_intrinsic
720575940631068973,central,unknown
720575940624154928,sensory,mechanosensory
720575940624056624,central,unknown
720575940629954872,central,unknown
720575940631396664,optic,optic_lobe_intrinsic
720575940617077056,central,unknown
720575940621992257,central,unknown
720575940631396675,central,unknown
720575940627398984,central,unknown
720575940637851982,sensory,mechanosensory
720575940628578639,sensory,mechanosensory
720575940618649936,visual_centrifugal,unknown
720575940633395539,visual_centrifugal,unknown
720575940619895125,central,ALPN
720575940639555928,sensory,gustatory
720575940607770972,sensory,mechanosensory
720575940634837343,sensory,mechanosensory
720575940633067871,central,unknown
720575940634116448,central,unknown
720575940610261346,sensory,mechanosensory
720575940636541285,central,unknown
720575940637622629,optic,optic_lobe_intrinsic
720575940629889383,optic,optic_lobe_intrinsic
720575940630839656,optic,optic_lobe_intrinsic
720575940627792233,central,unknown
720575940629725545,descending,unknown
720575940635885931,central,unknown
720575940631101804,central,unknown
720575940619403629,central,unknown
720575940613603698,optic,optic_lobe_intrinsic
720575940616192373,optic,optic_lobe_intrinsic
720575940628644218,central,unknown
720575940618682747,sensory,mechanosensory
720575940622352764,descending,unknown
720575940606099842,central,unknown
720575940625465733,central,unknown
720575940619731334,visual_projection,unknown
720575940620550534,central,unknown
720575940622123400,descending,unknown
720575940618027399,central,unknown
720575940625269136,sensory,mechanosensory
720575940615537041,ascending,AN
720575940625662360,visual_projection,unknown
720575940612686233,central,unknown
720575940635066778,central,unknown
720575940613603737,ascending,AN
720575940633526684,visual_projection,unknown
720575940613996959,sensory,gustatory
720575940614291871,optic,optic_lobe_intrinsic
720575940615274914,visual_projection,unknown
720575940639785379,central,unknown
720575940614062503,central,unknown
720575940627497384,central,unknown
720575940612030899,central,unknown
720575940617568697,descending,unknown
720575940616651193,central,unknown
720575940615930299,central,unknown
720575940633330111,sensory,mechanosensory
720575940633428415,visual_projection,unknown
720575940609376707,descending,unknown
720575940622778820,central,unknown
720575940631003589,central,unknown
720575940623303108,central,ALPN
720575940643160520,central,unknown
720575940625269194,sensory,mechanosensory
720575940625465802,central,unknown
720575940640178640,central,unknown
720575940613571025,optic,optic_lobe_intrinsic
720575940611015122,central,unknown
720575940605411808,central,unknown
720575940632052194,visual_projection,unknown
720575940637688292,central,unknown
720575940613112293,central,unknown
720575940636279273,central,unknown
720575940638900713,central,unknown
720575940623696362,ascending,AN
720575940639195625,central,unknown
720575940613669357,sensory,mechanosensory
720575940611277293,central,unknown
720575940633919992,central,unknown
720575940635394552,optic,optic_lobe_intrinsic
720575940628873722,central,unknown
720575940627595772,descending,unknown
720575940614423038,central,unknown
720575940629496320,central,unknown
720575940617077249,central,unknown
720575940617437697,central,unknown
720575940625039880,optic,optic_lobe_intrinsic
720575940623139341,central,unknown
720575940623925774,visual_projection,unknown
720575940628972048,central,unknown
720575940626973201,central,unknown
720575940644438551,descending,unknown
720575940638245399,central,unknown
720575940644045335,central,unknown
720575940617765405,central,unknown
720575940631396895,central,unknown
720575940617929250,optic,optic_lobe_intrinsic
720575940643258916,sensory,mechanosensory
720575940622746150,central,unknown
720575940624679463,motor,brain_motor_neuron
720575940629266988,central,unknown
720575940632740397,central,unknown
720575940620550705,central,ALON
720575940637458997,central,unknown
720575940627235386,central,unknown
720575940614685243,central,unknown
720575940623925822,central,unknown
720575940630118979,sensory,mechanosensory
720575940608819780,central,unknown
720575940616258117,central,unknown
720575940630544967,sensory,mechanosensory
720575940631200327,central,unknown
720575940631069255,sensory,gustatory
720575940628382282,central,unknown
720575940630643275,central,unknown
720575940622484044,optic,optic_lobe_intrinsic
720575940623467084,optic,optic_lobe_intrinsic
720575940638638670,central,unknown
720575940628349522,central,unknown
720575940639425112,descending,unknown
720575940625728089,central,unknown
720575940637360730,central,unknown
720575940615111261,central,unknown
720575940620943969,central,unknown
720575940625400420,central,unknown
720575940606722662,central,unknown
720575940634477163,central,unknown
720575940635198064,central,unknown
720575940640146035,optic,optic_lobe_intrinsic
720575940638573171,central,unknown
720575940622516852,visual_centrifugal,unknown
720575940639621760,central,unknown
720575940647223940,central,unknown
720575940621107847,descending,unknown
720575940622975624,central,unknown
720575940622516874,central,unknown
720575940624319124,descending,unknown
720575940626612888,central,unknown
720575940612031129,sensory,mechanosensory
720575940611965593,central,unknown
720575940640834211,central,unknown
720575940619403942,central,unknown
720575940612424362,central,unknown
720575940621533867,central,unknown
720575940619993776,central,unknown
720575940604396209,central,unknown
720575940607935154,central,unknown
720575940636574388,central,unknown
720575940625040053,central,ALPN
720575940624253624,sensory,mechanosensory
720575940625334970,central,unknown
720575940619862720,central,unknown
720575940621435585,central,unknown
720575940631069381,optic,optic_lobe_intrinsic
720575940626154183,central,unknown
720575940642210504,central,unknown
720575940627137223,ascending,AN
720575940624515786,central,unknown
720575940627071690,central,unknown
720575940618289867,sensory,mechanosensory
720575940623368906,central,unknown
720575940622516941,central,unknown
720575940610622158,central,unknown
720575940613472977,central,unknown
720575940607345365,sensory,mechanosensory
720575940615668441,central,unknown
720575940611474138,central,unknown
720575940611080922,central,unknown
720575940621894365,sensory,mechanosensory
720575940636705502,central,unknown
720575940638606046,visual_centrifugal,unknown
720575940603183840,sensory,mechanosensory
720575940628054760,sensory,mechanosensory
720575940622910188,descending,unknown
720575940621763312,central,unknown
720575940620780272,central,unknown
720575940621468404,central,unknown
720575940639458037,ascending,AN
720575940635034360,central,unknown
720575940628579066,central,unknown
720575940626678524,central,unknown
720575940621730557,sensory,mechanosensory
720575940621501183,central,unknown
720575940617044737,central,unknown
720575940628513542,optic,optic_lobe_intrinsic
720575940608295689,sensory,gustatory
720575940605674249,optic,optic_lobe_intrinsic
720575940628120337,visual_centrifugal,unknown
720575940630643474,central,unknown
720575940627366675,descending,unknown
720575940627464979,central,unknown
720575940631593753,descending,unknown
720575940619928346,descending,unknown
720575940622746394,optic,optic_lobe_intrinsic
720575940625728284,visual_centrifugal,unknown
720575940630446879,central,unknown
720575940617110306,sensory,mechanosensory
720575940645716771,central,unknown
720575940612227880,central,unknown
720575940623696681,central,unknown
720575940631397165,sensory,mechanosensory
720575940630741805,central,unknown
720575940632281901,central,unknown
720575940624450352,central,unknown
720575940614751027,visual_projection,unknown
720575940647945012,central,unknown
720575940616356662,central,unknown
720575940628841271,central,unknown
720575940632380216,central,unknown
720575940627039034,sensory,mechanosensory
720575940617241403,central,unknown
720575940629201724,central,unknown
720575940639032125,central,unknown
720575940625040190,central,unknown
720575940636574527,central,unknown
720575940617438016,ascending,AN
720575940613604162,central,unknown
720575940629201731,central,unknown
720575940632281927,motor,brain_motor_neuron
720575940628513610,optic,optic_lobe_intrinsic
720575940638638926,central,unknown
720575940616553300,ascending,AN
720575940617143124,ascending,AN
720575940616848214,central,unknown
720575940622123875,central,unknown
720575940604494694,optic,optic_lobe_intrinsic
720575940604330854,central,unknown
720575940630020968,central,unknown
720575940621009773,central,unknown
720575940644733806,central,unknown
720575940633625455,sensory,mechanosensory
720575940643783534,central,unknown
720575940629594998,central,unknown
720575940649812857,ascending,AN
720575940629824378,sensory,mechanosensory
720575940621566844,descending,unknown
720575940622058364,central,unknown
720575940629988222,optic,optic_lobe_intrinsic
720575940626088835,descending,unknown
720575940646372228,sensory,thermosensory
720575940625597317,central,unknown
720575940620878727,central,unknown
720575940622189448,central,unknown
720575940632118156,central,unknown
720575940643259277,central,unknown
720575940625433488,central,LHLN
720575940623008659,central,unknown
720575940634018711,central,unknown
720575940617175965,central,ALLN
720575940618519454,descending,unknown
720575940618552229,central,unknown
720575940618879910,central,unknown
720575940619928485,central,unknown
720575940626777000,central,unknown
720575940622156720,central,unknown
720575940605019057,central,unknown
720575940606919602,central,unknown
720575940607345586,central,unknown
720575940636574644,central,unknown
720575940619207606,central,unknown
720575940625531832,optic,optic_lobe_intrinsic
720575940638770109,optic,optic_lobe_intrinsic
720575940639359933,optic,optic_lobe_intrinsic
720575940620321728,central,unknown
720575940620878785,descending,unknown
720575940629398466,central,unknown
720575940624516042,sensory,mechanosensory
720575940620846027,central,unknown
720575940622123981,central,unknown
720575940614128593,ascending,AN
720575940613080017,central,unknown
720575940617044948,central,unknown
720575940606624725,central,unknown
720575940617536473,optic,optic_lobe_intrinsic
720575940621566941,central,unknown
720575940610753503,sensory,mechanosensory
720575940638770148,central,unknown
720575940626514920,sensory,mechanosensory
720575940611867629,central,unknown
720575940621665263,central,unknown
720575940620026864,central,unknown
720575940619207664,central,unknown
720575940611277810,central,unknown
720575940611638258,central,unknown
720575940610753522,central,unknown
720575940636410869,sensory,mechanosensory
720575940649911286,central,unknown
720575940653581302,central,unknown
720575940614358014,central,unknown
720575940615406590,central,unknown
720575940629365760,sensory,mechanosensory
720575940618748929,central,unknown
720575940625073154,sensory,mechanosensory
720575940625564676,central,ALPN
720575940623467527,descending,unknown
720575940614456332,central,unknown
720575940631331855,sensory,gustatory
720575940631299090,central,unknown
720575940625466387,central,unknown
720575940644275223,ascending,AN
720575940617110555,central,unknown
720575940609934365,sensory,mechanosensory
720575940617241629,central,unknown
720575940631594015,ascending,AN
720575940616324130,central,unknown
720575940624253991,central,unknown
720575940622943271,central,unknown
720575940630086698,central,unknown
720575940632085549,central,unknown
720575940632740911,optic,optic_lobe_intrinsic
720575940626580528,central,unknown
720575940618847281,sensory,mechanosensory
720575940614128691,central,unknown
720575940647060532,central,unknown
720575940637721653,central,unknown
720575940617995318,central,unknown
720575940631168057,descending,unknown
720575940624352318,central,unknown
720575940625433662,central,unknown
720575940609377348,central,unknown
720575940622550089,descending,unknown
720575940621567052,central,unknown
720575940625204301,central,unknown
720575940637918286,optic,optic_lobe_intrinsic
720575940628087887,central,unknown
720575940618028125,central,unknown
720575940621894750,central,unknown
720575940628218976,sensory,mechanosensory
720575940625826916,sensory,mechanosensory
720575940627989609,sensory,unknown_sensory
720575940627891305,central,unknown
720575940630119532,descending,unknown
720575940629365868,central,unknown
720575940636116080,visual_centrifugal,unknown
720575940638082163,sensory,mechanosensory
720575940621370484,central,unknown
720575940636345463,central,unknown
720575940636083319,central,unknown
720575940650337401,optic,optic_lobe_intrinsic
720575940611507320,central,unknown
720575940619076731,central,unknown
720575940625761411,central,unknown
720575940618388614,ascending,AN
720575940617602183,central,unknown
720575940626875529,sensory,mechanosensory
720575940635919502,central,unknown
720575940637000846,central,unknown
720575940622910611,central,unknown
720575940615832726,optic,optic_lobe_intrinsic
720575940627694744,optic,optic_lobe_intrinsic
720575940625990808,central,unknown
720575940626941080,central,unknown
720575940633953434,descending,unknown
720575940628874395,sensory,mechanosensory
720575940633429148,sensory,mechanosensory
720575940628710555,ascending,AN
720575940618355870,central,unknown
720575940634838172,optic,optic_lobe_intrinsic
720575940618519710,motor,brain_motor_neuron
720575940634215578,optic,optic_lobe_intrinsic
720575940642669728,sensory,olfactory
720575940631987364,descending,unknown
720575940633724068,optic,optic_lobe_intrinsic
720575940627498152,central,unknown
720575940621501609,sensory,mechanosensory
720575940628120744,visual_projection,unknown
720575940620223659,central,CX
720575940631397549,visual_projection,unknown
720575940636050606,central,unknown
720575940612359343,central,unknown
720575940622156976,visual_centrifugal,unknown
720575940634739886,central,mAL
720575940610524339,central,unknown
720575940638540989,optic,optic_lobe_intrinsic
720575940606756030,optic,optic_lobe_intrinsic
720575940619568320,central,unknown
720575940622746820,central,unknown
720575940623041732,central,unknown
720575940617012422,central,unknown
720575940628055239,optic,optic_lobe_intrinsic
720575940620813515,optic,optic_lobe_intrinsic
720575940633101516,central,unknown
720575940612162769,central,unknown
720575940628546775,central,unknown
720575940637656286,central,unknown
720575940611638499,central,unknown
720575940637590756,central,unknown
720575940612752611,visual_projection,unknown
720575940616946918,central,unknown
720575940617995494,optic,optic_lobe_intrinsic
720575940615570662,central,unknown
720575940627432680,descending,unknown
720575940622288107,central,unknown
720575940612981997,central,unknown
720575940620715247,central,unknown
720575940620092656,sensory,mechanosensory
720575940629464305,central,unknown
720575940624581875,central,unknown
720575940622877940,sensory,mechanosensory
720575940630447353,central,unknown
720575940629497088,visual_projection,unknown
720575940617176321,visual_projection,unknown
720575940627825923,descending,unknown
720575940627924227,descending,unknown
720575940627301638,central,unknown
720575940607968523,central,unknown
720575940623697165,optic,optic_lobe_intrinsic
720575940629792018,sensory,mechanosensory
720575940611507478,central,unknown
720575940621141274,sensory,mechanosensory
720575940630971679,sensory,mechanosensory
720575940631758111,central,LHLN
720575940606461216,central,unknown
720575940625663269,central,unknown
720575940623729968,sensory,mechanosensory
720575940614554930,central,unknown
720575940646044980,sensory,mechanosensory
720575940638475573,sensory,olfactory
720575940629824825,central,unknown
720575940617405755,optic,optic_lobe_intrinsic
720575940629792060,descending,unknown
720575940638770493,central,unknown
720575940638770495,central,unknown
720575940626384200,visual_projection,unknown
720575940627334474,sensory,mechanosensory
720575940633429331,visual_projection,unknown
720575940616783190,central,unknown
720575940616062294,optic,optic_lobe_intrinsic
720575940640867672,central,unknown
720575940624876889,central,unknown
720575940614817117,central,unknown
720575940619896161,optic,optic_lobe_intrinsic
720575940619928929,sensory,gustatory
720575940608755042,central,unknown
720575940604364134,central,unknown
720575940614686058,sensory,mechanosensory
720575940634903915,descending,unknown
720575940611081586,central,unknown
720575940638410099,visual_projection,unknown
720575940648699257,optic,optic_lobe_intrinsic
720575940618356091,central,unknown
720575940626318717,central,unknown
720575940621239679,central,ALPN
720575940659479937,sensory,unknown_sensory
720575940660233601,central,unknown
720575940625204611,sensory,mechanosensory
720575940659709313,central,unknown
720575940625991043,visual_projection,unknown
720575940618225030,central,unknown
720575940624352643,sensory,gustatory
720575940623107464,central,unknown
720575940660397441,optic,optic_lobe_intrinsic
720575940629235084,sensory,mechanosensory
720575940637197710,central,unknown
720575940623533459,central,unknown
720575940622648723,central,unknown
720575940621960595,central,unknown
720575940635362716,central,unknown
720575940633396636,central,unknown
720575940614751650,central,unknown
720575940630513060,ascending,AN
720575940620125605,central,unknown
720575940619437478,sensory,mechanosensory
720575940614161831,central,unknown
720575940619011494,central,mAL
720575940632413604,central,unknown
720575940636181934,central,unknown
720575940619470256,optic,optic_lobe_intrinsic
720575940606002609,sensory,gustatory
720575940607641010,motor,brain_motor_neuron
720575940615308729,central,unknown
720575940616127931,central,unknown
720575940605707710,central,unknown
720575940604364222,central,unknown
720575940619830721,central,unknown
720575940618356161,central,unknown
720575940618388929,central,unknown
720575940627170759,central,unknown
720575940642506184,sensory,mechanosensory
720575940605937097,central,unknown
720575940625335754,central,unknown
720575940618847691,central,unknown
720575940632020428,central,unknown
720575940611671506,central,ALLN
720575940622321110,descending,unknown
720575940617930200,central,unknown
720575940634609115,sensory,mechanosensory
720575940630480348,descending,unknown
720575940602430944,ascending,AN
720575940637623780,central,ALLN
720575940616947174,central,unknown
720575940624156139,central,unknown
720575940623238636,sensory,mechanosensory
720575940611343853,sensory,mechanosensory
720575940623992300,descending,unknown
720575940613113325,central,unknown
720575940620813808,sensory,mechanosensory
720575940629595633,central,unknown
720575940612654573,central,unknown
720575940620649972,sensory,mechanosensory
720575940630382075,descending,unknown
720575940623992317,central,unknown
720575940615505406,descending,unknown
720575940624057853,central,ALPN
720575940629300736,central,unknown
720575940622026245,central,unknown
720575940626744838,central,unknown
720575940629431814,central,unknown
720575940617045516,central,unknown
720575940631299602,central,unknown
720575940627990035,visual_centrifugal,unknown
720575940619601428,central,unknown
720575940626679317,sensory,unknown_sensory
720575940619765268,central,unknown
720575940619109915,central,unknown
720575940617242141,central,unknown
720575940627629598,descending,unknown
720575940633396767,central,unknown
720575940626089502,central,unknown
720575940631070239,sensory,unknown_sensory
720575940604167712,central,unknown
720575940622616102,central,unknown
720575940627007019,central,unknown
720575940624418352,sensory,mechanosensory
720575940625172016,central,unknown
720575940612523571,central,unknown
720575940626843194,central,unknown
720575940626286142,optic,optic_lobe_intrinsic
720575940621174337,central,unknown
720575940620486209,optic,optic_lobe_intrinsic
720575940630906435,central,unknown
720575940631463495,sensory,mechanosensory
720575940628743752,motor,brain_motor_neuron
720575940623140428,central,unknown
720575940625040973,sensory,mechanosensory
720575940629005903,central,unknown
720575940619601488,central,unknown
720575940627301970,optic,optic_lobe_intrinsic
720575940632839763,central,unknown
720575940617373268,descending,unknown
720575940617799253,central,unknown
720575940620682837,optic,optic_lobe_intrinsic
720575940630251095,sensory,mechanosensory
720575940639196760,sensory,mechanosensory
720575940620093019,central,unknown
720575940618815067,central,unknown
720575940621665886,sensory,mechanosensory
720575940621502051,sensory,gustatory
720575940636542565,sensory,mechanosensory
720575940636903013,central,unknown
720575940628350567,central,unknown
720575940627072617,central,unknown
720575940615898730,descending,unknown
720575940621796973,visual_centrifugal,unknown
720575940646274670,motor,brain_motor_neuron
720575940620879476,central,unknown
720575940616390261,central,unknown
720575940611442296,central,unknown
720575940608788088,central,unknown
720575940620027515,central,CX
720575940622812799,central,ALLN
720575940659709569,central,unknown
720575940607280770,central,unknown
720575940648633988,central,ALLN
720575940619077255,central,unknown
720575940622386824,descending,unknown
720575940617569931,central,unknown
720575940631365260,central,unknown
720575940643325581,central,unknown
720575940634379918,sensory,mechanosensory
720575940635952782,central,unknown
720575940636411534,central,unknown
720575940613637785,central,unknown
720575940635330204,central,unknown
720575940633953948,central,unknown
720575940652566177,sensory,mechanosensory
720575940630546084,central,unknown
720575940620813989,visual_projection,unknown
720575940620289701,sensory,gustatory
720575940613473959,central,unknown
720575940628711080,optic,optic_lobe_intrinsic
720575940620748457,central,unknown
720575940613080751,sensory,gustatory
720575940604954289,descending,unknown
720575940606428850,central,unknown
720575940612327091,ascending,AN
720575940623533749,central,unknown
720575940627269306,central,unknown
720575940620879552,sensory,mechanosensory
720575940620322497,descending,unknown
720575940623468228,central,unknown
720575940622517956,central,unknown
720575940615046854,central,unknown
720575940629661381,visual_projection,unknown
720575940624352970,central,unknown
720575940618847947,central,unknown
720575940633593548,central,unknown
720575940640147152,central,unknown
720575940630775511,optic,optic_lobe_intrinsic
720575940630644439,optic,optic_lobe_intrinsic
720575940642506459,central,unknown
720575940631365340,central,unknown
720575940631693026,central,unknown
720575940612261603,central,unknown
720575940637296356,central,ALON
720575940638312164,optic,optic_lobe_intrinsic
720575940625041127,optic,optic_lobe_intrinsic
720575940628416232,visual_projection,ocellar
720575940612687597,sensory,mechanosensory
720575940621403887,visual_projection,unknown
720575940625532659,central,unknown
720575940619863796,central,unknown
720575940634085112,central,unknown
720575940630546171,optic,optic_lobe_intrinsic
720575940629137148,visual_projection,unknown
720575940626646787,sensory,mechanosensory
720575940626810628,central,unknown
720575940628481798,central,unknown
720575940608526089,central,unknown
720575940625499914,central,unknown
720575940620715789,sensory,mechanosensory
720575940622616333,central,unknown
720575940625172238,central,unknown
720575940631037711,central,unknown
720575940632413970,central,unknown
720575940627367699,central,unknown
720575940627236629,central,unknown
720575940627728149,central,unknown
720575940632807193,central,unknown
720575940627367708,central,unknown
720575940609541917,sensory,mechanosensory
720575940626745118,optic,optic_lobe_intrinsic
720575940633397023,central,unknown
720575940603676448,central,unknown
720575940621633313,sensory,mechanosensory
720575940621272865,sensory,mechanosensory
720575940622124833,central,unknown
720575940622681889,visual_centrifugal,unknown
720575940613408552,descending,unknown
720575940630120236,optic,optic_lobe_intrinsic
720575940633855789,central,unknown
720575940627105580,optic,optic_lobe_intrinsic
720575940624877360,descending,unknown
720575940614424370,central,unknown
720575940613408563,central,unknown
720575940644439860,sensory,mechanosensory
720575940632381240,optic,optic_lobe_intrinsic
720575940629432124,central,unknown
720575940625729342,ascending,AN
720575940636346175,central,unknown
720575940617471813,central,unknown
720575940638312262,sensory,gustatory
720575940622518092,central,unknown
720575940622616396,optic,optic_lobe_intrinsic
720575940637820750,sensory,mechanosensory
720575940638312270,sensory,mechanosensory
720575940630054735,descending,unknown
720575940638803790,central,unknown
720575940640868184,optic,optic_lobe_intrinsic
720575940625696601,sensory,gustatory
720575940623173470,sensory,gustatory
720575940634707807,central,unknown
720575940632741728,central,unknown
720575940634675045,central,unknown
720575940637624165,central,unknown
720575940626745193,central,unknown
720575940635166571,descending,unknown
720575940630153068,optic,optic_lobe_intrinsic
720575940646274926,central,unknown
720575940636804976,sensory,mechanosensory
720575940640507763,central,unknown
720575940621305716,central,unknown
720575940630087542,central,unknown
720575940626548605,visual_centrifugal,unknown
720575940630546302,central,unknown
720575940660004737,central,unknown
720575940626319235,descending,unknown
720575940634838926,central,unknown
720575940635953038,central,unknown
720575940637656974,central,unknown
720575940618422161,central,unknown
720575940613900178,central,unknown
720575940610525077,central,unknown
720575940635625367,central,unknown
720575940613638041,visual_projection,unknown
720575940635363228,central,unknown
720575940641359776,central,unknown
720575940654401441,central,unknown
720575940644702112,visual_centrifugal,unknown
720575940639786915,central,unknown
720575940614490023,central,unknown
720575940615341991,optic,optic_lobe_intrinsic
720575940633921453,central,unknown
720575940637820846,central,unknown
720575940635527092,ascending,AN
720575940622387126,central,unknown
720575940624549820,central,ALLN
720575940620879808,sensory,mechanosensory
720575940629104578,optic,optic_lobe_intrinsic
720575940606920643,central,unknown
720575940622944196,descending,unknown
720575940627695559,central,unknown
720575940628645831,optic,optic_lobe_intrinsic
720575940624680906,central,unknown
720575940619110347,central,unknown
720575940619536331,central,unknown
720575940620781515,visual_projection,bilateral
720575940609869774,sensory,mechanosensory
720575940614129617,descending,unknown
720575940609476562,sensory,gustatory
720575940631988179,sensory,mechanosensory
720575940631037907,central,unknown
720575940608296917,sensory,gustatory
720575940622190550,central,unknown
720575940627957719,central,unknown
720575940622583766,central,unknown
720575940629792732,central,ALLN
720575940615407583,ascending,AN
720575940618291174,central,ALIN
720575940628121576,optic,optic_lobe_intrinsic
720575940637788137,central,unknown
720575940621076458,sensory,mechanosensory
720575940623042539,sensory,mechanosensory
720575940624943084,motor,brain_motor_neuron
720575940623697898,central,unknown
720575940622452715,central,unknown
720575940619864047,central,unknown
720575940622190571,central,unknown
720575940613670893,central,unknown
720575940610656242,central,unknown
720575940651681782,central,unknown
720575940630644727,central,unknown
720575940630775801,central,unknown
720575940628154364,visual_centrifugal,unknown
720575940624353277,optic,optic_lobe_intrinsic
720575940624222205,central,unknown
720575940624287741,central,unknown
720575940628252672,central,unknown
720575940629301248,central,ALPN
720575940622878719,descending,unknown
720575940621928453,central,unknown
720575940627269642,central,unknown
720575940607019019,sensory,mechanosensory
720575940624156686,sensory,mechanosensory
720575940630808591,descending,unknown
720575940628514832,central,unknown
720575940626974737,central,unknown
720575940624746510,central,unknown
720575940625270798,optic,optic_lobe_intrinsic
720575940630284306,sensory,olfactory
720575940624156696,sensory,mechanosensory
720575940633561113,central,unknown
720575940617537570,central,ALLN
720575940621043753,central,unknown
720575940631693354,central,unknown
720575940626745387,central,unknown
720575940628056107,central,unknown
720575940631889965,descending,unknown
720575940633462829,central,unknown
720575940632905775,optic,optic_lobe_intrinsic
720575940614195251,optic,optic_lobe_intrinsic
720575940647061556,central,unknown
720575940617668662,sensory,mechanosensory
720575940618979382,optic,optic_lobe_intrinsic
720575940623960126,central,unknown
720575940618684481,sensory,mechanosensory
720575940614785090,central,unknown
720575940610000964,central,unknown
720575940632086599,central,unknown
720575940627105864,sensory,mechanosensory
720575940627826760,descending,unknown
720575940629170250,descending,unknown
720575940624287821,central,unknown
720575940638148686,central,unknown
720575940628252751,descending,unknown
720575940619339856,central,unknown
720575940630022223,central,unknown
720575940633135185,optic,optic_lobe_intrinsic
720575940630448215,sensory,mechanosensory
720575940629956695,descending,unknown
720575940627761241,optic,optic_lobe_intrinsic
720575940637296730,sensory,mechanosensory
720575940632381536,central,unknown
720575940632184928,central,unknown
720575940621928547,optic,optic_lobe_intrinsic
720575940636477541,central,unknown
720575940605282406,descending,unknown
720575940628613223,central,unknown
720575940635134053,central,unknown
720575940630546540,central,ALPN
720575940635723887,central,unknown
720575940635789423,central,unknown
720575940612196465,optic,optic_lobe_intrinsic
720575940637755507,central,unknown
720575940615276661,sensory,mechanosensory
720575940635297911,central,unknown
720575940636346487,central,unknown
720575940608985208,central,unknown
720575940619077755,descending,unknown
720575940622223487,optic,optic_lobe_intrinsic
720575940659611777,central,ALPN
720575940606101634,sensory,mechanosensory
720575940620060807,optic,optic_lobe_intrinsic
720575940633168012,central,unknown
720575940634871950,central,unknown
720575940626745487,central,unknown
720575940636674190,ascending,AN
720575940625336464,central,unknown
720575940625205392,central,unknown
720575940623468691,descending,unknown
720575940621633683,central,unknown
720575940610590869,central,unknown
720575940609673369,central,unknown
720575940635527322,central,unknown
720575940618094749,optic,optic_lobe_intrinsic
720575940619176094,central,unknown
720575940617275549,central,unknown
720575940642670752,optic,optic_lobe_intrinsic
720575940613081250,central,unknown
720575940620224677,sensory,olfactory
720575940620060838,central,unknown
720575940631038125,central,unknown
720575940637526190,central,ALPN
720575940623993015,motor,brain_motor_neuron
720575940615211195,ascending,AN
720575940638312637,sensory,mechanosensory
720575940628154562,central,unknown
720575940605282505,sensory,mechanosensory
720575940626188490,sensory,mechanosensory
720575940625664202,sensory,mechanosensory
720575940623861962,central,unknown
720575940623304906,central,unknown
720575940624124109,central,unknown
720575940611016910,descending,unknown
720575940626286794,optic,optic_lobe_intrinsic
720575940609607890,central,unknown
720575940614883551,central,LHLN
720575940612229349,optic,optic_lobe_intrinsic
720575940616915174,central,unknown
720575940616653030,sensory,olfactory
720575940622944491,central,unknown
720575940611475698,central,unknown
720575940628318458,central,unknown
720575940630808827,descending,unknown
720575940627663100,ascending,AN
720575940623862015,central,unknown
720575940631038208,optic,optic_lobe_intrinsic
720575940616980737,central,unknown
720575940628973827,central,unknown
720575940622584069,visual_centrifugal,unknown
720575940624353544,central,unknown
720575940627204362,central,unknown
720575940621568269,central,unknown
720575940625172750,central,unknown
720575940628646160,central,unknown
720575940628023569,central,unknown
720575940612000022,sensory,mechanosensory
720575940631922969,central,unknown
720575940620978458,central,unknown
720575940632971545,central,unknown
720575940644669732,central,unknown
720575940627040549,central,unknown
720575940622551334,central,unknown
720575940642933028,central,unknown
720575940631693610,central,unknown
720575940632185130,optic,optic_lobe_intrinsic
720575940632316205,central,unknown
720575940632873261,central,unknown
720575940617013554,central,unknown
720575940647029044,descending,unknown
720575940627368250,central,unknown
720575940616063291,central,unknown
720575940638214461,central,unknown
720575940638640445,central,unknown
720575940618291520,descending,unknown
720575940610001220,descending,unknown
720575940631267655,central,unknown
720575940622420297,central,unknown
720575940623468873,central,unknown
720575940631333195,descending,unknown
720575940628678991,central,unknown
720575940618226000,central,unknown
720575940628777295,central,unknown
720575940617341270,sensory,mechanosensory
720575940636772698,central,unknown
720575940618815835,central,unknown
720575940620912987,visual_centrifugal,unknown
720575940621666654,sensory,mechanosensory
720575940634249567,sensory,mechanosensory
720575940620454238,sensory,mechanosensory
720575940635822437,sensory,mechanosensory
720575940604725606,visual_projection,unknown
720575940614588778,descending,unknown
720575940630579574,central,unknown
720575940620519804,central,unknown
720575940640803200,central,ALLN
720575940637723008,ascending,AN
720575940606855554,visual_projection,unknown
720575940628023685,central,ALLN
720575940618357126,sensory,mechanosensory
720575940626844037,central,unknown
720575940623272328,central,unknown
720575940622649738,central,unknown
720575940630677900,sensory,mechanosensory
720575940633823630,optic,optic_lobe_intrinsic
720575940616620433,sensory,mechanosensory
720575940632414615,central,unknown
720575940634085786,sensory,unknown_sensory
720575940628777371,visual_centrifugal,unknown
720575940615735711,sensory,mechanosensory
720575940643817888,descending,unknown
720575940654500257,sensory,olfactory
720575940613867938,central,unknown
720575940640541091,central,ALLN
720575940614195618,optic,optic_lobe_intrinsic
720575940612819367,visual_projection,unknown
720575940612721063,central,unknown
720575940604103084,descending,unknown
720575940631366061,central,mAL
720575940614654383,optic,optic_lobe_intrinsic
720575940604791217,central,unknown
720575940622551477,central,unknown
720575940624484796,descending,unknown
720575940634773951,central,ALON
720575940634970559,central,LHLN
720575940606986691,sensory,mechanosensory
720575940606888393,visual_projection,unknown
720575940619078091,central,ALLN
720575940610623950,central,unknown
720575940641688016,central,unknown
720575940615014865,optic,optic_lobe_intrinsic
720575940641425872,visual_projection,unknown
720575940622027222,descending,unknown
720575940628875735,sensory,mechanosensory
720575940629531095,sensory,mechanosensory
720575940618258905,central,unknown
720575940611672538,sensory,mechanosensory
720575940640934363,ascending,AN
720575940622485981,central,unknown
720575940615703007,optic,optic_lobe_intrinsic
720575940632873442,central,unknown
720575940631955938,central,unknown
720575940623960556,central,unknown
720575940612196850,central,MBON
720575940619405812,central,unknown
720575940633364984,sensory,mechanosensory
720575940630678009,sensory,mechanosensory
720575940628941307,central,unknown
720575940627302908,ascending,AN
720575940623436285,central,unknown
720575940624484866,central,unknown
720575940627565059,central,unknown
720575940623632904,central,unknown
720575940628384266,central,unknown
720575940625173006,sensory,mechanosensory
720575940630514194,central,unknown
720575940633299481,ascending,AN
720575940624910876,sensory,mechanosensory
720575940600433181,sensory,mechanosensory
720575940625304094,central,unknown
720575940626319902,central,unknown
720575940622158369,central,unknown
720575940617374242,central,unknown
720575940644801060,descending,unknown
720575940623764007,central,unknown
720575940612950568,sensory,gustatory
720575940623862313,central,unknown
720575940630907434,central,unknown
720575940624255529,optic,optic_lobe_intrinsic
720575940608035374,central,unknown
720575940633201199,central,unknown
720575940625369648,sensory,mechanosensory
720575940618881585,sensory,mechanosensory
720575940616194610,central,unknown
720575940625107504,central,unknown
720575940646930996,central,unknown
720575940625861168,sensory,gustatory
720575940617407030,central,unknown
720575940618816054,central,unknown
720575940630612536,central,unknown
720575940632906297,central,unknown
720575940626844218,central,unknown
720575940618652214,optic,optic_lobe_intrinsic
720575940640180797,central,unknown
720575940636707391,central,unknown
720575940629826123,central,unknown
720575940638280270,sensory,unknown_sensory
720575940636871246,central,unknown
720575940628220495,central,unknown
720575940625566290,central,unknown
720575940631595603,central,unknown
720575940620126811,optic,optic_lobe_intrinsic
720575940634085983,central,unknown
720575940631399008,sensory,mechanosensory
720575940605807206,visual_centrifugal,unknown
720575940631923304,central,unknown
720575940627696233,central,unknown
720575940643850862,sensory,mechanosensory
720575940635789935,central,unknown
720575940644506222,central,unknown
720575940636084848,central,unknown
720575940612950642,ascending,AN
720575940639623795,ascending,AN
720575940630121078,ascending,AN
720575940610427512,central,unknown
720575940628908670,sensory,mechanosensory
720575940639361664,sensory,mechanosensory
720575940626745987,descending,unknown
720575940625861251,central,unknown
720575940625402501,central,ALPN
720575940624386696,central,unknown
720575940631530124,central,unknown
720575940641950349,sensory,mechanosensory
720575940642474637,central,unknown
720575940626909839,central,unknown
720575940637461134,central,unknown
720575940618324625,optic,optic_lobe_intrinsic
720575940623764116,central,unknown
720575940616030870,central,unknown
720575940633692823,central,unknown
720575940618652318,sensory,mechanosensory
720575940653288097,central,unknown
720575940612983458,central,unknown
720575940639787683,central,unknown
720575940630219428,central,unknown
720575940619569829,central,unknown
720575940613966498,central,unknown
720575940622715561,optic,optic_lobe_intrinsic
720575940619569835,central,unknown
720575940613311151,central,unknown
720575940612131503,central,unknown
720575940605676210,central,unknown
720575940636543668,optic,bilateral
720575940624943800,central,unknown
720575940618554041,optic,optic_lobe_intrinsic
720575940627139258,optic,optic_lobe_intrinsic
720575940618521273,central,unknown
720575940624976572,sensory,gustatory
720575940625763015,sensory,mechanosensory
720575940641229520,ascending,AN
720575940622584534,central,unknown
720575940612033253,central,unknown
720575940610788069,sensory,gustatory
720575940625894119,central,unknown
720575940626287336,sensory,gustatory
720575940621765354,central,unknown
720575940623403755,central,unknown
720575940613966573,central,unknown
720575940618455791,central,unknown
720575940621241072,ascending,AN
720575940640770805,sensory,mechanosensory
720575940631694069,sensory,mechanosensory
720575940633201400,descending,unknown
720575940628417280,central,unknown
720575940617243393,central,unknown
720575940627270406,sensory,mechanosensory
720575940626483985,sensory,mechanosensory
720575940631694098,optic,optic_lobe_intrinsic
720575940627368723,descending,unknown
720575940632316690,central,unknown
720575940644342551,central,unknown
720575940634086169,central,unknown
720575940626746140,optic,optic_lobe_intrinsic
720575940608658205,sensory,mechanosensory
720575940615768861,central,unknown
720575940617440029,ascending,AN
720575940643261220,sensory,mechanosensory
720575940621601574,central,unknown
720575940623338281,descending,unknown
720575940628024107,central,ALPN
720575940629859115,central,unknown
720575940610296622,sensory,gustatory
720575940608297774,sensory,mechanosensory
720575940609084206,central,unknown
720575940617833265,central,unknown
720575940631759663,descending,unknown
720575940612819763,sensory,mechanosensory
720575940615244595,central,unknown
720575940619537201,central,unknown
720575940639165247,visual_centrifugal,unknown
720575940617702208,optic,optic_lobe_intrinsic
720575940632742723,optic,optic_lobe_intrinsic
720575940608920388,central,unknown
720575940618259269,ascending,AN
720575940636805958,ascending,AN
720575940633168711,central,unknown
720575940621306700,sensory,mechanosensory
720575940626418509,central,unknown
720575940639591246,central,unknown
720575940627467087,central,unknown
720575940630776657,central,unknown
720575940617997140,central,unknown
720575940627008345,central,unknown
720575940617505629,central,unknown
720575940621175649,optic,optic_lobe_intrinsic
720575940604201830,central,unknown
720575940614392682,central,unknown
720575940646341486,central,unknown
720575940638509939,optic,optic_lobe_intrinsic
720575940622519156,central,unknown
720575940617636725,central,unknown
720575940648864633,central,unknown
720575940647586681,central,unknown
720575940620422012,central,unknown
720575940620847999,sensory,mechanosensory
720575940605971330,central,unknown
720575940620553094,central,unknown
720575940631399308,central,unknown
720575940634708887,central,unknown
720575940633660314,sensory,mechanosensory
720575940633660316,optic,optic_lobe_intrinsic
720575940620094366,ascending,AN
720575940617931678,central,unknown
720575940644473760,descending,unknown
720575940631956388,central,unknown
720575940620192677,ascending,AN
720575940612131759,central,unknown
720575940607347634,sensory,gustatory
720575940617079737,central,unknown
720575940616162235,sensory,mechanosensory
720575940633299903,central,unknown
720575940628941762,sensory,mechanosensory
720575940608494531,central,unknown
720575940623535044,central,unknown
720575940629531589,central,unknown
720575940622584772,optic,optic_lobe_intrinsic
720575940627139530,descending,unknown
720575940619799499,central,unknown
720575940618881995,central,unknown
720575940620585933,sensory,mechanosensory
720575940620979149,central,unknown
720575940641688528,central,unknown
720575940609739730,visual_projection,unknown
720575940630744019,central,unknown
720575940615343060,central,unknown
720575940620585942,central,unknown
720575940630580183,central,unknown
720575940616817625,central,unknown
720575940602891232,central,unknown
720575940633365473,central,unknown
720575940633660386,central,unknown
720575940610624485,central,unknown
720575940627172328,central,unknown
720575940611869677,central,unknown
720575940613802989,optic,optic_lobe_intrinsic
720575940619701231,central,unknown
720575940620749807,descending,unknown
720575940627827697,descending,unknown
720575940621077488,central,unknown
720575940652043254,sensory,mechanosensory
720575940629761017,sensory,mechanosensory
720575940612197374,central,ALPN
720575940617767937,central,unknown
720575940607544329,sensory,mechanosensory
720575940607970313,central,unknown
720575940623404046,central,unknown
720575940626189328,central,unknown
720575940644965399,sensory,gustatory
720575940633299993,central,unknown
720575940625861660,central,unknown
720575940609543197,sensory,mechanosensory
720575940623666213,central,unknown
720575940622683174,sensory,mechanosensory
720575940621339686,central,unknown
720575940625271845,sensory,olfactory
720575940640836660,sensory,mechanosensory
720575940647062580,central,unknown
720575940640640061,motor,brain_motor_neuron
720575940616850496,central,unknown
720575940621339713,descending,unknown
720575940613966914,sensory,mechanosensory
720575940608199748,central,ALPN
720575940617604165,central,unknown
720575940627631178,central,unknown
720575940621765708,central,ALPN
720575940625992781,visual_projection,unknown
720575940623567949,central,unknown
720575940630514769,optic,optic_lobe_intrinsic
720575940619111515,central,unknown
720575940620061793,central,unknown
720575940628319335,ascending,AN
720575940631989352,central,unknown
720575940626386025,central,unknown
720575940626484329,central,unknown
720575940628548711,ascending,AN
720575940615539818,central,unknown
720575940620520557,optic,optic_lobe_intrinsic
720575940627958889,central,ALPN
720575940631956584,central,unknown
720575940611411057,central,unknown
720575940622486644,descending,unknown
720575940615572597,ascending,AN
720575940630023286,central,unknown
720575940621864060,sensory,gustatory
720575940622093436,central,MBON
720575940621470847,central,unknown
720575940647586948,descending,unknown
720575940627532933,optic,optic_lobe_intrinsic
720575940624092293,optic,optic_lobe_intrinsic
720575940622879882,central,unknown
720575940617440395,central,unknown
720575940641655949,central,unknown
720575940636675214,central,unknown
720575940635954318,central,unknown
720575940625435792,central,unknown
720575940623174803,optic,optic_lobe_intrinsic
720575940614884502,central,unknown
720575940611050649,visual_projection,unknown
720575940615179423,sensory,mechanosensory
720575940642081952,central,unknown
720575940628319400,central,unknown
720575940621929641,central,unknown
720575940612557994,descending,unknown
720575940613180591,central,unknown
720575940620258480,central,unknown
720575940606069937,optic,optic_lobe_intrinsic
720575940606626994,central,unknown
720575940636576948,central,unknown
720575940624911548,central,LHCENT
720575940639198397,central,unknown
720575940633300159,sensory,mechanosensory
720575940618292416,central,unknown
720575940621110464,visual_projection,unknown
720575940626877639,descending,unknown
720575940643065032,sensory,gustatory
720575940625337546,sensory,olfactory
720575940633529548,descending,unknown
720575940610231509,descending,unknown
720575940622650582,central,unknown
720575940606856405,descending,unknown
720575940629892311,central,unknown
720575940620291286,ascending,AN
720575940621765846,central,unknown
720575940613475557,central,unknown
720575940610985189,central,unknown
720575940613016805,central,unknown
720575940638149865,central,unknown
720575940612558061,central,unknown
720575940627500279,descending,unknown
720575940629499130,central,unknown
720575940619668741,sensory_ascending,unknown_sensory
720575940607446281,central,unknown
720575940620422413,sensory,mechanosensory
720575940621569293,central,unknown
720575940629564688,central,unknown
720575940632218898,optic,optic_lobe_intrinsic
720575940627303699,descending,unknown
720575940633333017,central,unknown
720575940625567004,central,unknown
720575940613803293,sensory,mechanosensory
720575940603514141,central,unknown
720575940605119776,ascending,AN
720575940626943269,optic,optic_lobe_intrinsic
720575940631170346,sensory,mechanosensory
720575940629597483,central,unknown
720575940629237036,sensory,mechanosensory
720575940614950194,central,unknown
720575940615245107,central,unknown
720575940638477621,central,unknown
720575940617145654,sensory,mechanosensory
720575940618325302,central,unknown
720575940629957943,central,unknown
720575940631104825,visual_projection,unknown
720575940628319546,central,unknown
720575940614688059,central,unknown
720575940626812218,central,unknown
720575940626189630,central,unknown
720575940637232447,central,mAL
720575940637101375,central,unknown
720575940619373888,optic,optic_lobe_intrinsic
720575940615671106,descending,unknown
720575940626091326,optic,optic_lobe_intrinsic
720575940627828040,central,unknown
720575940627402058,central,unknown
720575940623371596,optic,optic_lobe_intrinsic
720575940630973779,central,unknown
720575940630678871,central,unknown
720575940629925207,central,unknown
720575940626189657,descending,unknown
720575940607774044,central,unknown
720575940637101413,descending,unknown
720575940631629160,descending,unknown
720575940635266411,optic,optic_lobe_intrinsic
720575940621667693,descending,unknown
720575940643425646,optic,optic_lobe_intrinsic
720575940612099442,central,unknown
720575940618947956,descending,unknown
720575940614393205,central,unknown
720575940614753653,central,unknown
720575940635528567,central,unknown
720575940617244027,central,unknown
720575940660235649,central,unknown
720575940606659970,central,unknown
720575940659056001,ascending,AN
720575940645391748,central,unknown
720575940648570244,central,unknown
720575940622257544,central,unknown
720575940622585224,sensory,gustatory
720575940622486922,sensory,gustatory
720575940625534345,central,unknown
720575940627172751,sensory,mechanosensory
720575940625894799,central,unknown
720575940611345813,sensory,mechanosensory
720575940617112989,central,unknown
720575940620979622,optic,optic_lobe_intrinsic
720575940621995430,optic,optic_lobe_intrinsic
720575940613311914,central,unknown
720575940605218220,central,unknown
720575940634643886,central,unknown
720575940613213615,central,unknown
720575940620946864,sensory,mechanosensory
720575940621700528,optic,optic_lobe_intrinsic
720575940611640755,optic,optic_lobe_intrinsic
720575940636118452,visual_centrifugal,unknown
720575940621471157,descending,unknown
720575940620979638,central,unknown
720575940619996598,visual_projection,unknown
720575940622650808,visual_centrifugal,unknown
720575940620553654,motor,brain_motor_neuron
720575940639198653,sensory,gustatory
720575940619800001,sensory,mechanosensory
720575940608593347,central,unknown
720575940622224836,central,ALLN
720575940630318533,central,unknown
720575940616424902,central,unknown
720575940630547909,central,ALPN
720575940645129672,central,unknown
720575940627107271,sensory,unknown_sensory
720575940644179400,optic,optic_lobe_intrinsic
720575940619865547,central,unknown
720575940616687046,optic,optic_lobe_intrinsic
720575940640083408,central,unknown
720575940622126550,central,unknown
720575940617211353,central,unknown
720575940612296154,visual_projection,unknown
720575940641263067,central,unknown
720575940628155868,central,unknown
720575940622519773,central,unknown
720575940638084574,optic,optic_lobe_intrinsic
720575940616293855,descending,unknown
720575940603874784,descending,unknown
720575940636806622,central,unknown
720575940634545634,central,unknown
720575940614393315,central,unknown
720575940637461988,central,unknown
720575940617604582,central,unknown
720575940623764967,central,unknown
720575940637330921,sensory,unknown_sensory
720575940619931119,central,ALLN
720575940609936882,central,unknown
720575940620979700,sensory,mechanosensory
720575940650798582,central,unknown
720575940635037176,central,unknown
720575940628778490,central,unknown
720575940623404541,central,unknown
720575940615409150,central,unknown
720575940622650879,central,ALLN
720575940617047553,central,unknown
720575940627467779,sensory,mechanosensory
720575940628942340,central,unknown
720575940626943491,central,unknown
720575940621372933,central,unknown
720575940625042951,central,unknown
720575940623044103,central,unknown
720575940625436170,central,unknown
720575940614065676,central,ALPN
720575940620946957,central,unknown
720575940615147020,optic,optic_lobe_intrinsic
720575940631268882,central,unknown
720575940618587668,central,unknown
720575940635102745,visual_centrifugal,unknown
720575940623142426,descending,unknown
720575940626648606,sensory,mechanosensory
720575940630122015,sensory,mechanosensory
720575940626943518,central,unknown
720575940616064546,sensory,mechanosensory
720575940615769634,central,unknown
720575940617440802,central,unknown
720575940642410020,central,ALPN
720575940615015976,sensory,mechanosensory
720575940629728811,central,unknown
720575940630810159,central,unknown
720575940617670193,central,unknown
720575940616162866,central,unknown
720575940647030324,central,unknown
720575940622257729,central,unknown
720575940614688322,sensory,mechanosensory
720575940631563843,central,unknown
720575940622224961,central,unknown
720575940619046469,visual_projection,bilateral
720575940638248518,sensory,mechanosensory
720575940627828296,central,unknown
720575940629106251,central,unknown
720575940622061132,sensory,mechanosensory
720575940639428174,descending,unknown
720575940617932368,central,unknown
720575940626091602,central,ALPN
720575940616851030,central,unknown
720575940626091609,optic,optic_lobe_intrinsic
720575940607872604,central,unknown
720575940631367264,sensory,mechanosensory
720575940633824864,central,unknown
720575940620258913,central,unknown
720575940622552675,central,unknown
720575940634283616,central,unknown
720575940603186790,central,unknown
720575940615868010,central,unknown
720575940630679148,optic,optic_lobe_intrinsic
720575940635364975,central,unknown
720575940638019184,descending,unknown
720575940610985586,central,unknown
720575940620881524,central,unknown
720575940630580854,motor,brain_motor_neuron
720575940611837560,optic,optic_lobe_intrinsic
720575940648341113,central,unknown
720575940639166080,sensory,mechanosensory
720575940658990721,sensory,mechanosensory
720575940619800199,optic,optic_lobe_intrinsic
720575940642442893,sensory,mechanosensory
720575940627074703,central,unknown
720575940628614799,central,unknown
720575940614885010,optic,optic_lobe_intrinsic
720575940612427414,descending,unknown
720575940626452120,central,unknown
720575940628319899,central,unknown
720575940633300636,sensory,mechanosensory
720575940633267868,central,unknown
720575940619898526,central,unknown
720575940615114402,visual_projection,unknown
720575940619669157,central,unknown
720575940621405861,central,unknown
720575940619112102,central,Kenyon_Cell
720575940626878120,sensory,mechanosensory
720575940621242025,central,unknown
720575940619767467,sensory,mechanosensory
720575940630908589,central,unknown
720575940619308720,central,unknown
720575940611772083,descending,unknown
720575940635266740,optic,optic_lobe_intrinsic
720575940624846517,central,unknown
720575940611509939,central,unknown
720575940625927868,central,unknown
720575940635954879,central,unknown
720575940620455616,central,unknown
720575940621569728,central,unknown
720575940628254402,sensory,mechanosensory
720575940629204674,central,unknown
720575940618096321,ascending,AN
720575940635987647,visual_centrifugal,unknown
720575940606725833,central,unknown
720575940626091722,central,unknown
720575940623208141,central,unknown
720575940630187727,sensory,mechanosensory
720575940641263312,central,unknown
720575940612001489,central,unknown
720575940615343825,optic,optic_lobe_intrinsic
720575940632678099,ascending,AN
720575940606332629,central,unknown
720575940623437526,central,unknown
720575940629630679,central,unknown
720575940617277145,central,unknown
720575940621274845,descending,unknown
720575940631957218,sensory,mechanosensory
720575940634545890,central,ALLN
720575940611509989,central,unknown
720575940624355051,sensory,mechanosensory
720575940621668079,central,unknown
720575940630548215,optic,optic_lobe_intrinsic
720575940632973048,central,unknown
720575940629860089,sensory,mechanosensory
720575940628156154,central,unknown
720575940628942586,descending,unknown
720575940621504255,central,unknown
720575940626648836,optic,optic_lobe_intrinsic
720575940629434118,visual_projection,unknown
720575940622978823,sensory,mechanosensory
720575940635103001,central,unknown
720575940620422938,sensory,mechanosensory
720575940617801499,sensory,gustatory
720575940619144987,central,unknown
720575940617735965,sensory,mechanosensory
720575940618784546,central,unknown
720575940647358243,visual_projection,unknown
720575940644900643,central,unknown
720575940626321189,optic,optic_lobe_intrinsic
720575940623437606,optic,optic_lobe_intrinsic
720575940623011622,central,unknown
720575940646768419,visual_projection,unknown
720575940629696299,central,unknown
720575940647030580,central,unknown
720575940647882548,central,unknown
720575940633005880,optic,optic_lobe_intrinsic
720575940618227515,optic,optic_lobe_intrinsic
720575940629729084,central,unknown
720575940639756093,central,unknown
720575940637429567,central,unknown
720575940635791167,sensory,gustatory
720575940618522433,central,unknown
720575940631498563,descending,unknown
720575940629270339,sensory,gustatory
720575940630875971,central,unknown
720575940627828552,descending,unknown
720575940627402568,sensory,gustatory
720575940627304266,central,unknown
720575940622520140,central,unknown
720575940618850128,sensory,mechanosensory
720575940628352850,descending,unknown
720575940619145045,ascending,AN
720575940631367520,sensory,mechanosensory
720575940631957344,sensory,mechanosensory
720575940619669345,central,unknown
720575940628451175,sensory,mechanosensory
720575940632678248,optic,optic_lobe_intrinsic
720575940632022888,sensory,mechanosensory
720575940628680553,central,unknown
720575940631924584,central,unknown
720575940630253420,sensory,mechanosensory
720575940620685172,central,unknown
720575940613934965,sensory,mechanosensory
720575940615573365,central,unknown
720575940621733759,central,unknown
720575940659613569,central,unknown
720575940608331650,central,unknown
720575940624748419,descending,unknown
720575940648669060,central,ALIN
720575940648636292,descending,unknown
720575940620521350,central,unknown
720575940619636615,central,unknown
720575940627107721,descending,unknown
720575940642181005,visual_projection,unknown
720575940633825166,optic,optic_lobe_intrinsic
720575940624879504,central,unknown
720575940614557586,central,unknown
720575940613017493,optic,optic_lobe_intrinsic
720575940612427670,descending,unknown
720575940626517912,central,unknown
720575940634251164,central,unknown
720575940644704160,central,ALLN
720575940613967778,central,unknown
720575940618522533,central,unknown
720575940620062633,central,unknown
720575940611313578,central,unknown
720575940619866027,central,unknown
720575940609970090,central,unknown
720575940605513649,descending,unknown
720575940606693297,central,unknown
720575940604104625,central,unknown
720575940624977847,descending,unknown
720575940627206074,central,unknown
720575940625567674,central,unknown
720575940634939327,central,ALPN
720575940620423104,central,LHLN
720575940607872969,central,unknown
720575940619866059,central,unknown
720575940632285132,optic,optic_lobe_intrinsic
720575940632350668,central,unknown
720575940613148625,ascending,AN
720575940610232274,central,unknown
720575940606431189,sensory,mechanosensory
720575940623503318,descending,unknown
720575940629270487,sensory,olfactory
720575940640608219,central,unknown
720575940604727264,descending,unknown
720575940613672931,visual_projection,unknown
720575940637396964,central,unknown
720575940616654822,central,unknown
720575940627304424,ascending,AN
720575940635693033,central,unknown
720575940623110123,descending,unknown
720575940621307892,central,unknown
720575940640804853,central,ALPN
720575940628942842,central,unknown
720575940630122491,central,unknown
720575940626649084,sensory,mechanosensory
720575940624224253,central,unknown
720575940624289789,central,unknown
720575940628713468,central,unknown
720575940615999489,central,unknown
720575940621176837,central,unknown
720575940608626697,central,LHLN
720575940609347595,central,unknown
720575940622749709,sensory,mechanosensory
720575940623765518,optic,optic_lobe_intrinsic
720575940628910095,central,unknown
720575940631072783,central,unknown
720575940620292116,central,unknown
720575940626288661,visual_centrifugal,unknown
720575940618260500,ascending,AN
720575940610986006,central,unknown
720575940619636756,optic,optic_lobe_intrinsic
720575940632088601,central,unknown
720575940622716961,central,unknown
720575940632317997,central,unknown
720575940646572084,central,unknown
720575940639887413,optic,optic_lobe_intrinsic
720575940631662648,descending,unknown
720575940632481849,visual_projection,unknown
720575940628287546,central,unknown
720575940626780222,central,unknown
720575940636151871,central,unknown
720575940609937476,central,unknown
720575940615868485,central,unknown
720575940616458309,central,unknown
720575940630810695,central,unknown
720575940627271762,central,unknown
720575940618424405,central,unknown
720575940616130646,central,unknown
720575940625961049,central,unknown
720575940617048157,sensory,mechanosensory
720575940621373534,central,unknown
720575940631367776,sensory,mechanosensory
720575940632678496,central,unknown
720575940610494562,central,unknown
720575940620980323,central,unknown
720575940611772514,visual_centrifugal,unknown
720575940609347682,central,unknown
720575940610396258,central,unknown
720575940625502308,central,unknown
720575940611838050,optic,optic_lobe_intrinsic
720575940604498022,optic,optic_lobe_intrinsic
720575940645556334,descending,unknown
720575940636610671,descending,unknown
720575940611018865,central,unknown
720575940615934069,ascending,AN
720575940636020855,sensory,mechanosensory
720575940627370110,central,unknown
720575940660269185,descending,unknown
720575940626256003,central,unknown
720575940645032068,descending,unknown
720575940619899014,central,unknown
720575940624683152,sensory,mechanosensory
720575940615377041,central,unknown
720575940616392849,central,unknown
720575940624486548,central,unknown
720575940612984981,central,unknown
720575940624650388,optic,optic_lobe_intrinsic
720575940624912535,ascending,AN
720575940624224408,sensory,mechanosensory
720575940611674265,central,unknown
720575940643000480,sensory,mechanosensory
720575940613345442,central,ALPN
720575940618129573,central,unknown
720575940619767974,central,unknown
720575940612886695,sensory,mechanosensory
720575940626190504,central,unknown
720575940628844712,descending,unknown
720575940632154285,sensory,mechanosensory
720575940636053678,central,unknown
720575940631498925,descending,unknown
720575940630712493,descending,unknown
720575940611543219,optic,optic_lobe_intrinsic
720575940636479668,central,unknown
720575940624945333,central,unknown
720575940611477683,central,unknown
720575940623274168,central,unknown
720575940631630021,central,ALPN
720575940614099142,central,unknown
720575940627894471,central,unknown
720575940627173578,visual_projection,unknown
720575940621832397,visual_centrifugal,unknown
720575940628582607,descending,unknown
720575940613869777,central,ALPN
720575940632809683,central,unknown
720575940634317011,optic,optic_lobe_intrinsic
720575940621930710,central,unknown
720575940609970394,central,unknown
720575940632056033,central,unknown
720575940613804259,central,ALLN
720575940638183652,sensory,gustatory
720575940610199781,descending,unknown
720575940616065254,central,unknown
720575940637462761,central,unknown
720575940614492397,central,unknown
720575940621734126,visual_projection,ocellar
720575940613116141,optic,optic_lobe_intrinsic
720575940611576050,central,unknown
720575940622618867,central,unknown
720575940632252661,sensory,mechanosensory
720575940653093110,visual_centrifugal,unknown
720575940630679801,central,unknown
720575940628779260,optic,optic_lobe_intrinsic
720575940627173636,central,ALLN
720575940627239174,central,unknown
720575940627370250,optic,optic_lobe_intrinsic
720575940626092302,descending,unknown
720575940630548751,central,unknown
720575940626682129,central,unknown
720575940631269650,central,unknown
720575940643852567,central,unknown
720575940643918103,central,unknown
720575940621766938,central,unknown
720575940626583836,central,unknown
720575940624945438,central,unknown
720575940626583838,optic,optic_lobe_intrinsic
720575940621373729,central,unknown
720575940618031394,central,unknown
720575940624879911,central,ALPN
720575940626977067,central,unknown
720575940627632428,central,unknown
720575940630122796,central,unknown
720575940638675261,central,unknown
720575940623962430,ascending,AN
720575940637790527,central,unknown
720575940627042622,central,unknown
720575940619637056,central,unknown
720575940615672130,central,unknown
720575940631204163,sensory,gustatory
720575940638642502,central,unknown
720575940632252743,central,unknown
720575940627829064,central,unknown
720575940627796298,central,unknown
720575940638478680,central,unknown
720575940638708058,sensory,mechanosensory
720575940607152476,sensory,unknown_sensory
720575940622356835,central,unknown
720575940627894633,central,unknown
720575940615049578,central,unknown
720575940634186091,sensory,mechanosensory
720575940629664108,central,unknown
720575940633727339,descending,unknown
720575940614132074,central,unknown
720575940631204204,optic,optic_lobe_intrinsic
720575940643656046,visual_centrifugal,unknown
720575940611477873,sensory,mechanosensory
720575940611379569,central,ALLN
720575940638642547,central,unknown
720575940621013364,sensory,mechanosensory
720575940616163701,sensory,gustatory
720575940635005303,sensory,mechanosensory
720575940610888056,visual_projection,unknown
720575940636316023,central,unknown
720575940629139834,central,unknown
720575940609380728,central,unknown
720575940636479863,descending,unknown
720575940626289021,central,unknown
720575940620751231,central,unknown
720575940639691136,sensory,mechanosensory
720575940660236673,central,unknown
720575940607775106,central,unknown
720575940606857602,optic,optic_lobe_intrinsic
720575940622225800,central,unknown
720575940639887757,central,unknown
720575940610527637,visual_projection,unknown
720575940632580503,central,unknown
720575940626157976,central,unknown
720575940634874266,central,unknown
720575940619571614,central,unknown
720575940642378144,central,unknown
720575940639625635,central,unknown
720575940631925156,descending,unknown
720575940639789475,descending,unknown
720575940640477603,central,ALPN
720575940635988398,central,unknown
720575940613935535,motor,brain_motor_neuron
720575940636348852,visual_projection,unknown
720575940621308341,central,unknown
720575940616196539,sensory,mechanosensory
720575940637069757,central,unknown
720575940604367294,sensory,mechanosensory
720575940639068605,central,unknown
720575940628746690,ascending,AN
720575940629172679,optic,optic_lobe_intrinsic
720575940625502666,descending,unknown
720575940631663052,central,unknown
720575940612329934,optic,optic_lobe_intrinsic
720575940609085909,central,unknown
720575940630352343,central,unknown
720575940620718552,central,unknown
720575940640936411,central,unknown
720575940638642654,central,unknown
720575940631695841,descending,unknown
720575940637299172,central,unknown
720575940639101412,optic,optic_lobe_intrinsic
720575940617048550,central,unknown
720575940624781799,optic,optic_lobe_intrinsic
720575940637561321,visual_projection,unknown
720575940613640685,central,unknown
720575940612952557,central,unknown
720575940618326511,central,unknown
720575940625797617,sensory,mechanosensory
720575940650734070,central,unknown
720575940628386295,central,unknown
720575940629402103,central,unknown
720575940636643832,central,unknown
720575940627173884,visual_centrifugal,unknown
720575940629139968,descending,unknown
720575940621865479,central,unknown
720575940609774091,optic,optic_lobe_intrinsic
720575940620718605,ascending,AN
720575940625175054,central,unknown
720575940626125331,central,unknown
720575940627927573,central,ALLN
720575940611248662,central,unknown
720575940621341210,sensory,mechanosensory
720575940604531229,sensory,mechanosensory
720575940615868962,central,unknown
720575940621472294,central,unknown
720575940624323110,central,unknown
720575940631302700,central,unknown
720575940631269935,central,unknown
720575940619244081,central,unknown
720575940616098354,sensory,mechanosensory
720575940616589878,sensory,mechanosensory
720575940629860919,central,unknown
720575940627239482,central,unknown
720575940614427195,sensory,mechanosensory
720575940630778428,central,ALPN
720575940638085695,central,unknown
720575940608496196,visual_projection,unknown
720575940616786501,sensory,mechanosensory
720575940624126537,central,unknown
720575940629205578,optic,optic_lobe_intrinsic
720575940622520908,central,unknown
720575940624454221,central,unknown
720575940625240653,central,unknown
720575940619309653,central,unknown
720575940607775324,sensory,mechanosensory
720575940625732196,central,ALLN
720575940637659749,descending,unknown
720575940634677861,central,unknown
720575940634710629,central,ALPN
720575940631335528,central,unknown
720575940632777320,visual_centrifugal,unknown
720575940613444202,central,unknown
720575940635202155,central,unknown
720575940644639342,central,unknown
720575940611773041,sensory,mechanosensory
720575940610724466,central,unknown
720575940610626162,central,unknown
720575940620653172,central,unknown
720575940617671285,central,unknown
720575940636119671,central,unknown
720575940619997819,central,unknown
720575940619768447,central,unknown
720575940625732227,central,unknown
720575940645032580,descending,unknown
720575940621013640,central,unknown
720575940627665545,central,unknown
720575940621767306,descending,unknown
720575940641231501,central,unknown
720575940634284686,central,unknown
720575940622946963,sensory,mechanosensory
720575940616032918,central,unknown
720575940635464343,descending,unknown
720575940635202204,central,unknown
720575940616688286,descending,unknown
720575940618654366,central,unknown
720575940643197600,central,unknown
720575940613870242,central,unknown
720575940611314346,visual_projection,unknown
720575940620096171,central,unknown
720575940604990124,optic,optic_lobe_intrinsic
720575940632613549,central,unknown
720575940619440816,central,unknown
720575940622160560,descending,unknown
720575940606726834,central,unknown
720575940611347123,central,unknown
720575940623110837,sensory,mechanosensory
720575940624224949,optic,optic_lobe_intrinsic
720575940627206842,central,unknown
720575940630713029,central,unknown
720575940606038729,central,unknown
720575940619932363,ascending,AN
720575940623209165,central,unknown
720575940622783181,central,unknown
720575940614165201,descending,unknown
720575940611773138,central,unknown
720575940633170643,descending,unknown
720575940622127830,sensory,mechanosensory
720575940629041879,descending,unknown
720575940621701846,central,unknown
720575940616917721,sensory,mechanosensory
720575940619473624,central,unknown
720575940639560411,sensory,mechanosensory
720575940629598935,central,unknown
720575940623340246,optic,optic_lobe_intrinsic
720575940637594334,central,ALPN
720575940612100837,sensory,mechanosensory
720575940611674853,central,unknown
720575940627731176,descending,unknown
720575940620096238,central,unknown
720575940621800175,central,unknown
720575940621570799,central,unknown
720575940627469041,central,unknown
720575940621308655,optic,optic_lobe_intrinsic
720575940630680314,central,unknown
720575940630221563,descending,unknown
720575940630352635,central,unknown
720575940618851073,visual_centrifugal,unknown
720575940622979848,central,unknown
720575940609282825,central,ALLN
720575940628419338,central,unknown
720575940625175310,ascending,AN
720575940629238543,central,unknown
720575940624388878,central,unknown
720575940624323342,central,ALLN
720575940630352658,central,unknown
720575940630909714,central,unknown
720575940625634078,visual_projection,unknown
720575940645884707,optic,optic_lobe_intrinsic
720575940611904296,ascending,AN
720575940629861163,central,unknown
720575940624126768,central,unknown
720575940617835313,central,unknown
720575940617114418,central,unknown
720575940615246643,central,unknown
720575940646441780,sensory,mechanosensory
720575940628648759,central,unknown
720575940629828407,central,unknown
720575940629271352,central,unknown
720575940627403578,descending,unknown
720575940626682682,central,ALPN
720575940622160705,central,unknown
720575940609610564,sensory,mechanosensory
720575940637627206,central,unknown
720575940637954886,central,unknown
720575940626748232,sensory,mechanosensory
720575940631499595,optic,optic_lobe_intrinsic
720575940626027341,optic,optic_lobe_intrinsic
720575940639953742,optic,optic_lobe_intrinsic
720575940619670352,central,unknown
720575940632187729,central,unknown
720575940616131414,central,unknown
720575940638675800,central,unknown
720575940626453337,sensory,mechanosensory
720575940618818395,descending,unknown
720575940621538142,central,unknown
720575940621833054,central,unknown
720575940631368544,sensory,mechanosensory
720575940623995748,central,unknown
720575940627174247,central,unknown
720575940628648809,central,unknown
720575940614099818,central,unknown
720575940628910956,central,unknown
720575940631532396,central,unknown
720575940644279150,central,unknown
720575940635136880,sensory,mechanosensory
720575940612264817,central,unknown
720575940613510002,ascending,AN
720575940616164213,central,unknown
720575940650570617,optic,optic_lobe_intrinsic
720575940628779898,central,unknown
720575940618261371,sensory,mechanosensory
720575940629468026,central,unknown
720575940639429504,ascending,AN
720575940608332674,descending,unknown
720575940646736772,sensory,gustatory
720575940618621830,central,unknown
720575940625666953,central,unknown
720575940623012746,optic,optic_lobe_intrinsic
720575940625011600,central,unknown
720575940613739410,central,unknown
720575940624061336,central,unknown
720575940633138074,optic,optic_lobe_intrinsic
720575940634317724,central,unknown
720575940633498524,central,unknown
720575940618130334,sensory,mechanosensory
720575940620129182,central,unknown
720575940617540509,central,unknown
720575940618097573,central,unknown
720575940621603750,visual_centrifugal,unknown
720575940621898665,sensory,gustatory
720575940604662700,central,ALLN
720575940632679341,central,unknown
720575940612756399,sensory,mechanosensory
720575940624651189,descending,unknown
720575940634776511,central,unknown
720575940630451141,sensory,mechanosensory
720575940627403719,ascending,AN
720575940643853256,central,unknown
720575940626191306,central,unknown
720575940624421834,central,unknown
720575940641395664,optic,optic_lobe_intrinsic
720575940617245652,descending,unknown
720575940623274966,descending,unknown
720575940630025175,optic,optic_lobe_intrinsic
720575940619441112,central,unknown
720575940617868249,central,unknown
720575940621145053,sensory,mechanosensory
720575940614067167,visual_projection,unknown
720575940604236768,sensory,mechanosensory
720575940636218340,central,unknown
720575940637496292,optic,optic_lobe_intrinsic
720575940621997034,central,unknown
720575940625306603,descending,unknown
720575940619932654,sensory,mechanosensory
720575940638610421,sensory,mechanosensory
720575940626650108,sensory,mechanosensory
720575940617212929,sensory,mechanosensory
720575940628714499,central,unknown
720575940627174404,central,unknown
720575940620227589,central,unknown
720575940626650118,central,unknown
720575940615345164,central,unknown
720575940627043344,optic,optic_lobe_intrinsic
720575940626879505,central,unknown
720575940618818580,sensory,mechanosensory
720575940619998228,sensory,mechanosensory
720575940644279319,descending,unknown
720575940632384537,sensory,mechanosensory
720575940633170969,central,unknown
720575940626486302,optic,optic_lobe_intrinsic
720575940605154336,central,unknown
720575940617638946,central,unknown
720575940646310947,central,unknown
720575940644672548,central,unknown
720575940623307815,sensory,mechanosensory
720575940631467050,central,unknown
720575940608889902,central,unknown
720575940625863728,descending,unknown
720575940615541810,central,unknown
720575940613215283,central,unknown
720575940647031860,descending,unknown
720575940647228468,descending,unknown
720575940638872629,sensory,olfactory
720575940631499832,descending,unknown
720575940625601594,central,unknown
720575940617770043,central,unknown
720575940629009468,sensory,gustatory
720575940627338302,optic,optic_lobe_intrinsic
720575940637561919,central,unknown
720575940636873791,central,ALPN
720575940621833281,central,unknown
720575940625470526,central,unknown
720575940632450115,central,unknown
720575940631499843,central,unknown
720575940636709958,sensory_ascending,unknown_sensory
720575940633203783,central,unknown
720575940628321352,central,unknown
720575940637627470,sensory,mechanosensory
720575940628452431,central,unknown
720575940628616271,sensory,gustatory
720575940627469394,central,unknown
720575940619113556,central,unknown
720575940616393814,sensory,mechanosensory
720575940621800539,visual_projection,bilateral
720575940634645600,central,unknown
720575940632122464,central,unknown
720575940629009513,central,ALPN
720575940615050346,central,unknown
720575940632974443,ascending,AN
720575940634809455,central,ALLN
720575940638086256,sensory,unknown_sensory
720575940639134835,central,unknown
720575940647654521,ascending,AN
720575940659418241,optic,optic_lobe_intrinsic
720575940620129415,central,unknown
720575940642411661,central,unknown
720575940642968717,central,unknown
720575940627731599,descending,unknown
720575940626158735,central,unknown
720575940612756630,central,unknown
720575940626224280,central,unknown
720575940625699992,central,unknown
720575940627993752,central,unknown
720575940626977947,central,unknown
720575940626027672,optic,optic_lobe_intrinsic
720575940618163358,central,unknown
720575940644541600,central,unknown
720575940654929057,central,unknown
720575940643099808,optic,optic_lobe_intrinsic
720575940635137198,central,unknown
720575940611839155,central,unknown
720575940624028855,central,unknown
720575940625962172,central,unknown
720575940619801793,ascending,AN
720575940618884289,central,unknown
720575940619506881,central,unknown
720575940631303365,central,unknown
720575940606039241,central,unknown
720575940619080907,optic,optic_lobe_intrinsic
720575940612461774,central,unknown
720575940608824530,central,unknown
720575940617245908,sensory,mechanosensory
720575940607055061,central,unknown
720575940623537366,central,unknown
720575940610299098,central,unknown
720575940628419804,central,unknown
720575940615410911,central,unknown
720575940605842656,central,unknown
720575940633040097,central,unknown
720575940614821087,optic,optic_lobe_intrinsic
720575940612461795,sensory,mechanosensory
720575940622456039,sensory,mechanosensory
720575940626027752,descending,unknown
720575940622357740,sensory,mechanosensory
720575940628419825,central,LHLN
720575940623734003,central,unknown
720575940620260596,sensory,mechanosensory
720575940640609525,sensory,mechanosensory
720575940641035509,optic,optic_lobe_intrinsic
720575940628813049,central,unknown
720575940631368953,optic,optic_lobe_intrinsic
720575940624422141,optic,optic_lobe_intrinsic
720575940622324991,central,unknown
720575940629828864,optic,optic_lobe_intrinsic
720575940617442561,central,unknown
720575940625962242,central,unknown
720575940627404035,central,unknown
720575940627502338,visual_centrifugal,unknown
720575940607874315,central,unknown
720575940614362380,visual_projection,unknown
720575940624258318,sensory,mechanosensory
720575940629730575,sensory,mechanosensory
720575940632417554,central,LHCENT
720575940628780309,central,unknown
720575940645983511,optic,optic_lobe_intrinsic
720575940622849306,optic,optic_lobe_intrinsic
720575940616033563,central,unknown
720575940625700124,central,unknown
720575940626748702,descending,unknown
720575940616885538,sensory,gustatory
720575940645721379,central,unknown
720575940623373606,central,unknown
720575940622685478,central,unknown
720575940613281064,central,unknown
720575940629402924,central,unknown
720575940632679727,central,unknown
720575940625044784,central,unknown
720575940619572529,central,unknown
720575940616164658,central,unknown
720575940647589172,visual_centrifugal,unknown
720575940626322746,central,unknown
720575940618229051,visual_centrifugal,unknown
720575940628190522,visual_centrifugal,unknown
720575940630549820,optic,optic_lobe_intrinsic
720575940625962312,central,unknown
720575940620031308,central,unknown
720575940623537485,descending,unknown
720575940629894479,optic,optic_lobe_intrinsic
720575940618392912,central,unknown
720575940616951124,sensory,mechanosensory
720575940617999700,ascending,AN
720575940616361302,sensory,mechanosensory
720575940630156631,optic,optic_lobe_intrinsic
720575940615443805,ascending,AN
720575940621800798,central,unknown
720575940628485479,central,unknown
720575940614165866,central,unknown
720575940634645867,central,unknown
720575940620031341,sensory,mechanosensory
720575940641396078,sensory,mechanosensory
720575940640413043,ascending,AN
720575940637791603,central,unknown
720575940616459637,central,unknown
720575940610332024,central,unknown
720575940619048315,ascending,AN
720575940626781565,central,unknown
720575940629796222,central,unknown
720575940629304702,descending,unknown
720575940648113540,central,unknown
720575940620621190,descending,unknown
720575940620031366,central,unknown
720575940623635848,optic,optic_lobe_intrinsic
720575940625470863,central,unknown
720575940611872149,ascending,AN
720575940615345558,central,unknown
720575940617672093,sensory,mechanosensory
720575940620096926,ascending,AN
720575940613903778,central,unknown
720575940638676387,central,unknown
720575940619998630,central,unknown
720575940615083439,central,unknown
720575940621866416,central,unknown
720575940620555696,central,unknown
720575940610397619,central,ALIN
720575940635596212,central,unknown
720575940633269695,central,unknown
720575940620588481,central,unknown
720575940623078852,central,unknown
720575940626191818,central,unknown
720575940619867595,central,unknown
720575940622357965,central,unknown
720575940640249296,central,unknown
720575940613838289,descending,unknown
720575940610004437,central,unknown
720575940622161366,descending,unknown
720575940617606616,central,unknown
720575940617999833,optic,optic_lobe_intrinsic
720575940618884568,central,unknown
720575940641592795,central,ALLN
720575940628485596,central,unknown
720575940615378399,descending,unknown
720575940615575007,visual_projection,unknown
720575940612724195,central,unknown
720575940611249635,central,unknown
720575940611872227,central,unknown
720575940637791721,central,unknown
720575940625012204,central,unknown
720575940620719600,central,unknown
720575940626093553,sensory,mechanosensory
720575940624684531,central,unknown
720575940622915060,central,unknown
720575940628649465,sensory,mechanosensory
720575940628518400,visual_projection,unknown
720575940616295937,sensory,mechanosensory
720575940616328705,central,unknown
720575940630222336,optic,optic_lobe_intrinsic
720575940620916229,central,unknown
720575940607546889,sensory,mechanosensory
720575940608431625,central,unknown
720575940609381897,visual_centrifugal,unknown
720575940616001036,ascending,AN
720575940609775115,central,ALPN
720575940630484495,visual_projection,unknown
720575940628977170,sensory,mechanosensory
720575940619998740,central,unknown
720575940623210008,optic,optic_lobe_intrinsic
720575940634842649,central,unknown
720575940619572762,sensory,mechanosensory
720575940617541147,sensory,mechanosensory
720575940624881180,sensory,mechanosensory
720575940624619036,central,unknown
720575940617311771,central,unknown
720575940633564703,central,unknown
720575940620457505,visual_projection,unknown
720575940626814501,optic,optic_lobe_intrinsic
720575940625798695,central,unknown
720575940624913959,central,unknown
720575940630550058,central,unknown
720575940631270954,central,unknown
720575940631467565,sensory,mechanosensory
720575940611151406,central,unknown
720575940628911671,central,unknown
720575940631959097,descending,unknown
720575940629894716,central,ALPN
720575940640675389,central,unknown
720575940637660733,descending,unknown
720575940619114048,central,unknown
720575940613641794,central,unknown
720575940625962568,sensory,mechanosensory
720575940628059722,central,ALPN
720575940630648395,central,unknown
720575940625339981,central,unknown
720575940638709326,visual_projection,unknown
720575940627895887,central,unknown
720575940618557008,sensory,mechanosensory
720575940629960271,central,unknown
720575940626028114,central,unknown
720575940617967188,sensory,mechanosensory
720575940614461014,central,unknown
720575940639037016,central,unknown
720575940638611034,optic,optic_lobe_intrinsic
720575940619900507,central,unknown
720575940618491485,central,unknown
720575940634351199,optic,optic_lobe_intrinsic
720575940635629163,optic,optic_lobe_intrinsic
720575940612888178,motor,brain_motor_neuron
720575940620686964,central,unknown
720575940635530871,central,unknown
720575940611151480,optic,optic_lobe_intrinsic
720575940661089921,central,unknown
720575940620129927,central,unknown
720575940626093705,central,unknown
720575940643100301,central,unknown
720575940634842766,central,unknown
720575940625700495,central,unknown
720575940626618000,central,unknown
720575940627207823,central,unknown
720575940623767188,central,unknown
720575940623242900,central,unknown
720575940624324248,sensory,mechanosensory
720575940611643033,sensory,mechanosensory
720575940633335450,sensory,mechanosensory
720575940628125339,central,unknown
720575940611905177,central,unknown
720575940626093720,central,unknown
720575940626650776,central,ALPN
720575940614428319,central,unknown
720575940634252954,central,unknown
720575940640642723,visual_projection,unknown
720575940618426021,ascending,AN
720575940619310757,central,unknown
720575940613707431,central,unknown
720575940621440677,central,unknown
720575940620129961,central,unknown
720575940628420264,central,ALLN
720575940605154988,ascending,AN
720575940635170484,central,unknown
720575940635596468,central,unknown
720575940634842804,central,unknown
720575940623963832,central,unknown
720575940613641915,sensory,mechanosensory
720575940623013564,sensory_ascending,unknown_sensory
720575940625045180,central,unknown
720575940616197819,central,ALLN
720575940610463427,central,unknown
720575940631303877,central,unknown
720575940627633863,optic,optic_lobe_intrinsic
720575940642936520,sensory,olfactory
720575940620588747,central,unknown
720575940631631564,central,unknown
720575940631205580,sensory,unknown_sensory
720575940621932237,central,unknown
720575940628879055,central,unknown
720575940611938001,sensory,mechanosensory
720575940612593361,central,LHLN
720575940633269971,optic,optic_lobe_intrinsic
720575940641593051,central,ALLN
720575940635760350,optic,optic_lobe_intrinsic
720575940604729056,central,unknown
720575940604663520,central,LHLN
720575940632057570,central,unknown
720575940613052131,central,unknown
720575940638021348,central,unknown
720575940631008994,central,unknown
720575940634351330,optic,optic_lobe_intrinsic
720575940627502824,optic,optic_lobe_intrinsic
720575940623472363,central,unknown
720575940613019373,sensory,mechanosensory
720575940618983150,central,unknown
720575940626323185,central,unknown
720575940629075697,ascending,AN
720575940612331250,central,unknown
720575940621768436,central,unknown
720575940633564920,central,unknown
720575940629534458,sensory,mechanosensory
720575940624094973,central,unknown
720575940622227197,central,unknown
720575940621375231,sensory,gustatory
720575940624193279,central,unknown
720575940628387587,central,unknown
720575940628911876,visual_projection,unknown
720575940626650890,central,unknown
720575940615378700,descending,unknown
720575940616263436,visual_centrifugal,unknown
720575940632516367,central,unknown
720575940631992082,optic,optic_lobe_intrinsic
720575940625438483,central,unknown
720575940618458900,central,unknown
720575940626552597,central,unknown
720575940626159379,central,unknown
720575940644968215,central,unknown
720575940630353682,central,unknown
720575940633302809,central,unknown
720575940632254233,optic,optic_lobe_intrinsic
720575940628715285,optic,optic_lobe_intrinsic
720575940613478166,optic,optic_lobe_intrinsic
720575940629141292,sensory,mechanosensory
720575940608694062,central,unknown
720575940626716464,central,unknown
720575940619441969,optic,optic_lobe_intrinsic
720575940614133555,central,unknown
720575940638054197,sensory,mechanosensory
720575940640053045,visual_centrifugal,unknown
720575940631598904,sensory,mechanosensory
720575940627371834,central,unknown
720575940616918843,central,unknown
720575940618524481,central,unknown
720575940631271235,descending,unknown
720575940610627396,central,unknown
720575940628059978,central,ALLN
720575940640216910,optic,optic_lobe_intrinsic
720575940628387663,descending,unknown
720575940618950480,sensory,mechanosensory
720575940621047632,central,unknown
720575940627240783,central,unknown
720575940631271251,central,unknown
720575940617574229,central,unknown
720575940630255447,optic,optic_lobe_intrinsic
720575940626454361,sensory,mechanosensory
720575940621440859,central,unknown
720575940633958239,central,unknown
720575940633171808,sensory,mechanosensory
720575940621014881,central,unknown
720575940627076964,central,unknown
720575940644706158,sensory,mechanosensory
720575940633401199,central,unknown
720575940644968302,central,unknown
720575940637136752,central,ALLN
720575940619376500,central,unknown
720575940617607029,visual_centrifugal,unknown
720575940630353782,central,unknown
720575940619016059,central,unknown
720575940627535742,central,unknown
720575940638644096,visual_projection,unknown
720575940605187970,central,unknown
720575940625700739,visual_projection,unknown
720575940618393478,descending,unknown
720575940620195719,central,unknown
720575940627732361,descending,unknown
720575940624750480,descending,unknown
720575940615935889,central,unknown
720575940612429714,descending,unknown
720575940613019541,descending,unknown
720575940635432855,visual_projection,unknown
720575940611905433,ascending,AN
720575940628846491,optic,optic_lobe_intrinsic
720575940616132509,optic,optic_lobe_intrinsic
720575940631041956,ascending,AN
720575940613740455,optic,optic_lobe_intrinsic
720575940625962920,visual_centrifugal,unknown
720575940631467949,central,unknown
720575940637202350,optic,optic_lobe_intrinsic
720575940604991409,sensory,mechanosensory
720575940605777841,central,unknown
720575940611545011,sensory,mechanosensory
720575940627240890,central,unknown
720575940640053181,central,unknown
720575940638218173,sensory,gustatory
720575940624095172,central,unknown
720575940627732423,descending,unknown
720575940642871240,central,unknown
720575940623210445,ascending,AN
720575940611086286,central,unknown
720575940610594766,central,unknown
720575940611839953,central,unknown
720575940609644498,sensory,mechanosensory
720575940608956373,central,unknown
720575940622030806,sensory,mechanosensory
720575940629534679,sensory,mechanosensory
720575940630222807,central,unknown
720575940629370844,central,unknown
720575940630222812,central,unknown
720575940614166495,sensory,mechanosensory
720575940604729312,descending,unknown
720575940634253281,descending,unknown
720575940634548194,central,unknown
720575940613347299,descending,unknown
720575940637530084,descending,unknown
720575940627208168,central,unknown
720575940637792233,sensory,mechanosensory
720575940618786798,central,unknown
720575940610725874,optic,optic_lobe_intrinsic
720575940624816115,descending,unknown
720575940641363957,central,unknown
720575940640348149,central,unknown
720575940627175415,optic,optic_lobe_intrinsic
720575940628256763,central,unknown
720575940612429822,central,unknown
720575940629207040,central,unknown
720575940617181185,central,unknown
720575940616165377,central,unknown
720575940617279489,central,unknown
720575940626585604,central,unknown
720575940628551680,optic,optic_lobe_intrinsic
720575940608235529,central,unknown
720575940627142666,sensory,mechanosensory
720575940613609484,visual_projection,unknown
720575940624226318,central,unknown
720575940629207055,central,unknown
720575940623603726,central,unknown
720575940628125715,descending,unknown
720575940619999252,sensory,mechanosensory
720575940626847765,central,unknown
720575940633597977,central,unknown
720575940617803803,sensory,mechanosensory
720575940614035485,sensory,mechanosensory
720575940603877408,central,unknown
720575940646213667,optic,optic_lobe_intrinsic
720575940643919908,central,unknown
720575940625602597,sensory,mechanosensory
720575940622391337,central,unknown
720575940630059052,central,unknown
720575940611610670,descending,unknown
720575940638513205,central,unknown
720575940618590262,sensory,mechanosensory
720575940627404858,central,unknown
720575940637366335,sensory,mechanosensory
720575940619671616,central,unknown
720575940637923391,central,unknown
720575940618033221,central,unknown
720575940638185550,sensory,mechanosensory
720575940630059087,descending,unknown
720575940628125775,central,unknown
720575940638677070,central,ALPN
720575940618033232,central,unknown
720575940618819668,visual_projection,unknown
720575940617738325,sensory,mechanosensory
720575940639692888,central,unknown
720575940635891802,central,unknown
720575940608104540,sensory,mechanosensory
720575940634220639,central,unknown
720575940612331618,ascending,AN
720575940625897572,central,unknown
720575940636350565,central,unknown
720575940605450342,descending,unknown
720575940627109991,sensory,mechanosensory
720575940612626538,sensory,mechanosensory
720575940629665900,sensory,mechanosensory
720575940636186736,central,unknown
720575940611610737,central,unknown
720575940612167794,central,ALPN
720575940637464691,ascending,AN
720575940628781178,central,unknown
720575940617541755,sensory,mechanosensory
720575940625537149,central,unknown
720575940629239934,central,unknown
720575940639332480,central,unknown
720575940606564482,central,unknown
720575940627372165,ascending,AN
720575940620884103,central,unknown
720575940623276168,descending,unknown
720575940631632012,descending,unknown
720575940626815120,central,unknown
720575940614985878,central,unknown
720575940627372184,sensory,mechanosensory
720575940618295454,central,ALPN
720575940620982437,central,unknown
720575940634941614,visual_centrifugal,unknown
720575940611184819,sensory,gustatory
720575940625111223,central,unknown
720575940624455863,optic,optic_lobe_intrinsic
720575940624554170,motor,brain_motor_neuron
720575940616558779,central,unknown
720575940639135933,central,unknown
720575940608891075,central,unknown
720575940630780101,optic,optic_lobe_intrinsic
720575940627142855,central,unknown
720575940627470535,central,unknown
720575940625242314,central,unknown
720575940630321356,sensory,mechanosensory
720575940630223052,central,unknown
720575940615051473,central,unknown
720575940608104661,central,unknown
720575940623440086,optic,optic_lobe_intrinsic
720575940617672920,central,unknown
720575940629469404,central,unknown
720575940623636701,central,ALLN
720575940602337504,ascending,AN
720575940634646753,central,unknown
720575940603123936,central,unknown
720575940612921571,central,unknown
720575940614363363,visual_projection,unknown
720575940613183717,central,unknown
720575940612036837,descending,unknown
720575940622293227,central,unknown
720575940623177964,sensory,mechanosensory
720575940614756589,central,ALLN
720575940626520305,central,unknown
720575940611217650,central,unknown
720575940638972149,central,unknown
720575940650244342,sensory,mechanosensory
720575940636645624,sensory,mechanosensory
720575940634614008,ascending,AN
720575940623767805,central,unknown
720575940621736189,optic,optic_lobe_intrinsic
720575940631140608,central,unknown
720575940627405058,central,unknown
720575940626094350,motor,brain_motor_neuron
720575940632516879,central,unknown
720575940620359956,central,unknown
720575940628781333,motor,brain_motor_neuron
720575940621441304,central,unknown
720575940622915864,central,LHLN
720575940633237785,central,unknown
720575940617476379,central,unknown
720575940618787099,central,unknown
720575940619933985,central,unknown
720575940622129441,central,unknown
720575940645722403,sensory,mechanosensory
720575940624587046,central,unknown
720575940622752041,central,unknown
720575940629502251,descending,unknown
720575940625766704,central,unknown
720575940615084339,central,unknown
720575940646443316,descending,unknown
720575940638546229,sensory,mechanosensory
720575940638349621,central,unknown
720575940628683063,central,unknown
720575940630288696,sensory,mechanosensory
720575940630288697,central,unknown
720575940625111354,central,unknown
720575940630878519,visual_centrifugal,unknown
720575940627372346,central,unknown
720575940617836854,central,unknown
720575940629895491,central,unknown
720575940609939780,central,unknown
720575940617967941,sensory,mechanosensory
720575940618393925,central,unknown
720575940632189255,central,LHLN
720575940623702345,central,unknown
720575940622063948,sensory,mechanosensory
720575940628584783,central,unknown
720575940626520402,sensory,mechanosensory
720575940618492245,sensory,mechanosensory
720575940625799513,motor,brain_motor_neuron
720575940620687707,sensory,mechanosensory
720575940618656091,central,unknown
720575940616395101,sensory,mechanosensory
720575940616853853,central,unknown
720575940621801819,optic,optic_lobe_intrinsic
720575940608268636,central,unknown
720575940628453735,central,unknown
720575940632779112,optic,optic_lobe_intrinsic
720575940634384751,central,unknown
720575940609513841,central,unknown
720575940612069745,optic,optic_lobe_intrinsic
720575940622489972,central,unknown
720575940628846966,central,unknown
720575940629600630,central,unknown
720575940620032379,central,unknown
720575940620917119,central,unknown
720575940639332736,sensory,gustatory
720575940605647234,central,unknown
720575940620556680,sensory,mechanosensory
720575940621900170,central,unknown
720575940641921421,sensory,mechanosensory
720575940642412941,central,unknown
720575940612921746,central,unknown
720575940632385943,central,unknown
720575940611807641,central,unknown
720575940635859354,central,unknown
720575940644542880,descending,unknown
720575940638677411,central,unknown
720575940619114918,ascending,AN
720575940636809646,central,unknown
720575940619409840,central,unknown
720575940633500084,central,unknown
720575940621113782,optic,optic_lobe_intrinsic
720575940624882106,optic,optic_lobe_intrinsic
720575940616198587,central,ALLN
720575940627110330,optic,optic_lobe_intrinsic
720575940605188542,central,unknown
720575940618820033,sensory,mechanosensory
720575940620097985,central,unknown
720575940608661955,visual_projection,unknown
720575940629240263,descending,unknown
720575940627732935,central,unknown
720575940626323911,central,unknown
720575940623899082,descending,unknown
720575940632353228,central,unknown
720575940638874064,central,unknown
720575940632615379,sensory,mechanosensory
720575940628781527,central,unknown
720575940610136538,central,unknown
720575940628322780,central,unknown
720575940620458461,central,unknown
720575940636350942,central,unknown
720575940614232543,central,unknown
720575940633074145,central,ALPN
720575940639201764,central,unknown
720575940624882151,descending,unknown
720575940623964652,central,unknown
720575940618066415,central,unknown
720575940619114991,central,unknown
720575940611414514,optic,optic_lobe_intrinsic
720575940627438076,central,unknown
720575940613413374,sensory,mechanosensory
720575940629961219,central,unknown
720575940617083404,central,unknown
720575940626848275,central,unknown
720575940627044885,descending,unknown
720575940612856342,central,ALPN
720575940620392984,central,unknown
720575940633500185,visual_projection,unknown
720575940622326298,optic,optic_lobe_intrinsic
720575940617181725,sensory,gustatory
720575940625668638,central,unknown
720575940632713759,central,unknown
720575940625373733,central,unknown
720575940611873320,central,unknown
720575940623538729,optic,optic_lobe_intrinsic
720575940631140909,central,unknown
720575940630780463,central,unknown
720575940625766960,central,unknown
720575940611807795,descending,unknown
720575940647033396,ascending,AN
720575940637694517,central,unknown
720575940642839092,optic,optic_lobe_intrinsic
720575940628552247,visual_projection,unknown
720575940631271993,central,unknown
720575940627274298,optic,optic_lobe_intrinsic
720575940616198715,central,unknown
720575940640676413,central,unknown
720575940639758909,central,unknown
720575940637661759,central,unknown
720575940639726141,descending,unknown
720575940631272003,sensory,mechanosensory
720575940631829059,descending,unknown
720575940626127432,central,unknown
720575940627667530,central,unknown
720575940619475536,central,unknown
720575940620393040,optic,optic_lobe_intrinsic
720575940632386131,central,unknown
720575940616526420,sensory,mechanosensory
720575940638874202,visual_centrifugal,unknown
720575940619967067,central,unknown
720575940607711836,central,unknown
720575940614953565,central,LHLN
720575940621277790,central,unknown
720575940633041503,descending,unknown
720575940631370336,sensory,mechanosensory
720575940637956698,central,unknown
720575940610103906,sensory,mechanosensory
720575940622457443,central,ALLN
720575940627339876,central,unknown
720575940635040357,visual_projection,unknown
720575940630649448,central,unknown
720575940628159081,sensory,mechanosensory
720575940612856434,central,unknown
720575940620622452,central,unknown
720575940621343348,central,ALPN
720575940608432760,central,unknown
720575940609284728,central,unknown
720575940629437054,central,unknown
720575940605876866,central,unknown
720575940647000708,central,unknown
720575940645362308,central,unknown
720575940618263174,central,unknown
720575940626029200,optic,optic_lobe_intrinsic
720575940621146771,central,unknown
720575940612987541,central,unknown
720575940610955925,central,unknown
720575940635335319,optic,optic_lobe_intrinsic
720575940633926295,central,unknown
720575940612692633,central,unknown
720575940629142171,central,unknown
720575940614822559,central,unknown
720575940633631396,central,unknown
720575940620294821,central,unknown
720575940620556966,central,unknown
720575940610955946,central,unknown
720575940632582829,central,unknown
720575940619246256,central,unknown
720575940607253170,central,unknown
720575940611807923,central,unknown
720575940625078965,central,unknown
720575940620982966,motor,brain_motor_neuron
720575940623473335,motor,brain_motor_neuron
720575940624915128,central,unknown
720575940623735482,central,unknown
720575940616166075,optic,optic_lobe_intrinsic
720575940615641798,sensory,gustatory
720575940642183880,central,unknown
720575940619934411,sensory,mechanosensory
720575940631108303,central,unknown
720575940615281361,visual_centrifugal,unknown
720575940628978391,central,unknown
720575940611775194,sensory,mechanosensory
720575940621736669,central,unknown
720575940603714272,central,unknown
720575940638907108,ascending,AN
720575940616100582,central,unknown
720575940624882407,central,unknown
720575940628978409,sensory,mechanosensory
720575940623637226,descending,unknown
720575940622457579,central,unknown
720575940619770608,central,unknown
720575940626422513,central,unknown
720575940629437178,central,unknown
720575940626553596,visual_projection,unknown
720575940622686973,sensory,mechanosensory
720575940620786431,central,unknown
720575940616657665,central,unknown
720575940625242882,visual_projection,unknown
720575940628028163,central,unknown
720575940628781828,central,unknown
720575940626258690,central,unknown
720575940628355846,sensory,mechanosensory
720575940623538951,central,unknown
720575940624358152,central,unknown
720575940628290307,central,unknown
720575940624587534,central,unknown
720575940620589838,sensory,gustatory
720575940625079054,central,unknown
720575940628355856,central,unknown
720575940626357009,central,unknown
720575940628978450,sensory,mechanosensory
720575940625799950,central,unknown
720575940618427156,descending,unknown
720575940625472277,sensory,mechanosensory
720575940627110672,sensory,gustatory
720575940620196628,central,ALPN
720575940620032788,central,unknown
720575940633336601,central,unknown
720575940621572890,descending,unknown
720575940618165019,motor,brain_motor_neuron
720575940622719770,central,unknown
720575940622687002,optic,optic_lobe_intrinsic
720575940624915230,sensory,mechanosensory
720575940617444130,central,unknown
720575940626979621,optic,optic_lobe_intrinsic
720575940624882471,sensory,mechanosensory
720575940623014695,descending,unknown
720575940622457641,central,unknown
720575940626094887,central,unknown
720575940629764906,central,unknown
720575940627045164,optic,optic_lobe_intrinsic
720575940632877869,descending,unknown
720575940623801127,visual_projection,unknown
720575940613380914,central,unknown
720575940616067890,central,unknown
720575940615215922,central,unknown
720575940618591030,sensory,mechanosensory
720575940633008952,central,unknown
720575940628454202,central,unknown
720575940630158140,central,unknown
720575940630682428,visual_centrifugal,unknown
720575940625177406,central,unknown
720575940638284607,sensory,mechanosensory
720575940639234879,optic,optic_lobe_intrinsic
720575940621114177,central,unknown
720575940614363970,sensory,mechanosensory
720575940630059847,sensory,mechanosensory
720575940621900620,optic,optic_lobe_intrinsic
720575940640316238,descending,unknown
720575940627110735,central,unknown
720575940627274578,sensory,unknown_sensory
720575940632025939,optic,optic_lobe_intrinsic
720575940626783065,central,unknown
720575940616821597,central,unknown
720575940635138911,central,unknown
720575940635564896,descending,unknown
720575940610792290,motor,brain_motor_neuron
720575940604074854,central,unknown
720575940613118826,central,unknown
720575940633762667,sensory,mechanosensory
720575940631501676,optic,optic_lobe_intrinsic
720575940620360557,central,unknown
720575940621933421,optic,optic_lobe_intrinsic
720575940635990896,sensory,gustatory
720575940613643122,optic,optic_lobe_intrinsic
720575940638415731,central,ALPN
720575940640775027,optic,optic_lobe_intrinsic
720575940648377209,sensory,unknown_sensory
720575940626291581,sensory,mechanosensory
720575940659878785,central,unknown
720575940627143555,central,unknown
720575940645821316,visual_projection,unknown
720575940625996677,central,unknown
720575940621638534,visual_centrifugal,unknown
720575940626717573,central,unknown
720575940622949256,central,unknown
720575940622130058,sensory,mechanosensory
720575940622785418,sensory,mechanosensory
720575940612692889,descending,unknown
720575940633762714,central,unknown
720575940629207963,central,unknown
720575940634909594,central,unknown
720575940635106202,central,unknown
720575940617444254,sensory,mechanosensory
720575940617477022,descending,unknown
720575940644641696,central,unknown
720575940620065694,visual_centrifugal,unknown
720575940638776227,central,unknown
720575940631698340,central,unknown
720575940632648612,central,unknown
720575940621573030,central,unknown
720575940621835174,central,unknown
720575940627110824,central,unknown
720575940622195625,descending,unknown
720575940634024877,optic,optic_lobe_intrinsic
720575940606696369,visual_projection,unknown
720575940614167483,central,unknown
720575940623276988,central,unknown
720575940628257730,central,unknown
720575940608433091,central,unknown
720575940622392260,central,unknown
720575940631141317,optic,optic_lobe_intrinsic
720575940627176394,central,unknown
720575940632189900,descending,unknown
720575940631108559,descending,unknown
720575940610694098,central,unknown
720575940631993299,sensory,mechanosensory
720575940633992147,visual_centrifugal,unknown
720575940611349466,sensory,mechanosensory
720575940641627099,central,unknown
720575940627962844,central,unknown
720575940611939290,descending,unknown
720575940637072350,central,unknown
720575940621507549,central,unknown
720575940605844448,optic,optic_lobe_intrinsic
720575940612955107,sensory,mechanosensory
720575940614265827,central,unknown
720575940610202597,central,unknown
720575940623277035,central,unknown
720575940624096235,central,unknown
720575940621835246,central,unknown
720575940628782065,optic,optic_lobe_intrinsic
720575940611939314,sensory,mechanosensory
720575940622883827,central,unknown
720575940629273585,visual_centrifugal,unknown
720575940627799031,central,unknown
720575940629896183,optic,optic_lobe_intrinsic
720575940630682618,descending,unknown
720575940628552699,ascending,AN
720575940626390018,central,unknown
720575940628356102,central,unknown
720575940628225034,central,unknown
720575940613708812,central,unknown
720575940627373072,optic,optic_lobe_intrinsic
720575940629765138,central,unknown
720575940620327956,optic,optic_lobe_intrinsic
720575940628814869,central,unknown
720575940625701909,central,unknown
720575940617411611,central,unknown
720575940625669148,central,unknown
720575940627930142,optic,optic_lobe_intrinsic
720575940618066978,optic,optic_lobe_intrinsic
720575940644281380,sensory,mechanosensory
720575940642413604,sensory,mechanosensory
720575940643789860,central,unknown
720575940622588969,optic,optic_lobe_intrinsic
720575940619181105,sensory,mechanosensory
720575940641659956,optic,optic_lobe_intrinsic
720575940631174199,sensory,mechanosensory
720575940629371960,sensory_ascending,AN
720575940630649911,optic,optic_lobe_intrinsic
720575940626947130,optic,optic_lobe_intrinsic
720575940639169597,sensory,mechanosensory
720575940626816062,descending,unknown
720575940637236287,optic,optic_lobe_intrinsic
720575940616821824,optic,optic_lobe_intrinsic
720575940620262465,central,unknown
720575940631043139,central,unknown
720575940607188036,central,unknown
720575940609809476,optic,optic_lobe_intrinsic
720575940638088262,central,unknown
720575940621442124,central,unknown
720575940624981069,sensory,mechanosensory
720575940621704268,optic,optic_lobe_intrinsic
720575940616264788,sensory,gustatory
720575940608498780,central,unknown
720575940619279457,central,unknown
720575940608990306,sensory,mechanosensory
720575940627373161,central,unknown
720575940627307625,descending,unknown
720575940613545066,central,unknown
720575940630027372,central,unknown
720575940629437545,central,unknown
720575940646214766,visual_centrifugal,unknown
720575940635335791,central,unknown
720575940611644529,descending,unknown
720575940611972210,central,unknown
720575940649229433,visual_projection,unknown
720575940628454522,visual_projection,unknown
720575940629142650,central,unknown
720575940605648002,central,unknown
720575940648180868,descending,unknown
720575940628225167,descending,unknown
720575940616952977,central,unknown
720575940617280657,descending,unknown
720575940618165393,central,unknown
720575940633173143,sensory,mechanosensory
720575940634025111,central,unknown
720575940611906713,central,ALLN
720575940633992346,central,unknown
720575940629666971,visual_centrifugal,ocellar
720575940633959575,central,unknown
720575940617182365,central,unknown
720575940634746010,central,unknown
720575940635696279,central,unknown
720575940644740256,descending,unknown
720575940625964184,central,unknown
720575940632648868,ascending,AN
720575940632681636,central,unknown
720575940620754089,central,unknown
720575940606139564,visual_centrifugal,ocellar
720575940621442224,sensory,mechanosensory
720575940621900981,central,unknown
720575940625013943,optic,optic_lobe_intrinsic
720575940619738315,central,unknown
720575940620819659,central,unknown
720575940623211725,central,unknown
720575940620524747,optic,optic_lobe_intrinsic
720575940611546318,optic,optic_lobe_intrinsic
720575940606336213,central,unknown
720575940617542872,central,unknown
720575940615970015,central,unknown
720575940637334756,central,unknown
720575940628225256,optic,optic_lobe_intrinsic
720575940621540586,central,unknown
720575940625177836,central,ALLN
720575940618722542,central,unknown
720575940623178995,sensory,mechanosensory
720575940628684023,central,unknown
720575940634844408,central,unknown
720575940629667065,sensory,mechanosensory
720575940628716795,optic,optic_lobe_intrinsic
720575940627569920,central,unknown
720575940627471619,visual_projection,unknown
720575940628356358,sensory,mechanosensory
720575940626849030,central,unknown
720575940625374472,central,unknown
720575940630650130,sensory,mechanosensory
720575940625440019,central,unknown
720575940628716821,central,unknown
720575940645035287,sensory,mechanosensory
720575940645952791,optic,optic_lobe_intrinsic
720575940634090777,central,unknown
720575940633730329,optic,optic_lobe_intrinsic
720575940609547549,sensory,mechanosensory
720575940616166685,visual_projection,unknown
720575940630453535,central,unknown
720575940631338271,visual_projection,unknown
720575940620197153,central,unknown
720575940626128158,central,unknown
720575940627373342,optic,optic_lobe_intrinsic
720575940644642084,central,unknown
720575940629306667,ascending,AN
720575940628749612,central,unknown
720575940632681773,central,unknown
720575940610530606,central,unknown
720575940618558769,sensory,mechanosensory
720575940645821748,central,unknown
720575940646608180,optic,optic_lobe_intrinsic
720575940645920052,central,unknown
720575940628356407,central,unknown
720575940631502137,optic,optic_lobe_intrinsic
720575940627438906,sensory,gustatory
720575940629273913,central,unknown
720575940638088511,descending,unknown
720575940632812867,sensory,mechanosensory
720575940623506761,central,unknown
720575940624227661,central,unknown
720575940617575760,central,unknown
720575940627275090,central,unknown
720575940632386899,sensory,mechanosensory
720575940620983637,sensory,unknown_sensory
720575940625964377,optic,optic_lobe_intrinsic
720575940637039962,sensory,mechanosensory
720575940620885342,sensory,mechanosensory
720575940635172191,sensory,gustatory
720575940603977062,central,unknown
720575940614298986,ascending,AN
720575940645100910,sensory,mechanosensory
720575940614266229,central,unknown
720575940609973624,central,unknown
720575940617575803,central,unknown
720575940619607431,optic,optic_lobe_intrinsic
720575940624358792,central,unknown
720575940626619785,central,unknown
720575940623146378,sensory,mechanosensory
720575940630289804,descending,unknown
720575940622753172,central,unknown
720575940615085462,central,unknown
720575940613414297,central,unknown
720575940611218841,central,unknown
720575940630257051,central,unknown
720575940616232349,central,unknown
720575940620131742,central,unknown
720575940614462879,central,unknown
720575940617149853,central,unknown
720575940617018781,central,unknown
720575940615740834,central,unknown
720575940614102434,central,unknown
720575940615249314,central,unknown
720575940618231205,central,unknown
720575940621573542,central,unknown
720575940625571240,sensory,mechanosensory
720575940628880808,visual_projection,bilateral
720575940611087786,descending,unknown
720575940636646830,central,unknown
720575940606401970,ascending,AN
720575940623211957,central,unknown
720575940617838009,optic,optic_lobe_intrinsic
720575940617706937,optic,optic_lobe_intrinsic
720575940618427833,optic,optic_lobe_intrinsic
720575940623474108,central,unknown
720575940632157631,central,unknown
720575940608335299,central,unknown
720575940621147588,central,unknown
720575940629175749,central,unknown
720575940615183814,central,unknown
720575940626881991,central,unknown
720575940641824200,ascending,AN
720575940627144138,central,unknown
720575940619378123,central,unknown
720575940632190412,central,unknown
720575940638416336,sensory,mechanosensory
720575940617117140,central,unknown
720575940617280985,central,unknown
720575940640611803,sensory,mechanosensory
720575940631207388,visual_centrifugal,unknown
720575940621639133,sensory,mechanosensory
720575940628585948,optic,optic_lobe_intrinsic
720575940615871967,central,unknown
720575940604009952,central,unknown
720575940631535073,central,unknown
720575940605877728,central,unknown
720575940612922851,descending,unknown
720575940631403996,central,unknown
720575940637662697,motor,brain_motor_neuron
720575940623637995,sensory,mechanosensory
720575940622589419,sensory,mechanosensory
720575940624227819,central,unknown
720575940619771375,central,unknown
720575940620918256,optic,optic_lobe_intrinsic
720575940624391667,sensory,mechanosensory
720575940624850434,central,unknown
720575940628389379,optic,optic_lobe_intrinsic
720575940627930630,sensory,mechanosensory
720575940627209734,sensory,mechanosensory
720575940622523912,central,unknown
720575940629405190,optic,optic_lobe_intrinsic
720575940607614475,central,unknown
720575940615052812,central,unknown
720575940626456081,central,unknown
720575940628979218,sensory,mechanosensory
720575940625735185,central,unknown
720575940618591764,central,unknown
720575940628815381,central,unknown
720575940623113752,central,unknown
720575940618165787,central,unknown
720575940613971485,sensory,mechanosensory
720575940619116061,descending,unknown
720575940631371295,central,unknown
720575940603616800,central,unknown
720575940619148829,visual_projection,unknown
720575940622982694,optic,optic_lobe_intrinsic
720575940624555559,sensory,mechanosensory
720575940613611048,sensory,mechanosensory
720575940614954536,central,unknown
720575940631469610,central,unknown
720575940629339690,central,unknown
720575940617313841,central,unknown
720575940640841268,sensory,mechanosensory
720575940618886710,central,unknown
720575940630945335,central,ALLN
720575940630027833,visual_centrifugal,unknown
720575940626980410,sensory,mechanosensory
720575940628356666,visual_projection,unknown
720575940628291130,central,unknown
720575940624719422,central,unknown
720575940619542081,sensory,mechanosensory
720575940632780359,visual_projection,unknown
720575940626161224,central,unknown
720575940630355537,central,unknown
720575940617739860,central,unknown
720575940620033627,central,unknown
720575940619542107,central,unknown
720575940615478877,central,unknown
720575940620983902,ascending,AN
720575940626620004,optic,optic_lobe_intrinsic
720575940635631211,visual_projection,unknown
720575940643790446,sensory,mechanosensory
720575940633402991,central,unknown
720575940621246068,descending,unknown
720575940620492404,optic,optic_lobe_intrinsic
720575940629470838,central,unknown
720575940627996285,visual_centrifugal,unknown
720575940620951167,optic,optic_lobe_intrinsic
720575940606926466,central,unknown
720575940627570309,optic,optic_lobe_intrinsic
720575940624391816,central,unknown
720575940625800841,central,unknown
720575940626783881,central,unknown
720575940627046031,central,unknown
720575940626521744,optic,optic_lobe_intrinsic
720575940616855185,sensory,mechanosensory
720575940616035990,central,unknown
720575940625014424,central,unknown
720575940610956953,sensory,mechanosensory
720575940627177115,central,unknown
720575940633796252,central,unknown
720575940617346718,central,unknown
720575940614200994,sensory,mechanosensory
720575940639956643,central,unknown
720575940639137443,optic,optic_lobe_intrinsic
720575940615347874,optic,optic_lobe_intrinsic
720575940613152426,optic,optic_lobe_intrinsic
720575940620918443,central,unknown
720575940605353649,central,unknown
720575940607155890,central,MBON
720575940618460857,optic,optic_lobe_intrinsic
720575940616298171,central,unknown
720575940637761213,central,unknown
720575940623146701,central,ALLN
720575940610727630,central,unknown
720575940611055310,optic,unknown
720575940623048413,optic,optic_lobe_intrinsic
720575940637073118,central,unknown
720575940634320610,optic,optic_lobe_intrinsic
720575940612103907,central,unknown
720575940614037229,optic,optic_lobe_intrinsic
720575940618854126,central,unknown
720575940630683383,central,unknown
720575940635565816,central,unknown
720575940629307129,sensory,mechanosensory
720575940630683385,central,unknown
720575940627799802,descending,unknown
720575940628029180,central,unknown
720575940629012227,descending,unknown
720575940622917381,central,unknown
720575940609416969,optic,optic_lobe_intrinsic
720575940626849546,descending,unknown
720575940625702670,optic,optic_lobe_intrinsic
720575940628782869,central,unknown
720575940622065432,central,unknown
720575940621475610,central,unknown
720575940605681440,central,unknown
720575940628946731,ascending,AN
720575940627406635,central,unknown
720575940628586283,central,unknown
720575940629438251,visual_projection,unknown
720575940647034676,central,unknown
720575940636679989,central,unknown
720575940629339959,sensory,mechanosensory
720575940630159159,central,unknown
720575940631306041,central,unknown
720575940629995319,central,unknown
720575940630257464,central,unknown
720575940635926335,central,unknown
720575940619640640,central,unknown
720575940616560450,optic,optic_lobe_intrinsic
720575940615708482,central,ALLN
720575940627111752,central,unknown
720575940624359241,visual_centrifugal,unknown
720575940630060887,sensory,mechanosensory
720575940627537753,central,unknown
720575940627373913,visual_projection,unknown
720575940632649567,central,unknown
720575940633927519,visual_projection,unknown
720575940636024671,optic,optic_lobe_intrinsic
720575940634484581,central,unknown
720575940628750185,optic,optic_lobe_intrinsic
720575940643823470,central,unknown
720575940634943344,central,unknown
720575940647755641,descending,unknown
720575940648804217,motor,brain_motor_neuron
720575940630716286,central,unknown
720575940620754815,visual_projection,unknown
720575940606599042,sensory,mechanosensory
720575940608073602,ascending,AN
720575940619542407,central,unknown
720575940626784137,central,unknown
720575940641660813,central,unknown
720575940627177359,sensory,mechanosensory
720575940634877850,central,unknown
720575940628651931,sensory,mechanosensory
720575940628258715,sensory,mechanosensory
720575940616101789,central,unknown
720575940628422555,central,unknown
720575940656144289,descending,unknown
720575940639268771,central,unknown
720575940628750248,central,ALPN
720575940627570600,central,unknown
720575940628455336,optic,optic_lobe_intrinsic
720575940604403628,central,ALPN
720575940634976174,central,ALPN
720575940613808047,central,unknown
720575940625047479,descending,unknown
720575940618330041,central,unknown
720575940623802298,central,unknown
720575940615774139,sensory,mechanosensory
720575940625047484,central,unknown
720575940605190078,central,unknown
720575940607451081,descending,unknown
720575940605976521,ascending,AN
720575940630912975,central,unknown
720575940639563728,visual_projection,unknown
720575940632584147,central,unknown
720575940621836246,central,unknown
720575940622065622,central,unknown
720575940617117656,central,unknown
720575940634714075,sensory,mechanosensory
720575940631044059,sensory,mechanosensory
720575940628226012,ascending,AN
720575940637368286,visual_projection,unknown
720575940632256481,central,unknown
720575940632649697,central,unknown
720575940632715234,visual_projection,unknown
720575940637302756,central,unknown
720575940611678181,sensory,gustatory
720575940632977378,central,unknown
720575940627439592,central,unknown
720575940624392171,ascending,AN
720575940618362863,central,unknown
720575940613087218,central,unknown
720575940612366322,descending,unknown
720575940641464309,central,unknown
720575940642447349,central,unknown
720575940651425782,central,unknown
720575940630487035,central,unknown
720575940631011328,central,unknown
720575940620918789,descending,unknown
720575940626456582,central,unknown
720575940623867911,central,unknown
720575940621737992,central,unknown
720575940624359432,central,unknown
720575940626096138,central,unknown
720575940626685962,central,unknown
720575940627275795,central,unknown
720575940644216855,central,unknown
720575940645134359,visual_projection,unknown
720575940604272672,sensory,mechanosensory
720575940625866789,sensory,mechanosensory
720575940629438508,descending,unknown
720575940632879149,ascending,AN
720575940633206831,ascending,AN
720575940618887217,sensory,gustatory
720575940613185587,central,unknown
720575940645199924,central,ALON
720575940638842933,ascending,AN
720575940639137845,central,unknown
720575940618199094,central,unknown
720575940638154805,central,unknown
720575940646051892,central,unknown
720575940616921152,central,unknown
720575940609876036,central,unknown
720575940630028359,central,unknown
720575940639432782,central,unknown
720575940618494032,sensory,mechanosensory
720575940620001360,central,unknown
720575940618788944,sensory,gustatory
720575940630257751,central,unknown
720575940631765079,central,unknown
720575940620656731,central,unknown
720575940616462429,sensory,mechanosensory
720575940632715359,central,unknown
720575940610236514,descending,unknown
720575940625375332,optic,optic_lobe_intrinsic
720575940628947047,optic,optic_lobe_intrinsic
720575940628160617,sensory,mechanosensory
720575940616101994,central,unknown
720575940635467883,optic,optic_lobe_intrinsic
720575940629667945,optic,optic_lobe_intrinsic
720575940621082733,optic,optic_lobe_intrinsic
720575940639301747,ascending,AN
720575940640415859,central,ALLN
720575940637106295,ascending,AN
720575940610269304,central,unknown
720575940629766266,central,unknown
720575940640612480,visual_projection,unknown
720575940661321857,central,unknown
720575940626587779,central,LHLN
720575940647100548,central,unknown
720575940645953668,central,unknown
720575940625932421,visual_projection,unknown
720575940621181066,descending,unknown
720575940625178768,central,unknown
720575940625014928,central,ALPN
720575940626915472,visual_centrifugal,unknown
720575940623179923,sensory,mechanosensory
720575940625834132,central,unknown
720575940635435159,visual_centrifugal,unknown
720575940628029592,central,unknown
720575940655587489,descending,unknown
720575940639170723,descending,unknown
720575940614660263,descending,unknown
720575940628881576,descending,unknown
720575940605780140,central,unknown
720575940635304110,central,unknown
720575940612235439,sensory,mechanosensory
720575940608368818,central,unknown
720575940611088563,sensory,mechanosensory
720575940623474871,sensory,mechanosensory
720575940623605943,central,ALPN
720575940624883898,central,unknown
720575940618363072,sensory,mechanosensory
720575940629602501,sensory,mechanosensory
720575940626882762,optic,optic_lobe_intrinsic
720575940624130253,central,unknown
720575940638646480,central,unknown
720575940618002644,visual_projection,unknown
720575940607353045,central,unknown
720575940642545883,descending,unknown
720575940636582110,central,unknown
720575940638744804,ascending,AN
720575940616855782,central,unknown
720575940627505384,optic,optic_lobe_intrinsic
720575940625441003,central,unknown
720575940624589035,optic,optic_lobe_intrinsic
720575940610728178,central,unknown
720575940621345012,central,unknown
720575940629733626,central,ALPN
720575940629176572,central,unknown
720575940630159616,central,unknown
720575940626817284,sensory,mechanosensory
720575940621902085,ascending,AN
720575940627210502,central,unknown
720575940625047815,descending,unknown
720575940629504262,central,unknown
720575940625146122,central,unknown
720575940625244426,central,unknown
720575940615053580,visual_projection,unknown
720575940623442190,visual_projection,unknown
720575940626555153,central,unknown
720575940626587921,central,unknown
720575940629405970,central,unknown
720575940626784533,central,unknown
720575940643594519,central,unknown
720575940633764121,optic,optic_lobe_intrinsic
720575940627308828,central,unknown
720575940617576733,central,unknown
720575940606632224,optic,optic_lobe_intrinsic
720575940621771041,central,unknown
720575940626719013,central,unknown
720575940627046693,central,unknown
720575940622917927,central,unknown
720575940630585642,central,unknown
720575940629504299,optic,optic_lobe_intrinsic
720575940630716716,visual_centrifugal,unknown
720575940625867056,central,unknown
720575940626555184,central,unknown
720575940616167730,central,unknown
720575940646183220,central,unknown
720575940646576436,central,ALLN
720575940629209399,central,unknown
720575940618002747,central,unknown
720575940629963068,central,unknown
720575940625310014,central,unknown
720575940625965374,central,unknown
720575940610236740,sensory,mechanosensory
720575940627210568,descending,unknown
720575940627669322,central,unknown
720575940626686282,central,unknown
720575940628881739,central,unknown
720575940625408333,central,unknown
720575940630126929,central,unknown
720575940630749523,central,unknown
720575940630258003,central,unknown
720575940629176663,sensory,gustatory
720575940631994728,central,unknown
720575940645527918,motor,brain_motor_neuron
720575940633665903,central,unknown
720575940630126966,central,unknown
720575940635631991,central,unknown
720575940630356346,optic,optic_lobe_intrinsic
720575940618264955,sensory,mechanosensory
720575940627997050,descending,unknown
720575940661289345,visual_centrifugal,unknown
720575940608369026,sensory,mechanosensory
720575940620263814,central,ALIN
720575940619870622,visual_projection,unknown
720575940638286243,sensory,mechanosensory
720575940631175588,central,unknown
720575940618723749,visual_projection,unknown
720575940639826339,central,unknown
720575940614660519,central,unknown
720575940620165541,central,unknown
720575940613513642,central,unknown
720575940615676334,sensory,mechanosensory
720575940637663662,central,unknown
720575940635632052,optic,optic_lobe_intrinsic
720575940623638968,central,unknown
720575940615578043,descending,unknown
720575940604731838,central,unknown
720575940605714878,descending,unknown
720575940621574592,central,unknown
720575940620296641,sensory,gustatory
720575940628324802,visual_projection,unknown
720575940609024451,optic,optic_lobe_intrinsic
720575940630946245,central,unknown
720575940617019846,central,unknown
720575940643889608,central,unknown
720575940643693000,central,unknown
720575940619739595,central,unknown
720575940632093132,central,unknown
720575940631110095,descending,unknown
720575940640678352,central,unknown
720575940614431185,central,unknown
720575940615348689,central,unknown
720575940641399248,optic,optic_lobe_intrinsic
720575940621640150,central,unknown
720575940629766615,central,unknown
720575940614562271,central,unknown
720575940614332899,sensory,mechanosensory
720575940612235747,central,unknown
720575940617249254,descending,unknown
720575940624163303,central,unknown
720575940624392679,central,unknown
720575940637172201,central,unknown
720575940622655979,sensory,mechanosensory
720575940622557675,central,unknown
720575940619117039,sensory,olfactory
720575940626620913,central,unknown
720575940621148660,central,unknown
720575940630094325,sensory,mechanosensory
720575940641366517,central,unknown
720575940622721524,optic,optic_lobe_intrinsic
720575940630356473,central,unknown
720575940629766649,central,unknown
720575940630225403,central,ALLN
720575940627833340,central,unknown
720575940622688765,central,unknown
720575940613743102,central,unknown
720575940612792830,central,unknown
720575940627538434,descending,unknown
720575940621574661,sensory,mechanosensory
720575940627374598,central,unknown
720575940607877641,central,unknown
720575940625703434,sensory,mechanosensory
720575940606239243,sensory,mechanosensory
720575940626391562,central,unknown
720575940615217676,central,unknown
720575940626260490,visual_projection,unknown
720575940627243539,central,unknown
720575940623475224,optic,optic_lobe_intrinsic
720575940632945177,central,unknown
720575940618166811,central,unknown
720575940632650271,central,unknown
720575940644053540,central,unknown
720575940625113637,sensory,mechanosensory
720575940622754342,central,unknown
720575940613153320,sensory,mechanosensory
720575940622721577,sensory,mechanosensory
720575940630487594,sensory,mechanosensory
720575940629275180,sensory,mechanosensory
720575940633895469,sensory,unknown_sensory
720575940627112492,optic,optic_lobe_intrinsic
720575940626555440,central,unknown
720575940619608625,central,unknown
720575940618756657,central,unknown
720575940614136371,central,unknown
720575940647952948,central,unknown
720575940638745141,central,unknown
720575940638810677,descending,unknown
720575940629602871,central,unknown
720575940630618680,central,unknown
720575940616561211,optic,optic_lobe_intrinsic
720575940628455996,central,unknown
720575940626227774,ascending,AN
720575940629439043,ascending,AN
720575940609253956,sensory,mechanosensory
720575940617478725,sensory,mechanosensory
720575940619412037,central,unknown
720575940626817610,central,unknown
720575940633305681,optic,optic_lobe_intrinsic
720575940616200790,central,unknown
720575940607058524,sensory,mechanosensory
720575940608500316,central,unknown
720575940608402012,central,unknown
720575940622590558,central,unknown
720575940619772513,optic,optic_lobe_intrinsic
720575940623901283,optic,optic_lobe_intrinsic
720575940626784868,central,unknown
720575940628095593,central,unknown
720575940613120618,central,unknown
720575940614791786,central,unknown
720575940635206251,central,unknown
720575940630291062,sensory,mechanosensory
720575940623475324,visual_centrifugal,unknown
720575940629766782,sensory,mechanosensory
720575940621804159,descending,unknown
720575940621148799,central,unknown
720575940608336514,central,unknown
720575940606894722,central,unknown
720575940608074370,central,unknown
720575940648706692,optic,optic_lobe_intrinsic
720575940617937543,sensory,gustatory
720575940623835784,optic,optic_lobe_intrinsic
720575940626195081,central,unknown
720575940615905931,central,unknown
720575940616462987,central,unknown
720575940641137293,central,unknown
720575940634583694,descending,unknown
720575940627079823,central,unknown
720575940623934096,descending,unknown
720575940614595218,central,MBON
720575940616037014,central,unknown
720575940611351193,sensory,mechanosensory
720575940633698970,visual_projection,unknown
720575940633567900,central,unknown
720575940634256028,optic,optic_lobe_intrinsic
720575940613022367,central,unknown
720575940654310049,central,unknown
720575940621116073,central,unknown
720575940621640363,central,unknown
720575940631437997,sensory,mechanosensory
720575940636058286,central,unknown
720575940613284527,central,unknown
720575940603683505,central,unknown
720575940606993074,sensory,mechanosensory
720575940607386290,central,unknown
720575940636418740,visual_projection,unknown
720575940623737525,central,unknown
720575940622361270,motor,brain_motor_neuron
720575940608893623,sensory,mechanosensory
720575940625048250,central,unknown
720575940624589500,sensory,mechanosensory
720575940633273023,central,unknown
720575940629111490,central,unknown
720575940608991939,central,unknown
720575940629242567,central,unknown
720575940626162378,sensory,mechanosensory
720575940629013199,central,unknown
720575940639695568,central,unknown
720575940612498129,visual_projection,unknown
720575940613120721,central,unknown
720575940622066390,central,unknown
720575940617315033,optic,optic_lobe_intrinsic
720575940612858586,visual_projection,unknown
720575940641006299,central,unknown
720575940612629210,descending,unknown
720575940620591837,central,unknown
720575940638253790,optic,optic_lobe_intrinsic
720575940611351267,central,unknown
720575940614759149,descending,unknown
720575940621771502,central,unknown
720575940622525168,optic,optic_lobe_intrinsic
720575940611875570,sensory,gustatory
720575940640842485,sensory,mechanosensory
720575940628751095,central,unknown
720575940625146621,optic,optic_lobe_intrinsic
720575940627538690,ascending,AN
720575940621312773,central,unknown
720575940609417995,descending,unknown
720575940622623501,visual_projection,unknown
720575940627702547,visual_projection,ocellar
720575940621148948,visual_centrifugal,unknown
720575940620919578,sensory,mechanosensory
720575940623147802,ascending,AN
720575940625408796,central,unknown
720575940622263066,descending,unknown
720575940626522910,sensory,mechanosensory
720575940626293534,optic,optic_lobe_intrinsic
720575940604994336,central,unknown
720575940618822429,visual_projection,unknown
720575940617151266,central,unknown
720575940645495587,central,unknown
720575940645724963,central,unknown
720575940624982823,descending,unknown
720575940632355626,central,unknown
720575940616758075,sensory,mechanosensory
720575940630455100,central,unknown
720575940625408830,sensory,mechanosensory
720575940625376062,descending,unknown
720575940624950078,central,unknown
720575940622230337,central,unknown
720575940613481282,central,unknown
720575940630848323,central,unknown
720575940630553415,sensory,gustatory
720575940627964746,optic,optic_lobe_intrinsic
720575940617642832,central,ALPN
720575940618003284,sensory,mechanosensory
720575940619182933,central,unknown
720575940619215701,central,unknown
720575940628947799,central,unknown
720575940626228057,central,unknown
720575940611056482,sensory,mechanosensory
720575940624032611,central,unknown
720575940629865319,central,unknown
720575940613940074,central,unknown
720575940629701484,central,unknown
720575940645528430,motor,brain_motor_neuron
720575940612727665,central,unknown
720575940637074291,central,unknown
720575940617315189,visual_projection,unknown
720575940627735422,central,unknown
720575940607845250,visual_projection,unknown
720575940645036932,central,unknown
720575940626719621,ascending,AN
720575940618625927,sensory,mechanosensory
720575940637565838,central,unknown
720575940635599758,central,unknown
720575940625539984,descending,unknown
720575940615742353,central,unknown
720575940622853011,sensory,gustatory
720575940624327572,motor,brain_motor_neuron
720575940624130964,central,unknown
720575940609844117,descending,unknown
720575940633797530,central,unknown
720575940628030363,central,unknown
720575940626883483,central,unknown
720575940633666460,optic,optic_lobe_intrinsic
720575940627768219,optic,optic_lobe_intrinsic
720575940615250850,central,unknown
720575940620231590,descending,unknown
720575940615611303,central,unknown
720575940634026925,central,unknown
720575940606239666,sensory,unknown_sensory
720575940611089331,central,unknown
720575940622558133,sensory,mechanosensory
720575940620723126,central,unknown
720575940624524215,central,unknown
720575940626031548,sensory,mechanosensory
720575940623180732,central,unknown
720575940633666495,central,unknown
720575940628784066,central,unknown
720575940610499523,central,unknown
720575940622754756,central,unknown
720575940624589770,sensory,mechanosensory
720575940625081290,central,unknown
720575940622099405,sensory,mechanosensory
720575940613743569,central,unknown
720575940607452117,sensory,mechanosensory
720575940631176151,central,unknown
720575940612203482,descending,unknown
720575940640613339,central,unknown
720575940635403230,central,unknown
720575940604273632,sensory,mechanosensory
720575940604470240,central,unknown
720575940631667682,central,unknown
720575940635960292,central,unknown
720575940623311847,sensory,mechanosensory
720575940627047400,central,unknown
720575940628030440,descending,unknown
720575940622263275,central,unknown
720575940627014641,central,ALLN
720575940611384306,central,unknown
720575940625703923,visual_centrifugal,unknown
720575940627735537,central,unknown
720575940630029307,central,unknown
720575940614595582,central,unknown
720575940623901695,central,ALLN
720575940630160384,ascending,AN
720575940627604486,central,unknown
720575940623246343,central,unknown
720575940607484939,visual_projection,unknown
720575940630422543,sensory,mechanosensory
720575940628882450,central,ALPN
720575940619478036,central,unknown
720575940616791067,sensory,mechanosensory
720575940616856605,central,unknown
720575940626818085,central,unknown
720575940614956072,central,ALLN
720575940622623785,central,unknown
720575940629472298,descending,unknown
720575940632880173,sensory,gustatory
720575940632355885,descending,unknown
720575940630783023,sensory,mechanosensory
720575940608435246,central,unknown
720575940616758322,central,ALLN
720575940615480370,central,unknown
720575940647003188,central,unknown
720575940638909493,optic,optic_lobe_intrinsic
720575940616823862,central,unknown
720575940628882487,central,unknown
720575940632028216,central,unknown
720575940632486969,descending,unknown
720575940630881337,central,unknown
720575940633011256,descending,unknown
720575940618888246,central,unknown
720575940623836222,sensory,mechanosensory
720575940625409086,sensory,mechanosensory
720575940619412544,central,unknown
720575940625114174,central,unknown
720575940613973058,central,unknown
720575940630750279,sensory,mechanosensory
720575940625310793,central,unknown
720575940632192075,visual_projection,ocellar
720575940625835085,optic,optic_lobe_intrinsic
720575940624950349,optic,optic_lobe_intrinsic
720575940628259919,central,unknown
720575940629963855,central,ALPN
720575940619773008,central,unknown
720575940615906388,central,unknown
720575940640547928,central,unknown
720575940638024794,central,unknown
720575940608402524,descending,unknown
720575940616332381,sensory,mechanosensory
720575940621116510,central,unknown
720575940608042076,central,unknown
720575940634813536,motor,brain_motor_neuron
720575940609713250,sensory,mechanosensory
720575940634453093,central,unknown
720575940605682790,sensory,unknown_sensory
720575940604372070,central,unknown
720575940629701737,central,unknown
720575940626228329,central,unknown
720575940628456553,central,unknown
720575940637107312,sensory,unknown_sensory
720575940614726773,central,unknown
720575940617839739,central,ALPN
720575940638024832,central,unknown
720575940627768453,optic,optic_lobe_intrinsic
720575940623934600,ascending,AN
720575940622853258,central,unknown
720575940616561803,central,unknown
720575940635960462,sensory,mechanosensory
720575940635075726,central,unknown
720575940624163984,sensory,mechanosensory
720575940615840913,central,unknown
720575940628653199,central,unknown
720575940613153938,central,unknown
720575940623934608,central,unknown
720575940612465817,central,unknown
720575940610008217,sensory,mechanosensory
720575940617249949,central,ALLN
720575940618658974,descending,unknown
720575940641629344,central,unknown
720575940639040675,central,unknown
720575940632618148,sensory,mechanosensory
720575940612564135,central,unknown
720575940627244200,ascending,AN
720575940614988967,optic,optic_lobe_intrinsic
720575940618888368,sensory,mechanosensory
720575940604404913,sensory,mechanosensory
720575940634027188,optic,optic_lobe_intrinsic
720575940621640885,descending,unknown
720575940619510966,central,unknown
720575940625376442,central,unknown
720575940615972027,sensory,mechanosensory
720575940624065724,sensory,mechanosensory
720575940614235323,descending,unknown
720575940623377596,central,unknown
720575940615185595,central,unknown
720575940620657857,central,unknown
720575940630750402,optic,optic_lobe_intrinsic
720575940630095045,central,unknown
720575940614005958,central,unknown
720575940630979781,central,unknown
720575940628653255,visual_projection,unknown
720575940606010569,central,unknown
720575940626425034,visual_centrifugal,ocellar
720575940619445451,central,unknown
720575940626162890,central,unknown
720575940614923462,central,unknown
720575940610237646,central,unknown
720575940639532240,optic,optic_lobe_intrinsic
720575940622525654,central,unknown
720575940630291671,central,unknown
720575940618003672,central,unknown
720575940610041050,central,unknown
720575940612662499,central,unknown
720575940627866856,central,unknown
720575940626883816,central,unknown
720575940624688362,central,unknown
720575940623443179,central,unknown
720575940623312107,central,unknown
720575940635239672,central,unknown
720575940631274745,ascending,AN
720575940629701881,central,unknown
720575940631700731,central,unknown
720575940630521083,optic,optic_lobe_intrinsic
720575940623148285,central,unknown
720575940629996794,optic,optic_lobe_intrinsic
720575940630914304,central,unknown
720575940625179918,sensory,mechanosensory
720575940625835278,visual_projection,unknown
720575940644447511,central,unknown
720575940617348379,visual_projection,unknown
720575940618167579,descending,unknown
720575940632159519,central,unknown
720575940606633248,descending,unknown
720575940645332259,sensory,gustatory
720575940644676900,sensory,unknown_sensory
720575940626982181,descending,unknown
720575940629636395,optic,optic_lobe_intrinsic
720575940628489516,central,unknown
720575940616103218,central,unknown
720575940615251251,descending,unknown
720575940647560500,descending,unknown
720575940638909749,sensory,mechanosensory
720575940630291767,descending,unknown
720575940629669175,central,unknown
720575940639204669,central,unknown
720575940618593600,central,unknown
720575940622132545,visual_centrifugal,unknown
720575940637140294,central,unknown
720575940630357319,central,unknown
720575940622132553,central,unknown
720575940629144906,central,unknown
720575940626326858,central,unknown
720575940623672653,central,unknown
720575940618233168,central,unknown
720575940632651091,central,unknown
720575940615808342,central,unknown
720575940628194647,sensory,mechanosensory
720575940630586711,visual_centrifugal,unknown
720575940621542747,central,ALLN
720575940608042332,central,unknown
720575940619937121,central,unknown
720575940605191526,optic,optic_lobe_intrinsic
720575940627637607,central,unknown
720575940605420902,central,unknown
720575940628129129,central,unknown
720575940621706605,ascending,AN
720575940612990321,central,unknown
720575940612564338,sensory,olfactory
720575940638811507,sensory,mechanosensory
720575940620690804,central,unknown
720575940634027383,central,unknown
720575940610270584,central,unknown
720575940650935673,optic,optic_lobe_intrinsic
720575940617807227,sensory,mechanosensory
720575940621673852,visual_projection,unknown
720575940628358533,ascending,AN
720575940619085190,sensory,mechanosensory
720575940621313414,descending,unknown
720575940619249031,central,unknown
720575940621116807,optic,unknown
720575940621608330,central,unknown
720575940619740550,central,unknown
720575940632126860,central,unknown
720575940641695117,central,unknown
720575940624688528,central,unknown
720575940633634199,sensory,gustatory
720575940629144987,central,unknown
720575940641400224,central,unknown
720575940640908707,central,unknown
720575940621411749,central,unknown
720575940620297638,optic,optic_lobe_intrinsic
720575940605846962,sensory,mechanosensory
720575940607452594,sensory,mechanosensory
720575940620723638,central,unknown
720575940627277242,visual_projection,bilateral
720575940634682815,sensory,mechanosensory
720575940621477312,central,unknown
720575940621018560,central,unknown
720575940619445696,central,unknown
720575940629112258,central,unknown
720575940643562952,optic,optic_lobe_intrinsic
720575940625573322,descending,unknown
720575940627146186,central,unknown
720575940630521292,central,unknown
720575940622198230,sensory,unknown_sensory
720575940628817367,sensory,mechanosensory
720575940622624214,central,unknown
720575940628948444,sensory,mechanosensory
720575940622067165,descending,unknown
720575940630488540,central,unknown
720575940620789213,central,unknown
720575940628817372,central,unknown
720575940633044449,central,unknown
720575940633339362,central,unknown
720575940616365535,visual_centrifugal,unknown
720575940634748385,optic,optic_lobe_intrinsic
720575940627572200,sensory,mechanosensory
720575940636943849,sensory,mechanosensory
720575940621870576,sensory,mechanosensory
720575940620887536,ascending,AN
720575940611876338,sensory,mechanosensory
720575940624393715,sensory,mechanosensory
720575940611646962,central,unknown
720575940627604977,central,unknown
720575940627375612,central,unknown
720575940622362109,central,unknown
720575940624885250,central,unknown
720575940622263821,sensory,mechanosensory
720575940626097678,central,unknown
720575940621149709,central,unknown
720575940628358675,central,unknown
720575940612990486,optic,optic_lobe_intrinsic
720575940622198298,optic,optic_lobe_intrinsic
720575940627015196,descending,unknown
720575940625507870,sensory,gustatory
720575940618757666,central,ALLN
720575940625212965,central,unknown
720575940614792744,visual_projection,unknown
720575940613449256,optic,optic_lobe_intrinsic
720575940628522540,central,unknown
720575940631799343,central,unknown
720575940617905713,sensory,mechanosensory
720575940616169010,central,unknown
720575940640843316,sensory,mechanosensory
720575940646086196,central,unknown
720575940646708788,visual_projection,unknown
720575940630947384,central,unknown
720575940616889915,sensory,mechanosensory
720575940637763135,central,unknown
720575940619675200,central,unknown
720575940622263873,central,unknown
720575940629440067,sensory,mechanosensory
720575940608763460,sensory,mechanosensory
720575940626916936,visual_projection,unknown
720575940627113544,central,unknown
720575940628096586,motor,brain_motor_neuron
720575940622493260,central,unknown
720575940621805132,central,unknown
720575940639434318,central,unknown
720575940638680654,central,unknown
720575940633241169,central,unknown
720575940619085397,sensory,mechanosensory
720575940638910040,central,unknown
720575940639073882,central,unknown
720575940620297819,descending,unknown
720575940620658267,central,unknown
720575940621575774,central,unknown
720575940623050334,central,unknown
720575940619937374,central,unknown
720575940636649061,central,unknown
720575940604241510,sensory,unknown_sensory
720575940620068461,central,unknown
720575940644775534,central,unknown
720575940635371119,central,unknown
720575940635960943,central,unknown
720575940611384946,central,unknown
720575940640515699,ascending,AN
720575940614694517,central,unknown
720575940630128246,central,unknown
720575940608763512,central,unknown
720575940639467136,central,unknown
720575940620658310,sensory,mechanosensory
720575940622591626,central,unknown
720575940622493322,central,unknown
720575940624066195,central,unknown
720575940611745429,central,unknown
720575940612990617,central,unknown
720575940633437850,sensory,mechanosensory
720575940633044634,central,unknown
720575940616791709,central,unknown
720575940619937445,central,ALLN
720575940620953254,sensory,mechanosensory
720575940620986022,central,unknown
720575940604470956,descending,unknown
720575940631275181,central,ALLN
720575940631144109,central,unknown
720575940607387314,central,unknown
720575940624623287,central,unknown
720575940623476407,central,unknown
720575940624426680,descending,unknown
720575940607944384,sensory,mechanosensory
720575940620494529,central,unknown
720575940607256259,central,unknown
720575940607846083,central,unknown
720575940631865029,optic,optic_lobe_intrinsic
720575940614563526,central,unknown
720575940616365766,optic,optic_lobe_intrinsic
720575940645103304,optic,optic_lobe_intrinsic
720575940605355721,central,unknown
720575940642875080,ascending,AN
720575940631996108,central,unknown
720575940621805261,sensory,mechanosensory
720575940611548878,central,unknown
720575940632815315,ascending,AN
720575940615939796,central,unknown
720575940641957595,optic,optic_lobe_intrinsic
720575940615382751,central,unknown
720575940633634530,optic,optic_lobe_intrinsic
720575940616759014,central,unknown
720575940618594022,descending,unknown
720575940623083242,central,unknown
720575940622919411,central,unknown
720575940622657268,central,unknown
720575940630882039,sensory,gustatory
720575940628719355,central,unknown
720575940628162300,sensory,mechanosensory
720575940625147645,central,mAL
720575940613121790,central,unknown
720575940628686595,central,unknown
720575940622755589,optic,optic_lobe_intrinsic
720575940628391686,ascending,AN
720575940622886663,sensory,mechanosensory
720575940609648395,central,unknown
720575940608239371,central,unknown
720575940614301452,optic,optic_lobe_intrinsic
720575940631340815,central,unknown
720575940628064016,ascending,AN
720575940631242514,central,unknown
720575940628358931,central,unknown
720575940627801877,central,unknown
720575940613154582,central,unknown
720575940627343125,sensory,mechanosensory
720575940625573653,descending,unknown
720575940634093337,central,unknown
720575940631668511,central,unknown
720575940630587167,central,unknown
720575940626949925,optic,optic_lobe_intrinsic
720575940621870886,central,unknown
720575940612138792,central,unknown
720575940623017769,sensory,mechanosensory
720575940629866283,descending,unknown
720575940629964591,visual_projection,unknown
720575940625344304,central,unknown
720575940620330801,visual_projection,bilateral
720575940647036724,ascending,AN
720575940630751031,visual_projection,ocellar
720575940632323896,visual_projection,unknown
720575940627081022,optic,optic_lobe_intrinsic
720575940619675456,central,unknown
720575940631177027,central,unknown
720575940618594117,descending,unknown
720575940633208647,central,unknown
720575940624131913,descending,unknown
720575940632422219,descending,unknown
720575940631406411,central,unknown
720575940639205198,central,unknown
720575940619675472,central,unknown
720575940615153494,central,unknown
720575940624885593,central,unknown
720575940626196313,central,unknown
720575940618266459,visual_projection,unknown
720575940619904859,central,unknown
720575940608894812,visual_centrifugal,unknown
720575940634683237,central,unknown
720575940605028198,optic,optic_lobe_intrinsic
720575940628686695,central,unknown
720575940635404143,visual_projection,unknown
720575940639696755,central,unknown
720575940639762291,central,unknown
720575940631537526,optic,optic_lobe_intrinsic
720575940627572602,ascending,AN
720575940618135419,central,unknown
720575940618561403,central,ALLN
720575940630652798,central,unknown
720575940605421442,central,ALPN
720575940620232582,central,unknown
720575940622067594,central,unknown
720575940630620044,sensory,mechanosensory
720575940640679821,central,unknown
720575940631865228,central,unknown
720575940624820112,central,unknown
720575940616038294,central,unknown
720575940634224540,ascending,AN
720575940653885345,central,unknown
720575940612925346,central,unknown
720575940631701412,central,unknown
720575940618561445,central,unknown
720575940622002086,ascending,AN
720575940622133158,optic,optic_lobe_intrinsic
720575940619741104,central,unknown
720575940623312828,sensory,mechanosensory
720575940620232640,central,unknown
720575940623247300,central,unknown
720575940614465478,central,unknown
720575940626163658,central,unknown
720575940631930828,central,ALPN
720575940612171726,central,unknown
720575940630980559,descending,unknown
720575940614137809,central,unknown
720575940616464340,central,unknown
720575940608370645,central,unknown
720575940622165974,central,unknown
720575940611352538,central,unknown
720575940603029472,sensory,mechanosensory
720575940622919655,central,unknown
720575940639172585,visual_centrifugal,unknown
720575940614465517,visual_projection,unknown
720575940621150191,central,unknown
720575940627507185,central,unknown
720575940612401138,central,unknown
720575940622723059,central,unknown
720575940622198772,sensory,unknown_sensory
720575940613253106,optic,optic_lobe_intrinsic
720575940623181823,central,unknown
720575940629932035,central,unknown
720575940627146756,central,unknown
720575940623017989,central,unknown
720575940608305161,sensory,gustatory
720575940609910795,optic,optic_lobe_intrinsic
720575940608239627,central,unknown
720575940625344529,central,unknown
720575940620822548,central,unknown
720575940621903896,central,unknown
720575940620199962,central,ALPN
720575940625967132,central,unknown
720575940617054237,central,unknown
720575940622723110,central,unknown
720575940624853031,central,unknown
720575940614236200,descending,unknown
720575940630620207,central,unknown
720575940625737776,central,unknown
720575940630718511,central,unknown
720575940614137907,descending,unknown
720575940647036980,central,unknown
720575940645595188,central,unknown
720575940629211191,central,unknown
720575940629112887,sensory,gustatory
720575940629997628,central,unknown
720575940629866563,optic,optic_lobe_intrinsic
720575940625803336,central,unknown
720575940623509577,central,unknown
720575940631406667,sensory,mechanosensory
720575940623444044,optic,optic_lobe_intrinsic
720575940624394317,central,unknown
720575940628883535,descending,unknown
720575940628654159,central,unknown
720575940631275601,central,unknown
720575940618987600,central,unknown
720575940631603281,central,ALLN
720575940618201173,central,unknown
720575940626229337,descending,unknown
720575940620626011,central,unknown
720575940619708507,central,unknown
720575940620593243,central,unknown
720575940607092828,visual_projection,unknown
720575940634617952,descending,unknown
720575940622166115,optic,optic_lobe_intrinsic
720575940622592099,central,ALLN
720575940628818023,sensory,mechanosensory
720575940630554728,sensory,mechanosensory
720575940616169578,central,ALLN
720575940614367338,central,unknown
720575940611844210,central,unknown
720575940638124147,sensory,mechanosensory
720575940634028151,central,unknown
720575940610173048,descending,unknown
720575940627277950,sensory,mechanosensory
720575940620888191,sensory,mechanosensory
720575940625737859,central,unknown
720575940645824644,sensory,mechanosensory
720575940648708228,central,unknown
720575940646676612,central,unknown
720575940637534349,optic,optic_lobe_intrinsic
720575940634126478,central,unknown
720575940613875858,sensory,olfactory
720575940622657684,central,unknown
720575940612761750,central,unknown
720575940614432918,central,unknown
720575940617873566,sensory,mechanosensory
720575940632815780,central,unknown
720575940626327720,sensory,mechanosensory
720575940611516586,central,unknown
720575940618725547,central,unknown
720575940602964140,central,unknown
720575940631963821,sensory,unknown_sensory
720575940635863214,central,unknown
720575940605552818,central,unknown
720575940606011570,optic,optic_lobe_intrinsic
720575940612434099,optic,optic_lobe_intrinsic
720575940625049781,visual_centrifugal,unknown
720575940626000056,visual_centrifugal,unknown
720575940614596795,sensory,mechanosensory
720575940633307327,central,unknown
720575940619446465,central,unknown
720575940628326594,sensory,mechanosensory
720575940623739076,central,ALPN
720575940618660043,central,ALPN
720575940639172816,visual_projection,unknown
720575940608960722,descending,unknown
720575940610468050,central,unknown
720575940623378646,central,unknown
720575940617677016,central,unknown
720575940620691672,central,unknown
720575940615219417,descending,unknown
720575940604340448,sensory,mechanosensory
720575940604569824,central,unknown
720575940632652002,central,unknown
720575940613646565,central,unknown
720575940621838571,central,unknown
720575940620134638,central,unknown
720575940651198710,central,unknown
720575940651231478,central,unknown
720575940629702905,central,unknown
720575940623902973,optic,optic_lobe_intrinsic
720575940615481598,visual_centrifugal,unknown
720575940626557186,central,unknown
720575940624394498,descending,unknown
720575940628162832,central,unknown
720575940626753809,sensory,mechanosensory
720575940630915346,sensory,mechanosensory
720575940627605779,central,ALLN
720575940621347092,central,unknown
720575940626032917,central,unknown
720575940644022551,descending,unknown
720575940622559512,central,unknown
720575940647102755,optic,optic_lobe_intrinsic
720575940623706405,descending,unknown
720575940622756134,central,unknown
720575940627999019,central,unknown
720575940630980909,central,unknown
720575940611189038,visual_centrifugal,unknown
720575940630817071,visual_centrifugal,unknown
720575940631111983,central,unknown
720575940631931183,sensory,olfactory
720575940645497140,central,unknown
720575940632029496,central,unknown
720575940616071483,central,unknown
720575940628785468,central,unknown
720575940625279294,sensory,mechanosensory
720575940627081534,central,unknown
720575940615809349,sensory,mechanosensory
720575940616497477,central,unknown
720575940624197961,central,unknown
720575940622690633,central,unknown
720575940632160593,central,LHLN
720575940618627412,central,unknown
720575940628392279,central,unknown
720575940637501784,descending,unknown
720575940625738073,central,unknown
720575940637665626,central,unknown
720575940621183326,sensory,mechanosensory
720575940635175263,descending,unknown
720575940620691811,sensory,mechanosensory
720575940623968612,descending,unknown
720575940635634021,central,unknown
720575940629014887,central,unknown
720575940631308648,optic,optic_lobe_intrinsic
720575940634552683,central,unknown
720575940630686060,central,ALPN
720575940631538028,central,ALON
720575940634061167,central,unknown
720575940613941618,central,unknown
720575940611811704,central,unknown
720575940648839545,central,unknown
720575940659063169,ascending,AN
720575940606929282,central,unknown
720575940624296328,central,unknown
720575940622920074,central,ALLN
720575940616071563,central,unknown
720575940621674890,optic,optic_lobe_intrinsic
720575940612958614,optic,optic_lobe_intrinsic
720575940626098584,central,unknown
720575940628031896,central,unknown
720575940630161819,optic,optic_lobe_intrinsic
720575940640844195,central,unknown
720575940628687272,optic,optic_lobe_intrinsic
720575940619938217,sensory,mechanosensory
720575940621642155,central,unknown
720575940605913516,optic,optic_lobe_intrinsic
720575940604930481,descending,unknown
720575940623804853,central,unknown
720575940623542712,central,unknown
720575940615645625,central,unknown
720575940624918972,central,unknown
720575940639205821,ascending,AN
720575940605487550,visual_projection,unknown
720575940634388927,central,unknown
720575940621773249,central,unknown
720575940629244357,central,unknown
720575940643039688,central,unknown
720575940611385806,central,unknown
720575940609124814,central,unknown
720575940629211607,sensory,gustatory
720575940616661465,central,unknown
720575940623673821,central,unknown
720575940638616030,central,unknown
720575940614564319,central,unknown
720575940633733601,sensory,gustatory
720575940634257890,central,unknown
720575940611385829,sensory,mechanosensory
720575940624263655,central,unknown
720575940610861554,central,unknown
720575940642449909,descending,unknown
720575940639107573,central,unknown
720575940633504248,central,unknown
720575940635044344,ascending,AN
720575940628916730,central,unknown
720575940629146107,central,unknown
720575940626557436,sensory,mechanosensory
720575940623837693,sensory,mechanosensory
720575940626360828,optic,optic_lobe_intrinsic
720575940635437560,central,unknown
720575940629015040,ascending,AN
720575940627311106,central,unknown
720575940626557442,descending,unknown
720575940626360836,sensory,mechanosensory
720575940620036613,optic,optic_lobe_intrinsic
720575940625607178,sensory,mechanosensory
720575940616595980,optic,optic_lobe_intrinsic
720575940623149581,central,unknown
720575940629768722,central,unknown
720575940620298772,descending,unknown
720575940628130325,central,unknown
720575940643793431,central,unknown
720575940633143833,sensory,gustatory
720575940616301083,central,unknown
720575940616268317,central,unknown
720575940626524702,descending,unknown
720575940605291040,sensory,mechanosensory
720575940621314593,sensory,mechanosensory
720575940617415202,optic,optic_lobe_intrinsic
720575940643826212,central,unknown
720575940645693988,visual_centrifugal,unknown
720575940624394790,central,unknown
720575940624951847,central,unknown
720575940613843506,central,unknown
720575940647037492,central,unknown
720575940627704375,sensory,mechanosensory
720575940629539383,optic,optic_lobe_intrinsic
720575940629473847,central,unknown
720575940630161980,central,unknown
720575940627999292,central,unknown
720575940625410622,central,unknown
720575940638091839,central,unknown
720575940638288447,central,ALPN
720575940619676224,central,DAN
720575940636289599,central,unknown
720575940611091012,central,unknown
720575940637469254,central,ALPN
720575940627704392,central,unknown
720575940638419534,sensory,gustatory
720575940631898705,central,unknown
720575940631177809,central,unknown
720575940618332757,central,unknown
720575940616202838,central,unknown
720575940620593749,optic,optic_lobe_intrinsic
720575940639599192,sensory,mechanosensory
720575940625148505,sensory,mechanosensory
720575940626229849,central,unknown
720575940618267227,visual_projection,unknown
720575940609387100,central,unknown
720575940608305756,optic,optic_lobe_intrinsic
720575940625082969,central,unknown
720575940633471584,central,unknown
720575940618758753,central,unknown
720575940611713634,central,unknown
720575940626295396,descending,unknown
720575940634126949,central,unknown
720575940631997032,central,unknown
720575940631341672,central,unknown
720575940631374440,central,unknown
720575940611549810,central,unknown
720575940611746418,central,unknown
720575940623444604,central,unknown
720575940625934973,visual_projection,unknown
720575940641237632,descending,unknown
720575940639468160,ascending,AN
720575940658702977,central,unknown
720575940626524805,sensory,mechanosensory
720575940621642376,sensory,mechanosensory
720575940623084170,central,unknown
720575940625050256,central,unknown
720575940615285393,sensory,mechanosensory
720575940614105746,central,unknown
720575940614892182,central,MBON
720575940634782359,descending,unknown
720575940626492059,central,LHLN
720575940637469347,central,unknown
720575940633537188,optic,optic_lobe_intrinsic
720575940619807397,central,ALPN
720575940615613095,central,unknown
720575940604504748,central,unknown
720575940633995949,central,unknown
720575940636879534,descending,unknown
720575940631046829,central,unknown
720575940620593840,sensory,mechanosensory
720575940624427704,central,unknown
720575940614597307,sensory,mechanosensory
720575940639206077,central,unknown
720575940606765758,central,unknown
720575940634094271,central,unknown
720575940629998277,central,unknown
720575940627835591,sensory,mechanosensory
720575940606536393,sensory,mechanosensory
720575940618889931,sensory,mechanosensory
720575940618267339,sensory,mechanosensory
720575940611549902,central,unknown
720575940611451598,central,unknown
720575940611648209,central,unknown
720575940610075346,central,unknown
720575940632816339,sensory,mechanosensory
720575940611812050,central,unknown
720575940622330582,visual_projection,unknown
720575940629768919,central,unknown
720575940639599323,central,unknown
720575940630358748,central,LHCENT
720575940614433503,sensory,mechanosensory
720575940634290913,visual_centrifugal,unknown
720575940612434661,central,unknown
720575940611943141,optic,optic_lobe_intrinsic
720575940624231143,central,unknown
720575940623805159,sensory,mechanosensory
720575940611123954,visual_projection,unknown
720575940638681845,sensory,mechanosensory
720575940631505659,central,unknown
720575940622658301,sensory,mechanosensory
720575940622297855,sensory,mechanosensory
720575940626983684,central,unknown
720575940626656010,central,unknown
720575940626295562,central,unknown
720575940614400780,central,unknown
720575940622920461,central,unknown
720575940622658317,central,unknown
720575940621511441,optic,optic_lobe_intrinsic
720575940626066197,sensory,mechanosensory
720575940627737365,central,ALLN
720575940623051544,central,unknown
720575940618726171,central,unknown
720575940604865312,ascending,AN
720575940645497635,sensory,mechanosensory
720575940644612900,optic,optic_lobe_intrinsic
720575940624362277,central,unknown
720575940625672997,central,unknown
720575940622887721,optic,optic_lobe_intrinsic
720575940629539628,central,unknown
720575940625345328,central,unknown
720575940625181488,central,unknown
720575940619414321,central,unknown
720575940627868471,sensory,mechanosensory
720575940632030008,central,unknown
720575940632783673,optic,optic_lobe_intrinsic
720575940629211960,central,unknown
720575940628622140,central,unknown
720575940620888897,central,unknown
720575940629670723,ascending,AN
720575940610698052,central,unknown
720575940618398533,descending,unknown
720575940638714694,central,unknown
720575940631407427,central,unknown
720575940638223174,central,unknown
720575940623543117,descending,unknown
720575940638190414,sensory,mechanosensory
720575940618234704,visual_projection,unknown
720575940615875412,central,unknown
720575940617087828,central,unknown
720575940617349974,optic,optic_lobe_intrinsic
720575940638813016,sensory,gustatory
720575940618234715,visual_projection,unknown
720575940620594014,optic,optic_lobe_intrinsic
720575940635175776,central,unknown
720575940634323808,visual_projection,unknown
720575940609944418,central,unknown
720575940626787172,central,unknown
720575940634291045,sensory,mechanosensory
720575940606667622,central,unknown
720575940635634533,ascending,AN
720575940604930918,central,unknown
720575940637535077,central,unknown
720575940628818791,optic,optic_lobe_intrinsic
720575940631341928,central,unknown
720575940612074353,central,unknown
720575940630817658,optic,optic_lobe_intrinsic
720575940625836925,sensory,mechanosensory
720575940628589438,sensory,mechanosensory
720575940629769086,central,unknown
720575940621904767,optic,optic_lobe_intrinsic
720575940622461823,visual_projection,unknown
720575940616858501,ascending,AN
720575940620135303,central,unknown
720575940617448331,descending,unknown
720575940629965708,descending,unknown
720575940632095628,central,unknown
720575940635962254,sensory,mechanosensory
720575940626393999,central,unknown
720575940634553230,central,unknown
720575940617546641,visual_centrifugal,unknown
720575940637436814,central,unknown
720575940623281043,sensory,mechanosensory
720575940624788372,central,unknown
720575940623772564,central,unknown
720575940614138783,sensory,mechanosensory
720575940613286818,central,unknown
720575940618824613,central,unknown
720575940621970342,optic,optic_lobe_intrinsic
720575940612598695,central,unknown
720575940621446057,central,unknown
720575940619479979,sensory,mechanosensory
720575940603620268,central,unknown
720575940619840427,central,unknown
720575940615023535,descending,unknown
720575940620921776,sensory,mechanosensory
720575940622363574,visual_centrifugal,unknown
720575940622396343,sensory,mechanosensory
720575940619676598,descending,unknown
720575940617120697,central,unknown
720575940629900226,central,unknown
720575940608076739,descending,unknown
720575940622363588,central,unknown
720575940610501571,central,unknown
720575940615941062,central,unknown
720575940625705930,central,unknown
720575940609321938,central,unknown
720575940632062931,central,unknown
720575940633373651,central,unknown
720575940615613396,central,unknown
720575940607749077,central,unknown
720575940621577174,central,unknown
720575940622166998,central,unknown
720575940634061779,visual_projection,unknown
720575940628261852,central,unknown
720575940602506208,sensory,mechanosensory
720575940631735265,central,unknown
720575940604341216,central,unknown
720575940636945380,central,unknown
720575940612041701,central,unknown
720575940625345511,descending,unknown
720575940623969259,optic,optic_lobe_intrinsic
720575940625673196,descending,unknown
720575940611156978,central,unknown
720575940625279987,optic,optic_lobe_intrinsic
720575940642352117,sensory,mechanosensory
720575940631342073,descending,unknown
720575940629736443,sensory,mechanosensory
720575940627704828,sensory,mechanosensory
720575940614204414,central,unknown
720575940617186305,central,unknown
720575940626394114,ascending,AN
720575940628917251,central,unknown
720575940624067592,optic,optic_lobe_intrinsic
720575940609813513,central,unknown
720575940627868682,central,unknown
720575940614597644,sensory,mechanosensory
720575940626099214,central,unknown
720575940628884496,descending,unknown
720575940627180561,central,unknown
720575940627442707,optic,optic_lobe_intrinsic
720575940645989399,central,unknown
720575940621511704,central,mAL
720575940633340953,central,unknown
720575940621511706,central,unknown
720575940616137755,central,unknown
720575940632325145,central,unknown
720575940618005531,central,unknown
720575940626033694,central,unknown
720575940632161311,descending,unknown
720575940618103835,optic,optic_lobe_intrinsic
720575940606635040,optic,optic_lobe_intrinsic
720575940621380646,central,unknown
720575940623871015,ascending,AN
720575940623313961,sensory,mechanosensory
720575940626557995,sensory,mechanosensory
720575940625345584,descending,unknown
720575940615023667,optic,optic_lobe_intrinsic
720575940615941179,central,unknown
720575940629703740,visual_projection,unknown
720575940638583869,central,ALPN
720575940627016766,central,unknown
720575940625050686,central,unknown
720575940630064195,central,unknown
720575940609289284,sensory,mechanosensory
720575940638092366,sensory,mechanosensory
720575940628393042,central,unknown
720575940619349077,central,unknown
720575940616039510,central,unknown
720575940629376087,sensory,mechanosensory
720575940629146711,sensory,gustatory
720575940626197593,central,unknown
720575940631899223,central,ALLN
720575940620627035,central,unknown
720575940626721881,visual_projection,unknown
720575940608732252,optic,optic_lobe_intrinsic
720575940629081175,central,unknown
720575940634356831,central,unknown
720575940610501730,central,unknown
720575940610272354,visual_projection,unknown
720575940635733093,central,unknown
720575940627803241,central,unknown
720575940633013355,visual_projection,unknown
720575940629965932,ascending,AN
720575940620201069,central,unknown
720575940633701487,ascending,AN
720575940640779379,central,unknown
720575940626885757,central,unknown
720575940620004479,central,unknown
720575940626328707,descending,unknown
720575940631866508,sensory,mechanosensory
720575940635831438,central,unknown
720575940626295951,sensory,mechanosensory
720575940637633678,central,unknown
720575940613254290,central,unknown
720575940615941270,sensory,mechanosensory
720575940628098203,central,unknown
720575940633996444,central,unknown
720575940635372700,visual_centrifugal,unknown
720575940619218078,sensory,mechanosensory
720575940616793246,central,unknown
720575940615220383,optic,optic_lobe_intrinsic
720575940655000737,visual_projection,unknown
720575940655983777,optic,optic_lobe_intrinsic
720575940629900443,optic,optic_lobe_intrinsic
720575940621446309,central,unknown
720575940621970598,optic,optic_lobe_intrinsic
720575940621413541,optic,optic_lobe_intrinsic
720575940622199977,sensory,mechanosensory
720575940611812527,central,unknown
720575940605488305,central,unknown
720575940635733172,central,unknown
720575940621282486,central,unknown
720575940624755896,optic,optic_lobe_intrinsic
720575940620037312,central,unknown
720575940614433990,sensory,mechanosensory
720575940625050826,sensory,olfactory
720575940631735500,central,unknown
720575940620758221,central,unknown
720575940612533454,central,unknown
720575940630326479,central,unknown
720575940613221585,central,unknown
720575940611550418,optic,optic_lobe_intrinsic
720575940633308371,central,unknown
720575940616793300,sensory,mechanosensory
720575940608765141,central,unknown
720575940620135645,descending,unknown
720575940614499551,optic,optic_lobe_intrinsic
720575940617612518,central,unknown
720575940623871207,central,unknown
720575940627639528,central,unknown
720575940615744742,central,unknown
720575940623183083,sensory,gustatory
720575940625083628,optic,optic_lobe_intrinsic
720575940611583218,sensory,mechanosensory
720575940611910898,sensory,mechanosensory
720575940620823796,sensory,mechanosensory
720575940639436021,central,unknown
720575940651986166,central,unknown
720575940636454136,descending,unknown
720575940630359290,central,unknown
720575940626263292,central,unknown
720575940623838461,central,unknown
720575940627049731,sensory,mechanosensory
720575940628425990,central,unknown
720575940625018119,central,unknown
720575940624395528,central,unknown
720575940609191177,central,unknown
720575940607651083,sensory,mechanosensory
720575940616989964,visual_centrifugal,unknown
720575940630883599,visual_centrifugal,unknown
720575940629736720,descending,unknown
720575940630654226,central,unknown
720575940626656531,central,unknown
720575940621413652,central,unknown
720575940630981906,central,unknown
720575940612566294,central,unknown
720575940645039383,central,unknown
720575940645989655,central,unknown
720575940620823828,descending,unknown
720575940617809181,descending,unknown
720575940618693917,visual_centrifugal,unknown
720575940623150369,central,unknown
720575940622691622,sensory,mechanosensory
720575940623379750,central,unknown
720575940624231719,central,unknown
720575940612238632,central,unknown
720575940613123368,central,unknown
720575940627737900,central,unknown
720575940625739056,ascending,AN
720575940619349297,central,unknown
720575940615679282,descending,unknown
720575940619545905,central,LHLN
720575940638125365,central,unknown
720575940629474615,central,unknown
720575940631539001,sensory,mechanosensory
720575940632063289,optic,optic_lobe_intrinsic
720575940616695099,central,unknown
720575940630097219,sensory,mechanosensory
720575940626885960,sensory,mechanosensory
720575940624100681,central,unknown
720575940629179722,optic,optic_lobe_intrinsic
720575940625771858,central,unknown
720575940630949203,central,unknown
720575940616858966,central,unknown
720575940624592217,central,unknown
720575940638092634,central,unknown
720575940620528990,sensory,unknown_sensory
720575940620692833,sensory,gustatory
720575940620299617,central,unknown
720575940623478115,central,unknown
720575940627344740,visual_centrifugal,unknown
720575940630097256,optic,optic_lobe_intrinsic
720575940629704041,optic,optic_lobe_intrinsic
720575940631899496,optic,optic_lobe_intrinsic
720575940631113064,central,unknown
720575940635307375,central,unknown
720575940635405679,central,unknown
720575940612205938,central,unknown
720575940640779635,optic,optic_lobe_intrinsic
720575940620332404,sensory,gustatory
720575940619939188,central,unknown
720575940635274615,ascending,AN
720575940626853245,central,unknown
720575940622757247,central,unknown
720575940658539905,sensory,olfactory
720575940607880578,motor,brain_motor_neuron
720575940646088068,central,unknown
720575940618562950,central,unknown
720575940623314312,central,unknown
720575940626886025,central,unknown
720575940625477001,optic,optic_lobe_intrinsic
720575940632128908,central,ALPN
720575940633931150,optic,optic_lobe_intrinsic
720575940615122326,optic,optic_lobe_intrinsic
720575940634717591,visual_projection,unknown
720575940612599193,central,unknown
720575940613582233,optic,optic_lobe_intrinsic
720575940629343643,optic,optic_lobe_intrinsic
720575940617973149,central,unknown
720575940619021726,central,unknown
720575940619087269,central,unknown
720575940628786600,optic,optic_lobe_intrinsic
720575940622200233,sensory,gustatory
720575940611976618,descending,unknown
720575940635176366,sensory,gustatory
720575940612599215,ascending,AN
720575940619644336,ascending,AN
720575940620561840,descending,unknown
720575940605095346,central,unknown
720575940623707575,central,ALPN
720575940615908795,central,unknown
720575940606406078,visual_projection,unknown
720575940620234177,central,ALLN
720575940610239939,visual_projection,unknown
720575940610436547,optic,optic_lobe_intrinsic
720575940630457797,visual_projection,unknown
720575940627836359,sensory,mechanosensory
720575940610665934,sensory,mechanosensory
720575940640714192,central,unknown
720575940619513304,central,unknown
720575940619152856,descending,unknown
720575940630851036,visual_projection,unknown
720575940635995614,sensory,mechanosensory
720575940612992479,central,ALPN
720575940636880350,central,unknown
720575940613254627,central,unknown
720575940620692974,central,unknown
720575940621250030,optic,optic_lobe_intrinsic
720575940620660207,central,unknown
720575940622462452,optic,optic_lobe_intrinsic
720575940630851065,optic,optic_lobe_intrinsic
720575940629310970,central,unknown
720575940629704187,central,unknown
720575940614434302,central,unknown
720575940622953983,sensory,mechanosensory
720575940622626303,central,ALLN
720575940628459011,central,unknown
720575940622298631,sensory,gustatory
720575940626951690,optic,optic_lobe_intrinsic
720575940616826380,descending,unknown
720575940623216141,optic,optic_lobe_intrinsic
720575940616760844,optic,optic_lobe_intrinsic
720575940626886159,optic,optic_lobe_intrinsic
720575940624199182,central,unknown
720575940626099729,central,unknown
720575940629704210,visual_centrifugal,unknown
720575940628295187,optic,optic_lobe_intrinsic
720575940628360723,descending,unknown
720575940619709972,central,unknown
720575940627410451,motor,brain_motor_neuron
720575940642582039,sensory,mechanosensory
720575940623019544,descending,unknown
720575940618497556,central,unknown
720575940626132508,sensory,mechanosensory
720575940614041117,sensory,mechanosensory
720575940603489824,descending,unknown
720575940618464802,central,unknown
720575940644318756,sensory,mechanosensory
720575940645400100,optic,optic_lobe_intrinsic
720575940626132519,central,unknown
720575940613221928,sensory,mechanosensory
720575940623380009,central,unknown
720575940631309866,descending,unknown
720575940628655660,central,unknown
720575940611616302,central,unknown
720575940610076206,central,unknown
720575940631244335,central,unknown
720575940613418547,central,unknown
720575940645301812,sensory,mechanosensory
720575940613025331,central,unknown
720575940637896245,sensory,unknown_sensory
720575940618595894,central,unknown
720575940614041139,central,unknown
720575940629278263,central,unknown
720575940625313338,central,unknown
720575940617416256,central,unknown
720575940611092036,central,unknown
720575940631047751,sensory,mechanosensory
720575940631866951,central,unknown
720575940624756297,central,unknown
720575940623543881,central,ALPN
720575940630654539,sensory,unknown_sensory
720575940623314505,central,unknown
720575940624526925,central,unknown
720575940625116745,optic,optic_lobe_intrinsic
720575940629671499,central,unknown
720575940630490705,central,unknown
720575940633996883,descending,unknown
720575940621119061,descending,unknown
720575940616400470,descending,unknown
720575940628393559,central,unknown
720575940639010392,central,unknown
720575940616203869,central,unknown
720575940633275999,central,unknown
720575940636552805,central,unknown
720575940634979941,central,unknown
720575940632817253,optic,optic_lobe_intrinsic
720575940629704297,ascending,AN
720575940612763242,sensory,mechanosensory
720575940630589036,central,unknown
720575940645367406,optic,optic_lobe_intrinsic
720575940610895474,endocrine,pars_lateralis
720575940635995767,central,unknown
720575940622790271,central,unknown
720575940625182341,descending,unknown
720575940622102154,central,unknown
720575940616433291,optic,optic_lobe_intrinsic
720575940640321165,optic,optic_lobe_intrinsic
720575940616957585,central,unknown
720575940622397075,sensory,mechanosensory
720575940623314580,sensory,mechanosensory
720575940624068244,sensory,mechanosensory
720575940622462612,central,unknown
720575940623249043,central,unknown
720575940632587932,central,unknown
720575940643794592,central,unknown
720575940655165089,optic,optic_lobe_intrinsic
720575940638682787,sensory,gustatory
720575940614631079,visual_projection,unknown
720575940628885160,descending,unknown
720575940622495401,central,unknown
720575940604407468,central,ALPN
720575940631572141,sensory,unknown_sensory
720575940635963054,central,unknown
720575940613877423,central,unknown
720575940604898988,central,unknown
720575940612337331,central,unknown
720575940625051319,central,unknown
720575940623183544,optic,optic_lobe_intrinsic
720575940607553219,central,unknown
720575940630425285,sensory,mechanosensory
720575940630195909,sensory,gustatory
720575940606111433,central,unknown
720575940625477322,central,unknown
720575940633571020,central,unknown
720575940623118029,ascending,AN
720575940622266061,central,unknown
720575940639043280,sensory,gustatory
720575940640681680,motor,brain_motor_neuron
720575940613353169,central,unknown
720575940610928338,central,unknown
720575940608241365,central,ALLN
720575940629212887,central,unknown
720575940642549467,descending,unknown
720575940617678566,central,unknown
720575940628590312,central,unknown
720575940626919144,central,unknown
720575940624625388,central,unknown
720575940610207474,central,unknown
720575940611157746,central,unknown
720575940642025205,central,unknown
720575940631441145,central,unknown
720575940629081849,central,unknown
720575940621512445,ascending,AN
720575940616892161,central,unknown
720575940624461576,ascending,AN
720575940608601865,central,unknown
720575940629901074,optic,optic_lobe_intrinsic
720575940612599574,central,unknown
720575940624920348,sensory,mechanosensory
720575940604210976,sensory,mechanosensory
720575940606242592,optic,optic_lobe_intrinsic
720575940617252642,central,unknown
720575940642975524,optic,optic_lobe_intrinsic
720575940625149733,central,unknown
720575940612534056,sensory,mechanosensory
720575940624428848,sensory,mechanosensory
720575940625870640,descending,unknown
720575940613222195,central,unknown
720575940645760820,sensory,mechanosensory
720575940638256949,sensory,mechanosensory
720575940616564534,central,unknown
720575940619546422,visual_centrifugal,unknown
720575940639928117,optic,optic_lobe_intrinsic
720575940638551860,optic,optic_lobe_intrinsic
720575940615155507,central,unknown
720575940628295482,visual_projection,unknown
720575940637372221,sensory,mechanosensory
720575940640616253,central,unknown
720575940638125887,central,unknown
720575940620201793,central,unknown
720575940632588099,central,unknown
720575940631801671,central,ALPN
720575940628787016,central,unknown
720575940626001746,sensory,mechanosensory
720575940627410770,central,unknown
720575940616466260,central,unknown
720575940616597334,descending,unknown
720575940631670615,central,unknown
720575940640747352,descending,unknown
720575940639043418,central,unknown
720575940620627803,central,unknown
720575940638060378,optic,optic_lobe_intrinsic
720575940616662877,central,unknown
720575940615810909,optic,optic_lobe_intrinsic
720575940609486690,sensory,mechanosensory
720575940610797410,sensory,mechanosensory
720575940631244648,ascending,AN
720575940629704553,central,unknown
720575940634619759,sensory,mechanosensory
720575940636651376,descending,unknown
720575940620988276,central,unknown
720575940629671802,central,unknown
720575940618366843,central,unknown
720575940623413116,central,unknown
720575940622266236,central,unknown
720575940625084291,central,unknown
720575940621119367,central,unknown
720575940622004106,central,unknown
720575940637142926,optic,optic_lobe_intrinsic
720575940644745120,central,unknown
720575940614238114,central,ALPN
720575940621447077,central,unknown
720575940620070827,central,unknown
720575940605161388,sensory,unknown_sensory
720575940630949805,central,unknown
720575940620103595,central,unknown
720575940613943215,central,unknown
720575940603817900,visual_projection,unknown
720575940604276652,ascending,AN
720575940606865330,central,unknown
720575940606603186,ascending,AN
720575940625641402,descending,unknown
720575940627181498,central,unknown
720575940623085500,central,unknown
720575940603719614,central,unknown
720575940632620991,descending,unknown
720575940607881152,sensory,mechanosensory
720575940606308286,central,unknown
720575940642910152,central,unknown
720575940625117130,central,unknown
720575940613353425,central,unknown
720575940615352273,optic,optic_lobe_intrinsic
720575940634062803,visual_projection,unknown
720575940609388501,optic,optic_lobe_intrinsic
720575940616957913,sensory,mechanosensory
720575940639993819,central,unknown
720575940631408604,visual_projection,unknown
720575940616859622,sensory,mechanosensory
720575940623675367,central,mAL
720575940626624488,central,unknown
720575940622331882,central,ALPN
720575940622168052,motor,brain_motor_neuron
720575940640944117,central,unknown
720575940633243640,central,unknown
720575940627410944,central,unknown
720575940628164612,motor,brain_motor_neuron
720575940609847307,optic,optic_lobe_intrinsic
720575940630229007,sensory,gustatory
720575940628197392,visual_centrifugal,unknown
720575940620300308,descending,unknown
720575940612796438,central,unknown
720575940622168088,central,unknown
720575940621185050,central,ALPN
720575940622102554,central,unknown
720575940627312668,central,unknown
720575940618956829,central,unknown
720575940627083294,central,unknown
720575940618039330,optic,optic_lobe_intrinsic
720575940647366691,central,unknown
720575940623609895,central,unknown
720575940624199721,central,unknown
720575940646449204,sensory,mechanosensory
720575940644941876,central,unknown
720575940628557879,sensory,mechanosensory
720575940631703608,central,unknown
720575940636880959,central,unknown
720575940630097987,central,unknown
720575940636356678,sensory,mechanosensory
720575940636684358,central,unknown
720575940626690120,sensory,mechanosensory
720575940640092238,optic,optic_lobe_intrinsic
720575940628983887,central,unknown
720575940617613392,sensory,mechanosensory
720575940625477721,visual_projection,unknown
720575940626755673,central,unknown
720575940616564829,central,unknown
720575940621021278,descending,unknown
720575940622921827,central,unknown
720575940603195494,central,unknown
720575940632817768,central,unknown
720575940628590697,central,unknown
720575940634357867,central,unknown
720575940643795054,sensory,mechanosensory
720575940637569139,central,unknown
720575940637667443,descending,unknown
720575940613943413,central,unknown
720575940650119289,motor,brain_motor_neuron
720575940619415679,central,unknown
720575940641173632,descending,unknown
720575940660211841,ascending,AN
720575940608176258,central,unknown
720575940626591875,central,unknown
720575940626034819,central,ALPN
720575940627083397,central,unknown
720575940621545606,central,unknown
720575940620759174,optic,optic_lobe_intrinsic
720575940622299272,sensory,mechanosensory
720575940626854025,central,unknown
720575940622594186,descending,unknown
720575940616040587,sensory,mechanosensory
720575940616597643,central,unknown
720575940637208718,central,ALPN
720575940613386386,optic,optic_lobe_intrinsic
720575940623806611,optic,optic_lobe_intrinsic
720575940624101524,central,unknown
720575940624789652,ascending,AN
720575940624134296,central,unknown
720575940613189785,central,unknown
720575940633964700,sensory,mechanosensory
720575940617318557,central,unknown
720575940642910368,central,unknown
720575940654117025,central,unknown
720575940653723809,central,unknown
720575940615680162,optic,optic_lobe_intrinsic
720575940620497062,central,unknown
720575940614172839,central,unknown
720575940614467751,central,unknown
720575940620005542,central,unknown
720575940604735660,central,unknown
720575940605948076,central,unknown
720575940612698287,descending,unknown
720575940606636210,central,unknown
720575940624167093,sensory,mechanosensory
720575940624003255,central,unknown
720575940624527548,sensory,mechanosensory
720575940624986300,descending,unknown
720575940637896893,descending,unknown
720575940605423806,central,unknown
720575940620267713,sensory,mechanosensory
720575940629377218,central,unknown
720575940642943176,central,unknown
720575940607619273,central,unknown
720575940627149002,central,unknown
720575940609913042,sensory,gustatory
720575940611059922,optic,optic_lobe_intrinsic
720575940618727640,central,unknown
720575940617089241,central,unknown
720575940611682522,central,unknown
720575940612206810,descending,unknown
720575940631146716,visual_projection,unknown
720575940614336739,sensory,mechanosensory
720575940612403427,central,unknown
720575940610404581,central,unknown
720575940612042981,central,ALLN
720575940623020263,central,unknown
720575940612403437,optic,optic_lobe_intrinsic
720575940618760432,sensory,mechanosensory
720575940613058802,central,ALPN
720575940623511795,sensory,mechanosensory
720575940651593974,central,unknown
720575940628951287,sensory,mechanosensory
720575940630720763,central,unknown
720575940626985219,central,unknown
720575940624986375,central,unknown
720575940625445130,optic,optic_lobe_intrinsic
720575940625740042,visual_centrifugal,unknown
720575940632490255,central,unknown
720575940627542291,optic,optic_lobe_intrinsic
720575940644090135,central,unknown
720575940627443996,central,unknown
720575940625281308,central,unknown
720575940620038433,central,mAL
720575940644909347,central,unknown
720575940624986407,central,unknown
720575940622823719,central,unknown
720575940629868843,optic,optic_lobe_intrinsic
720575940627378476,central,unknown
720575940629541164,central,unknown
720575940610208046,sensory,mechanosensory
720575940627542316,descending,unknown
720575940630622509,central,unknown
720575940615778610,central,unknown
720575940647006516,central,mAL
720575940616335675,sensory,mechanosensory
720575940637471039,central,unknown
720575940613812546,central,unknown
720575940630098243,sensory,mechanosensory
720575940624331082,optic,optic_lobe_intrinsic
720575940632424779,central,unknown
720575940637700430,central,unknown
720575940618727760,optic,optic_lobe_intrinsic
720575940629377367,sensory,mechanosensory
720575940626952537,central,unknown
720575940634161504,sensory,mechanosensory
720575940610077026,central,unknown
720575940631343464,central,unknown
720575940615942506,central,unknown
720575940633014635,central,unknown
720575940630458732,sensory,mechanosensory
720575940638716275,sensory,mechanosensory
720575940616466805,central,unknown
720575940630753662,central,unknown
720575940621939071,central,ALIN
720575940629639550,central,unknown
720575940658442625,sensory,gustatory
720575940645466500,sensory,mechanosensory
720575940620169607,descending,unknown
720575940631081356,sensory,mechanosensory
720575940633178508,descending,unknown
720575940627739023,central,unknown
720575940625871248,sensory,mechanosensory
720575940624724368,central,unknown
720575940627902863,optic,optic_lobe_intrinsic
720575940624691600,central,unknown
720575940635701655,descending,unknown
720575940628033944,central,unknown
720575940633735575,central,unknown
720575940615582111,central,unknown
720575940655690145,optic,optic_lobe_intrinsic
720575940614107554,descending,unknown
720575940614238631,central,unknown
720575940626887080,central,unknown
720575940628492712,central,unknown
720575940634948014,central,unknown
720575940620661168,central,LHCENT
720575940620431798,central,unknown
720575940620300737,central,unknown
720575940629574082,central,unknown
720575940607881667,sensory,mechanosensory
720575940623512004,optic,optic_lobe_intrinsic
720575940621447629,sensory,mechanosensory
720575940640420304,sensory,mechanosensory
720575940611813842,descending,unknown
720575940617023956,central,unknown
720575940615254489,central,unknown
720575940611420634,central,unknown
720575940640649691,sensory,gustatory
720575940616401375,visual_centrifugal,unknown
720575940605489632,optic,optic_lobe_intrinsic
720575940612043235,optic,optic_lobe_intrinsic
720575940637929956,central,unknown
720575940615778790,central,unknown
720575940624724458,sensory,unknown_sensory
720575940624626154,central,unknown
720575940620956144,central,ALPN
720575940627640817,ascending,AN
720575940613419506,central,unknown
720575940622332403,descending,unknown
720575940628853239,sensory,gustatory
720575940630917623,central,unknown
720575940628034044,central,unknown
720575940620694015,central,unknown
720575940627116547,central,unknown
720575940624003592,optic,optic_lobe_intrinsic
720575940609487369,optic,optic_lobe_intrinsic
720575940627444234,central,unknown
720575940619973134,ascending,AN
720575940625838606,optic,optic_lobe_intrinsic
720575940630131218,central,unknown
720575940625642012,central,unknown
720575940627706398,visual_centrifugal,unknown
720575940617613858,central,unknown
720575940645728803,sensory,mechanosensory
720575940644057635,sensory,mechanosensory
720575940643795492,central,unknown
720575940621906470,sensory,mechanosensory
720575940621972009,central,unknown
720575940629508652,central,ALLN
720575940633801261,visual_projection,unknown
720575940631048749,optic,optic_lobe_intrinsic
720575940633145903,central,CX
720575940625871408,central,unknown
720575940613255731,sensory,mechanosensory
720575940646056500,central,unknown
720575940645958196,central,unknown
720575940617974326,optic,optic_lobe_intrinsic
720575940631179831,central,unknown
720575940625740346,central,unknown
720575940616401467,descending,unknown
720575940623938125,sensory,mechanosensory
720575940632752723,central,unknown
720575940617384532,central,unknown
720575940632818259,optic,optic_lobe_intrinsic
720575940615811670,central,unknown
720575940631933527,central,unknown
720575940639994456,central,unknown
720575940621283931,optic,optic_lobe_intrinsic
720575940634849888,optic,optic_lobe_intrinsic
720575940610208354,central,unknown
720575940622234211,sensory,mechanosensory
720575940625871460,sensory,mechanosensory
720575940631868005,optic,optic_lobe_intrinsic
720575940603720294,central,unknown
720575940631999080,motor,brain_motor_neuron
720575940614140522,central,unknown
720575940628722284,central,unknown
720575940643467886,central,unknown
720575940629508726,central,unknown
720575940634718839,central,unknown
720575940620038779,descending,unknown
720575940659131009,sensory,mechanosensory
720575940659098241,central,unknown
720575940626592387,central,unknown
720575940645532292,central,ALPN
720575940627182217,central,unknown
720575940631147148,sensory,gustatory
720575940641305229,descending,unknown
720575940626002575,central,unknown
720575940634096279,central,unknown
720575940627608216,central,unknown
720575940625478296,central,unknown
720575940632720026,central,ALPN
720575940619678366,descending,unknown
720575940615484063,central,unknown
720575940640748195,sensory,mechanosensory
720575940620595883,descending,unknown
720575940606046892,central,unknown
720575940630983341,central,unknown
720575940636553902,central,unknown
720575940613419695,central,ALPN
720575940634030765,central,unknown
720575940623053493,central,unknown
720575940627247802,visual_centrifugal,unknown
720575940607947456,sensory,mechanosensory
720575940629672642,central,unknown
720575940624528068,central,unknown
720575940622791364,central,unknown
720575940614566598,central,unknown
720575940614009542,central,unknown
720575940643041992,central,unknown
720575940628591303,optic,optic_lobe_intrinsic
720575940615385798,descending,unknown
720575940613124817,central,unknown
720575940621251286,optic,optic_lobe_intrinsic
720575940616631001,sensory,mechanosensory
720575940615385823,ascending,AN
720575940633473761,optic,optic_lobe_intrinsic
720575940632228578,optic,optic_lobe_intrinsic
720575940637274852,central,unknown
720575940611715813,central,unknown
720575940628165352,optic,optic_lobe_intrinsic
720575940637635305,central,unknown
720575940611388141,central,unknown
720575940625314547,visual_centrifugal,ocellar
720575940621349620,central,unknown
720575940629017335,central,unknown
720575940634915576,central,unknown
720575940623184637,sensory,mechanosensory
720575940623512317,sensory,mechanosensory
720575940627936003,central,unknown
720575940623938311,central,unknown
720575940627444490,central,unknown
720575940621611800,central,unknown
720575940633277209,central,unknown
720575940632949529,central,unknown
720575940617843483,optic,optic_lobe_intrinsic
720575940618531611,optic,optic_lobe_intrinsic
720575940617745181,central,unknown
720575940623381286,central,unknown
720575940624986919,descending,unknown
720575940622594857,optic,optic_lobe_intrinsic
720575940631049002,sensory,mechanosensory
720575940621546281,central,unknown
720575940627575596,sensory_ascending,unknown_sensory
720575940629312300,descending,unknown
720575940629967663,sensory,mechanosensory
720575940632261423,central,unknown
720575940627116858,sensory,mechanosensory
720575940625642302,descending,unknown
720575940622267201,central,unknown
720575940608799556,central,unknown
720575940631933767,central,unknown
720575940624954185,ascending,AN
720575940625380169,central,unknown
720575940637569870,central,unknown
720575940626527055,descending,unknown
720575940619940693,central,unknown
720575940614468438,sensory,mechanosensory
720575940630066007,central,ALPN
720575940626232153,central,unknown
720575940635767642,central,unknown
720575940637602650,central,ALLN
720575940608471900,central,unknown
720575940607128412,central,unknown
720575940626035556,ascending,AN
720575940623905636,central,unknown
720575940637635429,ascending,AN
720575940631049064,sensory,unknown_sensory
720575940634915691,descending,unknown
720575940635210603,descending,unknown
720575940636029807,descending,unknown
720575940616336245,sensory,mechanosensory
720575940629214070,sensory,mechanosensory
720575940617286517,ascending,AN
720575940622267260,sensory,mechanosensory
720575940626363261,central,unknown
720575940625478525,central,unknown
720575940639339392,sensory,mechanosensory
720575940639634304,descending,unknown
720575940607193986,motor,brain_motor_neuron
720575940621218694,central,unknown
720575940620170119,central,unknown
720575940628132745,descending,unknown
720575940621579155,central,unknown
720575940612993941,central,unknown
720575940614960022,central,unknown
720575940627608472,central,unknown
720575940643074976,central,unknown
720575940640912291,sensory_ascending,unknown_sensory
720575940622037926,descending,unknown
720575940614730663,central,unknown
720575940621218729,sensory,mechanosensory
720575940634751918,central,unknown
720575940619449264,central,unknown
720575940633277364,central,ALLN
720575940615222201,sensory,mechanosensory
720575940615320505,central,unknown
720575940625937340,descending,unknown
720575940637471677,visual_centrifugal,unknown
720575940605424574,sensory,mechanosensory
720575940605064126,central,unknown
720575940606342089,descending,unknown
720575940606866377,descending,unknown
720575940606407625,optic,optic_lobe_intrinsic
720575940632032204,central,unknown
720575940618728395,sensory,olfactory
720575940609291214,central,unknown
720575940630131663,central,ALPN
720575940640715728,optic,optic_lobe_intrinsic
720575940612010961,central,unknown
720575940608766933,central,unknown
720575940618859480,central,unknown
720575940615189465,central,ALPN
720575940640945115,central,unknown
720575940633703393,optic,optic_lobe_intrinsic
720575940614370275,central,unknown
720575940614009827,central,ALPN
720575940623250407,central,unknown
720575940624200679,central,unknown
720575940623676394,central,unknown
720575940619121647,central,unknown
720575940621775856,optic,optic_lobe_intrinsic
720575940612338674,central,unknown
720575940650284022,central,unknown
720575940629017591,central,unknown
720575940634194936,visual_projection,unknown
720575940630098937,central,unknown
720575940614075390,central,unknown
720575940618957825,ascending,AN
720575940624462850,central,unknown
720575940629541891,optic,optic_lobe_intrinsic
720575940606702601,descending,unknown
720575940627444746,sensory,mechanosensory
720575940626789392,central,unknown
720575940631049234,central,unknown
720575940620235796,central,unknown
720575940613747734,central,unknown
720575940612469782,central,unknown
720575940632785951,central,unknown
720575940630492191,central,unknown
720575940617778210,central,unknown
720575940622529574,central,unknown
720575940624987175,central,unknown
720575940613551144,sensory,mechanosensory
720575940629443626,central,unknown
720575940628231211,central,LHLN
720575940627346476,central,unknown
720575940628034603,central,unknown
720575940617024562,central,unknown
720575940637176885,optic,optic_lobe_intrinsic
720575940625642554,central,unknown
720575940637078591,sensory,mechanosensory
720575940639241279,central,unknown
720575940622234689,central,unknown
720575940607685700,central,ALLN
720575940618335301,central,unknown
720575940631966791,sensory,mechanosensory
720575940633211975,central,unknown
720575940621808716,central,unknown
720575940619973712,central,unknown
720575940630787153,sensory,mechanosensory
720575940632360017,central,unknown
720575940630819923,central,unknown
720575940618466384,sensory,gustatory
720575940639601752,sensory,mechanosensory
720575940638684248,central,unknown
720575940640486488,descending,unknown
720575940620039259,central,unknown
720575940626068569,descending,unknown
720575940632556640,central,unknown
720575940619056225,central,unknown
720575940635276384,optic,optic_lobe_intrinsic
720575940634555488,central,unknown
720575940636521573,central,unknown
720575940628493415,central,unknown
720575940614403178,descending,unknown
720575940635210859,descending,unknown
720575940616172650,optic,optic_lobe_intrinsic
720575940611552370,descending,unknown
720575940629804158,central,unknown
720575940629017726,central,unknown
720575940640978048,descending,unknown
720575940639798400,optic,optic_lobe_intrinsic
720575940658640001,central,unknown
720575940621743240,sensory,mechanosensory
720575940627117193,central,unknown
720575940617909387,central,unknown
720575940631082124,sensory,gustatory
720575940631704716,central,ALLN
720575940636685454,central,unknown
720575940636390542,central,unknown
720575940632065164,central,unknown
720575940614763666,central,unknown
720575940612732050,central,unknown
720575940622726292,central,unknown
720575940626166936,central,unknown
720575940610077849,central,unknown
720575940632687770,central,unknown
720575940633965724,sensory,mechanosensory
720575940635047068,ascending,AN
720575940634260636,central,unknown
720575940653167777,central,unknown
720575940614730914,descending,unknown
720575940639274147,central,unknown
720575940618499238,central,ALPN
720575940621218985,sensory,mechanosensory
720575940618532011,central,unknown
720575940606112940,descending,unknown
720575940603032748,central,unknown
720575940619449520,central,unknown
720575940611388595,sensory,unknown_sensory
720575940611519667,central,unknown
720575940625773752,central,unknown
720575940614730939,central,unknown
720575940638291133,central,unknown
720575940638192829,visual_projection,unknown
720575940634424511,optic,optic_lobe_intrinsic
720575940607128771,ascending,AN
720575940641764552,sensory,mechanosensory
720575940632032460,central,unknown
720575940610995410,central,unknown
720575940622136534,central,unknown
720575940618958040,central,unknown
720575940617385176,central,unknown
720575940609979610,central,unknown
720575940637603038,descending,unknown
720575940637209822,central,unknown
720575940631901409,central,unknown
720575940611716325,central,unknown
720575940615779558,central,unknown
720575940623578343,central,unknown
720575940636030185,central,unknown
720575940636357865,central,unknown
720575940624594154,visual_centrifugal,unknown
720575940625839345,central,unknown
720575940612732146,visual_projection,unknown
720575940651758838,central,ALLN
720575940634522872,central,unknown
720575940612338942,sensory,mechanosensory
720575940628264192,central,unknown
720575940631147776,visual_centrifugal,unknown
720575940627936515,central,unknown
720575940621317381,central,unknown
720575940626691334,central,unknown
720575940623971592,sensory,mechanosensory
720575940626658570,central,unknown
720575940622300429,ascending,AN
720575940625052942,central,unknown
720575940632458514,descending,unknown
720575940630099218,central,unknown
720575940619744532,central,unknown
720575940626625813,central,unknown
720575940630983954,central,ALPN
720575940625413395,central,ALPN
720575940618958109,central,unknown
720575940626625822,sensory,mechanosensory
720575940632556831,ascending,AN
720575940621776161,central,ALPN
720575940625970471,visual_projection,bilateral
720575940646122804,central,ALPN
720575940639339829,central,unknown
720575940631147833,sensory,mechanosensory
720575940625741114,sensory,gustatory
720575940636652863,sensory,mechanosensory
720575940613190978,ascending,AN
720575940624201033,central,ALIN
720575940621448524,central,unknown
720575940627969359,central,unknown
720575940633113937,visual_centrifugal,unknown
720575940626134354,central,unknown
720575940627969362,optic,optic_lobe_intrinsic
720575940620989781,optic,optic_lobe_intrinsic
720575940626953561,central,unknown
720575940638848346,optic,optic_lobe_intrinsic
720575940619318619,sensory,olfactory
720575940608144732,central,unknown
720575940616402269,central,unknown
720575940610798946,central,unknown
720575940621776227,sensory,mechanosensory
720575940624528740,central,unknown
720575940634588517,central,unknown
720575940637013349,ascending,AN
720575940628755815,central,unknown
720575940615222634,ascending,AN
720575940634490219,sensory,mechanosensory
720575940635211115,central,unknown
720575940621514093,visual_projection,unknown
720575940644386158,central,unknown
720575940612732273,central,ALLN
720575940612011377,central,unknown
720575940630820218,sensory,mechanosensory
720575940630328698,central,unknown
720575940630590846,optic,optic_lobe_intrinsic
720575940640224640,central,unknown
720575940607915394,optic,optic_lobe_intrinsic
720575940646614404,central,unknown
720575940626986373,optic,optic_lobe_intrinsic
720575940621120903,central,unknown
720575940624463242,central,unknown
720575940617909643,visual_projection,unknown
720575940637046158,visual_centrifugal,ocellar
720575940622529939,sensory,mechanosensory
720575940610012565,central,unknown
720575940613977494,central,unknown
720575940634228124,sensory,mechanosensory
720575940617745821,central,unknown
720575940619908510,central,unknown
720575940617155997,central,unknown
720575940643141024,sensory,mechanosensory
720575940614010274,central,unknown
720575940639831459,central,unknown
720575940640159139,optic,optic_lobe_intrinsic
720575940612273575,central,unknown
720575940627314088,sensory,mechanosensory
720575940605162924,descending,unknown
720575940603622828,central,unknown
720575940634981806,central,unknown
720575940634031533,central,unknown
720575940607522226,optic,optic_lobe_intrinsic
720575940612339123,central,unknown
720575940620957110,sensory,mechanosensory
720575940624004535,central,unknown
720575940625970616,central,unknown
720575940624954808,optic,optic_lobe_intrinsic
720575940625282490,central,unknown
720575940632425919,sensory,gustatory
720575940607948224,sensory,mechanosensory
720575940623119812,central,unknown
720575940631639500,central,unknown
720575940638422480,central,ALLN
720575940609750482,central,unknown
720575940631999955,sensory,mechanosensory
720575940607817173,sensory,mechanosensory
720575940628133335,central,unknown
720575940618401240,optic,optic_lobe_intrinsic
720575940614534623,sensory,mechanosensory
720575940631770593,central,unknown
720575940631999970,sensory,mechanosensory
720575940633179618,central,unknown
720575940622661095,central,unknown
720575940625741287,central,unknown
720575940624889323,optic,optic_lobe_intrinsic
720575940624430572,central,unknown
720575940624299500,optic,optic_lobe_intrinsic
720575940629607921,central,unknown
720575940621088244,central,unknown
720575940640978421,central,unknown
720575940630099445,central,unknown
720575940635112952,central,unknown
720575940623742461,central,unknown
720575940621645309,central,unknown
720575940623218175,central,unknown
720575940630164992,central,unknown
720575940630951424,central,unknown
720575940625053186,central,unknown
720575940628100614,sensory,mechanosensory
720575940622431751,sensory,mechanosensory
720575940624168455,optic,optic_lobe_intrinsic
720575940622726663,central,ALLN
720575940624299534,central,unknown
720575940625839633,central,unknown
720575940632426002,visual_centrifugal,unknown
720575940633212441,central,ALLN
720575940624922140,sensory,mechanosensory
720575940622104097,central,unknown
720575940625118757,central,unknown
720575940624397863,central,unknown
720575940622399015,central,unknown
720575940631705130,descending,unknown
720575940630492714,descending,unknown
720575940628919852,central,unknown
720575940619548209,central,unknown
720575940615255603,central,unknown
720575940626888250,descending,unknown
720575940637701695,sensory,mechanosensory
720575940638094911,descending,unknown
720575940619548225,sensory,mechanosensory
720575940622693961,central,unknown
720575940623971917,central,unknown
720575940628985423,optic,optic_lobe_intrinsic
720575940618008144,central,unknown
720575940630787665,sensory,mechanosensory
720575940632229457,sensory,mechanosensory
720575940624758361,central,unknown
720575940635375200,central,unknown
720575940610209378,central,unknown
720575940609521250,central,unknown
720575940635604581,central,ALPN
720575940626855529,central,unknown
720575940613977706,ascending,AN
720575940636325488,sensory,mechanosensory
720575940631508598,descending,unknown
720575940635735671,central,unknown
720575940610766456,central,unknown
720575940611126904,optic,optic_lobe_intrinsic
720575940610668152,central,unknown
720575940621809276,central,unknown
720575940619679356,central,unknown
720575940630525566,optic,optic_lobe_intrinsic
720575940638586496,sensory,mechanosensory
720575940606736002,sensory,mechanosensory
720575940608145026,descending,unknown
720575940626396803,sensory,unknown_sensory
720575940647073412,optic,optic_lobe_intrinsic
720575940620170887,central,unknown
720575940628264585,descending,unknown
720575940628133513,optic,optic_lobe_intrinsic
720575940633212556,central,unknown
720575940641339021,sensory,mechanosensory
720575940618335889,optic,optic_lobe_intrinsic
720575940622726804,optic,optic_lobe_intrinsic
720575940611225237,descending,unknown
720575940624496280,sensory,mechanosensory
720575940613256863,visual_projection,unknown
720575940613944994,central,unknown
720575940614633122,ascending,AN
720575940619318950,central,unknown
720575940604081836,visual_centrifugal,unknown
720575940604114604,central,unknown
720575940635637422,central,unknown
720575940606015154,central,unknown
720575940622923447,sensory,mechanosensory
720575940623218359,central,unknown
720575940618106553,ascending,AN
720575940627183290,central,unknown
720575940624856762,visual_projection,unknown
720575940627281594,central,unknown
720575940637308605,descending,unknown
720575940616009403,central,unknown
720575940606539454,optic,optic_lobe_intrinsic
720575940629378754,central,unknown
720575940606867145,central,unknown
720575940633179852,visual_centrifugal,unknown
720575940630034127,central,unknown
720575940637210334,central,unknown
720575940613191391,central,unknown
720575940637013726,sensory,olfactory
720575940632557281,optic,optic_lobe_intrinsic
720575940637177572,sensory,mechanosensory
720575940613650149,central,unknown
720575940625020651,optic,optic_lobe_intrinsic
720575940622726896,central,unknown
720575940621088500,central,unknown
720575940620203764,central,unknown
720575940622595828,optic,optic_lobe_intrinsic
720575940635047672,central,unknown
720575940629837563,central,unknown
720575940613584652,ascending,AN
720575940632524559,descending,unknown
720575940629477136,central,unknown
720575940631967506,central,unknown
720575940611061526,sensory,mechanosensory
720575940633999129,central,unknown
720575940622268186,optic,optic_lobe_intrinsic
720575940622235425,central,unknown
720575940617287458,optic,optic_lobe_intrinsic
720575940625413925,optic,optic_lobe_intrinsic
720575940629772074,optic,optic_lobe_intrinsic
720575940632622893,central,unknown
720575940630722351,sensory,mechanosensory
720575940625807152,central,unknown
720575940625872688,descending,unknown
720575940615092019,descending,unknown
720575940637570869,central,unknown
720575940630034231,central,unknown
720575940631082808,descending,unknown
720575940628657975,optic,optic_lobe_intrinsic
720575940637079359,central,unknown
720575940619155264,central,unknown
720575940637243199,central,unknown
720575940622694217,visual_projection,unknown
720575940631344971,ascending,AN
720575940625872717,central,unknown
720575940628133714,optic,optic_lobe_intrinsic
720575940632754003,ascending,AN
720575940626593618,sensory,olfactory
720575940625807193,sensory,mechanosensory
720575940633900896,central,unknown
720575940612306786,ascending,AN
720575940636751717,central,unknown
720575940637472613,central,unknown
720575940614403946,central,unknown
720575940630689644,descending,unknown
720575940637079407,central,unknown
720575940637144944,central,unknown
720575940640683891,optic,optic_lobe_intrinsic
720575940610275192,ascending,AN
720575940630493050,central,unknown
720575940618467195,sensory,mechanosensory
720575940657919873,central,unknown
720575940648646532,visual_centrifugal,unknown
720575940645664644,central,unknown
720575940618729350,central,unknown
720575940626200457,sensory,mechanosensory
720575940623087507,optic,optic_lobe_intrinsic
720575940624496536,central,unknown
720575940618663838,descending,unknown
720575940615583647,central,unknown
720575940615583650,central,unknown
720575940621121446,central,unknown
720575940635932590,central,unknown
720575940607227826,central,unknown
720575940622432181,central,unknown
720575940623579063,central,unknown
720575940615550905,central,unknown
720575940615255993,central,ALPN
720575940604901310,sensory,mechanosensory
720575940604999614,central,unknown
720575940628330434,central,unknown
720575940609423299,central,unknown
720575940642453448,central,unknown
720575940611094478,central,unknown
720575940629936079,central,unknown
720575940629051343,optic,optic_lobe_intrinsic
720575940613748689,descending,unknown
720575940612044750,central,unknown
720575940615124948,central,unknown
720575940612470755,central,unknown
720575940612143075,central,unknown
720575940637341668,descending,unknown
720575940617123814,central,unknown
720575940624791527,central,unknown
720575940622202858,sensory,mechanosensory
720575940618336239,central,unknown
720575940620597232,central,unknown
720575940630657015,central,unknown
720575940635211768,central,unknown
720575940626528252,central,unknown
720575940616861697,central,unknown
720575940628101126,sensory,mechanosensory
720575940608735241,descending,unknown
720575940625184782,descending,unknown
720575940625381397,sensory,mechanosensory
720575940625283093,central,unknown
720575940645369892,optic,optic_lobe_intrinsic
720575940626626597,central,unknown
720575940624529445,central,unknown
720575940643239972,central,unknown
720575940645599268,central,unknown
720575940628592684,sensory,mechanosensory
720575940631312428,visual_projection,unknown
720575940610504750,central,unknown
720575940609488942,descending,unknown
720575940630591532,optic,optic_lobe_intrinsic
720575940632164397,optic,optic_lobe_intrinsic
720575940613257267,central,unknown
720575940637243445,central,unknown
720575940630820919,central,unknown
720575940628428860,central,unknown
720575940635768895,ascending,AN
720575940636686399,central,unknown
720575940609488964,central,unknown
720575940625053773,central,unknown
720575940637702222,visual_projection,unknown
720575940626823247,central,unknown
720575940633770067,optic,optic_lobe_intrinsic
720575940618172509,visual_projection,unknown
720575940632557664,central,unknown
720575940621547619,central,unknown
720575940624758884,sensory,mechanosensory
720575940628592743,central,unknown
720575940631738472,central,unknown
720575940631574636,central,unknown
720575940629149804,optic,optic_lobe_intrinsic
720575940635408496,central,unknown
720575940611291249,central,unknown
720575940617648245,central,unknown
720575940609685624,sensory,mechanosensory
720575940621416572,central,ALLN
720575940619548799,descending,unknown
720575940606900354,central,unknown
720575940646156420,central,unknown
720575940618827910,descending,unknown
720575940637603982,visual_projection,unknown
720575940615944337,visual_centrifugal,unknown
720575940624201876,central,unknown
720575940632361111,sensory,mechanosensory
720575940633639063,central,unknown
720575940610668697,central,unknown
720575940628461723,central,unknown
720575940619024542,descending,unknown
720575940614830239,sensory,gustatory
720575940652611745,visual_projection,unknown
720575940620335269,central,unknown
720575940617943205,central,unknown
720575940626725032,optic,optic_lobe_intrinsic
720575940621547689,central,unknown
720575940621252779,optic,optic_lobe_intrinsic
720575940604737708,descending,unknown
720575940632688813,sensory,mechanosensory
720575940611881139,descending,unknown
720575940635244724,sensory,mechanosensory
720575940623546549,visual_centrifugal,unknown
720575940624890037,optic,optic_lobe_intrinsic
720575940624431288,ascending,AN
720575940624660664,central,unknown
720575940625905848,central,unknown
720575940615715003,descending,unknown
720575940618369209,optic,optic_lobe_intrinsic
720575940624693432,central,unknown
720575940639078589,optic,optic_lobe_intrinsic
720575940629510338,sensory,gustatory
720575940610439363,central,unknown
720575940615420102,central,unknown
720575940627118282,central,unknown
720575940623087821,central,unknown
720575940610472146,descending,unknown
720575940616566996,central,unknown
720575940617353433,central,unknown
720575940612208858,central,unknown
720575940641339611,sensory,gustatory
720575940629936348,motor,brain_motor_neuron
720575940630001884,central,unknown
720575940610832602,optic,optic_lobe_intrinsic
720575940616403167,central,unknown
720575940629117148,optic,optic_lobe_intrinsic
720575940633278689,sensory,mechanosensory
720575940611848419,central,unknown
720575940628822248,central,ALLN
720575940622629098,central,unknown
720575940620859630,descending,unknown
720575940625414387,central,unknown
720575940651694326,central,unknown
720575940629870843,central,unknown
720575940629182716,optic,optic_lobe_intrinsic
720575940617025793,central,unknown
720575940626495746,central,unknown
720575940626692355,central,unknown
720575940623972610,central,unknown
720575940621678855,visual_projection,unknown
720575940622825736,sensory,gustatory
720575940614273292,sensory,gustatory
720575940619254036,central,unknown
720575940628789525,central,unknown
720575940613323030,optic,optic_lobe_intrinsic
720575940622235930,motor,brain_motor_neuron
720575940626856220,visual_projection,unknown
720575940618696989,central,unknown
720575940603885856,central,unknown
720575940622137633,motor,brain_motor_neuron
720575940604836128,central,unknown
720575940643240228,sensory,mechanosensory
720575940645697828,motor,brain_motor_neuron
720575940624988455,central,unknown
720575940615059752,central,unknown
720575940631050538,central,unknown
720575940629477675,descending,unknown
720575940610505006,descending,unknown
720575940640291125,optic,optic_lobe_intrinsic
720575940631017783,central,unknown
720575940630460727,optic,optic_lobe_intrinsic
720575940617845051,optic,optic_lobe_intrinsic
720575940628691260,central,unknown
720575940622235969,central,unknown
720575940616599874,central,unknown
720575940616534338,visual_centrifugal,unknown
720575940609915204,central,unknown
720575940609063236,visual_projection,unknown
720575940617648453,central,unknown
720575940632295751,central,unknown
720575940626430280,central,unknown
720575940628592968,visual_projection,unknown
720575940629412170,descending,unknown
720575940629903691,sensory,mechanosensory
720575940632394059,central,unknown
720575940622760269,descending,unknown
720575940628527439,sensory,unknown_sensory
720575940626626895,visual_projection,unknown
720575940633901395,central,unknown
720575940618795349,sensory,mechanosensory
720575940638259544,sensory,mechanosensory
720575940640880984,central,unknown
720575940624660825,central,unknown
720575940638128474,central,ALLN
720575940620400987,optic,optic_lobe_intrinsic
720575940635179359,central,unknown
720575940633475424,sensory,mechanosensory
720575940619188577,central,unknown
720575940635572576,central,unknown
720575940625119588,visual_centrifugal,unknown
720575940603591014,descending,unknown
720575940627282279,sensory,mechanosensory
720575940606179686,descending,unknown
720575940628494695,central,unknown
720575940635212139,descending,unknown
720575940618762605,descending,unknown
720575940635212143,central,unknown
720575940612077938,central,unknown
720575940630133110,central,unknown
720575940629248374,central,unknown
720575940637243767,optic,optic_lobe_intrinsic
720575940620204412,central,unknown
720575940625185149,central,unknown
720575940638652800,sensory,mechanosensory
720575940605622658,sensory,mechanosensory
720575940607162754,central,unknown
720575940625119625,central,ALLN
720575940614633867,central,unknown
720575940635867534,central,unknown
720575940625938831,central,unknown
720575940614109586,central,unknown
720575940614207894,central,unknown
720575940626856344,central,unknown
720575940627806616,central,unknown
720575940634589594,sensory,mechanosensory
720575940632164772,sensory,mechanosensory
720575940632623524,sensory,mechanosensory
720575940625906088,central,unknown
720575940612635050,central,ALIN
720575940636490158,central,unknown
720575940619024816,descending,unknown
720575940603918769,central,unknown
720575940606605745,visual_centrifugal,unknown
720575940611684787,sensory,mechanosensory
720575940611881395,central,unknown
720575940625119671,central,unknown
720575940624890296,central,unknown
720575940625217978,optic,optic_lobe_intrinsic
720575940616567227,optic,optic_lobe_intrinsic
720575940605426110,sensory,mechanosensory
720575940619123136,central,unknown
720575940627642818,central,unknown
720575940621908420,central,unknown
720575940643174856,central,unknown
720575940618107339,central,unknown
720575940633573836,visual_centrifugal,unknown
720575940632000979,sensory,mechanosensory
720575940620696024,central,unknown
720575940613781983,sensory,mechanosensory
720575940633606625,central,unknown
720575940634163682,descending,unknown
720575940614339043,central,unknown
720575940639209956,visual_centrifugal,unknown
720575940611619299,central,unknown
720575940624366055,optic,optic_lobe_intrinsic
720575940623612395,central,unknown
720575940620859886,central,unknown
720575940621777390,central,unknown
720575940622334448,central,ALPN
720575940629543409,descending,unknown
720575940612438514,central,unknown
720575940610669042,central,unknown
720575940621351412,motor,brain_motor_neuron
720575940623841779,central,unknown
720575940624300531,central,unknown
720575940611619314,central,unknown
720575940630460919,central,unknown
720575940652186102,optic,optic_lobe_intrinsic
720575940635113976,central,unknown
720575940631706107,central,unknown
720575940628953595,central,unknown
720575940630362619,optic,optic_lobe_intrinsic
720575940615453182,descending,unknown
720575940622170623,sensory,mechanosensory
720575940613061118,sensory,gustatory
720575940628068867,central,unknown
720575940606966281,central,unknown
720575940614830604,sensory,mechanosensory
720575940617091596,central,unknown
720575940619909652,sensory,mechanosensory
720575940621384212,central,unknown
720575940623841816,central,unknown
720575940616501787,sensory,mechanosensory
720575940619155995,central,unknown
720575940626201116,central,unknown
720575940604705312,central,unknown
720575940645698084,central,unknown
720575940644157988,sensory,gustatory
720575940624038438,optic,optic_lobe_intrinsic
720575940614732328,optic,optic_lobe_intrinsic
720575940623415849,motor,brain_motor_neuron
720575940631444013,sensory,mechanosensory
720575940608571950,central,unknown
720575940632689199,visual_centrifugal,unknown
720575940631018031,central,unknown
720575940618861105,sensory,mechanosensory
720575940608375342,central,unknown
720575940636785205,sensory,mechanosensory
720575940629150261,optic,optic_lobe_intrinsic
720575940640062005,visual_centrifugal,unknown
720575940618238523,motor,brain_motor_neuron
720575940630919740,visual_centrifugal,unknown
720575940625283646,sensory,mechanosensory
720575940617910848,central,ALLN
720575940631312967,central,unknown
720575940621548108,central,unknown
720575940621449804,central,unknown
720575940630461009,central,unknown
720575940631968343,central,unknown
720575940637637208,central,unknown
720575940621744731,visual_centrifugal,unknown
720575940622105182,central,unknown
720575940634458719,descending,unknown
720575940634819167,central,unknown
720575940635146848,central,unknown
720575940627249764,central,unknown
720575940636523109,central,ALPN
720575940632427112,optic,optic_lobe_intrinsic
720575940627905129,central,unknown
720575940621875821,central,unknown
720575940634851952,central,unknown
720575940611324530,sensory,mechanosensory
720575940620171892,central,unknown
720575940623153788,descending,unknown
720575940627184253,optic,optic_lobe_intrinsic
720575940628134526,sensory,mechanosensory
720575940641045120,optic,optic_lobe_intrinsic
720575940605098626,central,unknown
720575940648188548,descending,unknown
720575940624792197,sensory,gustatory
720575940620204678,optic,optic_lobe_intrinsic
720575940634688151,central,unknown
720575940625873560,central,unknown
720575940613323417,central,unknown
720575940628134555,central,unknown
720575940643076768,central,unknown
720575940620008112,motor,brain_motor_neuron
720575940635507380,central,unknown
720575940625087159,central,unknown
720575940613814971,descending,unknown
720575940614503099,central,unknown
720575940622465732,central,unknown
720575940620925643,central,unknown
720575940630690508,central,unknown
720575940630297292,descending,unknown
720575940609522382,central,unknown
720575940623252173,optic,optic_lobe_intrinsic
720575940617026260,visual_projection,unknown
720575940609620693,optic,optic_lobe_intrinsic
720575940621286102,sensory,mechanosensory
720575940622236374,central,unknown
720575940619582168,descending,unknown
720575940632525534,optic,optic_lobe_intrinsic
720575940613782239,sensory,mechanosensory
720575940632623842,central,unknown
720575940612537061,central,unknown
720575940625775336,central,unknown
720575940637506281,optic,optic_lobe_intrinsic
720575940624366315,central,unknown
720575940624005868,central,unknown
720575940619287278,sensory,gustatory
720575940620237550,optic,optic_lobe_intrinsic
720575940629576433,central,unknown
720575940611783410,central,unknown
720575940624923379,optic,optic_lobe_intrinsic
720575940635114232,central,unknown
720575940627479290,central,unknown
720575940629576443,central,unknown
720575940623547133,central,ALPN
720575940616862465,sensory,mechanosensory
720575940629576451,central,unknown
720575940628462340,visual_projection,unknown
720575940621810437,optic,optic_lobe_intrinsic
720575940629117699,optic,optic_lobe_intrinsic
720575940627872515,central,unknown
720575940607785739,sensory,mechanosensory
720575940622859021,central,unknown
720575940629576463,optic,optic_lobe_intrinsic
720575940627806992,visual_projection,unknown
720575940630788882,central,unknown
720575940626889491,descending,unknown
720575940628822805,central,unknown
720575940644715287,central,unknown
720575940626201372,central,unknown
720575940609522461,sensory,mechanosensory
720575940621089569,central,unknown
720575940617878306,central,unknown
720575940611783464,sensory,mechanosensory
720575940632197930,central,ALLN
720575940627184427,central,unknown
720575940627118892,optic,optic_lobe_intrinsic
720575940625873712,central,unknown
720575940615289650,central,unknown
720575940612766515,central,unknown
720575940613552947,central,unknown
720575940645534516,descending,unknown
720575940631083833,ascending,AN
720575940628429626,central,unknown
720575940620565313,central,ALLN
720575940609653572,central,unknown
720575940628167498,central,unknown
720575940629412682,central,unknown
720575940627774287,sensory,mechanosensory
720575940619549520,sensory,mechanosensory
720575940620696405,optic,optic_lobe_intrinsic
720575940631968599,central,unknown
720575940625742681,central,unknown
720575940620368731,central,unknown
720575940620565339,central,unknown
720575940614929245,sensory,mechanosensory
720575940607982428,central,unknown
720575940635179871,descending,unknown
720575940633213792,central,unknown
720575940611029858,sensory,mechanosensory
720575940609948514,descending,unknown
720575940611160930,central,unknown
720575940625218404,central,unknown
720575940605197158,central,unknown
720575940628659049,descending,unknown
720575940630625132,sensory,mechanosensory
720575940618599277,central,unknown
720575940645010286,central,unknown
720575940634229615,central,ALPN
720575940612373362,ascending,AN
720575940616502133,central,unknown
720575940630690678,ascending,AN
720575940630461302,ascending,AN
720575940629805950,descending,unknown
720575940618402694,descending,unknown
720575940618795911,sensory,mechanosensory
720575940622105480,central,unknown
720575940621646730,central,unknown
720575940625349520,sensory,mechanosensory
720575940634295191,central,unknown
720575940632787863,visual_projection,unknown
720575940633082778,central,unknown
720575940627970971,central,unknown
720575940633803676,central,unknown
720575940617288605,central,unknown
720575940619549598,central,unknown
720575940643142560,ascending,AN
720575940637932451,optic,optic_lobe_intrinsic
720575940619385765,central,ALPN
720575940620794790,central,unknown
720575940620467115,central,unknown
720575940619549611,central,unknown
720575940636261294,central,unknown
720575940612078511,central,unknown
720575940618927024,sensory,mechanosensory
720575940612373423,descending,unknown
720575940612144047,central,unknown
720575940624989111,optic,optic_lobe_intrinsic
720575940604804030,central,unknown
720575940618763201,sensory,mechanosensory
720575940608932803,central,unknown
720575940622793668,central,unknown
720575940624530372,central,unknown
720575940645108680,optic,optic_lobe_intrinsic
720575940619942859,central,unknown
720575940620827595,visual_centrifugal,unknown
720575940621417421,sensory,mechanosensory
720575940621089741,central,unknown
720575940609260494,descending,unknown
720575940631542732,central,unknown
720575940609194962,central,unknown
720575940610472914,central,unknown
720575940617485268,central,unknown
720575940607949781,central,unknown
720575940617190361,central,unknown
720575940611849178,sensory,gustatory
720575940641536987,central,unknown
720575940629773276,central,unknown
720575940630461404,central,unknown
720575940615912415,central,unknown
720575940633869281,sensory,mechanosensory
720575940637309924,ascending,AN
720575940624530407,descending,unknown
720575940624333802,descending,unknown
720575940622466027,central,unknown
720575940613258221,central,ALON
720575940620860398,central,unknown
720575940621417454,optic,optic_lobe_intrinsic
720575940611881970,central,unknown
720575940621319156,descending,unknown
720575940653399030,optic,optic_lobe_intrinsic
720575940626627580,sensory,mechanosensory
720575940614175742,central,unknown
720575940622236671,sensory,gustatory
720575940623743999,optic,optic_lobe_intrinsic
720575940627217410,central,unknown
720575940629511174,central,unknown
720575940624923655,central,unknown
720575940623219719,central,unknown
720575940626693130,central,unknown
720575940625644554,central,unknown
720575940625906702,visual_projection,unknown
720575940631182354,central,unknown
720575940619877396,descending,unknown
720575940620303380,ascending,AN
720575940643339287,sensory,mechanosensory
720575940622695448,central,unknown
720575940627479580,central,unknown
720575940645239844,central,unknown
720575940625972261,sensory,mechanosensory
720575940622924838,optic,optic_lobe_intrinsic
720575940624989223,sensory,mechanosensory
720575940623547431,visual_projection,unknown
720575940626463781,optic,optic_lobe_intrinsic
720575940610604078,descending,unknown
720575940628560951,sensory,mechanosensory
720575940632788025,descending,unknown
720575940625087546,sensory,mechanosensory
720575940618239035,central,unknown
720575940625447994,central,unknown
720575940640554045,sensory,mechanosensory
720575940625841214,sensory,mechanosensory
720575940632296519,descending,unknown
720575940631575627,sensory,mechanosensory
720575940640095310,central,unknown
720575940631936081,sensory,mechanosensory
720575940628397138,descending,unknown
720575940631280721,central,unknown
720575940632722515,central,unknown
720575940628495447,sensory,mechanosensory
720575940640521304,central,unknown
720575940631968855,central,unknown
720575940635901018,central,unknown
720575940620205147,central,LHLN
720575940625841241,ascending,AN
720575940632525920,central,unknown
720575940636523621,central,unknown
720575940628200551,central,unknown
720575940628659305,descending,unknown
720575940634229871,descending,unknown
720575940635507824,sensory,mechanosensory
720575940610079857,sensory,mechanosensory
720575940628659318,central,unknown
720575940635278455,sensory,mechanosensory
720575940630396022,central,unknown
720575940630690934,visual_projection,unknown
720575940635573367,central,unknown
720575940623481980,visual_projection,unknown
720575940626267261,central,unknown
720575940660051073,central,unknown
720575940621057159,central,unknown
720575940630854796,central,unknown
720575940613127314,sensory,mechanosensory
720575940613717138,descending,unknown
720575940634557594,ascending,AN
720575940629183643,motor,brain_motor_neuron
720575940634459290,descending,unknown
720575940619058334,central,unknown
720575940620139678,visual_projection,unknown
720575940654611617,sensory,mechanosensory
720575940639177891,central,unknown
720575940633705636,central,unknown
720575940620467365,optic,optic_lobe_intrinsic
720575940621614246,central,unknown
720575940619680933,optic,optic_lobe_intrinsic
720575940611292330,central,unknown
720575940619549867,central,unknown
720575940632198317,central,unknown
720575940622007472,visual_centrifugal,unknown
720575940622400694,central,unknown
720575940622531767,visual_projection,unknown
720575940624727226,sensory,mechanosensory
720575940625054906,central,unknown
720575940635540671,central,unknown
720575940626988231,sensory,mechanosensory
720575940625841351,visual_projection,unknown
720575940627578055,central,unknown
720575940623973578,central,unknown
720575940645108936,sensory,unknown_sensory
720575940606868681,optic,optic_lobe_intrinsic
720575940644682952,visual_projection,unknown
720575940614765777,optic,optic_lobe_intrinsic
720575940611587282,optic,optic_lobe_intrinsic
720575940610079957,central,unknown
720575940630461660,central,unknown
720575940622335197,central,unknown
720575940633967842,visual_projection,unknown
720575940610505957,central,unknown
720575940623318247,sensory,mechanosensory
720575940627348712,ascending,AN
720575940623121643,central,unknown
720575940625480940,optic,optic_lobe_intrinsic
720575940619681006,central,unknown
720575940621778158,optic,optic_lobe_intrinsic
720575940620532976,sensory,unknown_sensory
720575940612963570,visual_centrifugal,unknown
720575940623252723,sensory,mechanosensory
720575940611521778,central,unknown
720575940652580086,central,unknown
720575940628954362,central,unknown
720575940617682177,optic,optic_lobe_intrinsic
720575940627086594,central,unknown
720575940608376073,optic,optic_lobe_intrinsic
720575940631051538,central,unknown
720575940626922771,sensory,mechanosensory
720575940622204186,descending,unknown
720575940620926234,sensory,gustatory
720575940627447068,central,unknown
720575940621024545,central,unknown
720575940623187233,central,unknown
720575940646419747,central,unknown
720575940623547685,central,unknown
720575940623449382,central,unknown
720575940624071975,optic,optic_lobe_intrinsic
720575940627053861,optic,optic_lobe_intrinsic
720575940623777065,central,unknown
720575940632198442,central,ALLN
720575940627578156,sensory,gustatory
720575940610604334,central,unknown
720575940631608623,central,unknown
720575940618861873,sensory,mechanosensory
720575940619517233,central,unknown
720575940617092402,central,unknown
720575940645240116,central,unknown
720575940613356851,central,unknown
720575940637965621,sensory,olfactory
720575940631313721,central,unknown
720575940626922810,central,unknown
720575940615879995,sensory,mechanosensory
720575940630232380,central,unknown
720575940618796352,optic,optic_lobe_intrinsic
720575940632821059,central,ALIN
720575940626201933,optic,optic_lobe_intrinsic
720575940637572430,central,unknown
720575940628462927,central,unknown
720575940632722771,descending,unknown
720575940615945558,central,unknown
720575940618173787,sensory,mechanosensory
720575940606311772,central,unknown
720575940620860766,sensory,mechanosensory
720575940621614435,sensory,mechanosensory
720575940622335331,central,unknown
720575940626562409,central,unknown
720575940633738603,sensory,mechanosensory
720575940634361195,central,unknown
720575940634393963,central,unknown
720575940636163440,visual_projection,unknown
720575940639374707,central,unknown
720575940640750976,optic,optic_lobe_intrinsic
720575940639505792,central,unknown
720575940648648068,central,unknown
720575940621647238,central,unknown
720575940641832333,descending,unknown
720575940614208914,sensory,gustatory
720575940624891284,optic,optic_lobe_intrinsic
720575940610899349,sensory,mechanosensory
720575940611227029,ascending,AN
720575940615355798,optic,optic_lobe_intrinsic
720575940626857368,sensory,mechanosensory
720575940612603289,descending,unknown
720575940624137624,central,unknown
720575940616109469,central,unknown
720575940653399457,central,unknown
720575940640357795,optic,optic_lobe_intrinsic
720575940631346605,visual_centrifugal,unknown
720575940633968045,sensory,unknown_sensory
720575940606705073,central,ALLN
720575940633804212,central,ALPN
720575940624137656,sensory,mechanosensory
720575940623580604,central,unknown
720575940638817725,sensory,mechanosensory
720575940638719421,central,unknown
720575940634688959,sensory,mechanosensory
720575940618599872,sensory,mechanosensory
720575940606410174,optic,optic_lobe_intrinsic
720575940628463042,central,unknown
720575940628659650,central,unknown
720575940620991940,sensory,mechanosensory
720575940629642693,central,unknown
720575940614831558,sensory,mechanosensory
720575940615093702,central,unknown
720575940605885897,central,unknown
720575940625186250,central,unknown
720575940626595274,optic,optic_lobe_intrinsic
720575940611128782,central,unknown
720575940629380559,sensory,mechanosensory
720575940640652752,central,unknown
720575940612046286,central,unknown
720575940620697046,central,unknown
720575940617092569,central,LHCENT
720575940631379420,optic,optic_lobe_intrinsic
720575940603952608,central,unknown
720575940632002017,sensory,mechanosensory
720575940632165857,sensory,mechanosensory
720575940638064100,sensory,mechanosensory
720575940620860912,optic,optic_lobe_intrinsic
720575940628102652,central,unknown
720575940613783038,sensory,mechanosensory
720575940623351295,ascending,AN
720575940620828165,central,unknown
720575940627611142,central,unknown
720575940622433799,central,unknown
720575940626562570,central,unknown
720575940606574091,central,unknown
720575940624694798,central,unknown
720575940627086863,optic,optic_lobe_intrinsic
720575940628069904,central,unknown
720575940627578385,central,unknown
720575940630658578,central,unknown
720575940628135440,central,unknown
720575940618927636,central,unknown
720575940622728728,descending,unknown
720575940623154712,central,unknown
720575940620959258,sensory,mechanosensory
720575940624891420,sensory,mechanosensory
720575940616076829,central,unknown
720575940626988574,central,LHCENT
720575940627480092,visual_projection,unknown
720575940632264223,central,unknown
720575940632788511,optic,optic_lobe_intrinsic
720575940644650531,central,unknown
720575940643241508,sensory,mechanosensory
720575940625874469,central,LHLN
720575940623056422,sensory,unknown_sensory
720575940622368295,central,unknown
720575940627021349,descending,unknown
720575940629478956,central,unknown
720575940633640493,central,unknown
720575940610375214,central,unknown
720575940633017903,central,unknown
720575940629904940,optic,optic_lobe_intrinsic
720575940629970489,central,unknown
720575940626726458,central,unknown
720575940639112765,central,unknown
720575940626005566,central,unknown
720575940635835967,visual_projection,unknown
720575940609162820,central,unknown
720575940616633925,central,unknown
720575940608212548,central,unknown
720575940608409156,visual_projection,unknown
720575940625645128,central,unknown
720575940637277766,central,unknown
720575940608343620,central,unknown
720575940630494795,central,unknown
720575940623449676,optic,optic_lobe_intrinsic
720575940623547981,central,unknown
720575940639800910,optic,optic_lobe_intrinsic
720575940634000979,central,unknown
720575940619451989,descending,unknown
720575940628397655,sensory,mechanosensory
720575940633116256,central,unknown
720575940610801250,sensory,mechanosensory
720575940611849826,central,unknown
720575940631641704,sensory,mechanosensory
720575940633378411,sensory,mechanosensory
720575940633968235,central,unknown
720575940620762733,central,unknown
720575940635082347,central,MBON
720575940635606639,sensory,mechanosensory
720575940637081199,central,unknown
720575940615716469,sensory,mechanosensory
720575940622302844,central,unknown
720575940638064256,central,unknown
720575940660313729,central,unknown
720575940605558402,sensory,mechanosensory
720575940624629379,central,unknown
720575940638686848,central,unknown
720575940627807877,optic,optic_lobe_intrinsic
720575940619288198,visual_projection,unknown
720575940626169481,sensory,mechanosensory
720575940626890377,sensory,mechanosensory
720575940635967118,central,unknown
720575940613652114,central,unknown
720575940615323298,descending,unknown
720575940633345700,optic,optic_lobe_intrinsic
720575940633706148,optic,optic_lobe_intrinsic
720575940621057702,central,unknown
720575940614635175,central,unknown
720575940622204585,sensory,mechanosensory
720575940618698411,descending,unknown
720575940603231916,central,ALPN
720575940632985261,central,unknown
720575940623974069,central,unknown
720575940625612474,motor,brain_motor_neuron
720575940629708482,central,unknown
720575940627676871,optic,optic_lobe_intrinsic
720575940644945608,optic,optic_lobe_intrinsic
720575940628692679,optic,optic_lobe_intrinsic
720575940625579722,sensory,mechanosensory
720575940623122125,descending,unknown
720575940630822607,central,unknown
720575940641701584,central,unknown
720575940617387732,central,CX
720575940609097429,descending,unknown
720575940620500696,central,unknown
720575940630462172,sensory,mechanosensory
720575940629642972,central,unknown
720575940636229342,visual_projection,unknown
720575940633771745,descending,unknown
720575940611981029,descending,unknown
720575940621909739,descending,unknown
720575940620304110,central,unknown
720575940621221614,central,unknown
720575940623253235,central,unknown
720575940621319924,central,unknown
720575940642422517,central,unknown
720575940629249783,central,unknown
720575940613816062,descending,unknown
720575940616896257,central,unknown
720575940622991112,sensory,mechanosensory
720575940613422860,central,unknown
720575940626562833,descending,unknown
720575940618731284,central,unknown
720575940618927892,visual_projection,unknown
720575940631576351,central,ALPN
720575940647075619,central,unknown
720575940645830435,optic,optic_lobe_intrinsic
720575940627283756,central,unknown
720575940630921005,central,unknown
720575940624432944,sensory,mechanosensory
720575940644421428,sensory,mechanosensory
720575940640325429,descending,unknown
720575940618600246,motor,brain_motor_neuron
720575940637245237,central,unknown
720575940638719807,central,unknown
720575940631347011,central,ALPN
720575940608212804,central,unknown
720575940616568645,optic,optic_lobe_intrinsic
720575940638818118,central,unknown
720575940623843145,sensory,gustatory
720575940628954954,central,unknown
720575940639375182,sensory,mechanosensory
720575940637114190,central,unknown
720575940620795728,visual_projection,unknown
720575940638818126,central,unknown
720575940617944916,central,unknown
720575940619714395,central,unknown
720575940616437597,sensory,mechanosensory
720575940631412576,sensory,mechanosensory
720575940610768738,sensory,mechanosensory
720575940620664675,central,unknown
720575940610735970,optic,optic_lobe_intrinsic
720575940628561767,central,unknown
720575940630593384,central,unknown
720575940627939177,central,unknown
720575940634591087,central,unknown
720575940620926836,sensory,mechanosensory
720575940616077173,central,unknown
720575940629806974,descending,unknown
720575940622696319,optic,optic_lobe_intrinsic
720575940660281217,central,unknown
720575940606607234,descending,unknown
720575940620795784,visual_projection,unknown
720575940612439958,sensory,mechanosensory
720575940634460055,central,unknown
720575940619059102,central,ALLN
720575940619288478,optic,optic_lobe_intrinsic
720575940641963936,central,unknown
720575940655234977,optic,optic_lobe_intrinsic
720575940638818211,central,unknown
720575940630953892,sensory,mechanosensory
720575940613685162,central,unknown
720575940613193642,visual_centrifugal,unknown
720575940619059115,sensory,mechanosensory
720575940631805869,central,unknown
720575940611686314,central,unknown
720575940637671342,optic,optic_lobe_intrinsic
720575940619845552,endocrine,pars_lateralis
720575940604870577,central,unknown
720575940604247985,central,unknown
720575940622401462,central,unknown
720575940614930363,central,unknown
720575940622892988,sensory,mechanosensory
720575940640194493,descending,unknown
720575940632690623,central,unknown
720575940620304321,central,unknown
720575940629774274,descending,unknown
720575940610211779,central,unknown
720575940628463559,optic,optic_lobe_intrinsic
720575940617912267,central,unknown
720575940631445452,central,unknown
720575940609294286,central,unknown
720575940629938127,central,unknown
720575940620533720,optic,optic_lobe_intrinsic
720575940612308963,central,unknown
720575940625874920,central,unknown
720575940624334826,central,unknown
720575940623777771,sensory,mechanosensory
720575940624334827,sensory,mechanosensory
720575940620206068,sensory,mechanosensory
720575940622204925,central,unknown
720575940624138242,sensory,mechanosensory
720575940629676035,optic,optic_lobe_intrinsic
720575940627709956,central,unknown
720575940607983627,central,unknown
720575940625907726,central,unknown
720575940632297487,optic,unknown
720575940628594705,optic,optic_lobe_intrinsic
720575940631117842,central,unknown
720575940628070419,central,unknown
720575940620271636,central,unknown
720575940626628629,central,unknown
720575940631183378,central,unknown
720575940644978711,central,unknown
720575940645404695,central,unknown
720575940622368792,central,ALPN
720575940633280537,central,unknown
720575940603985952,central,ALPN
720575940624891941,central,unknown
720575940631347242,central,unknown
720575940631412778,ascending,AN
720575940630724652,ascending,AN
720575940632068141,central,unknown
720575940625023024,sensory,mechanosensory
720575940625874992,central,unknown
720575940616667186,central,unknown
720575940615159859,central,unknown
720575940640817204,sensory,mechanosensory
720575940647010356,central,unknown
720575940624236592,central,unknown
720575940646682676,central,unknown
720575940638720070,visual_centrifugal,unknown
720575940626956360,central,unknown
720575940628430920,optic,optic_lobe_intrinsic
720575940629839947,central,unknown
720575940622368844,central,unknown
720575940623777869,sensory,mechanosensory
720575940621418573,optic,optic_lobe_intrinsic
720575940631740497,central,unknown
720575940617617494,central,unknown
720575940631674967,central,unknown
720575940637966424,descending,unknown
720575940621779035,central,unknown
720575940618829915,optic,optic_lobe_intrinsic
720575940621713502,optic,optic_lobe_intrinsic
720575940631412832,sensory,mechanosensory
720575940633280608,optic,optic_lobe_intrinsic
720575940610768994,central,unknown
720575940626890852,central,unknown
720575940635672677,sensory,mechanosensory
720575940635508837,central,unknown
720575940635869285,central,unknown
720575940626759780,visual_projection,unknown
720575940636360811,central,unknown
720575940631281772,optic,optic_lobe_intrinsic
720575940611784817,central,unknown
720575940613455986,visual_projection,unknown
720575940630691958,central,unknown
720575940629184630,central,unknown
720575940649828473,central,unknown
720575940628398202,descending,unknown
720575940621385855,central,unknown
720575940660314241,central,unknown
720575940625809539,ascending,AN
720575940617781383,central,ALPN
720575940616929419,optic,optic_lobe_intrinsic
720575940641276045,visual_projection,unknown
720575940637114509,optic,optic_lobe_intrinsic
720575940626694288,central,unknown
720575940615684242,visual_centrifugal,unknown
720575940622925972,descending,unknown
720575940612767893,optic,optic_lobe_intrinsic
720575940622729364,central,unknown
720575940633575575,central,unknown
720575940617945246,sensory,mechanosensory
720575940614963359,central,unknown
720575940617158814,central,unknown
720575940618666142,descending,unknown
720575940656152737,optic,optic_lobe_intrinsic
720575940622991529,central,unknown
720575940618240171,central,unknown
720575940613488815,visual_projection,unknown
720575940610867379,central,unknown
720575940635148468,optic,optic_lobe_intrinsic
720575940626006200,central,unknown
720575940617552057,central,unknown
720575940616962233,optic,optic_lobe_intrinsic
720575940621582528,optic,optic_lobe_intrinsic
720575940608475331,central,unknown
720575940609589443,descending,unknown
720575940624203972,visual_projection,unknown
720575940610408643,central,ALLN
720575940610310339,visual_projection,unknown
720575940606640329,sensory,mechanosensory
720575940623974602,central,unknown
720575940606083273,central,unknown
720575940626104522,central,unknown
720575940611719378,visual_centrifugal,unknown
720575940632395987,central,unknown
720575940608606421,sensory,mechanosensory
720575940620402902,central,unknown
720575940622565590,descending,unknown
720575940640293083,sensory,mechanosensory
720575940637212894,central,unknown
720575940633772257,central,unknown
720575940637376740,central,unknown
720575940622827751,central,unknown
720575940623876327,central,unknown
720575940636524777,central,unknown
720575940622631146,sensory,mechanosensory
720575940622467307,central,unknown
720575940638720233,visual_centrifugal,unknown
720575940614635757,optic,optic_lobe_intrinsic
720575940620370158,central,unknown
720575940618436847,central,unknown
720575940622008560,motor,brain_motor_neuron
720575940623646963,ascending,AN
720575940627874039,central,unknown
720575940628267259,ascending,AN
720575940623352063,motor,brain_motor_neuron
720575940628267264,central,unknown
720575940630069504,central,LHLN
720575940628103428,optic,optic_lobe_intrinsic
720575940619583749,central,unknown
720575940608770313,central,unknown
720575940616470796,visual_centrifugal,unknown
720575940624105742,central,unknown
720575940622663962,optic,optic_lobe_intrinsic
720575940612407581,sensory,mechanosensory
720575940627087646,descending,unknown
720575940605395232,optic,optic_lobe_intrinsic
720575940622729513,central,unknown
720575940629283114,central,unknown
720575940630135084,descending,unknown
720575940628300076,central,unknown
720575940611621166,central,unknown
720575940620632369,descending,unknown
720575940611817779,ascending,AN
720575940619845942,optic,optic_lobe_intrinsic
720575940629938487,central,unknown
720575940629414201,central,unknown
720575940617290043,descending,unknown
720575940629152060,sensory,mechanosensory
720575940630233404,motor,brain_motor_neuron
720575940624924990,visual_projection,unknown
720575940630036803,central,unknown
720575940632428867,visual_projection,unknown
720575940609655108,optic,optic_lobe_intrinsic
720575940639506758,optic,optic_lobe_intrinsic
720575940626661704,visual_projection,unknown
720575940622860617,central,unknown
720575940624400713,optic,optic_lobe_intrinsic
720575940622500172,descending,unknown
720575940638982478,central,unknown
720575940618043732,optic,optic_lobe_intrinsic
720575940616864086,central,unknown
720575940615651670,central,unknown
720575940637966682,central,unknown
720575940607590748,sensory,mechanosensory
720575940621123934,central,unknown
720575940622074206,central,unknown
720575940631970144,sensory,mechanosensory
720575940633215327,optic,optic_lobe_intrinsic
720575940610507106,central,unknown
720575940635378016,optic,optic_lobe_intrinsic
720575940626399588,descending,unknown
720575940627349860,central,unknown
720575940624007523,central,unknown
720575940628234599,central,unknown
720575940637376869,visual_projection,unknown
720575940629283177,central,unknown
720575940614734186,sensory,gustatory
720575940634526059,central,unknown
720575940612866410,central,unknown
720575940612768106,central,unknown
720575940645437806,optic,optic_lobe_intrinsic
720575940614930794,optic,optic_lobe_intrinsic
720575940636688752,sensory,mechanosensory
720575940610113905,central,unknown
720575940611293554,central,unknown
720575940630659446,central,unknown
720575940635345271,sensory,mechanosensory
720575940650910073,central,unknown
720575940649992569,descending,unknown
720575940628857210,central,unknown
720575940628005245,central,unknown
720575940621910399,central,unknown
720575940640129408,central,unknown
720575940640850304,optic,optic_lobe_intrinsic
720575940627972485,visual_projection,ocellar
720575940622860680,central,unknown
720575940624269706,central,unknown
720575940631216524,central,unknown
720575940640850317,central,unknown
720575940635967886,central,unknown
720575940634165646,central,unknown
720575940624171408,sensory,mechanosensory
720575940617322897,central,unknown
720575940614046098,central,unknown
720575940625777040,central,unknown
720575940615553426,visual_projection,unknown
720575940614537618,central,unknown
720575940613816726,central,unknown
720575940634788247,central,unknown
720575940610146713,sensory,mechanosensory
720575940628627867,descending,unknown
720575940633870748,central,unknown
720575940628136347,central,unknown
720575940619846046,optic,optic_lobe_intrinsic
720575940613194143,sensory,mechanosensory
720575940633772452,central,ALLN
720575940633706916,optic,optic_lobe_intrinsic
720575940620173733,central,unknown
720575940620173737,central,unknown
720575940621517227,optic,optic_lobe_intrinsic
720575940606050732,optic,optic_lobe_intrinsic
720575940615127471,visual_centrifugal,unknown
720575940615160239,central,unknown
720575940614570415,central,unknown
720575940621124016,visual_centrifugal,unknown
720575940635771316,central,unknown
720575940623352247,sensory,mechanosensory
720575940620763584,central,unknown
720575940627218882,central,unknown
720575940629709250,central,unknown
720575940627775943,sensory,mechanosensory
720575940606443977,sensory,mechanosensory
720575940623974858,central,unknown
720575940630299084,sensory,mechanosensory
720575940639736272,central,unknown
720575940613915089,sensory,mechanosensory
720575940613226961,central,unknown
720575940622139862,sensory,mechanosensory
720575940622631382,ascending,AN
720575940616864217,central,unknown
720575940618273241,central,unknown
720575940631314908,central,unknown
720575940614111711,optic,optic_lobe_intrinsic
720575940602380768,central,unknown
720575940615684582,central,unknown
720575940626956777,sensory,mechanosensory
720575940623778284,sensory,mechanosensory
720575940612669933,ascending,AN
720575940620468718,descending,unknown
720575940621451758,central,unknown
720575940619780592,central,unknown
720575940622696944,visual_projection,bilateral
720575940641997301,optic,optic_lobe_intrinsic
720575940629316089,sensory,mechanosensory
720575940630495738,optic,optic_lobe_intrinsic
720575940622238205,central,unknown
720575940615455230,sensory,mechanosensory
720575940630528512,optic,optic_lobe_intrinsic
720575940628169219,central,unknown
720575940628791812,visual_projection,bilateral
720575940627710470,central,unknown
720575940624335367,central,unknown
720575940624466440,central,unknown
720575940622729736,central,unknown
720575940625711626,central,unknown
720575940616471052,descending,unknown
720575940615979532,central,unknown
720575940623319566,central,unknown
720575940626825744,optic,optic_lobe_intrinsic
720575940631282194,descending,unknown
720575940630594066,central,unknown
720575940613620246,optic,optic_lobe_intrinsic
720575940643045911,central,unknown
720575940620698136,sensory,gustatory
720575940635050521,central,unknown
720575940617323035,optic,optic_lobe_intrinsic
720575940625941022,sensory,unknown_sensory
720575940633510431,central,unknown
720575940621976097,central,unknown
720575940647436835,central,unknown
720575940644815395,central,unknown
720575940615029288,central,unknown
720575940627350060,central,unknown
720575940609098286,sensory,mechanosensory
720575940610048558,central,unknown
720575940625875504,central,unknown
720575940610605614,descending,unknown
720575940615422514,central,unknown
720575940631020079,sensory,gustatory
720575940645995060,central,unknown
720575940610015790,central,unknown
720575940646355508,optic,optic_lobe_intrinsic
720575940616077874,central,unknown
720575940629316152,central,unknown
720575940619682368,motor,brain_motor_neuron
720575940622205505,central,unknown
720575940615160386,central,ALPN
720575940636492358,central,unknown
720575940639638086,central,unknown
720575940626465352,central,unknown
720575940621681228,central,unknown
720575940632134227,central,unknown
720575940617945684,sensory,mechanosensory
720575940627808857,central,unknown
720575940626268761,descending,unknown
720575940618076763,central,unknown
720575940610638434,central,unknown
720575940622336611,central,unknown
720575940627284580,central,unknown
720575940628562535,central,unknown
720575940635345519,sensory,mechanosensory
720575940634100335,central,unknown
720575940610474610,sensory,gustatory
720575940636033655,sensory,mechanosensory
720575940609032824,central,unknown
720575940639539840,descending,unknown
720575940608017026,central,unknown
720575940646814340,descending,unknown
720575940626530953,central,unknown
720575940635050638,central,unknown
720575940614374034,central,unknown
720575940624630420,central,unknown
720575940634657431,central,ALLN
720575940634034839,central,ALLN
720575940634428058,descending,unknown
720575940634296986,central,unknown
720575940617552541,central,ALPN
720575940654449313,sensory,mechanosensory
720575940655071905,sensory,mechanosensory
720575940638720675,central,unknown
720575940633772708,optic,optic_lobe_intrinsic
720575940619846310,central,unknown
720575940615750318,sensory,mechanosensory
720575940635574958,central,unknown
720575940607689394,visual_centrifugal,unknown
720575940610605747,central,unknown
720575940635247284,sensory,mechanosensory
720575940617552569,descending,unknown
720575940616274619,descending,unknown
720575940618207936,sensory,mechanosensory
720575940608836291,central,unknown
720575940627055303,descending,unknown
720575940606149321,central,unknown
720575940618601163,central,unknown
720575940621779661,central,unknown
720575940618371796,optic,optic_lobe_intrinsic
720575940608606933,central,unknown
720575940608410325,optic,optic_lobe_intrinsic
720575940629250775,sensory,mechanosensory
720575940616766169,central,unknown
720575940610343642,central,unknown
720575940632494818,sensory,mechanosensory
720575940610802403,sensory,mechanosensory
720575940611588835,central,unknown
720575940612276963,central,unknown
720575940615226086,central,unknown
720575940616012518,central,unknown
720575940638753508,optic,optic_lobe_intrinsic
720575940611261170,central,unknown
720575940625613555,central,unknown
720575940640686837,central,unknown
720575940628267767,sensory,mechanosensory
720575940625056509,central,ALPN
720575940613423870,central,unknown
720575940616078081,central,unknown
720575940626203394,central,unknown
720575940627841795,central,unknown
720575940626465542,central,unknown
720575940607853323,optic,optic_lobe_intrinsic
720575940614177548,central,unknown
720575940621452045,central,unknown
720575940623090446,central,unknown
720575940629840655,central,unknown
720575940629873423,central,unknown
720575940623024909,central,unknown
720575940606870283,central,unknown
720575940612342550,central,unknown
720575940613817110,central,unknown
720575940632789785,central,unknown
720575940633903897,central,unknown
720575940604150560,central,unknown
720575940644750116,central,ALON
720575940625351461,sensory,mechanosensory
720575940624171813,central,unknown
720575940624040743,central,unknown
720575940615062312,central,unknown
720575940644881188,optic,optic_lobe_intrinsic
720575940627710763,central,unknown
720575940629906223,sensory,mechanosensory
720575940631479096,optic,optic_lobe_intrinsic
720575940631642937,central,unknown
720575940628300604,central,unknown
720575940627219272,sensory,mechanosensory
720575940623352649,central,unknown
720575940625253193,central,unknown
720575940629283659,central,unknown
720575940627645263,central,unknown
720575940615848788,sensory,mechanosensory
720575940619354965,central,unknown
720575940617716566,ascending,AN
720575940634657632,central,unknown
720575940612277090,central,unknown
720575940636361573,central,unknown
720575940634231653,central,unknown
720575940627153767,central,unknown
720575940631511912,central,unknown
720575940626531177,central,unknown
720575940613849962,central,unknown
720575940626269033,central,unknown
720575940628792172,central,unknown
720575940613751658,optic,optic_lobe_intrinsic
720575940645503854,central,unknown
720575940633543531,descending,unknown
720575940613358450,descending,unknown
720575940612637554,central,ALLN
720575940630332278,central,unknown
720575940609819512,central,unknown
720575940649829241,descending,unknown
720575940626400125,central,unknown
720575940645503876,optic,optic_lobe_intrinsic
720575940619518854,visual_projection,unknown
720575940642063245,sensory,mechanosensory
720575940634198926,descending,unknown
720575940635968398,central,unknown
720575940625744784,descending,unknown
720575940641833869,descending,unknown
720575940612670354,central,unknown
720575940636001166,central,unknown
720575940624106388,descending,unknown
720575940635149198,central,unknown
720575940633117591,central,unknown
720575940612768665,optic,optic_lobe_intrinsic
720575940643177376,central,unknown
720575940614734754,motor,brain_motor_neuron
720575940640031651,optic,optic_lobe_intrinsic
720575940619387814,sensory,gustatory
720575940615390119,central,unknown
720575940627186600,central,unknown
720575940611654570,descending,unknown
720575940633609133,optic,optic_lobe_intrinsic
720575940622336944,central,unknown
720575940605658033,descending,unknown
720575940623582133,central,unknown
720575940622369718,central,unknown
720575940623614903,sensory,mechanosensory
720575940623352760,central,unknown
720575940624532408,central,unknown
720575940624663482,sensory,mechanosensory
720575940616176571,central,unknown
720575940625580988,central,unknown
720575940621091776,optic,optic_lobe_intrinsic
720575940618961857,central,unknown
720575940608508867,sensory,mechanosensory
720575940622009284,visual_projection,unknown
720575940627284935,central,unknown
720575940618929099,central,unknown
720575940618011604,central,unknown
720575940617290713,central,unknown
720575940630004700,central,unknown
720575940629775324,optic,optic_lobe_intrinsic
720575940612572131,central,unknown
720575940613063653,optic,optic_lobe_intrinsic
720575940627350504,sensory,mechanosensory
720575940614734829,central,unknown
720575940620633070,central,unknown
720575940622271472,central,unknown
720575940620534768,descending,unknown
720575940611982322,central,unknown
720575940624794611,central,LHLN
720575940620731380,visual_projection,unknown
720575940621157364,ascending,AN
720575940650845174,sensory,mechanosensory
720575940641276917,descending,unknown
720575940636656632,descending,unknown
720575940651828214,optic,optic_lobe_intrinsic
720575940628857850,central,unknown
720575940627776506,central,unknown
720575940628235260,optic,optic_lobe_intrinsic
720575940642423797,visual_centrifugal,unknown
720575940612146174,central,unknown
720575940617257985,central,unknown
720575940628694019,central,unknown
720575940629644291,optic,optic_lobe_intrinsic
720575940626990086,central,unknown
720575940621583367,sensory,mechanosensory
720575940626498566,central,unknown
720575940631381007,central,unknown
720575940630201359,central,unknown
720575940630758418,descending,unknown
720575940631774226,optic,optic_lobe_intrinsic
720575940645995543,ascending,AN
720575940621911064,sensory,mechanosensory
720575940635116569,central,unknown
720575940631872537,central,unknown
720575940627448860,central,unknown
720575940604281888,sensory,mechanosensory
720575940647470115,optic,optic_lobe_intrinsic
720575940643275812,sensory,mechanosensory
720575940645372964,central,ALLN
720575940622795814,central,unknown
720575940644815908,optic,optic_lobe_intrinsic
720575940631381037,central,unknown
720575940610606126,central,unknown
720575940631708719,central,unknown
720575940626826288,central,unknown
720575940632626223,optic,optic_lobe_intrinsic
720575940628890679,central,unknown
720575940629677112,central,unknown
720575940630201401,central,unknown
720575940632888377,optic,optic_lobe_intrinsic
720575940629414972,central,unknown
720575940630168636,central,unknown
720575940625843262,central,unknown
720575940617094208,sensory,gustatory
720575940622140481,visual_projection,unknown
720575940609393732,sensory,olfactory
720575940638721094,central,unknown
720575940630070343,sensory,mechanosensory
720575940626859080,visual_centrifugal,unknown
720575940627579976,optic,optic_lobe_intrinsic
720575940627645514,descending,unknown
720575940629414987,central,unknown
720575940619551824,sensory,mechanosensory
720575940632364115,sensory,mechanosensory
720575940620764245,central,unknown
720575940617684054,central,unknown
720575940637410394,central,unknown
720575940634133600,sensory,mechanosensory
720575940609328226,optic,optic_lobe_intrinsic
720575940610901090,optic,optic_lobe_intrinsic
720575940625187940,descending,unknown
720575940624860260,central,unknown
720575940603331686,central,unknown
720575940625450084,central,unknown
720575940630266983,optic,optic_lobe_intrinsic
720575940612670570,sensory,gustatory
720575940634756203,central,unknown
720575940634592363,visual_projection,unknown
720575940635018352,central,unknown
720575940612015217,central,unknown
720575940611622002,central,unknown
720575940639769715,central,unknown
720575940639179891,central,unknown
720575940636263543,ascending,AN
720575940609721464,central,unknown
720575940628825210,central,unknown
720575940627186813,optic,optic_lobe_intrinsic
720575940628857982,sensory,mechanosensory
720575940629742718,descending,unknown
720575940641211520,central,unknown
720575940640162944,central,unknown
720575940638557312,central,unknown
720575940606018690,central,unknown
720575940659299457,central,unknown
720575940625417353,central,unknown
720575940622828682,central,unknown
720575940617684107,central,unknown
720575940626105481,central,unknown
720575940624434323,central,unknown
720575940622632084,descending,unknown
720575940628038808,visual_centrifugal,unknown
720575940626826392,central,unknown
720575940634854554,central,unknown
720575940633904284,sensory,mechanosensory
720575940616340639,motor,brain_motor_neuron
720575940655891617,central,unknown
720575940654777505,central,unknown
720575940619158694,optic,optic_lobe_intrinsic
720575940612277415,central,unknown
720575940618994859,central,unknown
720575940630922413,central,unknown
720575940613915823,descending,unknown
720575940620993712,central,unknown
720575940621943984,optic,optic_lobe_intrinsic
720575940606739634,central,unknown
720575940615193787,central,unknown
720575940626039996,optic,optic_lobe_intrinsic
720575940638622909,central,unknown
720575940627514562,central,unknown
720575940622271684,sensory,mechanosensory
720575940623484100,central,unknown
720575940627514567,central,unknown
720575940643439816,central,unknown
720575940624860362,central,unknown
720575940610442450,central,unknown
720575940622238934,central,unknown
720575940629185751,sensory,mechanosensory
720575940611294426,central,unknown
720575940631381212,central,unknown
720575940636591326,central,unknown
720575940638360798,central,unknown
720575940632626402,descending,unknown
720575940631184610,central,unknown
720575940614079715,central,unknown
720575940637377764,central,unknown
720575940627580136,sensory,mechanosensory
720575940635968745,sensory,mechanosensory
720575940628595944,ascending,AN
720575940637148393,central,unknown
720575940621452526,central,unknown
720575940620731631,central,unknown
720575940618896624,sensory,mechanosensory
720575940622599408,central,unknown
720575940621747444,central,unknown
720575940629972215,sensory,mechanosensory
720575940628923639,sensory,mechanosensory
720575940635608312,central,unknown
720575940628038906,central,unknown
720575940630070519,optic,optic_lobe_intrinsic
720575940616865025,central,unknown
720575940624172290,central,unknown
720575940628923652,central,unknown
720575940622042373,central,unknown
720575940629513478,central,unknown
720575940624991495,descending,unknown
720575940611982598,optic,optic_lobe_intrinsic
720575940608279817,sensory,mechanosensory
720575940608214281,central,unknown
720575940621157645,descending,unknown
720575940628071696,central,unknown
720575940625253649,descending,unknown
720575940627285267,descending,unknown
720575940618831124,sensory,mechanosensory
720575940613588246,visual_centrifugal,unknown
720575940645045527,descending,unknown
720575940626695452,central,unknown
720575940604839200,central,unknown
720575940605494560,central,unknown
720575940624925989,central,unknown
720575940623385894,descending,unknown
720575940624139559,central,unknown
720575940624991527,central,unknown
720575940623779111,central,unknown
720575940627907884,central,unknown
720575940631708973,central,unknown
720575940646225204,central,unknown
720575940630889784,central,unknown
720575940639245631,ascending,AN
720575940617160000,central,unknown
720575940637148479,central,unknown
720575940614866242,sensory,mechanosensory
720575940615324994,central,unknown
720575940618765637,optic,ocellar
720575940631446855,central,unknown
720575940624008521,central,unknown
720575940622009676,central,unknown
720575940625319245,ascending,AN
720575940619978075,sensory,mechanosensory
720575940606084444,central,unknown
720575940622501214,optic,optic_lobe_intrinsic
720575940622108001,visual_projection,unknown
720575940624008547,central,unknown
720575940629677417,central,unknown
720575940619060589,central,unknown
720575940643767662,central,unknown
720575940619748717,optic,optic_lobe_intrinsic
720575940635739504,sensory,mechanosensory
720575940612506994,central,unknown
720575940640589171,descending,unknown
720575940637574515,central,unknown
720575940637803891,central,unknown
720575940609787256,sensory,mechanosensory
720575940628039034,visual_projection,unknown
720575940625483133,central,unknown
720575940638360960,central,unknown
720575940627383685,central,unknown
720575940626793861,central,unknown
720575940619191687,central,unknown
720575940619453831,central,unknown
720575940622927242,sensory,mechanosensory
720575940631643532,descending,unknown
720575940640753037,sensory,mechanosensory
720575940643112333,central,unknown
720575940627744143,ascending,AN
720575940614178198,central,unknown
720575940634789271,sensory,mechanosensory
720575940628006296,central,unknown
720575940626269592,central,unknown
720575940614342038,descending,unknown
720575940632757658,central,unknown
720575940632692124,central,unknown
720575940640851363,optic,optic_lobe_intrinsic
720575940619453861,central,unknown
720575940613686698,optic,optic_lobe_intrinsic
720575940635968942,central,unknown
720575940620862896,sensory,mechanosensory
720575940621354416,central,unknown
720575940635510196,central,unknown
720575940635936180,optic,optic_lobe_intrinsic
720575940624762300,central,unknown
720575940638623165,descending,unknown
720575940603889086,central,unknown
720575940635837887,central,unknown
720575940629022149,sensory,mechanosensory
720575940616996294,central,unknown
720575940605298121,central,unknown
720575940623320522,central,unknown
720575940620043723,central,unknown
720575940632659404,central,unknown
720575940609459662,central,unknown
720575940632069583,optic,optic_lobe_intrinsic
720575940613424593,optic,optic_lobe_intrinsic
720575940615751124,central,unknown
720575940623484374,central,unknown
720575940639409627,central,unknown
720575940603856352,central,unknown
720575940612802019,central,unknown
720575940637246948,sensory,mechanosensory
720575940624696810,central,MBON
720575940622042603,descending,unknown
720575940611720690,central,unknown
720575940636165624,motor,brain_motor_neuron
720575940630431225,central,unknown
720575940626236924,central,unknown
720575940614178302,sensory,mechanosensory
720575940623222271,sensory,mechanosensory
720575940623779327,central,unknown
720575940627482114,descending,unknown
720575940628497923,central,unknown
720575940628071939,central,unknown
720575940625450498,sensory,gustatory
720575940620928517,central,unknown
720575940644488727,central,unknown
720575940646094359,central,unknown
720575940632069657,optic,optic_lobe_intrinsic
720575940620699162,sensory,mechanosensory
720575940617127451,sensory,mechanosensory
720575940615915035,central,unknown
720575940603266592,sensory,gustatory
720575940644390436,central,unknown
720575940614768168,central,unknown
720575940627580460,central,unknown
720575940632200749,central,unknown
720575940631971373,central,unknown
720575940633478701,optic,optic_lobe_intrinsic
720575940612572723,central,unknown
720575940646192692,central,unknown
720575940637410869,sensory,mechanosensory
720575940617750070,descending,unknown
720575940614997555,ascending,AN
720575940630890040,central,mAL
720575940617160251,central,unknown
720575940627875388,central,unknown
720575940627252798,optic,optic_lobe_intrinsic
720575940631283267,descending,unknown
720575940610278980,optic,optic_lobe_intrinsic
720575940627646026,central,unknown
720575940630365771,central,unknown
720575940626138701,central,unknown
720575940618536528,central,unknown
720575940617979472,central,unknown
720575940620174933,optic,optic_lobe_intrinsic
720575940616144470,central,unknown
720575940640884312,central,unknown
720575940632659552,optic,optic_lobe_intrinsic
720575940636034661,central,unknown
720575940605625958,central,unknown
720575940636329579,descending,unknown
720575940631119468,central,unknown
720575940644193902,central,unknown
720575940636886639,visual_projection,unknown
720575940634789495,sensory,mechanosensory
720575940650911353,central,unknown
720575940619421311,sensory_ascending,unknown_sensory
720575940660217473,central,ALLN
720575940620928647,ascending,AN
720575940622075530,sensory,mechanosensory
720575940616504977,central,unknown
720575940617520785,central,unknown
720575940623746708,sensory,mechanosensory
720575940614014614,sensory,mechanosensory
720575940634199703,optic,optic_lobe_intrinsic
720575940626204312,central,unknown
720575940611557017,central,unknown
720575940632692378,sensory,mechanosensory
720575940629808795,optic,optic_lobe_intrinsic
720575940619191966,descending,unknown
720575940614309535,central,ALPN
720575940613260959,visual_projection,unknown
720575940632102564,central,unknown
720575940631021220,central,unknown
720575940613686954,descending,unknown
720575940619486891,descending,unknown
720575940605298353,central,unknown
720575940623451829,central,unknown
720575940619781814,central,unknown
720575940616079035,central,ALPN
720575940626073276,central,unknown
720575940640163517,central,unknown
720575940639278781,central,unknown
720575940605101758,central,ALLN
720575940621256384,central,unknown
720575940620568257,central,unknown
720575940628072130,central,unknown
720575940619159233,visual_projection,unknown
720575940625680074,sensory,mechanosensory
720575940619847371,central,unknown
720575940618143435,visual_projection,unknown
720575940624238282,central,unknown
720575940631742156,central,ALPN
720575940613916369,central,unknown
720575940618340057,central,unknown
720575940628334300,central,unknown
720575940637607646,descending,unknown
720575940614211295,sensory,gustatory
720575940604249824,sensory,mechanosensory
720575940632790753,central,unknown
720575940604872416,optic,optic_lobe_intrinsic
720575940636526308,central,LHLN
720575940616242918,sensory,mechanosensory
720575940623189739,sensory,mechanosensory
720575940625549036,optic,optic_lobe_intrinsic
720575940614604525,central,unknown
720575940620994287,visual_projection,unknown
720575940619028208,sensory,gustatory
720575940621354736,central,unknown
720575940628137713,central,unknown
720575940620830448,central,unknown
720575940620994292,central,unknown
720575940626728700,central,unknown
720575940624402173,descending,unknown
720575940625778428,visual_centrifugal,unknown
720575940628891396,central,unknown
720575940624336647,central,unknown
720575940626663178,central,unknown
720575940614276876,sensory,mechanosensory
720575940624008974,central,unknown
720575940628858640,descending,unknown
720575940644914967,central,unknown
720575940626597662,optic,optic_lobe_intrinsic
720575940645308196,visual_projection,unknown
720575940615030568,descending,unknown
720575940611852072,central,unknown
720575940632430381,sensory,mechanosensory
720575940609754926,central,unknown
720575940626270000,visual_projection,unknown
720575940616177458,sensory,gustatory
720575940618405686,descending,unknown
720575940631283512,central,unknown
720575940631250744,central,unknown
720575940639475517,optic,optic_lobe_intrinsic
720575940620339009,sensory,mechanosensory
720575940608083780,central,unknown
720575940625549128,sensory,mechanosensory
720575940626794314,sensory,mechanosensory
720575940629317450,central,unknown
720575940621780812,optic,optic_lobe_intrinsic
720575940639082318,central,unknown
720575940626925391,central,unknown
720575940617389908,central,unknown
720575940616079188,central,unknown
720575940640032600,central,unknown
720575940626433881,central,unknown
720575940620633947,central,unknown
720575940622632798,optic,optic_lobe_intrinsic
720575940634429279,central,unknown
720575940623091550,optic,optic_lobe_intrinsic
720575940610803554,central,unknown
720575940610508642,optic,optic_lobe_intrinsic
720575940625385316,central,unknown
720575940624664420,central,unknown
720575940632037224,descending,unknown
720575940645504878,sensory,mechanosensory
720575940637050735,central,unknown
720575940636067695,central,unknown
720575940635510639,central,unknown
720575940639410035,sensory,mechanosensory
720575940620568436,sensory,mechanosensory
720575940630005622,central,unknown
720575940618176379,central,unknown
720575940638164864,central,unknown
720575940660217729,central,ALLN
720575940648191876,central,unknown
720575940621715336,sensory,mechanosensory
720575940628236169,central,unknown
720575940617422731,optic,bilateral
720575940642916237,optic,optic_lobe_intrinsic
720575940635477902,central,unknown
720575940624861072,descending,unknown
720575940624664468,sensory,mechanosensory
720575940624730004,optic,optic_lobe_intrinsic
720575940614997910,central,unknown
720575940611360661,central,unknown
720575940610213785,sensory,mechanosensory
720575940634331036,visual_projection,unknown
720575940617226141,central,unknown
720575940638984099,sensory,mechanosensory
720575940640917411,optic,optic_lobe_intrinsic
720575940611622826,descending,unknown
720575940603201452,central,unknown
720575940631742381,central,unknown
720575940604938156,central,unknown
720575940614014895,descending,unknown
720575940633741229,central,ALLN
720575940611327923,sensory,mechanosensory
720575940634691508,central,unknown
720575940612278195,central,unknown
720575940624435128,central,ALLN
720575940638623677,central,unknown
720575940633315263,central,unknown
720575940630431685,central,unknown
720575940644587464,visual_centrifugal,unknown
720575940619945931,descending,unknown
720575940617390027,central,unknown
720575940612704209,central,unknown
720575940610148306,sensory,mechanosensory
720575940615227359,central,unknown
720575940615292895,descending,unknown
720575940610901989,central,unknown
720575940626171880,optic,optic_lobe_intrinsic
720575940627417064,ascending,AN
720575940621256682,central,unknown
720575940620896240,optic,optic_lobe_intrinsic
720575940626630641,central,unknown
720575940639705077,descending,unknown
720575940627351543,visual_centrifugal,unknown
720575940628498426,central,unknown
720575940627974138,central,unknown
720575940629415936,central,unknown
720575940622010373,descending,unknown
720575940624173063,optic,optic_lobe_intrinsic
720575940626499594,optic,optic_lobe_intrinsic
720575940628826128,motor,brain_motor_neuron
720575940629547026,central,unknown
720575940642686999,central,unknown
720575940621813786,central,unknown
720575940622764058,optic,optic_lobe_intrinsic
720575940626270236,sensory,mechanosensory
720575940620896289,optic,optic_lobe_intrinsic
720575940626073637,central,unknown
720575940623517734,visual_projection,unknown
720575940626139175,central,unknown
720575940615063592,central,unknown
720575940627810347,sensory,gustatory
720575940630661164,central,unknown
720575940632889389,sensory,gustatory
720575940626991147,central,ALPN
720575940624238640,visual_projection,unknown
720575940611852339,central,unknown
720575940627941431,sensory,mechanosensory
720575940628826172,sensory,mechanosensory
720575940630169660,central,unknown
720575940626761790,optic,optic_lobe_intrinsic
720575940617586757,central,ALLN
720575940617193541,central,unknown
720575940631971911,sensory,mechanosensory
720575940627286088,central,unknown
720575940622665801,sensory,mechanosensory
720575940616570966,motor,brain_motor_neuron
720575940631349335,central,unknown
720575940640852056,central,unknown
720575940630890583,optic,optic_lobe_intrinsic
720575940618078299,sensory,mechanosensory
720575940607854684,central,unknown
720575940617488477,central,unknown
720575940634527840,central,unknown
720575940634462304,central,mAL
720575940626401380,central,unknown
720575940604250214,central,unknown
720575940603693158,central,unknown
720575940631545960,descending,unknown
720575940632463464,central,ALPN
720575940614342762,central,unknown
720575940633774187,central,unknown
720575940645537902,descending,unknown
720575940610476145,central,unknown
720575940615981173,optic,optic_lobe_intrinsic
720575940629776502,central,unknown
720575940617128059,central,unknown
720575940628891774,sensory,gustatory
720575940658579585,central,unknown
720575940660217985,central,ALLN
720575940648650884,central,ALPN
720575940621617286,central,DAN
720575940624140424,visual_projection,unknown
720575940641704077,central,unknown
720575940633905294,optic,optic_lobe_intrinsic
720575940626860175,central,unknown
720575940616603793,central,unknown
720575940612638866,central,unknown
720575940625352852,central,unknown
720575940614998166,ascending,AN
720575940612409494,central,unknown
720575940625549464,optic,optic_lobe_intrinsic
720575940612606105,central,unknown
720575940615751839,optic,optic_lobe_intrinsic
720575940642228384,central,unknown
720575940654123169,ascending,AN
720575940614736034,descending,unknown
720575940614604962,central,unknown
720575940616505503,central,unknown
720575940620208293,central,unknown
720575940618668198,central,unknown
720575940613163170,central,unknown
720575940604479660,central,unknown
720575940636592302,descending,unknown
720575940615096495,sensory,mechanosensory
720575940613589167,descending,unknown
720575940611197107,sensory,mechanosensory
720575940611000499,sensory,mechanosensory
720575940610803891,central,unknown
720575940622895288,central,unknown
720575940615555257,sensory,mechanosensory
720575940625483962,central,unknown
720575940616308921,sensory,gustatory
720575940604217534,sensory,mechanosensory
720575940606773438,central,unknown
720575940619487425,ascending,AN
720575940618864833,central,unknown
720575940632725708,central,unknown
720575940630694092,central,unknown
720575940630530263,sensory,mechanosensory
720575940628891863,visual_projection,unknown
720575940620896477,sensory,mechanosensory
720575940622043357,central,unknown
720575940612376805,descending,unknown
720575940625909991,central,unknown
720575940624107751,central,unknown
720575940629055721,sensory,mechanosensory
720575940637903081,optic,optic_lobe_intrinsic
720575940623780075,central,unknown
720575940622403819,optic,optic_lobe_intrinsic
720575940613327085,central,unknown
720575940627417320,central,unknown
720575940624763123,central,unknown
720575940625352947,optic,optic_lobe_intrinsic
720575940630857977,optic,optic_lobe_intrinsic
720575940629121274,optic,optic_lobe_intrinsic
720575940613622014,sensory,mechanosensory
720575940617423105,ascending,AN
720575940616014081,central,unknown
720575940627548419,central,unknown
720575940622108933,central,unknown
720575940627253510,central,unknown
720575940608280841,sensory,mechanosensory
720575940607166731,sensory,unknown_sensory
720575940616014092,central,unknown
720575940628531473,central,unknown
720575940617947412,central,unknown
720575940627810581,central,unknown
720575940628793621,central,unknown
720575940633774361,central,unknown
720575940621519130,descending,unknown
720575940621814049,central,unknown
720575940647471395,descending,unknown
720575940644653348,descending,unknown
720575940644751652,descending,unknown
720575940624566566,central,unknown
720575940630071596,central,unknown
720575940632463663,sensory,mechanosensory
720575940613425459,sensory,mechanosensory
720575940612442419,central,unknown
720575940631054648,central,unknown
720575940638361919,optic,optic_lobe_intrinsic
720575940615948610,central,unknown
720575940639246662,central,unknown
720575940631447879,ascending,AN
720575940630759755,central,unknown
720575940620863820,central,unknown
720575940621814092,optic,optic_lobe_intrinsic
720575940626565455,sensory,mechanosensory
720575940626729295,descending,unknown
720575940631939415,central,unknown
720575940630956375,central,unknown
720575940636395866,sensory,mechanosensory
720575940638001498,central,unknown
720575940620306785,central,unknown
720575940621846883,optic,optic_lobe_intrinsic
720575940627253604,central,unknown
720575940636658021,central,unknown
720575940631939432,central,unknown
720575940616178026,central,unknown
720575940646521198,central,unknown
720575940645538158,central,unknown
720575940609984881,ascending,AN
720575940612016498,central,unknown
720575940625516925,central,unknown
720575940629416318,sensory,gustatory
720575940659071361,sensory,mechanosensory
720575940648683908,central,unknown
720575940626860421,central,unknown
720575940625385861,central,unknown
720575940620110215,descending,unknown
720575940620929416,central,unknown
720575940626893193,central,unknown
720575940616374667,descending,unknown
720575940615522706,visual_projection,unknown
720575940622731667,central,unknown
720575940612082066,central,unknown
720575940611885461,central,unknown
720575940614113682,central,ALLN
720575940633119127,central,unknown
720575940626041240,central,unknown
720575940613097881,central,unknown
720575940615391638,visual_projection,unknown
720575940634560922,descending,unknown
720575940616964509,central,unknown
720575940617161118,central,unknown
720575940619061662,central,ALLN
720575940642884000,central,unknown
720575940654057889,central,unknown
720575940614736290,central,unknown
720575940620274085,central,unknown
720575940627515816,central,unknown
720575940613065130,visual_centrifugal,unknown
720575940618078635,sensory,mechanosensory
720575940633938349,central,ALLN
720575940637870510,descending,unknown
720575940614572463,central,unknown
720575940610705843,sensory,mechanosensory
720575940623190453,optic,optic_lobe_intrinsic
720575940625090997,central,unknown
720575940614965691,central,unknown
720575940624533948,sensory,mechanosensory
720575940622797244,descending,unknown
720575940637051325,central,unknown
720575940635576767,central,unknown
720575940615358907,central,unknown
720575940624533956,central,unknown
720575940606806473,central,unknown
720575940625320394,central,unknown
720575940620929483,descending,unknown
720575940623223245,central,unknown
720575940630038991,central,unknown
720575940640000464,central,unknown
720575940618865112,central,ALPN
720575940614605279,central,unknown
720575940602415584,central,unknown
720575940613458403,central,unknown
720575940624468455,sensory,mechanosensory
720575940624566759,central,unknown
720575940613687789,central,unknown
720575940625844721,central,unknown
720575940612344306,sensory,mechanosensory
720575940621388276,sensory,mechanosensory
720575940627614199,central,unknown
720575940636625400,central,unknown
720575940629187065,central,unknown
720575940630071803,central,unknown
720575940614572542,central,unknown
720575940617226753,sensory,mechanosensory
720575940618603009,central,unknown
720575940616702465,central,unknown
720575940621978117,central,unknown
720575940622141965,sensory,mechanosensory
720575940624075278,central,unknown
720575940631972367,central,unknown
720575940626663953,central,unknown
720575940632463890,central,unknown
720575940627417619,descending,unknown
720575940612803094,central,unknown
720575940600646173,sensory,mechanosensory
720575940612409885,sensory,mechanosensory
720575940631841311,optic,optic_lobe_intrinsic
720575940604906016,central,unknown
720575940645407268,visual_projection,unknown
720575940631153194,central,unknown
720575940630989354,central,ALPN
720575940632463919,sensory,mechanosensory
720575940617751089,central,unknown
720575940617390641,descending,unknown
720575940613851699,sensory,mechanosensory
720575940614933043,central,unknown
720575940619553329,central,unknown
720575940617980465,central,unknown
720575940619258417,central,unknown
720575940626663994,descending,unknown
720575940615424571,central,unknown
720575940616211013,central,unknown
720575940628761160,central,unknown
720575940630530635,central,unknown
720575940638132814,central,unknown
720575940630137425,ascending,AN
720575940633315921,central,unknown
720575940616112724,central,unknown
720575940633676383,central,unknown
720575940621060705,central,unknown
720575940611164770,central,unknown
720575940635839077,central,unknown
720575940605102694,central,ALPN
720575940630202983,optic,optic_lobe_intrinsic
720575940615522922,visual_projection,unknown
720575940619848301,central,unknown
720575940637608560,descending,unknown
720575940610935410,descending,unknown
720575940608707192,central,unknown
720575940647832185,central,unknown
720575940629777018,descending,unknown
720575940627942010,central,unknown
720575940619979387,central,unknown
720575940660742785,central,unknown
720575940606315138,central,unknown
720575940628400773,central,unknown
720575940618734214,central,unknown
720575940624206472,central,ALIN
720575940635970190,central,unknown
720575940624501392,central,unknown
720575940617554577,descending,unknown
720575940612082322,central,unknown
720575940623682195,central,unknown
720575940615621266,optic,optic_lobe_intrinsic
720575940612868757,central,unknown
720575940617095837,sensory,mechanosensory
720575940643867296,central,unknown
720575940640885411,central,unknown
720575940621388453,descending,unknown
720575940614212263,central,unknown
720575940614474407,central,unknown
720575940620896937,central,ALPN
720575940612344490,central,unknown
720575940618603179,sensory,mechanosensory
720575940604054188,sensory,mechanosensory
720575940632300205,central,unknown
720575940632627885,central,unknown
720575940613917359,descending,unknown
720575940604414636,central,ALPN
720575940623125161,optic,optic_lobe_intrinsic
720575940634659508,central,unknown
720575940622338742,central,ALLN
720575940617030329,optic,optic_lobe_intrinsic
720575940622699196,central,unknown
720575940605758142,central,ALLN
720575940634299071,central,unknown
720575940620765888,optic,optic_lobe_intrinsic
720575940610476739,central,unknown
720575940614572742,visual_projection,unknown
720575940627450567,central,unknown
720575940644096712,ascending,AN
720575940632726220,central,unknown
720575940623223501,central,unknown
720575940611623630,central,unknown
720575940639705808,central,unknown
720575940610738898,central,unknown
720575940609133269,central,unknown
720575940611197658,central,unknown
720575940620012253,central,unknown
720575940632791778,central,unknown
720575940636265188,central,unknown
720575940625418983,visual_centrifugal,unknown
720575940623878891,central,unknown
720575940621355759,central,unknown
720575940621126384,motor,brain_motor_neuron
720575940622633716,descending,unknown
720575940634233592,central,unknown
720575940634790648,central,unknown
720575940631022329,optic,optic_lobe_intrinsic
720575940630334201,optic,optic_lobe_intrinsic
720575940628007676,central,LHLN
720575940631022336,central,unknown
720575940616375041,sensory,mechanosensory
720575940617128705,central,ALPN
720575940628007683,central,unknown
720575940626434822,central,unknown
720575940622666503,optic,optic_lobe_intrinsic
720575940622076680,central,unknown
720575940621159181,central,unknown
720575940621781773,central,unknown
720575940632464146,central,unknown
720575940618963732,central,unknown
720575940627680021,central,unknown
720575940611951382,optic,optic_lobe_intrinsic
720575940623649560,optic,optic_lobe_intrinsic
720575940634823449,central,unknown
720575940622109466,central,unknown
720575940621650712,ascending,AN
720575940617882397,central,unknown
720575940624763678,central,unknown
720575940630760223,optic,optic_lobe_intrinsic
720575940632431391,optic,optic_lobe_intrinsic
720575940621650721,central,unknown
720575940618570525,optic,optic_lobe_intrinsic
720575940624861989,central,unknown
720575940622437159,central,unknown
720575940622895911,central,unknown
720575940622207785,central,unknown
720575940629089067,optic,optic_lobe_intrinsic
720575940629875499,optic,optic_lobe_intrinsic
720575940631153455,central,unknown
720575940645866292,central,unknown
720575940618636086,central,unknown
720575940616538944,central,unknown
720575940608281412,central,unknown
720575940618472261,central,unknown
720575940631087943,central,unknown
720575940632365905,central,unknown
720575940631645009,central,unknown
720575940616080212,sensory,mechanosensory
720575940617489236,central,unknown
720575940631907159,central,ALLN
720575940616670045,central,unknown
720575940635642725,central,unknown
720575940635872101,descending,unknown
720575940636298085,central,unknown
720575940627745641,central,unknown
720575940614572906,descending,unknown
720575940614441834,central,unknown
720575940630006636,central,unknown
720575940627975017,central,unknown
720575940626795369,central,unknown
720575940613131122,optic,optic_lobe_intrinsic
720575940629220214,sensory,mechanosensory
720575940621585279,central,ALLN
720575940619553671,central,unknown
720575940631710604,central,unknown
720575940641606541,central,ALLN
720575940632923020,visual_projection,unknown
720575940635937678,central,unknown
720575940615261073,sensory,gustatory
720575940614310802,central,unknown
720575940609919897,sensory,gustatory
720575940617063325,sensory,mechanosensory
720575940652813217,central,unknown
720575940652452769,central,unknown
720575940620077990,optic,optic_lobe_intrinsic
720575940627221416,central,unknown
720575940610739114,visual_projection,unknown
720575940635904942,central,unknown
720575940612541359,central,unknown
720575940613262259,central,unknown
720575940612311987,descending,unknown
720575940622371765,central,unknown
720575940622863287,central,unknown
720575940625779642,central,unknown
720575940615097275,sensory,mechanosensory
720575940638624701,central,unknown
720575940618800064,central,unknown
720575940618243009,central,unknown
720575940619652033,sensory,unknown_sensory
720575940608412611,sensory,mechanosensory
720575940615424966,descending,unknown
720575940625779655,central,unknown
720575940620045259,central,unknown
720575940609592270,central,unknown
720575940631055311,optic,optic_lobe_intrinsic
720575940609362898,central,unknown
720575940633316307,central,unknown
720575940629744599,central,unknown
720575940629547991,central,unknown
720575940619455448,central,unknown
720575940610018266,sensory,mechanosensory
720575940622732253,central,unknown
720575940603464672,central,ALPN
720575940631677921,central,unknown
720575940610116581,central,unknown
720575940628663281,optic,optic_lobe_intrinsic
720575940611886066,central,unknown
720575940622896115,central,unknown
720575940651928566,central,unknown
720575940613884926,central,unknown
720575940621650943,central,unknown
720575940622863367,central,unknown
720575940623485960,central,unknown
720575940630858767,sensory,mechanosensory
720575940627713040,central,unknown
720575940625583121,central,unknown
720575940627549205,central,DAN
720575940612803606,central,LHLN
720575940643703831,central,unknown
720575940626271260,central,unknown
720575940625583132,central,unknown
720575940613557288,central,unknown
720575940622339113,central,unknown
720575940629974058,central,unknown
720575940628761643,optic,optic_lobe_intrinsic
720575940630072364,central,unknown
720575940631383085,sensory,mechanosensory
720575940624206896,central,unknown
720575940626861104,central,unknown
720575940625550398,descending,unknown
720575940637445183,sensory,mechanosensory
720575940619684928,central,mAL
720575940619455552,optic,optic_lobe_intrinsic
720575940613950530,central,unknown
720575940629777475,central,unknown
720575940637936710,central,unknown
720575940638264390,optic,optic_lobe_intrinsic
720575940626402376,sensory,mechanosensory
720575940628040778,sensory,mechanosensory
720575940623027274,central,unknown
720575940629548107,central,unknown
720575940624665677,central,unknown
720575940626992202,central,unknown
720575940629384271,visual_projection,unknown
720575940623289420,optic,optic_lobe_intrinsic
720575940619553877,sensory,mechanosensory
720575940625976409,central,unknown
720575940637084762,sensory,mechanosensory
720575940624698457,central,unknown
720575940634528864,central,unknown
720575940618800225,central,ALPN
720575940624010339,central,unknown
720575940627745895,central,unknown
720575940629941356,sensory,mechanosensory
720575940621290605,central,unknown
720575940636167280,central,ALPN
720575940612050033,ascending,AN
720575940611329138,sensory,mechanosensory
720575940637281395,central,unknown
720575940611329137,central,unknown
720575940629056630,central,unknown
720575940635774071,central,unknown
720575940610215032,central,unknown
720575940608904312,central,unknown
720575940629122170,sensory,mechanosensory
720575940623125628,descending,unknown
720575940621552767,central,unknown
720575940621814911,central,unknown
720575940659399809,central,unknown
720575940639083648,central,unknown
720575940645670020,central,unknown
720575940620504198,central,unknown
720575940623387786,central,unknown
720575940634627214,ascending,AN
720575940625845391,central,unknown
720575940625878160,descending,unknown
720575940616604817,descending,unknown
720575940615097490,visual_projection,ocellar
720575940625452176,central,LHLN
720575940624632980,central,unknown
720575940612738197,central,unknown
720575940614900882,optic,optic_lobe_intrinsic
720575940633840782,optic,optic_lobe_intrinsic
720575940633611418,central,unknown
720575940620111006,central,unknown
720575940618996894,optic,optic_lobe_intrinsic
720575940642458784,central,unknown
720575940619652261,central,unknown
720575940613426343,central,unknown
720575940621388969,central,unknown
720575940622175401,central,unknown
720575940604972209,sensory,mechanosensory
720575940605725873,descending,unknown
720575940623158453,sensory,mechanosensory
720575940605398206,sensory,mechanosensory
720575940634037439,central,unknown
720575940630334658,descending,unknown
720575940623551684,visual_projection,unknown
720575940625845447,visual_projection,unknown
720575940623748298,central,unknown
720575940610477262,central,unknown
720575940633316563,central,unknown
720575940622044381,central,unknown
720575940622503133,central,unknown
720575940635970782,central,unknown
720575940612574435,central,unknown
720575940625419495,central,unknown
720575940623355114,descending,unknown
720575940623420651,optic,optic_lobe_intrinsic
720575940623224044,sensory,mechanosensory
720575940641967349,optic,optic_lobe_intrinsic
720575940652059894,sensory,mechanosensory
720575940628434167,sensory,mechanosensory
720575940641148149,descending,unknown
720575940626238716,descending,unknown
720575940629253376,sensory,mechanosensory
720575940624993538,sensory,mechanosensory
720575940626533634,ascending,AN
720575940627221764,central,unknown
720575940623781127,descending,unknown
720575940624993543,optic,optic_lobe_intrinsic
720575940626533642,sensory,mechanosensory
720575940630891791,central,unknown
720575940627418387,central,unknown
720575940621421844,central,unknown
720575940644228375,central,unknown
720575940622667032,sensory,mechanosensory
720575940631579929,central,unknown
720575940609527069,sensory,mechanosensory
720575940626730270,central,unknown
720575940633185567,motor,brain_motor_neuron
720575940619160861,central,unknown
720575940620766497,central,unknown
720575940617948445,central,unknown
720575940626042149,sensory,mechanosensory
720575940624076071,central,unknown
720575940622961961,sensory,mechanosensory
720575940622929193,descending,unknown
720575940631416109,sensory,mechanosensory
720575940630924591,central,unknown
720575940620438833,optic,optic_lobe_intrinsic
720575940615359794,central,unknown
720575940618112310,central,ALLN
720575940629253431,sensory,mechanosensory
720575940618210614,central,ALPN
720575940631416121,central,unknown
720575940625780026,visual_centrifugal,unknown
720575940618440000,descending,unknown
720575940620537153,central,unknown
720575940615032130,central,unknown
720575940615392578,optic,optic_lobe_intrinsic
720575940623158601,central,unknown
720575940631121227,central,unknown
720575940630695243,optic,optic_lobe_intrinsic
720575940623093068,optic,optic_lobe_intrinsic
720575940637838670,sensory,mechanosensory
720575940627189071,central,unknown
720575940626468178,central,unknown
720575940630564179,sensory,mechanosensory
720575940619914581,ascending,AN
720575940616801622,central,unknown
720575940631973207,descending,unknown
720575940629024087,optic,optic_lobe_intrinsic
720575940619128155,central,unknown
720575940619783518,central,unknown
720575940635118943,central,unknown
720575940620602721,sensory,mechanosensory
720575940621225313,central,unknown
720575940621716835,central,unknown
720575940624436580,central,unknown
720575940635839845,central,unknown
720575940631383400,central,unknown
720575940628598121,central,unknown
720575940614114666,central,unknown
720575940615196010,optic,optic_lobe_intrinsic
720575940630334828,central,unknown
720575940616113514,visual_projection,unknown
720575940643671406,central,unknown
720575940627451241,central,unknown
720575940610772337,central,unknown
720575940613361010,central,unknown
720575940614081909,central,unknown
720575940629384566,central,unknown
720575940648095097,sensory,mechanosensory
720575940629450106,central,unknown
720575940628041082,central,unknown
720575940620012923,central,unknown
720575940649045369,central,ALPN
720575940629745022,ascending,AN
720575940621651327,central,unknown
720575940638592384,sensory,mechanosensory
720575940660219265,motor,brain_motor_neuron
720575940658875777,central,unknown
720575940641213824,visual_projection,unknown
720575940639968640,central,unknown
720575940625780105,central,unknown
720575940622437770,visual_projection,unknown
720575940633218444,descending,unknown
720575940636593550,central,unknown
720575940625845647,central,unknown
720575940628532623,optic,optic_lobe_intrinsic
720575940626369944,central,unknown
720575940635086234,sensory,mechanosensory
720575940635807130,central,unknown
720575940635053468,central,unknown
720575940618735005,central,unknown
720575940629155227,descending,unknown
720575940615622050,optic,bilateral
720575940639542691,central,unknown
720575940619718054,central,unknown
720575940619750822,visual_projection,unknown
720575940621323689,sensory,mechanosensory
720575940621061545,visual_projection,unknown
720575940603989420,visual_projection,unknown
720575940612312499,sensory_ascending,unknown_sensory
720575940635610548,central,unknown
720575940623158709,central,unknown
720575940624534972,central,unknown
720575940639903165,central,unknown
720575940623912380,central,unknown
720575940618571200,central,unknown
720575940609691075,sensory,mechanosensory
720575940630957509,central,unknown
720575940616736198,central,unknown
720575940631940559,central,unknown
720575940632530387,central,unknown
720575940633349587,central,unknown
720575940611132890,sensory,mechanosensory
720575940629220828,central,unknown
720575940635282910,central,unknown
720575940604874208,central,unknown
720575940613590501,central,ALLN
720575940616736230,central,unknown
720575940624305642,central,unknown
720575940620013044,central,unknown
720575940619914740,central,unknown
720575940641148405,central,unknown
720575940631023099,motor,brain_motor_neuron
720575940624502269,sensory,unknown_sensory
720575940621880831,central,unknown
720575940628893188,optic,optic_lobe_intrinsic
720575940608118283,central,unknown
720575940621291028,optic,optic_lobe_intrinsic
720575940645047831,descending,unknown
720575940624928284,central,unknown
720575940633316895,optic,optic_lobe_intrinsic
720575940604808736,central,unknown
720575940621717025,sensory,unknown_sensory
720575940616900130,central,unknown
720575940645834275,descending,unknown
720575940643573284,central,unknown
720575940622667303,central,unknown
720575940613590579,descending,unknown
720575940640820788,sensory,mechanosensory
720575940647046708,central,unknown
720575940616867382,central,unknown
720575940631842360,central,unknown
720575940630597177,sensory,mechanosensory
720575940625092154,central,unknown
720575940627549754,visual_projection,unknown
720575940629810748,motor,brain_motor_neuron
720575940627254856,central,unknown
720575940629974603,optic,optic_lobe_intrinsic
720575940622274124,central,unknown
720575940618571344,central,unknown
720575940615720532,central,unknown
720575940617490005,sensory,mechanosensory
720575940629581399,optic,optic_lobe_intrinsic
720575940624338521,sensory,mechanosensory
720575940606676572,central,unknown
720575940635774559,optic,optic_lobe_intrinsic
720575940635184735,central,unknown
720575940620635747,central,unknown
720575940627811945,central,unknown
720575940619390573,central,unknown
720575940614147701,descending,unknown
720575940631219830,optic,optic_lobe_intrinsic
720575940627844734,central,ALPN
720575940660219521,central,unknown
720575940606185090,central,unknown
720575940626042499,central,unknown
720575940624666245,central,unknown
720575940618931846,central,unknown
720575940621684358,central,unknown
720575940625616521,central,mAL
720575940622995082,central,unknown
720575940633087628,central,unknown
720575940625813140,central,unknown
720575940612935317,central,unknown
720575940634726039,central,unknown
720575940627680923,central,unknown
720575940614803103,central,unknown
720575940619259558,central,unknown
720575940613656231,central,unknown
720575940612968103,central,unknown
720575940621455017,sensory,mechanosensory
720575940622700201,visual_projection,unknown
720575940621618859,central,ALIN
720575940610379443,optic,optic_lobe_intrinsic
720575940635184820,sensory,mechanosensory
720575940622208695,central,unknown
720575940615229115,sensory,mechanosensory
720575940625190588,central,unknown
720575940634136255,central,unknown
720575940629810882,ascending,AN
720575940610510531,optic,optic_lobe_intrinsic
720575940621553348,ascending,AN
720575940630990533,descending,unknown
720575940624142020,visual_projection,unknown
720575940626337479,central,unknown
720575940644064968,central,unknown
720575940628238023,central,unknown
720575940610739918,visual_projection,unknown
720575940640329424,central,unknown
720575940608970453,central,unknown
720575940618833624,visual_centrifugal,unknown
720575940617031385,descending,unknown
720575940635545310,sensory,mechanosensory
720575940634726113,central,unknown
720575940623781611,descending,unknown
720575940623224555,central,unknown
720575940621422319,central,unknown
720575940618669808,sensory,mechanosensory
720575940612443890,central,unknown
720575940611395314,central,unknown
720575940650422006,optic,optic_lobe_intrinsic
720575940629384951,central,unknown
720575940629876473,ascending,AN
720575940630204155,visual_centrifugal,unknown
720575940626009852,descending,unknown
720575940623322877,central,unknown
720575940624273149,central,unknown
720575940623978239,optic,optic_lobe_intrinsic
720575940629712640,central,unknown
720575940627582724,descending,unknown
720575940625911556,central,unknown
720575940627091206,central,unknown
720575940623453959,central,unknown
720575940624600840,central,unknown
720575940607725321,central,unknown
720575940626435850,visual_projection,unknown
720575940609265417,optic,optic_lobe_intrinsic
720575940614377228,sensory,mechanosensory
720575940623847181,central,unknown
720575940623519502,sensory,mechanosensory
720575940623290126,central,unknown
720575940624404238,central,unknown
720575940627189525,central,unknown
720575940611821334,visual_projection,unknown
720575940643966743,central,unknown
720575940626272030,central,unknown
720575940626075422,central,unknown
720575940615458594,sensory,mechanosensory
720575940618669858,central,unknown
720575940624437029,central,unknown
720575940624863015,central,ALPN
720575940623322921,central,unknown
720575940628533036,central,unknown
720575940632137517,central,unknown
720575940640263989,optic,optic_lobe_intrinsic
720575940630859577,central,unknown
720575940631056185,central,unknown
720575940630236988,descending,unknown
720575940637085503,central,unknown
720575940614803266,sensory,mechanosensory
720575940632203075,central,unknown
720575940614311746,visual_projection,unknown
720575940607790916,central,unknown
720575940611067716,optic,optic_lobe_intrinsic
720575940631809863,sensory,mechanosensory
720575940627812168,descending,unknown
720575940624502601,visual_centrifugal,unknown
720575940614770498,central,unknown
720575940630826827,central,unknown
720575940622307148,central,unknown
720575940625878861,central,unknown
720575940622733133,central,LHLN
720575940629024591,central,unknown
720575940631547729,central,unknown
720575940627353426,central,ALPN
720575940632760147,central,unknown
720575940630302551,central,unknown
720575940631187287,visual_projection,ocellar
720575940637019994,sensory,mechanosensory
720575940608610140,optic,optic_lobe_intrinsic
720575940633153375,sensory,mechanosensory
720575940633579360,sensory,unknown_sensory
720575940625747812,descending,unknown
720575940628402023,sensory,mechanosensory
720575940635742063,optic,optic_lobe_intrinsic
720575940637216624,central,unknown
720575940636168048,central,unknown
720575940630695798,descending,unknown
720575940630040438,central,unknown
720575940619128699,central,unknown
720575940626075517,central,unknown
720575940621782911,optic,optic_lobe_intrinsic
720575940657598337,central,unknown
720575940626730883,descending,unknown
720575940619161479,sensory,mechanosensory
720575940628238217,central,unknown
720575940623486858,central,unknown
720575940630630284,sensory,mechanosensory
720575940613885842,central,unknown
720575940623126419,visual_projection,unknown
720575940610674581,sensory,mechanosensory
720575940624109464,central,unknown
720575940628467611,central,ALPN
720575940618735517,central,unknown
720575940617129885,central,unknown
720575940615753629,central,unknown
720575940614999967,optic,optic_lobe_intrinsic
720575940618833840,central,unknown
720575940603695025,central,unknown
720575940605824946,sensory,mechanosensory
720575940606873522,central,unknown
720575940634464180,central,unknown
720575940623617973,central,ALPN
720575940635611060,ascending,AN
720575940621422518,central,unknown
720575940626010042,central,unknown
720575940627255226,optic,optic_lobe_intrinsic
720575940635578303,central,unknown
720575940620341185,optic,optic_lobe_intrinsic
720575940627812295,optic,optic_lobe_intrinsic
720575940618309579,central,unknown
720575940622045133,central,unknown
720575940631023567,central,unknown
720575940613558225,central,unknown
720575940616114132,central,unknown
720575940640133083,central,unknown
720575940621717469,central,unknown
720575940616376287,descending,unknown
720575940614213599,visual_projection,unknown
720575940632596449,sensory,mechanosensory
720575940634660833,central,unknown
720575940604088288,central,unknown
720575940613099493,central,unknown
720575940612968421,visual_projection,unknown
720575940629647351,sensory,mechanosensory
720575940628991993,central,unknown
720575940628041722,sensory,mechanosensory
720575940628762618,central,unknown
720575940628598780,central,unknown
720575940613427198,visual_projection,unknown
720575940612804606,descending,unknown
720575940629483520,central,unknown
720575940627812358,central,unknown
720575940623781896,central,unknown
720575940623454216,central,unknown
720575940607627275,central,unknown
720575940626108433,sensory,mechanosensory
720575940629843986,central,unknown
720575940642820119,central,unknown
720575940622209048,central,unknown
720575940624470044,central,unknown
720575940619161629,optic,optic_lobe_intrinsic
720575940627976222,central,unknown
720575940632596511,optic,optic_lobe_intrinsic
720575940603924512,central,unknown
720575940621684769,sensory,mechanosensory
720575940622340137,sensory,mechanosensory
720575940621586473,descending,unknown
720575940631416877,central,unknown
720575940627976247,central,unknown
720575940631253052,central,unknown
720575940640559165,central,ALLN
720575940628500540,central,unknown
720575940637118527,central,unknown
720575940619653184,central,unknown
720575940621946945,visual_projection,unknown
720575940636299327,optic,optic_lobe_intrinsic
720575940622405708,sensory,gustatory
720575940616015956,central,unknown
720575940640100440,central,unknown
720575940638789720,central,unknown
720575940620537947,central,unknown
720575940610773090,sensory,gustatory
720575940624732260,central,unknown
720575940625780836,central,unknown
720575940632399976,optic,optic_lobe_intrinsic
720575940635119723,central,unknown
720575940633972847,central,unknown
720575940634857583,visual_projection,unknown
720575940635906160,central,unknown
720575940612149362,central,unknown
720575940615950453,central,unknown
720575940628467830,descending,unknown
720575940635283575,visual_projection,unknown
720575940650717305,optic,optic_lobe_intrinsic
720575940629778554,motor,brain_motor_neuron
720575940620144763,central,unknown
720575940618899579,optic,optic_lobe_intrinsic
720575940628009085,central,unknown
720575940627681406,central,unknown
720575940648325252,optic,optic_lobe_intrinsic
720575940628107397,optic,optic_lobe_intrinsic
720575940620177543,central,unknown
720575940632105100,central,unknown
720575940625518736,central,unknown
720575940617130129,sensory,mechanosensory
720575940613296274,central,unknown
720575940614672534,central,unknown
720575940626960536,central,unknown
720575940613623961,central,unknown
720575940634038426,central,unknown
720575940634333338,ascending,AN
720575940644753568,central,unknown
720575940633710756,motor,brain_motor_neuron
720575940619489445,sensory,mechanosensory
720575940632957092,visual_projection,unknown
720575940615295143,optic,optic_lobe_intrinsic
720575940623126697,visual_projection,bilateral
720575940611690666,sensory,mechanosensory
720575940612149418,sensory,mechanosensory
720575940611788970,central,unknown
720575940634759348,central,unknown
720575940625158328,optic,optic_lobe_intrinsic
720575940617556153,ascending,AN
720575940615655611,central,unknown
720575940606775486,optic,optic_lobe_intrinsic
720575940629287106,optic,optic_lobe_intrinsic
720575940607037635,descending,unknown
720575940610511043,central,ALPN
720575940616245446,visual_centrifugal,ocellar
720575940632727756,central,unknown
720575940621848781,sensory,mechanosensory
720575940633612492,central,unknown
720575940630597839,sensory,gustatory
720575940628992207,central,unknown
720575940611723473,sensory,mechanosensory
720575940629418199,central,unknown
720575940619456728,central,ALPN
720575940628926684,sensory,mechanosensory
720575940629287132,central,unknown
720575940605890784,central,unknown
720575940633186530,central,unknown
720575940624470247,central,unknown
720575940613558509,descending,unknown
720575940620243183,sensory,mechanosensory
720575940618440943,descending,unknown
720575940620931312,central,ALPN
720575940620898544,optic,optic_lobe_intrinsic
720575940624601331,central,unknown
720575940619620596,sensory_ascending,AN
720575940640788725,central,unknown
720575940612804862,descending,unknown
720575940619784453,central,unknown
720575940622471431,sensory,mechanosensory
720575940625223944,central,unknown
720575940607037707,central,unknown
720575940617064716,visual_centrifugal,unknown
720575940631122191,descending,unknown
720575940628730129,optic,optic_lobe_intrinsic
720575940619424020,central,unknown
720575940627976478,central,unknown
720575940605694240,central,unknown
720575940606218528,central,unknown
720575940606578976,central,unknown
720575940622340393,sensory,mechanosensory
720575940610609454,central,ALPN
720575940612477235,central,unknown
720575940639314229,descending,unknown
720575940619686208,sensory,mechanosensory
720575940620407105,ascending,AN
720575940618277184,central,ALPN
720575940610576708,visual_centrifugal,unknown
720575940637184326,central,unknown
720575940627157322,central,unknown
720575940630335819,central,unknown
720575940619161936,central,unknown
720575940628533591,sensory,mechanosensory
720575940636561754,central,unknown
720575940634104159,sensory,mechanosensory
720575940635119967,central,unknown
720575940610445666,optic,optic_lobe_intrinsic
720575940626338148,central,unknown
720575940625584484,central,ALLN
720575940624470372,central,unknown
720575940627452263,central,unknown
720575940629614953,optic,optic_lobe_intrinsic
720575940636070255,central,unknown
720575940640723315,descending,unknown
720575940637282675,central,unknown
720575940630925686,optic,optic_lobe_intrinsic
720575940609298808,sensory,mechanosensory
720575940629123454,central,unknown
720575940660220289,descending,unknown
720575940624404872,descending,unknown
720575940615623051,descending,unknown
720575940635087246,central,unknown
720575940627779983,central,unknown
720575940633121175,sensory,mechanosensory
720575940611428761,central,unknown
720575940633612698,central,unknown
720575940634726810,central,unknown
720575940654453153,central,unknown
720575940639773091,central,unknown
720575940632695204,optic,optic_lobe_intrinsic
720575940621226405,central,DAN
720575940621586854,motor,brain_motor_neuron
720575940621947302,central,unknown
720575940621619627,visual_centrifugal,unknown
720575940604285356,central,unknown
720575940615131567,central,unknown
720575940620276144,sensory,mechanosensory
720575940635185588,sensory,mechanosensory
720575940636168628,ascending,AN
720575940633711028,central,unknown
720575940621849015,central,unknown
720575940638396861,central,unknown
720575940603957694,central,unknown
720575940619751872,descending,unknown
720575940619784641,central,unknown
720575940621554112,descending,unknown
720575940608545219,central,unknown
720575940609659331,optic,optic_lobe_intrinsic
720575940606087625,central,unknown
720575940624175565,central,ALPN
720575940630991311,central,unknown
720575940608971218,sensory,mechanosensory
720575940617097684,central,unknown
720575940628828631,sensory,mechanosensory
720575940616507865,central,unknown
720575940629975516,central,unknown
720575940621947357,central,unknown
720575940602974688,central,unknown
720575940631384545,sensory,mechanosensory
720575940614214115,optic,optic_lobe_intrinsic
720575940613296613,central,unknown
720575940612444645,central,unknown
720575940611920365,central,unknown
720575940620866036,central,unknown
720575940621226484,descending,unknown
720575940649865718,central,unknown
720575940650979830,central,unknown
720575940629254647,central,unknown
720575940630139386,motor,brain_motor_neuron
720575940622635517,sensory,mechanosensory
720575940623389183,optic,optic_lobe_intrinsic
720575940607332873,optic,optic_lobe_intrinsic
720575940614738444,visual_projection,unknown
720575940625977870,central,unknown
720575940630794767,sensory,mechanosensory
720575940630598159,central,unknown
720575940625486357,ascending,AN
720575940626567701,central,unknown
720575940633776665,visual_centrifugal,unknown
720575940618932763,central,unknown
720575940627419676,descending,unknown
720575940626993694,descending,unknown
720575940632728095,visual_centrifugal,unknown
720575940632465962,optic,optic_lobe_intrinsic
720575940631482922,central,unknown
720575940631319084,central,unknown
720575940629025324,sensory,gustatory
720575940615426610,central,unknown
720575940611920435,central,unknown
720575940615557682,optic,optic_lobe_intrinsic
720575940637807156,optic,optic_lobe_intrinsic
720575940618342966,central,unknown
720575940616835634,optic,optic_lobe_intrinsic
720575940632891961,visual_projection,bilateral
720575940619457088,optic,optic_lobe_intrinsic
720575940615033410,sensory,mechanosensory
720575940616376901,central,unknown
720575940616671813,central,unknown
720575940632302151,descending,unknown
720575940627845704,descending,unknown
720575940628763208,central,unknown
720575940637610566,central,unknown
720575940637905478,visual_projection,unknown
720575940627976776,optic,optic_lobe_intrinsic
720575940623290957,central,unknown
720575940626403917,optic,bilateral
720575940627845711,sensory,mechanosensory
720575940628632143,central,unknown
720575940632302161,sensory,gustatory
720575940626666066,sensory,mechanosensory
720575940619358800,central,unknown
720575940630303307,central,unknown
720575940618310229,central,unknown
720575940617818708,central,unknown
720575940638134872,central,unknown
720575940627812953,central,unknown
720575940621292126,central,LHLN
720575940633547359,sensory,mechanosensory
720575940612018786,optic,optic_lobe_intrinsic
720575940631319144,central,unknown
720575940627714665,sensory,mechanosensory
720575940629877356,central,unknown
720575940630041206,central,unknown
720575940636332663,sensory,mechanosensory
720575940635120247,central,unknown
720575940620472956,ascending,AN
720575940622275199,visual_centrifugal,unknown
720575940606743170,central,unknown
720575940647473796,central,unknown
720575940646687364,ascending,AN
720575940626436741,central,unknown
720575940630893196,sensory,gustatory
720575940630991500,central,unknown
720575940615688850,central,unknown
720575940614476434,central,unknown
720575940623618708,central,unknown
720575940614705810,central,unknown
720575940610511509,central,unknown
720575940634825367,central,unknown
720575940635873946,visual_projection,unknown
720575940633350812,central,unknown
720575940633318044,central,unknown
720575940633645732,optic,optic_lobe_intrinsic
720575940620374693,central,unknown
720575940615393959,central,unknown
720575940603728561,sensory,mechanosensory
720575940611756723,descending,unknown
720575940635513524,central,unknown
720575940622570165,sensory,mechanosensory
720575940620014262,central,unknown
720575940623225525,visual_projection,unknown
720575940620866230,central,unknown
720575940614279867,central,unknown
720575940622865084,central,unknown
720575940640199357,central,unknown
720575940627190466,visual_centrifugal,unknown
720575940621324996,central,unknown
720575940630696645,sensory,olfactory
720575940625650378,sensory,mechanosensory
720575940617622219,central,unknown
720575940623192781,central,unknown
720575940610872014,descending,unknown
720575940630991567,central,unknown
720575940612969169,sensory,mechanosensory
720575940614181585,descending,unknown
720575940611920594,optic,optic_lobe_intrinsic
720575940616311513,sensory,olfactory
720575940639904475,sensory,mechanosensory
720575940628861660,central,unknown
720575940628599516,central,unknown
720575940633613026,central,unknown
720575940636365540,sensory,mechanosensory
720575940636267236,central,unknown
720575940627747560,central,unknown
720575940624700138,central,unknown
720575940621325034,descending,unknown
720575940623553260,central,unknown
720575940621128432,central,unknown
720575940650357494,central,unknown
720575940629549815,sensory,mechanosensory
720575940627911415,central,unknown
720575940629975799,central,unknown
720575940612936446,central,unknown
720575940620833535,central,unknown
720575940617720577,central,unknown
720575940618769153,central,unknown
720575940619064065,visual_projection,unknown
720575940627354372,central,unknown
720575940622537477,descending,unknown
720575940621947653,descending,unknown
720575940629451526,optic,optic_lobe_intrinsic
720575940622897928,central,unknown
720575940623684366,central,unknown
720575940631319311,central,unknown
720575940620997396,visual_projection,unknown
720575940618703636,visual_projection,unknown
720575940622930712,central,unknown
720575940622734106,central,unknown
720575940620735258,central,unknown
720575940620636954,central,unknown
720575940625748764,central,unknown
720575940618375965,optic,optic_lobe_intrinsic
720575940605694752,ascending,AN
720575940619686689,sensory,mechanosensory
720575940618539810,motor,brain_motor_neuron
720575940626699045,optic,optic_lobe_intrinsic
720575940623291174,central,unknown
720575940613428008,sensory,mechanosensory
720575940631450413,sensory,mechanosensory
720575940632171309,central,unknown
720575940617917233,central,unknown
720575940619162417,central,unknown
720575940647703348,visual_projection,unknown
720575940628173623,central,unknown
720575940627419962,central,unknown
720575940629648188,central,unknown
720575940640625469,optic,optic_lobe_intrinsic
720575940639019839,central,unknown
720575940632826691,central,unknown
720575940617589573,sensory,mechanosensory
720575940624274249,central,unknown
720575940629123914,optic,optic_lobe_intrinsic
720575940623160140,optic,optic_lobe_intrinsic
720575940628239183,central,unknown
720575940618474320,sensory,mechanosensory
720575940619948880,central,unknown
720575940618769232,optic,optic_lobe_intrinsic
720575940630467411,central,unknown
720575940617392980,central,unknown
720575940619490133,central,unknown
720575940619883344,optic,optic_lobe_intrinsic
720575940629058391,central,unknown
720575940625748825,central,unknown
720575940626961241,central,unknown
720575940621325150,central,unknown
720575940628337511,ascending,AN
720575940630041452,central,unknown
720575940612903793,optic,optic_lobe_intrinsic
720575940618998644,sensory,mechanosensory
720575940611527544,central,LHLN
720575940621587324,visual_centrifugal,unknown
720575940626142077,central,unknown
720575940629123966,central,unknown
720575940622668671,optic,optic_lobe_intrinsic
720575940607071106,central,unknown
720575940618900358,central,unknown
720575940621128583,central,unknown
720575940640396173,ascending,AN
720575940624962448,central,unknown
720575940616934289,sensory,mechanosensory
720575940613165970,central,unknown
720575940611560341,optic,optic_lobe_intrinsic
720575940612739989,optic,optic_lobe_intrinsic
720575940634825623,central,unknown
720575940626961304,central,unknown
720575940616344477,visual_projection,unknown
720575940615623586,central,unknown
720575940632433572,central,unknown
720575940619654053,descending,unknown
720575940620800933,central,unknown
720575940621226917,central,unknown
720575940622537653,descending,unknown
720575940623324087,central,unknown
720575940623553468,sensory,mechanosensory
720575940605498302,central,unknown
720575940635055039,central,unknown
720575940629484482,sensory,mechanosensory
720575940623848388,central,unknown
720575940610708430,central,unknown
720575940633940947,central,unknown
720575940617917396,descending,unknown
720575940619588568,central,unknown
720575940640986075,central,ALLN
720575940636234718,visual_projection,unknown
720575940613952479,optic,optic_lobe_intrinsic
720575940605858784,optic,optic_lobe_intrinsic
720575940631385057,central,unknown
720575940618245094,optic,optic_lobe_intrinsic
720575940621325290,central,unknown
720575940623848428,visual_projection,unknown
720575940620866544,central,unknown
720575940626404337,central,unknown
720575940641281013,central,unknown
720575940626043900,central,unknown
720575940621521917,sensory,mechanosensory
720575940621620229,central,ALPN
720575940623455239,central,unknown
720575940625421320,optic,optic_lobe_intrinsic
720575940626928650,central,unknown
720575940614018060,central,unknown
720575940617032716,central,unknown
720575940626666515,central,unknown
720575940621128724,central,unknown
720575940617884692,sensory_ascending,AN
720575940625552412,central,unknown
720575940617688093,central,unknown
720575940625454108,central,unknown
720575940631417887,central,unknown
720575940605400096,central,ALPN
720575940625585182,central,unknown
720575940615787554,central,unknown
720575940647113763,visual_projection,unknown
720575940622406694,sensory,mechanosensory
720575940625912871,central,unknown
720575940626568235,central,unknown
720575940627747884,central,unknown
720575940611429422,central,unknown
720575940618540081,central,unknown
720575940613657650,sensory,mechanosensory
720575940615197747,motor,brain_motor_neuron
720575940612772915,central,unknown
720575940629812284,sensory,mechanosensory
720575940626043966,central,unknown
720575940637381695,central,unknown
720575940617884736,central,unknown
720575940627223614,central,unknown
720575940637742150,central,unknown
720575940626404429,ascending,AN
720575940638364750,central,unknown
720575940617819216,central,unknown
720575940625454162,ascending,AN
720575940618474581,sensory,mechanosensory
720575940618409045,central,unknown
720575940628599895,visual_projection,unknown
720575940608021596,sensory,mechanosensory
720575940607005788,sensory,mechanosensory
720575940622996579,descending,unknown
720575940622177379,optic,optic_lobe_intrinsic
720575940635841637,central,unknown
720575940629091431,central,ALON
720575940627649641,central,unknown
720575940614378602,central,unknown
720575940633285739,optic,optic_lobe_intrinsic
720575940635907179,optic,optic_lobe_intrinsic
720575940620833901,ascending,AN
720575940629386345,visual_projection,unknown
720575940630697078,descending,unknown
720575940629812346,descending,unknown
720575940619097211,optic,optic_lobe_intrinsic
720575940629681278,central,unknown
720575940628599934,central,unknown
720575940659860609,central,unknown
720575940646753412,descending,unknown
720575940625716357,central,unknown
720575940622144648,sensory,unknown_sensory
720575940616508555,sensory,mechanosensory
720575940617917579,central,unknown
720575940642428045,central,unknown
720575940627027087,central,unknown
720575940625355920,ascending,AN
720575940625323151,central,unknown
720575940617098385,central,unknown
720575940623029395,central,unknown
720575940634825879,descending,unknown
720575940626109592,central,unknown
720575940634170524,central,LHLN
720575940639610019,optic,optic_lobe_intrinsic
720575940623160489,optic,optic_lobe_intrinsic
720575940610380970,central,unknown
720575940620342443,central,unknown
720575940605367473,central,unknown
720575940620833974,central,unknown
720575940624176312,central,unknown
720575940625388730,central,unknown
720575940615623867,central,unknown
720575940613788859,central,unknown
720575940605793470,optic,optic_lobe_intrinsic
720575940633810111,sensory,mechanosensory
720575940634629311,sensory,mechanosensory
720575940631942341,central,unknown
720575940615787718,optic,optic_lobe_intrinsic
720575940631975109,central,unknown
720575940620473547,descending,unknown
720575940632040652,central,unknown
720575940623193293,descending,unknown
720575940609594574,central,unknown
720575940623226061,central,unknown
720575940611527886,optic,optic_lobe_intrinsic
720575940611888337,central,unknown
720575940618048724,central,unknown
720575940620899542,central,unknown
720575940630140119,central,unknown
720575940612248794,central,unknown
720575940642198747,descending,unknown
720575940638627038,central,unknown
720575940631090402,descending,unknown
720575940614214883,central,unknown
720575940637185252,central,ALPN
720575940612478181,sensory,mechanosensory
720575940618671343,central,unknown
720575940619130096,central,unknown
720575940622734576,central,unknown
720575940640462069,central,unknown
720575940652258550,central,unknown
720575940624176381,central,unknown
720575940621489407,optic,optic_lobe_intrinsic
720575940616967425,central,unknown
720575940626633986,optic,optic_lobe_intrinsic
720575940607726857,optic,optic_lobe_intrinsic
720575940609725705,optic,optic_lobe_intrinsic
720575940625913105,central,unknown
720575940631549202,descending,unknown
720575940643509527,central,unknown
720575940620801304,central,unknown
720575940617393435,ascending,AN
720575940617393437,sensory,mechanosensory
720575940619031837,central,unknown
720575940605007136,central,unknown
720575940621325601,sensory,mechanosensory
720575940645541155,central,unknown
720575940644656419,optic,optic_lobe_intrinsic
720575940628370732,central,unknown
720575940633941293,central,unknown
720575940632958253,ascending,AN
720575940631549231,sensory,mechanosensory
720575940630041900,central,unknown
720575940614935859,central,unknown
720575940618769718,central,unknown
720575940618933558,optic,optic_lobe_intrinsic
720575940629845303,central,unknown
720575940628436282,descending,unknown
720575940609922372,central,unknown
720575940610938180,optic,optic_lobe_intrinsic
720575940625388873,central,unknown
720575940623062349,central,unknown
720575940624471373,central,unknown
720575940632401233,central,unknown
720575940626077010,sensory,mechanosensory
720575940640855384,central,unknown
720575940609168732,central,unknown
720575940619785566,central,unknown
720575940632466784,sensory,mechanosensory
720575940633548128,ascending,AN
720575940625585508,central,ALLN
720575940637611365,central,unknown
720575940614280554,sensory,mechanosensory
720575940628796780,descending,unknown
720575940630664556,central,unknown
720575940643673454,sensory,mechanosensory
720575940628338028,central,ALPN
720575940612019569,central,unknown
720575940611134833,visual_projection,unknown
720575940638922099,central,unknown
720575940622505332,optic,optic_lobe_intrinsic
720575940629812602,central,unknown
720575940619556219,visual_projection,unknown
720575940623422844,central,unknown
720575940616738171,central,unknown
720575940608185730,central,unknown
720575940625356163,central,unknown
720575940605597058,optic,optic_lobe_intrinsic
720575940624209288,central,unknown
720575940615755147,central,unknown
720575940617852299,central,unknown
720575940636202382,optic,optic_lobe_intrinsic
720575940624504212,central,unknown
720575940624045460,central,unknown
720575940613133718,central,unknown
720575940634826135,sensory,mechanosensory
720575940625487256,central,unknown
720575940634432919,central,unknown
720575940624012692,central,ALLN
720575940633351578,central,unknown
720575940635022746,central,unknown
720575940634301852,central,unknown
720575940613526937,optic,optic_lobe_intrinsic
720575940618311070,central,unknown
720575940615460255,ascending,AN
720575940614280607,central,unknown
720575940615689634,ascending,AN
720575940604843436,central,unknown
720575940632008109,central,unknown
720575940636267950,visual_projection,unknown
720575940613166515,central,unknown
720575940633744820,visual_projection,unknown
720575940638791101,sensory,mechanosensory
720575940619720129,visual_projection,unknown
720575940629845442,central,unknown
720575940632532428,optic,optic_lobe_intrinsic
720575940623193549,central,unknown
720575940613789137,optic,optic_lobe_intrinsic
720575940634334675,central,unknown
720575940623324630,optic,optic_lobe_intrinsic
720575940616345049,sensory,mechanosensory
720575940617295321,descending,unknown
720575940617393625,central,unknown
720575940629616092,central,unknown
720575940616377817,visual_projection,unknown
720575940612019683,central,unknown
720575940624274924,sensory,mechanosensory
720575940624897516,descending,unknown
720575940621817326,descending,unknown
720575940623062515,descending,unknown
720575940640527861,optic,optic_lobe_intrinsic
720575940652127734,sensory,mechanosensory
720575940628567545,central,unknown
720575940629517818,optic,optic_lobe_intrinsic
720575940627420668,central,unknown
720575940625159677,central,unknown
720575940622374399,central,unknown
720575940617197057,central,unknown
720575940625847810,central,unknown
720575940625978882,central,unknown
720575940625454596,central,unknown
720575940620047877,visual_projection,unknown
720575940624504328,optic,optic_lobe_intrinsic
720575940607923721,central,unknown
720575940607235593,optic,optic_lobe_intrinsic
720575940627486225,central,unknown
720575940631418386,central,unknown
720575940645541399,central,unknown
720575940632401433,sensory,mechanosensory
720575940621522458,visual_projection,unknown
720575940626109982,sensory,unknown_sensory
720575940618769954,central,unknown
720575940646032931,central,unknown
720575940647441955,central,unknown
720575940626535973,central,unknown
720575940623390246,motor,brain_motor_neuron
720575940646786595,optic,optic_lobe_intrinsic
720575940615034408,central,unknown
720575940629714476,central,unknown
720575940632499757,descending,unknown
720575940612281907,central,unknown
720575940647966260,central,unknown
720575940624799290,sensory,mechanosensory
720575940616246843,central,unknown
720575940629386819,sensory,mechanosensory
720575940617918021,descending,unknown
720575940627879496,optic,optic_lobe_intrinsic
720575940624111177,sensory,mechanosensory
720575940628502090,optic,optic_lobe_intrinsic
720575940623816269,central,unknown
720575940639118926,descending,unknown
720575940628403791,central,unknown
720575940629485135,optic,optic_lobe_intrinsic
720575940627125842,ascending,AN
720575940616738390,central,unknown
720575940616377942,sensory,olfactory
720575940617557590,central,unknown
720575940618475101,central,unknown
720575940634105439,central,unknown
720575940634695263,central,unknown
720575940622112353,central,unknown
720575940611167842,central,unknown
720575940624078436,sensory,mechanosensory
720575940637578853,central,unknown
720575940629354087,central,unknown
720575940628764265,optic,optic_lobe_intrinsic
720575940620998253,sensory,mechanosensory
720575940612019825,descending,unknown
720575940637316727,central,unknown
720575940621391484,central,unknown
720575940620899967,central,unknown
720575940639512192,central,unknown
720575940661335681,central,unknown
720575940607170178,descending,unknown
720575940627519107,visual_projection,unknown
720575940648654468,descending,unknown
720575940604745346,central,unknown
720575940640036480,central,unknown
720575940606776962,central,unknown
720575940642428557,central,unknown
720575940636333710,descending,unknown
720575940623586964,central,unknown
720575940634662554,optic,optic_lobe_intrinsic
720575940617950877,descending,unknown
720575940644361888,optic,optic_lobe_intrinsic
720575940655011489,central,unknown
720575940620932774,optic,optic_lobe_intrinsic
720575940612970151,sensory,mechanosensory
720575940620539563,ascending,AN
720575940603926188,central,unknown
720575940630992557,sensory,mechanosensory
720575940621588139,central,unknown
720575940614117039,optic,optic_lobe_intrinsic
720575940604352172,central,ALPN
720575940605695665,sensory,mechanosensory
720575940612347571,central,ALLN
720575940622341814,central,unknown
720575940621457079,central,unknown
720575940621326006,central,unknown
720575940616017593,central,unknown
720575940615263931,central,unknown
720575940618147520,descending,unknown
720575940621752001,central,unknown
720575940624537284,descending,unknown
720575940630435525,central,unknown
720575940623128269,descending,unknown
720575940629878479,central,unknown
720575940640331472,descending,unknown
720575940613428945,sensory,mechanosensory
720575940630107855,ascending,AN
720575940608906965,central,unknown
720575940611528410,sensory,mechanosensory
720575940611495642,central,unknown
720575940623619805,visual_projection,unknown
720575940635875038,central,unknown
720575940611528419,central,unknown
720575940610348773,central,unknown
720575940611462885,descending,unknown
720575940626732776,descending,unknown
720575940637578985,central,unknown
720575940624766700,descending,unknown
720575940618901231,central,unknown
720575940621522671,visual_projection,unknown
720575940622276340,optic,optic_lobe_intrinsic
720575940651833078,central,unknown
720575940651341558,descending,unknown
720575940635776760,motor,brain_motor_neuron
720575940631254777,central,unknown
720575940615296766,central,unknown
720575940622669567,visual_centrifugal,unknown
720575940613887742,central,unknown
720575940620244741,optic,optic_lobe_intrinsic
720575940608677641,optic,optic_lobe_intrinsic
720575940608120587,central,unknown
720575940616017676,sensory,mechanosensory
720575940622898957,central,unknown
720575940628174608,central,unknown
720575940626601745,central,unknown
720575940620048148,optic,optic_lobe_intrinsic
720575940611561238,central,unknown
720575940621981464,sensory,mechanosensory
720575940627715870,central,unknown
720575940632041247,descending,unknown
720575940621686561,sensory,mechanosensory
720575940618770210,central,unknown
720575940647474979,motor,brain_motor_neuron
720575940629944107,central,unknown
720575940610610990,ascending,AN
720575940624111408,central,unknown
720575940619097905,central,unknown
720575940615296818,central,unknown
720575940615100211,central,unknown
720575940638431029,sensory,mechanosensory
720575940638103349,central,unknown
720575940625946430,sensory,olfactory
720575940639086399,optic,optic_lobe_intrinsic
720575940617000768,sensory,gustatory
720575940619360065,sensory,mechanosensory
720575940608972612,central,unknown
720575940618409797,central,unknown
720575940622604109,sensory,gustatory
720575940628993871,descending,unknown
720575940618082128,visual_centrifugal,unknown
720575940632303441,descending,unknown
720575940620310357,central,unknown
720575940607006556,central,unknown
720575940615395165,central,unknown
720575940635383647,optic,optic_lobe_intrinsic
720575940635154271,optic,optic_lobe_intrinsic
720575940611463010,optic,optic_lobe_intrinsic
720575940637546341,central,unknown
720575940604122982,sensory,mechanosensory
720575940628436839,central,unknown
720575940631058280,central,unknown
720575940630501228,central,unknown
720575940637087599,central,unknown
720575940637218672,ascending,AN
720575940611102577,central,unknown
720575940637054835,sensory,mechanosensory
720575940620506996,central,unknown
720575940622440308,visual_centrifugal,unknown
720575940631189366,visual_centrifugal,unknown
720575940636268407,optic,optic_lobe_intrinsic
720575940649342841,central,unknown
720575940627552125,visual_projection,ocellar
720575940659009409,central,unknown
720575940624701315,central,unknown
720575940647081860,central,unknown
720575940647606148,central,unknown
720575940620113799,sensory,mechanosensory
720575940630042508,central,unknown
720575940641904525,central,unknown
720575940616083345,visual_projection,unknown
720575940621555603,central,unknown
720575940633122711,sensory,mechanosensory
720575940611561369,central,unknown
720575940634761116,central,unknown
720575940617787293,central,unknown
720575940654094241,descending,unknown
720575940639512483,optic,optic_lobe_intrinsic
720575940620212133,central,unknown
720575940620474278,central,unknown
720575940612642730,sensory,mechanosensory
720575940633778093,visual_projection,unknown
720575940634826676,central,unknown
720575940603533246,central,unknown
720575940621064128,optic,optic_lobe_intrinsic
720575940630009794,sensory,mechanosensory
720575940642199496,central,unknown
720575940607891401,central,unknown
720575940624537546,sensory,mechanosensory
720575940620933067,central,unknown
720575940631975884,central,ALLN
720575940619425739,optic,optic_lobe_intrinsic
720575940629911503,central,unknown
720575940638496720,visual_projection,unknown
720575940633286611,sensory,mechanosensory
720575940607367125,sensory,mechanosensory
720575940630403031,descending,unknown
720575940642658267,central,unknown
720575940602353632,sensory,gustatory
720575940633221090,sensory,unknown_sensory
720575940637743076,central,unknown
720575940638201833,central,unknown
720575940623718380,central,unknown
720575940627453937,central,unknown
720575940638529525,sensory,mechanosensory
720575940630173689,ascending,AN
720575940630665210,descending,unknown
720575940630829051,central,unknown
720575940627290108,central,unknown
720575940630697979,central,unknown
720575940631418875,optic,optic_lobe_intrinsic
720575940628174848,central,unknown
720575940628404227,central,unknown
720575940628895750,central,unknown
720575940622931976,central,unknown
720575940624537608,optic,optic_lobe_intrinsic
720575940626274314,sensory,mechanosensory
720575940607989771,central,unknown
720575940625815562,descending,unknown
720575940616837132,optic,optic_lobe_intrinsic
720575940629485584,optic,optic_lobe_intrinsic
720575940627290129,central,unknown
720575940628371475,central,unknown
720575940610938902,central,unknown
720575940623849496,central,unknown
720575940621195290,visual_projection,unknown
720575940617426973,sensory,mechanosensory
720575940617295901,central,ALLN
720575940615559202,central,unknown
720575940644132900,optic,optic_lobe_intrinsic
720575940623161385,central,unknown
720575940629583914,central,mAL
720575940628895787,descending,unknown
720575940629911595,central,unknown
720575940610611246,central,unknown
720575940630665263,central,unknown
720575940624209968,central,unknown
720575940608809006,central,unknown
720575940614281266,sensory,gustatory
720575940612380723,visual_projection,unknown
720575940638496821,central,unknown
720575940616509494,central,unknown
720575940630075448,sensory,mechanosensory
720575940631877688,central,LHLN
720575940625324094,sensory,mechanosensory
720575940636104767,descending,unknown
720575940638201919,central,unknown
720575940617066560,optic,optic_lobe_intrinsic
720575940613527618,central,unknown
720575940631517251,central,unknown
720575940611070020,sensory,mechanosensory
720575940615723077,central,unknown
720575940614871106,central,ALPN
720575940626405448,central,unknown
720575940627716168,central,unknown
720575940622473292,central,unknown
720575940622637133,central,unknown
720575940637317198,central,unknown
720575940631844945,central,unknown
720575940632107091,central,unknown
720575940619065429,sensory,mechanosensory
720575940618410069,central,unknown
720575940616673366,central,unknown
720575940637022298,sensory,mechanosensory
720575940633548895,visual_centrifugal,unknown
720575940620179553,central,unknown
720575940621752417,optic,optic_lobe_intrinsic
720575940626241636,sensory,gustatory
720575940627060839,central,unknown
720575940631287912,central,ALLN
720575940612937834,central,unknown
720575940611430513,central,unknown
720575940639742067,central,unknown
720575940627814522,descending,unknown
720575940620638335,central,ALPN
720575940660123777,central,mAL
720575940624308355,sensory,mechanosensory
720575940624406664,central,unknown
720575940625651849,optic,optic_lobe_intrinsic
720575940623653002,optic,optic_lobe_intrinsic
720575940628207753,central,unknown
720575940631353484,central,unknown
720575940636104846,sensory,mechanosensory
720575940626798736,central,unknown
720575940624111763,visual_projection,unknown
720575940622669971,central,unknown
720575940635678871,central,unknown
720575940627617944,central,unknown
720575940635449495,central,unknown
720575940635547802,central,unknown
720575940627978395,sensory,mechanosensory
720575940632303772,central,unknown
720575940617066653,sensory,mechanosensory
720575940616837277,sensory,mechanosensory
720575940618344606,ascending,AN
720575940617296029,descending,unknown
720575940615166111,central,unknown
720575940615624866,central,unknown
720575940613691559,central,unknown
720575940618901675,central,unknown
720575940632238253,central,unknown
720575940633483444,central,unknown
720575940624930999,optic,optic_lobe_intrinsic
720575940632303807,central,unknown
720575940621326529,central,unknown
720575940628306114,central,unknown
720575940608088259,visual_projection,unknown
720575940622932164,central,unknown
720575940630960325,sensory,mechanosensory
720575940614936774,central,unknown
720575940642134216,central,unknown
720575940630730956,central,unknown
720575940632664268,ascending,AN
720575940622801101,central,unknown
720575940632041676,central,unknown
720575940629354703,sensory,mechanosensory
720575940631091407,descending,unknown
720575940613527761,central,unknown
720575940631779532,central,unknown
720575940632631507,central,unknown
720575940632533203,ascending,AN
720575940611922126,visual_projection,unknown
720575940621392086,descending,unknown
720575940641282267,central,unknown
720575940629682396,central,unknown
720575940620441821,central,unknown
720575940640889051,central,unknown
720575940603730144,central,unknown
720575940636367076,central,unknown
720575940611496165,central,unknown
720575940612479205,central,unknown
720575940611332325,central,unknown
720575940624832743,central,ALLN
720575940636530921,sensory,mechanosensory
720575940639152361,descending,unknown
720575940617558246,central,unknown
720575940623554796,central,unknown
720575940613527789,central,unknown
720575940626077928,central,unknown
720575940619294964,central,unknown
720575940652128502,central,unknown
720575940622997759,sensory,mechanosensory
720575940622604543,central,unknown
720575940617787649,central,unknown
720575940625979650,visual_centrifugal,unknown
720575940629518595,central,unknown
720575940627683588,central,unknown
720575940621326597,central,unknown
720575940615624961,ascending,AN
720575940609825033,central,unknown
720575940624472334,central,unknown
720575940626536720,central,unknown
720575940626471185,sensory,mechanosensory
720575940625422609,descending,unknown
720575940626962709,central,unknown
720575940619065627,optic,optic_lobe_intrinsic
720575940615624994,central,unknown
720575940623292713,central,unknown
720575940630993194,ascending,AN
720575940628437291,descending,unknown
720575940622702889,central,unknown
720575940624865584,central,unknown
720575940615723314,central,unknown
720575940631189817,central,unknown
720575940627978556,visual_projection,unknown
720575940637776189,central,unknown
720575940639349053,central,unknown
720575940619688256,central,unknown
720575940630501699,central,unknown
720575940638300486,sensory,mechanosensory
720575940631714119,central,unknown
720575940627814728,central,unknown
720575940622932297,visual_projection,unknown
720575940629420362,central,unknown
720575940630927691,sensory,mechanosensory
720575940631353671,central,unknown
720575940636957006,visual_projection,unknown
720575940639381838,central,unknown
720575940626569554,ascending,AN
720575940617492821,central,unknown
720575940640889176,central,unknown
720575940621392219,optic,optic_lobe_intrinsic
720575940615625053,central,unknown
720575940622309726,central,unknown
720575940621556062,central,unknown
720575940633778528,central,unknown
720575940619262305,visual_centrifugal,unknown
720575940623587683,visual_projection,unknown
720575940635973989,sensory,mechanosensory
720575940630665580,central,unknown
720575940620573037,central,unknown
720575940637907312,central,unknown
720575940629780858,central,unknown
720575940621818239,central,unknown
720575940647606660,central,unknown
720575940616182155,central,unknown
720575940632795532,central,ALLN
720575940616378769,central,unknown
720575940623554963,optic,optic_lobe_intrinsic
720575940623784340,sensory,mechanosensory
720575940614740374,central,unknown
720575940634532247,optic,optic_lobe_intrinsic
720575940633024924,sensory,olfactory
720575940643903904,sensory,mechanosensory
720575940644166048,descending,unknown
720575940652554657,central,unknown
720575940637415843,sensory_ascending,unknown_sensory
720575940643576224,central,CX
720575940627356072,sensory,mechanosensory
720575940628699560,visual_projection,unknown
720575940633942445,central,unknown
720575940635482542,optic,optic_lobe_intrinsic
720575940621097398,sensory,mechanosensory
720575940615035323,sensory,mechanosensory
720575940616378811,optic,optic_lobe_intrinsic
720575940640004541,optic,optic_lobe_intrinsic
720575940632205759,central,unknown
720575940619655616,central,unknown
720575940629486018,sensory,mechanosensory
720575940628011458,central,unknown
720575940623587780,sensory,mechanosensory
720575940614478278,sensory,mechanosensory
720575940616804806,central,unknown
720575940643543496,central,unknown
720575940606056905,central,ALLN
720575940624767434,central,unknown
720575940619524555,central,unknown
720575940630337996,central,unknown
720575940622604749,sensory,olfactory
720575940631747023,optic,optic_lobe_intrinsic
720575940638202320,central,unknown
720575940630895055,central,ALPN
720575940632467923,sensory,gustatory
720575940607990229,central,ALPN
720575940623325654,optic,optic_lobe_intrinsic
720575940622375382,optic,optic_lobe_intrinsic
720575940615330265,central,unknown
720575940621523421,ascending,AN
720575940631812577,central,unknown
720575940617918950,optic,optic_lobe_intrinsic
720575940624767463,central,unknown
720575940623161834,central,unknown
720575940624898540,optic,optic_lobe_intrinsic
720575940619950575,central,unknown
720575940621261296,central,unknown
720575940619491828,central,unknown
720575940620605940,central,unknown
720575940651932150,descending,unknown
720575940628109815,central,unknown
720575940629486075,descending,unknown
720575940628896252,optic,optic_lobe_intrinsic
720575940623292925,sensory,mechanosensory
720575940620835327,central,unknown
720575940631190016,visual_centrifugal,unknown
720575940629289472,central,unknown
720575940627520002,optic,optic_lobe_intrinsic
720575940618869249,central,unknown
720575940622998021,central,unknown
720575940622932487,central,unknown
720575940623817223,central,unknown
720575940630174223,sensory,mechanosensory
720575940626799120,central,unknown
720575940625422867,central,unknown
720575940643215895,visual_projection,unknown
720575940624996894,central,unknown
720575940645739044,central,unknown
720575940624996901,central,unknown
720575940644362788,central,ALLN
720575940631190058,sensory,mechanosensory
720575940629486124,central,unknown
720575940632009261,central,unknown
720575940630141487,central,unknown
720575940612315699,central,unknown
720575940613429811,central,unknown
720575940636990005,sensory,mechanosensory
720575940629355064,sensory,mechanosensory
720575940630600248,sensory,mechanosensory
720575940617787963,central,unknown
720575940630174268,sensory,mechanosensory
720575940638726717,sensory,unknown_sensory
720575940631222844,central,unknown
720575940624374334,descending,unknown
720575940626143806,central,ALPN
720575940636858943,visual_centrifugal,unknown
720575940615526978,central,unknown
720575940630960707,central,unknown
720575940616673851,optic,optic_lobe_intrinsic
720575940616575557,central,unknown
720575940627847752,descending,unknown
720575940626963018,visual_projection,unknown
720575940629256779,central,unknown
720575940623260236,optic,optic_lobe_intrinsic
720575940624538189,optic,optic_lobe_intrinsic
720575940628634191,central,LHLN
720575940617755220,central,unknown
720575940626012761,optic,optic_lobe_intrinsic
720575940620540507,central,unknown
720575940617034333,sensory,mechanosensory
720575940617886301,central,unknown
720575940635187807,central,unknown
720575940615133789,sensory_ascending,unknown_sensory
720575940619557473,sensory,mechanosensory
720575940615199325,central,unknown
720575940627454569,sensory,gustatory
720575940613266026,ascending,AN
720575940614412906,central,unknown
720575940630796908,optic,optic_lobe_intrinsic
720575940635646583,central,unknown
720575940609366648,descending,unknown
720575940649081465,central,unknown
720575940621818492,central,unknown
720575940629387902,sensory,mechanosensory
720575940626209413,central,unknown
720575940621654664,sensory,mechanosensory
720575940637416078,visual_projection,unknown
720575940615297681,ascending,AN
720575940613954194,central,unknown
720575940613200530,sensory,mechanosensory
720575940623784596,central,unknown
720575940623260308,central,unknown
720575940613167766,sensory,mechanosensory
720575940611496597,central,unknown
720575940625062552,central,unknown
720575940613626521,central,unknown
720575940611168921,sensory,gustatory
720575940612414101,optic,optic_lobe_intrinsic
720575940634303132,central,ALLN
720575940615821981,central,unknown
720575940643576480,optic,optic_lobe_intrinsic
720575940639742627,sensory,mechanosensory
720575940632042148,central,unknown
720575940640430755,optic,optic_lobe_intrinsic
720575940619623083,central,unknown
720575940614511279,central,unknown
720575940635515572,central,unknown
720575940626668218,central,unknown
720575940615396027,central,unknown
720575940640168637,central,unknown
720575940639021757,motor,brain_motor_neuron
720575940629846722,descending,unknown
720575940622473924,central,unknown
720575940625849031,central,unknown
720575940620933835,central,unknown
720575940633123539,central,unknown
720575940616575705,central,unknown
720575940615232217,visual_projection,unknown
720575940640922331,central,unknown
720575940638333662,optic,optic_lobe_intrinsic
720575940633352929,central,unknown
720575940636498660,sensory,mechanosensory
720575940611988197,central,unknown
720575940618574566,central,unknown
720575940622834411,central,unknown
720575940624571116,central,unknown
720575940625357547,visual_centrifugal,unknown
720575940619524852,descending,unknown
720575940624112381,optic,optic_lobe_intrinsic
720575940623227656,central,unknown
720575940607957769,central,unknown
720575940627454730,central,unknown
720575940609268491,central,unknown
720575940625226506,central,unknown
720575940626307850,central,unknown
720575940624309006,ascending,AN
720575940630960911,sensory,mechanosensory
720575940627946261,descending,unknown
720575940622277400,sensory,mechanosensory
720575940635089689,central,unknown
720575940619819802,central,unknown
720575940609530653,sensory,mechanosensory
720575940614740765,central,unknown
720575940617853730,central,unknown
720575940616936226,descending,unknown
720575940625718053,descending,unknown
720575940624145191,central,unknown
720575940627356459,central,unknown
720575940624997168,central,unknown
720575940625161008,central,unknown
720575940638432053,central,unknown
720575940630797113,sensory,gustatory
720575940614642491,ascending,AN
720575940616805179,central,unknown
720575940638169917,central,unknown
720575940637449023,central,ALPN
720575940637711167,central,unknown
720575940610054980,central,unknown
720575940617034565,descending,unknown
720575940637580102,sensory,gustatory
720575940617886533,central,unknown
720575940638006086,central,ALLN
720575940621294412,sensory,mechanosensory
720575940639578958,central,unknown
720575940627356495,sensory,mechanosensory
720575940618476368,sensory,mechanosensory
720575940627585874,central,unknown
720575940629814103,central,unknown
720575940607761244,descending,unknown
720575940609137500,visual_centrifugal,unknown
720575940635712351,central,unknown
720575940628306784,sensory,mechanosensory
720575940623817572,central,unknown
720575940637547365,central,unknown
720575940629388135,sensory,gustatory
720575940629125996,central,unknown
720575940631583596,central,unknown
720575940646493038,central,unknown
720575940621359988,central,unknown
720575940610022264,sensory,mechanosensory
720575940619918203,visual_projection,unknown
720575940608285570,central,unknown
720575940627356547,optic,optic_lobe_intrinsic
720575940646853508,central,unknown
720575940619295623,sensory,mechanosensory
720575940617821063,optic,optic_lobe_intrinsic
720575940615134091,central,unknown
720575940635450254,central,unknown
720575940626733967,sensory,mechanosensory
720575940623522708,optic,optic_lobe_intrinsic
720575940612938645,central,unknown
720575940611562393,ascending,AN
720575940634008474,central,unknown
720575940628339611,central,unknown
720575940633058204,central,unknown
720575940618574749,descending,unknown
720575940617853853,optic,optic_lobe_intrinsic
720575940614445983,visual_projection,unknown
720575940644395936,optic,optic_lobe_intrinsic
720575940638694307,sensory,mechanosensory
720575940632107940,sensory,mechanosensory
720575940638989219,central,unknown
720575940621818790,central,unknown
720575940611988391,central,unknown
720575940638170019,optic,optic_lobe_intrinsic
720575940622932905,central,unknown
720575940604091308,ascending,AN
720575940604418988,central,ALPN
720575940637612974,descending,unknown
720575940605107121,central,unknown
720575940606548914,central,unknown
720575940610382771,central,unknown
720575940606254002,sensory,gustatory
720575940623522744,sensory,mechanosensory
720575940616117179,central,unknown
720575940605238206,visual_centrifugal,unknown
720575940634074047,central,unknown
720575940621196224,central,ALPN
720575940634041279,central,unknown
720575940624440260,central,unknown
720575940645084104,central,unknown
720575940622212045,sensory,mechanosensory
720575940609661906,sensory,mechanosensory
720575940617362392,central,unknown
720575940636498907,sensory,mechanosensory
720575940621097949,central,unknown
720575940637744094,optic,optic_lobe_intrinsic
720575940611300323,central,unknown
720575940610612197,central,unknown
720575940615756774,central,unknown
720575940624538599,central,unknown
720575940621818858,central,unknown
720575940619590638,optic,optic_lobe_intrinsic
720575940619623407,central,unknown
720575940623817715,central,unknown
720575940642233333,central,unknown
720575940652063734,central,ALLN
720575940628896759,sensory,mechanosensory
720575940629584887,central,unknown
720575940622670845,visual_projection,unknown
720575940614511614,ascending,AN
720575940629355520,central,unknown
720575940626832386,visual_centrifugal,unknown
720575940627848196,central,unknown
720575940623981576,sensory,olfactory
720575940607892491,central,unknown
720575940616018956,central,unknown
720575940627946512,central,unknown
720575940631288850,sensory,mechanosensory
720575940621294612,optic,optic_lobe_intrinsic
720575940612348950,central,unknown
720575940635089945,visual_centrifugal,unknown
720575940625816606,central,unknown
720575940644723748,optic,optic_lobe_intrinsic
720575940623621157,central,unknown
720575940623916071,central,ALPN
720575940613528616,central,unknown
720575940629552170,central,unknown
720575940646100020,central,unknown
720575940632009784,central,unknown
720575940629814332,sensory,mechanosensory
720575940637678653,descending,unknown
720575940637219903,central,unknown
720575940638989375,visual_projection,unknown
720575940610677828,descending,unknown
720575940639185990,optic,optic_lobe_intrinsic
720575940632304711,motor,brain_motor_neuron
720575940630731847,visual_projection,unknown
720575940632435783,optic,optic_lobe_intrinsic
720575940637711438,optic,optic_lobe_intrinsic
720575940626635855,central,unknown
720575940628307026,optic,optic_lobe_intrinsic
720575940633746515,central,unknown
720575940621065301,descending,unknown
720575940616313942,central,unknown
720575940617493597,central,unknown
720575940620639329,optic,optic_lobe_intrinsic
720575940622998627,central,unknown
720575940624800868,sensory,mechanosensory
720575940629421159,descending,unknown
720575940628962407,sensory,gustatory
720575940631321704,central,ALON
720575940629355623,central,unknown
720575940627455079,optic,optic_lobe_intrinsic
720575940643871854,central,unknown
720575940613004402,sensory,unknown_sensory
720575940611169394,central,unknown
720575940635188343,visual_projection,unknown
720575940649213049,central,unknown
720575940627586170,central,unknown
720575940618706043,sensory,gustatory
720575940627717246,central,unknown
720575940605435010,central,unknown
720575940626013315,central,unknown
720575940645805188,sensory,mechanosensory
720575940625095813,sensory,mechanosensory
720575940628372613,motor,brain_motor_neuron
720575940620049542,optic,optic_lobe_intrinsic
720575940624833673,sensory,mechanosensory
720575940622146698,sensory,mechanosensory
720575940627225743,central,unknown
720575940613528722,central,unknown
720575940614642838,descending,unknown
720575940634139799,central,unknown
720575940634762394,central,unknown
720575940615920799,optic,optic_lobe_intrinsic
720575940643347616,descending,unknown
720575940655013025,central,unknown
720575940614675618,central,unknown
720575940615298215,central,unknown
720575940627094696,central,unknown
720575940622179497,sensory,mechanosensory
720575940611366058,central,unknown
720575940620541099,descending,unknown
720575940621196459,visual_centrifugal,unknown
720575940634631342,central,unknown
720575940611562675,central,unknown
720575940608875703,sensory,mechanosensory
720575940618706112,central,unknown
720575940620672193,optic,optic_lobe_intrinsic
720575940627717314,central,unknown
720575940622638276,sensory,mechanosensory
720575940643740872,central,unknown
720575940605009097,descending,unknown
720575940619754699,central,unknown
720575940630174927,central,unknown
720575940612775130,ascending,AN
720575940610481370,sensory,gustatory
720575940628241628,descending,unknown
720575940624735463,central,unknown
720575940624702698,central,unknown
720575940621753579,visual_projection,unknown
720575940627619057,central,unknown
720575940629388535,central,unknown
720575940629290233,sensory,mechanosensory
720575940624276733,ascending,AN
720575940623457535,motor,brain_motor_neuron
720575940616772865,central,unknown
720575940627324162,central,unknown
720575940628995331,central,unknown
720575940625489160,descending,unknown
720575940625685770,central,unknown
720575940628405514,optic,optic_lobe_intrinsic
720575940621393172,optic,optic_lobe_intrinsic
720575940613627158,optic,optic_lobe_intrinsic
720575940644887831,optic,optic_lobe_intrinsic
720575940632468761,central,unknown
720575940622081306,central,unknown
720575940615986459,sensory,mechanosensory
720575940632632607,descending,unknown
720575940631387423,central,unknown
720575940618771746,central,unknown
720575940646526243,central,unknown
720575940624342309,central,unknown
720575940622441769,central,unknown
720575940627127596,optic,optic_lobe_intrinsic
720575940625718576,sensory,mechanosensory
720575940626799920,descending,unknown
720575940620574001,central,unknown
720575940624080176,central,unknown
720575940626767152,sensory,unknown_sensory
720575940638235957,central,unknown
720575940640333109,central,unknown
720575940626275632,optic,optic_lobe_intrinsic
720575940630797624,central,unknown
720575940630732087,central,unknown
720575940615003458,optic,optic_lobe_intrinsic
720575940630404419,optic,optic_lobe_intrinsic
720575940637711686,central,unknown
720575940627062088,central,unknown
720575940621884745,central,unknown
720575940627750216,descending,unknown
720575940620082512,descending,unknown
720575940619820368,central,unknown
720575940631977299,sensory,mechanosensory
720575940625784153,central,ALPN
720575940622114145,optic,optic_lobe_intrinsic
720575940612316514,central,unknown
720575940618870113,descending,unknown
720575940635254117,sensory,unknown_sensory
720575940629421415,central,unknown
720575940632436072,optic,optic_lobe_intrinsic
720575940615757162,central,unknown
720575940628602220,central,unknown
720575940607040881,central,unknown
720575940637220211,sensory,mechanosensory
720575940639022451,central,unknown
720575940631518582,descending,unknown
720575940634991991,central,unknown
720575940619394427,optic,optic_lobe_intrinsic
720575940620148092,central,unknown
720575940621622652,optic,optic_lobe_intrinsic
720575940621589887,central,unknown
720575940606680450,central,unknown
720575940626341253,central,unknown
720575940621786504,central,unknown
720575940624407944,descending,unknown
720575940623195530,ascending,AN
720575940615855499,sensory,mechanosensory
720575940642266509,central,unknown
720575940624604560,sensory,gustatory
720575940617035153,descending,unknown
720575940626374040,sensory,mechanosensory
720575940626570648,sensory,mechanosensory
720575940612054425,central,unknown
720575940628700571,sensory,mechanosensory
720575940629847451,ascending,AN
720575940617952669,central,unknown
720575940615036319,central,unknown
720575940644494752,descending,unknown
720575940655013281,central,unknown
720575940620541349,central,ALLN
720575940613430698,central,unknown
720575940602879404,central,unknown
720575940613463471,central,unknown
720575940620672432,ascending,AN
720575940604517809,central,unknown
720575940606746034,central,unknown
720575940619296176,central,unknown
720575940634140084,sensory,mechanosensory
720575940608089522,visual_centrifugal,unknown
720575940617559481,sensory,mechanosensory
720575940624997820,optic,optic_lobe_intrinsic
720575940607827392,sensory,mechanosensory
720575940628274626,sensory,mechanosensory
720575940609957315,central,unknown
720575940629847490,central,unknown
720575940627127746,central,unknown
720575940642725320,central,unknown
720575940642364872,central,unknown
720575940643249608,central,unknown
720575940621917645,central,unknown
720575940639972816,sensory,unknown_sensory
720575940610678226,central,unknown
720575940633583059,optic,optic_lobe_intrinsic
720575940618149336,central,unknown
720575940619591128,central,unknown
720575940618116569,visual_centrifugal,unknown
720575940633877985,optic,optic_lobe_intrinsic
720575940631158242,central,unknown
720575940611956197,descending,unknown
720575940624473575,central,unknown
720575940637482473,central,unknown
720575940622409196,central,unknown
720575940621589999,central,unknown
720575940626865649,central,unknown
720575940612185586,central,unknown
720575940624342515,optic,optic_lobe_intrinsic
720575940620312052,sensory,mechanosensory
720575940651736566,central,unknown
720575940651277814,central,unknown
720575940631617017,central,unknown
720575940629126651,sensory,mechanosensory
720575940629683707,central,unknown
720575940631223803,central,unknown
720575940613135870,sensory,mechanosensory
720575940628209152,central,unknown
720575940629487104,central,unknown
720575940628995587,central,unknown
720575940626406916,sensory,mechanosensory
720575940627979782,sensory,unknown_sensory
720575940622474760,central,unknown
720575940626538000,central,unknown
720575940626800145,central,unknown
720575940628504081,central,unknown
720575940612840982,central,unknown
720575940612906518,central,unknown
720575940635123225,central,unknown
720575940620443162,visual_projection,unknown
720575940621196826,sensory,olfactory
720575940626669086,optic,optic_lobe_intrinsic
720575940617690658,central,unknown
720575940645445156,central,unknown
720575940624604710,central,unknown
720575940623883815,central,unknown
720575940624342569,motor,brain_motor_neuron
720575940630175276,ascending,AN
720575940632501805,central,LHLN
720575940628635180,central,unknown
720575940625096240,central,unknown
720575940629650997,sensory,mechanosensory
720575940618509878,central,unknown
720575940618214966,central,unknown
720575940625686078,central,unknown
720575940626112062,central,unknown
720575940637089343,visual_projection,unknown
720575940625194558,central,unknown
720575940626701886,visual_projection,unknown
720575940632829507,central,unknown
720575940618640965,optic,optic_lobe_intrinsic
720575940638989894,descending,unknown
720575940627357256,sensory,mechanosensory
720575940628962891,ascending,AN
720575940622671437,central,unknown
720575940618378832,central,unknown
720575940639088216,descending,unknown
720575940626308697,central,unknown
720575940622048862,central,unknown
720575940635385440,visual_projection,unknown
720575940628668009,central,unknown
720575940628602476,central,unknown
720575940620017261,descending,unknown
720575940610612850,ascending,AN
720575940622245492,central,unknown
720575940607041154,central,unknown
720575940648001156,central,unknown
720575940627455621,central,unknown
720575940643118733,visual_projection,unknown
720575940626079376,optic,optic_lobe_intrinsic
720575940612578962,ascending,AN
720575940622474899,central,unknown
720575940624506515,central,unknown
720575940614643350,central,unknown
720575940614348438,descending,unknown
720575940632698519,central,unknown
720575940610186905,sensory_ascending,AN
720575940629552795,optic,optic_lobe_intrinsic
720575940635123356,optic,optic_lobe_intrinsic
720575940618116766,central,unknown
720575940616085151,optic,optic_lobe_intrinsic
720575940641545888,central,unknown
720575940654227105,ascending,AN
720575940638138019,optic,optic_lobe_intrinsic
720575940633222820,central,unknown
720575940613791399,central,ALLN
720575940610088618,central,unknown
720575940633058989,sensory,mechanosensory
720575940632698541,descending,unknown
720575940635549364,sensory,mechanosensory
720575940633288372,sensory_ascending,AN
720575940630896308,optic,optic_lobe_intrinsic
720575940622212790,optic,optic_lobe_intrinsic
720575940618444473,visual_centrifugal,unknown
720575940616183483,sensory,mechanosensory
720575940606222014,descending,unknown
720575940603829950,central,unknown
720575940614446790,sensory,mechanosensory
720575940627488455,sensory,mechanosensory
720575940627521223,central,unknown
720575940630765260,central,unknown
720575940631092943,central,unknown
720575940628766415,central,unknown
720575940610678482,sensory,mechanosensory
720575940617854676,central,unknown
720575940630404823,central,unknown
720575940616511193,central,unknown
720575940623326941,visual_centrifugal,unknown
720575940637023966,central,unknown
720575940633714402,central,unknown
720575940631551714,central,unknown
720575940615790310,central,unknown
720575940626177768,central,unknown
720575940626210536,central,unknown
720575940612579053,sensory,gustatory
720575940621819630,central,unknown
720575940623982323,ascending,AN
720575940630470391,central,unknown
720575940628864762,central,unknown
720575940612153086,central,unknown
720575940625587970,sensory,mechanosensory
720575940628832004,central,unknown
720575940622933765,descending,unknown
720575940626833158,sensory,mechanosensory
720575940626013958,central,unknown
720575940627652358,descending,unknown
720575940628078346,optic,optic_lobe_intrinsic
720575940626538256,central,unknown
720575940626472721,sensory,mechanosensory
720575940627357457,central,unknown
720575940628766480,central,unknown
720575940621328148,central,unknown
720575940620345108,central,unknown
720575940626997013,central,unknown
720575940622671640,central,unknown
720575940622606106,sensory,mechanosensory
720575940625293084,sensory,mechanosensory
720575940624342812,central,unknown
720575940631912223,central,unknown
720575940605697824,sensory,mechanosensory
720575940625391397,central,unknown
720575940622671655,central,unknown
720575940624342825,central,unknown
720575940632469290,central,unknown
720575940623261481,central,unknown
720575940632960813,descending,unknown
720575940610055982,central,unknown
720575940630241071,central,unknown
720575940611563310,optic,optic_lobe_intrinsic
720575940632960815,central,unknown
720575940632829741,central,LHLN
720575940646068020,central,unknown
720575940618149686,central,ALIN
720575940632043320,descending,unknown
720575940639350589,sensory,mechanosensory
720575940624473918,central,unknown
720575940615626562,central,unknown
720575940616052549,central,unknown
720575940636761926,descending,unknown
720575940631191367,sensory,mechanosensory
720575940629192523,central,unknown
720575940616347478,central,unknown
720575940637450074,central,unknown
720575940618182491,central,unknown
720575940607434588,sensory,mechanosensory
720575940625489764,sensory,mechanosensory
720575940626243428,central,unknown
720575940628963175,sensory,mechanosensory
720575940631322472,central,unknown
720575940614676341,central,unknown
720575940630568830,visual_projection,bilateral
720575940628897662,central,unknown
720575940660223873,central,unknown
720575940619329414,optic,optic_lobe_intrinsic
720575940623064968,central,LHLN
720575940633223052,central,unknown
720575940632829836,optic,optic_lobe_intrinsic
720575940627750799,central,unknown
720575940623654804,central,unknown
720575940623982484,central,unknown
720575940625620888,central,unknown
720575940627554203,sensory,mechanosensory
720575940632895388,visual_projection,unknown
720575940618051485,sensory,mechanosensory
720575940617887646,central,unknown
720575940630142875,central,unknown
720575940617101213,optic,optic_lobe_intrinsic
720575940640858019,central,ALON
720575940632698797,central,ALPN
720575940607008689,central,unknown
720575940610088883,central,unknown
720575940635549620,descending,unknown
720575940608876471,sensory,mechanosensory
720575940624015287,descending,unknown
720575940616019899,central,unknown
720575940619263937,visual_projection,unknown
720575940609105859,central,unknown
720575940616871878,central,unknown
720575940626046919,central,unknown
720575940613693382,central,unknown
720575940633616332,central,unknown
720575940622540749,central,unknown
720575940612087758,ascending,AN
720575940609499086,central,unknown
720575940629848015,central,unknown
720575940611694545,central,unknown
720575940629979087,central,unknown
720575940633124812,central,unknown
720575940632698835,optic,optic_lobe_intrinsic
720575940615364564,descending,unknown
720575940608909269,central,unknown
720575940628963279,optic,optic_lobe_intrinsic
720575940610056149,optic,optic_lobe_intrinsic
720575940617953241,ascending,AN
720575940615462873,central,unknown
720575940620476381,central,unknown
720575940616708070,central,unknown
720575940622344170,sensory,mechanosensory
720575940623261675,central,unknown
720575940624801771,descending,unknown
720575940614217709,central,unknown
720575940651933686,sensory,mechanosensory
720575940626735100,central,unknown
720575940623097853,central,unknown
720575940612612094,central,unknown
720575940626931708,sensory_ascending,AN
720575940628832256,sensory,gustatory
720575940615659521,descending,unknown
720575940621754367,sensory,gustatory
720575940607500297,sensory,gustatory
720575940625686538,central,unknown
720575940608188427,descending,unknown
720575940608516107,optic,optic_lobe_intrinsic
720575940622770189,sensory,mechanosensory
720575940621983757,central,unknown
720575940616708108,central,unknown
720575940632403986,central,ALLN
720575940626472979,central,unknown
720575940619493402,central,unknown
720575940626243614,central,unknown
720575940605698080,central,unknown
720575940647182371,visual_projection,bilateral
720575940644659236,descending,unknown
720575940643315748,central,unknown
720575940621623334,central,unknown
720575940623228967,central,unknown
720575940626735141,optic,optic_lobe_intrinsic
720575940622508073,sensory,mechanosensory
720575940626997292,optic,optic_lobe_intrinsic
720575940630667308,optic,optic_lobe_intrinsic
720575940632305711,central,unknown
720575940626276400,optic,optic_lobe_intrinsic
720575940613627954,central,unknown
720575940619984950,central,unknown
720575940630306871,optic,optic_lobe_intrinsic
720575940632043576,descending,unknown
720575940631715896,motor,brain_motor_neuron
720575940625489978,central,unknown
720575940639055933,optic,optic_lobe_intrinsic
720575940615790658,central,unknown
720575940624310345,sensory,gustatory
720575940630831185,visual_projection,unknown
720575940632469587,central,unknown
720575940617691220,sensory,mechanosensory
720575940617461844,central,unknown
720575940620869717,visual_centrifugal,unknown
720575940620968021,optic,optic_lobe_intrinsic
720575940618149972,optic,optic_lobe_intrinsic
720575940627783769,central,unknown
720575940633518176,central,unknown
720575940621820001,optic,optic_lobe_intrinsic
720575940624015459,central,unknown
720575940626210916,central,unknown
720575940622540899,descending,unknown
720575940604747878,central,unknown
720575940628635751,ascending,AN
720575940630962280,sensory,mechanosensory
720575940629422183,central,unknown
720575940634239083,sensory,mechanosensory
720575940628471916,central,unknown
720575940630667372,central,unknown
720575940636008559,ascending,AN
720575940612907121,central,ALLN
720575940620116091,central,unknown
720575940630601854,optic,optic_lobe_intrinsic
720575940621000831,central,unknown
720575940647084164,sensory,gustatory
720575940618641542,central,unknown
720575940628209801,ascending,AN
720575940614774923,central,ALPN
720575940624769168,central,unknown
720575940617166993,central,unknown
720575940623556755,descending,unknown
720575940624277652,sensory,mechanosensory
720575940609630357,central,unknown
720575940612284569,central,ALPN
720575940633551002,sensory,mechanosensory
720575940619034782,central,unknown
720575940615495839,central,unknown
720575940655014049,ascending,AN
720575940614840482,central,unknown
720575940618608805,central,unknown
720575940620214443,central,unknown
720575940636074158,central,unknown
720575940613202095,central,unknown
720575940604879025,sensory,mechanosensory
720575940604911793,central,ALPN
720575940619034806,central,unknown
720575940624015543,sensory,mechanosensory
720575940624179384,sensory,mechanosensory
720575940618117305,optic,optic_lobe_intrinsic
720575940617560249,optic,optic_lobe_intrinsic
720575940615495867,descending,unknown
720575940634599615,descending,unknown
720575940608942275,sensory,mechanosensory
720575940609073347,central,unknown
720575940624310468,visual_centrifugal,unknown
720575940623982794,central,unknown
720575940633256140,optic,optic_lobe_intrinsic
720575940611137742,central,unknown
720575940634140883,descending,unknown
720575940616839380,central,unknown
720575940608745685,optic,optic_lobe_intrinsic
720575940630765783,optic,optic_lobe_intrinsic
720575940618510552,central,unknown
720575940618051801,descending,unknown
720575940634599643,sensory,mechanosensory
720575940620312797,ascending,AN
720575940634599650,visual_projection,unknown
720575940638204132,descending,unknown
720575940615528678,central,unknown
720575940638204137,central,unknown
720575940625031403,central,unknown
720575940622835947,central,unknown
720575940618477806,central,unknown
720575940618772719,central,unknown
720575940620738799,central,unknown
720575940641480949,descending,unknown
720575940653310198,descending,unknown
720575940633616632,central,unknown
720575940624179455,optic,optic_lobe_intrinsic
720575940625031426,visual_projection,unknown
720575940625391880,central,unknown
720575940625719562,central,unknown
720575940629192975,central,unknown
720575940628504849,central,unknown
720575940628177171,optic,optic_lobe_intrinsic
720575940618838292,central,unknown
720575940616577307,central,unknown
720575940626342174,central,ALLN
720575940631585055,central,unknown
720575940604027168,sensory,gustatory
720575940622147873,descending,unknown
720575940606648608,central,unknown
720575940645904675,sensory,mechanosensory
720575940642627876,central,unknown
720575940612874536,visual_projection,unknown
720575940627849515,central,unknown
720575940627718444,ascending,AN
720575940644954420,central,unknown
720575940644987188,central,unknown
720575940640203061,optic,optic_lobe_intrinsic
720575940626571578,central,unknown
720575940626309438,sensory,mechanosensory
720575940627194174,visual_centrifugal,unknown
720575940619559232,ascending,AN
720575940630667587,sensory,mechanosensory
720575940616413509,sensory,mechanosensory
720575940617593157,ascending,AN
720575940628406600,optic,optic_lobe_intrinsic
720575940623458633,sensory,mechanosensory
720575940624113993,central,unknown
720575940618903888,sensory,mechanosensory
720575940626571602,central,unknown
720575940632011091,ascending,AN
720575940627915090,optic,optic_lobe_intrinsic
720575940640825688,central,unknown
720575940625228121,sensory,mechanosensory
720575940624539993,central,unknown
720575940619624795,central,unknown
720575940640891224,central,unknown
720575940617494877,central,unknown
720575940606091622,optic,optic_lobe_intrinsic
720575940630962536,central,unknown
720575940613824874,sensory,mechanosensory
720575940612383082,central,unknown
720575940645282158,central,unknown
720575940634599792,central,unknown
720575940634829168,central,unknown
720575940630503798,sensory,mechanosensory
720575940609859960,sensory,mechanosensory
720575940650885497,central,unknown
720575940629717370,central,unknown
720575940619035003,central,unknown
720575940650918265,visual_centrifugal,unknown
720575940629750138,central,CX
720575940641251712,central,unknown
720575940661338497,motor,brain_motor_neuron
720575940608287106,central,unknown
720575940626309509,sensory,mechanosensory
720575940618936710,descending,unknown
720575940614840715,descending,unknown
720575940616479121,sensory,mechanosensory
720575940617593233,central,unknown
720575940613824914,central,ALPN
720575940624310676,sensory,gustatory
720575940625654164,visual_centrifugal,unknown
720575940615954833,central,unknown
720575940626375064,optic,optic_lobe_intrinsic
720575940610056601,central,unknown
720575940634304922,central,unknown
720575940641776032,central,unknown
720575940653703585,central,unknown
720575940619329957,central,unknown
720575940619395494,visual_projection,unknown
720575940628734376,central,MBON
720575940605174188,optic,optic_lobe_intrinsic
720575940631388589,central,unknown
720575940635124142,central,unknown
720575940611498419,descending,unknown
720575940623688119,central,unknown
720575940623360440,central,unknown
720575940615201211,central,unknown
720575940633190847,central,ALPN
720575940630176197,central,unknown
720575940606190025,optic,optic_lobe_intrinsic
720575940632469964,central,unknown
720575940613071313,central,unknown
720575940611957202,central,unknown
720575940620804566,descending,unknown
720575940618674648,central,unknown
720575940611858906,central,unknown
720575940641546715,central,unknown
720575940628603356,central,unknown
720575940621656541,central,unknown
720575940638630366,central,unknown
720575940623426013,central,unknown
720575940632994274,central,unknown
720575940612710883,central,unknown
720575940623720935,central,unknown
720575940627685864,sensory,mechanosensory
720575940612940269,central,unknown
720575940629586417,descending,unknown
720575940612153842,central,unknown
720575940627423740,central,unknown
720575940628537852,central,unknown
720575940628111875,sensory,mechanosensory
720575940627096068,central,unknown
720575940621885957,central,unknown
720575940626833926,sensory,mechanosensory
720575940607369737,central,unknown
720575940608975371,sensory,mechanosensory
720575940626801169,optic,optic_lobe_intrinsic
720575940627358236,central,unknown
720575940631913005,central,unknown
720575940609565230,sensory,mechanosensory
720575940631716399,optic,optic_lobe_intrinsic
720575940614087219,central,unknown
720575940638663221,central,unknown
720575940629684792,central,unknown
720575940632732217,central,unknown
720575940614840891,central,unknown
720575940616020544,central,unknown
720575940632764995,optic,optic_lobe_intrinsic
720575940637975110,sensory,mechanosensory
720575940624310857,central,unknown
720575940626833994,central,unknown
720575940639547982,central,unknown
720575940619952725,central,unknown
720575940617691734,visual_projection,unknown
720575940631945815,visual_centrifugal,unknown
720575940626506329,optic,optic_lobe_intrinsic
720575940639023706,central,unknown
720575940628210272,sensory,mechanosensory
720575940604781158,sensory,mechanosensory
720575940632830568,central,unknown
720575940614316650,sensory,mechanosensory
720575940614513258,central,unknown
720575940644561518,ascending,AN
720575940635222640,descending,unknown
720575940617658997,central,unknown
720575940630372982,central,unknown
720575940636926583,optic,optic_lobe_intrinsic
720575940610253432,sensory,mechanosensory
720575940610024056,central,unknown
720575940617986683,central,unknown
720575940620345980,central,unknown
720575940621820540,central,ALPN
720575940620673663,sensory,mechanosensory
720575940622312063,central,unknown
720575940660224641,central,unknown
720575940607894146,optic,optic_lobe_intrinsic
720575940620182151,central,unknown
720575940624376456,central,unknown
720575940617265803,visual_projection,unknown
720575940632044172,central,unknown
720575940615824011,central,unknown
720575940624999056,sensory,mechanosensory
720575940621460115,central,unknown
720575940621230739,central,unknown
720575940612612757,central,unknown
720575940633027223,central,unknown
720575940633191066,central,unknown
720575940627980955,central,unknown
720575940618969758,central,unknown
720575940655571617,central,unknown
720575940615594658,central,ALPN
720575940632437412,central,LHLN
720575940620182181,motor,brain_motor_neuron
720575940627096232,central,unknown
720575940612219562,sensory,mechanosensory
720575940636828334,central,unknown
720575940607206066,central,unknown
720575940611957427,central,unknown
720575940613169843,optic,optic_lobe_intrinsic
720575940624245436,central,unknown
720575940637844157,sensory,mechanosensory
720575940639285949,central,unknown
720575940634370751,central,unknown
720575940610482883,central,unknown
720575940610515651,central,unknown
720575940616413894,central,unknown
720575940619330251,sensory,mechanosensory
720575940610646734,sensory,mechanosensory
720575940611498714,central,unknown
720575940623098589,optic,optic_lobe_intrinsic
720575940635321054,visual_centrifugal,unknown
720575940636795620,visual_projection,unknown
720575940622607082,central,unknown
720575940622836460,central,unknown
720575940613563117,central,unknown
720575940627620593,descending,unknown
720575940641284853,central,unknown
720575940630012663,ascending,AN
720575940633125624,sensory,mechanosensory
720575940623557373,central,unknown
720575940628996867,sensory,mechanosensory
720575940622705415,central,unknown
720575940630930191,sensory,mechanosensory
720575940611400470,central,unknown
720575940616971035,sensory,gustatory
720575940622934817,central,unknown
720575940644758308,descending,unknown
720575940614775592,central,unknown
720575940629390123,descending,unknown
720575940628636460,central,unknown
720575940646921012,central,unknown
720575940639449909,optic,optic_lobe_intrinsic
720575940632437561,optic,optic_lobe_intrinsic
720575940617298747,central,unknown
720575940616217403,central,unknown
720575940614677307,sensory_ascending,AN
720575940614742850,sensory,mechanosensory
720575940636533574,central,unknown
720575940625621832,central,unknown
720575940631356235,ascending,AN
720575940621493068,ascending,AN
720575940624737101,central,unknown
720575940630995799,central,unknown
720575940640039768,optic,optic_lobe_intrinsic
720575940620575579,sensory,mechanosensory
720575940608451420,central,unknown
720575940618838875,central,unknown
720575940620411742,central,unknown
720575940617429853,central,unknown
720575940620116833,central,unknown
720575940621198177,central,unknown
720575940624016227,central,unknown
720575940624409444,central,unknown
720575940628112231,central,unknown
720575940632568680,optic,optic_lobe_intrinsic
720575940646364014,visual_centrifugal,unknown
720575940634207087,descending,unknown
720575940640301939,optic,optic_lobe_intrinsic
720575940630340474,central,ALLN
720575940625359741,sensory,mechanosensory
720575940625589117,sensory,mechanosensory
720575940621689727,central,unknown
720575940647478148,descending,unknown
720575940619559815,central,unknown
720575940624704393,central,unknown
720575940616086411,central,unknown
720575940625458064,visual_projection,unknown
720575940624835472,central,unknown
720575940614054802,central,ALLN
720575940623491987,descending,unknown
720575940625621908,optic,optic_lobe_intrinsic
720575940632863639,central,unknown
720575940627981211,sensory,mechanosensory
720575940619559838,central,unknown
720575940644496288,visual_projection,unknown
720575940620575653,sensory,mechanosensory
720575940619101099,central,unknown
720575940621329328,central,unknown
720575940633813940,central,unknown
720575940624507829,optic,optic_lobe_intrinsic
720575940619133878,descending,unknown
720575940620805046,central,unknown
720575940624606140,sensory,mechanosensory
720575940623262652,central,unknown
720575940637352893,central,unknown
720575940634076095,sensory,mechanosensory
720575940623852476,optic,optic_lobe_intrinsic
720575940620673985,central,unknown
720575940628603842,visual_projection,unknown
720575940628276162,optic,optic_lobe_intrinsic
720575940621067204,central,unknown
720575940615529414,central,ALPN
720575940628177863,ascending,AN
720575940627129290,central,ALPN
720575940610941906,central,unknown
720575940611728338,central,unknown
720575940620706776,central,unknown
720575940602618848,central,unknown
720575940633781217,descending,unknown
720575940632339425,descending,unknown
720575940621558762,central,unknown
720575940625032171,central,unknown
720575940620444654,sensory,mechanosensory
720575940621001712,central,unknown
720575940611597298,central,unknown
720575940610450418,central,unknown
720575940628571130,central,unknown
720575940628800506,central,unknown
720575940628800507,central,unknown
720575940624049147,optic,optic_lobe_intrinsic
720575940622312447,central,unknown
720575940624704514,central,unknown
720575940628997123,motor,brain_motor_neuron
720575940627293194,central,unknown
720575940613530636,central,unknown
720575940623164429,central,unknown
720575940617102348,optic,optic_lobe_intrinsic
720575940630504466,central,unknown
720575940622050328,central,unknown
720575940625261598,central,unknown
720575940605699104,sensory,mechanosensory
720575940625589287,visual_centrifugal,unknown
720575940613432360,central,unknown
720575940623918121,descending,unknown
720575940630176815,central,unknown
720575940618118193,sensory,mechanosensory
720575940620346417,central,unknown
720575940647380020,optic,optic_lobe_intrinsic
720575940637418549,sensory,mechanosensory
720575940631520312,descending,unknown
720575940616938555,central,unknown
720575940630733884,central,unknown
720575940610679876,motor,brain_motor_neuron
720575940624311369,ascending,AN
720575940629652555,visual_projection,unknown
720575940620149836,descending,unknown
720575940637844558,sensory,mechanosensory
720575940627883087,sensory,mechanosensory
720575940637647950,central,unknown
720575940633388115,optic,optic_lobe_intrinsic
720575940639417432,central,unknown
720575940627457113,visual_centrifugal,unknown
720575940637910106,central,ALPN
720575940618019933,central,unknown
720575940621132894,central,unknown
720575940621263966,central,unknown
720575940625392740,central,unknown
720575940628669545,descending,unknown
720575940615660650,visual_centrifugal,unknown
720575940629947500,central,unknown
720575940629881964,optic,optic_lobe_intrinsic
720575940611630194,sensory,mechanosensory
720575940611859570,central,unknown
720575940613825650,central,unknown
720575940615070837,sensory,mechanosensory
720575940625523837,sensory,mechanosensory
720575940626113661,central,unknown
720575940628079742,central,unknown
720575940620903551,visual_projection,unknown
720575940628538494,central,unknown
720575940625196163,central,unknown
720575940627358853,central,unknown
720575940620543110,sensory,mechanosensory
720575940618609799,sensory,mechanosensory
720575940626834576,central,unknown
720575940618314897,descending,unknown
720575940622574739,central,unknown
720575940624049300,central,unknown
720575940614349974,central,unknown
720575940633978007,optic,optic_lobe_intrinsic
720575940612547737,central,unknown
720575940635092122,central,ALLN
720575940635452570,central,TPN
720575940616545437,optic,optic_lobe_intrinsic
720575940618478749,central,unknown
720575940654490785,central,unknown
720575940632634532,descending,unknown
720575940613203119,central,ALPN
720575940606190770,optic,optic_lobe_intrinsic
720575940624966840,central,unknown
720575940616611001,central,unknown
720575940624245946,central,unknown
720575940627031226,central,ALLN
720575940623033532,descending,unknown
720575940617299131,central,ALLN
720575940604814526,central,unknown
720575940624377018,central,unknown
720575940628866242,central,unknown
720575940630439106,optic,optic_lobe_intrinsic
720575940628210887,central,unknown
720575940606354633,central,unknown
720575940619986123,optic,optic_lobe_intrinsic
720575940632110287,optic,optic_lobe_intrinsic
720575940613170385,central,unknown
720575940611531986,descending,unknown
720575940632437971,sensory,olfactory
720575940618151128,central,unknown
720575940620281048,optic,optic_lobe_intrinsic
720575940614579423,central,unknown
720575940631651554,central,unknown
720575940634109154,optic,optic_lobe_intrinsic
720575940611007717,sensory,mechanosensory
720575940613399781,optic,optic_lobe_intrinsic
720575940637353193,central,unknown
720575940614710509,visual_centrifugal,unknown
720575940619953391,central,unknown
720575940619724016,central,unknown
720575940628145393,central,unknown
720575940624803059,central,unknown
720575940640597237,central,unknown
720575940653606134,central,unknown
720575940629521655,descending,unknown
720575940629292281,central,unknown
720575940630734075,central,unknown
720575940613793022,central,unknown
720575940628309251,optic,optic_lobe_intrinsic
720575940627490052,sensory,mechanosensory
720575940622902535,sensory,gustatory
720575940608713993,central,unknown
720575940626834698,descending,unknown
720575940626933002,sensory,mechanosensory
720575940614808844,sensory,mechanosensory
720575940623164685,descending,unknown
720575940607403275,ascending,AN
720575940619986196,central,unknown
720575940613825814,central,unknown
720575940644627735,sensory,mechanosensory
720575940633027865,sensory,mechanosensory
720575940623000858,central,ALLN
720575940626638108,central,unknown
720575940617135389,sensory,mechanosensory
720575940605633824,central,unknown
720575940623426854,descending,unknown
720575940622378281,sensory,mechanosensory
720575940627293483,central,unknown
720575940609533230,sensory,gustatory
720575940620346673,central,unknown
720575940617102646,central,unknown
720575940628014391,central,unknown
720575940631029048,central,unknown
720575940632503608,optic,optic_lobe_intrinsic
720575940632569145,optic,optic_lobe_intrinsic
720575940617299259,central,unknown
720575940618478913,central,unknown
720575940629390666,central,unknown
720575940621788492,central,unknown
720575940638664014,central,ALLN
720575940628538703,central,unknown
720575940619658576,central,unknown
720575940632307025,descending,unknown
720575940625622354,central,unknown
720575940630603091,central,unknown
720575940627162450,central,unknown
720575940618118485,central,unknown
720575940638270808,central,unknown
720575940639974744,optic,optic_lobe_intrinsic
720575940633978207,sensory,mechanosensory
720575940634862943,descending,unknown
720575940627293540,central,unknown
720575940625032548,sensory,gustatory
720575940604257638,sensory,mechanosensory
720575940631618920,central,ALLN
720575940636239211,central,unknown
720575940629390700,central,unknown
720575940619625837,central,unknown
720575940643939694,central,unknown
720575940634699119,central,unknown
720575940613891442,central,unknown
720575940618544507,sensory,mechanosensory
720575940628112765,visual_centrifugal,ocellar
720575940627096957,central,unknown
720575940628473214,visual_projection,unknown
720575940639417728,central,unknown
720575940659340673,central,unknown
720575940627850622,descending,unknown
720575940627359107,visual_centrifugal,unknown
720575940626048387,central,unknown
720575940625098115,central,unknown
720575940627359109,central,unknown
720575940620346758,visual_projection,unknown
720575940620445062,central,ALPN
720575940624377224,central,unknown
720575940623132040,central,unknown
720575940623525258,central,unknown
720575940624180616,optic,optic_lobe_intrinsic
720575940631061900,descending,unknown
720575940643120525,central,unknown
720575940613793170,descending,unknown
720575940623197588,central,unknown
720575940614612374,central,unknown
720575940626015640,central,unknown
720575940618216862,central,unknown
720575940615038367,sensory,mechanosensory
720575940613891487,central,unknown
720575940655015329,central,unknown
720575940642399648,central,unknown
720575940656063905,optic,optic_lobe_intrinsic
720575940631455140,sensory,mechanosensory
720575940644627872,optic,optic_lobe_intrinsic
720575940626671016,central,unknown
720575940631553453,central,unknown
720575940613924271,sensory,mechanosensory
720575940618839472,central,unknown
720575940606649777,optic,optic_lobe_intrinsic
720575940608124338,central,ALPN
720575940613039539,central,unknown
720575940608353714,central,unknown
720575940619003312,central,unknown
720575940620510640,central,unknown
720575940623656376,central,unknown
720575940625196472,optic,optic_lobe_intrinsic
720575940638434749,visual_projection,unknown
720575940603930046,central,unknown
720575940633388479,sensory,mechanosensory
720575940605601214,central,unknown
720575940606059977,central,unknown
720575940614186449,descending,unknown
720575940609533394,central,unknown
720575940616807897,central,unknown
720575940611892707,optic,optic_lobe_intrinsic
720575940611302883,central,unknown
720575940623787495,central,unknown
720575940624377323,central,unknown
720575940624770540,sensory,mechanosensory
720575940624344556,central,unknown
720575940620150255,sensory,mechanosensory
720575940621755888,central,unknown
720575940629521914,central,unknown
720575940627752443,sensory,mechanosensory
720575940627359228,central,unknown
720575940626572802,central,unknown
720575940629652995,optic,optic_lobe_intrinsic
720575940620969477,sensory,mechanosensory
720575940624475656,optic,optic_lobe_intrinsic
720575940609795593,optic,optic_lobe_intrinsic
720575940623164941,central,unknown
720575940625163790,sensory,gustatory
720575940625032721,central,unknown
720575940643972631,central,unknown
720575940620740122,central,unknown
720575940615857691,central,unknown
720575940619134493,central,unknown
720575940626179614,descending,unknown
720575940633323039,central,unknown
720575940616742434,central,unknown
720575940644300323,central,unknown
720575940643251748,central,unknown
720575940624016933,central,unknown
720575940617299490,central,unknown
720575940627916331,central,unknown
720575940618085937,sensory,mechanosensory
720575940645774900,central,unknown
720575940638041653,central,unknown
720575940616611382,central,unknown
720575940630734393,sensory,mechanosensory
720575940617299515,central,unknown
720575940616382014,optic,optic_lobe_intrinsic
720575940631553603,central,unknown
720575940617561669,central,ALON
720575940624311881,sensory,gustatory
720575940632077899,central,unknown
720575940637943374,central,ALPN
720575940626507346,central,unknown
720575940628244055,central,unknown
720575940628244064,central,unknown
720575940623787619,optic,optic_lobe_intrinsic
720575940625491556,sensory,mechanosensory
720575940637648485,descending,unknown
720575940634371685,central,unknown
720575940634601067,central,unknown
720575940629489260,central,unknown
720575940620314221,visual_projection,unknown
720575940644791918,central,unknown
720575940634240623,central,unknown
720575940637419120,central,unknown
720575940612580977,visual_projection,unknown
720575940611270257,central,unknown
720575940611532408,visual_projection,unknown
720575940618348155,optic,optic_lobe_intrinsic
720575940659439233,sensory,mechanosensory
720575940657604225,ascending,AN
720575940607927938,optic,optic_lobe_intrinsic
720575940631225996,descending,unknown
720575940637550221,optic,optic_lobe_intrinsic
720575940626507408,visual_projection,unknown
720575940625753744,optic,optic_lobe_intrinsic
720575940624574100,central,unknown
720575940611499669,sensory,mechanosensory
720575940611106453,sensory,gustatory
720575940610975385,central,unknown
720575940633093786,central,unknown
720575940627490459,descending,unknown
720575940633683610,optic,optic_lobe_intrinsic
720575940632438428,optic,optic_lobe_intrinsic
720575940613105311,sensory,mechanosensory
720575940644726432,motor,brain_motor_neuron
720575940615071391,central,unknown
720575940613531295,central,unknown
720575940638664355,descending,unknown
720575940631815844,ascending,AN
720575940639352483,central,unknown
720575940630570669,central,unknown
720575940611335859,central,unknown
720575940613039795,central,unknown
720575940625065653,descending,unknown
720575940627261114,central,unknown
720575940616185531,descending,unknown
720575940618479296,central,unknown
720575940619822784,central,unknown
720575940629948098,optic,optic_lobe_intrinsic
720575940621919940,sensory,mechanosensory
720575940629620421,sensory,mechanosensory
720575940605929161,sensory,mechanosensory
720575940607272649,central,unknown
720575940626835146,central,unknown
720575940632602316,central,unknown
720575940609894094,sensory,mechanosensory
720575940630308567,sensory,mechanosensory
720575940640696027,central,unknown
720575940633749217,central,unknown
720575940632962786,descending,unknown
720575940610615013,central,unknown
720575940613531365,optic,optic_lobe_intrinsic
720575940624377579,sensory,mechanosensory
720575940621002480,descending,unknown
720575940629358321,central,unknown
720575940626278129,descending,unknown
720575940623525619,central,unknown
720575940613367538,optic,optic_lobe_intrinsic
720575940638664437,sensory,mechanosensory
720575940641285877,ascending,AN
720575940639352565,central,unknown
720575940629063418,central,unknown
720575940622018309,central,unknown
720575940629489414,central,unknown
720575940625000200,optic,optic_lobe_intrinsic
720575940622771976,central,unknown
720575940628375306,central,unknown
720575940623066893,central,unknown
720575940629817104,central,unknown
720575940626966289,central,unknown
720575940631291666,sensory,mechanosensory
720575940626016017,sensory,gustatory
720575940623197976,optic,optic_lobe_intrinsic
720575940633257753,sensory,mechanosensory
720575940616415003,central,unknown
720575940626376478,central,unknown
720575940624377638,visual_projection,unknown
720575940624967463,descending,unknown
720575940614940456,central,unknown
720575940627195691,sensory,mechanosensory
720575940628211499,central,unknown
720575940610254638,sensory,mechanosensory
720575940630046511,central,unknown
720575940609959726,central,ALLN
720575940638107445,sensory,mechanosensory
720575940619757366,descending,unknown
720575940631422776,central,unknown
720575940631095097,central,unknown
720575940630865724,motor,brain_motor_neuron
720575940640630589,descending,unknown
720575940636731199,central,unknown
720575940618217280,central,unknown
720575940607371076,central,unknown
720575940619134789,central,unknown
720575940618348357,central,unknown
720575940638271302,central,unknown
720575940629587787,central,unknown
720575940607469404,central,unknown
720575940616873821,visual_centrifugal,unknown
720575940619822942,ascending,AN
720575940634339167,sensory,mechanosensory
720575940622116705,central,unknown
720575940624017251,visual_projection,unknown
720575940626179940,central,unknown
720575940624607076,central,unknown
720575940628834151,central,unknown
720575940627490663,sensory,gustatory
720575940621002605,optic,optic_lobe_intrinsic
720575940629194614,sensory,mechanosensory
720575940637321079,central,unknown
720575940625622909,central,unknown
720575940625917821,visual_projection,unknown
720575940660160385,central,unknown
720575940606912386,sensory,mechanosensory
720575940659832705,central,unknown
720575940625917827,central,unknown
720575940617922439,descending,unknown
720575940623525770,central,unknown
720575940639811469,central,unknown
720575940640597901,central,unknown
720575940625688463,central,unknown
720575940625164176,central,unknown
720575940617594769,optic,optic_lobe_intrinsic
720575940617201553,optic,optic_lobe_intrinsic
720575940623624084,sensory,mechanosensory
720575940634208151,central,LHLN
720575940626376600,central,unknown
720575940613302169,visual_centrifugal,unknown
720575940644464544,central,unknown
720575940653344673,central,unknown
720575940614186914,sensory,mechanosensory
720575940632602532,central,unknown
720575940620183462,central,unknown
720575940628768680,optic,optic_lobe_intrinsic
720575940620380073,central,unknown
720575940603439020,visual_centrifugal,unknown
720575940632700845,central,unknown
720575940619757488,sensory,mechanosensory
720575940606388146,central,unknown
720575940612319155,central,ALIN
720575940611434419,central,unknown
720575940622247861,central,unknown
720575940625622968,central,unknown
720575940616546233,central,unknown
720575940623886266,central,unknown
720575940614383547,central,unknown
720575940624967612,motor,brain_motor_neuron
720575940629063618,central,unknown
720575940622673860,descending,unknown
720575940624246730,central,unknown
720575940631783372,central,unknown
720575940623132621,descending,unknown
720575940624017357,optic,optic_lobe_intrinsic
720575940614481873,optic,optic_lobe_intrinsic
720575940632897491,optic,optic_lobe_intrinsic
720575940630964187,sensory,mechanosensory
720575940640761819,sensory,mechanosensory
720575940630964188,central,unknown
720575940637616094,sensory,mechanosensory
720575940642203611,visual_centrifugal,unknown
720575940632274914,central,unknown
720575940632963042,central,unknown
720575940609927141,central,unknown
720575940624705514,central,unknown
720575940625295339,descending,unknown
720575940625033196,optic,optic_lobe_intrinsic
720575940619888622,ascending,AN
720575940620052464,sensory,mechanosensory
720575940623820787,central,unknown
720575940624082931,descending,unknown
720575940633257976,central,unknown
720575940627982332,central,unknown
720575940614187006,descending,unknown
720575940627523584,sensory,mechanosensory
720575940627818499,central,unknown
720575940622018565,ascending,AN
720575940623788040,central,ALLN
720575940625164302,ascending,AN
720575940626671633,optic,optic_lobe_intrinsic
720575940627949589,descending,unknown
720575940627654677,central,unknown
720575940630472727,sensory,mechanosensory
720575940621002785,central,unknown
720575940621166625,ascending,AN
720575940625229861,sensory,mechanosensory
720575940625426469,descending,unknown
720575940625492005,central,unknown
720575940622608423,central,unknown
720575940612188200,central,unknown
720575940631586858,central,ALLN
720575940623984677,central,unknown
720575940630571052,central,ALLN
720575940625164327,optic,optic_lobe_intrinsic
720575940625852464,central,unknown
720575940647938100,visual_projection,unknown
720575940619167798,optic,optic_lobe_intrinsic
720575940627949626,central,unknown
720575940608190532,central,unknown
720575940618184773,central,unknown
720575940626049098,sensory,mechanosensory
720575940630341707,central,unknown
720575940638500942,central,unknown
720575940619921488,central,unknown
720575940626802770,central,unknown
720575940633782355,central,unknown
720575940617398358,central,unknown
720575940640073816,optic,optic_lobe_intrinsic
720575940639123544,central,unknown
720575940638009434,central,unknown
720575940616218717,central,unknown
720575940612057186,visual_projection,unknown
720575940614908010,central,unknown
720575940620740717,central,unknown
720575940637649011,central,unknown
720575940617889915,central,unknown
720575940626344061,optic,optic_lobe_intrinsic
720575940629129342,central,unknown
720575940641122432,central,unknown
720575940606683266,sensory,mechanosensory
720575940626606211,sensory,mechanosensory
720575940605667458,central,unknown
720575940645611652,sensory,gustatory
720575940622968970,central,unknown
720575940631423116,central,ALLN
720575940637255821,optic,optic_lobe_intrinsic
720575940627753103,central,unknown
720575940626901136,descending,unknown
720575940627720335,central,ALIN
720575940611139733,central,unknown
720575940610156697,sensory_ascending,unknown_sensory
720575940635322524,central,unknown
720575940618807454,central,unknown
720575940618709158,visual_projection,unknown
720575940619954342,central,unknown
720575940626999464,central,unknown
720575940628605096,optic,optic_lobe_intrinsic
720575940602914988,central,unknown
720575940636895406,central,unknown
720575940613433519,central,unknown
720575940621068464,descending,unknown
720575940611958963,sensory,mechanosensory
720575940623919287,central,unknown
720575940616612025,sensory,mechanosensory
720575940617332923,central,unknown
720575940624181436,central,unknown
720575940640172221,central,unknown
720575940621265088,optic,optic_lobe_intrinsic
720575940630079685,central,unknown
720575940614514886,sensory,mechanosensory
720575940626933959,sensory,mechanosensory
720575940641876168,central,unknown
720575940607764681,optic,optic_lobe_intrinsic
720575940625524938,sensory,mechanosensory
720575940620609739,visual_centrifugal,unknown
720575940631914700,central,unknown
720575940611008718,motor,brain_motor_neuron
720575940611958994,central,unknown
720575940611565778,optic,optic_lobe_intrinsic
720575940609829077,optic,optic_lobe_intrinsic
720575940629358807,sensory,gustatory
720575940618676440,visual_projection,unknown
720575940630407388,central,ALLN
720575940621363421,central,unknown
720575940614482143,central,unknown
720575940602718432,central,unknown
720575940634667234,sensory,mechanosensory
720575940611336421,visual_projection,unknown
720575940623689959,central,unknown
720575940628637937,optic,optic_lobe_intrinsic
720575940612843762,central,unknown
720575940651804918,central,unknown
720575940636502264,optic,optic_lobe_intrinsic
720575940628375803,visual_projection,unknown
720575940628998396,visual_projection,unknown
720575940621625597,sensory,mechanosensory
720575940612647166,sensory,mechanosensory
720575940621101311,central,unknown
720575940624574717,central,unknown
720575940629981440,central,MBON
720575940623067389,central,unknown
720575940621953285,central,unknown
720575940627327238,central,unknown
720575940620511493,optic,optic_lobe_intrinsic
720575940623165709,sensory,mechanosensory
720575940625164558,central,unknown
720575940623853837,central,unknown
720575940622346509,central,unknown
720575940626573585,central,unknown
720575940630800658,sensory,mechanosensory
720575940625918225,central,unknown
720575940628769040,optic,optic_lobe_intrinsic
720575940632045839,central,unknown
720575940616317211,central,unknown
720575940617431325,central,unknown
720575940631423263,sensory,gustatory
720575940604553504,optic,optic_lobe_intrinsic
720575940620380449,descending,unknown
720575940643318052,sensory,mechanosensory
720575940645742884,central,unknown
720575940633192751,optic,optic_lobe_intrinsic
720575940645972276,central,unknown
720575940632996152,optic,optic_lobe_intrinsic
720575940616907067,sensory,mechanosensory
720575940638894397,sensory,mechanosensory
720575940637747519,sensory,gustatory
720575940617922880,central,unknown
720575940618971457,central,unknown
720575940615924037,central,LHLN
720575940617529669,central,unknown
720575940625885512,sensory,mechanosensory
720575940626835784,central,unknown
720575940626803018,central,unknown
720575940624968013,descending,unknown
720575940626901327,central,unknown
720575940632734033,central,unknown
720575940631619921,central,ALLN
720575940628539735,ascending,AN
720575940618873179,central,unknown
720575940617496925,central,ALIN
720575940615629149,central,unknown
720575940619856222,central,unknown
720575940634470757,central,unknown
720575940614383978,central,unknown
720575940614416746,central,unknown
720575940629719404,sensory,mechanosensory
720575940631619948,central,unknown
720575940634634606,sensory,mechanosensory
720575940631521644,optic,optic_lobe_intrinsic
720575940635552111,optic,optic_lobe_intrinsic
720575940613007729,descending,unknown
720575940609239416,central,unknown
720575940649871737,optic,optic_lobe_intrinsic
720575940609665400,central,unknown
720575940618709371,sensory,gustatory
720575940660914561,central,ALON
720575940606650754,optic,optic_lobe_intrinsic
720575940647020932,central,unknown
720575940625557893,central,unknown
720575940620249478,central,unknown
720575940618447238,ascending,AN
720575940618250630,central,unknown
720575940624017800,optic,optic_lobe_intrinsic
720575940622444938,sensory,mechanosensory
720575940622838154,descending,unknown
720575940629752204,sensory,mechanosensory
720575940635191694,sensory,mechanosensory
720575940615137681,central,unknown
720575940625066388,central,LHLN
720575940632865178,central,unknown
720575940629752219,central,ALPN
720575940612975007,central,unknown
720575940615104927,central,ALPN
720575940655671713,central,unknown
720575940620183973,central,unknown
720575940619397542,visual_projection,unknown
720575940637321646,central,unknown
720575940619430320,optic,optic_lobe_intrinsic
720575940623362487,central,unknown
720575940626672058,descending,unknown
720575940617365947,central,unknown
720575940627261882,central,LHLN
720575940638632381,central,unknown
720575940621330893,central,unknown
720575940640238032,central,unknown
720575940640631248,central,unknown
720575940608223701,central,unknown
720575940630276567,central,unknown
720575940628539863,central,unknown
720575940616612313,central,unknown
720575940617398745,central,unknown
720575940630243804,central,unknown
720575940609927653,central,unknown
720575940612975085,central,unknown
720575940620741102,central,unknown
720575940614220269,central,unknown
720575940619987438,ascending,AN
720575940622313971,sensory,gustatory
720575940621298164,sensory,mechanosensory
720575940629064186,descending,unknown
720575940625132029,central,unknown
720575940624280066,descending,unknown
720575940628998659,motor,brain_motor_neuron
720575940627556868,central,unknown
720575940622248453,descending,unknown
720575940627458570,visual_centrifugal,unknown
720575940623165965,ascending,AN
720575940624706062,central,ALIN
720575940622510606,central,unknown
720575940625099278,central,unknown
720575940625689105,central,unknown
720575940630309391,central,unknown
720575940619233812,central,unknown
720575940625689109,central,unknown
720575940628802069,central,unknown
720575940625230366,central,unknown
720575940631882271,central,unknown
720575940604783136,descending,unknown
720575940630931999,central,unknown
720575940645382691,central,unknown
720575940643940900,central,unknown
720575940644629028,central,unknown
720575940622510630,central,unknown
720575940623133223,central,unknown
720575940630538799,optic,optic_lobe_intrinsic
720575940631554616,sensory,mechanosensory
720575940632898105,motor,brain_motor_neuron
720575940640467517,optic,optic_lobe_intrinsic
720575940626278974,central,unknown
720575940625197630,central,unknown
720575940618218048,central,unknown
720575940609993284,central,unknown
720575940617792069,descending,unknown
720575940630080071,sensory,mechanosensory
720575940632013387,central,unknown
720575940623886925,sensory,mechanosensory
720575940618611280,central,unknown
720575940632308305,central,unknown
720575940630538833,central,unknown
720575940633356881,central,unknown
720575940619659861,sensory,gustatory
720575940620741205,visual_projection,unknown
720575940621298270,central,ALLN
720575940622117473,central,unknown
720575940635847269,central,ALLN
720575940613663346,optic,optic_lobe_intrinsic
720575940615826037,central,unknown
720575940616481397,central,unknown
720575940635290231,sensory,mechanosensory
720575940650920569,central,unknown
720575940620642940,descending,unknown
720575940606913154,optic,optic_lobe_intrinsic
720575940626377349,descending,unknown
720575940626475653,central,unknown
720575940620249734,sensory,mechanosensory
720575940626705029,central,unknown
720575940627098249,central,unknown
720575940623362698,central,unknown
720575940616186507,central,unknown
720575940622445192,central,unknown
720575940642335373,central,unknown
720575940641417869,central,unknown
720575940624181904,central,unknown
720575940616022678,central,unknown
720575940611566233,central,unknown
720575940635355804,descending,unknown
720575940642368160,central,unknown
720575940653705889,central,unknown
720575940619397797,central,unknown
720575940620937897,sensory,mechanosensory
720575940610484906,central,unknown
720575940619791019,sensory,olfactory
720575940604914353,central,unknown
720575940622969528,central,unknown
720575940626672314,central,unknown
720575940624378556,central,unknown
720575940640205501,central,unknown
720575940634241727,sensory,mechanosensory
720575940622510788,central,unknown
720575940630440645,ascending,AN
720575940622805700,descending,unknown
720575940630702789,sensory,gustatory
720575940615170758,central,unknown
720575940605274825,central,unknown
720575940625296074,sensory,mechanosensory
720575940646508852,central,LHLN
720575940640369360,sensory,mechanosensory
720575940630309591,central,unknown
720575940616383193,central,unknown
720575940631390940,central,unknown
720575940620348125,central,unknown
720575940630244060,descending,unknown
720575940628900572,central,unknown
720575940633160418,optic,optic_lobe_intrinsic
720575940623690474,central,unknown
720575940628081393,sensory,mechanosensory
720575940611697394,central,unknown
720575940628638458,sensory,mechanosensory
720575940631292667,visual_projection,unknown
720575940622707455,central,unknown
720575940630506240,optic,optic_lobe_intrinsic
720575940626967298,visual_centrifugal,unknown
720575940627032834,optic,optic_lobe_intrinsic
720575940628441862,descending,unknown
720575940607765257,central,unknown
720575940627917578,optic,optic_lobe_intrinsic
720575940607765259,sensory,mechanosensory
720575940616153868,optic,optic_lobe_intrinsic
720575940623493902,central,unknown
720575940630539023,sensory,mechanosensory
720575940627983120,central,unknown
720575940630637330,central,unknown
720575940627032851,central,unknown
720575940632406802,central,unknown
720575940613466902,optic,optic_lobe_intrinsic
720575940622215960,central,unknown
720575940633488153,descending,unknown
720575940622183194,central,unknown
720575940626574108,sensory,mechanosensory
720575940614056733,sensory,mechanosensory
720575940645972771,central,unknown
720575940642401060,central,unknown
720575940623952679,central,unknown
720575940629490476,descending,unknown
720575940631128877,central,unknown
720575940615596850,motor,brain_motor_neuron
720575940614941491,central,unknown
720575940645743412,sensory,gustatory
720575940638337845,central,unknown
720575940616121147,central,unknown
720575940613761858,central,unknown
720575940616743749,central,unknown
720575940617497413,central,unknown
720575940629359434,central,unknown
720575940632243019,central,ALPN
720575940627131218,central,unknown
720575940620249941,central,ALLN
720575940621298523,central,unknown
720575940619889499,optic,optic_lobe_intrinsic
720575940615826269,sensory,mechanosensory
720575940617497437,central,unknown
720575940622314339,visual_projection,unknown
720575940630506344,central,unknown
720575940614417258,sensory,mechanosensory
720575940634635115,central,unknown
720575940615367530,optic,optic_lobe_intrinsic
720575940636044143,motor,brain_motor_neuron
720575940636306288,central,unknown
720575940611828594,central,unknown
720575940619201403,central,unknown
720575940619856763,optic,optic_lobe_intrinsic
720575940626246525,central,unknown
720575940628081541,visual_projection,unknown
720575940622707592,ascending,AN
720575940627753865,optic,optic_lobe_intrinsic
720575940614843275,descending,unknown
720575940613106582,central,mAL
720575940632767383,sensory,mechanosensory
720575940624903064,visual_projection,unknown
720575940613598105,central,unknown
720575940616383389,sensory,mechanosensory
720575940616907678,central,unknown
720575940619955102,optic,optic_lobe_intrinsic
720575940644465568,visual_projection,unknown
720575940640926627,central,unknown
720575940613335975,central,unknown
720575940622150569,central,unknown
720575940636732334,central,unknown
720575940605209521,sensory,mechanosensory
720575940612418483,sensory,mechanosensory
720575940610091955,descending,unknown
720575940610747315,central,unknown
720575940619922358,sensory,mechanosensory
720575940622150583,central,unknown
720575940623887288,visual_projection,unknown
720575940616842169,central,unknown
720575940616809401,central,unknown
720575940615695289,optic,optic_lobe_intrinsic
720575940635945919,central,ALLN
720575940634962879,central,unknown
720575940627327938,sensory,mechanosensory
720575940627721154,central,unknown
720575940623133636,optic,optic_lobe_intrinsic
720575940632341452,sensory,gustatory
720575940623100877,central,unknown
720575940609633230,central,unknown
720575940621331405,central,unknown
720575940631227343,central,unknown
720575940612418510,optic,optic_lobe_intrinsic
720575940628212695,ascending,AN
720575940617399257,descending,unknown
720575940620119005,sensory,mechanosensory
720575940635880414,central,unknown
720575940616285151,central,unknown
720575940603472864,optic,optic_lobe_intrinsic
720575940633095137,descending,unknown
720575940615236582,central,unknown
720575940624411623,sensory,mechanosensory
720575940625525740,visual_centrifugal,unknown
720575940620119023,central,unknown
720575940622871540,central,unknown
720575940639484917,central,unknown
720575940620774388,central,unknown
720575940629228535,central,unknown
720575940614089726,descending,unknown
720575940617432065,descending,unknown
720575940626803714,optic,optic_lobe_intrinsic
720575940627360772,central,unknown
720575940621921285,central,unknown
720575940628343814,central,unknown
720575940622412807,sensory,mechanosensory
720575940628343818,central,unknown
720575940628376586,central,unknown
720575940622478349,descending,unknown
720575940630244367,central,unknown
720575940625984528,central,unknown
720575940632505359,central,ALLN
720575940627065877,central,unknown
720575940643253271,central,unknown
720575940621626394,descending,unknown
720575940631292959,sensory,mechanosensory
720575940644072483,central,unknown
720575940645907491,central,unknown
720575940622314534,central,unknown
720575940623264807,sensory,mechanosensory
720575940613073960,central,unknown
720575940627000363,central,unknown
720575940610550830,central,unknown
720575940626836528,central,unknown
720575940616055858,central,unknown
720575940647021620,central,unknown
720575940640140341,visual_centrifugal,unknown
720575940630277175,central,unknown
720575940632996920,ascending,AN
720575940630572089,optic,optic_lobe_intrinsic
720575940615957563,sensory,mechanosensory
720575940626279486,central,unknown
720575940624313406,central,unknown
720575940616121408,central,unknown
720575940620381249,central,unknown
720575940621167681,central,unknown
720575940633193543,central,unknown
720575940621790284,central,unknown
720575940619922512,central,unknown
720575940633324627,visual_projection,unknown
720575940628081751,central,unknown
720575940626705497,central,unknown
720575940620020827,central,unknown
720575940619627611,central,unknown
720575940621823073,central,unknown
720575940635520101,central,unknown
720575940637289573,optic,optic_lobe_intrinsic
720575940628048999,central,unknown
720575940630015084,central,unknown
720575940635028591,central,unknown
720575940612582514,sensory,gustatory
720575940638108787,central,unknown
720575940614188149,sensory,mechanosensory
720575940614384757,descending,unknown
720575940630670454,central,unknown
720575940610157688,central,ALLN
720575940627590266,central,unknown
720575940616744059,central,unknown
720575940621823100,central,unknown
720575940640173184,ascending,AN
720575940640205952,central,unknown
720575940628343941,optic,optic_lobe_intrinsic
720575940619922566,central,unknown
720575940622085258,central,unknown
720575940632243340,central,unknown
720575940642499725,optic,optic_lobe_intrinsic
720575940636241038,sensory,mechanosensory
720575940634635406,central,unknown
720575940625886351,central,unknown
720575940618153105,visual_centrifugal,unknown
720575940625656980,central,unknown
720575940611501205,sensory,mechanosensory
720575940630244507,central,unknown
720575940617530525,central,unknown
720575940615957663,descending,unknown
720575940638928035,sensory,mechanosensory
720575940639747235,central,unknown
720575940631293092,central,unknown
720575940620971174,central,unknown
720575940612648106,descending,unknown
720575940604456108,central,unknown
720575940613303471,central,unknown
720575940622281904,central,unknown
720575940603636913,central,unknown
720575940605308082,central,unknown
720575940611304627,central,unknown
720575940635552948,descending,unknown
720575940605799601,central,unknown
720575940624608442,central,unknown
720575940618382529,descending,unknown
720575940643744968,central,unknown
720575940625558730,descending,unknown
720575940630867148,central,unknown
720575940612418766,optic,optic_lobe_intrinsic
720575940629884119,sensory,gustatory
720575940613106906,optic,optic_lobe_intrinsic
720575940637289694,sensory,mechanosensory
720575940615859423,central,LHLN
720575940637060318,central,unknown
720575940637388004,ascending,AN
720575940637715689,sensory,mechanosensory
720575940622052586,sensory,mechanosensory
720575940623592682,central,unknown
720575940612975853,central,unknown
720575940620217582,central,unknown
720575940620119279,central,unknown
720575940619463924,central,unknown
720575940633881848,central,unknown
720575940630113531,central,unknown
720575940628114684,ascending,AN
720575940625132797,central,unknown
720575940614581502,central,unknown
720575940630736123,central,unknown
720575940629130492,optic,optic_lobe_intrinsic
720575940619070721,central,unknown
720575940625952002,central,unknown
720575940628344074,sensory,mechanosensory
720575940623166733,central,unknown
720575940622609678,central,unknown
720575940630539535,central,unknown
720575940627197200,sensory,mechanosensory
720575940632472850,descending,unknown
720575940631293202,central,unknown
720575940625755413,central,unknown
720575940622609690,central,unknown
720575940626312478,visual_projection,unknown
720575940622052641,central,unknown
720575940624543013,central,unknown
720575940612189480,central,unknown
720575940632112429,sensory,mechanosensory
720575940609633582,central,unknown
720575940611337518,optic,optic_lobe_intrinsic
720575940613598514,ascending,AN
720575940636962101,central,unknown
720575940638960957,central,unknown
720575940626279742,central,unknown
720575940638928191,optic,optic_lobe_intrinsic
720575940617727296,central,unknown
720575940613139778,central,unknown
720575940630998339,visual_projection,unknown
720575940639649094,central,unknown
720575940628802888,central,unknown
720575940628573519,central,ALLN
720575940619332944,descending,unknown
720575940633226577,central,unknown
720575940617825620,central,unknown
720575940615892310,central,unknown
720575940628933975,central,unknown
720575940615466333,central,unknown
720575940634373471,central,unknown
720575940620348769,central,unknown
720575940610649442,sensory,gustatory
720575940622118241,central,unknown
720575940626247012,central,unknown
720575940636470629,central,unknown
720575940629851496,central,unknown
720575940646530414,central,unknown
720575940633849199,central,unknown
720575940611206514,central,unknown
720575940635749751,central,unknown
720575940637126007,descending,unknown
720575940635815287,optic,optic_lobe_intrinsic
720575940622052732,central,unknown
720575940626148733,optic,optic_lobe_intrinsic
720575940627099006,sensory,mechanosensory
720575940620381567,optic,optic_lobe_intrinsic
720575940639485312,central,unknown
720575940659146113,central,unknown
720575940608126338,visual_centrifugal,ocellar
720575940658654593,central,unknown
720575940641254784,central,unknown
720575940625919363,central,unknown
720575940626214275,visual_centrifugal,unknown
720575940620381575,central,unknown
720575940626738565,central,unknown
720575940640402829,central,unknown
720575940635127182,sensory,mechanosensory
720575940616908177,central,ALLN
720575940624313748,sensory,mechanosensory
720575940622675348,central,unknown
720575940614352278,descending,unknown
720575940615892374,central,unknown
720575940625460632,central,unknown
720575940632440220,central,unknown
720575940615794077,descending,unknown
720575940619627934,visual_projection,unknown
720575940615630237,descending,unknown
720575940612910503,central,unknown
720575940618972587,sensory,mechanosensory
720575940604456364,central,unknown
720575940636143022,central,unknown
720575940612058543,descending,unknown
720575940612418991,central,unknown
720575940636306862,central,unknown
720575940622216624,optic,optic_lobe_intrinsic
720575940634144180,central,unknown
720575940622937528,sensory,mechanosensory
720575940625952186,central,unknown
720575940619759041,central,unknown
720575940629065154,central,unknown
720575940629097922,central,ALPN
720575940608617923,central,unknown
720575940623134157,central,unknown
720575940630932943,central,LHLN
720575940631948755,central,unknown
720575940609076693,central,unknown
720575940606586325,ascending,AN
720575940617792985,central,unknown
720575940611403226,central,unknown
720575940641648091,central,unknown
720575940629229020,central,unknown
720575940622675421,descending,unknown
720575940636536286,visual_projection,unknown
720575940642631131,central,unknown
720575940635618793,sensory,mechanosensory
720575940624313834,visual_centrifugal,unknown
720575940623265258,sensory,olfactory
720575940624248300,sensory,mechanosensory
720575940641484277,optic,optic_lobe_intrinsic
720575940630769145,central,unknown
720575940627754496,ascending,AN
720575940617956865,central,unknown
720575940626378242,central,ALLN
720575940624379400,sensory,mechanosensory
720575940622347784,descending,unknown
720575940607667723,central,unknown
720575940630703631,optic,optic_lobe_intrinsic
720575940632473106,central,unknown
720575940627426835,central,unknown
720575940620742164,visual_centrifugal,unknown
720575940631850521,central,mAL
720575940626083356,central,unknown
720575940632636959,central,unknown
720575940606651936,central,unknown
720575940632768031,optic,optic_lobe_intrinsic
720575940615335458,sensory,mechanosensory
720575940644400675,central,unknown
720575940616449570,central,unknown
720575940612156968,optic,optic_lobe_intrinsic
720575940630670890,central,unknown
720575940629098028,central,unknown
720575940630244911,central,unknown
720575940646039092,sensory,unknown_sensory
720575940628213303,central,unknown
720575940617301563,ascending,AN
720575940616613435,optic,optic_lobe_intrinsic
720575940614909506,descending,unknown
720575940614811202,central,unknown
720575940607635012,sensory,mechanosensory
720575940630998595,central,unknown
720575940639649350,central,unknown
720575940630507079,central,unknown
720575940627820104,central,unknown
720575940637453894,optic,optic_lobe_intrinsic
720575940632014411,optic,optic_lobe_intrinsic
720575940624903757,sensory,mechanosensory
720575940614450774,central,unknown
720575940637650522,sensory,gustatory
720575940607536732,central,unknown
720575940634701407,central,unknown
720575940633783904,central,unknown
720575940620447329,optic,optic_lobe_intrinsic
720575940610846306,central,unknown
720575940626083428,central,unknown
720575940604030566,central,unknown
720575940632669800,visual_projection,bilateral
720575940613828202,central,unknown
720575940630638188,central,unknown
720575940621004397,central,unknown
720575940621921901,optic,optic_lobe_intrinsic
720575940620054125,visual_projection,unknown
720575940636700272,central,unknown
720575940640763507,central,unknown
720575940619759220,central,unknown
720575940634537591,central,unknown
720575940610322040,central,unknown
720575940610584184,central,unknown
720575940628672122,sensory,mechanosensory
720575940618514043,descending,unknown
720575940621332092,central,unknown
720575940626017917,central,unknown
720575940660588161,optic,optic_lobe_intrinsic
720575940626312835,central,unknown
720575940624346760,visual_projection,unknown
720575940640272013,central,unknown
720575940636241550,central,ALLN
720575940613238418,visual_projection,unknown
720575940622970515,central,unknown
720575940626968216,central,unknown
720575940629163675,central,unknown
720575940619038366,descending,unknown
720575940606246334,central,unknown
720575940618153637,central,unknown
720575940622184105,central,unknown
720575940635684526,central,unknown
720575940607078066,optic,optic_lobe_intrinsic
720575940612943539,visual_centrifugal,unknown
720575940613271219,central,ALPN
720575940620512950,visual_projection,unknown
720575940621332150,central,LHLN
720575940623527608,sensory,mechanosensory
720575940622577336,central,unknown
720575940627099322,visual_projection,unknown
720575940615958203,descending,unknown
720575940623986364,central,ALPN
720575940626869946,optic,optic_lobe_intrinsic
720575940603637438,visual_projection,unknown
720575940605177534,central,unknown
720575940632571583,central,ALPN
720575940624019128,central,unknown
720575940622413508,sensory,gustatory
720575940627427015,visual_projection,unknown
720575940625755850,sensory,mechanosensory
720575940627099338,descending,unknown
720575940633554636,central,unknown
720575940626968266,central,unknown
720575940617924299,central,unknown
720575940629589711,ascending,AN
720575940639715024,central,unknown
720575940608356053,sensory,gustatory
720575940606652117,central,unknown
720575940618677976,central,unknown
720575940641058523,sensory,unknown_sensory
720575940613959391,sensory,mechanosensory
720575940611829477,optic,optic_lobe_intrinsic
720575940615859942,central,unknown
720575940638666473,central,unknown
720575940612058861,central,unknown
720575940619923182,optic,optic_lobe_intrinsic
720575940628967153,central,unknown
720575940639813365,central,unknown
720575940636471032,optic,optic_lobe_intrinsic
720575940628606713,visual_projection,unknown
720575940623396607,optic,optic_lobe_intrinsic
720575940630966016,optic,optic_lobe_intrinsic
720575940629425920,central,unknown
720575940620709645,central,unknown
720575940625035022,central,unknown
720575940632407826,descending,unknown
720575940643024663,central,unknown
720575940624117528,motor,brain_motor_neuron
720575940633161497,central,unknown
720575940619661082,central,unknown
720575940617760539,central,unknown
720575940619038493,descending,unknown
720575940618678045,visual_centrifugal,unknown
720575940629917471,sensory,mechanosensory
720575940629327659,descending,unknown
720575940629360428,central,unknown
720575940609732398,sensory,mechanosensory
720575940617727793,visual_projection,unknown
720575940615073587,central,ALLN
720575940638306101,central,unknown
720575940630146871,central,unknown
720575940627787575,central,unknown
720575940624903994,sensory,mechanosensory
720575940629458748,central,unknown
720575940625559358,sensory,mechanosensory
720575940637323071,central,unknown
720575940627033918,visual_centrifugal,unknown
720575940620676929,sensory,mechanosensory
720575940616449858,central,unknown
720575940622053185,visual_projection,unknown
720575940611108676,descending,unknown
720575940637355839,central,unknown
720575940616417090,visual_centrifugal,unknown
720575940639649606,optic,optic_lobe_intrinsic
720575940630048593,central,unknown
720575940626673490,sensory,mechanosensory
720575940628016983,central,unknown
720575940627787609,descending,unknown
720575940636569434,sensory,mechanosensory
720575940636274522,central,unknown
720575940621561697,descending,ocellar
720575940619169633,central,unknown
720575940635586405,central,unknown
720575940629426025,central,unknown
720575940614647658,sensory,olfactory
720575940634210155,central,unknown
720575940630114156,central,unknown
720575940612976497,visual_centrifugal,unknown
720575940610387825,central,unknown
720575940611633010,visual_projection,unknown
720575940609961841,central,unknown
720575940629557110,central,unknown
720575940611436408,central,unknown
720575940629163898,central,unknown
720575940622348156,central,unknown
720575940628901758,sensory,mechanosensory
720575940627066757,central,ALLN
720575940615434123,sensory,mechanosensory
720575940637650830,ascending,AN
720575940627263375,central,unknown
720575940625887119,central,unknown
720575940633259927,central,unknown
720575940625362840,sensory,mechanosensory
720575940635684762,visual_centrifugal,unknown
720575940643090336,central,unknown
720575940631588772,central,unknown
720575940622053286,optic,optic_lobe_intrinsic
720575940604653484,central,unknown
720575940604456876,central,unknown
720575940613009327,central,unknown
720575940631359412,optic,optic_lobe_intrinsic
720575940623101877,sensory,mechanosensory
720575940619759552,sensory,mechanosensory
720575940609830851,optic,optic_lobe_intrinsic
720575940609306563,sensory,gustatory
720575940630147013,central,unknown
720575940614254534,endocrine,pars_lateralis
720575940606685129,optic,optic_lobe_intrinsic
720575940623986634,central,unknown
720575940619530187,descending,unknown
720575940632670156,ascending,AN
720575940609601486,optic,optic_lobe_intrinsic
720575940611403730,central,unknown
720575940618252249,central,unknown
720575940617334745,optic,optic_lobe_intrinsic
720575940638044126,visual_centrifugal,unknown
720575940637618142,descending,unknown
720575940616286175,descending,unknown
720575940638928868,ascending,AN
720575940638109668,descending,unknown
720575940613631973,visual_projection,unknown
720575940625887207,descending,unknown
720575940623593451,central,unknown
720575940621823979,central,unknown
720575940623953900,central,unknown
720575940612354034,central,unknown
720575940611698674,central,unknown
720575940620840948,central,unknown
720575940621365236,central,unknown
720575940628443127,central,unknown
720575940636307448,optic,optic_lobe_intrinsic
720575940630212601,optic,optic_lobe_intrinsic
720575940627722234,descending,unknown
720575940628082682,central,unknown
720575940629786624,central,unknown
720575940627230722,ascending,AN
720575940629524483,ascending,AN
720575940627492866,central,unknown
720575940628606980,optic,optic_lobe_intrinsic
720575940608716809,descending,unknown
720575940626083850,central,unknown
720575940623888397,optic,optic_lobe_intrinsic
720575940629786639,sensory,mechanosensory
720575940628869136,central,unknown
720575940626018321,central,unknown
720575940627197971,central,unknown
720575940627558421,central,unknown
720575940613107734,optic,optic_lobe_intrinsic
720575940622839834,optic,optic_lobe_intrinsic
720575940631326751,sensory,mechanosensory
720575940605702176,central,unknown
720575940644663332,sensory,mechanosensory
720575940625494053,sensory,mechanosensory
720575940624969765,central,unknown
720575940615041064,sensory,mechanosensory
720575940612517928,central,unknown
720575940613795880,central,unknown
720575940629098540,visual_projection,unknown
720575940609732654,sensory,mechanosensory
720575940614090803,central,unknown
720575940647022644,ascending,AN
720575940640305205,central,unknown
720575940630605881,central,unknown
720575940640632893,optic,optic_lobe_intrinsic
720575940616548416,descending,unknown
720575940620873793,central,unknown
720575940608028740,central,unknown
720575940626378824,central,unknown
720575940628148303,central,unknown
720575940632309841,sensory,mechanosensory
720575940632342611,central,unknown
720575940617564246,central,unknown
720575940621070430,central,unknown
720575940633358431,sensory,mechanosensory
720575940619268193,central,unknown
720575940610715746,sensory,mechanosensory
720575940624314468,central,unknown
720575940628115561,ascending,AN
720575940642926702,descending,unknown
720575940620382324,sensory,mechanosensory
720575940613992565,sensory,mechanosensory
720575940629786746,central,unknown
720575940618514555,central,unknown
720575940622413948,central,unknown
720575940620742780,central,unknown
720575940622676092,optic,optic_lobe_intrinsic
720575940639355008,central,unknown
720575940659703937,descending,unknown
720575940659507329,optic,optic_lobe_intrinsic
720575940625428613,central,unknown
720575940622250120,central,unknown
720575940616843403,visual_projection,unknown
720575940632998028,central,unknown
720575940624511120,central,unknown
720575940617629841,central,unknown
720575940622413971,central,unknown
720575940623855763,optic,optic_lobe_intrinsic
720575940613009558,central,unknown
720575940625363096,sensory,mechanosensory
720575940635127964,optic,optic_lobe_intrinsic
720575940619169950,central,unknown
720575940612649122,central,unknown
720575940613828770,central,unknown
720575940638077091,central,unknown
720575940621332645,central,unknown
720575940620054694,descending,unknown
720575940612518055,visual_projection,unknown
720575940612255914,central,unknown
720575940611010730,visual_projection,unknown
720575940605997233,sensory,mechanosensory
720575940616286395,sensory,unknown_sensory
720575940639092925,central,unknown
720575940605604030,central,unknown
720575940619432129,central,unknown
720575940620349633,central,unknown
720575940619169985,sensory,olfactory
720575940618055883,optic,optic_lobe_intrinsic
720575940632178892,descending,unknown
720575940622971085,central,unknown
720575940611502286,central,unknown
720575940623626445,optic,optic_lobe_intrinsic
720575940631621843,central,unknown
720575940634341587,central,unknown
720575940607471829,central,unknown
720575940623233238,central,unknown
720575940633129171,sensory,unknown_sensory
720575940620677336,visual_projection,unknown
720575940634472670,optic,optic_lobe_intrinsic
720575940615303391,central,ALLN
720575940633293025,descending,unknown
720575940632572130,sensory,mechanosensory
720575940634734817,central,unknown
720575940612714723,central,ALPN
720575940612255973,central,unknown
720575940616941798,central,unknown
720575940632670434,central,unknown
720575940636111081,central,unknown
720575940621398254,central,ALLN
720575940621201647,central,unknown
720575940652593398,ascending,AN
720575940632998136,central,unknown
720575940628672762,central,unknown
720575940630573306,optic,optic_lobe_intrinsic
720575940615500030,motor,brain_motor_neuron
720575940616286465,sensory,mechanosensory
720575940616450305,central,unknown
720575940627820806,central,unknown
720575940621889799,central,unknown
720575940623036680,central,unknown
720575940607570185,central,unknown
720575940628869391,visual_centrifugal,unknown
720575940626608401,central,unknown
720575940632047890,central,unknown
720575940619792660,central,unknown
720575940645056791,central,unknown
720575940633227545,central,unknown
720575940617433371,optic,optic_lobe_intrinsic
720575940627493148,central,unknown
720575940632080671,sensory,mechanosensory
720575940627001637,descending,unknown
720575940624576806,central,unknown
720575940623986983,sensory,mechanosensory
720575940626051367,central,ALLN
720575940628115756,central,unknown
720575940633882925,central,unknown
720575940624052528,central,unknown
720575940616778038,central,unknown
720575940618088758,central,unknown
720575940630868281,descending,unknown
720575940640665917,central,unknown
720575940635914559,central,unknown
720575940610617668,central,unknown
720575940619432261,descending,unknown
720575940617826629,central,unknown
720575940638175558,descending,unknown
720575940622020940,central,unknown
720575940624576845,sensory,mechanosensory
720575940616548692,sensory,mechanosensory
720575940617695572,sensory,olfactory
720575940615860566,central,unknown
720575940640207192,central,unknown
720575940626510169,central,unknown
720575940621529435,central,ALPN
720575940608487772,sensory,mechanosensory
720575940634407264,central,unknown
720575940612321634,central,unknown
720575940606325094,optic,optic_lobe_intrinsic
720575940614418794,ascending,AN
720575940621857133,central,unknown
720575940644532590,central,unknown
720575940644696430,central,unknown
720575940610584945,central,unknown
720575940622479732,central,unknown
720575940629786998,central,unknown
720575940649120121,central,unknown
720575940640993664,central,unknown
720575940639715712,optic,optic_lobe_intrinsic
720575940635390350,optic,optic_lobe_intrinsic
720575940625887631,central,unknown
720575940614386070,motor,brain_motor_neuron
720575940614943126,central,unknown
720575940633555351,central,unknown
720575940613501337,central,unknown
720575940633457050,central,unknown
720575940632703388,central,unknown
720575940634243484,central,unknown
720575940617859486,sensory,mechanosensory
720575940617105822,central,unknown
720575940614582687,central,unknown
720575940615631266,central,unknown
720575940638634403,central,unknown
720575940631490980,central,unknown
720575940620939685,visual_projection,unknown
720575940632146340,sensory,gustatory
720575940619465131,sensory,mechanosensory
720575940621595051,central,unknown
720575940621627819,central,unknown
720575940607832498,optic,optic_lobe_intrinsic
720575940612288947,descending,unknown
720575940610683315,sensory,gustatory
720575940624019893,central,LHLN
720575940625002936,central,unknown
720575940618547641,central,unknown
720575940614320571,central,unknown
720575940608979395,central,unknown
720575940609569219,optic,optic_lobe_intrinsic
720575940607635913,visual_projection,unknown
720575940632179148,central,unknown
720575940610683342,central,unknown
720575940621431247,sensory,mechanosensory
720575940613468625,central,unknown
720575940616483284,central,unknown
720575940630311383,central,unknown
720575940615631321,central,unknown
720575940637258206,sensory,mechanosensory
720575940603441632,central,unknown
720575940633522658,central,unknown
720575940617630182,central,unknown
720575940628050408,optic,optic_lobe_intrinsic
720575940636504553,central,unknown
720575940625428971,optic,optic_lobe_intrinsic
720575940612289010,central,unknown
720575940641518069,optic,optic_lobe_intrinsic
720575940653576694,central,unknown
720575940635587064,descending,unknown
720575940615500286,central,unknown
720575940626936324,descending,unknown
720575940625035790,central,unknown
720575940628869648,descending,unknown
720575940627427859,central,unknown
720575940623725080,optic,optic_lobe_intrinsic
720575940633621017,sensory,mechanosensory
720575940631589407,central,unknown
720575940645745188,optic,optic_lobe_intrinsic
720575940625003045,central,unknown
720575940614681128,central,unknown
720575940627329579,sensory,mechanosensory
720575940625101360,sensory,unknown_sensory
720575940613304883,sensory,mechanosensory
720575940647023156,central,unknown
720575940640371253,visual_projection,unknown
720575940640338485,optic,optic_lobe_intrinsic
720575940629623351,central,unknown
720575940631065144,central,unknown
720575940626084410,central,unknown
720575940626870846,central,unknown
720575940636996159,central,unknown
720575940632506947,central,unknown
720575940617499205,central,unknown
720575940618973765,central,unknown
720575940637356614,central,unknown
720575940632441415,optic,optic_lobe_intrinsic
720575940622676553,central,unknown
720575940622807629,sensory,mechanosensory
720575940640436814,central,unknown
720575940629000783,central,unknown
720575940619235920,sensory,mechanosensory
720575940632080977,central,unknown
720575940631622225,central,mAL
720575940629787223,visual_projection,unknown
720575940607865436,central,unknown
720575940621267555,central,unknown
720575940630311528,central,unknown
720575940612387434,central,unknown
720575940636308075,descending,unknown
720575940630606444,central,unknown
720575940636930671,optic,optic_lobe_intrinsic
720575940636635760,central,unknown
720575940639421043,central,unknown
720575940617663093,descending,unknown
720575940634571383,central,unknown
720575940648989305,central,unknown
720575940623463036,central,unknown
720575940626575997,central,unknown
720575940621103743,central,ALPN
720575940658655873,visual_projection,unknown
720575940646400644,central,unknown
720575940646236804,central,unknown
720575940622447242,sensory,mechanosensory
720575940622611082,central,unknown
720575940632539788,descending,unknown
720575940633195148,motor,brain_motor_neuron
720575940622545546,central,unknown
720575940618023569,optic,optic_lobe_intrinsic
720575940623528595,central,unknown
720575940623725204,central,unknown
720575940634014362,central,unknown
720575940632769180,visual_projection,unknown
720575940617532062,visual_centrifugal,unknown
720575940644467360,descending,unknown
720575940612879010,central,unknown
720575940614582946,visual_projection,unknown
720575940627034792,central,unknown
720575940620382889,sensory,mechanosensory
720575940612059818,central,unknown
720575940621071017,descending,unknown
720575940627231400,central,unknown
720575940621202096,central,unknown
720575940607832754,central,unknown
720575940611273395,sensory,mechanosensory
720575940608127666,central,unknown
720575940611830451,optic,optic_lobe_intrinsic
720575940611142323,central,unknown
720575940621398721,optic,optic_lobe_intrinsic
720575940629361346,central,unknown
720575940609405635,central,unknown
720575940629852866,sensory,gustatory
720575940622447309,ascending,AN
720575940611175118,central,LHLN
720575940633129683,sensory,unknown_sensory
720575940615271124,central,unknown
720575940620481240,central,unknown
720575940641288923,sensory,mechanosensory
720575940637389534,sensory,mechanosensory
720575940631458529,central,unknown
720575940612682467,descending,unknown
720575940612387555,sensory,olfactory
720575940610585317,central,unknown
720575940616254182,sensory,mechanosensory
720575940617433830,sensory,gustatory
720575940636209897,central,unknown
720575940623626986,descending,unknown
720575940625691372,central,unknown
720575940626871025,central,unknown
720575940611207922,central,unknown
720575940624872179,central,unknown
720575940639159029,descending,unknown
720575940649939702,central,unknown
720575940640010997,optic,optic_lobe_intrinsic
720575940631622393,visual_projection,ocellar
720575940624052989,optic,optic_lobe_intrinsic
720575940627690246,central,ALLN
720575940627493638,ascending,AN
720575940622217992,sensory,mechanosensory
720575940607931145,sensory,mechanosensory
720575940628345610,descending,unknown
720575940628378378,central,unknown
720575940626412298,central,unknown
720575940621824781,central,unknown
720575940629459718,central,unknown
720575940622611224,sensory,mechanosensory
720575940618023707,central,unknown
720575940618253083,optic,optic_lobe_intrinsic
720575940615992091,central,unknown
720575940605702944,descending,unknown
720575940617401122,central,unknown
720575940642894628,descending,unknown
720575940625232677,central,unknown
720575940615336754,central,unknown
720575940629394232,central,unknown
720575940630868793,motor,brain_motor_neuron
720575940628443962,visual_centrifugal,unknown
720575940616647483,descending,unknown
720575940640142141,descending,ocellar
720575940639683389,central,unknown
720575940637619007,sensory,mechanosensory
720575940616352578,optic,optic_lobe_intrinsic
720575940609012548,visual_projection,unknown
720575940633228103,descending,unknown
720575940628378440,descending,unknown
720575940629820239,central,unknown
720575940627395407,central,unknown
720575940631032657,visual_projection,unknown
720575940630049617,central,unknown
720575940631262035,sensory,mechanosensory
720575940640469848,central,unknown
720575940619498337,sensory,mechanosensory
720575940625298276,central,unknown
720575940635751269,central,unknown
720575940634309477,central,unknown
720575940631982952,descending,unknown
720575940632146792,optic,optic_lobe_intrinsic
720575940621005677,sensory,mechanosensory
720575940643418990,sensory,mechanosensory
720575940639421299,central,unknown
720575940619334516,central,unknown
720575940638077811,central,unknown
720575940630770550,optic,optic_lobe_intrinsic
720575940636111735,central,unknown
720575940609831800,sensory,mechanosensory
720575940611208056,optic,optic_lobe_intrinsic
720575940620546940,optic,optic_lobe_intrinsic
720575940646663044,central,mAL
720575940619891591,ascending,AN
720575940623004552,central,unknown
720575940628935564,sensory,mechanosensory
720575940633228172,descending,unknown
720575940641977229,central,unknown
720575940612027285,optic,optic_lobe_intrinsic
720575940614714262,central,unknown
720575940632900503,central,unknown
720575940634866586,central,unknown
720575940642337696,central,unknown
720575940655641505,optic,optic_lobe_intrinsic
720575940620153765,descending,unknown
720575940619269029,central,unknown
720575940613436327,central,unknown
720575940631425965,central,unknown
720575940636734382,central,unknown
720575940606391218,central,unknown
720575940626346938,optic,optic_lobe_intrinsic
720575940618220480,sensory_ascending,unknown_sensory
720575940618843073,sensory,mechanosensory
720575940620219329,central,unknown
720575940629754818,central,unknown
720575940629590981,sensory,mechanosensory
720575940627067847,central,unknown
720575940624413642,central,unknown
720575940615271377,optic,optic_lobe_intrinsic
720575940622185430,sensory,mechanosensory
720575940630246364,central,unknown
720575940622709725,optic,optic_lobe_intrinsic
720575940635816926,central,unknown
720575940636898270,descending,unknown
720575940612584419,central,unknown
720575940613632997,ascending,AN
720575940621726698,central,unknown
720575940623332331,central,unknown
720575940624544748,central,unknown
720575940627821553,sensory,mechanosensory
720575940620940276,sensory,mechanosensory
720575940640830453,central,ALLN
720575940635587576,central,unknown
720575940631327739,central,unknown
720575940626641916,central,unknown
720575940615500798,ascending,AN
720575940619072513,sensory,gustatory
720575940622021637,central,unknown
720575940621530117,descending,unknown
720575940620874757,central,unknown
720575940621333509,central,unknown
720575940608193545,sensory,mechanosensory
720575940607472649,central,unknown
720575940608029707,central,unknown
720575940615926796,ascending,AN
720575940623889421,central,LHCENT
720575940626805777,central,unknown
720575940629066770,central,unknown
720575940625691667,central,unknown
720575940626347027,central,unknown
720575940626510869,visual_projection,unknown
720575940625757205,central,unknown
720575940628706325,central,unknown
720575940611961878,central,unknown
720575940621497368,sensory,mechanosensory
720575940631622681,ascending,AN
720575940623135770,central,unknown
720575940617991195,central,unknown
720575940621169690,motor,brain_motor_neuron
720575940614026269,sensory,mechanosensory
720575940626117662,central,unknown
720575940632081439,sensory,mechanosensory
720575940632638495,central,unknown
720575940616614946,central,unknown
720575940645483555,sensory,mechanosensory
720575940623758377,ascending,AN
720575940632015914,central,unknown
720575940632736815,visual_centrifugal,unknown
720575940623791152,sensory,mechanosensory
720575940618056753,sensory,mechanosensory
720575940617663537,central,unknown
720575940630836280,central,unknown
720575940632900665,descending,unknown
720575940617303099,central,unknown
720575940638209085,central,unknown
720575940636111935,central,unknown
720575940620055617,sensory,mechanosensory
720575940630934595,central,unknown
720575940611077188,central,unknown
720575940618089541,central,unknown
720575940631196747,central,unknown
720575940630836305,central,unknown
720575940632835155,central,unknown
720575940618777684,central,unknown
720575940632048723,central,unknown
720575940637881432,central,unknown
720575940618482781,central,unknown
720575940620088414,central,unknown
720575940633031775,central,unknown
720575940634244191,central,unknown
720575940632376416,central,unknown
720575940610716770,sensory,mechanosensory
720575940625495140,central,unknown
720575940635489387,visual_projection,unknown
720575940636832879,central,unknown
720575940637783155,central,unknown
720575940637062263,optic,optic_lobe_intrinsic
720575940637291639,optic,optic_lobe_intrinsic
720575940649153657,central,unknown
720575940620842111,central,unknown
720575940621399174,descending,unknown
720575940621071495,descending,unknown
720575940623463562,central,unknown
720575940616713355,visual_projection,unknown
720575940614714514,central,unknown
720575940624675988,central,unknown
720575940612453526,sensory,mechanosensory
720575940614976662,ascending,AN
720575940614026390,central,unknown
720575940619105438,optic,optic_lobe_intrinsic
720575940642436256,central,unknown
720575940614190242,central,unknown
720575940639945891,optic,optic_lobe_intrinsic
720575940619728037,central,unknown
720575940621628582,descending,unknown
720575940612256938,sensory,unknown_sensory
720575940632704173,central,unknown
720575940604130481,central,unknown
720575940604982450,central,unknown
720575940606751922,central,ALLN
720575940622120118,optic,optic_lobe_intrinsic
720575940623168695,optic,optic_lobe_intrinsic
720575940618450105,visual_projection,unknown
720575940613698747,sensory,mechanosensory
720575940638471357,central,unknown
720575940620219585,central,unknown
720575940608455875,central,unknown
720575940628935877,central,unknown
720575940620743883,optic,optic_lobe_intrinsic
720575940622382285,sensory,mechanosensory
720575940632868051,descending,unknown
720575940609733845,optic,optic_lobe_intrinsic
720575940618646744,sensory,mechanosensory
720575940616287449,sensory,mechanosensory
720575940623234269,optic,optic_lobe_intrinsic
720575940604196064,central,unknown
720575940602885344,visual_centrifugal,unknown
720575940610979043,central,unknown
720575940610847973,central,unknown
720575940623824106,central,ALON
720575940625626348,optic,optic_lobe_intrinsic
720575940621202670,visual_projection,ocellar
720575940613403890,descending,unknown
720575940609799410,optic,optic_lobe_intrinsic
720575940640240885,sensory,mechanosensory
720575940630738171,sensory,olfactory
720575940617139457,central,unknown
720575940627854595,sensory,unknown_sensory
720575940627461380,sensory,mechanosensory
720575940627133702,central,unknown
720575940624905480,central,unknown
720575940614845708,central,unknown
720575940621202701,central,unknown
720575940623987982,central,unknown
720575940626052369,sensory,mechanosensory
720575940623037720,descending,unknown
720575940616615195,sensory,mechanosensory
720575940605703456,central,unknown
720575940631131436,central,unknown
720575940626674988,optic,optic_lobe_intrinsic
720575940609799470,central,unknown
720575940608390446,central,unknown
720575940625167664,central,unknown
720575940618876209,central,unknown
720575940619564342,optic,optic_lobe_intrinsic
720575940632737081,central,unknown
720575940614485307,sensory,mechanosensory
720575940616287547,central,unknown
720575940637586751,central,unknown
720575940622021953,central,unknown
720575940619138373,visual_projection,unknown
720575940631426375,optic,optic_lobe_intrinsic
720575940632311115,central,unknown
720575940622644556,optic,optic_lobe_intrinsic
720575940623463756,optic,optic_lobe_intrinsic
720575940628903247,sensory,mechanosensory
720575940617074004,sensory,mechanosensory
720575940619990357,central,unknown
720575940615894358,optic,optic_lobe_intrinsic
720575940607472988,central,unknown
720575940608161116,central,unknown
720575940608193884,central,ALIN
720575940621432158,optic,optic_lobe_intrinsic
720575940622054753,central,unknown
720575940622972259,central,unknown
720575940628641127,central,unknown
720575940631983464,central,unknown
720575940613469545,sensory,mechanosensory
720575940631295336,optic,optic_lobe_intrinsic
720575940614124906,visual_projection,unknown
720575940630607212,central,LHLN
720575940645352814,descending,unknown
720575940611863928,visual_centrifugal,unknown
720575940649809273,descending,unknown
720575940618089851,central,unknown
720575940617794939,central,unknown
720575940618483067,central,unknown
720575940626838909,central,unknown
720575940620252543,sensory,mechanosensory
720575940660229505,descending,unknown
720575940625724803,central,unknown
720575940618974599,central,unknown
720575940622448008,central,unknown
720575940628247945,central,unknown
720575940627723657,central,unknown
720575940641781133,descending,unknown
720575940636013966,sensory,mechanosensory
720575940634441102,central,unknown
720575940625102224,central,unknown
720575940636079502,visual_centrifugal,unknown
720575940622251411,central,unknown
720575940622546323,central,unknown
720575940623725972,central,unknown
720575940627002776,central,unknown
720575940629067163,central,unknown
720575940632409500,central,unknown
720575940619859365,central,unknown
720575940620711334,descending,unknown
720575940612093351,visual_projection,unknown
720575940627166632,central,unknown
720575940604425644,sensory,mechanosensory
720575940634015149,optic,optic_lobe_intrinsic
720575940620776880,descending,unknown
720575940623922615,central,unknown
720575940614682043,central,unknown
720575940626052540,central,unknown
720575940640175549,central,unknown
720575940624184764,central,unknown
720575940621694401,central,unknown
720575940629198279,central,unknown
720575940605277641,sensory,mechanosensory
720575940612060625,central,unknown
720575940629657047,central,unknown
720575940620285400,optic,optic_lobe_intrinsic
720575940609832410,central,unknown
720575940640601563,sensory,gustatory
720575940637160937,ascending,AN
720575940637062633,visual_projection,unknown
720575940625626604,optic,optic_lobe_intrinsic
720575940624152051,central,unknown
720575940621104628,central,unknown
720575940639159797,descending,unknown
720575940650169846,central,unknown
720575940633589240,central,unknown
720575940628444667,sensory,mechanosensory
720575940626576892,sensory,mechanosensory
720575940621923837,descending,unknown
720575940623300093,optic,optic_lobe_intrinsic
720575940625004034,central,unknown
720575940628149763,central,unknown
720575940622906887,central,unknown
720575940608292361,sensory,mechanosensory
720575940625167886,central,unknown
720575940632507919,optic,optic_lobe_intrinsic
720575940630902287,sensory,mechanosensory
720575940629263888,visual_centrifugal,unknown
720575940629427727,central,unknown
720575940631295506,ascending,AN
720575940623660558,sensory,gustatory
720575940619793940,sensory,gustatory
720575940627265040,central,unknown
720575940620842516,optic,optic_lobe_intrinsic
720575940644632087,central,unknown
720575940620383768,central,unknown
720575940628575765,optic,optic_lobe_intrinsic
720575940621301274,central,unknown
720575940622218778,visual_projection,unknown
720575940625856028,central,unknown
720575940604753437,sensory,mechanosensory
720575940617369117,central,unknown
720575940626445852,central,unknown
720575940645713443,central,unknown
720575940645451300,central,unknown
720575940624250405,central,unknown
720575940626052647,central,unknown
720575940630672938,central,unknown
720575940611372590,optic,optic_lobe_intrinsic
720575940625823280,central,unknown
720575940617106994,central,unknown
720575940644697652,central,unknown
720575940645418548,optic,optic_lobe_intrinsic
720575940632573496,optic,optic_lobe_intrinsic
720575940631164476,central,ALLN
720575940638078527,central,unknown
720575940614518338,central,unknown
720575940632376899,central,unknown
720575940631098947,central,unknown
720575940632835651,central,unknown
720575940632376907,central,unknown
720575940638733902,central,unknown
720575940618155600,central,unknown
720575940631852627,central,unknown
720575940615894614,central,unknown
720575940629034583,central,unknown
720575940640077400,optic,optic_lobe_intrinsic
720575940638602842,visual_projection,unknown
720575940620678750,central,unknown
720575940633130592,sensory,mechanosensory
720575940605277798,central,unknown
720575940629657192,central,unknown
720575940626675305,central,unknown
720575940611405425,central,unknown
720575940610356849,central,unknown
720575940640175731,optic,optic_lobe_intrinsic
720575940620678772,central,unknown
720575940630607478,central,unknown
720575940610258552,central,unknown
720575940610487928,central,unknown
720575940618483323,sensory,mechanosensory
720575940628117118,sensory,mechanosensory
720575940620252799,sensory,mechanosensory
720575940639454848,central,unknown
720575940629689982,central,unknown
720575940627166851,descending,unknown
720575940625331843,central,unknown
720575940617533067,visual_centrifugal,unknown
720575940623857300,central,unknown
720575940634048154,central,unknown
720575940632802972,sensory,mechanosensory
720575940618090141,optic,optic_lobe_intrinsic
720575940652562081,central,ALLN
720575940614682274,descending,unknown
720575940652922529,central,unknown
720575940633556644,central,unknown
720575940621334181,central,unknown
720575940604458668,central,unknown
720575940633884333,central,ALPN
720575940613142191,sensory,mechanosensory
720575940611864243,central,unknown
720575940634539700,central,unknown
720575940623431351,descending,unknown
720575940624774839,visual_projection,unknown
720575940616812217,central,unknown
720575940626085562,descending,unknown
720575940623791799,central,unknown
720575940622939836,visual_projection,unknown
720575940606621374,optic,optic_lobe_intrinsic
720575940633294527,sensory,mechanosensory
720575940629329602,central,unknown
720575940630247106,optic,optic_lobe_intrinsic
720575940631000773,ascending,AN
720575940626740938,central,unknown
720575940613764817,central,unknown
720575940613732049,central,unknown
720575940634343123,central,unknown
720575940631099091,central,unknown
720575940612323025,visual_projection,unknown
720575940617074393,descending,unknown
720575940632639202,central,unknown
720575940616845030,central,unknown
720575940624840423,visual_projection,unknown
720575940637095657,sensory,mechanosensory
720575940625692396,central,unknown
720575940627265265,sensory,gustatory
720575940612224754,central,unknown
720575940641552117,optic,optic_lobe_intrinsic
720575940653577974,visual_centrifugal,unknown
720575940630771449,central,unknown
720575940631623417,central,unknown
720575940631688955,central,unknown
720575940627265274,central,ALPN
720575940628215558,central,unknown
720575940628248326,central,unknown
720575940622939912,sensory,mechanosensory
720575940624447240,central,unknown
720575940628346634,visual_centrifugal,unknown
720575940606228233,central,unknown
720575940625463048,central,unknown
720575940629133071,central,unknown
720575940628510480,central,unknown
720575940626642705,central,unknown
720575940626741013,central,unknown
720575940633327385,central,unknown
720575940617500443,central,unknown
720575940624480028,central,unknown
720575940623169313,central,unknown
720575940624152359,central,unknown
720575940611700520,descending,unknown
720575940623038249,sensory,mechanosensory
720575940630509354,central,unknown
720575940627003179,descending,unknown
720575940631459629,sensory,mechanosensory
720575940608227118,central,unknown
720575940617303857,sensory,unknown_sensory
720575940616812342,central,unknown
720575940629952311,central,unknown
720575940616320822,optic,optic_lobe_intrinsic
720575940631721785,central,unknown
720575940626413370,central,unknown
720575940615567163,sensory,mechanosensory
720575940639094589,central,unknown
720575940625987390,central,unknown
720575940637062975,sensory,mechanosensory
720575940617467712,central,unknown
720575940625561406,central,unknown
720575940613535554,descending,unknown
720575940622186305,central,unknown
720575940608816964,central,unknown
720575940613502786,central,unknown
720575940628805448,central,unknown
720575940627101512,central,unknown
720575940630476619,optic,optic_lobe_intrinsic
720575940616320852,central,unknown
720575940617303892,central,unknown
720575940640536408,central,unknown
720575940637128538,sensory,mechanosensory
720575940621399899,central,unknown
720575940638013274,descending,unknown
720575940615894877,central,unknown
720575940620842846,central,unknown
720575940621170526,central,unknown
720575940621203297,optic,optic_lobe_intrinsic
720575940610652002,central,unknown
720575940627068772,visual_centrifugal,unknown
720575940625102692,central,unknown
720575940636047205,central,unknown
720575940614059882,central,unknown
720575940630050668,sensory,mechanosensory
720575940629985132,central,unknown
720575940638668659,central,unknown
720575940650006393,central,unknown
720575940647516025,ascending,AN
720575940630607738,descending,unknown
720575940621825916,central,unknown
720575940628182910,central,unknown
720575940661114753,central,ALPN
720575940619663239,sensory,mechanosensory
720575940621793160,central,unknown
720575940626544521,central,unknown
720575940615370635,central,unknown
720575940630607756,sensory,mechanosensory
720575940616353675,descending,unknown
720575940615698315,central,unknown
720575940623759248,central,unknown
720575940623529875,sensory,mechanosensory
720575940623267732,sensory,mechanosensory
720575940623431571,descending,unknown
720575940626118552,central,unknown
720575940610979737,central,unknown
720575940618876830,descending,unknown
720575940614715295,sensory,mechanosensory
720575940614518690,central,unknown
720575940630214564,central,unknown
720575940626839464,sensory,mechanosensory
720575940618713003,central,unknown
720575940621268907,visual_projection,unknown
720575940635981742,central,unknown
720575940613175215,ascending,AN
720575940604524465,sensory,mechanosensory
720575940604852146,sensory,gustatory
720575940612159411,central,unknown
720575940635031476,central,unknown
720575940623497141,central,unknown
720575940622219190,central,unknown
720575940625037239,optic,optic_lobe_intrinsic
720575940621563841,visual_projection,ocellar
720575940627691458,descending,unknown
720575940642666440,endocrine,pars_lateralis
720575940606425033,descending,unknown
720575940632180684,central,unknown
720575940623136717,central,ALLN
720575940622448589,central,ALPN
720575940629460943,central,unknown
720575940612487118,central,unknown
720575940633294796,central,ALLN
720575940616943572,ascending,AN
720575940607178709,descending,unknown
720575940623366102,central,ALIN
720575940634605531,sensory,mechanosensory
720575940630181852,central,unknown
720575940636669918,central,unknown
720575940637587422,central,unknown
720575940631328738,central,unknown
720575940637030372,central,unknown
720575940609996773,central,unknown
720575940624840679,central,unknown
720575940628445169,descending,unknown
720575940612093938,central,unknown
720575940625070067,sensory,mechanosensory
720575940625987571,central,unknown
720575940653185014,visual_projection,unknown
720575940629428215,descending,unknown
720575940630018039,central,unknown
720575940629460986,ascending,AN
720575940631328763,central,unknown
720575940630247418,central,unknown
720575940623988733,central,unknown
720575940629886971,central,unknown
720575940618680321,optic,optic_lobe_intrinsic
720575940628379651,central,unknown
720575940624054280,central,unknown
720575940627888144,central,unknown
720575940626774037,central,unknown
720575940620744728,sensory,mechanosensory
720575940602132509,sensory,mechanosensory
720575940616910882,central,unknown
720575940643846180,central,unknown
720575940630280234,central,unknown
720575940626708523,central,unknown
720575940632016943,sensory,mechanosensory
720575940632410159,optic,optic_lobe_intrinsic
720575940614092851,central,unknown
720575940629592119,central,unknown
720575940631918649,central,unknown
720575940618188859,central,unknown
720575940615239746,sensory,mechanosensory
720575940624021577,central,unknown
720575940623333449,central,unknown
720575940630673483,central,unknown
720575940622415948,central,unknown
720575940630313035,central,unknown
720575940638668878,central,unknown
720575940631459923,central,unknown
720575940615043158,optic,optic_lobe_intrinsic
720575940633589855,central,unknown
720575940604852326,central,unknown
720575940612585577,sensory,mechanosensory
720575940615108714,descending,unknown
720575940629035116,sensory,mechanosensory
720575940628871276,visual_centrifugal,unknown
720575940611602552,central,unknown
720575940649154681,central,ALLN
720575940621662332,central,unknown
720575940626675837,central,ALPN
720575940630214782,central,unknown
720575940621498495,central,unknown
720575940638111872,central,unknown
720575940626741379,central,unknown
720575940623333514,central,unknown
720575940623693962,optic,optic_lobe_intrinsic
720575940622284947,central,unknown
720575940624087187,optic,optic_lobe_intrinsic
720575940615043222,descending,unknown
720575940611242137,central,unknown
720575940633458842,sensory,mechanosensory
720575940630247579,visual_projection,unknown
720575940643551392,central,unknown
720575940630640804,central,unknown
720575940631787693,central,unknown
720575940621203632,central,ALPN
720575940621531312,sensory,olfactory
720575940636571828,central,unknown
720575940626348218,central,unknown
720575940623956156,central,unknown
720575940619139264,central,unknown
720575940628936898,central,unknown
720575940644239560,optic,optic_lobe_intrinsic
720575940624611530,central,unknown
720575940620351691,central,unknown
720575940610357458,central,unknown
720575940632475859,sensory,mechanosensory
720575940628445399,central,unknown
720575940633524443,sensory,mechanosensory
720575940637849822,central,unknown
720575940636539102,visual_projection,unknown
720575940631001314,central,unknown
720575940634638562,optic,optic_lobe_intrinsic
720575940637751524,central,unknown
720575940611569893,optic,optic_lobe_intrinsic
720575940623988971,sensory,mechanosensory
720575940620450031,central,unknown
720575940611504370,central,unknown
720575940624283891,sensory,mechanosensory
720575940624087283,central,unknown
720575940624906483,central,unknown
720575940636047608,optic,optic_lobe_intrinsic
720575940628740346,sensory,mechanosensory
720575940624283901,optic,optic_lobe_intrinsic
720575940613798142,central,unknown
720575940622579967,descending,unknown
720575940624251135,central,unknown
720575940618942721,ascending,AN
720575940621957381,central,unknown
720575940608293129,central,ALPN
720575940626348298,central,unknown
720575940608227595,sensory,mechanosensory
720575940607703307,central,unknown
720575940607899913,central,unknown
720575940626217226,sensory,gustatory
720575940626086158,central,ALPN
720575940621367572,central,unknown
720575940626315541,visual_projection,unknown
720575940618156315,sensory,mechanosensory
720575940627167516,descending,unknown
720575940618942747,central,unknown
720575940626217244,central,unknown
720575940623956263,sensory,mechanosensory
720575940615043368,descending,unknown
720575940624283945,central,unknown
720575940629428522,central,unknown
720575940629821740,central,unknown
720575940630149420,visual_projection,unknown
720575940626741552,central,ALLN
720575940647024948,central,unknown
720575940628543799,central,unknown
720575940629920056,central,unknown
720575940629854521,central,unknown
720575940628412732,central,unknown
720575940638865725,central,unknown
720575940624677182,sensory,mechanosensory
720575940627036478,optic,optic_lobe_intrinsic
720575940617140544,central,unknown
720575940621891905,central,unknown
720575940618058048,central,unknown
720575940615076162,central,unknown
720575940623202633,ascending,AN
720575940627396943,sensory,mechanosensory
720575940627167567,optic,optic_lobe_intrinsic
720575940618451285,sensory,mechanosensory
720575940632934751,descending,unknown
720575940633688416,central,unknown
720575940622055777,central,unknown
720575940610357602,central,unknown
720575940636080479,central,unknown
720575940622547299,visual_centrifugal,unknown
720575940636768613,sensory,mechanosensory
720575940637587813,central,unknown
720575940605704550,central,unknown
720575940630968680,central,unknown
720575940611930481,central,unknown
720575940612422002,sensory,mechanosensory
720575940609341809,visual_centrifugal,unknown
720575940640438643,visual_projection,unknown
720575940616419701,central,unknown
720575940617140597,descending,unknown
720575940634900855,central,unknown
720575940619925887,central,unknown
720575940637718912,central,unknown
720575940657445249,sensory,mechanosensory
720575940659476865,central,unknown
720575940639553920,descending,unknown
720575940605114754,central,unknown
720575940637948288,central,unknown
720575940619630982,sensory,mechanosensory
720575940619729286,central,unknown
720575940626250115,optic,optic_lobe_intrinsic
720575940623530378,central,unknown
720575940623333770,visual_projection,unknown
720575940630706572,central,unknown
720575940636735886,optic,optic_lobe_intrinsic
720575940634474894,central,unknown
720575940614912402,optic,optic_lobe_intrinsic
720575940612487574,sensory_ascending,unknown_sensory
720575940633590167,central,unknown
720575940633328026,central,unknown
720575940618516894,central,unknown
720575940618254750,visual_projection,unknown
720575940615305634,central,unknown
720575940621007270,optic,optic_lobe_intrinsic
720575940621564329,visual_centrifugal,unknown
720575940610259370,sensory,gustatory
720575940618189227,central,unknown
720575940633065901,central,unknown
720575940613929391,descending,unknown
720575940606425522,central,unknown
720575940607375794,ascending,AN
720575940610718131,central,unknown
720575940623497653,ascending,AN
720575940616878523,central,unknown
720575940623137212,descending,unknown
720575940638603709,central,unknown
720575940604099006,central,unknown
720575940620122561,ascending,AN
720575940629461442,descending,unknown
720575940610423235,central,unknown
720575940628838850,central,unknown
720575940631558597,ascending,AN
720575940610161091,central,ALLN
720575940629428674,optic,optic_lobe_intrinsic
720575940643355080,optic,optic_lobe_intrinsic
720575940621040065,optic,optic_lobe_intrinsic
720575940612258254,optic,optic_lobe_intrinsic
720575940632803795,central,unknown
720575940629428695,central,unknown
720575940611439066,central,unknown
720575940642666971,central,unknown
720575940641585627,central,unknown
720575940623563229,central,unknown
720575940638636510,optic,optic_lobe_intrinsic
720575940642142683,optic,optic_lobe_intrinsic
720575940631984610,central,unknown
720575940633328098,central,unknown
720575940627069416,visual_projection,unknown
720575940639193577,central,unknown
720575940624710122,central,unknown
720575940611897837,central,unknown
720575940620745200,central,unknown
720575940628478449,central,unknown
720575940622744048,optic,optic_lobe_intrinsic
720575940638636533,sensory,mechanosensory
720575940653480438,central,unknown
720575940629592567,central,unknown
720575940622612989,sensory,mechanosensory
720575940623825405,central,unknown
720575940628969984,sensory,mechanosensory
720575940622318085,visual_projection,ocellar
720575940624054792,central,unknown
720575940623792648,central,ALLN
720575940628642320,central,unknown
720575940626840081,central,unknown
720575940627429907,central,unknown
720575940619270676,visual_centrifugal,unknown
720575940622154266,central,unknown
720575940617828893,central,unknown
720575940631263775,central,unknown
720575940621761057,central,LHLN
720575940621957670,central,unknown
720575940628314667,central,unknown
720575940629559851,optic,optic_lobe_intrinsic
720575940632377913,visual_projection,ocellar
720575940631231033,optic,optic_lobe_intrinsic
720575940624349758,central,unknown
720575940637030975,sensory,mechanosensory
720575940618615360,central,ALPN
720575940639226431,optic,optic_lobe_intrinsic
720575940632836675,descending,unknown
720575940627102280,central,unknown
720575940627036746,sensory,gustatory
720575940623333964,central,unknown
720575940629101135,optic,optic_lobe_intrinsic
720575940637293146,central,unknown
720575940619696731,central,unknown
720575940618877531,central,unknown
720575940615436893,central,unknown
720575940620155489,central,unknown
720575940609014370,central,unknown
720575940610357858,optic,optic_lobe_intrinsic
720575940631394920,central,unknown
720575940634704491,central,unknown
720575940629985900,sensory,mechanosensory
720575940611242609,central,unknown
720575940638440051,central,unknown
720575940639390323,central,unknown
720575940615010933,sensory,mechanosensory
720575940617337461,central,unknown
720575940630674038,central,unknown
720575940616551029,central,unknown
720575940650760825,sensory,unknown_sensory
720575940629985910,optic,optic_lobe_intrinsic
720575940630772350,central,unknown
720575940621335167,central,unknown
720575940625988227,central,unknown
720575940628413061,central,unknown
720575940622416520,central,unknown
720575940626184848,optic,optic_lobe_intrinsic
720575940618156689,central,unknown
720575940613241490,sensory,mechanosensory
720575940614093458,central,unknown
720575940611308181,descending,unknown
720575940612029081,sensory,mechanosensory
720575940613307033,descending,unknown
720575940632803996,sensory,mechanosensory
720575940617239197,sensory,gustatory
720575940612586151,descending,unknown
720575940620155561,central,unknown
720575940625005239,central,unknown
720575940616583865,central,unknown
720575940603804350,central,unknown
720575940618517185,optic,optic_lobe_intrinsic
720575940619434689,sensory,olfactory
720575940607539907,central,ALPN
720575940615568070,central,unknown
720575940623956682,central,unknown
720575940619729611,optic,optic_lobe_intrinsic
720575940632410828,central,unknown
720575940620417739,optic,optic_lobe_intrinsic
720575940610292430,central,ALPN
720575940610456270,central,unknown
720575940626741962,central,unknown
720575940632476371,central,unknown
720575940615830228,optic,optic_lobe_intrinsic
720575940609768149,central,unknown
720575940606687957,central,unknown
720575940615469785,sensory,mechanosensory
720575940612881114,central,unknown
720575940630969051,sensory,mechanosensory
720575940613339875,descending,unknown
720575940638046948,central,unknown
720575940611308261,sensory,mechanosensory
720575940613470947,visual_projection,unknown
720575940624382695,central,unknown
720575940625038059,optic,optic_lobe_intrinsic
720575940622449388,sensory,mechanosensory
720575940620778223,central,unknown
720575940610423538,central,ALPN
720575940620909300,central,unknown
720575940631231225,optic,optic_lobe_intrinsic
720575940622678781,central,unknown
720575940629428992,central,unknown
720575940626545410,ascending,AN
720575940623072013,visual_centrifugal,unknown
720575940628642576,central,unknown
720575940628478736,central,unknown
720575940625890067,sensory,mechanosensory
720575940626053907,central,unknown
720575940618025748,visual_projection,unknown
720575940626938645,central,unknown
720575940614060829,sensory,mechanosensory
720575940618156829,descending,unknown
720575940632640287,central,unknown
720575940644666148,central,unknown
720575940625136421,central,unknown
720575940625791783,optic,optic_lobe_intrinsic
720575940624349993,descending,unknown
720575940626774827,central,unknown
720575940617009970,central,unknown
720575940644993844,central,unknown
720575940619991862,optic,optic_lobe_intrinsic
720575940616420150,central,unknown
720575940628446010,central,unknown
720575940616026939,descending,unknown
720575940638243645,sensory,mechanosensory
720575940630870851,sensory,mechanosensory
720575940630772547,central,unknown
720575940630575943,central,unknown
720575940626873160,central,unknown
720575940631526215,central,ALLN
720575940628020042,sensory,mechanosensory
720575940621728588,sensory,mechanosensory
720575940626774863,central,unknown
720575940632836947,central,unknown
720575940631264083,central,unknown
720575940630870871,central,unknown
720575940611734370,central,unknown
720575940628478823,central,unknown
720575940628675433,central,ALIN
720575940613864298,optic,optic_lobe_intrinsic
720575940636343147,central,LHCENT
720575940642962286,central,ALPN
720575940610849649,sensory,mechanosensory
720575940613667698,central,unknown
720575940620581748,central,unknown
720575940621302644,central,unknown
720575940620483444,central,unknown
720575940615961461,central,unknown
720575940649581433,central,unknown
720575940627463043,central,unknown
720575940624219011,central,unknown
720575940634508174,central,unknown
720575940610522009,visual_projection,unknown
720575940634606490,central,unknown
720575940620057502,sensory,mechanosensory
720575940654070689,sensory,mechanosensory
720575940654562209,sensory,mechanosensory
720575940637424547,descending,unknown
720575940619729835,sensory,mechanosensory
720575940618058667,central,unknown
720575940633787309,central,unknown
720575940606852018,central,unknown
720575940612422579,sensory,gustatory
720575940626086842,central,unknown
720575940637850557,sensory,mechanosensory
720575940634835903,central,unknown
720575940620975040,central,unknown
720575940610522051,central,unknown
720575940609407939,descending,unknown
720575940605443017,central,unknown
720575940605115337,central,unknown
720575940623956941,central,unknown
720575940609244110,ascending,AN
720575940629658583,central,unknown
720575940636147704,optic,optic_lobe_intrinsic
720575940637686750,central,unknown
720575940615666655,descending,unknown
720575940632968161,sensory,mechanosensory
720575940632574946,descending,unknown
720575940627594216,optic,optic_lobe_intrinsic
720575940623629292,sensory,gustatory
720575940619697134,sensory,unknown_sensory
720575940621401072,sensory,mechanosensory
720575940623858675,central,unknown
720575940621171700,sensory,mechanosensory
720575940652104694,descending,unknown
720575940631362553,optic,optic_lobe_intrinsic
720575940624710653,central,unknown
720575940622416903,sensory,mechanosensory
720575940622318599,central,unknown
720575940626742288,central,unknown
720575940627692565,central,unknown
720575940627659797,central,unknown
720575940633984025,central,unknown
720575940620057626,visual_projection,unknown
720575940621270042,central,unknown
720575940624874524,sensory,mechanosensory
720575940623137818,motor,brain_motor_neuron
720575940627299358,optic,optic_lobe_intrinsic
720575940644928547,central,unknown
720575940622810153,motor,brain_motor_neuron
720575940627332139,sensory,mechanosensory
720575940627004459,central,unknown
720575940625333292,optic,optic_lobe_intrinsic
720575940617010226,central,unknown
720575940639194165,central,unknown
720575940618157110,central,unknown
720575940631034936,sensory,mechanosensory
720575940626381882,central,unknown
720575940630182972,central,unknown
720575940624186430,central,unknown
720575940630641731,central,unknown
720575940631821379,central,unknown
720575940609834052,central,unknown
720575940631067719,central,unknown
720575940631624785,central,unknown
720575940632804435,central,unknown
720575940627725401,optic,optic_lobe_intrinsic
720575940606753884,descending,unknown
720575940621171806,visual_projection,unknown
720575940628315232,sensory,mechanosensory
720575940621040737,central,DAN
720575940610522210,ascending,AN
720575940622122083,central,unknown
720575940626119780,central,unknown
720575940634606693,central,unknown
720575940635425893,sensory,gustatory
720575940604722278,central,unknown
720575940629757036,descending,unknown
720575940630346860,descending,unknown
720575940628577388,central,unknown
720575940636998768,central,unknown
720575940637949040,visual_centrifugal,unknown
720575940616649845,descending,unknown
720575940615961717,optic,optic_lobe_intrinsic
720575940635229303,central,unknown
720575940622056572,optic,optic_lobe_intrinsic
720575940658297985,central,unknown
720575940646763652,central,unknown
720575940621401222,descending,unknown
720575940626185353,central,unknown
720575940634999950,optic,optic_lobe_intrinsic
720575940627790991,descending,unknown
720575940623891600,central,unknown
720575940625988751,central,unknown
720575940628216975,visual_centrifugal,unknown
720575940612488341,descending,unknown
720575940626971803,central,unknown
720575940628118683,central,unknown
720575940620057758,central,LHCENT
720575940643290272,visual_centrifugal,unknown
720575940611439786,central,unknown
720575940605344945,central,unknown
720575940634115252,sensory,mechanosensory
720575940623957173,central,unknown
720575940633328831,central,unknown
720575940619762880,central,unknown
720575940621761729,central,unknown
720575940630609090,central,unknown
720575940622712004,visual_projection,unknown
720575940631985349,visual_centrifugal,unknown
720575940628839623,visual_centrifugal,unknown
720575940643912904,central,unknown
720575940620516555,visual_centrifugal,unknown
720575940632607948,central,unknown
720575940623137997,central,ALLN
720575940611538126,central,unknown
720575940623432918,central,unknown
720575940619369688,central,unknown
720575940612062426,central,ALPN
720575940631067868,visual_centrifugal,unknown
720575940634180833,visual_projection,ocellar
720575940633165025,central,ALPN
720575940612717795,central,unknown
720575940638244068,optic,optic_lobe_intrinsic
720575940638801124,optic,optic_lobe_intrinsic
720575940617403622,motor,brain_motor_neuron
720575940611177701,central,unknown
720575940638113001,central,LHLN
720575940624186602,sensory,mechanosensory
720575940622351595,central,unknown
720575940635688169,central,unknown
720575940636703977,visual_projection,unknown
720575940619173104,central,unknown
720575940620451056,central,unknown
720575940625988851,central,unknown
720575940630609146,optic,optic_lobe_intrinsic
720575940628970748,central,unknown
720575940621532413,sensory,mechanosensory
720575940607081737,central,unknown
720575940607737099,sensory,gustatory
720575940608425227,central,unknown
720575940632509711,central,unknown
720575940627234069,descending,unknown
720575940611505430,central,unknown
720575940616256795,central,unknown
720575940615798045,central,unknown
720575940631592223,central,unknown
720575940603903264,central,unknown
720575940644666660,descending,unknown
720575940614716712,optic,optic_lobe_intrinsic
720575940629921067,central,unknown
720575940625595696,central,unknown
720575940620156209,central,unknown
720575940626316602,sensory,mechanosensory
720575940617305403,central,unknown
720575940629396796,sensory,mechanosensory
720575940639259967,sensory,gustatory
720575940617665856,sensory,mechanosensory
720575940615503170,central,unknown
720575940610489668,optic,optic_lobe_intrinsic
720575940631788871,sensory,mechanosensory
720575940626120008,central,unknown
720575940625202505,ascending,AN
720575940624121161,descending,unknown
720575940629921099,central,unknown
720575940620189004,ascending,AN
720575940615863638,central,unknown
720575940639227224,central,unknown
720575940627529049,optic,optic_lobe_intrinsic
720575940635950426,central,unknown
720575940619107675,sensory,mechanosensory
720575940621827419,central,unknown
720575940637031770,central,unknown
720575940623039838,central,unknown
720575940636507493,central,unknown
720575940604984678,central,unknown
720575940631919976,central,unknown
720575940626677097,central,unknown
720575940614520170,central,unknown
720575940628348265,central,unknown
720575940616224117,sensory,mechanosensory
720575940630183286,central,ALLN
720575940629822842,central,unknown
720575940618648955,central,unknown
720575940623007100,visual_centrifugal,unknown
720575940620156283,descending,unknown
720575940640537984,optic,optic_lobe_intrinsic
720575940617993607,descending,unknown
720575940623203720,optic,optic_lobe_intrinsic
720575940642897293,central,unknown
720575940641553805,central,unknown
720575940640046477,central,unknown
720575940626906512,central,unknown
720575940615503249,central,unknown
720575940612193682,central,unknown
720575940633165207,sensory,mechanosensory
720575940626972056,central,unknown
720575940635229591,central,unknown
720575940635032986,sensory,mechanosensory
720575940634377626,central,unknown
720575940629167515,central,unknown
720575940610588057,central,unknown
720575940634181020,central,unknown
720575940642897312,sensory,mechanosensory
720575940643683744,ascending,AN
720575940613078434,central,unknown
720575940613045666,central,unknown
720575940639161763,central,unknown
720575940613668266,central,unknown
720575940637097390,optic,optic_lobe_intrinsic
720575940622581173,central,unknown
720575940616453563,optic,optic_lobe_intrinsic
720575940624448956,descending,unknown
720575940638637501,descending,unknown
720575940638604733,central,unknown
720575940639686077,optic,optic_lobe_intrinsic
720575940619042240,central,unknown
720575940629560770,central,unknown
720575940615011782,central,unknown
720575940630445519,central,unknown
720575940631494099,central,unknown
720575940618321364,central,unknown
720575940618812888,central,unknown
720575940611735002,descending,unknown
720575940623203805,central,unknown
720575940614815199,central,unknown
720575940605607392,central,unknown
720575940611046885,central,unknown
720575940626447848,visual_projection,unknown
720575940623334891,sensory,mechanosensory
720575940623465963,central,unknown
720575940612357618,central,unknown
720575940610981362,sensory,gustatory
720575940620287476,central,unknown
720575940635590136,central,unknown
720575940629986816,central,unknown
720575940616420865,central,unknown
720575940626284036,sensory,gustatory
720575940624743946,central,unknown
720575940624875018,central,unknown
720575940630543887,central,unknown
720575940629888530,central,unknown
720575940631756306,optic,optic_lobe_intrinsic
720575940613799446,optic,optic_lobe_intrinsic
720575940634148377,optic,optic_lobe_intrinsic
720575940621368858,central,unknown
720575940622155290,ascending,AN
720575940621762081,central,ALPN
720575940618059298,optic,optic_lobe_intrinsic
720575940644666916,ascending,AN
720575940612423208,central,unknown
720575940621532713,visual_centrifugal,unknown
720575940627201579,central,unknown
720575940629855787,visual_centrifugal,unknown
720575940610063918,central,unknown
720575940644535860,central,unknown
720575940632968760,central,unknown
720575940614618683,central,ALLN
720575940638670397,central,unknown
720575940618255936,sensory,mechanosensory
720575940625890888,descending,unknown
720575940630707795,central,unknown
720575940632706643,central,unknown
720575940632018515,central,unknown
720575940614454870,sensory,mechanosensory
720575940628119127,central,unknown
720575940631985751,central,unknown
720575940631821911,optic,optic_lobe_intrinsic
720575940636933722,descending,unknown
720575940623040094,central,unknown
720575940635131488,central,unknown
720575940622057057,visual_centrifugal,unknown
720575940632575584,central,unknown
720575940610621026,central,unknown
720575940620779105,central,unknown
720575940636704357,central,unknown
720575940628577897,descending,unknown
720575940620254829,sensory,mechanosensory
720575940643487342,descending,unknown
720575940634508911,sensory,mechanosensory
720575940637687408,optic,optic_lobe_intrinsic
720575940610981489,central,unknown
720575940609343089,visual_centrifugal,unknown
720575940638604915,central,unknown
720575940636999280,central,unknown
720575940614913653,central,unknown
720575940614618741,central,unknown
720575940611210872,visual_projection,unknown
720575940619042427,central,unknown
720575940622351996,descending,unknown
720575940623498876,descending,unknown
720575940626022013,central,unknown
720575940621434495,sensory,mechanosensory
720575940607180418,optic,optic_lobe_intrinsic
720575940619075207,sensory,mechanosensory
720575940619435655,central,unknown
720575940617797259,visual_projection,unknown
720575940633165452,descending,unknown
720575940630118028,central,unknown
720575940635917966,central,unknown
720575940624023188,central,unknown
720575940626480792,optic,optic_lobe_intrinsic
720575940612554393,central,unknown
720575940613635737,central,unknown
720575940628709019,central,unknown
720575940635360924,motor,brain_motor_neuron
720575940619173534,central,unknown
720575940620091038,central,unknown
720575940644306592,visual_centrifugal,unknown
720575940619370155,visual_projection,unknown
720575940632084141,central,unknown
720575940622515895,central,unknown
720575940626022074,central,DAN
720575940615634619,sensory,mechanosensory
720575940624481980,central,unknown
720575940604624574,central,ALPN
720575940634115775,central,unknown
720575940618911425,sensory,mechanosensory
720575940630052546,central,unknown
720575940607672003,central,unknown
720575940615798470,descending,unknown
720575940626644679,sensory,mechanosensory
720575940626349767,optic,optic_lobe_intrinsic
720575940631559884,sensory,mechanosensory
720575940633198284,central,unknown
720575940610358990,central,unknown
720575940612488910,central,unknown
720575940630675151,central,unknown
720575940631035603,descending,unknown
720575940616748756,central,unknown
720575940634640091,sensory,mechanosensory
720575940622155485,optic,optic_lobe_intrinsic
720575940636737246,central,unknown
720575940604165856,central,unknown
720575940605411040,optic,optic_lobe_intrinsic
720575940621696747,central,ALPN
720575940614291181,ascending,AN
720575940620746478,central,unknown
720575940627758833,ascending,AN
720575940613144306,optic,optic_lobe_intrinsic
720575940624842483,optic,optic_lobe_intrinsic
720575940630904567,central,unknown
720575940630773495,central,unknown
720575940630806267,sensory,unknown_sensory
720575940629692155,central,unknown
720575940629004035,central,unknown
720575940607639307,optic,optic_lobe_intrinsic
720575940624482062,central,unknown
720575940620353300,central,unknown
720575940620025620,motor,brain_motor_neuron
720575940611899158,sensory,mechanosensory
720575940617797405,central,unknown
720575940605411104,central,unknown
720575940624449318,central,unknown
720575940613504808,sensory,mechanosensory
720575940615700274,sensory,mechanosensory
720575940637687605,central,unknown
720575940638244661,central,unknown
720575940630773560,central,unknown
720575940628840252,central,unknown
720575940638965567,central,unknown
720575940621172545,sensory,mechanosensory
720575940631625539,central,unknown
720575940619435845,optic,optic_lobe_intrinsic
720575940637130566,central,unknown
720575940623564617,central,unknown
720575940622417737,central,unknown
720575940625399629,central,unknown
720575940634017619,central,unknown
720575940633984851,central,unknown
720575940637982552,central,unknown
720575940626939737,motor,brain_motor_neuron
720575940620156763,sensory,mechanosensory
720575940622155619,sensory,mechanosensory
720575940604690278,central,unknown
720575940632772456,visual_projection,unknown
720575940628676457,central,unknown
720575940614061930,central,unknown
720575940635197291,ascending,AN
720575940645093230,central,unknown
720575940637851504,central,unknown
720575940612620145,optic,optic_lobe_intrinsic
720575940612161394,central,unknown
720575940623499132,optic,optic_lobe_intrinsic
720575940629004158,sensory,mechanosensory
720575940659019649,central,unknown
720575940625727369,sensory,mechanosensory
720575940632936332,central,unknown
720575940636671886,descending,unknown
720575940625006480,central,unknown
720575940611473301,sensory,mechanosensory
720575940626972568,central,unknown
720575940611473305,central,unknown
720575940628742043,sensory,mechanosensory
720575940614881183,central,unknown
720575940630937508,sensory,mechanosensory
720575940605214636,central,unknown
720575940631461805,sensory,mechanosensory
720575940612947887,optic,optic_lobe_intrinsic
720575940606656434,sensory,mechanosensory
720575940610293683,central,unknown
720575940612292531,central,unknown
720575940623925173,descending,unknown
720575940635492276,central,unknown
720575940615274425,sensory,gustatory
720575940616421307,optic,optic_lobe_intrinsic
720575940635754431,central,unknown
720575940608524224,sensory,mechanosensory
720575940619403201,central,unknown
720575940607541187,central,unknown
720575940622712772,central,unknown
720575940631723973,visual_projection,unknown
720575940622581709,sensory,mechanosensory
720575940630085583,descending,unknown
720575940613078993,sensory,mechanosensory
720575940611145682,optic,optic_lobe_intrinsic
720575940608098261,visual_centrifugal,unknown
720575940611735514,descending,unknown
720575940630544348,central,unknown
720575940621729757,sensory,mechanosensory
720575940633722849,central,unknown
720575940625563623,central,unknown
720575940627562472,sensory,mechanosensory
720575940623663084,central,unknown
720575940624154604,descending,unknown
720575940620124143,central,unknown
720575940610719730,sensory,mechanosensory
720575940624023539,central,unknown
720575940622942196,central,unknown
720575940611145714,central,unknown
720575940651646966,central,unknown
720575940621828084,central,unknown
720575940635295736,central,unknown
720575940629594106,central,unknown
720575940623433725,central,unknown
720575940621008895,sensory,gustatory
